,Open,High,Low,Close,Adj Close,Volume
2010-01-01,138.0,138.82,137.18,138.0,138.0,11427632
2010-01-04,139.96,140.75,137.78,139.27,139.27,7506348
2010-01-05,139.13,139.58,137.68,138.63,138.63,6125664
2010-01-06,137.13,138.11,134.74,136.42,136.42,2650680
2010-01-07,138.03,139.29,136.63,137.96,137.96,4344768
2010-01-08,139.98,141.24,138.03,139.64,139.64,7738750
2010-01-11,141.93,142.7,140.55,141.62,141.62,2941099
2010-01-12,138.42,139.43,137.54,138.49,138.49,4555120
2010-01-13,141.75,142.59,139.41,141.0,141.0,9892182
2010-01-14,147.16,149.42,146.59,148.0,148.0,8148717
2010-01-15,148.32,149.37,146.25,147.81,147.81,2680300
2010-01-18,144.66,145.77,143.52,144.65,144.65,3391247
2010-01-19,143.46,144.63,143.09,143.86,143.86,3993820
2010-01-20,140.29,141.17,138.76,139.97,139.97,5710991
2010-01-21,138.91,141.47,137.7,139.59,139.59,6369604
2010-01-22,137.96,140.45,136.95,138.7,138.7,5028857
2010-01-25,140.05,141.19,139.0,140.09,140.09,4880936
2010-01-26,140.43,140.5,140.26,140.38,140.38,5074822
2010-01-27,136.28,138.79,135.51,137.15,137.15,4587325
2010-01-28,134.65,136.15,134.26,135.2,135.2,4081948
2010-01-29,135.44,136.38,134.64,135.51,135.51,3521766
2010-02-01,132.76,133.81,131.93,132.87,132.87,10349340
2010-02-02,130.09,131.1,129.32,130.21,130.21,4043841
2010-02-03,134.53,136.04,133.28,134.66,134.66,7744441
2010-02-04,133.09,134.82,132.17,133.5,133.5,4508937
2010-02-05,131.58,133.47,130.53,132.0,132.0,5968546
2010-02-08,131.22,131.63,130.36,131.0,131.0,5815210
2010-02-09,135.16,136.07,133.51,134.79,134.79,3807185
2010-02-10,134.42,135.34,133.76,134.55,134.55,4130065
2010-02-11,130.0,131.06,127.98,129.52,129.52,2309680
2010-02-12,131.64,132.69,130.92,131.81,131.81,6807526
2010-02-15,132.53,133.05,130.87,131.96,131.96,8915573
2010-02-16,132.63,135.42,131.91,133.66,133.66,5170793
2010-02-17,131.4,132.83,130.98,131.9,131.9,6509514
2010-02-18,130.61,131.13,129.18,130.15,130.15,5302719
2010-02-19,129.0,129.65,128.47,129.06,129.06,3719434
2010-02-22,126.77,128.98,126.11,127.55,127.55,3193578
2010-02-23,129.27,130.02,127.72,128.87,128.87,4070725
2010-02-24,126.3,127.45,125.75,126.6,126.6,4527814
2010-02-25,129.4,130.06,127.96,129.01,129.01,6396831
2010-02-26,131.81,134.41,130.99,132.7,132.7,3700389
2010-03-01,133.05,133.71,131.92,132.82,132.82,4957099
2010-03-02,135.04,136.77,133.33,135.05,135.05,9076941
2010-03-03,135.43,137.71,134.46,136.08,136.08,2651122
2010-03-04,134.42,135.29,132.76,134.03,134.03,2908943
2010-03-05,130.77,131.08,130.07,130.57,130.57,6426363
2010-03-08,128.46,129.1,127.61,128.35,128.35,5744819
2010-03-09,129.4,130.22,127.59,128.9,128.9,3347640
2010-03-10,129.75,130.0,128.95,129.47,129.47,8304794
2010-03-11,131.75,132.12,131.18,131.65,131.65,6493617
2010-03-12,131.14,131.61,130.0,130.81,130.81,7218643
2010-03-15,130.63,131.95,129.9,130.92,130.92,5699364
2010-03-16,132.91,133.46,131.66,132.56,132.56,3959376
2010-03-17,132.08,132.21,131.77,131.99,131.99,5249773
2010-03-18,133.73,134.75,132.97,133.86,133.86,7786587
2010-03-19,130.04,130.89,129.17,130.03,130.03,2907198
2010-03-22,133.3,134.84,132.12,133.48,133.48,3716070
2010-03-23,133.62,134.62,131.42,133.02,133.02,10236560
2010-03-24,134.38,134.96,133.99,134.48,134.48,5345784
2010-03-25,137.48,140.05,136.25,138.15,138.15,9277811
2010-03-26,135.49,135.93,134.56,135.25,135.25,4642523
2010-03-29,136.87,137.78,136.47,137.13,137.13,4780897
2010-03-30,138.31,138.87,137.66,138.26,138.26,8801703
2010-03-31,141.59,142.97,140.51,141.74,141.74,4915733
2010-04-01,138.16,139.09,137.31,138.2,138.2,7761217
2010-04-02,137.85,138.44,136.39,137.42,137.42,6401626
2010-04-05,135.19,135.39,134.96,135.18,135.18,6793583
2010-04-06,135.77,136.5,132.99,134.75,134.75,4667143
2010-04-07,137.44,138.77,135.31,137.04,137.04,9037401
2010-04-08,137.47,138.04,136.96,137.5,137.5,5299369
2010-04-09,138.15,140.09,137.05,138.57,138.57,4118846
2010-04-12,136.86,138.8,136.23,137.52,137.52,11488087
2010-04-13,137.59,137.84,137.27,137.55,137.55,2191447
2010-04-14,136.26,137.9,134.54,136.22,136.22,6865565
2010-04-15,135.5,135.88,135.25,135.57,135.57,4773374
2010-04-16,138.85,139.94,137.03,138.49,138.49,3426240
2010-04-19,137.67,138.34,135.71,137.03,137.03,6751853
2010-04-20,138.16,139.79,137.38,138.59,138.59,6151984
2010-04-21,138.52,139.28,136.45,137.86,137.86,6063350
2010-04-22,138.56,138.98,137.12,138.05,138.05,6060482
2010-04-23,138.95,140.71,137.05,138.88,138.88,3865393
2010-04-26,139.88,142.14,138.97,140.56,140.56,3958573
2010-04-27,138.99,140.05,137.05,138.55,138.55,3994229
2010-04-28,136.11,138.16,135.56,136.86,136.86,6947414
2010-04-29,139.81,141.35,138.14,139.75,139.75,7306410
2010-04-30,140.16,142.3,139.42,140.86,140.86,8487563
2010-05-03,138.38,138.8,138.1,138.45,138.45,9548259
2010-05-04,138.75,139.53,138.14,138.83,138.83,8588985
2010-05-05,139.12,139.49,138.29,138.89,138.89,8395536
2010-05-06,134.69,134.84,134.58,134.71,134.71,7547983
2010-05-07,131.9,133.33,130.62,131.97,131.97,9084506
2010-05-10,131.16,131.92,130.97,131.44,131.44,4869440
2010-05-11,133.19,134.15,132.25,133.2,133.2,5277002
2010-05-12,135.1,135.56,133.73,134.64,134.64,8165419
2010-05-13,135.6,137.06,135.09,136.07,136.07,4514143
2010-05-14,137.34,139.49,135.9,137.7,137.7,4014752
2010-05-17,135.39,136.3,133.51,134.9,134.9,8896954
2010-05-18,136.96,138.41,135.24,136.83,136.83,5446845
2010-05-19,133.82,134.85,131.63,133.24,133.24,5168758
2010-05-20,134.56,135.41,133.2,134.31,134.31,8442043
2010-05-21,134.78,136.42,134.26,135.34,135.34,4071087
2010-05-24,131.86,132.23,130.67,131.45,131.45,10482591
2010-05-25,131.51,131.92,129.99,130.95,130.95,5414094
2010-05-26,131.03,132.46,130.62,131.54,131.54,7882711
2010-05-27,129.67,130.33,128.77,129.55,129.55,3582737
2010-05-28,129.91,130.98,127.89,129.43,129.43,2525109
2010-05-31,130.01,130.69,127.78,129.24,129.24,4788616
2010-06-01,126.87,127.6,126.15,126.87,126.87,5332846
2010-06-02,125.35,125.86,123.54,124.7,124.7,3427180
2010-06-03,125.92,126.25,124.97,125.61,125.61,4388744
2010-06-04,129.45,130.37,128.07,129.22,129.22,4662485
2010-06-07,126.51,127.08,125.73,126.4,126.4,6950164
2010-06-08,126.59,127.35,124.94,126.14,126.14,1570915
2010-06-09,125.35,125.53,124.8,125.17,125.17,2895463
2010-06-10,122.74,123.67,121.64,122.66,122.66,4519956
2010-06-11,121.18,122.36,120.75,121.56,121.56,5545161
2010-06-14,121.14,122.07,120.31,121.19,121.19,5296129
2010-06-15,117.59,118.65,117.02,117.83,117.83,5744152
2010-06-16,117.04,117.89,115.53,116.71,116.71,6301667
2010-06-17,113.2,113.78,113.04,113.41,113.41,3453029
2010-06-18,114.65,116.15,114.24,115.19,115.19,6196326
2010-06-21,113.47,114.47,112.78,113.63,113.63,3768359
2010-06-22,112.41,112.94,111.14,112.04,112.04,3779592
2010-06-23,112.65,113.62,112.01,112.81,112.81,6508507
2010-06-24,111.44,111.97,110.43,111.2,111.2,7424492
2010-06-25,114.82,115.43,114.44,114.93,114.93,4937356
2010-06-28,118.9,119.64,117.35,118.5,118.5,11011732
2010-06-29,120.46,121.48,120.11,120.8,120.8,3088733
2010-06-30,118.74,120.42,117.65,119.04,119.04,4002903
2010-07-01,114.59,114.95,114.01,114.48,114.48,7586069
2010-07-02,114.99,115.32,114.26,114.79,114.79,2152592
2010-07-05,115.6,116.15,115.07,115.61,115.61,4834317
2010-07-06,116.75,117.56,116.47,117.01,117.01,4564612
2010-07-07,113.53,114.47,112.89,113.68,113.68,6851386
2010-07-08,113.56,114.39,113.32,113.86,113.86,2053593
2010-07-09,115.79,117.23,114.9,116.07,116.07,4882135
2010-07-12,116.83,117.76,116.26,117.01,117.01,8113161
2010-07-13,116.28,116.99,114.86,115.93,115.93,5509787
2010-07-14,115.98,116.99,115.26,116.13,116.13,3842567
2010-07-15,116.88,117.18,115.79,116.48,116.48,4853855
2010-07-16,117.91,118.76,117.56,118.16,118.16,4597014
2010-07-19,117.65,118.65,117.02,117.84,117.84,8925589
2010-07-20,116.91,117.32,115.73,116.53,116.53,4461494
2010-07-21,117.77,119.8,117.16,118.48,118.48,5976802
2010-07-22,120.57,121.19,118.91,120.05,120.05,7912443
2010-07-23,118.73,120.03,117.7,118.86,118.86,5683533
2010-07-26,117.78,118.8,117.0,117.9,117.9,6291573
2010-07-27,120.29,121.37,119.65,120.51,120.51,6609940
2010-07-28,124.91,126.17,124.58,125.38,125.38,7269988
2010-07-29,123.76,124.57,123.2,123.89,123.89,14174500
2010-07-30,125.18,125.79,124.2,124.99,124.99,6130084
2010-08-02,125.46,125.96,124.24,125.1,125.1,4020939
2010-08-03,127.31,127.98,127.02,127.5,127.5,8362065
2010-08-04,127.47,128.13,126.9,127.51,127.51,4373687
2010-08-05,127.67,128.84,126.99,127.92,127.92,7238141
2010-08-06,127.81,129.41,127.26,128.34,128.34,5567221
2010-08-09,127.09,128.92,126.01,127.47,127.47,8200312
2010-08-10,124.72,126.65,123.95,125.3,125.3,4183920
2010-08-11,129.47,129.98,128.69,129.34,129.34,7106032
2010-08-12,132.42,133.56,131.29,132.43,132.43,3129200
2010-08-13,131.98,133.49,130.74,132.11,132.11,5783599
2010-08-16,131.27,133.29,130.41,131.85,131.85,3914086
2010-08-17,130.78,132.41,130.21,131.31,131.31,4204664
2010-08-18,128.34,129.87,127.25,128.56,128.56,10993694
2010-08-19,127.99,128.47,127.03,127.75,127.75,5411578
2010-08-20,128.89,129.37,127.31,128.34,128.34,7885907
2010-08-23,129.16,129.39,128.98,129.19,129.19,6056417
2010-08-24,130.02,130.53,128.84,129.69,129.69,6663091
2010-08-25,130.51,131.14,129.24,130.19,130.19,8914567
2010-08-26,129.45,130.93,128.13,129.53,129.53,5037011
2010-08-27,129.86,130.12,129.41,129.76,129.76,4168763
2010-08-30,125.4,126.45,124.22,125.34,125.34,7163784
2010-08-31,129.43,130.57,128.13,129.35,129.35,6169950
2010-09-01,128.52,130.17,127.65,128.91,128.91,4397908
2010-09-02,133.03,134.53,132.38,133.45,133.45,6611057
2010-09-03,133.64,134.92,132.65,133.79,133.79,8311286
2010-09-06,131.26,132.87,130.68,131.78,131.78,8628278
2010-09-07,131.91,132.54,130.37,131.46,131.46,3397679
2010-09-08,129.87,131.43,128.92,130.18,130.18,7819868
2010-09-09,130.94,132.52,129.43,130.97,130.97,3347979
2010-09-10,129.33,130.07,128.93,129.5,129.5,5697471
2010-09-13,129.14,129.92,127.53,128.73,128.73,6500445
2010-09-14,131.4,133.39,130.86,132.13,132.13,11827733
2010-09-15,130.68,131.55,128.5,130.03,130.03,4986712
2010-09-16,132.44,133.15,130.37,131.76,131.76,6917858
2010-09-17,133.72,134.68,131.7,133.19,133.19,6474352
2010-09-20,138.49,139.23,137.21,138.22,138.22,4616848
2010-09-21,136.72,137.25,135.22,136.23,136.23,6087627
2010-09-22,139.14,139.59,138.43,139.01,139.01,4671055
2010-09-23,138.53,139.51,137.74,138.63,138.63,3771827
2010-09-24,138.19,139.64,137.12,138.38,138.38,10686145
2010-09-27,136.98,137.68,135.78,136.73,136.73,4039897
2010-09-28,132.77,133.9,132.32,133.11,133.11,3132139
2010-09-29,130.1,131.28,129.23,130.25,130.25,4405394
2010-09-30,129.36,130.15,127.16,128.65,128.65,3068486
2010-10-01,132.63,134.83,132.05,133.44,133.44,5560812
2010-10-04,130.99,133.06,130.16,131.61,131.61,6089070
2010-10-05,131.34,132.22,130.91,131.56,131.56,6033209
2010-10-06,128.64,129.49,127.37,128.43,128.43,6704735
2010-10-07,128.6,129.11,126.55,127.83,127.83,2836056
2010-10-08,127.96,129.37,127.21,128.29,128.29,4493609
2010-10-11,130.37,131.62,129.27,130.45,130.45,3602665
2010-10-12,129.87,130.83,129.31,130.07,130.07,4898097
2010-10-13,132.05,133.19,131.71,132.45,132.45,4991830
2010-10-14,129.84,130.94,127.91,129.42,129.42,9113596
2010-10-15,130.07,131.9,129.46,130.68,130.68,2489638
2010-10-18,129.88,130.47,128.56,129.51,129.51,2406852
2010-10-19,130.77,131.06,130.18,130.62,130.62,6715520
2010-10-20,132.23,133.73,131.35,132.54,132.54,5936558
2010-10-21,129.1,130.36,128.42,129.39,129.39,4892505
2010-10-22,130.61,131.27,129.16,130.22,130.22,7362142
2010-10-25,130.38,131.92,128.89,130.41,130.41,3669028
2010-10-26,131.06,131.8,130.41,131.1,131.1,3456736
2010-10-27,128.4,130.07,127.76,128.91,128.91,7099481
2010-10-28,128.34,129.08,127.13,128.1,128.1,2938051
2010-10-29,127.22,128.75,126.46,127.6,127.6,4471866
2010-11-01,124.33,124.96,123.32,124.14,124.14,4333690
2010-11-02,129.77,130.5,128.92,129.71,129.71,4325264
2010-11-03,127.64,128.97,126.42,127.7,127.7,15406393
2010-11-04,124.79,125.33,123.44,124.38,124.38,6612165
2010-11-05,123.98,124.7,123.57,124.14,124.14,5643632
2010-11-08,128.38,129.66,126.5,128.08,128.08,2416215
2010-11-09,127.93,128.87,126.71,127.79,127.79,2837378
2010-11-10,127.85,128.3,127.18,127.74,127.74,4562698
2010-11-11,129.31,132.38,128.51,130.45,130.45,4793015
2010-11-12,129.61,130.76,129.2,129.98,129.98,4580903
2010-11-15,129.93,130.48,129.28,129.88,129.88,4835313
2010-11-16,128.23,129.59,127.01,128.3,128.3,5073974
2010-11-17,129.16,130.27,127.5,128.89,128.89,5566422
2010-11-18,124.74,126.33,123.79,125.06,125.06,4258190
2010-11-19,121.12,122.4,120.13,121.27,121.27,5016285
2010-11-22,122.62,123.43,121.55,122.49,122.49,4882149
2010-11-23,120.09,120.56,119.75,120.16,120.16,5834184
2010-11-24,118.93,121.64,117.64,119.64,119.64,6801167
2010-11-25,119.61,120.38,118.56,119.47,119.47,7642628
2010-11-26,121.86,123.04,121.43,122.24,122.24,4527596
2010-11-29,119.49,120.04,118.28,119.16,119.16,8179303
2010-11-30,116.56,117.11,116.35,116.73,116.73,4806145
2010-12-01,116.11,116.33,115.62,115.97,115.97,5251622
2010-12-02,112.55,113.56,111.0,112.28,112.28,5656671
2010-12-03,114.79,115.41,112.86,114.13,114.13,7460181
2010-12-06,112.86,113.34,111.08,112.21,112.21,3758416
2010-12-07,110.68,111.77,110.24,111.0,111.0,7419696
2010-12-08,111.89,113.11,111.52,112.32,112.32,7108003
2010-12-09,112.24,114.28,111.57,112.92,112.92,5956788
2010-12-10,114.74,115.34,113.03,114.18,114.18,5567654
2010-12-13,116.05,116.37,115.48,115.93,115.93,5675786
2010-12-14,117.77,118.16,117.3,117.73,117.73,2627576
2010-12-15,117.88,118.61,116.26,117.44,117.44,3879323
2010-12-16,115.85,116.85,114.43,115.64,115.64,8188397
2010-12-17,116.95,117.45,116.82,117.13,117.13,8138995
2010-12-20,118.62,119.81,116.92,118.37,118.37,6521108
2010-12-21,119.39,120.4,117.38,118.89,118.89,3536445
2010-12-22,120.21,121.55,119.33,120.44,120.44,7489785
2010-12-23,122.81,123.07,122.59,122.83,122.83,3209583
2010-12-24,120.67,121.74,119.26,120.5,120.5,4318818
2010-12-27,119.79,122.21,119.0,120.61,120.61,4201114
2010-12-28,120.75,121.85,119.34,120.6,120.6,4930478
2010-12-29,122.57,123.17,120.55,121.86,121.86,10512012
2010-12-30,124.91,125.38,124.76,125.07,125.07,5188989
2010-12-31,121.88,122.38,121.38,121.88,121.88,5071377
2011-01-03,119.07,119.43,117.88,118.66,118.66,5110474
2011-01-04,117.68,118.38,116.98,117.68,117.68,3526012
2011-01-05,116.12,117.68,115.34,116.51,116.51,8347463
2011-01-06,113.86,114.19,112.81,113.5,113.5,2750146
2011-01-07,113.31,114.24,112.64,113.44,113.44,2835044
2011-01-10,113.68,114.43,113.48,113.96,113.96,8545526
2011-01-11,117.8,119.43,117.25,118.34,118.34,4925329
2011-01-12,121.9,122.98,121.48,122.23,122.23,8796205
2011-01-13,120.06,120.76,117.6,119.18,119.18,5498368
2011-01-14,119.8,120.73,119.15,119.94,119.94,5875336
2011-01-17,119.45,120.33,118.46,119.39,119.39,9542979
2011-01-18,120.97,121.33,120.22,120.77,120.77,4774036
2011-01-19,122.6,124.27,121.69,122.98,122.98,2462724
2011-01-20,125.85,126.61,124.81,125.71,125.71,4387123
2011-01-21,125.25,125.94,123.76,124.85,124.85,11463750
2011-01-24,125.41,127.63,124.5,126.06,126.06,7223100
2011-01-25,123.66,124.36,122.79,123.58,123.58,3953306
2011-01-26,121.74,123.82,120.91,122.36,122.36,8263785
2011-01-27,124.6,125.15,122.69,123.92,123.92,5108866
2011-01-28,122.4,124.21,121.27,122.74,122.74,6760178
2011-01-31,120.26,121.98,119.57,120.78,120.78,5536377
2011-02-01,122.39,123.15,120.54,121.84,121.84,5836635
2011-02-02,119.31,120.18,118.16,119.17,119.17,6615409
2011-02-03,119.99,120.52,119.1,119.81,119.81,7503991
2011-02-04,116.46,117.54,115.58,116.56,116.56,8927845
2011-02-07,118.42,118.97,116.34,117.66,117.66,3348899
2011-02-08,117.84,119.8,116.82,118.31,118.31,3649724
2011-02-09,119.16,119.65,117.53,118.59,118.59,3618290
2011-02-10,117.95,118.95,117.55,118.25,118.25,5083438
2011-02-11,120.64,121.88,120.32,121.1,121.1,2259340
2011-02-14,122.31,123.61,121.38,122.49,122.49,9158948
2011-02-15,115.93,117.69,115.35,116.52,116.52,5277691
2011-02-16,116.85,117.46,115.73,116.59,116.59,5173877
2011-02-17,117.72,118.3,117.28,117.79,117.79,6198033
2011-02-18,118.7,119.4,117.15,118.27,118.27,6352051
2011-02-21,117.53,117.77,116.99,117.38,117.38,2744486
2011-02-22,118.55,119.39,118.06,118.73,118.73,10308904
2011-02-23,118.5,119.37,117.73,118.55,118.55,3189392
2011-02-24,123.09,123.58,122.82,123.2,123.2,7885617
2011-02-25,120.82,121.96,120.42,121.19,121.19,5281564
2011-02-28,121.35,122.53,121.04,121.78,121.78,6156337
2011-03-01,124.03,125.37,122.67,124.02,124.02,4461693
2011-03-02,127.25,127.69,125.83,126.76,126.76,3876788
2011-03-03,125.95,127.0,124.62,125.81,125.81,4025030
2011-03-04,126.44,127.78,125.54,126.66,126.66,5422851
2011-03-07,126.75,128.26,126.11,127.18,127.18,4971844
2011-03-08,130.14,130.64,128.87,129.76,129.76,4157609
2011-03-09,125.56,127.05,124.41,125.73,125.73,4931820
2011-03-10,126.55,127.52,124.72,126.12,126.12,3200652
2011-03-11,127.49,129.09,126.95,128.02,128.02,4531656
2011-03-14,129.52,131.01,128.36,129.69,129.69,6468031
2011-03-15,129.53,130.45,128.79,129.62,129.62,5037419
2011-03-16,131.32,131.62,130.99,131.3,131.3,3653086
2011-03-17,129.84,130.68,128.07,129.38,129.38,3883340
2011-03-18,130.76,131.3,129.7,130.5,130.5,4929742
2011-03-21,130.56,132.02,129.46,130.74,130.74,4201369
2011-03-22,131.47,132.65,129.72,131.19,131.19,7774023
2011-03-23,129.94,130.58,128.58,129.58,129.58,3157467
2011-03-24,127.55,129.77,126.79,128.28,128.28,6756217
2011-03-25,124.34,126.37,123.18,124.77,124.77,4874943
2011-03-28,127.2,128.13,126.54,127.34,127.34,8092194
2011-03-29,127.6,128.56,126.9,127.73,127.73,7540638
2011-03-30,123.02,123.7,121.65,122.67,122.67,3207659
2011-03-31,121.33,122.36,120.39,121.37,121.37,11633608
2011-04-01,120.86,122.23,119.98,121.1,121.1,5100631
2011-04-04,120.92,122.71,119.76,121.24,121.24,3690573
2011-04-05,123.96,126.25,122.66,124.46,124.46,7139552
2011-04-06,128.22,128.6,126.97,127.79,127.79,9299333
2011-04-07,126.66,128.11,125.99,127.05,127.05,6856818
2011-04-08,124.73,126.19,123.76,124.98,124.98,4233681
2011-04-11,122.1,123.84,121.43,122.64,122.64,7616537
2011-04-12,124.21,124.91,123.94,124.43,124.43,5350854
2011-04-13,125.33,126.51,123.56,125.04,125.04,3172386
2011-04-14,127.73,128.42,127.09,127.76,127.76,5371304
2011-04-15,128.44,129.37,127.94,128.65,128.65,6542977
2011-04-18,129.62,130.24,127.84,129.04,129.04,4232398
2011-04-19,131.27,131.8,129.45,130.62,130.62,6687105
2011-04-20,131.88,132.57,130.12,131.34,131.34,4943279
2011-04-21,133.0,133.56,131.56,132.56,132.56,6997971
2011-04-22,130.78,131.68,129.12,130.4,130.4,7433499
2011-04-25,128.97,130.15,128.65,129.4,129.4,2971954
2011-04-26,127.47,128.61,126.98,127.79,127.79,6292619
2011-04-27,127.93,128.98,126.03,127.5,127.5,6105644
2011-04-28,129.95,131.06,128.94,130.0,130.0,7198706
2011-04-29,133.43,133.95,132.22,133.09,133.09,7114578
2011-05-02,134.11,135.88,132.65,134.26,134.26,4327089
2011-05-03,134.74,136.59,133.94,135.27,135.27,4502503
2011-05-04,135.4,136.93,133.86,135.4,135.4,4570349
2011-05-05,136.17,137.54,135.37,136.45,136.45,5295313
2011-05-06,136.78,137.62,134.97,136.29,136.29,3699907
2011-05-09,131.56,132.36,130.49,131.42,131.42,10350993
2011-05-10,130.72,131.8,130.04,130.92,130.92,5585945
2011-05-11,130.46,130.76,129.24,130.0,130.0,7070166
2011-05-12,132.75,134.05,131.78,132.91,132.91,5374567
2011-05-13,132.12,133.33,131.14,132.23,132.23,3487213
2011-05-16,134.69,136.39,133.64,135.02,135.02,4137401
2011-05-17,137.29,138.47,136.85,137.66,137.66,10675150
2011-05-18,137.74,139.52,137.28,138.4,138.4,5640397
2011-05-19,140.27,141.7,138.44,140.07,140.07,5376385
2011-05-20,136.59,138.15,135.95,137.05,137.05,2479432
2011-05-23,135.88,136.63,134.22,135.43,135.43,4137040
2011-05-24,135.55,136.67,134.62,135.64,135.64,4137900
2011-05-25,134.96,135.24,134.28,134.76,134.76,2942732
2011-05-26,136.91,137.68,135.6,136.64,136.64,3843772
2011-05-27,139.36,140.49,138.6,139.54,139.54,5717415
2011-05-30,137.89,139.11,136.78,137.94,137.94,6237891
2011-05-31,138.03,138.09,137.89,137.99,137.99,8320962
2011-06-01,137.97,138.34,136.53,137.44,137.44,6899611
2011-06-02,134.4,136.91,133.3,135.11,135.11,2444288
2011-06-03,133.67,134.94,133.13,134.04,134.04,7342040
2011-06-06,132.1,132.77,131.33,132.05,132.05,5911851
2011-06-07,131.3,132.48,129.99,131.24,131.24,2853420
2011-06-08,130.95,132.04,129.83,130.93,130.93,5431064
2011-06-09,127.53,129.07,127.07,128.07,128.07,5946225
2011-06-10,125.08,125.78,124.83,125.31,125.31,6782872
2011-06-13,124.24,125.61,123.33,124.47,124.47,6307905
2011-06-14,122.81,123.78,122.02,122.9,122.9,4667728
2011-06-15,123.82,124.56,122.8,123.68,123.68,6345196
2011-06-16,123.03,124.35,121.76,123.05,123.05,7384494
2011-06-17,126.04,127.46,125.05,126.26,126.26,3818316
2011-06-20,127.59,128.13,126.99,127.56,127.56,3962661
2011-06-21,129.87,130.66,128.55,129.6,129.6,5051115
2011-06-22,126.31,128.68,125.54,127.11,127.11,5870233
2011-06-23,131.16,132.7,129.93,131.31,131.31,2593709
2011-06-24,130.34,131.17,128.52,129.85,129.85,2669717
2011-06-27,129.26,129.64,128.66,129.15,129.15,4287593
2011-06-28,127.92,128.89,126.83,127.86,127.86,3998864
2011-06-29,126.09,128.14,125.1,126.62,126.62,7410250
2011-06-30,124.97,125.7,124.65,125.17,125.17,9724793
2011-07-01,121.78,122.2,120.58,121.39,121.39,5514948
2011-07-04,122.91,123.75,121.2,122.47,122.47,4429432
2011-07-05,123.39,124.78,122.82,123.8,123.8,5665413
2011-07-06,125.75,126.85,124.74,125.8,125.8,9321218
2011-07-07,127.89,129.24,126.99,128.12,128.12,5447167
2011-07-08,128.14,129.08,127.25,128.16,128.16,8139349
2011-07-11,130.3,131.38,129.41,130.39,130.39,3189842
2011-07-12,130.07,130.44,129.95,130.19,130.19,3198862
2011-07-13,124.66,126.13,123.7,124.91,124.91,2761891
2011-07-14,128.16,129.23,125.74,127.48,127.48,3362247
2011-07-15,126.77,128.6,126.0,127.3,127.3,3723789
2011-07-18,124.63,125.22,122.94,124.08,124.08,5885453
2011-07-19,125.13,126.06,123.26,124.66,124.66,5299512
2011-07-20,130.37,130.78,129.39,130.09,130.09,6691826
2011-07-21,129.52,129.99,128.6,129.3,129.3,3951910
2011-07-22,127.82,128.59,127.1,127.84,127.84,5680909
2011-07-25,127.98,128.72,127.0,127.86,127.86,3821136
2011-07-26,129.03,129.7,128.12,128.91,128.91,5527671
2011-07-27,130.01,131.65,128.72,130.19,130.19,6124909
2011-07-28,130.03,131.34,129.32,130.33,130.33,6649909
2011-07-29,133.04,133.3,132.7,133.0,133.0,7824488
2011-08-01,131.09,132.26,130.13,131.19,131.19,8547161
2011-08-02,129.29,129.69,127.81,128.75,128.75,4584490
2011-08-03,125.64,127.71,125.03,126.37,126.37,2302231
2011-08-04,125.02,126.01,124.31,125.16,125.16,3745425
2011-08-05,127.43,128.24,127.11,127.67,127.67,6116089
2011-08-08,125.82,126.21,124.29,125.25,125.25,8119981
2011-08-09,125.37,126.8,124.75,125.77,125.77,3686457
2011-08-10,124.39,125.65,123.45,124.55,124.55,6038265
2011-08-11,124.72,125.38,123.05,124.21,124.21,6878538
2011-08-12,123.07,123.5,122.96,123.23,123.23,2559756
2011-08-15,122.28,122.36,122.23,122.29,122.29,3875395
2011-08-16,125.45,126.08,123.31,124.69,124.69,3383947
2011-08-17,122.89,123.83,122.56,123.19,123.19,15324748
2011-08-18,126.52,127.27,123.9,125.58,125.58,4677077
2011-08-19,127.68,128.15,126.18,127.16,127.16,3739436
2011-08-22,127.35,128.79,126.15,127.47,127.47,7712816
2011-08-23,128.54,130.39,127.29,128.84,128.84,6287365
2011-08-24,124.83,125.67,124.19,124.93,124.93,8178039
2011-08-25,128.49,129.64,127.15,128.4,128.4,6640135
2011-08-26,130.96,132.91,129.6,131.25,131.25,9078218
2011-08-29,131.8,133.4,131.27,132.34,132.34,8165810
2011-08-30,131.64,132.93,130.41,131.67,131.67,5724259
2011-08-31,130.05,131.5,129.53,130.51,130.51,6990760
2011-09-01,126.88,127.97,125.04,126.5,126.5,3883297
2011-09-02,125.48,126.29,124.76,125.52,125.52,9856217
2011-09-05,124.85,126.68,124.09,125.39,125.39,4581503
2011-09-06,128.87,129.5,126.88,128.19,128.19,6985032
2011-09-07,127.22,127.98,125.87,126.93,126.93,1531971
2011-09-08,125.28,126.3,124.79,125.54,125.54,12009325
2011-09-09,125.18,125.88,123.57,124.72,124.72,4048899
2011-09-12,126.08,127.39,125.45,126.42,126.42,4641274
2011-09-13,125.23,125.83,123.63,124.73,124.73,5698153
2011-09-14,127.49,128.69,126.65,127.67,127.67,4069672
2011-09-15,126.53,127.86,125.67,126.76,126.76,7033425
2011-09-16,129.6,130.81,127.94,129.38,129.38,5582002
2011-09-19,128.04,128.66,127.86,128.26,128.26,4231747
2011-09-20,126.88,128.16,125.9,127.03,127.03,8381008
2011-09-21,126.93,126.96,126.83,126.9,126.9,3335456
2011-09-22,125.63,126.69,124.67,125.68,125.68,7999404
2011-09-23,124.81,127.02,123.43,125.23,125.23,6033499
2011-09-26,124.09,124.58,123.1,123.84,123.84,5243322
2011-09-27,126.27,126.73,125.49,126.11,126.11,2208687
2011-09-28,125.38,126.11,122.71,124.41,124.41,6159325
2011-09-29,121.35,122.06,119.9,120.98,120.98,4624317
2011-09-30,120.81,121.06,119.8,120.43,120.43,7138994
2011-10-03,120.48,121.05,119.65,120.35,120.35,5016614
2011-10-04,119.64,120.92,118.9,119.91,119.91,4680541
2011-10-05,121.6,122.42,121.04,121.73,121.73,7119812
2011-10-06,123.81,124.09,123.01,123.55,123.55,5784769
2011-10-07,119.93,120.56,118.72,119.64,119.64,11937753
2011-10-10,118.57,119.73,117.96,118.84,118.84,5230469
2011-10-11,116.94,118.56,116.06,117.31,117.31,4824517
2011-10-12,115.87,117.3,114.32,115.81,115.81,7404241
2011-10-13,116.99,117.67,115.36,116.51,116.51,4845828
2011-10-14,113.09,114.11,112.05,113.08,113.08,3063093
2011-10-17,113.87,114.29,112.5,113.39,113.39,3600580
2011-10-18,112.96,114.04,111.15,112.6,112.6,5946407
2011-10-19,112.65,113.52,111.8,112.66,112.66,5786652
2011-10-20,114.32,115.95,113.48,114.71,114.71,4463750
2011-10-21,113.16,113.5,112.28,112.89,112.89,7312669
2011-10-24,113.86,114.58,112.91,113.74,113.74,4583121
2011-10-25,113.32,114.22,112.31,113.26,113.26,6180241
2011-10-26,114.4,114.85,112.78,113.82,113.82,3395001
2011-10-27,111.77,112.2,110.4,111.3,111.3,3964085
2011-10-28,112.55,113.15,111.04,112.1,112.1,6013579
2011-10-31,114.27,116.86,112.76,114.81,114.81,4701157
2011-11-01,115.0,115.65,114.34,114.99,114.99,4944998
2011-11-02,111.58,112.35,109.42,110.88,110.88,9107873
2011-11-03,111.21,111.57,109.9,110.74,110.74,2141363
2011-11-04,109.11,109.57,109.0,109.28,109.28,5149887
2011-11-07,109.8,110.19,108.89,109.54,109.54,4430354
2011-11-08,111.57,112.94,110.63,111.78,111.78,5270247
2011-11-09,111.79,112.67,110.94,111.81,111.81,3988947
2011-11-10,112.97,113.88,112.26,113.07,113.07,6416828
2011-11-11,114.18,115.66,112.57,114.11,114.11,5654903
2011-11-14,116.64,117.18,116.14,116.66,116.66,8002157
2011-11-15,116.44,117.36,116.03,116.69,116.69,2186816
2011-11-16,112.8,113.36,112.08,112.72,112.72,7573925
2011-11-17,110.39,111.4,109.54,110.47,110.47,4177121
2011-11-18,111.32,112.09,110.29,111.19,111.19,5713572
2011-11-21,113.75,114.23,112.28,113.26,113.26,3187061
2011-11-22,112.28,112.94,111.24,112.09,112.09,6751370
2011-11-23,110.43,111.16,109.43,110.3,110.3,2444669
2011-11-24,106.25,107.76,105.76,106.76,106.76,3346836
2011-11-25,106.99,107.58,105.71,106.65,106.65,5177128
2011-11-28,103.05,104.23,102.31,103.27,103.27,4477946
2011-11-29,102.02,102.66,101.17,101.91,101.91,2702621
2011-11-30,98.56,100.08,97.94,99.01,99.01,9000930
2011-12-01,98.92,99.51,97.99,98.75,98.75,8647153
2011-12-02,98.84,99.1,98.62,98.86,98.86,8664381
2011-12-05,100.1,100.84,98.99,99.92,99.92,3798430
2011-12-06,99.95,101.57,98.96,100.27,100.27,10281351
2011-12-07,96.53,97.6,95.45,96.52,96.52,5502675
2011-12-08,96.23,97.37,95.32,96.34,96.34,5158769
2011-12-09,96.96,97.2,96.02,96.61,96.61,3772112
2011-12-12,95.09,96.05,94.42,95.24,95.24,4710419
2011-12-13,95.38,95.85,94.1,94.98,94.98,8926965
2011-12-14,94.33,94.71,93.69,94.2,94.2,6546540
2011-12-15,93.99,94.52,93.59,94.05,94.05,7516903
2011-12-16,93.47,94.86,93.07,93.96,93.96,4510786
2011-12-19,92.84,94.37,92.41,93.39,93.39,7049219
2011-12-20,91.47,91.76,90.84,91.3,91.3,3040783
2011-12-21,94.51,95.15,93.01,94.08,94.08,11656992
2011-12-22,95.55,95.95,94.76,95.35,95.35,7028788
2011-12-23,93.14,94.72,92.72,93.72,93.72,5547811
2011-12-26,93.3,94.37,92.88,93.63,93.63,3626109
2011-12-27,92.6,93.11,91.84,92.47,92.47,6242700
2011-12-28,92.17,92.5,91.17,91.83,91.83,3089483
2011-12-29,92.49,92.68,91.96,92.32,92.32,7222421
2011-12-30,92.67,93.07,91.5,92.29,92.29,3442378
2012-01-02,90.47,91.37,90.06,90.71,90.71,6636682
2012-01-03,90.43,90.76,89.13,89.95,89.95,6722404
2012-01-04,91.0,91.43,89.32,90.37,90.37,3407753
2012-01-05,91.22,91.5,90.47,90.99,90.99,3354776
2012-01-06,93.2,93.73,92.51,93.12,93.12,3656510
2012-01-09,92.34,93.05,91.28,92.16,92.16,9331322
2012-01-10,92.85,93.83,91.48,92.66,92.66,4163492
2012-01-11,92.83,93.23,92.08,92.65,92.65,2559375
2012-01-12,94.23,95.15,93.32,94.23,94.23,5388862
2012-01-13,92.27,92.35,92.23,92.29,92.29,6149316
2012-01-16,89.25,90.04,88.83,89.44,89.44,7553004
2012-01-17,89.73,90.36,87.96,89.16,89.16,5098547
2012-01-18,89.7,90.33,89.27,89.8,89.8,3194715
2012-01-19,89.86,91.19,89.41,90.3,90.3,9668303
2012-01-20,90.59,91.36,89.32,90.34,90.34,4850541
2012-01-23,89.22,89.88,88.91,89.39,89.39,5070707
2012-01-24,89.56,90.4,88.96,89.68,89.68,4806005
2012-01-25,87.53,87.85,86.29,87.07,87.07,4591051
2012-01-26,89.22,89.78,88.66,89.22,89.22,7820734
2012-01-27,89.02,89.36,88.34,88.85,88.85,5010468
2012-01-30,90.0,90.28,89.05,89.67,89.67,7720858
2012-01-31,86.94,87.84,86.14,86.99,86.99,5620671
2012-02-01,87.15,88.29,86.25,87.27,87.27,7057966
2012-02-02,84.13,85.07,83.33,84.2,84.2,4447459
2012-02-03,84.3,84.47,84.06,84.26,84.26,4356477
2012-02-06,85.0,85.53,84.79,85.16,85.16,4248849
2012-02-07,82.53,82.71,82.16,82.44,82.44,4735500
2012-02-08,82.28,83.28,81.07,82.17,82.17,3901677
2012-02-09,81.54,82.02,81.07,81.54,81.54,3218455
2012-02-10,82.94,83.11,82.42,82.76,82.76,3725159
2012-02-13,82.2,83.57,81.51,82.54,82.54,7337581
2012-02-14,84.49,84.86,83.67,84.26,84.26,6331707
2012-02-15,83.29,83.9,82.94,83.42,83.42,7791964
2012-02-16,83.1,83.38,83.02,83.2,83.2,5812014
2012-02-17,85.6,86.82,84.84,85.83,85.83,7610200
2012-02-20,83.78,84.2,83.46,83.83,83.83,4218092
2012-02-21,84.14,84.86,83.91,84.39,84.39,5037561
2012-02-22,86.65,87.03,86.51,86.77,86.77,2501294
2012-02-23,87.55,88.03,87.25,87.64,87.64,10642881
2012-02-24,85.16,85.83,84.62,85.22,85.22,3233237
2012-02-27,84.13,84.73,83.25,83.99,83.99,4288829
2012-02-28,85.05,86.42,84.42,85.42,85.42,6693214
2012-02-29,83.72,84.84,83.35,84.09,84.09,3351524
2012-03-01,85.81,86.08,85.45,85.76,85.76,9370159
2012-03-02,83.39,84.73,82.58,83.66,83.66,4023886
2012-03-05,83.71,84.17,82.99,83.58,83.58,5204598
2012-03-06,82.99,84.58,82.25,83.42,83.42,10412524
2012-03-07,82.91,83.67,82.71,83.19,83.19,7633931
2012-03-08,86.02,86.27,85.41,85.84,85.84,4385997
2012-03-09,85.15,85.39,84.54,84.97,84.97,4259139
2012-03-12,85.44,86.63,84.47,85.55,85.55,4130583
2012-03-13,86.05,86.87,85.17,86.02,86.02,9305050
2012-03-14,84.5,85.24,83.71,84.47,84.47,3705338
2012-03-15,85.21,85.53,84.94,85.23,85.23,2969324
2012-03-16,86.79,87.2,86.09,86.65,86.65,5802351
2012-03-19,86.77,87.58,86.21,86.9,86.9,9871075
2012-03-20,83.87,85.42,83.28,84.35,84.35,4688107
2012-03-21,84.66,85.02,83.9,84.46,84.46,5629344
2012-03-22,84.6,85.04,84.0,84.52,84.52,4730523
2012-03-23,85.73,86.16,85.57,85.87,85.87,5759202
2012-03-26,86.19,86.9,85.36,86.13,86.13,3640005
2012-03-27,87.67,88.45,85.98,87.21,87.21,6680604
2012-03-28,89.55,90.17,87.97,89.07,89.07,6945856
2012-03-29,89.53,90.33,88.9,89.61,89.61,5988790
2012-03-30,90.22,91.1,89.93,90.51,90.51,6650972
2012-04-02,90.38,91.95,89.67,90.81,90.81,5906088
2012-04-03,89.85,91.1,89.51,90.31,90.31,1014149
2012-04-04,88.74,89.38,88.12,88.75,88.75,4038292
2012-04-05,90.35,91.07,89.25,90.16,90.16,5386230
2012-04-06,89.32,90.76,88.59,89.67,89.67,6014025
2012-04-09,92.15,93.38,91.26,92.32,92.32,5779433
2012-04-10,94.16,94.49,92.9,93.7,93.7,4414788
2012-04-11,91.57,92.52,90.53,91.52,91.52,3911999
2012-04-12,92.45,92.89,91.98,92.44,92.44,3532048
2012-04-13,92.8,93.24,91.23,92.24,92.24,9010072
2012-04-16,91.47,93.0,90.37,91.68,91.68,7034042
2012-04-17,92.07,92.77,91.45,92.11,92.11,2859555
2012-04-18,90.76,91.3,89.06,90.18,90.18,4107825
2012-04-19,92.59,94.08,92.16,93.12,93.12,5119038
2012-04-20,94.35,95.15,93.07,94.11,94.11,5254561
2012-04-23,98.1,99.09,96.96,98.03,98.03,5824805
2012-04-24,98.73,99.41,98.3,98.85,98.85,5768617
2012-04-25,99.38,99.69,98.19,98.94,98.94,3806463
2012-04-26,99.68,101.06,99.25,100.16,100.16,4235745
2012-04-27,98.23,98.41,97.71,98.06,98.06,5650311
2012-04-30,99.53,100.23,99.23,99.73,99.73,6329239
2012-05-01,101.76,102.17,101.6,101.88,101.88,4115404
2012-05-02,99.12,100.29,98.69,99.49,99.49,5707946
2012-05-03,99.67,100.72,99.17,99.95,99.95,5881839
2012-05-04,100.0,100.55,99.46,100.0,100.0,6542134
2012-05-07,98.8,100.09,98.33,99.21,99.21,9742594
2012-05-08,100.07,100.66,98.95,99.8,99.8,4983292
2012-05-09,100.74,101.97,100.11,101.04,101.04,7679877
2012-05-10,99.74,100.93,99.33,100.13,100.13,6800656
2012-05-11,101.69,102.03,100.44,101.24,101.24,2937593
2012-05-14,98.9,100.37,97.89,99.13,99.13,7286741
2012-05-15,100.24,100.96,98.68,99.82,99.82,2814832
2012-05-16,101.54,103.15,100.07,101.61,101.61,6996101
2012-05-17,103.17,103.75,102.22,102.99,102.99,7373056
2012-05-18,102.67,103.82,102.22,103.02,103.02,6816656
2012-05-21,104.95,105.55,103.27,104.41,104.41,5077368
2012-05-22,103.99,105.35,102.89,104.12,104.12,5769031
2012-05-23,106.87,107.78,105.24,106.51,106.51,4042632
2012-05-24,104.56,106.13,103.53,104.83,104.83,5150633
2012-05-25,101.88,103.17,101.33,102.25,102.25,8004263
2012-05-28,102.72,103.21,101.69,102.45,102.45,10272261
2012-05-29,100.6,102.17,99.54,100.85,100.85,4262100
2012-05-30,101.99,102.46,100.77,101.62,101.62,4890422
2012-05-31,101.56,102.53,100.82,101.67,101.67,10501038
2012-06-01,102.84,104.95,102.25,103.6,103.6,5725984
2012-06-04,101.73,102.53,99.73,101.13,101.13,5529666
2012-06-05,99.25,99.96,98.55,99.25,99.25,6759232
2012-06-06,96.8,98.02,95.67,96.85,96.85,3164217
2012-06-07,97.74,98.44,96.75,97.6,97.6,8432518
2012-06-08,96.69,97.79,96.37,97.08,97.08,7720608
2012-06-11,97.43,98.33,97.06,97.69,97.69,5228599
2012-06-12,98.23,99.06,96.8,97.93,97.93,3447372
2012-06-13,98.01,98.75,96.98,97.86,97.86,4675210
2012-06-14,100.75,100.97,100.3,100.64,100.64,4861992
2012-06-15,99.26,100.29,98.36,99.32,99.32,6243564
2012-06-18,98.45,99.21,97.68,98.44,98.44,5992967
2012-06-19,100.64,101.72,99.22,100.47,100.47,5863814
2012-06-20,102.24,102.51,101.85,102.18,102.18,4840352
2012-06-21,102.26,103.02,101.18,102.1,102.1,5481288
2012-06-22,103.98,105.04,102.59,103.82,103.82,5975554
2012-06-25,103.94,106.3,103.21,104.76,104.76,3572245
2012-06-26,107.2,107.72,106.31,107.01,107.01,5815934
2012-06-27,107.89,108.74,107.54,108.14,108.14,7749184
2012-06-28,110.75,111.4,108.41,109.91,109.91,3808604
2012-06-29,110.25,110.45,109.8,110.12,110.12,2454887
2012-07-02,107.87,108.24,106.51,107.37,107.37,8430642
2012-07-03,107.45,109.25,106.65,107.95,107.95,4522618
2012-07-04,107.52,108.44,107.26,107.85,107.85,5950957
2012-07-05,110.57,111.02,110.02,110.52,110.52,4225160
2012-07-06,111.16,112.32,110.24,111.28,111.28,8119813
2012-07-09,109.54,111.34,109.08,110.21,110.21,4796646
2012-07-10,108.29,109.23,106.84,108.03,108.03,10142169
2012-07-11,106.83,107.74,105.03,106.38,106.38,5742923
2012-07-12,108.18,108.38,107.83,108.11,108.11,5541209
2012-07-13,104.41,105.37,103.76,104.56,104.56,5682049
2012-07-16,101.55,102.55,100.85,101.7,101.7,4735797
2012-07-17,102.94,103.72,102.25,102.99,102.99,6740120
2012-07-18,102.93,103.48,101.31,102.4,102.4,5788757
2012-07-19,101.83,102.55,101.53,102.04,102.04,6704145
2012-07-20,101.34,101.89,100.55,101.22,101.22,2991894
2012-07-23,100.31,100.76,98.99,99.88,99.88,7145912
2012-07-24,97.67,98.0,96.79,97.39,97.39,8165203
2012-07-25,97.72,98.12,96.63,97.38,97.38,4311587
2012-07-26,97.85,98.33,96.69,97.51,97.51,4676665
2012-07-27,98.18,99.32,97.31,98.32,98.32,4039196
2012-07-30,95.84,96.58,95.33,95.95,95.95,6209629
2012-07-31,95.96,96.49,94.43,95.46,95.46,6997697
2012-08-01,93.52,94.52,92.62,93.57,93.57,6507117
2012-08-02,93.05,94.35,92.21,93.28,93.28,4153843
2012-08-03,89.51,90.03,88.7,89.36,89.36,6854041
2012-08-06,91.14,92.06,90.35,91.2,91.2,5745867
2012-08-07,91.06,91.84,90.37,91.1,91.1,10491016
2012-08-08,91.73,92.09,91.35,91.72,91.72,4166521
2012-08-09,93.37,95.06,92.91,93.98,93.98,14600526
2012-08-10,94.39,94.76,93.54,94.15,94.15,6840476
2012-08-13,96.62,97.01,96.31,96.66,96.66,9968364
2012-08-14,98.2,99.67,97.78,98.73,98.73,5836876
2012-08-15,99.69,100.0,98.77,99.38,99.38,2962282
2012-08-16,97.04,97.86,96.24,97.05,97.05,3927872
2012-08-17,95.1,96.36,94.71,95.53,95.53,3495302
2012-08-20,95.95,96.26,95.6,95.93,95.93,6657449
2012-08-21,95.28,95.91,93.34,94.63,94.63,5522473
2012-08-22,93.76,94.61,93.15,93.88,93.88,3909651
2012-08-23,95.05,95.6,94.03,94.82,94.82,5697945
2012-08-24,93.6,93.93,93.47,93.7,93.7,2393343
2012-08-27,92.4,93.23,91.35,92.29,92.29,11427448
2012-08-28,92.49,93.32,92.04,92.68,92.68,3337568
2012-08-29,91.52,92.65,90.84,91.74,91.74,5829560
2012-08-30,90.77,91.77,89.42,90.59,90.59,4760197
2012-08-31,90.12,90.69,89.74,90.21,90.21,8652832
2012-09-03,90.07,91.0,89.06,90.03,90.03,4559053
2012-09-04,89.93,90.47,89.24,89.85,89.85,11116908
2012-09-05,89.72,90.18,88.89,89.53,89.53,8510653
2012-09-06,90.09,90.98,89.75,90.37,90.37,5263243
2012-09-07,89.12,89.84,88.14,88.99,88.99,7285850
2012-09-10,91.48,92.36,90.81,91.58,91.58,5350752
2012-09-11,92.67,92.99,91.63,92.31,92.31,8635314
2012-09-12,94.03,94.97,93.37,94.17,94.17,9174530
2012-09-13,92.29,92.69,91.33,92.01,92.01,8755403
2012-09-14,94.09,94.37,93.01,93.69,93.69,5858352
2012-09-17,93.81,94.05,92.94,93.5,93.5,4816661
2012-09-18,92.86,93.84,92.41,93.13,93.13,5821990
2012-09-19,92.9,93.39,91.63,92.51,92.51,5543562
2012-09-20,90.14,91.98,89.05,90.51,90.51,7046186
2012-09-21,88.62,88.97,87.96,88.47,88.47,4919436
2012-09-24,88.46,88.66,87.81,88.23,88.23,3832221
2012-09-25,85.88,86.05,85.34,85.7,85.7,11209831
2012-09-26,87.29,87.79,86.74,87.26,87.26,14310395
2012-09-27,87.69,88.23,86.3,87.26,87.26,3470671
2012-09-28,87.61,88.41,86.77,87.59,87.59,4813125
2012-10-01,86.59,87.02,85.99,86.5,86.5,7357190
2012-10-02,84.8,85.52,83.47,84.5,84.5,7175615
2012-10-03,85.04,85.4,83.94,84.67,84.67,5161821
2012-10-04,84.69,85.55,84.02,84.79,84.79,5530279
2012-10-05,82.73,83.05,81.86,82.45,82.45,5141664
2012-10-08,82.27,82.87,81.44,82.15,82.15,6202797
2012-10-09,80.89,81.59,79.93,80.76,80.76,3903043
2012-10-10,80.46,81.64,79.31,80.47,80.47,6592364
2012-10-11,79.6,80.51,78.75,79.63,79.63,6604697
2012-10-12,77.4,77.95,77.17,77.56,77.56,4889930
2012-10-15,77.35,78.27,76.06,77.16,77.16,4610588
2012-10-16,77.68,78.26,77.23,77.75,77.75,6767816
2012-10-17,77.9,78.82,76.77,77.79,77.79,2507173
2012-10-18,77.65,78.58,76.88,77.73,77.73,6197524
2012-10-19,77.49,78.26,76.83,77.54,77.54,8190465
2012-10-22,76.41,77.14,75.79,76.46,76.46,6660788
2012-10-23,77.21,77.41,76.6,77.01,77.01,6449625
2012-10-24,78.96,79.84,78.03,78.94,78.94,6601992
2012-10-25,79.82,80.5,79.52,80.01,80.01,2914986
2012-10-26,80.37,80.76,80.03,80.39,80.39,4939681
2012-10-29,81.24,81.67,79.88,80.77,80.77,3354258
2012-10-30,80.34,81.14,79.56,80.35,80.35,3550869
2012-10-31,79.87,80.09,79.45,79.77,79.77,4270124
2012-11-01,79.55,80.08,79.01,79.54,79.54,11203163
2012-11-02,78.84,79.34,78.22,78.78,78.78,3156461
2012-11-05,79.89,80.17,79.54,79.86,79.86,5052655
2012-11-06,78.43,79.25,77.56,78.41,78.41,6932577
2012-11-07,79.56,80.34,78.8,79.57,79.57,8840747
2012-11-08,79.61,80.46,79.05,79.75,79.75,3046675
2012-11-09,77.26,77.69,76.22,76.95,76.95,6743162
2012-11-12,76.11,76.41,75.57,75.99,75.99,3520930
2012-11-13,75.81,76.85,74.94,75.89,75.89,8645744
2012-11-14,76.34,76.54,76.03,76.28,76.28,8071512
2012-11-15,74.69,75.11,73.5,74.3,74.3,7254401
2012-11-16,74.72,75.23,74.1,74.66,74.66,6592043
2012-11-19,76.38,76.67,75.9,76.29,76.29,6322544
2012-11-20,76.7,77.49,76.06,76.78,76.78,4518300
2012-11-21,77.87,78.74,77.47,78.11,78.11,19507576
2012-11-22,78.7,79.12,78.17,78.64,78.64,7388795
2012-11-23,78.21,79.08,77.94,78.51,78.51,6027856
2012-11-26,77.61,77.86,77.42,77.64,77.64,3847204
2012-11-27,75.04,75.78,74.49,75.14,75.14,3274713
2012-11-28,73.21,73.59,73.03,73.31,73.31,4442462
2012-11-29,74.48,75.5,74.12,74.81,74.81,4861787
2012-11-30,74.9,75.76,74.05,74.9,74.9,3055151
2012-12-03,73.74,75.15,73.36,74.26,74.26,9932056
2012-12-04,73.02,73.46,71.96,72.71,72.71,7258752
2012-12-05,71.26,71.58,70.95,71.27,71.27,6323075
2012-12-06,70.52,71.25,70.25,70.75,70.75,4681372
2012-12-07,73.96,74.88,73.26,74.07,74.07,3518892
2012-12-10,76.1,76.4,75.74,76.07,76.07,6981315
2012-12-11,75.03,75.14,74.63,74.89,74.89,2916299
2012-12-12,74.14,74.62,73.48,74.05,74.05,14522630
2012-12-13,74.42,75.13,73.42,74.28,74.28,4688564
2012-12-14,73.3,73.66,73.17,73.42,73.42,4293192
2012-12-17,72.01,72.61,71.74,72.18,72.18,6974019
2012-12-18,74.93,75.1,74.88,74.99,74.99,8577361
2012-12-19,73.69,74.01,72.62,73.31,73.31,3235535
2012-12-20,72.76,72.98,72.36,72.67,72.67,3556825
2012-12-21,71.34,71.49,71.01,71.25,71.25,5446833
2012-12-24,71.9,72.22,71.29,71.76,71.76,3592446
2012-12-25,72.07,72.78,71.22,72.0,72.0,2957148
2012-12-26,71.37,71.64,70.42,71.03,71.03,6359244
2012-12-27,71.5,71.85,70.9,71.38,71.38,8600185
2012-12-28,68.89,69.43,68.06,68.74,68.74,9251658
2012-12-31,69.44,70.44,68.9,69.67,69.67,7650040
2013-01-01,68.16,69.04,67.9,68.47,68.47,3877223
2013-01-02,67.18,67.8,66.86,67.33,67.33,5063598
2013-01-03,66.33,66.97,65.08,66.02,66.02,4819689
2013-01-04,66.63,66.86,66.07,66.46,66.46,4978354
2013-01-07,64.6,65.62,63.94,64.78,64.78,7290009
2013-01-08,67.88,68.31,67.47,67.89,67.89,5228049
2013-01-09,65.44,66.16,64.92,65.54,65.54,10471367
2013-01-10,65.45,66.17,65.27,65.72,65.72,4739759
2013-01-11,64.55,65.13,64.17,64.65,64.65,8207703
2013-01-14,63.62,64.1,63.05,63.57,63.57,4094411
2013-01-15,63.13,63.6,62.94,63.27,63.27,4095209
2013-01-16,62.84,63.6,62.64,63.12,63.12,3478467
2013-01-17,62.18,62.74,61.97,62.35,62.35,7016991
2013-01-18,61.88,62.24,61.39,61.81,61.81,3926143
2013-01-21,61.99,62.46,61.71,62.09,62.09,2719878
2013-01-22,60.57,60.88,60.0,60.44,60.44,5052421
2013-01-23,61.2,61.22,61.19,61.21,61.21,5745017
2013-01-24,63.03,63.5,62.48,62.99,62.99,7768000
2013-01-25,62.75,63.25,62.58,62.92,62.92,3647100
2013-01-28,62.35,62.86,61.48,62.17,62.17,6128950
2013-01-29,62.76,63.2,62.22,62.71,62.71,2795868
2013-01-30,62.19,62.36,61.88,62.12,62.12,5817100
2013-01-31,60.82,61.25,60.31,60.78,60.78,5728731
2013-02-01,60.15,60.65,59.61,60.13,60.13,9195374
2013-02-04,59.95,60.28,59.46,59.87,59.87,8204205
2013-02-05,61.1,61.39,60.47,60.93,60.93,4558887
2013-02-06,61.74,62.13,61.39,61.76,61.76,3387667
2013-02-07,63.24,63.95,62.45,63.2,63.2,12165337
2013-02-08,63.24,63.46,62.65,63.05,63.05,8775272
2013-02-11,64.11,64.7,63.47,64.09,64.09,5460604
2013-02-12,62.2,63.1,61.63,62.37,62.37,8694592
2013-02-13,60.93,61.96,60.63,61.3,61.3,5297168
2013-02-14,61.41,62.41,61.14,61.78,61.78,3376733
2013-02-15,61.07,61.19,60.92,61.05,61.05,3589793
2013-02-18,61.54,62.27,60.94,61.6,61.6,3712018
2013-02-19,61.51,61.65,61.42,61.54,61.54,3828429
2013-02-20,61.93,62.61,61.24,61.92,61.92,4863760
2013-02-21,62.08,62.74,61.73,62.23,62.23,4862192
2013-02-22,61.57,61.84,61.26,61.55,61.55,5965742
2013-02-25,61.04,61.71,60.18,60.95,60.95,5012108
2013-02-26,61.29,61.99,60.75,61.37,61.37,4982718
2013-02-27,60.62,61.07,60.0,60.54,60.54,5116996
2013-02-28,58.2,58.6,57.86,58.23,58.23,5997374
2013-03-01,58.22,58.74,57.74,58.24,58.24,7175359
2013-03-04,57.66,58.23,56.74,57.49,57.49,7197852
2013-03-05,56.91,57.72,56.61,57.16,57.16,2534900
2013-03-06,55.48,56.04,55.15,55.6,55.6,13296014
2013-03-07,55.37,55.64,54.96,55.3,55.3,4683164
2013-03-08,56.81,57.65,56.18,56.91,56.91,9849880
2013-03-11,57.5,57.91,57.06,57.48,57.48,3646306
2013-03-12,56.71,57.66,56.47,57.06,57.06,5301652
2013-03-13,56.17,56.64,55.85,56.24,56.24,9952206
2013-03-14,57.42,58.04,56.63,57.34,57.34,11352867
2013-03-15,54.56,55.12,54.07,54.59,54.59,4947597
2013-03-18,53.94,54.62,53.52,54.07,54.07,3541196
2013-03-19,53.33,53.77,53.0,53.38,53.38,3922291
2013-03-20,54.13,54.9,53.89,54.39,54.39,6811287
2013-03-21,55.37,55.57,55.26,55.42,55.42,8444338
2013-03-22,55.55,56.13,54.98,55.55,55.55,6264802
2013-03-25,54.3,54.45,54.21,54.33,54.33,6005543
2013-03-26,55.44,56.11,55.0,55.55,55.55,3045577
2013-03-27,55.36,55.49,55.02,55.26,55.26,4434332
2013-03-28,56.2,56.8,55.95,56.38,56.38,6436442
2013-03-29,56.68,57.33,56.46,56.89,56.89,6137414
2013-04-01,57.6,58.02,56.84,57.43,57.43,3737510
2013-04-02,56.96,57.26,56.4,56.83,56.83,4856438
2013-04-03,53.99,54.66,53.59,54.13,54.13,4922418
2013-04-04,56.6,56.75,56.02,56.39,56.39,10767228
2013-04-05,56.02,56.26,55.64,55.95,55.95,7181876
2013-04-08,54.73,55.23,54.38,54.81,54.81,5584201
2013-04-09,54.48,55.24,53.94,54.59,54.59,5508341
2013-04-10,55.26,55.58,54.76,55.17,55.17,7724640
2013-04-11,56.26,56.69,56.05,56.37,56.37,11163932
2013-04-12,56.61,57.02,56.23,56.63,56.63,6212252
2013-04-15,57.25,57.33,57.0,57.17,57.17,4148351
2013-04-16,56.84,56.98,56.67,56.82,56.82,4707312
2013-04-17,57.32,58.04,56.79,57.41,57.41,2672243
2013-04-18,57.3,58.23,56.54,57.39,57.39,5950050
2013-04-19,56.75,57.34,56.25,56.79,56.79,2500092
2013-04-22,57.19,57.37,56.64,57.0,57.0,6802409
2013-04-23,55.26,55.4,55.09,55.24,55.24,5694909
2013-04-24,55.31,55.98,54.97,55.47,55.47,7807013
2013-04-25,54.73,55.19,54.2,54.69,54.69,4554731
2013-04-26,54.38,54.64,53.46,54.05,54.05,5547669
2013-04-29,53.73,54.04,53.2,53.62,53.62,9678448
2013-04-30,54.07,54.9,53.79,54.35,54.35,4822877
2013-05-01,53.59,54.21,52.97,53.59,53.59,7147284
2013-05-02,52.79,53.14,51.93,52.54,52.54,7652583
2013-05-03,52.18,52.52,51.61,52.07,52.07,10211716
2013-05-06,51.62,51.87,51.04,51.45,51.45,7235812
2013-05-07,50.25,50.85,50.0,50.43,50.43,8586146
2013-05-08,51.48,51.96,51.11,51.53,51.53,7751090
2013-05-09,52.13,52.84,51.67,52.26,52.26,2006065
2013-05-10,52.9,53.4,52.76,53.08,53.08,3204848
2013-05-13,53.35,53.81,53.12,53.47,53.47,5260752
2013-05-14,52.99,53.64,52.76,53.2,53.2,3855359
2013-05-15,54.15,54.26,54.09,54.17,54.17,4507745
2013-05-16,54.99,55.47,54.1,54.78,54.78,9654275
2013-05-17,55.55,55.68,55.17,55.43,55.43,7572772
2013-05-20,55.4,56.1,55.13,55.61,55.61,5886932
2013-05-21,56.04,56.68,55.76,56.22,56.22,3476229
2013-05-22,57.13,57.36,56.93,57.15,57.15,4241603
2013-05-23,56.48,57.06,56.26,56.66,56.66,5649459
2013-05-24,54.97,55.8,54.47,55.13,55.13,11562624
2013-05-27,55.44,55.89,54.88,55.38,55.38,2663283
2013-05-28,54.63,55.24,54.05,54.64,54.64,7655938
2013-05-29,54.41,55.31,53.77,54.54,54.54,6606901
2013-05-30,53.87,54.38,53.29,53.83,53.83,3208107
2013-05-31,54.41,54.51,54.24,54.38,54.38,2823462
2013-06-03,55.2,55.43,55.05,55.24,55.24,4929365
2013-06-04,54.49,55.11,54.07,54.59,54.59,4964306
2013-06-05,55.33,55.58,54.87,55.23,55.23,6543690
2013-06-06,55.82,56.33,55.64,55.99,55.99,5002784
2013-06-07,55.45,55.76,55.32,55.54,55.54,2900875
2013-06-10,54.52,55.43,54.12,54.77,54.77,4708798
2013-06-11,54.73,55.33,54.49,54.91,54.91,3678588
2013-06-12,54.79,54.87,54.65,54.76,54.76,5854901
2013-06-13,53.21,54.11,52.95,53.53,53.53,5569984
2013-06-14,52.14,52.25,51.67,51.96,51.96,12184416
2013-06-17,50.78,51.07,50.56,50.82,50.82,3747492
2013-06-18,49.58,50.02,49.24,49.63,49.63,5756499
2013-06-19,49.13,49.27,48.63,48.95,48.95,7061659
2013-06-20,48.41,48.52,48.07,48.3,48.3,5080433
2013-06-21,49.25,49.81,48.93,49.37,49.37,8903474
2013-06-24,49.36,49.43,49.21,49.32,49.32,5993320
2013-06-25,49.6,50.04,48.99,49.51,49.51,3766685
2013-06-26,50.5,50.82,50.42,50.62,50.62,5412693
2013-06-27,50.93,51.52,50.52,51.02,51.02,6081708
2013-06-28,50.84,51.02,50.35,50.68,50.68,4017446
2013-07-01,50.24,50.48,49.9,50.19,50.19,5022605
2013-07-02,49.89,50.2,49.42,49.81,49.81,11698547
2013-07-03,48.58,48.99,48.24,48.61,48.61,4839278
2013-07-04,49.06,49.75,48.8,49.27,49.27,4005925
2013-07-05,48.68,48.84,48.62,48.73,48.73,6925008
2013-07-08,49.14,49.47,48.74,49.11,49.11,1533867
2013-07-09,48.95,49.05,48.58,48.82,48.82,5107965
2013-07-10,48.78,49.14,48.15,48.64,48.64,2740205
2013-07-11,48.52,49.16,48.18,48.67,48.67,6284379
2013-07-12,49.99,50.53,49.39,49.96,49.96,5137271
2013-07-15,49.87,50.33,49.4,49.87,49.87,6502689
2013-07-16,48.93,49.43,48.48,48.96,48.96,6247643
2013-07-17,47.68,47.92,47.08,47.5,47.5,8423074
2013-07-18,47.52,48.0,47.3,47.65,47.65,4595939
2013-07-19,48.42,48.69,47.75,48.22,48.22,5410271
2013-07-22,47.49,47.59,47.39,47.49,47.49,4364998
2013-07-23,48.04,48.58,47.81,48.19,48.19,16763011
2013-07-24,49.54,49.83,48.96,49.4,49.4,7275215
2013-07-25,48.65,49.03,48.36,48.69,48.69,3518708
2013-07-26,46.65,46.98,45.97,46.48,46.48,4060880
2013-07-29,46.47,46.77,46.34,46.55,46.55,8269617
2013-07-30,46.56,47.61,46.27,46.94,46.94,3048595
2013-07-31,46.91,47.42,46.6,47.01,47.01,6110954
2013-08-01,45.44,46.22,45.19,45.71,45.71,5596007
2013-08-02,45.74,46.07,45.58,45.83,45.83,9614013
2013-08-05,46.5,46.9,46.23,46.56,46.56,6471640
2013-08-06,45.07,45.15,45.03,45.09,45.09,6233814
2013-08-07,44.33,44.64,44.21,44.43,44.43,8213220
2013-08-08,45.15,45.29,44.84,45.06,45.06,6318392
2013-08-09,44.94,45.42,44.54,44.98,44.98,4618811
2013-08-12,43.32,43.9,42.72,43.31,43.31,7514604
2013-08-13,42.83,43.49,42.54,43.02,43.02,3660002
2013-08-14,42.01,42.47,41.61,42.04,42.04,7415176
2013-08-15,42.78,42.86,42.45,42.66,42.66,3953658
2013-08-16,41.7,42.16,41.29,41.73,41.73,4871439
2013-08-19,42.01,42.26,41.55,41.9,41.9,11936547
2013-08-20,42.18,42.48,41.5,41.99,41.99,5521995
2013-08-21,42.88,43.07,42.16,42.62,42.62,4091329
2013-08-22,43.11,43.3,42.48,42.89,42.89,5151943
2013-08-23,43.3,43.62,42.24,42.93,42.93,4898674
2013-08-26,42.71,43.16,42.5,42.83,42.83,6939710
2013-08-27,43.84,44.13,43.48,43.81,43.81,7543747
2013-08-28,44.13,44.37,43.49,43.93,43.93,1877903
2013-08-29,44.49,45.06,44.07,44.56,44.56,6296195
2013-08-30,43.21,43.69,42.66,43.17,43.17,3202928
2013-09-02,42.33,43.06,42.14,42.6,42.6,4105859
2013-09-03,43.15,43.5,42.61,43.05,43.05,8134475
2013-09-04,41.89,42.02,41.84,41.93,41.93,8930748
2013-09-05,41.14,41.53,40.96,41.24,41.24,7325280
2013-09-06,42.49,43.07,42.24,42.65,42.65,3274785
2013-09-09,42.76,42.94,42.46,42.7,42.7,4757368
2013-09-10,42.28,42.44,41.97,42.21,42.21,8914391
2013-09-11,42.44,43.0,42.03,42.51,42.51,6455167
2013-09-12,43.09,43.23,42.67,42.95,42.95,3747875
2013-09-13,42.89,43.54,42.56,43.05,43.05,4356753
2013-09-16,43.14,43.36,42.95,43.16,43.16,3634019
2013-09-17,43.68,44.11,43.24,43.68,43.68,3465593
2013-09-18,43.02,43.4,42.79,43.1,43.1,4920347
2013-09-19,43.01,43.67,42.65,43.16,43.16,9453055
2013-09-20,42.05,42.31,41.75,42.03,42.03,5372597
2013-09-23,41.98,42.22,41.85,42.03,42.03,5984327
2013-09-24,43.19,43.43,42.68,43.06,43.06,9242784
2013-09-25,43.8,44.03,43.29,43.66,43.66,8116334
2013-09-26,42.94,43.28,42.66,42.97,42.97,5426796
2013-09-27,43.39,43.56,42.94,43.25,43.25,9777535
2013-09-30,43.29,43.81,42.95,43.38,43.38,3105230
2013-10-01,41.43,41.65,40.88,41.27,41.27,2388915
2013-10-02,40.67,41.16,40.34,40.75,40.75,6790668
2013-10-03,42.05,42.31,41.38,41.84,41.84,11797894
2013-10-04,41.73,42.07,41.41,41.74,41.74,9260994
2013-10-07,40.78,41.16,40.44,40.8,40.8,3444147
2013-10-08,41.01,41.32,40.68,41.0,41.0,2753221
2013-10-09,40.97,41.63,40.75,41.19,41.19,7197415
2013-10-10,40.45,40.72,39.82,40.27,40.27,6698097
2013-10-11,39.53,39.73,39.06,39.4,39.4,5251333
2013-10-14,40.25,40.48,39.48,39.98,39.98,6401712
2013-10-15,39.81,39.92,39.62,39.77,39.77,5701786
2013-10-16,39.47,40.19,39.26,39.73,39.73,4224989
2013-10-17,39.83,40.15,39.31,39.73,39.73,6132812
2013-10-18,39.22,39.52,38.42,38.97,38.97,3869424
2013-10-21,38.81,39.26,38.39,38.82,38.82,4990147
2013-10-22,39.31,39.95,38.88,39.42,39.42,9519290
2013-10-23,39.06,39.21,38.93,39.07,39.07,5525045
2013-10-24,38.79,39.17,38.17,38.67,38.67,4174884
2013-10-25,39.2,39.64,38.98,39.31,39.31,2657170
2013-10-28,39.32,39.59,38.99,39.29,39.29,4439502
2013-10-29,38.65,39.2,38.48,38.84,38.84,7063355
2013-10-30,38.75,38.93,38.5,38.71,38.71,6067501
2013-10-31,38.39,38.54,38.1,38.32,38.32,16733321
2013-11-01,38.21,38.8,37.81,38.3,38.3,3288474
2013-11-04,38.33,38.54,37.83,38.19,38.19,8393578
2013-11-05,37.4,38.15,37.16,37.65,37.65,4444872
2013-11-06,37.94,38.23,37.47,37.85,37.85,6039526
2013-11-07,37.84,38.16,37.59,37.87,37.87,5249855
2013-11-08,38.46,38.73,37.99,38.36,38.36,11774478
2013-11-11,39.68,39.98,39.09,39.54,39.54,2169869
2013-11-12,39.28,39.66,39.09,39.37,39.37,9594985
2013-11-13,39.5,39.92,39.09,39.51,39.51,10045052
2013-11-14,39.68,39.89,38.94,39.41,39.41,6706607
2013-11-15,38.72,39.11,38.55,38.83,38.83,7622100
2013-11-18,38.79,38.99,38.13,38.56,38.56,5816358
2013-11-19,38.47,38.85,38.27,38.56,38.56,4740948
2013-11-20,38.68,39.04,38.44,38.74,38.74,8388247
2013-11-21,38.39,38.81,38.21,38.51,38.51,5715445
2013-11-22,39.59,40.18,39.37,39.78,39.78,6604336
2013-11-25,39.46,39.62,38.91,39.26,39.26,3555286
2013-11-26,38.79,39.03,38.38,38.7,38.7,7917871
2013-11-27,38.48,38.97,37.96,38.46,38.46,3994684
2013-11-28,37.61,38.23,37.45,37.84,37.84,3312858
2013-11-29,37.51,37.79,37.42,37.6,37.6,4722849
2013-12-02,37.49,37.8,36.87,37.33,37.33,5855818
2013-12-03,37.64,37.99,37.47,37.73,37.73,9677771
2013-12-04,38.46,38.71,37.92,38.31,38.31,5361343
2013-12-05,36.88,37.28,36.66,36.97,36.97,6761139
2013-12-06,38.04,38.15,37.65,37.9,37.9,5086904
2013-12-09,39.14,39.39,38.46,38.93,38.93,6556517
2013-12-10,37.7,38.1,37.41,37.75,37.75,10693552
2013-12-11,37.28,37.54,37.03,37.28,37.28,1809765
2013-12-12,36.62,37.11,36.4,36.76,36.76,3962002
2013-12-13,36.86,36.98,36.39,36.69,36.69,7980737
2013-12-16,37.12,37.41,36.72,37.06,37.06,3845396
2013-12-17,37.73,37.8,37.44,37.62,37.62,8778782
2013-12-18,37.76,38.17,37.64,37.91,37.91,7315210
2013-12-19,38.39,38.84,38.12,38.48,38.48,7158091
2013-12-20,38.47,38.61,38.03,38.32,38.32,3038959
2013-12-23,38.32,38.67,38.01,38.34,38.34,8491011
2013-12-24,38.38,38.52,38.26,38.39,38.39,4983851
2013-12-25,38.23,38.63,38.1,38.36,38.36,5322733
2013-12-26,38.04,38.53,37.71,38.12,38.12,3562656
2013-12-27,38.39,38.89,38.15,38.52,38.52,4147562
2013-12-30,37.47,37.79,37.07,37.43,37.43,5065122
2013-12-31,37.45,37.6,37.16,37.38,37.38,3628288
2014-01-01,37.51,37.97,37.32,37.65,37.65,9249214
2014-01-02,37.28,37.98,37.01,37.5,37.5,6227758
2014-01-03,37.17,37.23,36.98,37.11,37.11,5037089
2014-01-06,36.86,37.08,36.76,36.92,36.92,5270092
2014-01-07,37.34,37.65,37.09,37.37,37.37,4375460
2014-01-08,38.12,38.33,37.77,38.05,38.05,7298153
2014-01-09,39.3,39.44,38.88,39.16,39.16,3819244
2014-01-10,38.62,38.83,38.42,38.62,38.62,5449330
2014-01-13,37.48,38.03,37.19,37.61,37.61,4226039
2014-01-14,39.37,39.75,39.25,39.5,39.5,5731185
2014-01-15,39.31,39.74,39.0,39.37,39.37,5765282
2014-01-16,39.65,40.3,39.4,39.85,39.85,7966636
2014-01-17,40.18,40.44,39.74,40.09,40.09,3130883
2014-01-20,40.68,41.1,40.47,40.79,40.79,7087678
2014-01-21,39.71,39.97,39.49,39.73,39.73,5791189
2014-01-22,39.66,40.08,39.4,39.74,39.74,14468383
2014-01-23,38.86,39.3,38.53,38.91,38.91,4662507
2014-01-24,38.34,38.54,38.04,38.29,38.29,4202113
2014-01-27,37.6,37.77,37.2,37.48,37.48,6196036
2014-01-28,38.72,39.02,38.24,38.63,38.63,6661673
2014-01-29,38.86,39.22,38.67,38.94,38.94,5206428
2014-01-30,38.62,39.29,38.37,38.83,38.83,13307346
2014-01-31,40.21,40.5,39.88,40.19,40.19,6972468
2014-02-03,39.41,39.48,39.19,39.34,39.34,4602340
2014-02-04,40.58,40.69,40.34,40.51,40.51,3900581
2014-02-05,42.1,42.37,41.41,41.89,41.89,3600741
2014-02-06,40.91,41.14,40.61,40.87,40.87,7786373
2014-02-07,42.2,42.3,41.78,42.04,42.04,8571275
2014-02-10,41.1,41.65,40.95,41.3,41.3,3728004
2014-02-11,40.63,40.97,40.32,40.65,40.65,2955821
2014-02-12,40.34,40.7,39.92,40.31,40.31,8447939
2014-02-13,42.13,42.3,41.51,41.9,41.9,4002368
2014-02-14,41.78,41.98,41.61,41.8,41.8,4722162
2014-02-17,42.41,42.55,42.1,42.32,42.32,4651997
2014-02-18,43.45,43.6,43.22,43.41,43.41,9472612
2014-02-19,42.5,42.72,42.25,42.49,42.49,5151686
2014-02-20,42.55,42.69,42.04,42.37,42.37,2234289
2014-02-21,41.91,42.33,41.77,42.05,42.05,3377469
2014-02-24,42.96,43.03,42.74,42.88,42.88,4101741
2014-02-25,43.35,43.56,42.97,43.26,43.26,4395421
2014-02-26,44.2,44.49,43.98,44.24,44.24,5120262
2014-02-27,43.8,44.3,43.42,43.86,43.86,6936791
2014-02-28,43.05,43.65,42.76,43.21,43.21,7898491
2014-03-03,42.03,42.46,41.77,42.11,42.11,5082620
2014-03-04,42.72,43.18,42.29,42.74,42.74,6406465
2014-03-05,42.77,43.02,42.22,42.62,42.62,6733819
2014-03-06,41.48,41.73,41.24,41.48,41.48,6553766
2014-03-07,40.98,41.23,40.85,41.04,41.04,5940017
2014-03-10,39.06,39.3,38.78,39.04,39.04,4646029
2014-03-11,38.28,38.47,37.71,38.09,38.09,3921647
2014-03-12,37.67,38.09,37.56,37.82,37.82,3615346
2014-03-13,36.53,36.62,36.36,36.49,36.49,3127296
2014-03-14,35.86,36.38,35.7,36.04,36.04,5967760
2014-03-17,36.43,36.72,36.12,36.42,36.42,5034269
2014-03-18,36.16,36.33,36.1,36.22,36.22,4444063
2014-03-19,36.45,36.6,36.24,36.42,36.42,3398039
2014-03-20,36.57,36.79,36.44,36.61,36.61,3754899
2014-03-21,35.49,35.81,35.4,35.6,35.6,3519348
2014-03-24,33.94,34.5,33.74,34.12,34.12,7750852
2014-03-25,34.13,34.48,33.76,34.12,34.12,2775592
2014-03-26,35.33,35.66,35.1,35.38,35.38,5505885
2014-03-27,35.23,35.41,34.83,35.12,35.12,3312748
2014-03-28,35.45,35.61,34.98,35.29,35.29,7592614
2014-03-31,35.7,36.42,35.33,35.87,35.87,12041635
2014-04-01,35.42,35.97,35.22,35.59,35.59,7605911
2014-04-02,35.24,35.31,35.07,35.19,35.19,11761402
2014-04-03,35.0,35.17,34.54,34.85,34.85,5174348
2014-04-04,35.17,35.35,34.94,35.14,35.14,7189909
2014-04-07,34.97,35.28,34.53,34.9,34.9,4003986
2014-04-08,34.72,34.82,34.35,34.59,34.59,11616031
2014-04-09,35.31,35.56,35.08,35.32,35.32,2305492
2014-04-10,34.37,34.8,34.15,34.47,34.47,5639564
2014-04-11,34.52,34.71,34.15,34.43,34.43,5251011
2014-04-14,34.43,34.81,34.03,34.42,34.42,6862281
2014-04-15,33.7,33.92,33.55,33.73,33.73,6672234
2014-04-16,33.08,33.58,32.67,33.13,33.13,5601450
2014-04-17,33.56,33.84,33.37,33.61,33.61,2515869
2014-04-18,33.24,33.81,32.98,33.39,33.39,3076529
2014-04-21,33.17,33.33,33.02,33.18,33.18,2308841
2014-04-22,33.38,33.79,33.06,33.43,33.43,4155433
2014-04-23,34.6,34.67,34.45,34.56,34.56,3354168
2014-04-24,34.59,34.91,34.45,34.68,34.68,6957919
2014-04-25,33.41,33.56,32.8,33.18,33.18,9163669
2014-04-28,32.95,33.43,32.61,33.02,33.02,6899459
2014-04-29,32.87,33.38,32.48,32.93,32.93,10699358
2014-04-30,33.31,33.68,33.07,33.37,33.37,2173476
2014-05-01,33.94,34.1,33.77,33.94,33.94,5105750
2014-05-02,34.66,34.95,34.2,34.57,34.57,3236613
2014-05-05,34.48,34.73,34.12,34.42,34.42,4930885
2014-05-06,34.0,34.43,33.83,34.13,34.13,7839161
2014-05-07,34.01,34.25,33.52,33.88,33.88,5253116
2014-05-08,33.74,33.8,33.6,33.7,33.7,5906335
2014-05-09,34.06,34.34,33.9,34.12,34.12,7688873
2014-05-12,34.58,34.71,34.17,34.44,34.44,3257236
2014-05-13,33.89,34.3,33.65,33.98,33.98,3877200
2014-05-14,33.79,34.03,33.5,33.76,33.76,11635699
2014-05-15,34.5,34.68,34.29,34.48,34.48,23959892
2014-05-16,35.06,35.26,34.8,35.03,35.03,5016530
2014-05-19,34.17,34.56,33.76,34.16,34.16,5086109
2014-05-20,34.01,34.43,33.33,33.88,33.88,6313097
2014-05-21,33.4,33.59,33.35,33.47,33.47,13094233
2014-05-22,33.98,34.52,33.78,34.15,34.15,6551108
2014-05-23,33.82,34.12,33.37,33.74,33.74,7041038
2014-05-26,33.49,33.61,33.29,33.45,33.45,7812543
2014-05-27,34.19,34.4,33.46,33.93,33.93,4188069
2014-05-28,32.21,32.63,31.94,32.29,32.29,4447837
2014-05-29,32.26,32.41,31.91,32.16,32.16,4805289
2014-05-30,32.85,32.99,32.67,32.83,32.83,8884541
2014-06-02,32.28,32.9,31.89,32.4,32.4,6452046
2014-06-03,33.52,33.76,33.44,33.6,33.6,2954567
2014-06-04,32.62,33.16,32.41,32.78,32.78,5350569
2014-06-05,33.61,33.73,33.28,33.5,33.5,3863105
2014-06-06,33.16,33.39,32.92,33.15,33.15,7891374
2014-06-09,33.52,33.64,33.1,33.37,33.37,3405652
2014-06-10,34.0,34.15,33.83,33.99,33.99,5382324
2014-06-11,34.06,34.3,33.87,34.09,34.09,6037106
2014-06-12,33.14,33.42,33.04,33.23,33.23,5879597
2014-06-13,33.29,33.85,33.04,33.44,33.44,5120844
2014-06-16,33.44,33.77,33.28,33.53,33.53,4253257
2014-06-17,32.91,33.49,32.68,33.08,33.08,2672367
2014-06-18,32.84,33.1,32.75,32.93,32.93,6741316
2014-06-19,33.48,33.63,33.03,33.33,33.33,6155175
2014-06-20,32.37,32.6,32.3,32.45,32.45,5356042
2014-06-23,32.2,32.41,31.99,32.2,32.2,3093772
2014-06-24,31.85,32.35,31.51,31.93,31.93,3136940
2014-06-25,31.73,31.96,31.37,31.66,31.66,5931852
2014-06-26,31.52,31.86,31.21,31.53,31.53,3911696
2014-06-27,31.58,32.3,31.23,31.76,31.76,5271435
2014-06-30,31.74,32.01,31.48,31.75,31.75,6141133
2014-07-01,32.31,32.63,32.12,32.37,32.37,11432496
2014-07-02,32.27,32.56,32.18,32.37,32.37,1175527
2014-07-03,33.11,33.32,32.89,33.11,33.11,6974806
2014-07-04,33.14,33.76,32.92,33.34,33.34,4434750
2014-07-07,33.18,33.43,32.93,33.18,33.18,4599877
2014-07-08,33.32,33.58,33.16,33.37,33.37,3016406
2014-07-09,33.74,34.08,33.6,33.84,33.84,4768855
2014-07-10,32.79,33.06,32.72,32.89,32.89,2888995
2014-07-11,32.6,32.82,32.46,32.64,32.64,5585977
2014-07-14,33.54,33.68,33.14,33.41,33.41,4741049
2014-07-15,34.04,34.39,33.77,34.08,34.08,3217654
2014-07-16,33.99,34.49,33.78,34.13,34.13,6314113
2014-07-17,33.9,34.24,33.77,34.0,34.0,5142056
2014-07-18,33.81,34.3,33.67,33.99,33.99,4302221
2014-07-21,34.08,34.51,33.87,34.19,34.19,10248329
2014-07-22,34.84,35.51,34.66,35.08,35.08,6810892
2014-07-23,34.77,35.67,34.49,35.08,35.08,5271332
2014-07-24,34.95,35.46,34.67,35.07,35.07,9103641
2014-07-25,34.5,34.62,34.2,34.41,34.41,7030474
2014-07-28,34.74,34.92,34.51,34.71,34.71,9490935
2014-07-29,34.33,34.53,34.08,34.3,34.3,3487229
2014-07-30,34.64,34.71,34.38,34.54,34.54,4768779
2014-07-31,34.59,34.61,34.57,34.59,34.59,5402314
2014-08-01,35.18,35.44,34.76,35.1,35.1,5332086
2014-08-04,34.86,35.19,34.63,34.91,34.91,4564773
2014-08-05,36.46,36.63,36.21,36.42,36.42,3844024
2014-08-06,35.96,36.65,35.78,36.22,36.22,5386689
2014-08-07,35.48,35.86,35.16,35.51,35.51,2670923
2014-08-08,34.77,35.11,34.58,34.85,34.85,4402549
2014-08-11,34.5,34.68,34.11,34.39,34.39,5746684
2014-08-12,33.94,34.37,33.82,34.09,34.09,6635207
2014-08-13,33.84,34.14,33.4,33.77,33.77,4575982
2014-08-14,34.46,34.73,34.03,34.38,34.38,5061061
2014-08-15,35.51,35.58,35.36,35.47,35.47,9137457
2014-08-18,35.24,35.44,35.17,35.3,35.3,8266545
2014-08-19,35.6,35.98,35.32,35.65,35.65,4962365
2014-08-20,35.36,35.52,34.94,35.23,35.23,7856738
2014-08-21,35.31,35.63,34.75,35.19,35.19,7054471
2014-08-22,36.16,36.29,36.07,36.18,36.18,3813381
2014-08-25,36.14,36.34,35.91,36.13,36.13,3844935
2014-08-26,35.7,36.05,35.32,35.68,35.68,7140817
2014-08-27,34.69,35.22,34.42,34.82,34.82,6145470
2014-08-28,35.29,35.42,34.99,35.21,35.21,5088029
2014-08-29,35.5,35.68,34.94,35.31,35.31,10213105
2014-09-01,35.15,35.36,34.82,35.09,35.09,4485957
2014-09-02,33.88,34.45,33.51,33.98,33.98,5132039
2014-09-03,34.66,35.03,34.51,34.77,34.77,6478906
2014-09-04,34.41,34.53,34.07,34.3,34.3,6034406
2014-09-05,34.32,34.5,34.09,34.3,34.3,4650022
2014-09-08,34.26,34.62,34.1,34.36,34.36,6344427
2014-09-09,35.33,35.72,35.18,35.45,35.45,8088366
2014-09-10,35.28,35.41,34.86,35.13,35.13,5688867
2014-09-11,35.49,35.9,35.08,35.49,35.49,4516832
2014-09-12,37.46,37.64,36.98,37.31,37.31,4443695
2014-09-15,37.43,37.45,37.42,37.43,37.43,13914691
2014-09-16,37.13,37.53,36.81,37.17,37.17,4365531
2014-09-17,37.58,37.6,37.57,37.58,37.58,6956163
2014-09-18,38.43,38.67,37.71,38.19,38.19,3294651
2014-09-19,38.19,38.52,37.83,38.17,38.17,6081267
2014-09-22,38.8,38.91,38.38,38.65,38.65,4142702
2014-09-23,37.98,38.3,37.68,37.99,37.99,4499656
2014-09-24,37.39,37.53,37.33,37.43,37.43,6419794
2014-09-25,38.55,38.93,38.34,38.64,38.64,10228402
2014-09-26,38.75,38.94,38.22,38.58,38.58,7038665
2014-09-29,39.56,39.61,39.54,39.58,39.58,8602096
2014-09-30,39.48,39.82,38.88,39.35,39.35,3977936
2014-10-01,38.73,38.98,38.48,38.73,38.73,5973086
2014-10-02,39.01,39.49,38.52,39.0,39.0,9870630
2014-10-03,37.58,38.03,37.29,37.66,37.66,9953496
2014-10-06,38.14,38.56,37.76,38.16,38.16,4594387
2014-10-07,38.91,39.46,38.64,39.05,39.05,5797797
2014-10-08,39.25,39.62,39.09,39.35,39.35,3803684
2014-10-09,38.67,38.93,38.41,38.67,38.67,6344763
2014-10-10,39.09,39.46,38.57,39.02,39.02,4459081
2014-10-13,39.2,39.48,38.6,39.04,39.04,4925598
2014-10-14,38.51,38.87,38.22,38.55,38.55,10958781
2014-10-15,39.55,39.68,39.23,39.45,39.45,5662131
2014-10-16,39.14,39.33,38.73,39.03,39.03,8033322
2014-10-17,38.95,39.28,38.79,39.04,39.04,3024902
2014-10-20,39.64,40.06,39.38,39.72,39.72,3972506
2014-10-21,39.91,40.37,39.76,40.07,40.07,7708310
2014-10-22,41.11,41.32,40.35,40.84,40.84,6975434
2014-10-23,41.83,42.16,41.52,41.84,41.84,5583283
2014-10-24,42.03,42.3,41.3,41.8,41.8,3607385
2014-10-27,42.17,42.55,41.96,42.26,42.26,8466003
2014-10-28,42.79,43.43,42.49,42.96,42.96,5802847
2014-10-29,43.15,43.44,42.95,43.19,43.19,4363125
2014-10-30,44.52,44.78,43.68,44.23,44.23,16418702
2014-10-31,43.28,43.94,43.0,43.47,43.47,3658683
2014-11-03,43.4,43.87,43.22,43.55,43.55,3234112
2014-11-04,42.76,43.06,42.27,42.67,42.67,8961521
2014-11-05,42.01,42.2,41.67,41.93,41.93,2868371
2014-11-06,41.1,41.23,41.07,41.15,41.15,4418226
2014-11-07,41.13,41.51,40.63,41.07,41.07,5829695
2014-11-10,41.51,41.67,41.06,41.37,41.37,6997200
2014-11-11,40.97,41.48,40.57,41.03,41.03,6096047
2014-11-12,41.93,42.26,41.37,41.82,41.82,8433963
2014-11-13,43.55,43.93,43.05,43.49,43.49,6225036
2014-11-14,42.7,42.96,42.64,42.8,42.8,8997492
2014-11-17,43.85,44.0,43.69,43.84,43.84,4445603
2014-11-18,44.91,45.48,44.65,45.07,45.07,4922769
2014-11-19,46.79,47.12,46.11,46.62,46.62,3982865
2014-11-20,46.31,46.58,45.95,46.27,46.27,3855253
2014-11-21,47.18,47.28,46.88,47.08,47.08,8375320
2014-11-24,47.14,47.51,46.58,47.04,47.04,14530730
2014-11-25,46.84,47.22,46.61,46.92,46.92,7611673
2014-11-26,47.11,47.39,47.03,47.21,47.21,5650325
2014-11-27,46.8,47.02,46.63,46.83,46.83,4635951
2014-11-28,45.9,46.25,45.58,45.92,45.92,3512788
2014-12-01,46.88,47.28,46.76,47.02,47.02,6890547
2014-12-02,46.97,47.4,46.29,46.85,46.85,7933893
2014-12-03,46.85,47.06,46.43,46.74,46.74,2931205
2014-12-04,46.05,46.31,45.36,45.83,45.83,5890040
2014-12-05,45.64,45.83,45.56,45.7,45.7,5518995
2014-12-08,44.75,45.19,44.42,44.81,44.81,5621501
2014-12-09,43.79,44.05,43.12,43.58,43.58,8414651
2014-12-10,42.66,43.22,42.32,42.77,42.77,4773745
2014-12-11,42.65,42.97,42.44,42.71,42.71,8437790
2014-12-12,43.71,44.42,43.44,43.93,43.93,5374149
2014-12-15,44.45,45.24,43.81,44.52,44.52,4696516
2014-12-16,46.63,46.97,46.38,46.67,46.67,4323662
2014-12-17,47.07,47.56,46.72,47.14,47.14,3756810
2014-12-18,45.47,46.21,45.06,45.64,45.64,4122509
2014-12-19,44.98,45.13,44.79,44.96,44.96,10281226
2014-12-22,44.94,45.31,44.7,45.01,45.01,9036846
2014-12-23,46.16,46.49,45.91,46.2,46.2,3779854
2014-12-24,45.9,46.5,45.68,46.09,46.09,3111939
2014-12-25,46.53,46.76,46.15,46.45,46.45,8529505
2014-12-26,45.73,46.31,45.43,45.87,45.87,6527430
2014-12-29,44.88,44.93,44.7,44.82,44.82,5558759
2014-12-30,44.12,44.2,43.96,44.08,44.08,9256185
2014-12-31,45.44,45.93,45.31,45.62,45.62,5494985
2015-01-01,46.2,46.99,45.76,46.37,46.37,5659424
2015-01-02,47.21,47.42,46.73,47.07,47.07,2831152
2015-01-05,46.28,46.88,46.01,46.44,46.44,3828139
2015-01-06,45.94,46.72,45.7,46.21,46.21,7394088
2015-01-07,45.5,45.64,45.22,45.43,45.43,4601338
2015-01-08,45.07,45.13,44.99,45.06,45.06,8391556
2015-01-09,44.97,45.46,44.63,45.04,45.04,7713247
2015-01-12,45.53,45.67,45.03,45.35,45.35,6677956
2015-01-13,45.74,46.09,45.41,45.75,45.75,7846160
2015-01-14,44.62,44.89,43.82,44.35,44.35,10298193
2015-01-15,44.92,45.15,44.78,44.96,44.96,9470907
2015-01-16,46.5,46.97,46.27,46.62,46.62,6002970
2015-01-19,46.6,47.0,46.4,46.7,46.7,3284015
2015-01-20,45.9,46.24,45.61,45.93,45.93,6912875
2015-01-21,46.77,47.45,46.36,46.91,46.91,4400465
2015-01-22,47.17,47.62,46.26,46.94,46.94,3348488
2015-01-23,45.34,45.98,45.12,45.55,45.55,4464377
2015-01-26,46.44,46.99,46.11,46.55,46.55,9612670
2015-01-27,46.86,47.54,46.65,47.1,47.1,2176692
2015-01-28,46.81,47.27,46.12,46.69,46.69,14015037
2015-01-29,46.57,46.85,45.54,46.2,46.2,7586635
2015-01-30,46.67,47.24,46.5,46.87,46.87,5374819
2015-02-02,47.36,47.68,46.81,47.24,47.24,7170313
2015-02-03,47.35,47.71,46.43,47.07,47.07,5794765
2015-02-04,47.6,48.02,47.11,47.57,47.57,4208712
2015-02-05,47.57,47.82,47.08,47.45,47.45,7723093
2015-02-06,46.73,47.31,46.49,46.9,46.9,6977849
2015-02-09,48.43,48.62,48.34,48.48,48.48,3571444
2015-02-10,47.32,47.83,47.09,47.46,47.46,3248181
2015-02-11,46.68,46.86,46.25,46.55,46.55,7801767
2015-02-12,46.93,47.55,46.76,47.16,47.16,10460544
2015-02-13,46.96,47.6,46.42,47.01,47.01,6886831
2015-02-16,46.68,47.43,46.17,46.8,46.8,4197143
2015-02-17,46.93,47.47,46.74,47.11,47.11,6838580
2015-02-18,45.74,46.21,45.5,45.86,45.86,7007517
2015-02-19,46.13,46.4,45.92,46.16,46.16,4997063
2015-02-20,45.45,45.65,45.35,45.5,45.5,7453084
2015-02-23,45.18,45.63,44.79,45.21,45.21,7548318
2015-02-24,45.22,45.85,44.84,45.35,45.35,3803016
2015-02-25,45.99,46.38,45.16,45.77,45.77,4473351
2015-02-26,46.02,46.78,45.65,46.22,46.22,3306263
2015-02-27,45.84,46.37,45.28,45.83,45.83,9000161
2015-03-02,46.04,46.78,45.68,46.23,46.23,5315949
2015-03-03,46.79,46.93,46.36,46.65,46.65,4097464
2015-03-04,47.03,47.25,46.26,46.75,46.75,6113610
2015-03-05,46.52,46.79,45.93,46.36,46.36,8344246
2015-03-06,46.6,46.79,46.32,46.56,46.56,5594662
2015-03-09,47.47,48.08,47.31,47.7,47.7,3961806
2015-03-10,46.69,47.12,46.44,46.78,46.78,7682427
2015-03-11,48.25,48.42,47.89,48.15,48.15,2531304
2015-03-12,48.42,48.89,48.27,48.58,48.58,5723814
2015-03-13,48.69,49.12,47.74,48.43,48.43,4765566
2015-03-16,47.8,48.28,47.55,47.91,47.91,5673713
2015-03-17,45.63,46.03,45.12,45.58,45.58,6040876
2015-03-18,45.12,45.26,44.95,45.11,45.11,4597461
2015-03-19,45.33,45.35,45.29,45.32,45.32,6634424
2015-03-20,44.69,45.12,44.5,44.81,44.81,5153093
2015-03-23,45.19,45.41,44.47,44.94,44.94,6363219
2015-03-24,44.67,45.19,44.13,44.66,44.66,5029532
2015-03-25,45.12,45.45,44.61,45.03,45.03,3565765
2015-03-26,45.27,45.59,44.81,45.2,45.2,3212426
2015-03-27,43.88,44.23,43.56,43.9,43.9,8640619
2015-03-30,45.26,45.4,45.15,45.27,45.27,4444797
2015-03-31,45.43,45.78,45.23,45.51,45.51,5440984
2015-04-01,45.0,45.59,44.71,45.15,45.15,4891433
2015-04-02,45.97,46.56,45.79,46.17,46.17,4932820
2015-04-03,46.61,46.86,46.42,46.64,46.64,7122961
2015-04-06,45.88,46.04,45.51,45.77,45.77,6167765
2015-04-07,45.77,46.07,45.41,45.74,45.74,4818427
2015-04-08,45.72,45.98,45.39,45.69,45.69,2518913
2015-04-09,46.03,46.41,45.44,45.93,45.93,3521718
2015-04-10,45.94,46.14,45.4,45.77,45.77,6954229
2015-04-13,46.44,46.72,45.75,46.24,46.24,4375392
2015-04-14,45.31,45.61,45.09,45.35,45.35,6592973
2015-04-15,45.79,46.11,45.46,45.78,45.78,2461137
2015-04-16,45.01,45.26,44.93,45.09,45.09,6122046
2015-04-17,44.37,44.87,43.99,44.43,44.43,8891777
2015-04-20,44.54,44.86,43.87,44.36,44.36,4838379
2015-04-21,43.86,44.07,43.81,43.94,43.94,4036522
2015-04-22,42.97,43.37,42.77,43.07,43.07,7056953
2015-04-23,44.2,44.45,43.68,44.07,44.07,5386340
2015-04-24,44.24,44.41,43.91,44.16,44.16,6134101
2015-04-27,43.77,44.21,42.99,43.6,43.6,6863343
2015-04-28,44.82,45.1,44.17,44.64,44.64,4660824
2015-04-29,44.08,44.67,43.92,44.29,44.29,7299207
2015-04-30,43.95,44.12,43.3,43.71,43.71,5240502
2015-05-01,44.2,44.45,43.85,44.15,44.15,2740929
2015-05-04,44.6,44.88,44.43,44.66,44.66,8595724
2015-05-05,46.22,46.9,45.61,46.26,46.26,6822764
2015-05-06,45.39,45.59,44.97,45.28,45.28,8804108
2015-05-07,44.3,44.55,44.1,44.33,44.33,3770294
2015-05-08,43.54,43.81,43.19,43.5,43.5,6687944
2015-05-11,44.26,44.61,43.99,44.3,44.3,6096706
2015-05-12,45.18,45.66,44.96,45.31,45.31,3988571
2015-05-13,45.49,45.8,45.36,45.58,45.58,11370372
2015-05-14,45.8,46.02,45.28,45.65,45.65,4018634
2015-05-15,46.13,46.61,45.72,46.17,46.17,16426707
2015-05-18,45.45,45.9,45.13,45.51,45.51,4619208
2015-05-19,46.26,46.39,45.75,46.07,46.07,3745905
2015-05-20,46.11,46.61,45.72,46.16,46.16,4382841
2015-05-21,48.32,49.15,47.91,48.53,48.53,7121593
2015-05-22,48.25,48.63,47.62,48.12,48.12,2615906
2015-05-25,48.14,49.14,47.48,48.31,48.31,6241464
2015-05-26,48.61,49.15,48.32,48.73,48.73,6139984
2015-05-27,48.36,48.56,47.97,48.27,48.27,8303912
2015-05-28,48.61,49.03,47.98,48.5,48.5,3920334
2015-05-29,47.5,47.96,47.2,47.58,47.58,7113518
2015-06-01,47.95,48.25,47.66,47.95,47.95,4180030
2015-06-02,49.68,50.3,49.3,49.8,49.8,3242369
2015-06-03,49.96,50.35,49.82,50.08,50.08,4788372
2015-06-04,50.33,50.46,49.96,50.21,50.21,3952282
2015-06-05,49.0,49.52,48.58,49.05,49.05,6968208
2015-06-08,49.05,49.18,48.54,48.86,48.86,3819831
2015-06-09,49.71,49.91,48.96,49.43,49.43,3991148
2015-06-10,48.09,48.09,48.08,48.09,48.09,6884112
2015-06-11,47.7,47.88,47.38,47.63,47.63,6778072
2015-06-12,47.01,47.54,46.63,47.08,47.08,5779682
2015-06-15,47.44,48.04,47.22,47.63,47.63,2923190
2015-06-16,48.57,48.91,48.01,48.46,48.46,2865478
2015-06-17,47.34,47.55,46.99,47.27,47.27,5786163
2015-06-18,47.77,48.04,47.13,47.59,47.59,4921249
2015-06-19,48.93,49.12,48.24,48.68,48.68,5008590
2015-06-22,47.78,48.0,47.69,47.85,47.85,6790259
2015-06-23,47.84,48.28,47.65,47.96,47.96,4016747
2015-06-24,47.82,48.01,47.26,47.63,47.63,4253635
2015-06-25,46.47,46.85,46.17,46.51,46.51,6417268
2015-06-26,44.58,44.91,44.05,44.48,44.48,6013497
2015-06-29,44.19,44.51,43.91,44.21,44.21,5049847
2015-06-30,43.76,44.26,43.59,43.92,43.92,4753067
2015-07-01,43.62,43.82,43.2,43.51,43.51,5471431
2015-07-02,43.57,44.0,43.31,43.66,43.66,8429241
2015-07-03,42.77,42.93,42.17,42.55,42.55,3502367
2015-07-06,40.97,41.44,40.82,41.13,41.13,3939687
2015-07-07,40.75,41.2,40.13,40.66,40.66,4923007
2015-07-08,40.43,40.61,40.17,40.39,40.39,6154559
2015-07-09,40.03,40.23,39.67,39.95,39.95,7733522
2015-07-10,40.14,40.32,39.9,40.11,40.11,4117281
2015-07-13,41.63,41.83,41.21,41.52,41.52,4912810
2015-07-14,41.96,42.31,41.5,41.9,41.9,8256761
2015-07-15,42.36,42.51,41.97,42.24,42.24,7000385
2015-07-16,41.53,41.8,41.36,41.58,41.58,13176802
2015-07-17,41.36,42.01,41.1,41.56,41.56,9237717
2015-07-20,42.81,43.24,42.15,42.69,42.69,5164234
2015-07-21,42.55,42.85,41.8,42.32,42.32,7737370
2015-07-22,42.99,43.23,42.88,43.06,43.06,3252380
2015-07-23,43.5,43.69,42.96,43.33,43.33,6520442
2015-07-24,43.07,43.44,42.82,43.13,43.13,9535414
2015-07-27,43.12,43.34,42.62,42.98,42.98,7275996
2015-07-28,43.15,43.55,42.97,43.26,43.26,3537098
2015-07-29,43.45,43.65,43.18,43.41,43.41,4997547
2015-07-30,43.19,43.82,42.9,43.36,43.36,9721786
2015-07-31,43.12,43.22,43.05,43.14,43.14,3608175
2015-08-03,43.16,43.28,42.97,43.12,43.12,10134738
2015-08-04,42.75,43.36,42.3,42.83,42.83,4521663
2015-08-05,42.77,42.95,42.69,42.82,42.82,6338545
2015-08-06,43.11,43.52,42.65,43.08,43.08,2436582
2015-08-07,42.56,42.89,42.17,42.53,42.53,3813102
2015-08-10,42.74,43.08,42.53,42.81,42.81,3813676
2015-08-11,42.71,43.04,42.42,42.73,42.73,4658023
2015-08-12,41.67,41.99,41.08,41.53,41.53,4887928
2015-08-13,42.81,43.23,42.48,42.86,42.86,3509203
2015-08-14,42.64,42.92,42.49,42.7,42.7,4311375
2015-08-17,42.81,43.14,42.72,42.93,42.93,8740723
2015-08-18,41.25,41.62,41.07,41.35,41.35,4755308
2015-08-19,41.37,41.41,41.24,41.33,41.33,8567148
2015-08-20,41.93,42.06,41.84,41.95,41.95,3542925
2015-08-21,41.67,41.96,41.45,41.7,41.7,11235361
2015-08-24,40.6,41.02,40.31,40.67,40.67,3447489
2015-08-25,40.1,40.44,39.84,40.14,40.14,4674383
2015-08-26,40.82,41.51,40.41,40.96,40.96,6420187
2015-08-27,41.04,41.67,40.7,41.19,41.19,13732008
2015-08-28,42.22,42.57,41.82,42.19,42.19,5328822
2015-08-31,41.81,41.98,41.63,41.81,41.81,6094321
2015-09-01,42.21,42.61,41.66,42.14,42.14,3613661
2015-09-02,42.75,42.88,42.33,42.6,42.6,8449608
2015-09-03,41.68,41.99,41.52,41.76,41.76,4622959
2015-09-04,41.8,42.2,41.65,41.93,41.93,4502850
2015-09-07,42.96,43.35,42.48,42.92,42.92,9762754
2015-09-08,44.34,44.52,43.84,44.18,44.18,4832571
2015-09-09,45.13,45.35,44.78,45.06,45.06,6976360
2015-09-10,44.42,45.0,44.06,44.53,44.53,7262815
2015-09-11,44.31,44.5,43.82,44.16,44.16,8076951
2015-09-14,45.27,45.46,44.98,45.22,45.22,4644393
2015-09-15,45.61,45.63,45.56,45.6,45.6,3009034
2015-09-16,45.53,45.73,44.78,45.25,45.25,4530485
2015-09-17,45.82,45.98,45.62,45.8,45.8,3601756
2015-09-18,46.95,47.56,46.12,46.84,46.84,6525887
2015-09-21,46.52,46.7,46.02,46.36,46.36,6515912
2015-09-22,46.26,46.75,45.86,46.3,46.3,3563387
2015-09-23,45.95,46.33,45.75,46.04,46.04,4888932
2015-09-24,43.53,44.33,43.26,43.79,43.79,5906811
2015-09-25,43.7,43.76,43.69,43.72,43.72,7343655
2015-09-28,44.07,44.23,43.63,43.93,43.93,9189521
2015-09-29,44.85,45.24,44.67,44.96,44.96,7407368
2015-09-30,43.81,44.14,43.1,43.62,43.62,2502045
2015-10-01,43.15,43.49,43.0,43.24,43.24,6019682
2015-10-02,43.28,43.79,43.03,43.41,43.41,5083016
2015-10-05,43.94,44.22,43.31,43.76,43.76,4239927
2015-10-06,43.83,44.06,43.6,43.83,43.83,6012367
2015-10-07,43.76,44.03,43.54,43.78,43.78,6254733
2015-10-08,44.21,44.56,43.81,44.18,44.18,3681814
2015-10-09,44.32,44.84,44.11,44.47,44.47,8192388
2015-10-12,43.58,43.77,43.23,43.5,43.5,3799539
2015-10-13,43.44,43.58,43.34,43.46,43.46,4317230
2015-10-14,43.42,43.68,43.02,43.35,43.35,7498081
2015-10-15,44.18,44.47,43.49,43.98,43.98,8008928
2015-10-16,43.88,44.24,43.67,43.95,43.95,3322664
2015-10-19,42.95,43.51,42.69,43.1,43.1,4820066
2015-10-20,43.5,44.01,43.31,43.66,43.66,4634172
2015-10-21,45.14,45.8,44.85,45.32,45.32,4694286
2015-10-22,44.87,45.34,44.58,44.96,44.96,5383967
2015-10-23,43.77,43.81,43.72,43.77,43.77,3473768
2015-10-26,43.94,44.6,43.5,44.05,44.05,5336487
2015-10-27,44.43,44.6,44.19,44.39,44.39,7025102
2015-10-28,45.75,46.27,45.52,45.9,45.9,3139340
2015-10-29,45.56,45.9,45.17,45.53,45.53,2339270
2015-10-30,45.95,46.24,45.43,45.84,45.84,3896549
2015-11-02,43.92,44.29,43.72,44.0,44.0,4248687
2015-11-03,44.18,44.34,43.66,44.0,44.0,4624530
2015-11-04,44.12,44.29,43.46,43.87,43.87,5790360
2015-11-05,45.16,45.42,44.58,45.0,45.0,3968992
2015-11-06,44.38,44.55,44.23,44.39,44.39,5239217
2015-11-09,44.69,44.92,44.63,44.77,44.77,4104620
2015-11-10,44.84,44.98,44.28,44.63,44.63,4004977
2015-11-11,44.8,45.13,44.62,44.88,44.88,4746289
2015-11-12,44.73,44.93,44.57,44.75,44.75,8139673
2015-11-13,44.92,45.15,44.55,44.85,44.85,4364414
2015-11-16,44.5,44.8,44.32,44.56,44.56,6772080
2015-11-17,45.13,45.41,44.37,44.89,44.89,2737232
2015-11-18,45.49,45.86,45.0,45.43,45.43,3262949
2015-11-19,46.7,46.85,46.57,46.71,46.71,4552083
2015-11-20,46.03,46.62,45.82,46.22,46.22,4870325
2015-11-23,45.86,46.03,45.57,45.8,45.8,2663307
2015-11-24,45.31,45.82,44.95,45.38,45.38,8804797
2015-11-25,46.18,46.53,45.6,46.06,46.06,4544971
2015-11-26,47.45,47.87,46.8,47.34,47.34,2973537
2015-11-27,47.8,48.26,47.5,47.88,47.88,5555097
2015-11-30,48.62,48.92,48.3,48.61,48.61,7535067
2015-12-01,49.64,49.86,49.52,49.69,49.69,5185002
2015-12-02,50.67,51.54,50.24,50.89,50.89,5459010
2015-12-03,51.85,52.78,51.52,52.15,52.15,4800364
2015-12-04,52.06,52.23,51.54,51.89,51.89,4495885
2015-12-07,52.12,52.73,51.86,52.3,52.3,12153953
2015-12-08,52.24,52.78,51.78,52.28,52.28,4509441
2015-12-09,51.62,52.01,51.47,51.74,51.74,8601753
2015-12-10,50.91,51.13,50.29,50.71,50.71,3927492
2015-12-11,50.45,50.73,49.9,50.32,50.32,2881557
2015-12-14,49.41,50.07,49.22,49.64,49.64,3048611
2015-12-15,49.27,49.55,49.17,49.36,49.36,3153946
2015-12-16,49.84,50.18,48.93,49.56,49.56,4989154
2015-12-17,49.96,50.62,49.71,50.16,50.16,4789665
2015-12-18,51.13,51.26,50.89,51.08,51.08,6239957
2015-12-21,51.27,51.35,51.12,51.23,51.23,5010390
2015-12-22,51.83,52.03,51.11,51.57,51.57,9120257
2015-12-23,50.52,51.25,50.23,50.74,50.74,2481362
2015-12-24,49.87,50.07,49.35,49.71,49.71,4185601
2015-12-25,49.53,50.4,49.23,49.81,49.81,9889396
2015-12-28,48.24,48.91,48.08,48.49,48.49,4335620
2015-12-29,49.31,49.83,48.85,49.34,49.34,6362847
2015-12-30,48.36,48.96,47.76,48.36,48.36,6132503
2015-12-31,46.7,47.13,46.07,46.6,46.6,4810677
2016-01-01,46.6,46.93,46.47,46.7,46.7,5250234
2016-01-04,46.78,47.46,46.54,47.0,47.0,5825659
2016-01-05,45.49,45.95,45.12,45.53,45.53,6308841
2016-01-06,44.54,44.79,44.13,44.46,44.46,4623547
2016-01-07,44.89,45.47,44.7,45.09,45.09,8514436
2016-01-08,44.59,45.17,43.9,44.53,44.53,5646270
2016-01-11,45.28,45.67,44.92,45.29,45.29,5244921
2016-01-12,45.7,46.27,45.49,45.88,45.88,7549777
2016-01-13,44.77,45.06,44.15,44.6,44.6,3241458
2016-01-14,44.53,45.05,44.22,44.64,44.64,3392517
2016-01-15,43.24,43.57,42.77,43.17,43.17,3054877
2016-01-18,43.31,43.56,42.71,43.13,43.13,9584416
2016-01-19,41.92,42.76,41.5,42.13,42.13,5821583
2016-01-20,42.34,42.68,42.15,42.42,42.42,5218838
2016-01-21,42.43,42.95,42.2,42.58,42.58,1931480
2016-01-22,41.59,42.09,41.26,41.68,41.68,3160882
2016-01-25,41.1,41.64,40.77,41.2,41.2,2808972
2016-01-26,41.68,42.04,41.12,41.58,41.58,7350270
2016-01-27,41.18,41.34,40.58,40.96,40.96,7519187
2016-01-28,41.44,41.84,41.02,41.43,41.43,5384216
2016-01-29,41.48,41.77,41.24,41.51,41.51,6312906
2016-02-01,41.34,41.62,41.18,41.4,41.4,10705398
2016-02-02,42.18,42.41,41.73,42.07,42.07,3395661
2016-02-03,42.31,42.77,42.13,42.45,42.45,4062579
2016-02-04,42.14,42.66,41.77,42.22,42.22,6105959
2016-02-05,42.43,42.57,42.37,42.47,42.47,2418561
2016-02-08,42.69,43.02,42.4,42.71,42.71,8106130
2016-02-09,40.89,41.34,40.68,41.01,41.01,2462635
2016-02-10,41.01,41.21,40.63,40.92,40.92,6328059
2016-02-11,42.06,42.61,41.49,42.05,42.05,7482901
2016-02-12,40.96,41.24,40.56,40.9,40.9,5651025
2016-02-15,39.98,40.75,39.6,40.17,40.17,3456786
2016-02-16,39.78,39.81,39.73,39.77,39.77,4511937
2016-02-17,41.13,41.43,40.77,41.1,41.1,13624950
2016-02-18,40.32,40.83,40.04,40.43,40.43,7569196
2016-02-19,40.22,40.4,39.51,39.96,39.96,7927872
2016-02-22,40.54,40.81,40.07,40.44,40.44,3869992
2016-02-23,39.87,40.26,39.52,39.89,39.89,3981041
2016-02-24,39.3,39.54,39.0,39.27,39.27,9429407
2016-02-25,39.02,39.09,38.93,39.01,39.01,5761819
2016-02-26,38.94,39.16,38.58,38.87,38.87,4738020
2016-02-29,39.59,39.72,39.36,39.54,39.54,5686124
2016-03-01,40.55,40.72,40.13,40.43,40.43,6785943
2016-03-02,40.72,41.06,40.56,40.81,40.81,4158876
2016-03-03,40.31,40.74,40.19,40.46,40.46,7828560
2016-03-04,41.1,41.13,41.02,41.08,41.08,3769361
2016-03-07,42.16,42.62,41.51,42.06,42.06,3018133
2016-03-08,41.77,42.42,41.58,42.0,42.0,6831517
2016-03-09,42.68,42.85,42.2,42.53,42.53,6229088
2016-03-10,41.51,41.92,41.37,41.65,41.65,3754883
2016-03-11,40.77,41.68,40.53,41.11,41.11,7287619
2016-03-14,39.99,40.69,39.78,40.24,40.24,2913305
2016-03-15,39.32,39.96,39.03,39.49,39.49,5898612
2016-03-16,40.14,40.6,39.89,40.25,40.25,6073636
2016-03-17,40.08,40.41,39.94,40.17,40.17,6627398
2016-03-18,40.77,41.19,40.66,40.93,40.93,4282074
2016-03-21,41.45,41.7,40.89,41.29,41.29,8222182
2016-03-22,41.86,42.18,41.31,41.75,41.75,4803736
2016-03-23,41.77,41.95,41.2,41.57,41.57,6118999
2016-03-24,41.12,41.41,40.7,41.06,41.06,6494432
2016-03-25,40.47,40.66,40.18,40.42,40.42,4595394
2016-03-28,41.23,41.45,40.95,41.2,41.2,5149175
2016-03-29,41.17,41.71,40.91,41.31,41.31,3825692
2016-03-30,41.0,41.24,40.63,40.93,40.93,5620077
2016-03-31,40.65,41.2,40.33,40.76,40.76,4011426
2016-04-01,41.14,41.27,41.04,41.16,41.16,11462704
2016-04-04,41.19,41.49,40.67,41.08,41.08,5925335
2016-04-05,41.95,42.15,41.3,41.72,41.72,3356870
2016-04-06,41.31,41.53,40.73,41.13,41.13,3682055
2016-04-07,41.35,41.66,41.06,41.36,41.36,4694681
2016-04-08,40.45,40.77,40.17,40.47,40.47,5957074
2016-04-11,40.02,40.22,39.38,39.8,39.8,6268935
2016-04-12,41.03,41.33,40.27,40.8,40.8,5242316
2016-04-13,40.79,41.01,40.28,40.64,40.64,8323185
2016-04-14,40.74,40.91,40.32,40.62,40.62,7446447
2016-04-15,40.37,40.7,39.86,40.28,40.28,9001557
2016-04-18,39.05,39.27,38.66,38.96,38.96,5094425
2016-04-19,39.69,39.9,39.29,39.6,39.6,3335524
2016-04-20,39.55,40.4,39.28,39.84,39.84,3166961
2016-04-21,40.31,40.57,40.0,40.29,40.29,6558366
2016-04-22,40.46,40.84,40.14,40.49,40.49,4726608
2016-04-25,40.92,41.09,40.6,40.85,40.85,5162801
2016-04-26,40.82,41.01,40.33,40.67,40.67,3621256
2016-04-27,41.34,41.55,41.08,41.31,41.31,4320455
2016-04-28,41.03,41.64,40.78,41.21,41.21,7131277
2016-04-29,41.14,41.68,41.01,41.34,41.34,5565494
2016-05-02,42.16,42.34,42.03,42.19,42.19,4310348
2016-05-03,42.07,42.25,41.64,41.94,41.94,4033090
2016-05-04,41.61,42.15,41.23,41.69,41.69,4819692
2016-05-05,42.52,42.83,41.98,42.41,42.41,9727363
2016-05-06,42.77,42.96,42.18,42.57,42.57,8194615
2016-05-09,43.34,43.83,43.01,43.42,43.42,4583191
2016-05-10,43.19,43.52,43.02,43.27,43.27,7470235
2016-05-11,44.6,44.99,44.09,44.54,44.54,2310561
2016-05-12,44.16,44.54,43.79,44.17,44.17,3005176
2016-05-13,44.86,45.17,44.76,44.96,44.96,2553529
2016-05-16,44.45,44.6,44.3,44.45,44.45,5760102
2016-05-17,44.49,44.82,44.1,44.46,44.46,4812173
2016-05-18,44.52,44.96,44.25,44.61,44.61,6578284
2016-05-19,46.2,46.31,46.04,46.17,46.17,3724559
2016-05-20,45.15,45.26,44.9,45.08,45.08,4464008
2016-05-23,45.62,46.41,45.22,45.82,45.82,9081918
2016-05-24,45.74,46.16,45.57,45.87,45.87,6017987
2016-05-25,44.61,44.72,44.29,44.5,44.5,5442550
2016-05-26,45.46,46.09,45.18,45.64,45.64,4622523
2016-05-27,45.19,45.68,44.72,45.2,45.2,4345105
2016-05-30,45.03,45.25,44.39,44.82,44.82,4910578
2016-05-31,44.19,44.63,43.77,44.2,44.2,3412367
2016-06-01,43.42,43.81,43.28,43.54,43.54,5902177
2016-06-02,43.92,44.63,43.71,44.17,44.17,9403168
2016-06-03,43.41,43.73,43.27,43.5,43.5,5552265
2016-06-06,43.86,44.04,43.52,43.78,43.78,3969106
2016-06-07,44.12,44.21,43.92,44.07,44.07,5443989
2016-06-08,43.29,43.74,43.01,43.37,43.37,6358631
2016-06-09,43.83,44.36,43.49,43.93,43.93,4665454
2016-06-10,41.87,42.56,41.49,42.02,42.02,3295867
2016-06-13,42.09,42.56,41.93,42.25,42.25,7218865
2016-06-14,41.93,42.42,41.57,42.0,42.0,7487990
2016-06-15,42.29,42.57,41.94,42.25,42.25,8230913
2016-06-16,43.25,43.34,43.18,43.26,43.26,8212540
2016-06-17,42.21,42.65,42.04,42.35,42.35,5357409
2016-06-20,42.33,42.44,42.05,42.24,42.24,9440652
2016-06-21,41.64,42.37,41.23,41.8,41.8,9050973
2016-06-22,41.54,41.93,41.41,41.67,41.67,6835682
2016-06-23,40.67,40.86,40.32,40.59,40.59,6429114
2016-06-24,41.55,41.65,41.37,41.51,41.51,7817039
2016-06-27,40.8,41.01,40.74,40.88,40.88,4742257
2016-06-28,41.19,41.53,40.58,41.05,41.05,3975305
2016-06-29,41.37,41.57,40.86,41.21,41.21,5286389
2016-06-30,40.97,41.22,40.56,40.89,40.89,4402662
2016-07-01,40.11,40.37,40.02,40.2,40.2,3746005
2016-07-04,39.72,40.25,39.43,39.84,39.84,4317576
2016-07-05,40.1,40.4,39.75,40.08,40.08,3737968
2016-07-06,40.11,40.36,39.97,40.16,40.16,7052665
2016-07-07,40.75,41.15,40.56,40.85,40.85,3471964
2016-07-08,41.22,41.74,41.05,41.39,41.39,4462163
2016-07-11,41.57,41.91,41.18,41.54,41.54,4056877
2016-07-12,42.05,42.29,41.89,42.09,42.09,7973329
2016-07-13,42.17,42.21,42.15,42.18,42.18,6849426
2016-07-14,42.34,42.86,42.01,42.43,42.43,6946751
2016-07-15,43.04,43.64,42.61,43.13,43.13,5658129
2016-07-18,43.56,43.77,43.45,43.61,43.61,3404235
2016-07-19,44.4,44.56,44.14,44.35,44.35,6510177
2016-07-20,42.97,43.51,42.69,43.1,43.1,3812823
2016-07-21,42.88,43.25,42.05,42.65,42.65,7809585
2016-07-22,41.83,42.74,41.57,42.15,42.15,6290828
2016-07-25,42.63,43.0,42.4,42.7,42.7,5090276
2016-07-26,43.2,43.72,42.83,43.27,43.27,3925031
2016-07-27,43.49,43.8,43.06,43.43,43.43,7761529
2016-07-28,43.21,43.46,42.88,43.17,43.17,6951052
2016-07-29,42.74,43.06,42.6,42.83,42.83,4817980
2016-08-01,42.34,42.74,42.14,42.44,42.44,6408238
2016-08-02,42.29,42.73,42.18,42.46,42.46,3800374
2016-08-03,41.64,41.88,41.08,41.48,41.48,4481949
2016-08-04,41.99,42.28,41.51,41.9,41.9,3438516
2016-08-05,42.73,42.95,42.65,42.8,42.8,8718750
2016-08-08,43.0,43.21,42.6,42.9,42.9,8894474
2016-08-09,43.58,44.04,43.22,43.63,43.63,6287840
2016-08-10,43.42,43.55,43.26,43.41,43.41,8603578
2016-08-11,44.65,45.34,44.33,44.83,44.83,4991291
2016-08-12,45.38,45.59,44.62,45.11,45.11,9424939
2016-08-15,45.83,46.17,45.28,45.73,45.73,2961214
2016-08-16,46.62,47.02,46.49,46.76,46.76,5877436
2016-08-17,46.33,46.96,46.1,46.53,46.53,4997696
2016-08-18,45.47,46.04,45.18,45.61,45.61,3115161
2016-08-19,45.51,46.08,45.3,45.69,45.69,2411472
2016-08-22,46.05,46.39,45.47,45.93,45.93,6695117
2016-08-23,47.22,47.48,46.42,46.95,46.95,8259082
2016-08-24,47.13,47.65,46.65,47.15,47.15,8152860
2016-08-25,47.66,47.9,47.46,47.68,47.68,12320567
2016-08-26,47.69,47.95,47.36,47.65,47.65,2999817
2016-08-29,46.56,46.93,46.29,46.61,46.61,7676156
2016-08-30,46.57,47.02,46.35,46.68,46.68,11300675
2016-08-31,46.83,47.34,46.62,46.98,46.98,4143557
2016-09-01,45.6,46.24,45.18,45.71,45.71,9639890
2016-09-02,46.58,46.85,45.98,46.42,46.42,5092175
2016-09-05,45.94,46.33,45.75,46.04,46.04,1555953
2016-09-06,46.14,46.21,45.97,46.09,46.09,6299802
2016-09-07,45.44,45.76,45.14,45.45,45.45,5861560
2016-09-08,45.24,45.73,44.95,45.34,45.34,6167983
2016-09-09,45.78,46.28,45.51,45.89,45.89,5971578
2016-09-12,45.44,45.77,45.09,45.43,45.43,5410424
2016-09-13,44.87,45.12,44.46,44.79,44.79,6630454
2016-09-14,44.15,44.42,43.39,43.91,43.91,8003763
2016-09-15,44.71,45.1,44.22,44.66,44.66,5101841
2016-09-16,44.34,44.44,44.03,44.24,44.24,6052856
2016-09-19,44.25,44.78,43.74,44.26,44.26,7502579
2016-09-20,44.63,44.83,43.97,44.4,44.4,7995663
2016-09-21,45.39,45.72,45.18,45.45,45.45,3234502
2016-09-22,44.89,45.12,44.35,44.73,44.73,4001272
2016-09-23,44.51,44.78,44.38,44.58,44.58,3744855
2016-09-26,45.28,45.91,45.09,45.5,45.5,7349028
2016-09-27,44.91,45.41,44.68,45.04,45.04,3446766
2016-09-28,43.65,44.03,43.49,43.76,43.76,11005760
2016-09-29,43.77,43.9,43.48,43.69,43.69,8227939
2016-09-30,42.78,43.42,42.5,42.96,42.96,4227168
2016-10-03,42.87,43.32,42.15,42.73,42.73,6482897
2016-10-04,42.18,42.8,42.01,42.4,42.4,8306633
2016-10-05,42.72,43.04,41.87,42.46,42.46,6655623
2016-10-06,41.42,41.71,41.17,41.44,41.44,4814496
2016-10-07,40.21,40.47,39.59,40.03,40.03,4460548
2016-10-10,38.56,39.54,38.31,38.92,38.92,2866217
2016-10-11,39.0,39.39,38.55,38.97,38.97,3940059
2016-10-12,37.76,38.11,37.24,37.68,37.68,4265412
2016-10-13,38.82,39.02,38.45,38.73,38.73,9404368
2016-10-14,38.39,38.51,38.1,38.3,38.3,7891581
2016-10-17,39.33,39.47,38.89,39.18,39.18,3529058
2016-10-18,39.54,39.98,39.42,39.7,39.7,8229308
2016-10-19,39.5,39.91,39.31,39.61,39.61,7799730
2016-10-20,40.41,40.62,39.86,40.24,40.24,10781233
2016-10-21,39.71,39.84,39.3,39.57,39.57,2677738
2016-10-24,40.93,41.14,40.58,40.86,40.86,7703597
2016-10-25,41.47,41.84,41.01,41.43,41.43,8048797
2016-10-26,41.41,41.79,41.28,41.53,41.53,6130480
2016-10-27,42.44,42.51,42.27,42.39,42.39,5823997
2016-10-28,42.69,43.08,42.36,42.72,42.72,4588496
2016-10-31,41.64,41.65,41.62,41.64,41.64,11200882
2016-11-01,42.38,42.79,42.1,42.44,42.44,2996634
2016-11-02,42.57,42.83,41.99,42.41,42.41,8734246
2016-11-03,41.59,42.2,41.4,41.8,41.8,5844366
2016-11-04,41.57,42.21,41.26,41.74,41.74,5558119
2016-11-07,41.72,41.94,41.39,41.66,41.66,12226499
2016-11-08,41.68,41.76,41.53,41.65,41.65,13234468
2016-11-09,41.93,42.2,41.69,41.95,41.95,6687459
2016-11-10,41.12,41.46,40.64,41.05,41.05,6868200
2016-11-11,41.61,41.83,41.51,41.67,41.67,3381483
2016-11-14,40.35,40.6,39.86,40.23,40.23,3912385
2016-11-15,40.81,41.29,40.68,40.98,40.98,4928648
2016-11-16,42.23,42.42,41.72,42.07,42.07,8195854
2016-11-17,42.93,43.2,42.5,42.85,42.85,9363748
2016-11-18,41.99,42.59,41.74,42.17,42.17,5039591
2016-11-21,43.03,43.33,42.78,43.06,43.06,6997128
2016-11-22,43.51,43.85,43.15,43.5,43.5,5521459
2016-11-23,43.68,43.83,43.52,43.67,43.67,4955986
2016-11-24,42.93,43.29,42.35,42.82,42.82,4946810
2016-11-25,42.91,43.38,42.53,42.96,42.96,7067625
2016-11-28,43.75,44.36,43.5,43.93,43.93,3563178
2016-11-29,44.24,44.7,43.99,44.34,44.34,3852686
2016-11-30,44.5,44.91,44.19,44.55,44.55,5496145
2016-12-01,43.77,44.44,43.56,44.0,44.0,4704406
2016-12-02,44.31,44.32,44.31,44.31,44.31,6141797
2016-12-05,45.24,45.91,45.03,45.47,45.47,7071607
2016-12-06,45.93,46.53,45.73,46.13,46.13,4867060
2016-12-07,46.34,46.88,45.72,46.3,46.3,3744184
2016-12-08,46.9,47.06,46.33,46.7,46.7,8703467
2016-12-09,45.84,46.13,44.99,45.56,45.56,4835548
2016-12-12,43.61,43.97,42.73,43.35,43.35,5694957
2016-12-13,42.82,43.25,42.69,42.97,42.97,6242124
2016-12-14,43.71,44.05,43.18,43.62,43.62,3623768
2016-12-15,43.43,43.66,43.21,43.43,43.43,6819182
2016-12-16,42.07,42.49,41.92,42.21,42.21,8234481
2016-12-19,42.27,42.92,42.1,42.51,42.51,5242799
2016-12-20,42.74,43.33,42.57,42.95,42.95,7412417
2016-12-21,43.8,43.93,43.42,43.68,43.68,1687515
2016-12-22,43.42,43.83,43.09,43.46,43.46,10371968
2016-12-23,42.48,42.8,42.07,42.43,42.43,5695781
2016-12-26,43.09,43.77,42.7,43.23,43.23,6270834
2016-12-27,42.69,43.1,42.32,42.71,42.71,5188942
2016-12-28,42.57,43.02,42.26,42.64,42.64,3296681
2016-12-29,43.07,43.39,42.96,43.17,43.17,4659261
2016-12-30,42.71,43.23,42.45,42.84,42.84,8333442
2017-01-02,42.99,43.46,42.79,43.12,43.12,6240786
2017-01-03,43.99,44.34,43.54,43.94,43.94,6720776
2017-01-04,44.15,44.56,43.47,44.02,44.02,3064815
2017-01-05,43.53,43.69,42.96,43.32,43.32,5114224
2017-01-06,42.81,43.49,42.57,43.03,43.03,2176583
2017-01-09,42.57,43.23,42.29,42.76,42.76,4676558
2017-01-10,42.4,42.53,41.94,42.23,42.23,6307814
2017-01-11,42.5,42.88,41.75,42.32,42.32,7840168
2017-01-12,42.78,43.13,42.6,42.87,42.87,7822655
2017-01-13,42.14,42.34,42.05,42.2,42.2,3957330
2017-01-16,42.03,42.27,41.63,41.95,41.95,3771960
2017-01-17,42.74,42.96,42.08,42.52,42.52,5562379
2017-01-18,41.48,41.65,40.93,41.29,41.29,3210873
2017-01-19,40.53,40.86,40.34,40.6,40.6,4005001
2017-01-20,40.08,40.16,39.91,40.03,40.03,5790677
2017-01-23,39.62,40.02,38.82,39.42,39.42,7259971
2017-01-24,39.25,39.75,39.0,39.38,39.38,2032470
2017-01-25,39.1,39.52,38.99,39.25,39.25,6203117
2017-01-26,39.11,39.49,38.94,39.21,39.21,7923775
2017-01-27,39.07,39.33,38.88,39.1,39.1,2652489
2017-01-30,39.7,39.84,39.61,39.73,39.73,6862176
2017-01-31,39.94,40.18,39.51,39.85,39.85,5896380
2017-02-01,39.2,39.96,38.83,39.39,39.39,4542240
2017-02-02,39.68,39.91,39.24,39.58,39.58,6210207
2017-02-03,39.4,39.6,38.99,39.29,39.29,7221318
2017-02-06,38.75,38.96,38.63,38.79,38.79,7779693
2017-02-07,38.34,38.51,37.77,38.14,38.14,6560263
2017-02-08,38.55,39.12,38.25,38.69,38.69,7398458
2017-02-09,38.8,39.23,38.53,38.88,38.88,3686093
2017-02-10,38.39,38.48,38.14,38.31,38.31,5600432
2017-02-13,39.23,39.39,38.59,38.99,38.99,6005413
2017-02-14,38.67,38.96,38.55,38.76,38.76,3815409
2017-02-15,37.91,38.11,37.66,37.88,37.88,6317453
2017-02-16,37.57,37.9,37.22,37.56,37.56,7753635
2017-02-17,36.39,36.89,36.14,36.52,36.52,3609504
2017-02-20,36.29,36.64,35.96,36.3,36.3,5782370
2017-02-21,35.54,35.72,35.45,35.58,35.58,2128180
2017-02-22,35.57,35.99,35.3,35.65,35.65,12445524
2017-02-23,37.04,37.39,36.66,37.03,37.03,6694801
2017-02-24,37.44,37.66,37.23,37.45,37.45,6275301
2017-02-27,36.84,37.28,36.58,36.93,36.93,3135523
2017-02-28,36.5,36.84,36.16,36.5,36.5,9390850
2017-03-01,36.13,36.43,35.87,36.15,36.15,4944680
2017-03-02,36.61,36.82,35.98,36.4,36.4,7014065
2017-03-03,36.81,36.96,36.43,36.7,36.7,5618740
2017-03-06,36.99,37.19,36.33,36.76,36.76,7899248
2017-03-07,37.22,37.37,36.82,37.09,37.09,9403211
2017-03-08,36.95,37.45,36.73,37.09,37.09,6360681
2017-03-09,36.24,36.54,35.7,36.12,36.12,6858718
2017-03-10,35.82,36.34,35.59,35.97,35.97,8219461
2017-03-13,36.16,36.49,35.95,36.22,36.22,5653710
2017-03-14,36.89,37.1,36.79,36.94,36.94,6401333
2017-03-15,37.17,37.45,36.92,37.18,37.18,8296639
2017-03-16,37.31,37.55,36.78,37.17,37.17,7428653
2017-03-17,36.47,36.86,36.22,36.54,36.54,6854541
2017-03-20,35.99,36.2,35.68,35.94,35.94,6935132
2017-03-21,35.45,35.64,35.03,35.34,35.34,9717308
2017-03-22,34.58,34.83,34.45,34.64,34.64,7382422
2017-03-23,35.89,36.09,35.26,35.68,35.68,2510800
2017-03-24,36.33,36.79,36.19,36.49,36.49,4230185
2017-03-27,37.9,38.12,37.69,37.9,37.9,5261280
2017-03-28,38.12,38.29,37.83,38.06,38.06,4287207
2017-03-29,36.46,36.54,36.22,36.38,36.38,2286693
2017-03-30,36.54,36.76,36.39,36.58,36.58,4039643
2017-03-31,35.6,35.64,35.55,35.6,35.6,6925029
2017-04-03,35.42,35.99,35.27,35.63,35.63,18535662
2017-04-04,35.65,36.01,35.5,35.75,35.75,4184667
2017-04-05,34.24,34.7,34.08,34.39,34.39,5797315
2017-04-06,35.0,35.17,34.59,34.88,34.88,7931699
2017-04-07,34.9,35.11,34.61,34.86,34.86,4293088
2017-04-10,34.76,34.98,34.32,34.65,34.65,4340110
2017-04-11,34.14,34.92,33.93,34.42,34.42,4505206
2017-04-12,34.94,35.02,34.9,34.96,34.96,3170922
2017-04-13,34.75,35.08,34.27,34.67,34.67,4303571
2017-04-14,33.97,34.31,33.82,34.06,34.06,4246002
2017-04-17,34.67,35.06,34.31,34.68,34.68,6552340
2017-04-18,34.74,34.96,34.21,34.58,34.58,5239027
2017-04-19,34.77,35.22,34.54,34.88,34.88,8732535
2017-04-20,35.07,35.68,34.84,35.26,35.26,2984050
2017-04-21,34.63,35.02,34.39,34.7,34.7,3340640
2017-04-24,35.16,35.35,35.08,35.21,35.21,4539272
2017-04-25,35.15,35.47,34.63,35.05,35.05,7555669
2017-04-26,33.92,34.05,33.81,33.93,33.93,6259126
2017-04-27,33.97,34.23,33.69,33.96,33.96,3356811
2017-04-28,34.5,35.04,34.19,34.62,34.62,5411836
2017-05-01,35.15,35.61,34.84,35.23,35.23,8830146
2017-05-02,34.77,35.0,34.56,34.78,34.78,3468808
2017-05-03,33.87,34.22,33.61,33.92,33.92,7730987
2017-05-04,34.02,34.41,33.81,34.11,34.11,2035414
2017-05-05,33.59,33.78,33.39,33.59,33.59,3383901
2017-05-08,33.09,33.29,32.81,33.05,33.05,6418654
2017-05-09,32.28,32.61,31.88,32.24,32.24,13884508
2017-05-10,31.93,32.02,31.73,31.87,31.87,5618589
2017-05-11,32.24,32.35,31.95,32.15,32.15,9476934
2017-05-12,31.55,31.7,31.03,31.37,31.37,8827891
2017-05-15,31.66,31.85,31.39,31.62,31.62,7873114
2017-05-16,31.53,31.9,31.25,31.58,31.58,4834084
2017-05-17,31.74,31.82,31.57,31.69,31.69,6489408
2017-05-18,32.52,32.94,32.39,32.67,32.67,3692862
2017-05-19,32.09,32.34,31.97,32.15,32.15,11106079
2017-05-22,31.37,31.91,31.09,31.5,31.5,8380685
2017-05-23,31.46,31.55,31.17,31.36,31.36,2935856
2017-05-24,30.71,31.23,30.54,30.88,30.88,6142193
2017-05-25,30.38,30.54,29.97,30.25,30.25,4411862
2017-05-26,31.11,31.44,30.85,31.14,31.14,7173273
2017-05-29,30.33,30.71,30.16,30.44,30.44,7964887
2017-05-30,30.7,31.07,30.29,30.68,30.68,4125991
2017-05-31,30.13,30.24,29.79,30.01,30.01,3567523
2017-06-01,30.51,30.7,29.96,30.33,30.33,7854360
2017-06-02,30.8,31.11,30.71,30.91,30.91,5602203
2017-06-05,31.17,31.79,30.95,31.37,31.37,7078050
2017-06-06,31.72,31.79,31.54,31.67,31.67,4853649
2017-06-07,32.45,32.54,32.34,32.44,32.44,8936352
2017-06-08,31.32,31.64,31.13,31.38,31.38,6627540
2017-06-09,31.2,31.4,31.04,31.22,31.22,5186978
2017-06-12,30.99,31.27,30.64,30.96,30.96,3569448
2017-06-13,31.41,31.7,31.28,31.49,31.49,6616721
2017-06-14,31.32,31.47,31.1,31.29,31.29,7201527
2017-06-15,31.09,31.64,30.86,31.25,31.25,6344336
2017-06-16,31.58,31.64,31.48,31.56,31.56,4162124
2017-06-19,31.7,32.19,31.33,31.76,31.76,5320668
2017-06-20,31.36,31.61,31.07,31.34,31.34,4075448
2017-06-21,30.8,30.9,30.44,30.67,30.67,1128276
2017-06-22,30.65,30.85,30.29,30.57,30.57,3167447
2017-06-23,29.57,29.89,29.43,29.66,29.66,5870046
2017-06-26,29.83,30.01,29.69,29.85,29.85,2093862
2017-06-27,29.92,30.12,29.49,29.8,29.8,4646641
2017-06-28,29.52,29.86,29.34,29.6,29.6,5538537
2017-06-29,29.77,30.04,29.46,29.75,29.75,6494727
2017-06-30,29.58,29.71,29.27,29.49,29.49,4594288
2017-07-03,29.33,29.41,29.18,29.29,29.29,6931124
2017-07-04,29.11,29.32,28.96,29.14,29.14,3196701
2017-07-05,29.98,30.16,29.64,29.9,29.9,7951091
2017-07-06,30.31,30.5,29.95,30.22,30.22,8370584
2017-07-07,29.61,29.75,29.35,29.55,29.55,4645179
2017-07-10,28.91,29.07,28.84,28.95,28.95,2142840
2017-07-11,28.6,28.84,28.42,28.63,28.63,7719178
2017-07-12,29.56,29.82,29.49,29.66,29.66,3893078
2017-07-13,29.44,29.74,29.13,29.44,29.44,3469687
2017-07-14,29.7,29.82,29.31,29.57,29.57,3923371
2017-07-17,29.64,29.92,29.38,29.65,29.65,7054839
2017-07-18,30.18,30.4,29.69,30.05,30.05,5652247
2017-07-19,29.83,29.98,29.79,29.88,29.88,6317273
2017-07-20,30.8,31.13,30.53,30.83,30.83,6938897
2017-07-21,30.63,31.17,30.3,30.74,30.74,2962523
2017-07-24,30.23,30.37,29.77,30.07,30.07,6545605
2017-07-25,30.67,30.98,30.42,30.7,30.7,3822498
2017-07-26,30.76,30.88,30.65,30.77,30.77,11191635
2017-07-27,30.51,30.71,30.4,30.55,30.55,8075112
2017-07-28,30.35,30.55,30.27,30.41,30.41,7710793
2017-07-31,30.45,30.66,29.74,30.2,30.2,4488987
2017-08-01,30.0,30.47,29.86,30.17,30.17,7590804
2017-08-02,29.9,30.24,29.69,29.96,29.96,7440034
2017-08-03,29.62,29.79,29.51,29.65,29.65,7695921
2017-08-04,29.56,29.84,29.25,29.55,29.55,5041584
2017-08-07,29.27,29.39,28.95,29.17,29.17,8982198
2017-08-08,28.54,28.74,28.31,28.53,28.53,4878876
2017-08-09,28.11,28.54,27.92,28.23,28.23,7870224
2017-08-10,28.52,28.57,28.37,28.47,28.47,4756594
2017-08-11,28.56,28.84,28.41,28.62,28.62,5065429
2017-08-14,28.84,29.07,28.53,28.8,28.8,5272412
2017-08-15,29.2,29.47,29.03,29.25,29.25,4926456
2017-08-16,28.44,28.54,28.32,28.43,28.43,6928744
2017-08-17,28.91,29.0,28.63,28.81,28.81,8494106
2017-08-18,29.13,29.43,28.91,29.17,29.17,7911068
2017-08-21,29.56,29.66,29.32,29.49,29.49,11774083
2017-08-22,29.67,29.9,29.5,29.7,29.7,3374298
2017-08-23,29.38,29.67,29.31,29.49,29.49,5479354
2017-08-24,29.52,29.63,29.25,29.44,29.44,6850862
2017-08-25,28.97,29.34,28.73,29.03,29.03,7683258
2017-08-28,29.76,29.94,29.36,29.65,29.65,4452044
2017-08-29,29.25,29.4,29.04,29.22,29.22,7639685
2017-08-30,29.46,29.75,29.29,29.52,29.52,2565532
2017-08-31,28.91,29.06,28.64,28.85,28.85,3079165
2017-09-01,28.47,28.69,28.4,28.54,28.54,6749092
2017-09-04,27.91,28.2,27.71,27.96,27.96,6351929
2017-09-05,27.82,28.01,27.36,27.69,27.69,2017835
2017-09-06,28.16,28.39,27.97,28.18,28.18,2628940
2017-09-07,28.27,28.49,27.89,28.19,28.19,4354591
2017-09-08,28.39,28.52,28.0,28.26,28.26,6237395
2017-09-11,27.77,27.92,27.43,27.68,27.68,5489001
2017-09-12,27.63,27.72,27.37,27.54,27.54,9576006
2017-09-13,27.46,27.76,27.15,27.46,27.46,10178981
2017-09-14,27.01,27.31,26.72,27.02,27.02,1947487
2017-09-15,27.77,28.28,27.45,27.86,27.86,4708548
2017-09-18,27.95,28.32,27.85,28.08,28.08,4768548
2017-09-19,27.48,27.65,27.41,27.53,27.53,7246272
2017-09-20,26.79,26.87,26.53,26.7,26.7,3709786
2017-09-21,26.9,27.06,26.85,26.96,26.96,8473144
2017-09-22,26.28,26.52,26.02,26.27,26.27,11162829
2017-09-25,26.31,26.59,26.06,26.33,26.33,8713556
2017-09-26,26.4,26.46,26.2,26.33,26.33,4628164
2017-09-27,26.02,26.18,25.94,26.06,26.06,6284212
2017-09-28,26.85,26.94,26.76,26.85,26.85,7180748
2017-09-29,27.06,27.27,26.84,27.06,27.06,4620264
2017-10-02,27.36,27.45,27.06,27.25,27.25,9174912
2017-10-03,27.14,27.23,26.8,27.01,27.01,6734445
2017-10-04,27.13,27.28,26.7,26.99,26.99,10032349
2017-10-05,27.35,27.47,26.95,27.21,27.21,4545663
2017-10-06,27.05,27.12,26.93,27.03,27.03,4876131
2017-10-09,27.07,27.19,26.98,27.08,27.08,7461231
2017-10-10,27.34,27.73,27.08,27.41,27.41,8127376
2017-10-11,28.17,28.38,27.87,28.13,28.13,9153254
2017-10-12,27.72,27.87,27.61,27.74,27.74,13443295
2017-10-13,28.72,28.84,28.41,28.63,28.63,4591837
2017-10-16,28.31,28.46,28.08,28.27,28.27,5679448
2017-10-17,28.18,28.34,27.97,28.16,28.16,4699568
2017-10-18,28.74,29.04,28.53,28.78,28.78,4494458
2017-10-19,28.36,28.81,28.1,28.46,28.46,5499728
2017-10-20,29.74,29.98,29.46,29.72,29.72,2494761
2017-10-23,30.05,30.39,29.54,29.97,29.97,3039923
2017-10-24,29.54,29.81,29.1,29.46,29.46,6033242
2017-10-25,30.12,30.32,29.9,30.11,30.11,5893824
2017-10-26,30.17,30.51,29.98,30.24,30.24,6925459
2017-10-27,29.85,29.99,29.41,29.7,29.7,3504680
2017-10-30,28.91,29.47,28.76,29.12,29.12,3291962
2017-10-31,29.17,29.43,29.08,29.25,29.25,3761415
2017-11-01,29.58,29.74,29.46,29.6,29.6,8003730
2017-11-02,29.92,30.18,29.68,29.93,29.93,4840154
2017-11-03,30.64,30.86,30.5,30.68,30.68,6310314
2017-11-06,30.57,30.82,30.35,30.58,30.58,8703338
2017-11-07,30.67,30.89,30.45,30.67,30.67,9108175
2017-11-08,30.36,30.43,30.14,30.28,30.28,2797762
2017-11-09,31.07,31.29,30.88,31.09,31.09,4362992
2017-11-10,31.77,31.96,31.35,31.65,31.65,5731005
2017-11-13,32.18,32.61,31.76,32.18,32.18,4414338
2017-11-14,32.36,32.68,32.2,32.44,32.44,8255636
2017-11-15,31.46,31.6,31.16,31.38,31.38,3063042
2017-11-16,31.86,32.03,31.38,31.7,31.7,1940780
2017-11-17,32.02,32.05,32.01,32.03,32.03,1739021
2017-11-20,32.05,32.44,31.81,32.13,32.13,9893447
2017-11-21,32.21,32.41,32.03,32.22,32.22,6781352
2017-11-22,33.58,33.75,33.18,33.47,33.47,8729741
2017-11-23,33.34,33.7,33.2,33.45,33.45,6292442
2017-11-24,33.3,33.43,32.9,33.17,33.17,2591147
2017-11-27,32.58,32.71,32.47,32.59,32.59,5883429
2017-11-28,33.41,33.44,33.36,33.4,33.4,6951967
2017-11-29,33.45,33.79,33.16,33.48,33.48,5634727
2017-11-30,32.92,33.07,32.88,32.98,32.98,2932559
2017-12-01,33.38,33.76,32.87,33.31,33.31,3947278
2017-12-04,32.87,33.08,32.48,32.78,32.78,6155129
2017-12-05,32.68,32.95,32.17,32.56,32.56,11064106
2017-12-06,32.37,32.53,31.98,32.26,32.26,10976037
2017-12-07,32.33,32.91,32.05,32.48,32.48,6162450
2017-12-08,32.16,32.39,31.92,32.15,32.15,6823444
2017-12-11,32.5,33.04,32.28,32.66,32.66,8867288
2017-12-12,33.46,33.68,33.3,33.49,33.49,2744547
2017-12-13,32.87,33.08,32.65,32.87,32.87,3564039
2017-12-14,32.29,32.69,32.1,32.4,32.4,8031045
2017-12-15,32.24,32.79,32.08,32.44,32.44,7018833
2017-12-18,31.91,32.01,31.8,31.9,31.9,4424180
2017-12-19,32.21,32.39,32.06,32.22,32.22,4774623
2017-12-20,32.51,32.76,32.14,32.45,32.45,9232227
2017-12-21,33.36,33.5,33.0,33.25,33.25,11808535
2017-12-22,34.55,34.94,34.37,34.65,34.65,7253006
2017-12-25,34.52,34.62,34.13,34.38,34.38,5113456
2017-12-26,34.79,35.08,34.71,34.9,34.9,5223849
2017-12-27,34.49,34.99,34.26,34.63,34.63,3376419
2017-12-28,34.19,34.34,33.8,34.07,34.07,3850043
2017-12-29,34.22,34.34,33.83,34.09,34.09,3187263
2018-01-01,34.24,34.49,33.72,34.11,34.11,6529641
2018-01-02,32.83,33.09,32.6,32.84,32.84,8699320
2018-01-03,32.59,32.83,32.49,32.66,32.66,4665902
2018-01-04,32.67,32.99,32.29,32.64,32.64,6263415
2018-01-05,33.19,33.51,33.02,33.26,33.26,7456151
2018-01-08,32.84,33.04,32.35,32.69,32.69,8752751
2018-01-09,33.39,33.84,33.04,33.44,33.44,4426345
2018-01-10,34.73,34.9,34.34,34.62,34.62,3150404
2018-01-11,34.44,34.83,34.32,34.58,34.58,5271081
2018-01-12,34.77,34.93,34.3,34.62,34.62,7082983
2018-01-15,34.18,34.51,33.94,34.23,34.23,8285621
2018-01-16,33.56,34.09,33.39,33.74,33.74,4161886
2018-01-17,33.86,34.28,33.7,33.99,33.99,9928515
2018-01-18,33.59,33.66,33.37,33.52,33.52,3992811
2018-01-19,32.56,32.74,32.28,32.51,32.51,12236717
2018-01-22,33.26,33.35,33.1,33.22,33.22,6029849
2018-01-23,33.64,34.05,33.28,33.66,33.66,10614787
2018-01-24,34.34,34.62,34.23,34.42,34.42,4761069
2018-01-25,34.85,35.0,34.36,34.68,34.68,3847192
2018-01-26,35.45,35.66,35.08,35.37,35.37,6505072
2018-01-29,35.6,35.76,34.96,35.36,35.36,3194902
2018-01-30,35.34,35.68,35.12,35.4,35.4,3251287
2018-01-31,36.03,36.29,35.33,35.81,35.81,12442329
2018-02-01,35.17,35.24,35.02,35.13,35.13,7368110
2018-02-02,34.25,34.67,34.03,34.35,34.35,7258979
2018-02-05,35.16,35.53,34.97,35.25,35.25,5089343
2018-02-06,35.98,36.29,35.72,36.01,36.01,9465013
2018-02-07,36.36,36.96,36.07,36.51,36.51,6444411
2018-02-08,38.23,38.69,37.95,38.32,38.32,9812971
2018-02-09,38.32,38.61,38.0,38.3,38.3,4743109
2018-02-12,38.36,38.47,38.19,38.33,38.33,5148353
2018-02-13,38.47,38.71,38.3,38.5,38.5,5826906
2018-02-14,38.81,38.95,38.42,38.68,38.68,5611752
2018-02-15,39.01,39.33,38.74,39.03,39.03,4341940
2018-02-16,39.32,39.55,39.01,39.28,39.28,6018255
2018-02-19,40.32,40.72,39.86,40.29,40.29,4910020
2018-02-20,40.07,40.17,39.84,40.0,40.0,3364939
2018-02-21,40.01,40.13,39.63,39.88,39.88,2958658
2018-02-22,39.81,40.34,38.95,39.65,39.65,2952574
2018-02-23,39.2,39.42,38.83,39.12,39.12,6876479
2018-02-26,38.66,39.08,38.39,38.74,38.74,3500414
2018-02-27,38.11,38.26,37.89,38.07,38.07,6466414
2018-02-28,37.01,37.15,36.96,37.06,37.06,3049190
2018-03-01,35.3,35.43,35.07,35.25,35.25,6073405
2018-03-02,34.58,34.8,34.33,34.57,34.57,11769332
2018-03-05,34.45,34.97,34.26,34.61,34.61,3817922
2018-03-06,34.36,34.6,34.1,34.35,34.35,9639088
2018-03-07,34.0,34.22,33.75,33.98,33.98,4711122
2018-03-08,33.78,34.13,33.63,33.88,33.88,3940085
2018-03-09,33.44,33.65,33.31,33.48,33.48,8641553
2018-03-12,33.56,34.01,33.25,33.63,33.63,4884848
2018-03-13,33.09,33.35,32.99,33.17,33.17,7441877
2018-03-14,32.94,33.41,32.51,32.96,32.96,5592156
2018-03-15,34.31,34.47,33.88,34.17,34.17,4243951
2018-03-16,34.47,34.83,34.35,34.59,34.59,5465429
2018-03-19,34.92,35.29,34.71,35.0,35.0,4586052
2018-03-20,34.3,34.6,34.13,34.36,34.36,2514233
2018-03-21,34.4,34.59,33.75,34.17,34.17,4018807
2018-03-22,34.07,34.47,33.84,34.16,34.16,2339474
2018-03-23,33.91,34.29,33.67,33.98,33.98,4391501
2018-03-26,33.84,34.14,33.57,33.85,33.85,3295687
2018-03-27,34.34,34.52,34.03,34.27,34.27,4783161
2018-03-28,34.49,34.77,34.39,34.58,34.58,2881540
2018-03-29,35.27,35.62,35.06,35.34,35.34,5199931
2018-03-30,35.08,35.19,34.91,35.05,35.05,5226631
2018-04-02,33.78,34.0,33.69,33.85,33.85,4020683
2018-04-03,34.29,34.88,34.06,34.47,34.47,5428793
2018-04-04,34.23,34.47,33.6,34.03,34.03,2583891
2018-04-05,33.42,33.61,32.98,33.29,33.29,4918495
2018-04-06,33.81,34.12,33.73,33.92,33.92,4691357
2018-04-09,34.9,35.3,34.36,34.83,34.83,3821579
2018-04-10,34.4,34.72,34.26,34.49,34.49,3701097
2018-04-11,33.39,33.81,33.12,33.46,33.46,8802939
2018-04-12,33.5,34.03,33.34,33.68,33.68,5515120
2018-04-13,33.02,33.38,32.78,33.08,33.08,6765211
2018-04-16,34.02,34.12,33.71,33.92,33.92,6406617
2018-04-17,33.48,33.73,33.35,33.54,33.54,5868785
2018-04-18,33.13,33.28,32.75,33.02,33.02,9686777
2018-04-19,33.54,33.89,33.34,33.61,33.61,6584986
2018-04-20,34.05,34.27,33.79,34.03,34.03,3746591
2018-04-23,34.19,34.34,33.91,34.12,34.12,5868872
2018-04-24,33.08,33.53,32.9,33.21,33.21,9532465
2018-04-25,32.93,33.48,32.49,32.99,32.99,3646488
2018-04-26,33.19,33.36,33.01,33.19,33.19,5448548
2018-04-27,32.65,32.89,32.47,32.68,32.68,1941439
2018-04-30,32.83,33.06,32.43,32.74,32.74,3754183
2018-05-01,33.48,33.77,33.12,33.44,33.44,4721134
2018-05-02,34.28,34.37,34.2,34.28,34.28,5662886
2018-05-03,34.97,35.07,34.61,34.84,34.84,7865114
2018-05-04,34.68,34.69,34.66,34.68,34.68,4461667
2018-05-07,33.91,34.21,33.66,33.94,33.94,8924290
2018-05-08,33.72,33.89,33.32,33.61,33.61,5756268
2018-05-09,33.84,34.06,33.47,33.77,33.77,6921762
2018-05-10,33.48,33.76,33.38,33.57,33.57,5807167
2018-05-11,32.74,33.3,32.59,32.95,32.95,4221472
2018-05-14,33.32,33.5,33.05,33.27,33.27,7272658
2018-05-15,32.67,33.01,32.53,32.77,32.77,3664833
2018-05-16,32.93,33.3,32.79,33.05,33.05,3959754
2018-05-17,33.92,34.16,33.74,33.95,33.95,5468618
2018-05-18,34.37,34.49,33.99,34.24,34.24,4998036
2018-05-21,34.63,34.9,34.33,34.61,34.61,3150712
2018-05-22,35.39,35.58,35.23,35.4,35.4,10838620
2018-05-23,35.67,35.77,35.59,35.68,35.68,2460275
2018-05-24,35.83,36.26,35.42,35.84,35.84,6773461
2018-05-25,35.44,35.69,34.74,35.22,35.22,2671188
2018-05-28,35.6,36.27,35.3,35.78,35.78,4623624
2018-05-29,35.24,35.51,34.82,35.17,35.17,8824809
2018-05-30,34.48,34.74,34.02,34.38,34.38,7316547
2018-05-31,34.25,34.74,34.12,34.43,34.43,6117566
2018-06-01,34.41,34.59,33.88,34.23,34.23,3693495
2018-06-04,33.92,34.19,33.62,33.9,33.9,4798544
2018-06-05,33.35,33.98,33.16,33.57,33.57,6753793
2018-06-06,33.52,33.79,33.25,33.52,33.52,7471489
2018-06-07,33.17,33.25,32.99,33.12,33.12,6604762
2018-06-08,32.07,32.53,31.95,32.24,32.24,6294648
2018-06-11,33.01,33.29,32.77,33.03,33.03,8354203
2018-06-12,33.16,33.39,32.91,33.15,33.15,3050792
2018-06-13,33.16,33.57,32.85,33.21,33.21,4706221
2018-06-14,34.0,34.14,33.85,34.0,34.0,2611474
2018-06-15,33.04,33.24,32.74,32.99,32.99,7490359
2018-06-18,32.43,32.75,32.18,32.46,32.46,5797275
2018-06-19,32.87,33.1,32.51,32.8,32.8,3051738
2018-06-20,33.32,33.47,33.06,33.26,33.26,2794957
2018-06-21,33.09,33.17,33.06,33.12,33.12,4287558
2018-06-22,33.73,34.21,33.61,33.91,33.91,7345694
2018-06-25,33.79,33.98,33.52,33.75,33.75,7076172
2018-06-26,33.47,33.84,33.12,33.48,33.48,3985411
2018-06-27,32.72,32.93,32.57,32.75,32.75,10486842
2018-06-28,31.08,31.58,30.96,31.27,31.27,6376077
2018-06-29,31.91,32.14,31.64,31.89,31.89,5641214
2018-07-02,32.45,32.77,32.16,32.47,32.47,3365713
2018-07-03,32.93,33.39,32.79,33.09,33.09,3761911
2018-07-04,32.97,33.31,32.68,32.99,32.99,5514764
2018-07-05,33.29,33.44,32.87,33.15,33.15,1975421
2018-07-06,33.24,33.72,33.03,33.37,33.37,9455676
2018-07-09,33.63,33.96,33.36,33.66,33.66,5712106
2018-07-10,33.48,33.63,33.17,33.4,33.4,9811621
2018-07-11,34.25,34.5,33.83,34.17,34.17,6031492
2018-07-12,34.15,34.3,33.75,34.03,34.03,2783798
2018-07-13,33.55,33.81,33.08,33.45,33.45,5171540
2018-07-16,33.09,33.44,32.82,33.13,33.13,9754680
2018-07-17,33.46,33.83,33.19,33.51,33.51,2662255
2018-07-18,34.02,34.36,33.83,34.09,34.09,7218522
2018-07-19,34.61,34.88,34.43,34.65,34.65,6225598
2018-07-20,34.38,34.75,34.27,34.51,34.51,8039105
2018-07-23,35.11,35.27,34.53,34.9,34.9,8686502
2018-07-24,35.27,35.68,34.94,35.31,35.31,9454442
2018-07-25,35.8,36.02,35.56,35.79,35.79,3691226
2018-07-26,35.01,35.34,34.82,35.08,35.08,6849882
2018-07-27,36.36,36.43,36.29,36.36,36.36,6592688
2018-07-30,35.83,36.13,35.7,35.91,35.91,4625554
2018-07-31,35.62,35.92,35.42,35.67,35.67,4118296
2018-08-01,35.11,35.33,34.52,34.93,34.93,8239289
2018-08-02,35.12,35.24,34.73,34.98,34.98,8187626
2018-08-03,35.12,35.22,34.96,35.09,35.09,6981683
2018-08-06,35.69,35.99,35.24,35.61,35.61,5462621
2018-08-07,35.31,35.69,35.15,35.42,35.42,4205596
2018-08-08,34.95,35.28,34.67,34.97,34.97,4876468
2018-08-09,35.21,35.78,34.95,35.36,35.36,7531719
2018-08-10,35.33,35.82,35.13,35.47,35.47,4379343
2018-08-13,35.71,35.78,35.59,35.68,35.68,4909640
2018-08-14,36.31,36.36,36.25,36.3,36.3,3076586
2018-08-15,36.5,36.87,36.12,36.49,36.49,5354784
2018-08-16,36.71,37.03,36.08,36.55,36.55,5392617
2018-08-17,36.77,37.05,36.4,36.72,36.72,4085342
2018-08-20,36.47,36.72,36.28,36.5,36.5,12429741
2018-08-21,36.39,36.96,36.23,36.59,36.59,6138837
2018-08-22,35.95,36.41,35.83,36.12,36.12,5106169
2018-08-23,35.77,36.13,35.63,35.88,35.88,3926160
2018-08-24,36.02,36.44,35.69,36.07,36.07,6110803
2018-08-27,36.28,36.43,36.05,36.24,36.24,3707876
2018-08-28,36.58,36.7,36.48,36.59,36.59,7866092
2018-08-29,36.23,36.38,35.95,36.16,36.16,9557377
2018-08-30,36.34,36.53,36.17,36.35,36.35,8827641
2018-08-31,37.21,37.47,36.61,37.04,37.04,4657475
2018-09-03,36.35,36.49,35.98,36.23,36.23,5056243
2018-09-04,36.62,36.78,36.35,36.56,36.56,5249898
2018-09-05,37.16,37.36,36.76,37.06,37.06,4158127
2018-09-06,37.18,37.38,36.9,37.14,37.14,4622043
2018-09-07,37.68,37.99,37.57,37.78,37.78,8967503
2018-09-10,37.76,38.21,37.45,37.83,37.83,5010828
2018-09-11,37.59,37.78,37.22,37.5,37.5,9746823
2018-09-12,38.4,38.65,38.2,38.43,38.43,7519576
2018-09-13,38.35,38.67,38.24,38.46,38.46,5114677
2018-09-14,39.53,39.79,39.33,39.56,39.56,4879365
2018-09-17,38.66,39.26,38.22,38.74,38.74,3749476
2018-09-18,37.86,37.98,37.66,37.82,37.82,4752141
2018-09-19,37.86,38.1,37.71,37.9,37.9,4251943
2018-09-20,39.41,39.86,39.14,39.5,39.5,7690123
2018-09-21,40.99,41.4,40.69,41.05,41.05,3405750
2018-09-24,41.53,41.91,41.12,41.52,41.52,3406529
2018-09-25,41.84,42.15,41.65,41.9,41.9,3739103
2018-09-26,41.81,42.23,41.53,41.88,41.88,4866713
2018-09-27,40.49,40.69,40.28,40.49,40.49,7039945
2018-09-28,39.71,40.01,39.36,39.69,39.69,4921600
2018-10-01,40.43,40.69,40.11,40.4,40.4,12213343
2018-10-02,40.84,41.09,40.57,40.83,40.83,4580601
2018-10-03,41.34,41.47,41.28,41.37,41.37,4753414
2018-10-04,40.82,41.22,40.64,40.93,40.93,3781601
2018-10-05,42.28,42.6,42.11,42.35,42.35,5048505
2018-10-08,42.35,42.65,41.69,42.17,42.17,3560648
2018-10-09,42.75,43.0,42.55,42.78,42.78,5365524
2018-10-10,43.23,43.98,42.9,43.44,43.44,6771437
2018-10-11,44.4,44.68,43.89,44.28,44.28,6187129
2018-10-12,44.78,45.44,44.4,44.92,44.92,6569046
2018-10-15,44.25,44.85,44.0,44.42,44.42,5855676
2018-10-16,43.77,44.29,43.35,43.82,43.82,9232223
2018-10-17,43.04,43.41,42.75,43.08,43.08,6807324
2018-10-18,42.96,42.99,42.94,42.96,42.96,4729731
2018-10-19,42.5,43.0,42.35,42.67,42.67,6053303
2018-10-22,42.52,42.94,42.35,42.64,42.64,8447120
2018-10-23,41.61,42.09,41.41,41.75,41.75,5969148
2018-10-24,40.93,41.1,40.43,40.77,40.77,4731314
2018-10-25,42.81,43.29,42.42,42.86,42.86,8415978
2018-10-26,43.31,43.57,43.23,43.4,43.4,3488818
2018-10-29,43.2,43.66,42.93,43.29,43.29,13405519
2018-10-30,42.82,43.5,42.61,43.06,43.06,4775790
2018-10-31,43.27,43.7,43.08,43.39,43.39,4394180
2018-11-01,43.58,43.98,43.15,43.56,43.56,7290685
2018-11-02,42.61,43.21,42.2,42.71,42.71,6979261
2018-11-05,41.68,42.18,41.38,41.78,41.78,5527982
2018-11-06,42.32,42.71,42.1,42.41,42.41,4025427
2018-11-07,42.94,43.85,42.71,43.28,43.28,3410042
2018-11-08,42.54,42.81,42.16,42.48,42.48,3918579
2018-11-09,41.91,42.23,41.57,41.9,41.9,13681161
2018-11-12,41.27,41.47,41.07,41.27,41.27,2816748
2018-11-13,40.33,41.03,39.97,40.5,40.5,3839766
2018-11-14,40.43,40.86,40.1,40.48,40.48,4263053
2018-11-15,40.13,40.24,39.8,40.02,40.02,3391710
2018-11-16,40.44,40.54,40.19,40.37,40.37,6972132
2018-11-19,40.12,40.28,39.72,40.0,40.0,5320276
2018-11-20,40.24,40.38,39.83,40.11,40.11,12584455
2018-11-21,39.78,40.0,39.67,39.84,39.84,5230275
2018-11-22,40.42,40.69,40.05,40.37,40.37,14762868
2018-11-23,40.28,40.5,39.78,40.14,40.14,3586486
2018-11-26,39.67,39.82,39.23,39.53,39.53,17757021
2018-11-27,38.35,38.55,37.88,38.22,38.22,4696387
2018-11-28,39.12,39.22,39.09,39.16,39.16,5090780
2018-11-29,39.81,40.11,39.43,39.77,39.77,4649123
2018-11-30,39.13,39.43,38.86,39.15,39.15,8043581
2018-12-03,40.5,40.63,39.98,40.31,40.31,5206177
2018-12-04,39.74,40.06,39.41,39.74,39.74,4393411
2018-12-05,39.79,40.43,39.53,39.98,39.98,5164247
2018-12-06,40.71,41.16,40.21,40.69,40.69,8121150
2018-12-07,39.97,40.24,39.45,39.84,39.84,2913213
2018-12-10,39.91,40.04,39.39,39.71,39.71,3387407
2018-12-11,39.98,40.33,39.82,40.07,40.07,5243091
2018-12-12,39.3,39.61,39.01,39.31,39.31,5124258
2018-12-13,39.48,39.86,39.37,39.61,39.61,6381733
2018-12-14,40.01,40.22,39.84,40.03,40.03,6081121
2018-12-17,40.68,40.92,40.59,40.75,40.75,4680616
2018-12-18,39.92,40.11,39.55,39.83,39.83,4530832
2018-12-19,40.75,41.02,40.09,40.56,40.56,6218083
2018-12-20,39.9,40.28,39.72,40.0,40.0,3778861
2018-12-21,39.87,40.03,39.51,39.77,39.77,3141690
2018-12-24,39.08,39.68,38.85,39.26,39.26,9405796
2018-12-25,38.84,39.16,38.52,38.84,38.84,7150998
2018-12-26,39.32,39.53,38.84,39.19,39.19,5658729
2018-12-27,38.46,38.54,38.26,38.4,38.4,5132028
2018-12-28,39.12,39.32,38.54,38.93,38.93,6506423
2018-12-31,38.55,39.02,38.19,38.6,38.6,2752452
2019-01-01,37.9,38.14,37.55,37.84,37.84,7561900
2019-01-02,38.03,38.26,37.62,37.94,37.94,3915990
2019-01-03,37.12,37.51,37.0,37.26,37.26,2540401
2019-01-04,36.04,36.14,35.66,35.9,35.9,5385348
2019-01-07,35.34,35.53,35.26,35.39,35.39,3618121
2019-01-08,34.47,34.68,34.24,34.46,34.46,6303015
2019-01-09,34.59,34.78,34.3,34.54,34.54,2948137
2019-01-10,34.44,34.71,34.21,34.46,34.46,5278276
2019-01-11,35.32,35.33,35.27,35.3,35.3,10422633
2019-01-14,35.41,35.78,35.22,35.5,35.5,3370659
2019-01-15,36.7,36.98,36.28,36.63,36.63,6208614
2019-01-16,37.19,37.54,36.39,36.96,36.96,6494650
2019-01-17,37.17,37.28,36.82,37.05,37.05,2849724
2019-01-18,37.29,37.51,36.62,37.07,37.07,9500806
2019-01-21,37.52,38.06,37.05,37.55,37.55,4136239
2019-01-22,37.57,37.7,37.31,37.51,37.51,5423353
2019-01-23,37.65,37.85,37.46,37.66,37.66,3241136
2019-01-24,36.14,36.28,35.72,36.0,36.0,6027226
2019-01-25,37.19,37.39,36.94,37.16,37.16,6679298
2019-01-28,37.38,37.79,37.04,37.41,37.41,6168505
2019-01-29,37.08,37.42,36.93,37.17,37.17,2895643
2019-01-30,37.76,38.21,37.56,37.88,37.88,8400583
2019-01-31,37.43,37.61,37.29,37.45,37.45,3355857
2019-02-01,38.18,38.46,38.04,38.25,38.25,4228789
2019-02-04,39.11,39.62,38.62,39.12,39.12,5030060
2019-02-05,38.99,39.48,38.74,39.11,39.11,6145143
2019-02-06,39.01,39.13,38.75,38.94,38.94,4012254
2019-02-07,39.26,39.76,38.69,39.22,39.22,5915088
2019-02-08,38.95,39.35,38.31,38.83,38.83,6127371
2019-02-11,38.14,38.58,37.8,38.19,38.19,8101544
2019-02-12,37.76,37.95,37.33,37.64,37.64,9314931
2019-02-13,38.16,38.41,37.96,38.19,38.19,3685896
2019-02-14,38.7,38.88,38.16,38.52,38.52,3550893
2019-02-15,38.67,38.84,38.34,38.59,38.59,5934858
2019-02-18,37.92,38.15,37.68,37.91,37.91,5470332
2019-02-19,37.2,37.68,37.06,37.37,37.37,4215842
2019-02-20,37.91,38.07,37.6,37.84,37.84,8443484
2019-02-21,37.52,37.93,37.36,37.65,37.65,7023664
2019-02-22,37.73,38.2,37.51,37.85,37.85,5757026
2019-02-25,38.62,38.76,38.43,38.6,38.6,3528604
2019-02-26,37.21,37.67,36.89,37.28,37.28,7162509
2019-02-27,36.96,37.07,36.55,36.81,36.81,3346353
2019-02-28,37.45,37.81,37.06,37.43,37.43,6239253
2019-03-01,37.41,37.62,37.18,37.4,37.4,5425584
2019-03-04,37.83,38.01,37.68,37.85,37.85,6341765
2019-03-05,38.5,39.03,38.34,38.68,38.68,3771949
2019-03-06,39.16,39.42,38.79,39.1,39.1,5684254
2019-03-07,39.23,39.5,38.83,39.16,39.16,5119707
2019-03-08,38.04,38.42,37.84,38.13,38.13,3126850
2019-03-11,38.1,38.17,38.05,38.11,38.11,4548714
2019-03-12,37.67,37.96,37.0,37.48,37.48,9890511
2019-03-13,38.23,38.36,37.87,38.11,38.11,5205073
2019-03-14,37.87,38.01,37.35,37.68,37.68,3860716
2019-03-15,37.73,37.75,37.71,37.73,37.73,7156226
2019-03-18,36.89,37.27,36.71,36.99,36.99,5363861
2019-03-19,37.34,37.87,37.08,37.48,37.48,7713685
2019-03-20,37.45,37.61,37.26,37.43,37.43,7854015
2019-03-21,37.59,37.81,37.42,37.61,37.61,5297648
2019-03-22,37.52,37.86,37.12,37.49,37.49,5128375
2019-03-25,37.53,37.76,37.27,37.51,37.51,6627471
2019-03-26,37.57,37.85,37.43,37.64,37.64,5944894
2019-03-27,38.1,38.19,37.9,38.04,38.04,4455424
2019-03-28,38.66,39.04,38.24,38.64,38.64,5640214
2019-03-29,39.29,39.58,39.12,39.35,39.35,7884852
2019-04-01,39.42,39.86,39.22,39.54,39.54,5354127
2019-04-02,40.76,41.25,40.55,40.9,40.9,9709231
2019-04-03,41.2,41.66,40.89,41.27,41.27,10691616
2019-04-04,39.98,40.22,39.68,39.95,39.95,5135434
2019-04-05,39.7,39.96,39.56,39.76,39.76,5145260
2019-04-08,40.27,40.74,40.04,40.39,40.39,3734033
2019-04-09,41.01,41.38,40.88,41.13,41.13,6085272
2019-04-10,41.64,42.17,41.25,41.71,41.71,5145750
2019-04-11,42.15,42.23,41.88,42.05,42.05,2978248
2019-04-12,42.45,42.91,42.31,42.61,42.61,3651473
2019-04-15,42.46,42.81,41.8,42.3,42.3,3968279
2019-04-16,40.93,41.15,40.7,40.92,40.92,4180464
2019-04-17,41.79,42.15,41.38,41.76,41.76,8817186
2019-04-18,41.81,42.01,41.04,41.52,41.52,7102910
2019-04-19,41.76,42.0,41.47,41.74,41.74,4685971
2019-04-22,41.56,42.09,41.29,41.69,41.69,4467470
2019-04-23,41.43,41.73,41.11,41.42,41.42,5432688
2019-04-24,41.28,41.52,40.92,41.22,41.22,6875138
2019-04-25,40.3,40.44,39.72,40.08,40.08,4007348
2019-04-26,41.44,41.66,41.01,41.34,41.34,7191850
2019-04-29,42.55,42.81,41.99,42.4,42.4,5477386
2019-04-30,41.88,42.12,41.79,41.96,41.96,3477966
2019-05-01,41.23,42.16,40.84,41.5,41.5,6434028
2019-05-02,42.08,42.25,41.9,42.07,42.07,9354126
2019-05-03,41.81,42.38,41.47,41.93,41.93,13035814
2019-05-06,41.5,41.7,41.14,41.42,41.42,5935408
2019-05-07,40.96,41.4,40.72,41.06,41.06,8040253
2019-05-08,42.55,43.09,42.38,42.74,42.74,6756302
2019-05-09,43.59,43.74,43.0,43.37,43.37,5466073
2019-05-10,43.73,43.85,43.41,43.63,43.63,4299941
2019-05-13,44.9,45.03,44.61,44.82,44.82,4994052
2019-05-14,43.18,43.59,42.61,43.1,43.1,2545690
2019-05-15,44.22,44.85,43.84,44.35,44.35,4049757
2019-05-16,44.45,44.7,44.21,44.46,44.46,7693130
2019-05-17,44.94,45.42,44.68,45.05,45.05,4874205
2019-05-20,45.05,46.11,44.71,45.41,45.41,4438225
2019-05-21,44.62,45.23,44.45,44.84,44.84,7602078
2019-05-22,44.53,44.76,43.68,44.22,44.22,7467742
2019-05-23,43.05,43.29,42.83,43.06,43.06,11639618
2019-05-24,43.28,43.94,42.73,43.33,43.33,10847088
2019-05-27,43.98,44.22,43.52,43.87,43.87,9602421
2019-05-28,43.5,44.2,43.18,43.69,43.69,3448397
2019-05-29,43.86,44.12,43.4,43.76,43.76,5177265
2019-05-30,43.13,43.43,42.76,43.09,43.09,10058630
2019-05-31,44.44,44.62,43.89,44.25,44.25,4606954
2019-06-03,43.9,44.6,43.67,44.14,44.14,3915920
2019-06-04,43.39,43.64,43.01,43.33,43.33,5700442
2019-06-05,44.1,44.5,43.95,44.22,44.22,6384526
2019-06-06,45.02,45.27,44.32,44.8,44.8,4304480
2019-06-07,43.87,44.07,43.46,43.77,43.77,4941499
2019-06-10,44.32,44.46,44.28,44.37,44.37,6121410
2019-06-11,43.38,43.92,42.98,43.45,43.45,3298683
2019-06-12,43.44,43.68,43.29,43.48,43.48,7028316
2019-06-13,43.64,44.17,43.47,43.82,43.82,5416213
2019-06-14,41.89,42.1,41.5,41.8,41.8,17142269
2019-06-17,41.81,42.07,41.13,41.6,41.6,5952390
2019-06-18,42.25,42.55,41.82,42.19,42.19,3422087
2019-06-19,42.19,42.38,41.76,42.07,42.07,5253612
2019-06-20,42.75,43.01,42.13,42.57,42.57,3096575
2019-06-21,42.4,42.88,41.95,42.42,42.42,3590949
2019-06-24,41.65,42.09,41.46,41.78,41.78,8494475
2019-06-25,42.07,42.42,41.47,41.95,41.95,4426748
2019-06-26,42.11,42.44,41.65,42.05,42.05,4715570
2019-06-27,42.49,42.96,41.78,42.37,42.37,10889933
2019-06-28,43.5,43.69,42.89,43.29,43.29,7180077
2019-07-01,41.97,42.17,41.78,41.98,41.98,9687465
2019-07-02,42.94,43.26,42.73,42.99,42.99,4075101
2019-07-03,43.13,44.13,42.88,43.5,43.5,3182280
2019-07-04,43.46,44.24,43.09,43.66,43.66,8224504
2019-07-05,43.34,43.82,42.85,43.33,43.33,6694443
2019-07-08,44.15,44.47,43.48,43.97,43.97,5275929
2019-07-09,44.61,44.89,44.04,44.47,44.47,4374956
2019-07-10,44.02,44.41,43.87,44.14,44.14,3787952
2019-07-11,44.41,44.64,43.85,44.25,44.25,2978564
2019-07-12,44.2,44.69,44.05,44.37,44.37,8439237
2019-07-15,43.8,44.04,43.0,43.52,43.52,9736809
2019-07-16,42.79,43.34,42.56,42.95,42.95,4574969
2019-07-17,44.03,44.19,43.52,43.86,43.86,4893410
2019-07-18,44.84,45.18,44.4,44.79,44.79,5295453
2019-07-19,44.67,45.27,44.34,44.81,44.81,6942024
2019-07-22,44.77,45.58,44.42,45.0,45.0,6369210
2019-07-23,44.43,45.1,44.04,44.57,44.57,4565856
2019-07-24,44.62,45.09,43.96,44.53,44.53,11655062
2019-07-25,44.12,44.42,44.04,44.23,44.23,9048725
2019-07-26,43.54,43.72,43.38,43.55,43.55,4048642
2019-07-29,44.5,44.74,43.86,44.3,44.3,7848967
2019-07-30,45.03,45.39,44.59,44.99,44.99,4060949
2019-07-31,45.77,46.35,45.42,45.89,45.89,6983761
2019-08-01,47.16,47.66,46.92,47.29,47.29,6309369
2019-08-02,47.7,48.14,47.49,47.82,47.82,7711428
2019-08-05,47.34,47.55,47.07,47.31,47.31,6045470
2019-08-06,47.47,47.63,46.86,47.25,47.25,5115925
2019-08-07,46.53,47.06,46.37,46.72,46.72,8899036
2019-08-08,46.58,47.27,46.26,46.77,46.77,6912332
2019-08-09,46.75,47.77,46.46,47.11,47.11,4160290
2019-08-12,46.02,46.4,45.71,46.05,46.05,6218333
2019-08-13,46.61,46.78,46.2,46.49,46.49,2498570
2019-08-14,46.13,46.64,45.89,46.26,46.26,2002451
2019-08-15,44.83,45.5,44.65,45.07,45.07,16424490
2019-08-16,44.38,44.48,44.28,44.38,44.38,8658183
2019-08-19,44.31,44.48,43.85,44.17,44.17,8455983
2019-08-20,44.31,44.91,44.14,44.52,44.52,7501801
2019-08-21,43.08,43.87,42.66,43.26,43.26,8570522
2019-08-22,43.11,43.52,42.86,43.19,43.19,4164590
2019-08-23,42.83,43.03,42.67,42.85,42.85,5914407
2019-08-26,42.29,42.59,41.54,42.07,42.07,8705442
2019-08-27,40.92,41.37,40.79,41.08,41.08,6084979
2019-08-28,40.82,41.08,40.44,40.76,40.76,6407367
2019-08-29,41.52,42.07,41.37,41.72,41.72,5724692
2019-08-30,40.48,40.8,40.39,40.6,40.6,3410920
2019-09-02,39.99,40.09,39.74,39.92,39.92,5414963
2019-09-03,39.58,39.83,39.1,39.47,39.47,8605197
2019-09-04,39.28,39.4,39.15,39.28,39.28,3134520
2019-09-05,39.26,39.53,38.92,39.22,39.22,7963730
2019-09-06,38.41,38.84,37.78,38.31,38.31,4944576
2019-09-09,37.7,37.88,37.54,37.71,37.71,5866100
2019-09-10,36.88,37.31,36.62,36.96,36.96,4953111
2019-09-11,36.54,36.77,36.07,36.42,36.42,3133609
2019-09-12,35.95,36.35,35.51,35.93,35.93,3837628
2019-09-13,35.96,36.06,35.78,35.92,35.92,5528119
2019-09-16,35.89,36.39,35.75,36.07,36.07,4809142
2019-09-17,37.08,37.41,36.72,37.07,37.07,6181076
2019-09-18,36.49,36.87,36.34,36.61,36.61,5103966
2019-09-19,37.88,38.03,37.59,37.81,37.81,5223962
2019-09-20,37.74,38.2,37.62,37.91,37.91,3554559
2019-09-23,38.44,38.71,38.12,38.42,38.42,5451747
2019-09-24,38.57,38.66,38.37,38.51,38.51,3169429
2019-09-25,38.83,39.33,38.54,38.94,38.94,7343275
2019-09-26,37.19,37.46,37.08,37.27,37.27,4748279
2019-09-27,37.69,38.14,37.37,37.76,37.76,4543850
2019-09-30,38.32,38.52,37.97,38.25,38.25,10710178
2019-10-01,37.77,37.78,37.77,37.78,37.78,9161630
2019-10-02,36.94,37.49,36.79,37.14,37.14,4081257
2019-10-03,38.04,38.22,37.32,37.77,37.77,3114142
2019-10-04,36.56,36.89,36.17,36.53,36.53,2893278
2019-10-07,35.77,36.12,35.3,35.71,35.71,6843056
2019-10-08,35.76,36.0,35.48,35.74,35.74,4534059
2019-10-09,35.6,35.88,35.45,35.66,35.66,5053978
2019-10-10,35.1,35.2,34.95,35.08,35.08,2905348
2019-10-11,34.78,35.12,34.42,34.77,34.77,3300747
2019-10-14,35.26,35.53,34.8,35.16,35.16,7396361
2019-10-15,35.03,35.19,34.73,34.96,34.96,5812146
2019-10-16,34.74,34.87,34.29,34.58,34.58,3343473
2019-10-17,33.83,34.32,33.58,33.95,33.95,8346176
2019-10-18,33.88,33.94,33.73,33.84,33.84,5372415
2019-10-21,34.72,34.97,34.44,34.7,34.7,8887279
2019-10-22,35.19,35.36,34.77,35.07,35.07,3154924
2019-10-23,35.54,35.74,35.09,35.41,35.41,4491882
2019-10-24,34.86,35.4,34.65,35.03,35.03,4788691
2019-10-25,34.9,35.2,34.57,34.89,34.89,6916356
2019-10-28,35.98,36.41,35.74,36.07,36.07,10673750
2019-10-29,36.24,36.43,35.7,36.06,36.06,3706819
2019-10-30,36.07,36.26,36.02,36.14,36.14,1434818
2019-10-31,35.57,36.05,35.42,35.73,35.73,5523232
2019-11-01,35.99,36.26,35.65,35.96,35.96,5523690
2019-11-04,35.92,36.24,35.63,35.94,35.94,4020462
2019-11-05,35.71,36.4,35.51,35.96,35.96,5122455
2019-11-06,36.44,36.61,36.36,36.49,36.49,4436555
2019-11-07,36.1,36.41,35.93,36.17,36.17,3153764
2019-11-08,35.02,35.49,34.71,35.1,35.1,5752128
2019-11-11,34.73,35.15,34.35,34.75,34.75,7972888
2019-11-12,35.44,35.56,35.02,35.29,35.29,5038909
2019-11-13,35.54,35.77,34.99,35.38,35.38,3918795
2019-11-14,35.82,36.46,35.28,35.87,35.87,6143963
2019-11-15,36.3,36.5,35.57,36.03,36.03,2071888
2019-11-18,36.48,36.82,36.25,36.53,36.53,11290210
2019-11-19,37.09,37.15,36.92,37.04,37.04,13841986
2019-11-20,37.62,37.86,37.54,37.7,37.7,9562279
2019-11-21,37.52,37.77,37.08,37.42,37.42,10443917
2019-11-22,37.24,37.63,37.04,37.33,37.33,4295115
2019-11-25,37.31,37.5,37.01,37.25,37.25,5914957
2019-11-26,36.73,36.84,36.39,36.62,36.62,2975065
2019-11-27,36.45,36.77,36.2,36.49,36.49,6960633
2019-11-28,35.53,35.81,35.25,35.53,35.53,7824580
2019-11-29,34.6,34.83,34.27,34.55,34.55,5046226
2019-12-02,33.58,33.85,33.42,33.63,33.63,4658445
2019-12-03,32.85,33.19,32.74,32.96,32.96,6082250
2019-12-04,32.54,32.88,32.27,32.58,32.58,7725127
2019-12-05,32.94,33.19,32.7,32.94,32.94,5452279
2019-12-06,32.72,33.1,32.59,32.84,32.84,4826436
2019-12-09,33.91,33.98,33.8,33.89,33.89,9681270
2019-12-10,34.32,34.47,33.96,34.21,34.21,4490217
2019-12-11,34.95,35.38,34.68,35.03,35.03,4423312
2019-12-12,35.24,35.48,34.74,35.11,35.11,8409701
2019-12-13,34.71,34.81,34.46,34.64,34.64,6971168
2019-12-16,35.35,35.87,35.14,35.5,35.5,4625174
2019-12-17,34.91,35.32,34.75,35.03,35.03,5848100
2019-12-18,36.0,36.34,35.76,36.05,36.05,6623650
2019-12-19,35.13,35.74,34.87,35.31,35.31,6762619
2019-12-20,35.0,35.65,34.67,35.16,35.16,7746072
2019-12-23,34.86,34.99,34.74,34.87,34.87,2753400
2019-12-24,34.58,34.82,34.21,34.52,34.52,10248746
2019-12-25,34.6,35.05,33.96,34.51,34.51,6334313
2019-12-26,33.69,33.93,33.43,33.68,33.68,7108815
2019-12-27,32.94,32.96,32.83,32.9,32.9,3838700
2019-12-30,32.33,32.44,31.93,32.19,32.19,5119626
2019-12-31,32.67,32.86,32.21,32.54,32.54,5313183
2020-01-01,32.98,33.39,32.4,32.89,32.89,3986912
2020-01-02,32.71,33.05,32.29,32.67,32.67,7125074
2020-01-03,33.2,33.74,32.97,33.35,33.35,5373647
2020-01-06,33.46,33.56,33.19,33.37,33.37,4109433
2020-01-07,34.22,34.29,34.17,34.23,34.23,5085176
2020-01-08,34.66,35.16,34.51,34.83,34.83,9369500
2020-01-09,34.39,34.74,34.3,34.52,34.52,5309559
2020-01-10,33.58,33.77,33.2,33.48,33.48,4457343
2020-01-13,33.03,33.51,32.85,33.18,33.18,4143606
2020-01-14,34.28,34.45,34.0,34.22,34.22,5016089
2020-01-15,34.13,34.26,33.69,33.97,33.97,4388792
2020-01-16,33.98,34.29,33.77,34.03,34.03,3256041
2020-01-17,34.42,34.56,34.17,34.37,34.37,4223367
2020-01-20,35.13,35.37,34.59,34.98,34.98,8399054
2020-01-21,35.06,35.35,34.86,35.1,35.1,3046782
2020-01-22,35.4,35.57,34.94,35.26,35.26,15943173
2020-01-23,34.35,34.44,34.28,34.36,34.36,6155647
2020-01-24,35.26,35.49,35.07,35.28,35.28,6343466
2020-01-27,35.78,36.16,35.47,35.81,35.81,5198723
2020-01-28,35.43,35.91,35.3,35.6,35.6,6423501
2020-01-29,36.17,36.57,35.99,36.28,36.28,4241553
2020-01-30,35.69,35.97,35.1,35.54,35.54,3745305
2020-01-31,35.19,35.53,34.97,35.25,35.25,7281081
2020-02-03,35.43,35.68,35.29,35.49,35.49,10588823
2020-02-04,35.13,35.34,34.68,35.01,35.01,6358781
2020-02-05,35.18,35.76,35.01,35.38,35.38,6587929
2020-02-06,35.51,36.13,35.33,35.73,35.73,4062077
2020-02-07,36.02,36.35,35.59,35.97,35.97,5046220
2020-02-10,36.32,36.65,36.09,36.37,36.37,5444257
2020-02-11,37.19,37.46,36.58,37.02,37.02,6027081
2020-02-12,37.25,37.61,37.13,37.37,37.37,8021946
2020-02-13,37.88,37.95,37.66,37.81,37.81,13361747
2020-02-14,37.43,37.69,37.1,37.4,37.4,8177866
2020-02-17,37.71,38.12,37.05,37.59,37.59,9095218
2020-02-18,37.0,37.07,36.75,36.91,36.91,4136026
2020-02-19,37.48,37.87,37.03,37.45,37.45,6711327
2020-02-20,36.81,37.21,36.67,36.94,36.94,4988595
2020-02-21,36.55,36.81,36.27,36.54,36.54,7713855
2020-02-24,36.32,36.53,35.94,36.23,36.23,3246377
2020-02-25,35.64,35.99,35.19,35.59,35.59,3060654
2020-02-26,35.64,36.0,35.0,35.5,35.5,9873325
2020-02-27,35.97,36.34,35.79,36.06,36.06,6256838
2020-02-28,36.13,36.39,35.66,36.03,36.03,3157614
2020-03-02,35.09,35.3,34.66,34.98,34.98,5223238
2020-03-03,35.53,35.76,34.96,35.36,35.36,6959290
2020-03-04,35.09,35.3,34.81,35.05,35.05,4450938
2020-03-05,34.65,34.87,34.47,34.67,34.67,6220252
2020-03-06,34.62,34.85,34.23,34.54,34.54,3370676
2020-03-09,33.62,33.92,33.3,33.61,33.61,4372607
2020-03-10,33.93,34.11,33.55,33.83,33.83,3987466
2020-03-11,33.21,33.49,32.9,33.2,33.2,5583988
2020-03-12,33.57,33.72,33.02,33.37,33.37,15748887
2020-03-13,33.09,33.52,32.78,33.15,33.15,6119358
2020-03-16,33.39,33.48,33.14,33.31,33.31,7361265
2020-03-17,33.98,34.41,33.83,34.12,34.12,5106035
2020-03-18,33.99,34.07,33.91,33.99,33.99,5206897
2020-03-19,34.19,34.48,34.01,34.25,34.25,4030782
2020-03-20,34.15,34.35,33.79,34.07,34.07,7675002
2020-03-23,33.78,33.94,33.33,33.64,33.64,4040819
2020-03-24,33.12,33.16,33.03,33.1,33.1,3784862
2020-03-25,33.2,33.26,33.17,33.22,33.22,8301317
2020-03-26,33.35,33.54,32.85,33.19,33.19,3577389
2020-03-27,33.06,33.38,32.62,33.0,33.0,4192672
2020-03-30,34.3,34.51,33.84,34.18,34.18,6422657
2020-03-31,34.6,34.96,34.48,34.72,34.72,5978982
2020-04-01,35.8,36.07,35.31,35.69,35.69,6470456
2020-04-02,35.43,35.77,35.34,35.56,35.56,4938246
2020-04-03,36.26,36.6,35.8,36.2,36.2,11321254
2020-04-06,36.39,36.86,36.23,36.55,36.55,3198427
2020-04-07,36.42,36.7,36.21,36.46,36.46,5129580
2020-04-08,36.66,36.88,36.25,36.57,36.57,9147293
2020-04-09,36.34,36.73,36.21,36.47,36.47,10477736
2020-04-10,35.98,36.12,35.82,35.97,35.97,4591258
2020-04-13,35.67,36.15,35.41,35.78,35.78,3262915
2020-04-14,35.43,35.47,35.33,35.4,35.4,4938656
2020-04-15,35.61,36.07,35.41,35.74,35.74,10379828
2020-04-16,36.96,37.24,36.57,36.9,36.9,3052380
2020-04-17,37.7,37.91,37.51,37.71,37.71,4513835
2020-04-20,36.68,36.83,36.27,36.55,36.55,6103847
2020-04-21,36.44,36.61,36.06,36.34,36.34,4260087
2020-04-22,36.59,36.9,36.13,36.52,36.52,7596491
2020-04-23,36.92,37.08,36.49,36.78,36.78,4090536
2020-04-24,36.95,37.25,36.69,36.97,36.97,8198719
2020-04-27,35.06,35.35,34.98,35.17,35.17,3131063
2020-04-28,34.26,34.41,33.84,34.13,34.13,10014281
2020-04-29,34.64,35.11,34.41,34.76,34.76,2786452
2020-04-30,33.99,34.36,33.74,34.05,34.05,7739319
2020-05-01,33.49,33.88,33.28,33.58,33.58,7054266
2020-05-04,33.33,33.5,33.12,33.31,33.31,8857534
2020-05-05,32.98,33.1,32.88,32.99,32.99,8021150
2020-05-06,32.29,32.63,31.75,32.19,32.19,6642985
2020-05-07,31.62,32.07,31.08,31.58,31.58,4635606
2020-05-08,32.32,32.51,32.14,32.33,32.33,4050752
2020-05-11,32.85,33.35,32.49,32.92,32.92,5758015
2020-05-12,33.73,34.15,33.48,33.81,33.81,1775765
2020-05-13,33.73,33.99,33.38,33.69,33.69,6638270
2020-05-14,33.74,34.02,33.67,33.85,33.85,5369554
2020-05-15,34.26,34.46,33.99,34.22,34.22,3659921
2020-05-18,33.4,34.08,33.2,33.64,33.64,5233907
2020-05-19,34.45,35.04,34.28,34.66,34.66,6742762
2020-05-20,35.11,35.4,34.94,35.17,35.17,7120833
2020-05-21,34.71,35.0,34.6,34.8,34.8,4297292
2020-05-22,34.37,34.64,33.89,34.26,34.26,7044386
2020-05-25,34.67,34.84,34.61,34.72,34.72,3443038
2020-05-26,34.25,34.48,34.04,34.26,34.26,5415151
2020-05-27,34.73,34.92,34.19,34.55,34.55,3574770
2020-05-28,34.29,34.67,34.05,34.36,34.36,3992077
2020-05-29,34.21,34.41,33.88,34.15,34.15,3530959
2020-06-01,33.83,34.15,33.54,33.85,33.85,8889722
2020-06-02,33.0,33.33,32.72,33.03,33.03,6631273
2020-06-03,32.96,33.19,32.86,33.03,33.03,5445361
2020-06-04,33.81,34.26,33.67,33.97,33.97,4647950
2020-06-05,34.32,34.4,34.19,34.29,34.29,4956649
2020-06-08,33.92,34.19,33.84,34.01,34.01,6282432
2020-06-09,34.75,34.94,34.49,34.72,34.72,8397371
2020-06-10,35.14,35.41,34.9,35.15,35.15,9060697
2020-06-11,35.09,35.37,34.72,35.04,35.04,6006393
2020-06-12,34.74,34.89,34.61,34.75,34.75,9633778
2020-06-15,33.85,34.05,33.45,33.75,33.75,5299854
2020-06-16,33.22,33.4,32.68,33.04,33.04,6246600
2020-06-17,33.1,33.52,32.93,33.23,33.23,3920915
2020-06-18,33.25,33.42,33.02,33.22,33.22,7216941
2020-06-19,33.66,33.8,33.14,33.47,33.47,4663135
2020-06-22,33.32,33.75,33.11,33.43,33.43,6119064
2020-06-23,34.74,34.98,34.47,34.73,34.73,8369349
2020-06-24,36.06,36.44,35.8,36.12,36.12,10569206
2020-06-25,35.81,36.38,35.54,35.96,35.96,5064614
2020-06-26,35.79,35.89,35.76,35.82,35.82,9215693
2020-06-29,37.08,37.46,36.26,36.86,36.86,2401962
2020-06-30,37.29,37.43,37.12,37.28,37.28,4216933
2020-07-01,36.96,37.09,36.66,36.87,36.87,3987804
2020-07-02,36.97,37.28,36.85,37.07,37.07,4105379
2020-07-03,37.53,37.84,36.89,37.36,37.36,2609439
2020-07-06,36.93,37.07,36.74,36.9,36.9,6805683
2020-07-07,36.2,36.5,35.88,36.19,36.19,9670685
2020-07-08,36.38,36.79,36.24,36.52,36.52,6028268
2020-07-09,36.66,36.86,36.48,36.67,36.67,9479931
2020-07-10,37.05,37.37,36.7,37.03,37.03,4651565
2020-07-13,36.8,37.07,36.49,36.78,36.78,8427531
2020-07-14,36.79,36.95,36.57,36.76,36.76,4652485
2020-07-15,36.2,36.63,36.05,36.34,36.34,7305427
2020-07-16,37.09,37.27,36.53,36.9,36.9,4694623
2020-07-17,35.78,35.81,35.68,35.75,35.75,5641279
2020-07-20,35.36,35.76,35.13,35.44,35.44,5524693
2020-07-21,34.69,35.32,34.49,34.9,34.9,5839076
2020-07-22,35.34,35.36,35.28,35.32,35.32,7899802
2020-07-23,34.45,34.7,34.35,34.53,34.53,6841192
2020-07-24,33.81,33.99,33.3,33.64,33.64,4694692
2020-07-27,33.66,33.74,33.33,33.53,33.53,4266348
2020-07-28,32.87,33.23,32.59,32.91,32.91,5450954
2020-07-29,33.03,33.3,32.78,33.04,33.04,4558823
2020-07-30,33.35,33.55,33.03,33.29,33.29,9965701
2020-07-31,33.37,33.75,33.13,33.44,33.44,4173297
2020-08-03,33.26,33.65,33.07,33.36,33.36,4602322
2020-08-04,33.77,34.05,33.46,33.76,33.76,5639515
2020-08-05,33.04,33.34,32.78,33.06,33.06,2546431
2020-08-06,33.16,33.36,32.51,32.94,32.94,8381372
2020-08-07,32.85,32.87,32.82,32.84,32.84,3740118
2020-08-10,32.7,32.87,32.3,32.59,32.59,4827825
2020-08-11,31.5,31.6,31.16,31.38,31.38,5666726
2020-08-12,30.98,31.31,30.62,30.96,30.96,7682824
2020-08-13,31.31,31.47,30.99,31.23,31.23,6655733
2020-08-14,31.61,31.95,31.11,31.53,31.53,3594425
2020-08-17,31.51,32.02,31.31,31.66,31.66,3501730
2020-08-18,31.88,32.1,31.66,31.88,31.88,4057878
2020-08-19,32.11,32.43,31.87,32.15,32.15,11282023
2020-08-20,31.93,32.36,31.71,32.04,32.04,10534928
2020-08-21,32.1,32.52,31.61,32.06,32.06,7997874
2020-08-24,32.54,32.82,32.39,32.6,32.6,4556807
2020-08-25,32.23,32.95,31.93,32.44,32.44,8153970
2020-08-26,32.55,32.77,32.12,32.44,32.44,6089774
2020-08-27,32.11,32.23,31.7,31.97,31.97,6322593
2020-08-28,31.53,31.61,31.39,31.5,31.5,7406151
2020-08-31,31.73,31.95,31.52,31.74,31.74,2329575
2020-09-01,31.87,31.94,31.83,31.88,31.88,1952963
2020-09-02,31.32,31.58,31.15,31.37,31.37,6264638
2020-09-03,31.56,31.67,31.53,31.6,31.6,4400848
2020-09-04,30.83,31.07,30.69,30.88,30.88,6890009
2020-09-07,31.57,31.71,31.16,31.43,31.43,5984516
2020-09-08,31.06,31.22,30.75,30.98,30.98,4617072
2020-09-09,31.39,31.81,31.04,31.43,31.43,17670312
2020-09-10,32.18,32.35,31.87,32.11,32.11,7168573
2020-09-11,31.84,32.2,31.71,31.95,31.95,6443400
2020-09-14,31.34,31.73,31.2,31.46,31.46,4953170
2020-09-15,31.89,31.99,31.74,31.86,31.86,3231859
2020-09-16,32.89,33.29,32.67,32.98,32.98,6789075
2020-09-17,32.26,32.9,31.92,32.41,32.41,4112147
2020-09-18,32.21,32.43,31.76,32.1,32.1,5485400
2020-09-21,32.24,32.59,31.91,32.25,32.25,7270470
2020-09-22,32.73,32.83,32.45,32.64,32.64,7403425
2020-09-23,32.78,33.14,32.62,32.88,32.88,4640694
2020-09-24,33.17,33.25,33.03,33.14,33.14,3796705
2020-09-25,32.32,32.69,32.16,32.42,32.42,6757128
2020-09-28,32.68,32.78,32.58,32.68,32.68,5789987
2020-09-29,32.6,33.08,32.44,32.76,32.76,2777381
2020-09-30,32.72,33.24,32.55,32.89,32.89,5995457
2020-10-01,33.18,33.24,33.02,33.13,33.13,4383776
2020-10-02,33.33,33.43,33.12,33.28,33.28,2955927
2020-10-05,32.45,32.81,32.09,32.45,32.45,7558200
2020-10-06,31.6,31.83,31.37,31.6,31.6,5932337
2020-10-07,32.43,32.88,31.89,32.38,32.38,8327175
2020-10-08,33.0,33.29,32.72,33.0,33.0,4833489
2020-10-09,32.76,32.99,32.39,32.69,32.69,7529684
2020-10-12,31.86,32.31,31.49,31.9,31.9,5210868
2020-10-13,32.67,32.91,32.28,32.59,32.59,5011578
2020-10-14,32.68,32.97,32.23,32.6,32.6,8031152
2020-10-15,33.86,34.1,33.56,33.83,33.83,3369590
2020-10-16,33.21,33.4,33.03,33.21,33.21,5292655
2020-10-19,32.84,33.28,32.61,32.94,32.94,7536275
2020-10-20,33.04,33.37,32.79,33.08,33.08,5408490
2020-10-21,32.36,32.59,32.24,32.41,32.41,5232466
2020-10-22,31.9,32.07,31.77,31.92,31.92,7041887
2020-10-23,31.67,32.07,31.45,31.76,31.76,8949856
2020-10-26,31.52,31.92,31.34,31.63,31.63,4482386
2020-10-27,30.69,30.96,30.54,30.75,30.75,16441921
2020-10-28,30.57,30.75,30.29,30.52,30.52,8693512
2020-10-29,30.22,30.39,30.15,30.27,30.27,4187115
2020-10-30,29.97,30.02,29.81,29.92,29.92,7081722
2020-11-02,30.06,30.11,29.92,30.01,30.01,9641090
2020-11-03,29.89,30.01,29.6,29.81,29.81,5554435
2020-11-04,30.27,30.61,29.86,30.23,30.23,5623317
2020-11-05,31.58,31.85,31.41,31.63,31.63,5400815
2020-11-06,31.14,31.42,30.85,31.13,31.13,8401998
2020-11-09,31.39,31.83,31.28,31.55,31.55,9102640
2020-11-10,32.54,33.05,32.39,32.72,32.72,4871281
2020-11-11,33.55,34.0,33.29,33.65,33.65,3873832
2020-11-12,33.33,33.64,33.0,33.32,33.32,5568696
2020-11-13,32.94,33.17,32.37,32.77,32.77,4509130
2020-11-16,33.69,33.9,33.23,33.57,33.57,5159303
2020-11-17,32.4,32.72,31.92,32.32,32.32,5382652
2020-11-18,32.27,32.38,32.19,32.28,32.28,8456229
2020-11-19,32.35,32.5,32.21,32.36,32.36,3782174
2020-11-20,32.23,32.56,32.06,32.31,32.31,7321433
2020-11-23,31.94,32.38,31.8,32.09,32.09,3587243
2020-11-24,32.68,32.87,32.48,32.67,32.67,5711323
2020-11-25,32.59,32.85,32.33,32.59,32.59,6325545
2020-11-26,32.09,32.3,32.01,32.15,32.15,7039122
2020-11-27,31.94,32.06,31.68,31.87,31.87,8685749
2020-11-30,32.73,33.09,32.49,32.79,32.79,7467989
2020-12-01,32.16,32.77,31.88,32.32,32.32,5870593
2020-12-02,31.72,32.1,31.48,31.79,31.79,4949871
2020-12-03,31.25,31.61,31.08,31.34,31.34,4609731
2020-12-04,31.69,31.93,31.24,31.58,31.58,5209351
2020-12-07,31.04,31.34,30.7,31.02,31.02,3104827
2020-12-08,31.0,31.39,30.75,31.07,31.07,9761289
2020-12-09,31.1,31.5,30.92,31.21,31.21,3840738
2020-12-10,31.81,31.97,31.4,31.68,31.68,4809628
2020-12-11,31.79,32.09,31.67,31.88,31.88,7387196
2020-12-14,31.69,31.95,31.35,31.65,31.65,5150542
2020-12-15,32.1,32.21,31.98,32.1,32.1,4252992
2020-12-16,30.88,31.08,30.83,30.95,30.95,6657382
2020-12-17,30.15,30.54,30.05,30.29,30.29,5844653
2020-12-18,31.15,31.19,31.13,31.16,31.16,6567143
2020-12-21,31.02,31.25,30.74,31.0,31.0,5910344
2020-12-22,30.63,30.79,30.37,30.58,30.58,3874547
2020-12-23,30.79,31.26,30.62,30.94,30.94,3969370
2020-12-24,31.23,31.38,30.88,31.13,31.13,3551602
2020-12-25,31.5,31.7,31.07,31.39,31.39,2564803
2020-12-28,30.97,31.41,30.81,31.11,31.11,2316203
2020-12-29,32.09,32.25,31.66,31.96,31.96,6334579
2020-12-30,32.25,32.43,31.71,32.07,32.07,4281644
2020-12-31,32.75,32.86,32.29,32.58,32.58,4707889
2021-01-01,32.86,33.12,32.51,32.81,32.81,3923460
2021-01-04,33.13,33.25,33.0,33.12,33.12,6972538
2021-01-05,33.1,33.26,33.02,33.14,33.14,11595218
2021-01-06,33.15,33.31,33.04,33.18,33.18,5137771
2021-01-07,33.1,33.46,32.77,33.11,33.11,8980856
2021-01-08,33.18,33.29,32.8,33.04,33.04,4588642
2021-01-11,34.05,34.23,33.56,33.9,33.9,8784385
2021-01-12,33.74,34.11,33.36,33.74,33.74,4880827
2021-01-13,33.4,33.62,33.25,33.44,33.44,8112699
2021-01-14,33.65,33.81,33.55,33.68,33.68,6300225
2021-01-15,34.31,34.64,34.1,34.37,34.37,4565970
2021-01-18,34.22,34.75,34.0,34.37,34.37,4389116
2021-01-19,34.39,34.78,34.02,34.4,34.4,8836931
2021-01-20,34.39,34.74,34.23,34.49,34.49,7666296
2021-01-21,34.24,34.53,34.1,34.32,34.32,7717130
2021-01-22,33.84,34.41,33.52,33.97,33.97,3903033
2021-01-25,33.52,33.7,33.17,33.44,33.44,3636652
2021-01-26,33.71,33.91,33.23,33.57,33.57,9353701
2021-01-27,33.32,33.51,32.91,33.21,33.21,9572036
2021-01-28,33.67,33.95,33.43,33.69,33.69,4422986
2021-01-29,33.03,33.43,32.45,32.94,32.94,3265861
2021-02-01,32.36,32.4,32.26,32.33,32.33,8940323
2021-02-02,31.97,32.45,31.74,32.09,32.09,3395302
2021-02-03,32.24,32.57,31.88,32.22,32.22,5685127
2021-02-04,32.04,32.17,31.95,32.06,32.06,12891314
2021-02-05,33.27,33.7,33.14,33.42,33.42,5221106
2021-02-08,33.15,33.34,32.92,33.13,33.13,3748550
2021-02-09,33.68,33.9,33.29,33.6,33.6,5252647
2021-02-10,32.94,33.32,32.79,33.05,33.05,7980816
2021-02-11,33.13,33.29,32.86,33.08,33.08,11172936
2021-02-12,32.45,32.76,32.24,32.5,32.5,13602505
2021-02-15,32.23,32.35,31.93,32.14,32.14,6286072
2021-02-16,31.82,32.1,31.64,31.87,31.87,3340910
2021-02-17,32.06,32.35,31.49,31.92,31.92,6305175
2021-02-18,31.76,31.9,31.43,31.66,31.66,10517265
2021-02-19,32.06,32.15,31.69,31.92,31.92,3302325
2021-02-22,31.97,32.06,31.94,32.0,32.0,9821106
2021-02-23,32.36,32.64,32.28,32.46,32.46,5268623
2021-02-24,32.7,32.79,32.55,32.67,32.67,4526170
2021-02-25,32.22,32.55,32.12,32.34,32.34,4818441
2021-02-26,31.86,32.17,31.57,31.87,31.87,4778319
2021-03-01,31.24,31.39,30.82,31.11,31.11,2952819
2021-03-02,31.97,32.24,31.61,31.93,31.93,7822843
2021-03-03,32.05,32.18,31.81,31.99,31.99,9186362
2021-03-04,32.53,32.83,32.44,32.64,32.64,5533693
2021-03-05,32.2,32.46,31.82,32.14,32.14,6660916
2021-03-08,32.47,32.79,32.11,32.45,32.45,5238248
2021-03-09,32.35,32.84,32.18,32.51,32.51,9862253
2021-03-10,32.78,33.14,32.5,32.82,32.82,6781375
2021-03-11,32.48,32.76,32.3,32.53,32.53,2797062
2021-03-12,32.57,33.2,32.4,32.8,32.8,10138311
2021-03-15,32.95,33.06,32.54,32.8,32.8,10785979
2021-03-16,33.14,33.59,32.74,33.16,33.16,8579648
2021-03-17,33.72,34.07,33.52,33.79,33.79,6757171
2021-03-18,33.01,33.34,32.84,33.09,33.09,2787927
2021-03-19,32.61,32.9,32.43,32.66,32.66,13342722
2021-03-22,32.48,32.71,32.17,32.44,32.44,5633826
2021-03-23,32.88,32.98,32.56,32.77,32.77,3367399
2021-03-24,32.81,33.06,32.43,32.74,32.74,3504776
2021-03-25,32.45,32.75,32.29,32.52,32.52,5702659
2021-03-26,32.47,32.59,32.24,32.42,32.42,3527919
2021-03-29,32.25,32.37,31.82,32.1,32.1,4973495
2021-03-30,31.6,31.87,31.42,31.65,31.65,5406001
2021-03-31,31.27,31.38,31.0,31.19,31.19,10411672
2021-04-01,30.78,31.03,30.7,30.86,30.86,3767104
2021-04-02,31.62,31.79,31.41,31.6,31.6,3859844
2021-04-05,30.73,31.25,30.53,30.89,30.89,1982546
2021-04-06,31.7,31.85,31.64,31.74,31.74,5583134
2021-04-07,32.29,32.53,31.87,32.2,32.2,3888935
2021-04-08,31.79,31.91,31.58,31.75,31.75,3054590
2021-04-09,31.34,31.46,31.31,31.38,31.38,6583015
2021-04-12,30.53,30.55,30.44,30.5,30.5,9029219
2021-04-13,31.01,31.21,30.63,30.92,30.92,3053215
2021-04-14,30.8,31.14,30.45,30.79,30.79,7191770
2021-04-15,30.86,31.11,30.61,30.86,30.86,3709921
2021-04-16,30.85,30.99,30.38,30.68,30.68,4809265
2021-04-19,31.0,31.09,30.7,30.9,30.9,7173051
2021-04-20,29.97,30.11,29.76,29.93,29.93,5517766
2021-04-21,30.05,30.25,29.85,30.05,30.05,3455933
2021-04-22,29.86,30.38,29.5,29.94,29.94,4446909
2021-04-23,30.94,31.1,30.34,30.72,30.72,4267495
2021-04-26,31.52,31.84,31.41,31.62,31.62,3268831
2021-04-27,32.01,32.38,31.86,32.12,32.12,5426242
2021-04-28,31.37,31.64,31.02,31.33,31.33,6692016
2021-04-29,31.13,31.39,31.02,31.2,31.2,4080035
2021-04-30,30.45,30.77,30.37,30.57,30.57,2972248
2021-05-03,30.63,30.69,30.39,30.54,30.54,8397090
2021-05-04,29.92,30.07,29.43,29.75,29.75,7786246
2021-05-05,30.13,30.3,29.77,30.04,30.04,4331290
2021-05-06,30.35,30.53,30.23,30.38,30.38,5488393
2021-05-07,30.94,31.12,30.6,30.86,30.86,3039569
2021-05-10,30.86,31.4,30.64,31.02,31.02,4704232
2021-05-11,30.72,31.08,30.53,30.81,30.81,2514906
2021-05-12,30.85,31.24,30.73,30.99,30.99,4600426
2021-05-13,30.6,30.85,30.49,30.67,30.67,2922504
2021-05-14,30.73,30.83,30.51,30.67,30.67,7118627
2021-05-17,31.05,31.22,30.61,30.92,30.92,3838761
2021-05-18,30.69,30.99,30.43,30.71,30.71,3493785
2021-05-19,30.99,31.29,30.6,30.94,30.94,3441296
2021-05-20,30.88,31.23,30.69,30.96,30.96,6382212
2021-05-21,31.82,32.11,31.61,31.86,31.86,4655486
2021-05-24,31.62,32.01,31.43,31.72,31.72,5403677
2021-05-25,32.06,32.28,31.62,31.95,31.95,3651065
2021-05-26,32.17,32.55,32.0,32.27,32.27,3666660
2021-05-27,32.24,32.39,31.88,32.13,32.13,3270645
2021-05-28,32.63,32.84,32.46,32.65,32.65,4178960
2021-05-31,32.56,32.93,32.22,32.58,32.58,4993787
2021-06-01,30.94,31.29,30.82,31.06,31.06,7391294
2021-06-02,31.43,31.54,31.38,31.46,31.46,3267594
2021-06-03,31.05,31.26,30.48,30.87,30.87,7398351
2021-06-04,30.62,30.89,30.39,30.64,30.64,10549738
2021-06-07,30.78,31.06,30.51,30.79,30.79,2696930
2021-06-08,31.55,31.69,31.42,31.56,31.56,8795335
2021-06-09,30.45,30.86,30.26,30.56,30.56,6577819
2021-06-10,31.22,31.57,30.83,31.2,31.2,3923398
2021-06-11,32.09,32.26,32.0,32.13,32.13,4564564
2021-06-14,32.64,32.66,32.6,32.63,32.63,5615312
2021-06-15,33.18,33.53,32.82,33.17,33.17,3700340
2021-06-16,32.39,33.08,32.18,32.63,32.63,4717896
2021-06-17,31.07,31.18,30.96,31.07,31.07,4318805
2021-06-18,30.86,31.04,30.56,30.8,30.8,3141938
2021-06-21,30.33,30.62,30.24,30.43,30.43,6654293
2021-06-22,31.03,31.26,30.95,31.11,31.11,3390621
2021-06-23,30.95,31.07,30.71,30.89,30.89,6040290
2021-06-24,30.23,30.48,30.02,30.25,30.25,6790554
2021-06-25,30.21,30.43,30.0,30.21,30.21,9811055
2021-06-28,29.15,29.2,28.96,29.08,29.08,15055650
2021-06-29,28.93,29.41,28.69,29.05,29.05,4968093
2021-06-30,28.83,29.08,28.67,28.88,28.88,3722563
2021-07-01,28.91,29.31,28.77,29.04,29.04,8015153
2021-07-02,29.7,30.15,29.58,29.87,29.87,8186780
2021-07-05,30.67,30.72,30.65,30.68,30.68,3734725
2021-07-06,31.73,32.0,31.53,31.76,31.76,6057724
2021-07-07,31.7,32.3,31.42,31.86,31.86,9601151
2021-07-08,32.89,33.06,32.57,32.82,32.82,5836326
2021-07-09,32.16,32.42,32.07,32.25,32.25,4566351
2021-07-12,32.28,32.42,32.1,32.26,32.26,6658150
2021-07-13,32.39,32.87,32.06,32.47,32.47,5358940
2021-07-14,31.59,31.82,31.37,31.59,31.59,5548806
2021-07-15,31.38,31.51,30.92,31.21,31.21,4430427
2021-07-16,31.82,31.98,31.61,31.79,31.79,6490959
2021-07-19,30.93,31.41,30.76,31.09,31.09,5405085
2021-07-20,31.02,31.41,30.82,31.12,31.12,7097593
2021-07-21,31.27,31.5,31.19,31.35,31.35,3691018
2021-07-22,32.15,32.48,31.7,32.09,32.09,8417048
2021-07-23,31.67,31.78,31.29,31.54,31.54,6563811
2021-07-26,30.65,30.86,30.38,30.62,30.62,4707632
2021-07-27,30.33,30.49,29.91,30.2,30.2,3975643
2021-07-28,30.42,30.7,30.21,30.45,30.45,6440303
2021-07-29,31.04,31.16,30.65,30.91,30.91,3644049
2021-07-30,31.1,31.24,30.79,31.02,31.02,6817065
2021-08-02,30.12,30.47,29.73,30.1,30.1,6356155
2021-08-03,29.72,29.89,29.57,29.73,29.73,2118580
2021-08-04,30.21,30.35,30.05,30.2,30.2,3989953
2021-08-05,30.63,31.02,30.33,30.68,30.68,9975478
2021-08-06,30.13,30.58,29.87,30.23,30.23,7318253
2021-08-09,30.28,30.79,29.88,30.34,30.34,2708351
2021-08-10,30.99,31.42,30.81,31.11,31.11,8882246
2021-08-11,30.04,30.45,29.76,30.1,30.1,7445938
2021-08-12,30.23,30.53,30.1,30.31,30.31,4841435
2021-08-13,30.11,30.51,29.94,30.23,30.23,3852959
2021-08-16,30.17,30.45,30.08,30.26,30.26,6430441
2021-08-17,30.51,30.77,30.43,30.6,30.6,4747421
2021-08-18,30.36,30.88,30.14,30.51,30.51,8775559
2021-08-19,31.3,31.53,31.11,31.32,31.32,5912477
2021-08-20,30.43,30.74,30.31,30.52,30.52,7031606
2021-08-23,30.32,30.71,29.89,30.3,30.3,2531720
2021-08-24,30.7,30.87,30.53,30.7,30.7,4365058
2021-08-25,30.29,30.59,30.14,30.36,30.36,6141011
2021-08-26,30.62,31.06,30.47,30.76,30.76,3986739
2021-08-27,31.2,31.59,30.97,31.28,31.28,5764247
2021-08-30,32.89,33.1,32.29,32.7,32.7,6534522
2021-08-31,33.05,33.21,32.46,32.84,32.84,3254046
2021-09-01,32.09,32.75,31.83,32.29,32.29,5302674
2021-09-02,32.52,32.61,32.29,32.45,32.45,5275535
2021-09-03,32.75,33.13,32.65,32.89,32.89,3314048
2021-09-06,32.61,32.92,32.41,32.66,32.66,5188772
2021-09-07,32.75,32.98,32.41,32.7,32.7,2563019
2021-09-08,33.07,33.49,32.9,33.2,33.2,3427008
2021-09-09,33.44,34.17,33.19,33.68,33.68,4052597
2021-09-10,33.49,33.69,33.18,33.44,33.44,4882778
2021-09-13,33.88,34.13,33.61,33.87,33.87,6273140
2021-09-14,34.47,34.76,34.12,34.44,34.44,6940357
2021-09-15,35.06,35.47,34.6,35.03,35.03,3541869
2021-09-16,35.78,35.87,35.63,35.75,35.75,4347063
2021-09-17,34.78,35.03,34.69,34.86,34.86,2577748
2021-09-20,34.81,34.99,34.13,34.56,34.56,5066507
2021-09-21,35.24,35.56,35.15,35.35,35.35,3841802
2021-09-22,35.29,35.49,34.85,35.17,35.17,5685626
2021-09-23,36.63,36.82,36.33,36.58,36.58,6571639
2021-09-24,37.1,37.36,36.8,37.08,37.08,5053982
2021-09-27,36.91,37.23,36.53,36.88,36.88,7363740
2021-09-28,38.6,38.62,38.53,38.57,38.57,3238575
2021-09-29,39.01,39.39,38.79,39.09,39.09,4131569
2021-09-30,40.91,41.11,40.13,40.62,40.62,3790148
2021-10-01,41.04,41.44,40.51,40.97,40.97,4893882
2021-10-04,41.46,41.7,41.1,41.4,41.4,4850838
2021-10-05,40.68,41.2,40.29,40.75,40.75,5736716
2021-10-06,40.47,40.87,40.33,40.6,40.6,6252384
2021-10-07,40.39,40.65,40.09,40.37,40.37,3166362
2021-10-08,41.12,41.32,41.03,41.18,41.18,7472670
2021-10-11,41.12,41.43,40.67,41.05,41.05,3387565
2021-10-12,41.93,42.55,41.77,42.16,42.16,5100059
2021-10-13,43.15,43.63,42.86,43.25,43.25,4864298
2021-10-14,44.19,44.61,43.89,44.25,44.25,6289882
2021-10-15,44.73,44.96,44.57,44.76,44.76,3815473
2021-10-18,45.36,45.55,45.16,45.36,45.36,7643176
2021-10-19,46.58,46.65,46.39,46.52,46.52,5305828
2021-10-20,47.6,47.9,47.29,47.59,47.59,3609917
2021-10-21,46.22,46.76,45.94,46.35,46.35,4721246
2021-10-22,46.28,46.64,46.03,46.34,46.34,8644586
2021-10-25,46.55,46.72,46.12,46.42,46.42,7791449
2021-10-26,45.5,46.18,45.3,45.74,45.74,16125222
2021-10-27,45.77,46.16,45.25,45.71,45.71,6582370
2021-10-28,45.97,46.31,45.3,45.81,45.81,6845987
2021-10-29,44.84,45.16,44.58,44.87,44.87,2845191
2021-11-01,45.36,45.95,44.86,45.41,45.41,13933571
2021-11-02,45.09,45.51,44.89,45.2,45.2,7337880
2021-11-03,46.13,46.75,45.94,46.35,46.35,4205838
2021-11-04,46.33,46.49,46.14,46.32,46.32,3455003
2021-11-05,46.27,46.37,46.14,46.25,46.25,7080983
2021-11-08,47.63,47.91,46.89,47.4,47.4,2449308
2021-11-09,46.91,47.2,46.52,46.86,46.86,4326220
2021-11-10,46.05,46.41,45.41,45.91,45.91,3762194
2021-11-11,46.33,46.48,45.75,46.12,46.12,5178826
2021-11-12,46.95,47.48,46.77,47.12,47.12,3791719
2021-11-15,45.9,46.26,45.76,46.01,46.01,5236723
2021-11-16,45.86,46.65,45.62,46.14,46.14,5727187
2021-11-17,45.66,45.99,45.46,45.72,45.72,7550016
2021-11-18,45.94,46.17,45.33,45.75,45.75,5004347
2021-11-19,47.16,47.41,46.91,47.16,47.16,5357940
2021-11-22,45.32,46.05,45.04,45.55,45.55,3364424
2021-11-23,46.02,46.22,45.74,45.98,45.98,3512744
2021-11-24,46.52,46.66,45.96,46.31,46.31,6914820
2021-11-25,47.8,48.23,47.51,47.87,47.87,3026859
2021-11-26,47.49,48.46,47.25,47.85,47.85,3100085
2021-11-29,47.33,47.81,46.79,47.3,47.3,5531242
2021-11-30,47.87,48.36,46.92,47.64,47.64,7535758
2021-12-01,47.37,47.9,47.12,47.51,47.51,4696861
2021-12-02,47.76,47.9,47.37,47.63,47.63,6384157
2021-12-03,47.44,47.66,47.37,47.51,47.51,10092363
2021-12-06,46.46,46.75,46.12,46.44,46.44,5906924
2021-12-07,46.17,46.43,45.66,46.04,46.04,6285364
2021-12-08,46.43,46.81,46.14,46.47,46.47,4896243
2021-12-09,47.26,47.47,46.43,46.95,46.95,12967083
2021-12-10,47.76,47.91,47.33,47.62,47.62,3227597
2021-12-13,46.9,47.3,46.78,47.04,47.04,4896512
2021-12-14,46.41,46.65,46.2,46.42,46.42,3324757
2021-12-15,47.07,47.23,47.01,47.12,47.12,4995340
2021-12-16,48.15,48.3,47.62,47.96,47.96,7329748
2021-12-17,49.39,49.52,49.11,49.31,49.31,4727882
2021-12-20,48.43,48.78,48.18,48.48,48.48,11708419
2021-12-21,48.62,49.13,48.24,48.68,48.68,3950344
2021-12-22,49.17,49.4,48.47,48.94,48.94,5155506
2021-12-23,49.28,49.43,49.22,49.33,49.33,7570976
2021-12-24,49.74,50.14,49.58,49.86,49.86,6957829
2021-12-27,51.4,51.7,50.4,51.05,51.05,8399056
2021-12-28,50.96,51.26,50.69,50.97,50.97,3759771
2021-12-29,50.72,51.25,50.56,50.9,50.9,10141626
2021-12-30,50.58,50.7,50.33,50.52,50.52,6611879
2021-12-31,48.38,48.63,48.26,48.44,48.44,4096081
2022-01-03,48.2,48.87,47.91,48.39,48.39,8808543
2022-01-04,50.43,50.73,49.7,50.22,50.22,3995338
2022-01-05,48.72,48.89,48.55,48.72,48.72,5704883
2022-01-06,49.41,49.87,49.05,49.46,49.46,6475322
2022-01-07,50.42,51.1,50.23,50.67,50.67,5076893
2022-01-10,50.33,51.25,49.77,50.51,50.51,4706139
2022-01-11,50.16,50.99,49.77,50.38,50.38,5607927
2022-01-12,50.72,51.24,50.2,50.72,50.72,8529607
2022-01-13,50.43,50.93,50.11,50.52,50.52,4350765
2022-01-14,49.01,49.22,48.73,48.98,48.98,3692384
2022-01-17,48.71,49.12,48.34,48.73,48.73,8140977
2022-01-18,49.41,49.87,48.83,49.35,49.35,8582663
2022-01-19,49.57,50.11,48.91,49.51,49.51,6447117
2022-01-20,48.52,49.15,47.79,48.47,48.47,2774826
2022-01-21,47.32,47.42,47.07,47.24,47.24,5731045
2022-01-24,48.33,48.66,47.34,48.0,48.0,5237017
2022-01-25,49.72,49.87,49.38,49.63,49.63,3658618
2022-01-26,51.0,51.39,50.38,50.89,50.89,7822050
2022-01-27,50.72,51.35,50.43,50.89,50.89,3422137
2022-01-28,50.51,51.3,49.93,50.62,50.62,4887987
2022-01-31,51.89,52.0,51.79,51.89,51.89,3595843
2022-02-01,52.04,52.35,51.86,52.11,52.11,9642874
2022-02-02,54.23,54.41,53.6,54.0,54.0,3358986
2022-02-03,53.36,54.15,52.96,53.56,53.56,4776758
2022-02-04,52.75,53.0,52.32,52.66,52.66,1897653
2022-02-07,52.87,53.4,52.72,53.06,53.06,10341494
2022-02-08,54.32,55.08,54.04,54.56,54.56,3620281
2022-02-09,54.37,55.34,53.94,54.64,54.64,4305110
2022-02-10,55.01,55.34,54.63,54.98,54.98,5384181
2022-02-11,54.84,55.43,54.25,54.84,54.84,4678230
2022-02-14,53.22,53.46,52.95,53.2,53.2,6231956
2022-02-15,52.71,53.07,52.46,52.77,52.77,9854040
2022-02-16,52.68,52.89,52.35,52.62,52.62,11922600
2022-02-17,51.3,51.93,50.84,51.38,51.38,5172666
2022-02-18,52.35,52.71,51.73,52.22,52.22,5207462
2022-02-21,51.16,51.69,50.7,51.2,51.2,8083882
2022-02-22,50.84,51.27,50.06,50.66,50.66,4217652
2022-02-23,50.28,50.74,50.04,50.39,50.39,4423721
2022-02-24,51.3,51.62,50.64,51.13,51.13,4129686
2022-02-25,50.73,50.86,50.39,50.62,50.62,3342027
2022-02-28,51.32,51.47,50.76,51.12,51.12,4283016
2022-03-01,51.16,51.43,50.44,50.93,50.93,4172715
2022-03-02,51.78,52.15,51.34,51.75,51.75,7629187
2022-03-03,51.72,52.39,51.48,51.94,51.94,4693627
2022-03-04,52.29,52.58,51.83,52.21,52.21,3741997
2022-03-07,51.81,52.08,51.42,51.75,51.75,7392660
2022-03-08,52.97,53.24,52.7,52.97,52.97,8224343
2022-03-09,53.5,54.07,53.06,53.57,53.57,4272315
2022-03-10,54.78,55.07,54.32,54.69,54.69,7149389
2022-03-11,56.12,56.46,54.93,55.7,55.7,6258688
2022-03-14,55.0,55.22,54.51,54.87,54.87,7575075
2022-03-15,54.47,54.76,53.97,54.36,54.36,9921349
2022-03-16,52.67,53.21,52.42,52.81,52.81,6194693
2022-03-17,51.23,51.51,50.86,51.19,51.19,6865119
2022-03-18,52.19,52.39,51.85,52.12,52.12,2755389
2022-03-21,50.44,51.21,50.12,50.66,50.66,6771087
2022-03-22,49.14,49.63,48.6,49.12,49.12,13061065
2022-03-23,49.75,50.0,49.06,49.53,49.53,4947401
2022-03-24,50.22,50.44,49.88,50.16,50.16,3139696
2022-03-25,50.44,50.82,50.19,50.51,50.51,7620132
2022-03-28,49.52,49.82,49.25,49.54,49.54,7310841
2022-03-29,49.4,49.84,49.15,49.49,49.49,6415892
2022-03-30,50.48,50.89,49.96,50.42,50.42,6038596
2022-03-31,50.64,51.44,50.42,50.93,50.93,4682988
2022-04-01,52.15,52.73,51.68,52.21,52.21,6682841
2022-04-04,52.75,53.1,51.97,52.53,52.53,4510047
2022-04-05,53.35,53.81,53.18,53.5,53.5,5108628
2022-04-06,53.31,54.01,53.14,53.58,53.58,5951290
2022-04-07,52.43,52.97,52.16,52.57,52.57,2913368
2022-04-08,51.9,52.66,51.65,52.16,52.16,3283750
2022-04-11,51.18,51.71,50.76,51.24,51.24,5339045
2022-04-12,51.6,52.29,51.19,51.74,51.74,5210072
2022-04-13,51.79,52.14,51.24,51.69,51.69,5028711
2022-04-14,52.5,52.89,51.98,52.44,52.44,2738696
2022-04-15,51.88,52.39,51.53,51.96,51.96,6175162
2022-04-18,50.94,51.08,50.56,50.82,50.82,8224958
2022-04-19,52.26,52.56,51.47,52.01,52.01,5847381
2022-04-20,52.3,52.41,52.23,52.32,52.32,5011312
2022-04-21,51.58,51.97,50.93,51.45,51.45,8729819
2022-04-22,50.59,50.93,50.39,50.66,50.66,9522278
2022-04-25,51.21,51.51,51.05,51.28,51.28,6083582
2022-04-26,51.39,51.59,51.17,51.38,51.38,7286108
2022-04-27,51.5,51.8,50.76,51.28,51.28,12488026
2022-04-28,50.84,51.53,50.63,51.08,51.08,4617941
2022-04-29,51.28,51.96,50.67,51.31,51.31,5517714
2022-05-02,49.92,50.73,49.66,50.2,50.2,7210942
2022-05-03,50.0,50.36,49.46,49.91,49.91,3892444
2022-05-04,49.04,49.25,48.76,49.01,49.01,3975053
2022-05-05,47.72,48.05,47.34,47.7,47.7,3436604
2022-05-06,47.9,48.17,47.52,47.85,47.85,6197440
2022-05-09,46.68,47.22,46.24,46.73,46.73,2581876
2022-05-10,45.53,45.92,44.94,45.43,45.43,7236716
2022-05-11,45.89,46.28,45.22,45.75,45.75,3372885
2022-05-12,46.2,46.38,45.95,46.16,46.16,5058719
2022-05-13,45.75,46.11,45.58,45.85,45.85,3125656
2022-05-16,45.95,46.09,45.67,45.88,45.88,4017442
2022-05-17,47.09,47.49,46.67,47.08,47.08,5253013
2022-05-18,46.92,47.51,46.51,47.01,47.01,5707081
2022-05-19,47.32,47.58,46.52,47.05,47.05,7370157
2022-05-20,46.43,47.18,46.16,46.67,46.67,6519375
2022-05-23,46.92,47.09,46.44,46.77,46.77,2806243
2022-05-24,45.86,46.39,45.51,45.95,45.95,7556601
2022-05-25,45.67,45.84,45.46,45.65,45.65,6258353
2022-05-26,45.43,45.5,45.33,45.41,45.41,2788863
2022-05-27,46.93,47.21,46.49,46.85,46.85,2616532
2022-05-30,46.11,46.26,45.57,45.91,45.91,3233896
2022-05-31,46.43,46.69,45.74,46.21,46.21,5431239
2022-06-01,45.21,45.81,44.88,45.34,45.34,3520757
2022-06-02,45.11,45.71,44.82,45.26,45.26,2675582
2022-06-03,46.46,46.74,46.09,46.41,46.41,7391744
2022-06-06,46.84,47.27,46.35,46.81,46.81,2588377
2022-06-07,47.31,47.54,47.25,47.39,47.39,3720459
2022-06-08,47.49,47.89,47.26,47.57,47.57,3424359
2022-06-09,46.19,46.57,45.97,46.27,46.27,9537503
2022-06-10,46.79,47.17,46.39,46.78,46.78,4275049
2022-06-13,45.91,46.5,45.44,45.97,45.97,7410822
2022-06-14,46.42,46.99,46.09,46.54,46.54,6150756
2022-06-15,47.41,47.8,46.99,47.39,47.39,4672640
2022-06-16,46.73,46.94,46.48,46.71,46.71,3968304
2022-06-17,47.6,47.89,46.91,47.4,47.4,7315679
2022-06-20,46.07,46.27,45.56,45.92,45.92,5181059
2022-06-21,44.78,45.1,44.43,44.76,44.76,11488623
2022-06-22,44.86,45.12,44.02,44.57,44.57,7610598
2022-06-23,44.64,45.12,44.49,44.81,44.81,2358656
2022-06-24,44.96,45.49,44.74,45.12,45.12,6230706
2022-06-27,44.05,44.51,43.3,43.9,43.9,8191007
2022-06-28,44.24,44.37,43.89,44.13,44.13,6774391
2022-06-29,43.83,44.2,43.72,43.96,43.96,3929608
2022-06-30,43.98,44.3,43.56,43.93,43.93,4594973
2022-07-01,44.38,44.82,44.25,44.54,44.54,4889162
2022-07-04,43.91,44.48,43.6,44.04,44.04,4819868
2022-07-05,43.29,43.95,42.96,43.46,43.46,5849249
2022-07-06,43.48,43.71,43.21,43.46,43.46,3449248
2022-07-07,43.31,43.55,43.11,43.33,43.33,4002208
2022-07-08,42.78,43.31,42.57,42.94,42.94,6745050
2022-07-11,43.11,43.41,42.88,43.15,43.15,3512617
2022-07-12,42.46,42.7,42.03,42.37,42.37,5737506
2022-07-13,43.3,43.52,42.69,43.1,43.1,3622148
2022-07-14,43.33,43.56,43.13,43.35,43.35,3364730
2022-07-15,44.52,45.16,44.08,44.62,44.62,5317869
2022-07-18,44.66,44.87,44.54,44.7,44.7,8804141
2022-07-19,45.55,45.87,45.14,45.51,45.51,6986497
2022-07-20,44.16,44.26,43.82,44.04,44.04,4728054
2022-07-21,44.47,44.71,44.22,44.46,44.46,14088324
2022-07-22,45.54,45.97,45.36,45.67,45.67,16045804
2022-07-25,45.46,45.82,45.24,45.53,45.53,8133121
2022-07-26,45.7,46.09,45.18,45.64,45.64,3430318
2022-07-27,44.36,44.72,44.11,44.41,44.41,5553909
2022-07-28,43.86,44.13,43.78,43.95,43.95,4988270
2022-07-29,43.6,44.2,43.25,43.73,43.73,7220217
2022-08-01,44.56,44.8,44.06,44.43,44.43,2708062
2022-08-02,43.05,43.2,42.57,42.88,42.88,5578344
2022-08-03,42.3,42.73,41.6,42.16,42.16,8222369
2022-08-04,41.33,41.41,41.17,41.29,41.29,8393931
2022-08-05,42.09,42.17,41.79,41.98,41.98,6335593
2022-08-08,41.74,42.3,41.58,41.94,41.94,5700148
2022-08-09,42.29,42.86,41.98,42.42,42.42,4131230
2022-08-10,42.61,42.82,41.95,42.39,42.39,5457370
2022-08-11,42.9,43.08,42.19,42.64,42.64,5245015
2022-08-12,42.68,43.05,42.26,42.65,42.65,4376940
2022-08-15,41.97,42.47,41.8,42.14,42.14,10971077
2022-08-16,42.67,43.01,42.48,42.75,42.75,4173682
2022-08-17,43.98,44.46,43.61,44.03,44.03,3384165
2022-08-18,43.41,43.61,43.33,43.47,43.47,7234532
2022-08-19,43.8,43.93,43.45,43.69,43.69,5514730
2022-08-22,45.25,45.41,45.04,45.22,45.22,10059926
2022-08-23,46.03,46.37,45.91,46.14,46.14,5728595
2022-08-24,46.83,46.96,46.36,46.66,46.66,3210697
2022-08-25,46.65,46.69,46.56,46.62,46.62,4493546
2022-08-26,47.53,48.25,47.08,47.67,47.67,7248729
2022-08-29,47.85,48.27,47.47,47.87,47.87,3801484
2022-08-30,48.67,49.04,48.09,48.57,48.57,10442021
2022-08-31,48.4,48.9,47.65,48.27,48.27,3002048
2022-09-01,47.16,47.31,46.89,47.1,47.1,4447314
2022-09-02,48.12,48.51,47.93,48.22,48.22,3765893
2022-09-05,48.3,49.0,47.92,48.46,48.46,4834090
2022-09-06,48.85,48.95,48.59,48.77,48.77,5427934
2022-09-07,49.79,49.95,49.26,49.6,49.6,2361386
2022-09-08,51.21,51.4,50.65,51.03,51.03,3515244
2022-09-09,48.91,49.59,48.72,49.15,49.15,6488982
2022-09-12,48.71,49.14,48.24,48.69,48.69,6193118
2022-09-13,48.77,49.49,48.36,48.92,48.92,4278262
2022-09-14,49.07,49.24,48.49,48.86,48.86,6026910
2022-09-15,49.16,49.47,48.86,49.17,49.17,3439456
2022-09-16,49.7,50.22,49.52,49.87,49.87,8897678
2022-09-19,49.76,50.12,49.01,49.57,49.57,4125343
2022-09-20,49.75,49.96,49.65,49.8,49.8,5967716
2022-09-21,50.59,51.13,50.25,50.69,50.69,9844190
2022-09-22,50.74,51.23,50.43,50.83,50.83,4952404
2022-09-23,50.8,51.48,50.03,50.75,50.75,8911566
2022-09-26,50.77,51.05,50.39,50.72,50.72,7023874
2022-09-27,51.5,51.55,51.36,51.45,51.45,8740858
2022-09-28,50.37,51.32,49.84,50.58,50.58,7473505
2022-09-29,51.08,51.34,50.69,51.01,51.01,5490327
2022-09-30,51.24,51.95,50.86,51.41,51.41,3745430
2022-10-03,52.12,53.05,51.8,52.42,52.42,5529015
2022-10-04,52.37,53.48,52.07,52.78,52.78,6526726
2022-10-05,53.29,53.73,53.17,53.45,53.45,7888886
2022-10-06,53.16,53.45,52.76,53.1,53.1,4661781
2022-10-07,53.87,54.23,53.39,53.81,53.81,5129235
2022-10-10,53.49,54.02,53.3,53.66,53.66,3802071
2022-10-11,52.54,52.73,52.42,52.57,52.57,4393193
2022-10-12,54.07,54.54,53.9,54.22,54.22,4804702
2022-10-13,53.88,54.58,53.69,54.14,54.14,4556714
2022-10-14,53.98,54.47,53.08,53.78,53.78,5217945
2022-10-17,54.74,54.85,54.68,54.77,54.77,7544659
2022-10-18,54.04,54.6,53.83,54.22,54.22,4411191
2022-10-19,54.23,54.91,53.93,54.42,54.42,7243048
2022-10-20,52.59,53.89,52.19,53.04,53.04,4665124
2022-10-21,52.57,52.97,52.13,52.55,52.55,5291980
2022-10-24,52.78,53.66,52.29,52.98,52.98,10359705
2022-10-25,53.71,54.16,53.35,53.75,53.75,4520063
2022-10-26,53.91,54.08,53.6,53.84,53.84,5775004
2022-10-27,54.3,54.45,54.09,54.27,54.27,3661205
2022-10-28,56.65,56.76,56.23,56.5,56.5,7074726
2022-10-31,54.64,55.29,54.45,54.87,54.87,5503058
2022-11-01,55.28,55.47,54.51,54.99,54.99,7184967
2022-11-02,54.13,54.68,53.73,54.21,54.21,5445932
2022-11-03,54.95,55.46,54.71,55.08,55.08,2832293
2022-11-04,54.38,54.8,54.04,54.42,54.42,3694506
2022-11-07,54.71,55.08,54.04,54.56,54.56,6907746
2022-11-08,54.12,54.85,53.65,54.25,54.25,5802740
2022-11-09,53.66,54.08,53.43,53.76,53.76,4014727
2022-11-10,53.19,53.25,53.15,53.2,53.2,7344408
2022-11-11,53.53,53.64,53.2,53.42,53.42,10156530
2022-11-14,53.34,54.19,52.99,53.59,53.59,7733350
2022-11-15,52.34,52.78,51.66,52.22,52.22,6401774
2022-11-16,53.74,54.17,53.31,53.74,53.74,4278914
2022-11-17,52.08,52.52,51.79,52.16,52.16,5749662
2022-11-18,51.75,52.07,51.28,51.67,51.67,2828708
2022-11-21,51.27,51.65,50.92,51.28,51.28,5922486
2022-11-22,50.57,51.26,50.09,50.68,50.68,6079646
2022-11-23,51.81,52.19,51.46,51.83,51.83,8143715
2022-11-24,52.64,53.28,52.41,52.84,52.84,5865926
2022-11-25,53.77,54.12,53.28,53.7,53.7,3897674
2022-11-28,52.86,53.16,52.48,52.82,52.82,9768958
2022-11-29,53.41,53.43,53.35,53.39,53.39,14740147
2022-11-30,53.19,53.79,52.8,53.29,53.29,8704905
2022-12-01,54.59,54.76,54.19,54.47,54.47,5534924
2022-12-02,54.9,55.47,54.21,54.84,54.84,5459155
2022-12-05,55.74,56.41,55.35,55.88,55.88,8442394
2022-12-06,56.65,56.77,56.47,56.62,56.62,7679073
2022-12-07,57.42,57.76,56.84,57.3,57.3,5455438
2022-12-08,56.23,56.72,55.41,56.07,56.07,8085524
2022-12-09,55.68,56.5,55.11,55.81,55.81,7083657
2022-12-12,57.15,57.39,57.03,57.21,57.21,6406811
2022-12-13,57.28,58.03,56.8,57.42,57.42,6011095
2022-12-14,58.12,58.65,57.53,58.09,58.09,3813802
2022-12-15,58.22,58.46,57.36,57.91,57.91,3530415
2022-12-16,57.32,57.73,56.93,57.33,57.33,5869910
2022-12-19,57.09,57.59,56.97,57.28,57.28,4452266
2022-12-20,57.06,57.71,56.55,57.13,57.13,6534828
2022-12-21,58.85,59.55,58.33,58.94,58.94,6943495
2022-12-22,58.97,60.17,58.5,59.34,59.34,6276329
2022-12-23,57.59,58.25,57.25,57.75,57.75,5829610
2022-12-26,56.31,56.94,55.82,56.38,56.38,8833683
2022-12-27,55.21,55.45,55.06,55.26,55.26,3660056
2022-12-28,55.29,55.81,54.62,55.22,55.22,3721163
2022-12-29,56.28,56.61,55.6,56.1,56.1,3723569
2022-12-30,54.67,55.07,54.28,54.67,54.67,4200195
2023-01-02,54.75,55.21,54.41,54.81,54.81,2158467
2023-01-03,54.51,54.93,53.97,54.45,54.45,4320712
2023-01-04,51.99,52.15,51.43,51.79,51.79,3449513
2023-01-05,52.84,53.36,51.89,52.63,52.63,4102326
2023-01-06,50.76,51.48,50.54,51.01,51.01,5032323
2023-01-09,51.11,51.38,50.98,51.18,51.18,6593377
2023-01-10,49.91,50.47,49.64,50.06,50.06,7032619
2023-01-11,49.57,50.07,49.24,49.65,49.65,4200982
2023-01-12,49.07,49.44,48.6,49.02,49.02,3420606
2023-01-13,48.66,48.99,48.29,48.64,48.64,4000792
2023-01-16,50.2,50.64,50.08,50.36,50.36,6514831
2023-01-17,50.95,51.48,50.3,50.89,50.89,3642442
2023-01-18,51.88,52.45,51.44,51.94,51.94,8476844
2023-01-19,50.27,50.86,49.96,50.41,50.41,5793889
2023-01-20,50.57,51.38,50.23,50.81,50.81,5436938
2023-01-23,50.37,50.84,49.9,50.37,50.37,4853717
2023-01-24,52.01,52.08,51.98,52.03,52.03,8729782
2023-01-25,54.2,54.44,53.39,53.92,53.92,6869046
2023-01-26,52.49,53.04,52.35,52.7,52.7,4552350
2023-01-27,51.85,52.64,51.62,52.13,52.13,9719892
2023-01-30,52.98,53.19,52.6,52.89,52.89,3643502
2023-01-31,53.0,53.33,51.86,52.59,52.59,8470798
2023-02-01,53.2,54.1,52.62,53.36,53.36,4809950
2023-02-02,53.04,53.38,52.49,52.93,52.93,4616467
2023-02-03,53.15,53.47,52.33,52.9,52.9,4666613
2023-02-06,52.55,52.77,51.73,52.25,52.25,6713417
2023-02-07,50.8,51.04,50.53,50.78,50.78,8024687
2023-02-08,49.68,50.31,49.37,49.84,49.84,4622014
2023-02-09,50.47,50.67,49.82,50.25,50.25,3315247
2023-02-10,49.5,50.0,49.03,49.52,49.52,2328205
2023-02-13,50.11,50.51,49.99,50.25,50.25,8788267
2023-02-14,49.22,50.06,48.78,49.42,49.42,12113585
2023-02-15,50.43,50.98,50.27,50.63,50.63,6438330
2023-02-16,50.01,50.81,49.51,50.16,50.16,4464586
2023-02-17,49.59,49.87,49.39,49.63,49.63,9922625
2023-02-20,49.89,50.06,49.57,49.81,49.81,7540084
2023-02-21,50.27,50.9,50.01,50.45,50.45,2331182
2023-02-22,49.74,50.33,49.57,49.95,49.95,6643744
2023-02-23,50.2,50.57,49.63,50.1,50.1,7122276
2023-02-24,49.41,50.03,48.84,49.44,49.44,4141230
2023-02-27,49.59,49.82,49.11,49.47,49.47,6435141
2023-02-28,49.09,49.34,48.5,48.92,48.92,4217587
2023-03-01,49.12,49.52,48.31,48.91,48.91,11755888
2023-03-02,48.39,48.77,48.1,48.44,48.44,6525880
2023-03-03,48.62,48.96,48.24,48.6,48.6,3053723
2023-03-06,50.28,50.5,49.84,50.17,50.17,3969589
2023-03-07,50.54,50.99,50.01,50.5,50.5,3703574
2023-03-08,50.25,51.02,49.89,50.45,50.45,6505742
2023-03-09,49.65,50.04,49.02,49.53,49.53,4058154
2023-03-10,49.43,49.74,49.23,49.49,49.49,3048090
2023-03-13,47.47,47.85,47.34,47.59,47.59,3738585
2023-03-14,47.43,48.12,47.08,47.6,47.6,5348860
2023-03-15,48.39,48.78,47.83,48.3,48.3,6954508
2023-03-16,48.51,49.02,48.05,48.53,48.53,3216965
2023-03-17,49.0,49.37,48.27,48.82,48.82,6113004
2023-03-20,48.37,48.73,48.19,48.46,48.46,5543413
2023-03-21,47.11,47.42,47.03,47.23,47.23,4369537
2023-03-22,46.35,46.76,46.01,46.38,46.38,3687283
2023-03-23,47.94,48.56,47.69,48.13,48.13,6869072
2023-03-24,46.24,46.42,45.76,46.09,46.09,5333676
2023-03-27,47.12,47.43,46.3,46.87,46.87,3406749
2023-03-28,46.77,47.1,46.33,46.72,46.72,2164311
2023-03-29,47.64,47.84,47.42,47.63,47.63,7281744
2023-03-30,47.97,48.18,47.38,47.78,47.78,4094574
2023-03-31,48.79,49.19,48.34,48.77,48.77,3389139
2023-04-03,49.1,49.69,48.74,49.22,49.22,6994416
2023-04-04,50.56,50.84,49.81,50.33,50.33,3465567
2023-04-05,49.96,50.68,49.39,50.04,50.04,4625519
2023-04-06,51.11,51.37,50.9,51.14,51.14,5955239
2023-04-07,50.78,51.3,50.32,50.81,50.81,5479273
2023-04-10,49.44,49.93,49.24,49.59,49.59,2252783
2023-04-11,50.84,51.29,50.22,50.75,50.75,4845921
2023-04-12,51.49,51.61,51.02,51.32,51.32,4041443
2023-04-13,52.07,52.22,51.78,52.0,52.0,3876606
2023-04-14,51.04,51.37,50.41,50.89,50.89,7208959
2023-04-17,50.13,50.26,49.81,50.03,50.03,7972277
2023-04-18,48.84,49.19,48.73,48.96,48.96,8452362
2023-04-19,48.95,49.4,48.6,49.0,49.0,3189447
2023-04-20,48.62,48.82,48.1,48.46,48.46,4862073
2023-04-21,46.75,46.95,46.14,46.55,46.55,2877254
2023-04-24,49.16,49.38,48.49,48.93,48.93,4844439
2023-04-25,49.44,50.1,49.0,49.55,49.55,2396520
2023-04-26,50.07,50.38,49.55,49.97,49.97,5796572
2023-04-27,48.87,48.99,48.46,48.72,48.72,3457476
2023-04-28,49.89,50.2,49.49,49.84,49.84,3347246
2023-05-01,50.11,50.29,49.41,49.85,49.85,2848527
2023-05-02,50.16,50.52,49.41,49.97,49.97,4621851
2023-05-03,51.18,51.49,51.08,51.29,51.29,5200760
2023-05-04,51.43,51.64,51.09,51.37,51.37,2593590
2023-05-05,50.8,51.06,50.3,50.68,50.68,5879932
2023-05-08,49.31,49.92,49.05,49.48,49.48,6958845
2023-05-09,50.0,50.52,49.17,49.84,49.84,1714486
2023-05-10,47.69,47.88,47.48,47.68,47.68,4007260
2023-05-11,48.47,48.83,48.29,48.56,48.56,7882868
2023-05-12,48.56,49.02,48.39,48.71,48.71,5099103
2023-05-15,48.86,49.64,48.47,49.06,49.06,3694205
2023-05-16,49.21,49.64,48.87,49.25,49.25,3074094
2023-05-17,48.98,49.17,48.63,48.9,48.9,2348225
2023-05-18,48.4,48.95,47.83,48.39,48.39,3057443
2023-05-19,48.22,49.15,47.83,48.49,48.49,6839780
2023-05-22,48.18,48.77,47.81,48.29,48.29,7748745
2023-05-23,48.71,48.92,48.05,48.49,48.49,2475978
2023-05-24,48.48,48.83,48.32,48.57,48.57,2761177
2023-05-25,47.51,48.1,47.3,47.7,47.7,5174485
2023-05-26,48.84,49.19,48.61,48.9,48.9,3786459
2023-05-29,48.94,49.53,48.58,49.05,49.05,3315364
2023-05-30,48.43,48.86,48.05,48.46,48.46,5164433
2023-05-31,48.51,48.71,48.2,48.46,48.46,4813094
2023-06-01,49.6,50.03,48.94,49.48,49.48,3482430
2023-06-02,48.32,48.68,47.83,48.25,48.25,5281916
2023-06-05,47.97,48.68,47.78,48.23,48.23,7484573
2023-06-06,49.01,49.55,48.36,48.95,48.95,8093348
2023-06-07,48.98,49.68,48.78,49.23,49.23,7954640
2023-06-08,48.51,48.65,48.28,48.47,48.47,6908402
2023-06-09,48.31,48.57,47.73,48.15,48.15,3810505
2023-06-12,48.62,49.41,48.38,48.89,48.89,5511188
2023-06-13,47.49,48.24,47.11,47.67,47.67,4750935
2023-06-14,47.51,48.14,47.1,47.62,47.62,4801408
2023-06-15,46.44,46.54,46.12,46.33,46.33,2794184
2023-06-16,45.71,45.99,45.2,45.59,45.59,4958292
2023-06-19,45.36,45.79,45.09,45.44,45.44,6111929
2023-06-20,46.04,46.26,45.42,45.84,45.84,5745019
2023-06-21,45.74,46.27,45.35,45.81,45.81,5655188
2023-06-22,46.24,46.73,45.98,46.35,46.35,3266327
2023-06-23,45.73,45.85,45.51,45.68,45.68,5262110
2023-06-26,47.16,47.61,46.61,47.11,47.11,2184520
2023-06-27,47.34,47.53,46.75,47.14,47.14,3526893
2023-06-28,47.2,48.16,46.65,47.4,47.4,2933486
2023-06-29,47.81,47.99,47.6,47.79,47.79,8442337
2023-06-30,48.55,48.6,48.48,48.54,48.54,10758829
2023-07-03,49.34,49.61,48.57,49.09,49.09,8543946
2023-07-04,49.06,49.27,48.3,48.79,48.79,7537466
2023-07-05,47.38,47.6,46.63,47.11,47.11,8586157
2023-07-06,46.33,46.64,46.0,46.32,46.32,4785512
2023-07-07,46.56,47.32,46.09,46.7,46.7,5251293
2023-07-10,46.32,47.34,45.91,46.62,46.62,3569308
2023-07-11,46.34,46.51,45.69,46.1,46.1,4917490
2023-07-12,47.13,47.62,46.91,47.26,47.26,5202527
2023-07-13,47.21,47.33,46.91,47.12,47.12,5853784
2023-07-14,46.5,47.04,46.31,46.67,46.67,7543126
2023-07-17,47.25,47.33,47.04,47.19,47.19,7227215
2023-07-18,47.94,48.13,47.46,47.79,47.79,6065693
2023-07-19,47.5,47.69,46.88,47.28,47.28,6044904
2023-07-20,45.16,45.7,44.66,45.18,45.18,4916537
2023-07-21,44.9,45.49,44.47,44.98,44.98,5634925
2023-07-24,44.46,45.14,44.12,44.63,44.63,2875813
2023-07-25,44.64,45.42,44.1,44.76,44.76,3801680
2023-07-26,45.55,45.97,45.2,45.58,45.58,7148427
2023-07-27,43.65,44.01,43.53,43.77,43.77,2550214
2023-07-28,43.95,44.58,43.72,44.15,44.15,4179297
2023-07-31,43.69,44.14,43.19,43.66,43.66,12827359
2023-08-01,43.4,43.89,43.27,43.58,43.58,3758073
2023-08-02,44.36,44.61,43.78,44.2,44.2,4920245
2023-08-03,43.53,44.01,43.37,43.69,43.69,2035203
2023-08-04,43.83,44.68,43.61,44.15,44.15,2221921
2023-08-07,44.87,45.11,44.1,44.6,44.6,8846170
2023-08-08,44.47,44.82,44.24,44.53,44.53,6019329
2023-08-09,44.11,44.45,43.85,44.15,44.15,6193692
2023-08-10,43.26,43.69,42.84,43.26,43.26,6228238
2023-08-11,43.8,43.99,43.33,43.66,43.66,4125586
2023-08-14,42.72,43.3,42.55,42.93,42.93,9007931
2023-08-15,42.21,42.66,41.87,42.27,42.27,7466299
2023-08-16,41.27,41.63,41.03,41.33,41.33,5717671
2023-08-17,39.98,40.1,39.93,40.01,40.01,7308546
2023-08-18,39.94,40.13,39.45,39.79,39.79,7715425
2023-08-21,38.73,38.82,38.69,38.76,38.76,1709518
2023-08-22,39.69,39.93,39.42,39.68,39.68,8969976
2023-08-23,41.03,41.53,40.78,41.16,41.16,3825283
2023-08-24,39.34,39.41,39.13,39.27,39.27,6075184
2023-08-25,39.24,39.62,39.13,39.37,39.37,5380408
2023-08-28,38.69,38.95,38.3,38.62,38.62,5705018
2023-08-29,38.97,39.11,38.59,38.85,38.85,5799255
2023-08-30,38.73,39.32,38.4,38.86,38.86,4414812
2023-08-31,39.37,39.53,38.99,39.26,39.26,6304658
2023-09-01,38.88,39.22,38.33,38.78,38.78,3987540
2023-09-04,40.6,40.98,40.03,40.5,40.5,7081366
2023-09-05,40.32,40.61,39.49,40.05,40.05,3591451
2023-09-06,40.43,40.72,39.68,40.2,40.2,3697199
2023-09-07,39.55,40.01,39.31,39.66,39.66,7621276
2023-09-08,40.63,40.79,40.23,40.51,40.51,3685092
2023-09-11,41.82,42.3,41.23,41.76,41.76,6488758
2023-09-12,41.42,41.51,41.15,41.33,41.33,3300945
2023-09-13,41.52,41.74,41.21,41.48,41.48,8229319
2023-09-14,41.11,41.64,40.88,41.26,41.26,6119659
2023-09-15,40.0,40.06,39.97,40.01,40.01,3564871
2023-09-18,40.85,40.87,40.8,40.84,40.84,3421660
2023-09-19,41.11,41.61,40.9,41.26,41.26,6873083
2023-09-20,39.98,40.09,39.65,39.87,39.87,7175989
2023-09-21,40.49,40.69,40.27,40.48,40.48,8225509
2023-09-22,41.07,41.36,40.57,40.97,40.97,11742185
2023-09-25,41.41,41.88,41.13,41.5,41.5,5645279
2023-09-26,41.11,41.37,40.51,40.94,40.94,18618638
2023-09-27,40.43,40.56,40.14,40.35,40.35,7099723
2023-09-28,40.32,40.53,39.82,40.17,40.17,8951843
2023-09-29,39.48,39.68,39.05,39.36,39.36,2957639
2023-10-02,40.94,41.13,40.4,40.76,40.76,4330800
2023-10-03,41.84,41.9,41.76,41.83,41.83,5576059
2023-10-04,41.69,42.02,41.49,41.76,41.76,5207034
2023-10-05,42.22,42.54,41.73,42.14,42.14,3229498
2023-10-06,41.88,42.01,41.48,41.74,41.74,4091780
2023-10-09,41.19,41.88,40.92,41.4,41.4,6559150
2023-10-10,40.96,41.13,40.49,40.81,40.81,4850070
2023-10-11,41.47,41.72,40.89,41.31,41.31,6758709
2023-10-12,40.87,41.22,40.38,40.8,40.8,3571451
2023-10-13,40.87,41.26,40.45,40.85,40.85,5797362
2023-10-16,41.32,41.51,40.77,41.14,41.14,7756018
2023-10-17,40.61,41.23,40.42,40.83,40.83,5438567
2023-10-18,39.83,40.15,39.39,39.77,39.77,9648294
2023-10-19,39.56,40.15,39.22,39.68,39.68,6501198
2023-10-20,38.98,39.17,38.63,38.9,38.9,2863138
2023-10-23,39.32,39.68,39.18,39.43,39.43,6662381
2023-10-24,38.81,38.85,38.69,38.77,38.77,3424596
2023-10-25,38.36,38.89,38.14,38.52,38.52,4766040
2023-10-26,39.1,39.41,38.99,39.2,39.2,8476851
2023-10-27,40.07,40.7,39.53,40.12,40.12,5867139
2023-10-30,40.1,40.43,39.94,40.18,40.18,3904415
2023-10-31,39.81,40.11,39.51,39.81,39.81,3557931
2023-11-01,39.88,40.13,39.51,39.82,39.82,8931004
2023-11-02,39.97,40.24,39.42,39.83,39.83,4394102
2023-11-03,40.14,40.54,39.86,40.2,40.2,6062426
2023-11-06,40.77,41.08,40.43,40.76,40.76,4438523
2023-11-07,40.89,40.98,40.79,40.88,40.88,5423508
2023-11-08,40.33,40.86,40.15,40.51,40.51,8514726
2023-11-09,39.74,40.15,39.36,39.75,39.75,6514992
2023-11-10,39.53,40.01,39.34,39.67,39.67,3993716
2023-11-13,39.84,40.27,39.61,39.94,39.94,5901913
2023-11-14,40.87,41.46,40.67,41.07,41.07,3867669
2023-11-15,40.97,41.51,40.35,40.93,40.93,1979861
2023-11-16,41.42,41.6,40.92,41.26,41.26,6805446
2023-11-17,41.94,42.08,41.58,41.83,41.83,3033239
2023-11-20,41.49,41.78,40.99,41.38,41.38,4125420
2023-11-21,41.54,41.71,41.17,41.44,41.44,8704938
2023-11-22,40.59,40.89,40.23,40.56,40.56,5759150
2023-11-23,39.94,40.57,39.66,40.11,40.11,4313036
2023-11-24,40.68,40.76,40.42,40.59,40.59,4905358
2023-11-27,40.03,40.22,39.26,39.74,39.74,4305381
2023-11-28,38.76,39.32,38.3,38.81,38.81,5068866
2023-11-29,39.58,39.84,39.36,39.6,39.6,3748361
2023-11-30,39.53,39.9,39.32,39.61,39.61,3932389
2023-12-01,39.51,39.98,39.31,39.64,39.64,6248989
2023-12-04,40.69,41.2,40.34,40.77,40.77,10265810
2023-12-05,41.04,41.33,40.84,41.09,41.09,6957580
2023-12-06,40.83,41.05,40.47,40.76,40.76,6118928
2023-12-07,40.69,40.97,40.34,40.65,40.65,4273094
2023-12-08,40.44,40.6,40.0,40.3,40.3,8426179
2023-12-11,39.12,39.46,38.99,39.22,39.22,3064446
2023-12-12,40.58,40.87,39.87,40.37,40.37,5759325
2023-12-13,40.01,40.18,39.55,39.86,39.86,3834277
2023-12-14,40.15,40.67,39.67,40.17,40.17,8396115
2023-12-15,40.8,41.22,40.53,40.87,40.87,7430619
2023-12-18,41.31,41.5,41.08,41.29,41.29,7773188
2023-12-19,41.73,42.06,41.6,41.83,41.83,6090367
2023-12-20,40.96,41.45,40.71,41.08,41.08,12570641
2023-12-21,40.68,41.33,40.41,40.87,40.87,6993508
2023-12-22,40.62,40.81,40.39,40.6,40.6,5365553
2023-12-25,41.0,41.06,40.79,40.93,40.93,6310507
2023-12-26,40.64,41.13,40.16,40.64,40.64,9862969
2023-12-27,39.96,40.57,39.61,40.09,40.09,5938834
2023-12-28,40.75,41.06,40.23,40.64,40.64,8309762
2023-12-29,40.92,41.61,40.59,41.1,41.1,4786758
2024-01-01,41.32,41.55,41.22,41.39,41.39,8422653
2024-01-02,40.67,40.85,39.98,40.42,40.42,5645886
2024-01-03,39.78,40.47,39.58,40.03,40.03,5426461
2024-01-04,40.4,40.74,40.24,40.49,40.49,3875350
2024-01-05,41.59,41.78,41.12,41.45,41.45,6488358
2024-01-08,41.61,42.03,41.48,41.75,41.75,6198172
2024-01-09,40.54,40.71,40.06,40.39,40.39,6689925
2024-01-10,39.37,39.58,39.17,39.38,39.38,4177330
2024-01-11,39.47,39.62,39.3,39.46,39.46,7156307
2024-01-12,39.98,40.56,39.55,40.06,40.06,4384344
2024-01-15,39.19,39.49,38.71,39.1,39.1,9131320
2024-01-16,39.55,39.99,39.29,39.64,39.64,9196199
2024-01-17,39.53,39.61,39.41,39.51,39.51,2115550
2024-01-18,38.86,39.63,38.5,39.06,39.06,3452061
2024-01-19,39.19,39.5,39.01,39.25,39.25,4969012
2024-01-22,39.87,39.98,39.5,39.74,39.74,4374311
2024-01-23,40.14,40.47,39.68,40.07,40.07,6365903
2024-01-24,41.08,41.21,40.63,40.92,40.92,3493148
2024-01-25,41.61,41.74,41.25,41.5,41.5,6267529
2024-01-26,41.2,41.53,40.75,41.14,41.14,3739405
2024-01-29,42.93,43.34,42.76,43.05,43.05,5204939
2024-01-30,42.7,43.32,42.47,42.9,42.9,2190811
2024-01-31,42.34,42.68,42.21,42.44,42.44,6028086
2024-02-01,43.13,43.54,42.53,43.04,43.04,4593153
2024-02-02,42.75,43.0,42.28,42.64,42.64,5708655
2024-02-05,42.89,43.14,42.58,42.86,42.86,5386901
2024-02-06,42.95,43.26,42.57,42.92,42.92,12953879
2024-02-07,42.98,43.53,42.38,42.95,42.95,4158846
2024-02-08,43.24,43.53,42.64,43.08,43.08,3666090
2024-02-09,41.91,42.06,41.65,41.86,41.86,6344662
2024-02-12,41.24,41.48,41.17,41.33,41.33,4944956
2024-02-13,41.96,42.07,41.57,41.82,41.82,6537414
2024-02-14,42.93,43.42,42.75,43.08,43.08,4804063
2024-02-15,44.17,44.7,44.0,44.35,44.35,3729094
2024-02-16,44.93,44.99,44.89,44.94,44.94,3687800
2024-02-19,45.07,45.21,45.0,45.11,45.11,3170677
2024-02-20,44.87,45.12,44.66,44.89,44.89,3500675
2024-02-21,44.25,44.76,43.97,44.37,44.37,9328327
2024-02-22,43.85,44.18,43.77,43.98,43.98,5972745
2024-02-23,43.71,44.04,43.32,43.68,43.68,3543888
2024-02-26,44.07,44.49,43.37,43.93,43.93,9181028
2024-02-27,43.25,43.61,42.98,43.3,43.3,3249561
2024-02-28,43.25,43.38,43.07,43.23,43.23,6657977
2024-02-29,42.54,42.83,41.99,42.41,42.41,5053138
2024-03-01,42.73,43.01,41.93,42.47,42.47,4151393
2024-03-04,42.59,42.96,42.37,42.67,42.67,8451879
2024-03-05,44.43,44.81,43.97,44.39,44.39,4964879
2024-03-06,45.14,45.47,44.47,44.97,44.97,5316377
2024-03-07,44.7,45.02,44.6,44.81,44.81,4148375
2024-03-08,46.2,46.58,45.69,46.13,46.13,7923107
2024-03-11,46.67,47.02,46.23,46.63,46.63,5053545
2024-03-12,47.26,47.7,46.94,47.32,47.32,3499818
2024-03-13,46.15,46.47,46.07,46.27,46.27,5416013
2024-03-14,45.43,45.92,44.76,45.34,45.34,7169502
2024-03-15,45.49,45.69,45.34,45.52,45.52,3109873
2024-03-18,45.03,45.34,44.81,45.07,45.07,6643567
2024-03-19,46.03,46.43,45.85,46.14,46.14,4573024
2024-03-20,45.61,46.1,45.32,45.71,45.71,2750791
2024-03-21,45.22,45.43,44.78,45.11,45.11,3213237
2024-03-22,44.28,44.42,43.8,44.11,44.11,5946392
2024-03-25,43.82,44.08,43.7,43.89,43.89,9118766
2024-03-26,43.8,44.19,43.2,43.69,43.69,5631974
2024-03-27,44.82,44.97,44.59,44.78,44.78,13115292
2024-03-28,46.04,46.66,45.52,46.09,46.09,13838931
2024-03-29,46.05,46.55,45.53,46.04,46.04,6476093
2024-04-01,46.12,46.59,45.63,46.11,46.11,5167070
2024-04-02,47.34,47.82,46.99,47.4,47.4,4699243
2024-04-03,47.03,47.29,46.53,46.91,46.91,3074006
2024-04-04,47.77,47.99,47.54,47.76,47.76,3256877
2024-04-05,47.92,48.08,47.73,47.91,47.91,5836963
2024-04-08,47.48,47.83,47.16,47.49,47.49,8859974
2024-04-09,46.87,47.58,46.58,47.08,47.08,2987508
2024-04-10,46.38,46.59,45.63,46.11,46.11,11282126
2024-04-11,45.11,45.25,44.98,45.11,45.11,5571193
2024-04-12,44.18,44.47,43.24,43.85,43.85,5371744
2024-04-15,43.05,43.31,42.94,43.12,43.12,5334783
2024-04-16,42.88,43.11,42.78,42.94,42.94,6650854
2024-04-17,43.39,43.74,43.17,43.46,43.46,4715766
2024-04-18,43.38,43.55,43.12,43.33,43.33,4130455
2024-04-19,41.49,41.98,41.2,41.59,41.59,5304486
2024-04-22,40.42,40.74,40.33,40.53,40.53,7557066
2024-04-23,39.92,40.25,39.75,40.0,40.0,5994676
2024-04-24,41.06,41.4,40.71,41.06,41.06,3514939
2024-04-25,40.73,41.18,40.57,40.87,40.87,3921865
2024-04-26,41.09,41.58,40.68,41.13,41.13,3993815
2024-04-29,40.96,41.55,40.67,41.11,41.11,4467176
2024-04-30,41.72,41.93,41.43,41.68,41.68,7673096
2024-05-01,42.12,42.3,41.67,41.98,41.98,22206064
2024-05-02,41.56,41.82,41.37,41.59,41.59,5747124
2024-05-03,42.07,42.27,41.76,42.02,42.02,8774952
2024-05-06,42.12,42.18,41.94,42.06,42.06,10943134
2024-05-07,40.81,41.21,40.58,40.9,40.9,4003696
2024-05-08,40.69,40.7,40.68,40.69,40.69,10835293
2024-05-09,41.06,41.41,40.85,41.13,41.13,7183966
2024-05-10,41.73,41.83,41.41,41.62,41.62,3291644
2024-05-13,42.62,42.74,42.25,42.49,42.49,10791234
2024-05-14,43.09,43.47,42.79,43.13,43.13,8197954
2024-05-15,43.1,43.24,42.61,42.92,42.92,7564104
2024-05-16,43.32,43.52,42.83,43.17,43.17,6724237
2024-05-17,42.22,42.56,41.84,42.2,42.2,8067848
2024-05-20,43.07,43.14,42.89,43.02,43.02,4911545
2024-05-21,42.27,42.4,41.95,42.18,42.18,4176642
2024-05-22,42.76,43.56,42.48,43.02,43.02,9431496
2024-05-23,44.54,44.71,44.05,44.38,44.38,6279486
2024-05-24,44.38,44.83,43.73,44.28,44.28,2527387
2024-05-27,43.88,44.46,43.71,44.08,44.08,1989875
2024-05-28,44.59,44.91,44.22,44.56,44.56,5423403
2024-05-29,45.53,46.04,45.31,45.67,45.67,4347762
2024-05-30,46.16,46.43,45.71,46.07,46.07,5669927
2024-05-31,46.3,46.67,45.55,46.11,46.11,6443087
2024-06-03,46.63,47.28,46.21,46.75,46.75,6992953
2024-06-04,46.55,46.83,45.63,46.23,46.23,5363036
2024-06-05,46.43,46.82,46.01,46.42,46.42,6577852
2024-06-06,45.34,45.95,44.66,45.3,45.3,7159190
2024-06-07,45.55,45.85,44.66,45.26,45.26,4883459
2024-06-10,45.39,45.82,44.97,45.4,45.4,7053321
2024-06-11,46.03,46.5,45.68,46.09,46.09,3969297
2024-06-12,48.13,48.31,47.62,47.97,47.97,1948261
2024-06-13,47.3,47.51,46.62,47.06,47.06,4288577
2024-06-14,48.6,48.84,48.31,48.57,48.57,5418156
2024-06-17,49.63,49.92,49.22,49.57,49.57,7069865
2024-06-18,48.92,49.23,48.14,48.68,48.68,3889557
2024-06-19,49.15,49.53,48.56,49.04,49.04,3428281
2024-06-20,48.25,48.49,47.83,48.16,48.16,4214443
2024-06-21,46.6,46.69,46.39,46.54,46.54,5834366
2024-06-24,46.43,46.78,45.61,46.2,46.2,3992668
2024-06-25,47.16,47.45,46.52,46.99,46.99,3174781
2024-06-26,47.85,48.07,47.47,47.77,47.77,4389063
2024-06-27,46.65,47.57,46.16,46.86,46.86,5356135
2024-06-28,45.79,46.02,45.4,45.71,45.71,7443412
2024-07-01,45.06,45.19,44.6,44.89,44.89,2659795
2024-07-02,44.45,44.64,44.24,44.44,44.44,7082634
2024-07-03,43.44,43.91,43.01,43.46,43.46,9644638
2024-07-04,42.81,43.4,42.66,43.03,43.03,4468375
2024-07-05,42.7,43.14,42.53,42.83,42.83,7334330
2024-07-08,43.48,43.61,43.09,43.35,43.35,3536232
2024-07-09,43.27,43.69,43.0,43.34,43.34,3139584
2024-07-10,42.49,42.73,42.21,42.47,42.47,7305029
2024-07-11,44.1,44.26,43.64,43.95,43.95,5963832
2024-07-12,42.96,43.19,42.48,42.84,42.84,4604320
2024-07-15,44.37,44.58,43.8,44.19,44.19,4879578
2024-07-16,41.9,42.26,41.8,42.03,42.03,4502885
2024-07-17,42.82,43.0,42.31,42.65,42.65,11419130
2024-07-18,43.01,43.1,42.7,42.9,42.9,2359638
2024-07-19,42.93,43.09,42.49,42.79,42.79,2335557
2024-07-22,42.31,42.85,41.88,42.37,42.37,4592359
2024-07-23,41.7,42.05,41.57,41.81,41.81,7138589
2024-07-24,40.21,40.52,39.97,40.25,40.25,5706226
2024-07-25,40.36,40.6,40.07,40.33,40.33,3554287
2024-07-26,40.56,41.19,40.37,40.78,40.78,4725484
2024-07-29,40.46,40.71,40.15,40.43,40.43,4114044
2024-07-30,40.24,40.94,40.06,40.5,40.5,9606189
2024-07-31,39.13,39.53,38.48,39.01,39.01,4505750
2024-08-01,38.53,39.08,38.06,38.57,38.57,9269811
2024-08-02,37.73,37.92,37.61,37.76,37.76,5850154
2024-08-05,37.83,37.89,37.68,37.78,37.78,5172959
2024-08-06,36.84,37.05,36.46,36.76,36.76,14012297
2024-08-07,36.73,37.15,36.61,36.88,36.88,4561203
2024-08-08,37.57,37.95,37.25,37.6,37.6,6609878
2024-08-09,37.72,37.82,37.43,37.63,37.63,4046201
2024-08-12,38.88,39.41,38.68,39.05,39.05,3608800
2024-08-13,39.0,39.26,38.55,38.91,38.91,5723987
2024-08-14,39.24,39.56,38.94,39.25,39.25,6236047
2024-08-15,40.25,40.58,39.68,40.13,40.13,4346199
2024-08-16,41.91,42.14,41.36,41.75,41.75,4794471
2024-08-19,42.53,42.88,42.25,42.56,42.56,4798286
2024-08-20,42.14,42.32,41.74,42.03,42.03,5159677
2024-08-21,43.64,44.0,43.38,43.69,43.69,5913847
2024-08-22,43.34,43.79,42.97,43.38,43.38,5769969
2024-08-23,42.7,43.42,42.28,42.85,42.85,2684835
2024-08-26,44.78,44.9,44.36,44.63,44.63,5083486
2024-08-27,43.33,43.76,43.14,43.45,43.45,7125155
2024-08-28,43.78,44.17,43.37,43.77,43.77,3760486
2024-08-29,44.1,44.43,43.58,44.01,44.01,5435796
2024-08-30,42.79,43.13,42.65,42.89,42.89,5822355
2024-09-02,42.33,42.87,41.93,42.4,42.4,6624764
2024-09-03,41.46,41.89,40.73,41.31,41.31,13920423
2024-09-04,41.46,41.76,41.27,41.52,41.52,4417341
2024-09-05,41.95,42.19,41.27,41.73,41.73,3650596
2024-09-06,41.46,41.65,41.11,41.38,41.38,7012630
2024-09-09,41.06,41.35,40.82,41.09,41.09,3461570
2024-09-10,40.77,40.96,40.12,40.54,40.54,3487956
2024-09-11,40.43,40.83,39.95,40.39,40.39,4206726
2024-09-12,40.14,40.29,39.68,39.99,39.99,6181117
2024-09-13,41.28,41.59,41.19,41.39,41.39,5171968
2024-09-16,41.09,41.46,40.51,40.98,40.98,4997287
2024-09-17,40.17,40.33,40.03,40.18,40.18,8766224
2024-09-18,40.37,40.61,40.01,40.31,40.31,4391384
2024-09-19,38.62,38.79,38.27,38.53,38.53,3626731
2024-09-20,39.14,39.33,38.71,39.02,39.02,3092921
2024-09-23,38.99,39.58,38.64,39.11,39.11,5334474
2024-09-24,39.82,39.91,39.46,39.68,39.68,3054425
2024-09-25,40.51,41.04,40.04,40.54,40.54,3555554
2024-09-26,39.76,40.21,39.41,39.81,39.81,5496655
2024-09-27,40.0,40.27,39.77,40.02,40.02,7073105
2024-09-30,38.67,39.22,38.38,38.8,38.8,4123426
2024-10-01,38.63,38.82,38.49,38.65,38.65,6612759
2024-10-02,39.27,39.5,38.48,38.99,38.99,3263803
2024-10-03,39.19,39.34,39.02,39.18,39.18,4176175
2024-10-04,39.48,39.63,39.2,39.41,39.41,6540424
2024-10-07,38.91,39.01,38.74,38.88,38.88,7413541
2024-10-08,38.96,39.43,38.81,39.12,39.12,10436380
2024-10-09,39.8,40.24,39.52,39.88,39.88,12780741
2024-10-10,39.76,39.98,39.41,39.69,39.69,6460348
2024-10-11,40.75,41.36,40.52,40.94,40.94,4538091
2024-10-14,40.92,41.56,40.53,41.04,41.04,6645118
2024-10-15,41.5,41.77,41.15,41.46,41.46,5484376
2024-10-16,42.37,42.54,41.83,42.19,42.19,8228770
2024-10-17,43.43,43.66,43.03,43.34,43.34,4859142
2024-10-18,43.8,43.98,43.25,43.62,43.62,10690991
2024-10-21,44.29,44.53,43.83,44.18,44.18,2956187
2024-10-22,43.02,43.47,42.82,43.14,43.14,6417254
2024-10-23,43.98,44.02,43.79,43.91,43.91,5033828
2024-10-24,43.71,44.25,43.52,43.89,43.89,7101084
2024-10-25,43.61,44.04,43.41,43.72,43.72,4149228
2024-10-28,44.19,44.39,43.72,44.05,44.05,7762722
2024-10-29,43.79,44.16,43.31,43.74,43.74,6561573
2024-10-30,42.78,43.44,42.2,42.82,42.82,3494317
2024-10-31,43.19,43.43,42.85,43.14,43.14,9223882
2024-11-01,43.48,43.7,42.81,43.25,43.25,6773404
2024-11-04,43.2,43.35,42.84,43.1,43.1,4756125
2024-11-05,43.22,43.47,42.89,43.18,43.18,5946606
2024-11-06,42.95,43.01,42.83,42.92,42.92,6099070
2024-11-07,42.33,42.63,41.94,42.28,42.28,3202554
2024-11-08,42.22,42.52,41.79,42.16,42.16,7056979
2024-11-11,42.02,42.15,41.77,41.96,41.96,3962617
2024-11-12,41.61,42.18,41.33,41.76,41.76,9077870
2024-11-13,41.9,42.03,41.43,41.73,41.73,5199105
2024-11-14,41.65,42.03,41.21,41.62,41.62,8152552
2024-11-15,43.4,43.67,43.18,43.43,43.43,5249726
2024-11-18,44.0,44.29,43.86,44.07,44.07,3888019
2024-11-19,43.31,43.55,43.23,43.39,43.39,5634434
2024-11-20,42.47,42.77,41.78,42.28,42.28,7599926
2024-11-21,40.98,41.58,40.45,41.01,41.01,3734724
2024-11-22,41.68,41.88,41.4,41.64,41.64,2752579
2024-11-25,41.69,41.92,41.15,41.54,41.54,6532462
2024-11-26,40.85,41.19,40.27,40.73,40.73,2170477
2024-11-27,40.18,40.41,39.87,40.14,40.14,2980917
2024-11-28,39.12,39.55,39.0,39.28,39.28,4028613
2024-11-29,40.59,41.2,40.2,40.7,40.7,5054452
2024-12-02,42.25,43.07,42.03,42.55,42.55,4829492
2024-12-03,42.66,42.98,42.21,42.59,42.59,4895826
2024-12-04,41.62,41.8,41.57,41.69,41.69,7053818
2024-12-05,41.16,41.78,40.93,41.35,41.35,8163494
2024-12-06,41.02,41.6,40.75,41.18,41.18,4191485
2024-12-09,41.54,42.05,41.28,41.66,41.66,9233405
2024-12-10,40.66,40.91,40.33,40.62,40.62,5332502
2024-12-11,39.74,40.02,39.62,39.82,39.82,4782525
2024-12-12,38.2,38.48,37.74,38.11,38.11,5096988
2024-12-13,38.37,38.75,38.11,38.43,38.43,8830328
2024-12-16,39.35,39.76,39.05,39.41,39.41,7463279
2024-12-17,39.54,39.93,39.33,39.63,39.63,5449198
2024-12-18,40.92,41.23,40.79,41.01,41.01,6663349
2024-12-19,42.25,42.52,41.71,42.11,42.11,5215963
2024-12-20,41.34,41.8,40.72,41.26,41.26,5507873
2024-12-23,40.73,41.05,40.49,40.77,40.77,6256797
2024-12-24,40.66,41.16,40.05,40.61,40.61,3300528
2024-12-25,40.93,41.46,40.68,41.07,41.07,6279167
2024-12-26,42.2,43.0,41.85,42.43,42.43,5419164
2024-12-27,41.76,42.22,41.23,41.72,41.72,3805529
2024-12-30,42.58,42.83,42.19,42.51,42.51,4365977
2024-12-31,41.47,41.6,41.14,41.37,41.37,8418288
2025-01-01,40.81,41.2,40.69,40.94,40.94,3442102
2025-01-02,40.13,40.45,39.79,40.12,40.12,2896078
2025-01-03,40.35,40.5,39.75,40.12,40.12,5376744
2025-01-06,40.44,40.72,39.95,40.33,40.33,4904426
2025-01-07,41.42,41.65,40.76,41.21,41.21,2944600
2025-01-08,41.63,41.91,41.18,41.54,41.54,5935785
2025-01-09,41.56,42.07,41.2,41.64,41.64,6636094
2025-01-10,42.59,42.9,42.33,42.61,42.61,3099770
2025-01-13,43.03,43.23,42.59,42.91,42.91,6166852
2025-01-14,42.56,42.91,41.58,42.24,42.24,8160086
2025-01-15,41.87,42.04,41.62,41.83,41.83,9826656
2025-01-16,42.18,42.79,41.89,42.34,42.34,7619075
2025-01-17,43.32,43.73,43.16,43.45,43.45,4193073
2025-01-20,44.3,44.62,44.06,44.34,44.34,5811467
2025-01-21,45.68,45.86,45.23,45.54,45.54,17474384
2025-01-22,43.76,43.95,43.62,43.78,43.78,1185100
2025-01-23,44.37,44.75,43.92,44.34,44.34,2889065
2025-01-24,44.41,44.98,43.88,44.43,44.43,4912230
2025-01-27,44.23,44.24,44.21,44.23,44.23,4360592
2025-01-28,43.26,43.46,42.86,43.16,43.16,8100875
2025-01-29,42.57,42.81,42.15,42.48,42.48,4998529
2025-01-30,41.77,42.09,41.49,41.79,41.79,10741086
2025-01-31,41.57,41.91,41.03,41.47,41.47,3518027
2025-02-03,41.93,42.27,41.75,42.01,42.01,3161156
2025-02-04,42.11,42.45,41.94,42.19,42.19,9322280
2025-02-05,42.37,42.75,41.87,42.31,42.31,4783051
2025-02-06,41.24,41.76,41.05,41.41,41.41,4134891
2025-02-07,41.95,42.29,41.61,41.95,41.95,3743452
2025-02-10,42.47,42.92,41.79,42.35,42.35,6394948
2025-02-11,42.05,42.69,41.43,42.06,42.06,6157561
2025-02-12,41.35,41.54,40.94,41.24,41.24,5382640
2025-02-13,42.22,42.48,42.03,42.26,42.26,7942643
2025-02-14,42.65,42.76,42.6,42.68,42.68,3948440
2025-02-17,42.07,42.64,41.85,42.25,42.25,7703305
2025-02-18,41.73,41.96,41.61,41.79,41.79,6161145
2025-02-19,40.66,41.08,40.05,40.57,40.57,6254055
2025-02-20,39.62,39.79,39.25,39.52,39.52,5167531
2025-02-21,39.43,39.71,39.0,39.35,39.35,5209566
2025-02-24,40.43,40.6,40.15,40.37,40.37,5248851
2025-02-25,39.96,40.1,39.81,39.95,39.95,10651127
2025-02-26,39.95,40.14,39.23,39.69,39.69,2659348
2025-02-27,39.7,40.32,39.54,39.93,39.93,3511740
2025-02-28,39.21,39.62,39.06,39.34,39.34,5504027
2025-03-03,40.91,41.05,40.53,40.79,40.79,3464199
2025-03-04,40.47,40.89,40.34,40.61,40.61,1554672
2025-03-05,40.23,40.76,39.91,40.34,40.34,4779423
2025-03-06,40.61,40.69,40.33,40.51,40.51,2884842
2025-03-07,39.48,39.72,39.42,39.57,39.57,5270907
2025-03-10,38.78,39.16,38.52,38.84,38.84,3495002
2025-03-11,40.22,40.42,39.47,39.94,39.94,7666196
2025-03-12,39.7,39.98,39.35,39.67,39.67,4806820
2025-03-13,40.35,40.69,39.8,40.25,40.25,4886618
2025-03-14,40.14,40.49,39.61,40.05,40.05,3920061
2025-03-17,40.72,40.89,40.07,40.48,40.48,2739085
2025-03-18,39.89,40.29,39.62,39.95,39.95,3455323
2025-03-19,41.11,41.3,40.54,40.92,40.92,5095026
2025-03-20,42.12,42.55,41.81,42.18,42.18,4386681
2025-03-21,42.26,42.75,41.99,42.37,42.37,7615875
2025-03-24,41.73,42.09,41.45,41.77,41.77,2822267
2025-03-25,42.23,42.41,42.09,42.25,42.25,11456544
2025-03-26,42.14,42.45,41.87,42.16,42.16,4067112
2025-03-27,41.2,41.26,40.95,41.11,41.11,6306493
2025-03-28,41.57,41.98,41.29,41.64,41.64,6459605
2025-03-31,42.11,42.6,41.79,42.2,42.2,4939084
2025-04-01,42.06,42.2,41.75,41.97,41.97,5576607
2025-04-02,41.05,41.34,40.7,41.02,41.02,4213685
2025-04-03,41.82,42.11,41.37,41.74,41.74,6462026
2025-04-04,41.83,41.85,41.75,41.8,41.8,3437307
2025-04-07,41.36,41.55,40.69,41.12,41.12,2931289
2025-04-08,41.35,41.65,40.86,41.26,41.26,8110888
2025-04-09,41.72,41.91,41.34,41.63,41.63,5928700
2025-04-10,42.15,42.5,42.0,42.25,42.25,6632663
2025-04-11,41.71,41.9,41.52,41.71,41.71,5702813
2025-04-14,41.58,41.75,41.24,41.5,41.5,4421520
2025-04-15,41.12,41.61,40.91,41.26,41.26,7534843
2025-04-16,40.23,40.97,40.03,40.5,40.5,6580758
2025-04-17,40.75,41.36,40.58,40.97,40.97,3925366
2025-04-18,41.98,42.06,41.68,41.87,41.87,7121872
2025-04-21,41.36,42.05,41.15,41.6,41.6,4077064
2025-04-22,41.02,41.08,40.81,40.95,40.95,4638669
2025-04-23,40.81,41.16,40.61,40.88,40.88,7041843
2025-04-24,39.9,40.36,39.52,39.94,39.94,5434027
2025-04-25,40.82,40.94,40.36,40.65,40.65,5124098
2025-04-28,40.46,40.67,39.83,40.25,40.25,3654888
2025-04-29,41.06,41.21,40.62,40.91,40.91,6375735
2025-04-30,41.46,41.6,40.94,41.27,41.27,4565203
2025-05-01,42.02,42.3,41.77,42.04,42.04,2276435
2025-05-02,41.79,41.98,41.4,41.69,41.69,5631403
2025-05-05,42.24,42.67,42.01,42.34,42.34,16858366
2025-05-06,42.06,42.35,41.82,42.09,42.09,4645065
2025-05-07,42.09,42.58,41.87,42.23,42.23,5658454
2025-05-08,41.75,42.37,41.58,41.98,41.98,7855783
2025-05-09,41.91,42.63,41.68,42.15,42.15,2128357
2025-05-12,41.92,42.57,41.61,42.09,42.09,5123388
2025-05-13,42.06,42.25,41.63,41.94,41.94,5505623
2025-05-14,41.55,41.71,41.35,41.53,41.53,5099045
2025-05-15,41.03,41.47,40.63,41.05,41.05,3342432
2025-05-16,40.55,40.85,40.01,40.43,40.43,4993005
2025-05-19,40.97,41.82,40.7,41.26,41.26,3611374
2025-05-20,40.15,40.46,39.81,40.13,40.13,7475427
2025-05-21,39.09,39.58,38.79,39.19,39.19,2097565
2025-05-22,37.88,38.12,37.77,37.94,37.94,9679033
2025-05-23,38.02,38.29,37.83,38.06,38.06,6447735
2025-05-26,37.65,37.87,37.13,37.5,37.5,4733748
2025-05-27,37.26,37.45,36.82,37.14,37.14,3884811
2025-05-28,37.46,37.67,37.34,37.51,37.51,10587853
2025-05-29,37.6,38.22,37.32,37.77,37.77,4956450
2025-05-30,37.63,37.96,37.49,37.72,37.72,4921798
2025-06-02,37.88,38.17,37.74,37.96,37.96,4887453
2025-06-03,38.9,39.06,38.38,38.72,38.72,3795557
2025-06-04,38.4,38.9,38.1,38.5,38.5,8047371
2025-06-05,38.19,38.39,37.99,38.19,38.19,2904119
2025-06-06,37.79,38.21,37.57,37.89,37.89,8917102
2025-06-09,38.36,38.6,37.86,38.23,38.23,6442710
2025-06-10,38.74,38.94,38.54,38.74,38.74,8067788
2025-06-11,39.1,39.19,38.86,39.03,39.03,6486161
2025-06-12,39.0,39.33,38.83,39.08,39.08,2845889
2025-06-13,39.11,39.46,38.55,39.0,39.0,5320278
2025-06-16,38.12,38.44,37.81,38.12,38.12,3203674
2025-06-17,38.33,38.55,38.0,38.27,38.27,8709662
2025-06-18,38.14,38.23,37.9,38.06,38.06,5000953
2025-06-19,39.06,39.16,38.81,38.99,38.99,5642900
2025-06-20,38.02,38.13,37.9,38.02,38.02,4078200
2025-06-23,39.16,39.55,39.01,39.28,39.28,10723393
2025-06-24,38.96,39.27,38.24,38.76,38.76,7099628
2025-06-25,38.16,38.27,37.93,38.1,38.1,7917030
2025-06-26,37.7,37.76,37.57,37.66,37.66,5376566
2025-06-27,36.59,36.77,36.07,36.42,36.42,4822426
2025-06-30,37.32,37.56,36.84,37.2,37.2,3132682
2025-07-01,37.1,37.12,37.09,37.11,37.11,3287149
2025-07-02,35.82,36.43,35.66,36.05,36.05,4630649
2025-07-03,36.24,36.51,35.98,36.24,36.24,4491876
2025-07-04,37.13,37.27,36.97,37.12,37.12,3739435
2025-07-07,38.6,38.71,38.24,38.47,38.47,7709019
2025-07-08,39.26,39.49,39.15,39.32,39.32,5982825
2025-07-09,39.52,39.82,39.34,39.58,39.58,4053017
2025-07-10,39.73,40.2,39.19,39.69,39.69,8565636
2025-07-11,39.09,39.5,38.97,39.24,39.24,7594496
2025-07-14,39.11,39.56,38.89,39.23,39.23,2162789
2025-07-15,39.14,39.33,38.91,39.12,39.12,5047002
2025-07-16,38.82,39.23,38.65,38.94,38.94,8137073
2025-07-17,39.96,40.26,39.56,39.91,39.91,1912234
2025-07-18,39.99,40.54,39.79,40.16,40.16,7800639
2025-07-21,40.1,40.53,39.96,40.25,40.25,7903367
2025-07-22,40.97,41.22,40.69,40.95,40.95,3386747
2025-07-23,41.87,42.17,41.53,41.85,41.85,5035028
2025-07-24,41.57,41.95,41.31,41.63,41.63,16509380
2025-07-25,41.64,41.73,41.53,41.63,41.63,7532500
2025-07-28,42.68,42.87,41.97,42.42,42.42,3097073
2025-07-29,42.1,42.52,41.84,42.18,42.18,3677524
2025-07-30,42.86,43.07,42.42,42.74,42.74,6266353
2025-07-31,42.32,42.73,42.11,42.42,42.42,5398402
2025-08-01,41.43,41.73,41.09,41.41,41.41,5596969
2025-08-04,41.47,41.58,41.07,41.33,41.33,7790964
2025-08-05,41.99,42.09,41.79,41.94,41.94,9169987
2025-08-06,40.99,41.09,40.86,40.98,40.98,5050531
2025-08-07,40.54,41.0,40.18,40.59,40.59,5765651
2025-08-08,41.75,42.12,41.37,41.75,41.75,4945821
2025-08-11,41.57,41.83,41.18,41.5,41.5,9759917
2025-08-12,41.32,41.47,40.74,41.11,41.11,4302483
2025-08-13,40.64,41.0,40.16,40.58,40.58,4034166
2025-08-14,40.9,41.03,40.55,40.79,40.79,2759305
2025-08-15,41.96,42.18,41.23,41.7,41.7,6117283
2025-08-18,41.28,41.48,41.11,41.3,41.3,5682462
2025-08-19,41.59,41.97,41.17,41.57,41.57,6627031
2025-08-20,40.61,40.98,39.98,40.48,40.48,5577075
2025-08-21,40.18,40.29,40.11,40.2,40.2,4315075
2025-08-22,39.53,39.79,39.21,39.5,39.5,7827576
2025-08-25,38.87,38.9,38.81,38.85,38.85,6137906
2025-08-26,39.58,39.73,39.34,39.54,39.54,3711643
2025-08-27,38.05,38.12,37.91,38.02,38.02,7185706
2025-08-28,38.39,38.74,38.21,38.48,38.48,6187859
2025-08-29,38.17,38.89,37.66,38.27,38.27,5900940
2025-09-01,38.46,38.81,38.07,38.44,38.44,3602883
2025-09-02,39.03,39.27,38.95,39.11,39.11,7563755
2025-09-03,40.32,40.91,40.04,40.48,40.48,4498954
2025-09-04,40.25,40.37,39.79,40.08,40.08,11583009
2025-09-05,40.27,40.45,40.09,40.27,40.27,3452582
2025-09-08,39.65,39.86,39.4,39.63,39.63,4975023
2025-09-09,40.38,40.58,40.06,40.32,40.32,3377742
2025-09-10,40.12,40.27,39.86,40.07,40.07,3808646
2025-09-11,41.18,41.29,40.76,41.03,41.03,3307609
2025-09-12,40.27,40.48,39.86,40.17,40.17,4859085
2025-09-15,39.46,39.84,39.33,39.59,39.59,10904372
2025-09-16,40.7,41.22,40.35,40.79,40.79,2879767
2025-09-17,40.14,40.31,39.9,40.11,40.11,4700108
2025-09-18,39.88,40.41,39.47,39.94,39.94,5494413
2025-09-19,38.88,39.15,38.6,38.87,38.87,12292729
2025-09-22,39.77,39.91,39.34,39.63,39.63,4375527
2025-09-23,39.66,39.84,39.19,39.51,39.51,6073036
2025-09-24,39.41,39.64,39.01,39.33,39.33,4323975
2025-09-25,39.42,39.56,38.85,39.21,39.21,7499217
2025-09-26,38.85,39.14,38.55,38.85,38.85,4376950
2025-09-29,37.57,38.12,37.41,37.76,37.76,5838058
2025-09-30,37.43,37.66,37.16,37.41,37.41,5068973
2025-10-01,37.69,37.97,37.49,37.73,37.73,3088024
2025-10-02,38.73,39.16,38.4,38.78,38.78,6196597
2025-10-03,38.0,38.15,37.47,37.81,37.81,10911724
2025-10-06,38.8,38.98,38.56,38.77,38.77,6922198
2025-10-07,38.9,39.64,38.67,39.15,39.15,3648630
2025-10-08,38.53,38.77,38.37,38.57,38.57,3597475
2025-10-09,39.1,39.2,38.74,38.97,38.97,4791232
2025-10-10,38.73,38.85,38.46,38.65,38.65,8163241
2025-10-13,38.42,38.82,37.82,38.32,38.32,1802183
2025-10-14,38.58,39.12,38.17,38.64,38.64,4735587
2025-10-15,38.34,38.87,38.17,38.52,38.52,8018928
2025-10-16,38.71,38.96,38.25,38.61,38.61,3643428
2025-10-17,37.67,37.76,37.53,37.65,37.65,4362803
2025-10-20,36.71,37.01,36.38,36.69,36.69,4493581
2025-10-21,37.04,37.51,36.67,37.09,37.09,2439271
2025-10-22,36.17,36.56,35.75,36.16,36.16,3693217
2025-10-23,35.38,35.66,35.15,35.41,35.41,4687114
2025-10-24,35.48,35.73,35.21,35.47,35.47,4476576
2025-10-27,35.45,35.6,35.22,35.41,35.41,7977483
2025-10-28,36.9,37.19,36.48,36.84,36.84,7430626
2025-10-29,37.77,38.05,37.4,37.73,37.73,6925934
2025-10-30,37.44,37.69,37.34,37.52,37.52,7315428
2025-10-31,38.27,38.62,37.79,38.21,38.21,8251317
2025-11-03,37.8,37.94,37.76,37.85,37.85,6241196
2025-11-04,37.77,38.05,37.44,37.74,37.74,3240514
2025-11-05,38.2,38.36,37.79,38.07,38.07,5597056
2025-11-06,38.49,38.69,38.09,38.39,38.39,6781102
2025-11-07,38.35,38.57,38.07,38.32,38.32,3355243
2025-11-10,37.84,38.18,37.65,37.92,37.92,7400472
2025-11-11,39.01,39.19,38.68,38.93,38.93,8529826
2025-11-12,39.16,39.65,38.99,39.32,39.32,7107671
2025-11-13,39.04,39.24,38.58,38.91,38.91,7291743
2025-11-14,39.58,40.19,39.42,39.81,39.81,3988504
2025-11-17,40.83,41.52,40.18,40.85,40.85,6174915
2025-11-18,41.79,42.5,41.58,42.04,42.04,2887903
2025-11-19,42.03,42.53,41.65,42.09,42.09,8194402
2025-11-20,42.32,42.81,41.73,42.27,42.27,5591865
2025-11-21,43.2,43.42,42.8,43.11,43.11,6871651
2025-11-24,43.3,43.74,42.91,43.33,43.33,6210818
2025-11-25,43.35,43.75,42.66,43.21,43.21,6111356
2025-11-26,43.4,43.9,43.19,43.54,43.54,8961173
2025-11-27,42.5,42.81,42.11,42.46,42.46,3895282
2025-11-28,43.05,43.73,42.64,43.19,43.19,2602019
2025-12-01,43.86,44.26,42.97,43.61,43.61,5164572
2025-12-02,43.48,43.59,43.24,43.41,43.41,6378277
2025-12-03,42.97,43.23,42.72,42.98,42.98,8031872
2025-12-04,42.67,43.19,42.37,42.78,42.78,12886745
2025-12-05,44.39,44.63,44.32,44.48,44.48,10592932
2025-12-08,45.41,46.01,45.22,45.62,45.62,7918208
2025-12-09,45.16,45.65,44.88,45.26,45.26,5337613
2025-12-10,44.89,45.24,44.45,44.85,44.85,3604798
2025-12-11,45.9,46.54,45.26,45.9,45.9,7234403
2025-12-12,43.98,44.61,43.53,44.07,44.07,4356100
2025-12-15,43.05,43.87,42.67,43.27,43.27,2237432
2025-12-16,44.35,44.81,44.16,44.49,44.49,5659529
2025-12-17,44.61,45.19,44.46,44.82,44.82,3104784
2025-12-18,43.86,44.68,43.65,44.16,44.16,6107576
2025-12-19,44.81,45.59,44.48,45.03,45.03,4886534
2025-12-22,44.62,45.08,44.22,44.65,44.65,5867070
2025-12-23,44.85,45.51,44.54,45.02,45.02,9656935
2025-12-24,46.05,46.31,45.32,45.82,45.82,2880680
2025-12-25,44.85,45.1,44.65,44.88,44.88,6144751
2025-12-26,44.97,45.32,44.67,44.99,44.99,5295144
2025-12-29,45.93,46.15,45.48,45.82,45.82,9762444
2025-12-30,45.77,46.13,45.5,45.81,45.81,5996596
2025-12-31,45.85,46.09,45.28,45.69,45.69,4108890
2026-01-01,45.67,45.94,45.08,45.51,45.51,4611046
2026-01-02,45.86,46.2,45.41,45.81,45.81,6762452
2026-01-05,45.21,45.47,44.8,45.13,45.13,2526491
2026-01-06,45.29,45.63,45.17,45.4,45.4,7288731
2026-01-07,45.81,46.08,45.31,45.7,45.7,3567014
2026-01-08,45.31,45.56,44.89,45.22,45.22,2683298
2026-01-09,44.87,45.54,44.63,45.08,45.08,9071093
2026-01-12,43.76,43.92,43.66,43.79,43.79,9021618
2026-01-13,44.25,44.41,43.94,44.18,44.18,5983058
2026-01-14,44.78,45.24,44.59,44.92,44.92,2856329
2026-01-15,43.97,44.1,43.6,43.85,43.85,6654459
2026-01-16,43.01,43.35,42.42,42.89,42.89,9724887
2026-01-19,43.14,43.42,42.7,43.06,43.06,3737870
2026-01-20,42.31,42.73,42.04,42.38,42.38,5706915
2026-01-21,42.36,42.87,41.88,42.37,42.37,10695090
2026-01-22,41.27,41.66,40.91,41.28,41.28,3512404
2026-01-23,41.41,41.7,41.16,41.43,41.43,8790416
2026-01-26,42.49,42.79,41.98,42.39,42.39,3928415
2026-01-27,43.58,43.92,43.25,43.58,43.58,3567426
2026-01-28,44.63,45.2,44.37,44.78,44.78,5311025
2026-01-29,45.24,45.52,44.93,45.23,45.23,4296288
2026-01-30,43.47,44.08,43.23,43.65,43.65,4030251
2026-02-02,43.65,44.04,43.33,43.69,43.69,7972008
2026-02-03,43.46,43.66,43.35,43.51,43.51,2363914
2026-02-04,43.38,43.66,42.8,43.23,43.23,7200405
2026-02-05,42.84,43.52,42.56,43.04,43.04,3458089
2026-02-06,43.56,43.92,43.32,43.62,43.62,8345981
2026-02-09,43.5,44.09,42.89,43.49,43.49,5160419
2026-02-10,42.25,42.56,41.98,42.27,42.27,8744432
2026-02-11,43.17,43.34,42.81,43.07,43.07,3562137
2026-02-12,42.88,43.27,42.59,42.93,42.93,2876192
2026-02-13,43.72,44.11,43.44,43.78,43.78,3683454
2026-02-16,43.13,43.71,42.83,43.27,43.27,5945559
2026-02-17,43.04,43.27,42.82,43.05,43.05,6238625
2026-02-18,43.5,44.02,43.03,43.52,43.52,4803343
2026-02-19,44.58,44.91,44.1,44.51,44.51,8720893
2026-02-20,45.24,45.5,44.95,45.23,45.23,4094732
2026-02-23,46.12,46.44,45.79,46.12,46.12,7301658
2026-02-24,44.99,45.56,44.72,45.14,45.14,5258619
2026-02-25,45.57,45.75,45.19,45.47,45.47,4395862
2026-02-26,44.39,44.75,43.75,44.25,44.25,6903221
2026-02-27,43.81,44.21,43.1,43.66,43.66,3868375
2026-03-02,43.42,43.49,43.16,43.32,43.32,4578497
2026-03-03,43.28,43.98,43.02,43.5,43.5,6948351
2026-03-04,42.82,43.15,42.52,42.83,42.83,4469321
2026-03-05,42.32,42.69,41.82,42.26,42.26,4377337
2026-03-06,40.63,41.32,40.4,40.86,40.86,1516085
2026-03-09,39.33,39.84,39.02,39.43,39.43,5446063
2026-03-10,40.28,40.88,39.76,40.32,40.32,4590414
2026-03-11,40.43,40.99,40.09,40.54,40.54,6103639
2026-03-12,39.34,39.68,39.07,39.37,39.37,9084519
2026-03-13,38.69,38.96,38.27,38.62,38.62,6159423
2026-03-16,37.99,38.01,37.98,37.99,37.99,5005572
2026-03-17,38.89,39.44,38.7,39.07,39.07,4526064
2026-03-18,40.01,40.5,39.73,40.12,40.12,5407933
2026-03-19,40.39,40.79,40.19,40.49,40.49,2786011
2026-03-20,40.06,40.1,39.94,40.02,40.02,4240659
2026-03-23,40.9,41.39,40.73,41.06,41.06,4441563
2026-03-24,40.61,40.93,39.92,40.43,40.43,7646252
2026-03-25,41.78,42.12,41.02,41.57,41.57,5855072
2026-03-26,41.21,41.42,40.95,41.18,41.18,7598205
2026-03-27,41.59,42.1,41.14,41.62,41.62,6913459
2026-03-30,41.57,41.85,41.18,41.51,41.51,8164510
2026-03-31,42.54,42.83,42.14,42.49,42.49,6183875
2026-04-01,42.03,42.13,41.84,41.99,41.99,8430295
2026-04-02,42.45,43.02,42.15,42.59,42.59,6017985
2026-04-03,43.26,43.64,42.64,43.14,43.14,8771935
2026-04-06,43.64,43.99,43.54,43.76,43.76,4684439
2026-04-07,43.23,43.9,43.03,43.46,43.46,6655281
2026-04-08,42.02,42.6,41.4,42.0,42.0,2041142
2026-04-09,43.5,43.82,42.91,43.36,43.36,6464353
2026-04-10,43.72,44.02,43.33,43.68,43.68,6899340
2026-04-13,44.26,44.78,43.55,44.16,44.16,2599859
2026-04-14,44.02,44.49,43.8,44.14,44.14,3658425
2026-04-15,44.19,44.48,43.91,44.19,44.19,10652133
2026-04-16,43.55,43.62,43.4,43.51,43.51,5544927
2026-04-17,42.91,43.37,42.58,42.98,42.98,4316985
2026-04-20,42.4,42.86,42.03,42.44,42.44,5700855
2026-04-21,43.25,43.79,42.97,43.38,43.38,7061226
2026-04-22,42.65,42.73,42.59,42.66,42.66,3476469
2026-04-23,41.78,42.07,41.19,41.63,41.63,5557935
2026-04-24,41.4,41.59,41.25,41.42,41.42,7926385
2026-04-27,42.21,42.82,41.95,42.38,42.38,5969330
2026-04-28,42.86,43.16,42.12,42.64,42.64,3995658
2026-04-29,42.66,43.2,42.12,42.66,42.66,8138913
2026-04-30,43.78,43.95,43.23,43.59,43.59,5228906
2026-05-01,42.45,42.5,42.26,42.38,42.38,8632428
2026-05-04,43.06,43.4,42.48,42.94,42.94,5209201
2026-05-05,41.95,42.27,41.31,41.79,41.79,8668872
2026-05-06,42.84,43.13,42.46,42.79,42.79,2198624
2026-05-07,42.43,43.04,42.04,42.54,42.54,5050011
2026-05-08,43.29,43.58,42.82,43.2,43.2,7116891
2026-05-11,43.04,43.47,42.91,43.19,43.19,9881580
2026-05-12,42.81,43.39,42.41,42.9,42.9,5157333
2026-05-13,41.75,42.08,41.57,41.83,41.83,4889725
2026-05-14,41.68,42.2,41.48,41.84,41.84,3502930
2026-05-15,40.73,41.08,40.43,40.76,40.76,5924675
2026-05-18,40.4,40.78,40.05,40.41,40.41,6140522
2026-05-19,39.48,40.0,39.24,39.62,39.62,6863950
2026-05-20,40.17,40.41,39.82,40.12,40.12,5450747
2026-05-21,39.47,40.0,39.32,39.66,39.66,4193155
2026-05-22,39.96,40.23,39.36,39.8,39.8,3384524
2026-05-25,40.28,40.73,40.05,40.39,40.39,5114121
2026-05-26,40.52,40.91,40.12,40.52,40.52,4585988
2026-05-27,38.81,38.97,38.77,38.87,38.87,8403178
2026-05-28,39.34,39.67,38.94,39.3,39.3,7272820
2026-05-29,39.42,39.84,39.29,39.57,39.57,3890707
2026-06-01,39.47,39.62,39.17,39.39,39.39,8242035
2026-06-02,38.99,39.19,38.67,38.93,38.93,2907779
2026-06-03,38.48,38.61,38.23,38.42,38.42,6302844
2026-06-04,37.4,37.78,37.21,37.49,37.49,4244868
2026-06-05,38.5,38.7,38.2,38.45,38.45,11074511
2026-06-08,37.9,38.11,37.31,37.71,37.71,8924214
2026-06-09,38.07,38.44,37.91,38.17,38.17,7470823
2026-06-10,38.89,39.26,38.31,38.79,38.79,5854021
2026-06-11,39.45,39.83,39.27,39.55,39.55,5828367
2026-06-12,40.23,40.54,39.72,40.13,40.13,3505379
2026-06-15,39.52,39.87,39.35,39.61,39.61,4210379
2026-06-16,41.53,41.67,41.18,41.42,41.42,4507040
2026-06-17,40.63,40.92,40.54,40.73,40.73,5305675
2026-06-18,41.01,41.37,40.73,41.05,41.05,3005053
2026-06-19,41.31,41.51,41.16,41.33,41.33,4909094
2026-06-22,42.11,42.45,41.76,42.1,42.1,9101061
2026-06-23,41.69,41.79,41.37,41.58,41.58,9302983
2026-06-24,41.83,42.14,41.62,41.88,41.88,5065005
2026-06-25,41.96,42.31,41.84,42.07,42.07,3704363
2026-06-26,42.52,42.72,41.93,42.32,42.32,4050158
2026-06-29,41.44,41.96,41.03,41.5,41.5,3775603
2026-06-30,40.99,41.32,40.88,41.1,41.1,4491983
2026-07-01,41.72,42.31,41.27,41.79,41.79,4415142
2026-07-02,42.33,42.46,42.22,42.34,42.34,6664543
2026-07-03,41.0,41.3,40.72,41.01,41.01,5263368
2026-07-06,42.14,42.5,41.44,41.97,41.97,10524949
2026-07-07,42.31,42.52,42.14,42.33,42.33,11296681
2026-07-08,41.92,42.05,41.75,41.9,41.9,10587767
2026-07-09,43.01,43.23,42.64,42.93,42.93,14227027
2026-07-10,42.26,42.97,42.03,42.5,42.5,5257076
2026-07-13,42.86,43.1,42.78,42.94,42.94,5712013
2026-07-14,43.56,43.7,43.25,43.48,43.48,4385756
2026-07-15,44.49,44.73,44.03,44.38,44.38,3955578
2026-07-16,43.9,44.67,43.62,44.14,44.14,9150021
2026-07-17,44.22,44.44,43.64,44.04,44.04,5022125
2026-07-20,44.09,44.69,43.83,44.26,44.26,3550679
2026-07-21,42.68,42.91,42.02,42.46,42.46,6905315
2026-07-22,41.75,42.24,41.43,41.84,41.84,11405659
2026-07-23,42.13,42.37,41.78,42.07,42.07,8410494
2026-07-24,42.45,42.85,42.09,42.47,42.47,6720784
2026-07-27,43.37,43.74,43.12,43.43,43.43,6379446
2026-07-28,43.42,43.74,43.28,43.51,43.51,3424253
2026-07-29,44.04,44.44,43.79,44.12,44.12,11179418
2026-07-30,43.52,43.6,43.32,43.46,43.46,2712633
2026-07-31,44.07,44.3,43.57,43.94,43.94,13809623
2026-08-03,44.04,44.35,43.49,43.92,43.92,5120535
2026-08-04,42.66,42.85,42.51,42.68,42.68,4867707
2026-08-05,43.16,43.45,43.06,43.26,43.26,4925331
2026-08-06,43.32,43.81,43.17,43.49,43.49,5199110
2026-08-07,44.01,44.21,43.77,43.99,43.99,5238674
2026-08-10,43.99,44.13,43.85,43.99,43.99,5650175
2026-08-11,44.2,44.44,43.52,43.98,43.98,8086388
2026-08-12,43.93,44.39,43.32,43.86,43.86,4730011
2026-08-13,43.14,43.69,42.46,43.08,43.08,5447147
2026-08-14,43.49,43.73,43.25,43.49,43.49,3524631
2026-08-17,43.74,43.83,43.41,43.62,43.62,4615864
2026-08-18,43.52,44.1,43.19,43.65,43.65,6242032
2026-08-19,43.11,43.36,42.96,43.16,43.16,3045994
2026-08-20,43.28,43.51,42.97,43.24,43.24,5690088
2026-08-21,43.13,43.68,42.83,43.26,43.26,6725802
2026-08-24,43.52,43.76,43.18,43.47,43.47,1829712
2026-08-25,44.15,44.65,43.9,44.27,44.27,5121694
2026-08-26,44.26,44.37,43.98,44.17,44.17,7380973
2026-08-27,43.13,43.47,43.04,43.26,43.26,1529979
2026-08-28,43.57,44.28,43.13,43.71,43.71,4550890
2026-08-31,43.83,44.58,43.58,44.08,44.08,8970866
2026-09-01,44.24,44.54,44.06,44.3,44.3,5337617
2026-09-02,44.23,44.81,43.83,44.32,44.32,3251015
2026-09-03,44.96,45.32,44.82,45.07,45.07,3446244
2026-09-04,46.54,46.85,45.89,46.37,46.37,4923228
2026-09-07,44.98,45.4,44.6,45.0,45.0,6372312
2026-09-08,45.59,45.92,45.31,45.61,45.61,4918548
2026-09-09,45.23,45.4,45.11,45.26,45.26,6682320
2026-09-10,45.41,45.61,44.85,45.23,45.23,8257158
2026-09-11,44.77,45.3,44.53,44.91,44.91,4510919
2026-09-14,44.73,45.24,44.55,44.9,44.9,11147371
2026-09-15,43.74,43.85,43.6,43.73,43.73,4082553
2026-09-16,44.02,44.46,43.69,44.07,44.07,5805282
2026-09-17,45.21,45.41,44.78,45.1,45.1,4376137
2026-09-18,44.45,45.05,44.27,44.66,44.66,6381282
2026-09-21,44.58,45.35,44.26,44.8,44.8,5182726
2026-09-22,44.46,45.05,44.16,44.61,44.61,8041549
2026-09-23,45.83,46.08,45.41,45.74,45.74,5231984
2026-09-24,46.11,46.54,45.83,46.19,46.19,7308925
2026-09-25,45.38,45.99,45.1,45.55,45.55,2390544
2026-09-28,45.12,45.42,44.82,45.12,45.12,7128498
2026-09-29,44.72,45.45,44.47,44.96,44.96,8781121
2026-09-30,46.06,46.39,45.63,46.01,46.01,4517371
2026-10-01,45.6,46.12,45.35,45.73,45.73,24788741
2026-10-02,45.68,46.25,45.48,45.86,45.86,5203881
2026-10-05,46.44,47.02,46.11,46.56,46.56,6900419
2026-10-06,46.73,47.02,46.6,46.81,46.81,5921764
2026-10-07,46.35,47.04,45.91,46.48,46.48,6681068
2026-10-08,46.8,47.14,46.46,46.8,46.8,4193741
2026-10-09,46.96,47.08,46.92,47.0,47.0,4599037
2026-10-12,47.61,48.22,47.2,47.71,47.71,6100084
2026-10-13,47.19,47.59,46.92,47.25,47.25,13717974
2026-10-14,47.71,48.18,47.52,47.85,47.85,8507730
2026-10-15,46.37,46.67,46.27,46.47,46.47,3707155
2026-10-16,47.21,47.3,47.11,47.2,47.2,6374958
2026-10-19,47.23,47.29,47.2,47.25,47.25,7161756
2026-10-20,47.08,47.63,46.62,47.13,47.13,5250659
2026-10-21,47.39,47.6,47.29,47.45,47.45,6039971
2026-10-22,47.46,48.27,47.09,47.68,47.68,4299789
2026-10-23,46.92,47.15,46.82,46.98,46.98,3545222
2026-10-26,47.4,47.8,46.98,47.39,47.39,4290416
2026-10-27,47.95,48.16,47.4,47.78,47.78,3395400
2026-10-28,47.9,48.39,47.76,48.07,48.07,4720427
2026-10-29,48.13,48.92,47.91,48.42,48.42,3637740
2026-10-30,47.92,48.28,47.61,47.95,47.95,7173709
2026-11-02,47.75,47.97,47.52,47.75,47.75,6816245
2026-11-03,47.82,48.37,46.94,47.66,47.66,3826237
2026-11-04,48.22,48.74,47.9,48.32,48.32,5640062
2026-11-05,48.09,48.27,48.04,48.15,48.15,4798943
2026-11-06,47.55,48.08,47.3,47.69,47.69,2566692
2026-11-09,49.37,49.77,49.13,49.45,49.45,3084617
2026-11-10,50.04,50.25,49.27,49.76,49.76,5447841
2026-11-11,49.34,49.52,49.03,49.28,49.28,4348462
2026-11-12,49.3,49.71,48.09,48.9,48.9,10120402
2026-11-13,47.9,48.82,47.43,48.13,48.13,6245954
2026-11-16,50.04,50.44,49.44,49.94,49.94,2604798
2026-11-17,50.63,51.02,50.52,50.77,50.77,5891498
2026-11-18,50.57,51.16,50.24,50.7,50.7,10855624
2026-11-19,51.72,52.0,51.24,51.62,51.62,9122252
2026-11-20,49.7,50.19,49.28,49.73,49.73,7973647
2026-11-23,49.52,50.16,49.25,49.7,49.7,7946738
2026-11-24,49.51,49.93,48.63,49.28,49.28,6334313
2026-11-25,50.09,50.49,49.78,50.14,50.14,8369716
2026-11-26,49.39,49.63,49.21,49.42,49.42,15094828
2026-11-27,50.71,51.04,50.33,50.68,50.68,5079165
2026-11-30,49.66,50.0,49.55,49.78,49.78,6139355
2026-12-01,50.02,50.2,49.71,49.95,49.95,5809595
2026-12-02,48.17,48.39,48.09,48.24,48.24,3030678
2026-12-03,48.61,48.93,48.0,48.46,48.46,9486405
2026-12-04,49.81,50.32,49.44,49.88,49.88,4697153
2026-12-07,49.3,49.69,49.05,49.37,49.37,5949655
2026-12-08,47.64,48.27,47.4,47.84,47.84,4676755
2026-12-09,46.59,47.51,46.35,46.93,46.93,6124428
2026-12-10,46.76,47.08,46.67,46.88,46.88,5172528
2026-12-11,47.26,47.56,46.93,47.24,47.24,4103078
2026-12-14,46.09,46.55,45.75,46.15,46.15,5469005
2026-12-15,47.28,47.53,47.09,47.31,47.31,4686317
2026-12-16,46.77,47.55,46.15,46.85,46.85,4068168
2026-12-17,48.5,48.74,48.14,48.44,48.44,4043826
2026-12-18,48.08,48.42,47.77,48.1,48.1,7017366
2026-12-21,48.16,48.69,47.83,48.26,48.26,3348094
2026-12-22,47.7,48.18,47.37,47.77,47.77,4190306
2026-12-23,46.77,47.29,46.22,46.75,46.75,7408733
2026-12-24,47.4,47.79,47.25,47.52,47.52,5044934
2026-12-25,46.31,46.47,45.95,46.21,46.21,7326551
2026-12-28,47.48,47.72,47.09,47.4,47.4,6814129
2026-12-29,46.46,46.59,46.4,46.5,46.5,2443414
2026-12-30,45.59,45.73,45.28,45.51,45.51,2560956
2026-12-31,45.64,45.87,44.88,45.37,45.37,7875584
