,Open,High,Low,Close,Adj Close,Volume
2000-01-03,4.76,4.79,4.72,4.76,4.76,9031356
2000-01-04,4.73,4.76,4.69,4.73,4.73,2887396
2000-01-05,4.77,4.81,4.73,4.77,4.77,3618992
2000-01-06,4.86,4.9,4.82,4.86,4.86,9226784
2000-01-07,4.83,4.87,4.79,4.83,4.83,2328876
2000-01-10,4.87,4.91,4.83,4.87,4.87,3430236
2000-01-11,4.81,4.85,4.77,4.81,4.81,3546762
2000-01-12,4.72,4.76,4.68,4.72,4.72,5038534
2000-01-13,4.73,4.77,4.69,4.73,4.73,9063112
2000-01-14,4.76,4.8,4.72,4.76,4.76,4326458
2000-01-17,4.8,4.84,4.76,4.8,4.8,4916726
2000-01-18,4.78,4.81,4.74,4.78,4.78,6490075
2000-01-19,4.73,4.76,4.69,4.73,4.73,7199294
2000-01-20,4.7,4.74,4.66,4.7,4.7,5454827
2000-01-21,4.61,4.65,4.58,4.61,4.61,5090155
2000-01-24,4.65,4.69,4.61,4.65,4.65,5286193
2000-01-25,4.64,4.67,4.6,4.64,4.64,2382865
2000-01-26,4.6,4.64,4.57,4.6,4.6,15122229
2000-01-27,4.66,4.7,4.62,4.66,4.66,5208245
2000-01-28,4.76,4.8,4.73,4.76,4.76,8255372
2000-01-31,4.7,4.74,4.67,4.7,4.7,2968371
2000-02-01,4.75,4.79,4.72,4.75,4.75,3898506
2000-02-02,4.85,4.89,4.81,4.85,4.85,3801208
2000-02-03,4.96,5.0,4.92,4.96,4.96,5805298
2000-02-04,5.02,5.06,4.98,5.02,5.02,5920341
2000-02-07,4.98,5.02,4.94,4.98,4.98,5274016
2000-02-08,4.91,4.95,4.87,4.91,4.91,3086921
2000-02-09,5.04,5.08,5.0,5.04,5.04,3192880
2000-02-10,5.04,5.08,5.0,5.04,5.04,7731916
2000-02-11,5.08,5.12,5.04,5.08,5.08,3146526
2000-02-14,5.07,5.11,5.03,5.07,5.07,3488256
2000-02-15,4.97,5.01,4.93,4.97,4.97,4801245
2000-02-16,4.98,5.02,4.94,4.98,4.98,7570313
2000-02-17,4.98,5.02,4.94,4.98,4.98,5368052
2000-02-18,5.12,5.16,5.08,5.12,5.12,7284735
2000-02-21,5.13,5.17,5.09,5.13,5.13,4941227
2000-02-22,5.05,5.09,5.01,5.05,5.05,4217729
2000-02-23,5.04,5.08,5.0,5.04,5.04,12897448
2000-02-24,5.19,5.23,5.15,5.19,5.19,5110117
2000-02-25,5.39,5.43,5.35,5.39,5.39,6202899
2000-02-28,5.34,5.38,5.3,5.34,5.34,8483732
2000-02-29,5.43,5.47,5.38,5.43,5.43,5099541
2000-03-01,5.47,5.51,5.42,5.47,5.47,8176355
2000-03-02,5.48,5.52,5.43,5.48,5.48,7519801
2000-03-03,5.44,5.48,5.4,5.44,5.44,5026713
2000-03-06,5.36,5.4,5.32,5.36,5.36,13045516
2000-03-07,5.25,5.3,5.21,5.25,5.25,2547251
2000-03-08,5.28,5.33,5.24,5.28,5.28,5175751
2000-03-09,5.29,5.33,5.25,5.29,5.29,5160554
2000-03-10,5.25,5.29,5.21,5.25,5.25,5464442
2000-03-13,5.3,5.34,5.26,5.3,5.3,11682855
2000-03-14,5.29,5.33,5.24,5.29,5.29,9526851
2000-03-15,5.16,5.2,5.12,5.16,5.16,3350588
2000-03-16,5.14,5.18,5.1,5.14,5.14,7466109
2000-03-17,5.14,5.18,5.1,5.14,5.14,9942038
2000-03-20,5.03,5.07,4.99,5.03,5.03,3977261
2000-03-21,4.98,5.02,4.94,4.98,4.98,3608124
2000-03-22,4.88,4.92,4.84,4.88,4.88,7264213
2000-03-23,4.74,4.78,4.7,4.74,4.74,2927575
2000-03-24,4.77,4.81,4.73,4.77,4.77,3784469
2000-03-27,4.71,4.75,4.68,4.71,4.71,6720148
2000-03-28,4.71,4.74,4.67,4.71,4.71,9350673
2000-03-29,4.79,4.83,4.76,4.79,4.79,2020175
2000-03-30,4.7,4.74,4.66,4.7,4.7,4647088
2000-03-31,4.7,4.74,4.66,4.7,4.7,2626444
2000-04-03,4.73,4.77,4.69,4.73,4.73,5612171
2000-04-04,4.76,4.79,4.72,4.76,4.76,6185210
2000-04-05,4.79,4.83,4.75,4.79,4.79,4582525
2000-04-06,4.88,4.92,4.84,4.88,4.88,3378879
2000-04-07,4.85,4.89,4.81,4.85,4.85,5021339
2000-04-10,4.78,4.81,4.74,4.78,4.78,6386674
2000-04-11,4.84,4.88,4.8,4.84,4.84,4465575
2000-04-12,4.95,4.99,4.91,4.95,4.95,18503432
2000-04-13,4.93,4.96,4.89,4.93,4.93,7611286
2000-04-14,4.93,4.97,4.89,4.93,4.93,6099531
2000-04-17,4.88,4.92,4.84,4.88,4.88,4789745
2000-04-18,4.85,4.89,4.81,4.85,4.85,3771214
2000-04-19,4.79,4.83,4.75,4.79,4.79,5657716
2000-04-20,4.68,4.72,4.65,4.68,4.68,6240042
2000-04-21,4.62,4.66,4.58,4.62,4.62,19245073
2000-04-24,4.62,4.65,4.58,4.62,4.62,2739289
2000-04-25,4.58,4.62,4.55,4.58,4.58,4141699
2000-04-26,4.57,4.6,4.53,4.57,4.57,5336143
2000-04-27,4.51,4.55,4.48,4.51,4.51,6949476
2000-04-28,4.54,4.57,4.5,4.54,4.54,3359294
2000-05-01,4.54,4.58,4.51,4.54,4.54,5718043
2000-05-02,4.55,4.59,4.52,4.55,4.55,4973526
2000-05-03,4.5,4.54,4.47,4.5,4.5,5852839
2000-05-04,4.42,4.46,4.39,4.42,4.42,5981115
2000-05-05,4.44,4.47,4.4,4.44,4.44,7671069
2000-05-08,4.36,4.4,4.33,4.36,4.36,5859361
2000-05-09,4.39,4.42,4.35,4.39,4.39,6866835
2000-05-10,4.37,4.41,4.34,4.37,4.37,11708540
2000-05-11,4.31,4.34,4.27,4.31,4.31,4960063
2000-05-12,4.28,4.31,4.24,4.28,4.28,7976760
2000-05-15,4.27,4.3,4.23,4.27,4.27,3138066
2000-05-16,4.18,4.21,4.15,4.18,4.18,9358510
2000-05-17,4.16,4.19,4.12,4.16,4.16,5701122
2000-05-18,4.08,4.11,4.04,4.08,4.08,2372397
2000-05-19,3.97,4.0,3.94,3.97,3.97,4912662
2000-05-22,3.93,3.96,3.9,3.93,3.93,4858449
2000-05-23,3.89,3.92,3.86,3.89,3.89,5224057
2000-05-24,3.81,3.84,3.78,3.81,3.81,7097398
2000-05-25,3.89,3.92,3.86,3.89,3.89,4634371
2000-05-26,3.92,3.95,3.89,3.92,3.92,5490387
2000-05-29,3.86,3.89,3.83,3.86,3.86,8829586
2000-05-30,3.94,3.97,3.9,3.94,3.94,7356570
2000-05-31,3.9,3.93,3.87,3.9,3.9,5473552
2000-06-01,3.93,3.96,3.9,3.93,3.93,5439345
2000-06-02,3.93,3.96,3.9,3.93,3.93,4508161
2000-06-05,3.85,3.88,3.82,3.85,3.85,3843681
2000-06-06,3.88,3.91,3.85,3.88,3.88,9590744
2000-06-07,3.88,3.91,3.85,3.88,3.88,5829118
2000-06-08,3.85,3.88,3.82,3.85,3.85,3837268
2000-06-09,3.85,3.88,3.82,3.85,3.85,7356204
2000-06-12,3.85,3.88,3.82,3.85,3.85,9764219
2000-06-13,3.86,3.89,3.83,3.86,3.86,3562529
2000-06-14,3.88,3.92,3.85,3.88,3.88,6733552
2000-06-15,3.93,3.96,3.9,3.93,3.93,11676528
2000-06-16,3.9,3.93,3.87,3.9,3.9,6428437
2000-06-19,4.0,4.03,3.96,4.0,4.0,4920106
2000-06-20,3.97,4.0,3.94,3.97,3.97,6014178
2000-06-21,3.92,3.95,3.89,3.92,3.92,6580900
2000-06-22,4.05,4.08,4.01,4.05,4.05,4792010
2000-06-23,4.08,4.12,4.05,4.08,4.08,4531411
2000-06-26,4.12,4.16,4.09,4.12,4.12,3796127
2000-06-27,4.11,4.15,4.08,4.11,4.11,5304804
2000-06-28,4.09,4.13,4.06,4.09,4.09,5194695
2000-06-29,4.16,4.2,4.13,4.16,4.16,5675489
2000-06-30,4.26,4.29,4.22,4.26,4.26,5893412
2000-07-03,4.14,4.17,4.11,4.14,4.14,2668583
2000-07-04,4.22,4.25,4.19,4.22,4.22,4830797
2000-07-05,4.21,4.24,4.18,4.21,4.21,7709685
2000-07-06,4.25,4.29,4.22,4.25,4.25,7051626
2000-07-07,4.19,4.23,4.16,4.19,4.19,8435996
2000-07-10,4.18,4.21,4.14,4.18,4.18,4899478
2000-07-11,4.33,4.36,4.29,4.33,4.33,3303209
2000-07-12,4.35,4.38,4.31,4.35,4.35,4549131
2000-07-13,4.33,4.36,4.29,4.33,4.33,11019239
2000-07-14,4.19,4.23,4.16,4.19,4.19,5843173
2000-07-17,4.12,4.15,4.08,4.12,4.12,4398829
2000-07-18,4.17,4.2,4.13,4.17,4.17,3696593
2000-07-19,4.26,4.29,4.22,4.26,4.26,8107417
2000-07-20,4.27,4.3,4.23,4.27,4.27,5247999
2000-07-21,4.23,4.26,4.19,4.23,4.23,8532543
2000-07-24,4.18,4.21,4.15,4.18,4.18,2847953
2000-07-25,4.21,4.24,4.17,4.21,4.21,6880329
2000-07-26,4.33,4.37,4.3,4.33,4.33,5046084
2000-07-27,4.36,4.39,4.32,4.36,4.36,5687564
2000-07-28,4.33,4.36,4.3,4.33,4.33,7570394
2000-07-31,4.37,4.41,4.34,4.37,4.37,4795801
2000-08-01,4.38,4.41,4.34,4.38,4.38,4831617
2000-08-02,4.26,4.3,4.23,4.26,4.26,5170954
2000-08-03,4.29,4.32,4.25,4.29,4.29,5192421
2000-08-04,4.21,4.24,4.18,4.21,4.21,8372196
2000-08-07,4.28,4.31,4.24,4.28,4.28,8326910
2000-08-08,4.31,4.35,4.28,4.31,4.31,3521634
2000-08-09,4.33,4.36,4.29,4.33,4.33,2345936
2000-08-10,4.3,4.34,4.27,4.3,4.3,10092118
2000-08-11,4.16,4.2,4.13,4.16,4.16,5338178
2000-08-14,4.22,4.25,4.18,4.22,4.22,5103099
2000-08-15,4.35,4.38,4.31,4.35,4.35,6250588
2000-08-16,4.26,4.3,4.23,4.26,4.26,8557361
2000-08-17,4.32,4.35,4.28,4.32,4.32,2932240
2000-08-18,4.28,4.32,4.25,4.28,4.28,3046789
2000-08-21,4.22,4.25,4.18,4.22,4.22,2591670
2000-08-22,4.13,4.16,4.1,4.13,4.13,2659706
2000-08-23,4.09,4.12,4.05,4.09,4.09,10459431
2000-08-24,4.11,4.15,4.08,4.11,4.11,6911175
2000-08-25,4.13,4.17,4.1,4.13,4.13,4632248
2000-08-28,4.13,4.16,4.09,4.13,4.13,6061583
2000-08-29,4.1,4.13,4.06,4.1,4.1,3733790
2000-08-30,4.0,4.03,3.97,4.0,4.0,5839387
2000-08-31,3.98,4.02,3.95,3.98,3.98,4833251
2000-09-01,3.96,3.99,3.93,3.96,3.96,7237539
2000-09-04,3.94,3.98,3.91,3.94,3.94,6407136
2000-09-05,3.94,3.98,3.91,3.94,3.94,6988624
2000-09-06,3.93,3.97,3.9,3.93,3.93,5626645
2000-09-07,3.91,3.95,3.88,3.91,3.91,5675954
2000-09-08,3.81,3.84,3.78,3.81,3.81,4022566
2000-09-11,3.88,3.91,3.85,3.88,3.88,5874103
2000-09-12,3.96,3.99,3.93,3.96,3.96,2272507
2000-09-13,3.99,4.02,3.96,3.99,3.99,5965018
2000-09-14,4.0,4.04,3.97,4.0,4.0,5378570
2000-09-15,4.05,4.08,4.02,4.05,4.05,7431142
2000-09-18,4.16,4.2,4.13,4.16,4.16,5487303
2000-09-19,4.1,4.14,4.07,4.1,4.1,11478790
2000-09-20,4.07,4.11,4.04,4.07,4.07,7744677
2000-09-21,4.1,4.13,4.06,4.1,4.1,6015876
2000-09-22,3.99,4.02,3.96,3.99,3.99,4526001
2000-09-25,4.02,4.05,3.99,4.02,4.02,1745357
2000-09-26,3.98,4.01,3.95,3.98,3.98,5570312
2000-09-27,4.02,4.05,3.99,4.02,4.02,6621531
2000-09-28,3.99,4.02,3.95,3.99,3.99,6908829
2000-09-29,3.95,3.99,3.92,3.95,3.95,6941114
2000-10-02,3.95,3.98,3.91,3.95,3.95,4332810
2000-10-03,4.02,4.06,3.99,4.02,4.02,6900515
2000-10-04,3.98,4.01,3.95,3.98,3.98,3726551
2000-10-05,3.96,3.99,3.93,3.96,3.96,2998729
2000-10-06,3.94,3.97,3.9,3.94,3.94,10589894
2000-10-09,3.98,4.01,3.94,3.98,3.98,8667744
2000-10-10,3.97,4.0,3.94,3.97,3.97,7475814
2000-10-11,4.01,4.04,3.98,4.01,4.01,7707557
2000-10-12,4.15,4.18,4.11,4.15,4.15,6795366
2000-10-13,4.13,4.16,4.09,4.13,4.13,3879374
2000-10-16,4.07,4.1,4.04,4.07,4.07,7880568
2000-10-17,4.11,4.14,4.07,4.11,4.11,9964935
2000-10-18,4.14,4.18,4.11,4.14,4.14,4018872
2000-10-19,4.07,4.1,4.04,4.07,4.07,9959342
2000-10-20,3.99,4.02,3.96,3.99,3.99,5321598
2000-10-23,4.02,4.05,3.98,4.02,4.02,7293747
2000-10-24,4.03,4.06,4.0,4.03,4.03,5671872
2000-10-25,4.11,4.14,4.07,4.11,4.11,5536261
2000-10-26,4.12,4.16,4.09,4.12,4.12,9513254
2000-10-27,4.15,4.18,4.11,4.15,4.15,8972034
2000-10-30,4.18,4.21,4.15,4.18,4.18,6777047
2000-10-31,4.05,4.09,4.02,4.05,4.05,3341965
2000-11-01,4.03,4.06,4.0,4.03,4.03,2042922
2000-11-02,3.97,4.0,3.93,3.97,3.97,4788391
2000-11-03,4.09,4.12,4.06,4.09,4.09,7501254
2000-11-06,3.98,4.01,3.95,3.98,3.98,3374327
2000-11-07,3.97,4.0,3.93,3.97,3.97,8117237
2000-11-08,3.97,4.0,3.94,3.97,3.97,5643786
2000-11-09,3.83,3.86,3.8,3.83,3.83,7880181
2000-11-10,3.95,3.98,3.92,3.95,3.95,7910430
2000-11-13,4.07,4.1,4.03,4.07,4.07,2111730
2000-11-14,4.07,4.1,4.04,4.07,4.07,3985774
2000-11-15,4.08,4.12,4.05,4.08,4.08,2457747
2000-11-16,4.12,4.16,4.09,4.12,4.12,3023161
2000-11-17,4.18,4.22,4.15,4.18,4.18,4042326
2000-11-20,4.14,4.18,4.11,4.14,4.14,5204156
2000-11-21,4.28,4.31,4.25,4.28,4.28,4644281
2000-11-22,4.28,4.31,4.24,4.28,4.28,4668170
2000-11-23,4.27,4.31,4.24,4.27,4.27,9478178
2000-11-24,4.35,4.39,4.32,4.35,4.35,7116381
2000-11-27,4.4,4.43,4.36,4.4,4.4,3379600
2000-11-28,4.35,4.39,4.32,4.35,4.35,4866408
2000-11-29,4.36,4.4,4.33,4.36,4.36,3201843
2000-11-30,4.41,4.45,4.38,4.41,4.41,3169727
2000-12-01,4.36,4.39,4.32,4.36,4.36,4747374
2000-12-04,4.33,4.37,4.3,4.33,4.33,3533398
2000-12-05,4.34,4.37,4.3,4.34,4.34,3739209
2000-12-06,4.3,4.33,4.27,4.3,4.3,7043597
2000-12-07,4.22,4.25,4.18,4.22,4.22,6849675
2000-12-08,4.14,4.18,4.11,4.14,4.14,7214331
2000-12-11,4.21,4.25,4.18,4.21,4.21,3767776
2000-12-12,4.2,4.24,4.17,4.2,4.2,3788254
2000-12-13,4.22,4.25,4.19,4.22,4.22,7551307
2000-12-14,4.19,4.22,4.15,4.19,4.19,5666762
2000-12-15,4.18,4.21,4.14,4.18,4.18,4756838
2000-12-18,4.24,4.27,4.21,4.24,4.24,7036810
2000-12-19,4.12,4.16,4.09,4.12,4.12,3080544
2000-12-20,4.18,4.21,4.14,4.18,4.18,3702830
2000-12-21,4.15,4.18,4.12,4.15,4.15,5796955
2000-12-22,4.18,4.21,4.14,4.18,4.18,6327903
2000-12-25,4.1,4.14,4.07,4.1,4.1,6321482
2000-12-26,4.13,4.16,4.09,4.13,4.13,7691940
2000-12-27,4.09,4.12,4.06,4.09,4.09,3810109
2000-12-28,4.09,4.12,4.06,4.09,4.09,11618476
2000-12-29,4.16,4.19,4.12,4.16,4.16,3135056
2001-01-01,4.17,4.2,4.13,4.17,4.17,4947929
2001-01-02,4.25,4.29,4.22,4.25,4.25,3865645
2001-01-03,4.33,4.37,4.3,4.33,4.33,5386830
2001-01-04,4.3,4.33,4.26,4.3,4.3,8306252
2001-01-05,4.27,4.31,4.24,4.27,4.27,6154886
2001-01-08,4.25,4.28,4.21,4.25,4.25,5922634
2001-01-09,4.34,4.37,4.3,4.34,4.34,5119861
2001-01-10,4.3,4.33,4.26,4.3,4.3,3512378
2001-01-11,4.32,4.36,4.29,4.32,4.32,8918018
2001-01-12,4.24,4.28,4.21,4.24,4.24,5042162
2001-01-15,4.29,4.33,4.26,4.29,4.29,7185523
2001-01-16,4.35,4.39,4.32,4.35,4.35,3802975
2001-01-17,4.37,4.41,4.34,4.37,4.37,5399273
2001-01-18,4.36,4.4,4.33,4.36,4.36,4876704
2001-01-19,4.36,4.39,4.32,4.36,4.36,4620826
2001-01-22,4.42,4.45,4.38,4.42,4.42,4907291
2001-01-23,4.32,4.35,4.29,4.32,4.32,3411732
2001-01-24,4.32,4.35,4.28,4.32,4.32,9799731
2001-01-25,4.37,4.4,4.33,4.37,4.37,4523732
2001-01-26,4.33,4.36,4.29,4.33,4.33,6107176
2001-01-29,4.33,4.36,4.29,4.33,4.33,3266431
2001-01-30,4.33,4.37,4.3,4.33,4.33,13646214
2001-01-31,4.34,4.37,4.3,4.34,4.34,3877254
2001-02-01,4.3,4.34,4.27,4.3,4.3,11258457
2001-02-02,4.32,4.35,4.29,4.32,4.32,2094852
2001-02-05,4.27,4.3,4.23,4.27,4.27,8728190
2001-02-06,4.2,4.24,4.17,4.2,4.2,6419902
2001-02-07,4.15,4.19,4.12,4.15,4.15,4433123
2001-02-08,4.06,4.09,4.03,4.06,4.06,7426842
2001-02-09,4.02,4.05,3.99,4.02,4.02,4172121
2001-02-12,4.13,4.16,4.1,4.13,4.13,5998824
2001-02-13,4.07,4.1,4.04,4.07,4.07,7860639
2001-02-14,4.1,4.13,4.07,4.1,4.1,6948629
2001-02-15,4.1,4.13,4.06,4.1,4.1,5968022
2001-02-16,4.22,4.25,4.19,4.22,4.22,4807687
2001-02-19,4.26,4.29,4.23,4.26,4.26,4903757
2001-02-20,4.25,4.29,4.22,4.25,4.25,5692171
2001-02-21,4.2,4.23,4.16,4.2,4.2,4589770
2001-02-22,4.15,4.18,4.11,4.15,4.15,4251866
2001-02-23,4.17,4.2,4.14,4.17,4.17,4484839
2001-02-26,4.23,4.26,4.19,4.23,4.23,9793632
2001-02-27,4.27,4.31,4.24,4.27,4.27,6530707
2001-02-28,4.21,4.24,4.17,4.21,4.21,2456483
2001-03-01,4.21,4.24,4.17,4.21,4.21,6423240
2001-03-02,4.3,4.33,4.26,4.3,4.3,6208181
2001-03-05,4.31,4.34,4.27,4.31,4.31,2806161
2001-03-06,4.29,4.33,4.26,4.29,4.29,4029147
2001-03-07,4.25,4.28,4.21,4.25,4.25,6651816
2001-03-08,4.38,4.41,4.34,4.38,4.38,3023302
2001-03-09,4.41,4.45,4.38,4.41,4.41,6253356
2001-03-12,4.39,4.43,4.36,4.39,4.39,6848969
2001-03-13,4.43,4.46,4.39,4.43,4.43,6696639
2001-03-14,4.32,4.35,4.28,4.32,4.32,7831493
2001-03-15,4.37,4.4,4.33,4.37,4.37,4844496
2001-03-16,4.32,4.35,4.28,4.32,4.32,7216714
2001-03-19,4.36,4.39,4.32,4.36,4.36,8106905
2001-03-20,4.42,4.45,4.38,4.42,4.42,6616645
2001-03-21,4.47,4.51,4.44,4.47,4.47,2682056
2001-03-22,4.5,4.54,4.47,4.5,4.5,6373150
2001-03-23,4.31,4.35,4.28,4.31,4.31,3612209
2001-03-26,4.33,4.37,4.3,4.33,4.33,7210190
2001-03-27,4.27,4.3,4.23,4.27,4.27,7856831
2001-03-28,4.27,4.31,4.24,4.27,4.27,6092156
2001-03-29,4.12,4.15,4.09,4.12,4.12,6322985
2001-03-30,4.08,4.11,4.04,4.08,4.08,5861019
2001-04-02,4.07,4.1,4.03,4.07,4.07,6944065
2001-04-03,4.05,4.08,4.02,4.05,4.05,4555585
2001-04-04,4.02,4.05,3.98,4.02,4.02,8697201
2001-04-05,3.99,4.02,3.96,3.99,3.99,4923056
2001-04-06,3.97,4.0,3.93,3.97,3.97,3875376
2001-04-09,3.91,3.94,3.88,3.91,3.91,5187749
2001-04-10,3.81,3.84,3.78,3.81,3.81,4922793
2001-04-11,3.86,3.89,3.83,3.86,3.86,8046549
2001-04-12,3.93,3.96,3.9,3.93,3.93,2641896
2001-04-13,4.03,4.06,3.99,4.03,4.03,5512710
2001-04-16,3.97,4.01,3.94,3.97,3.97,2761541
2001-04-17,4.03,4.06,4.0,4.03,4.03,5762216
2001-04-18,4.09,4.12,4.06,4.09,4.09,6709162
2001-04-19,4.02,4.05,3.99,4.02,4.02,5307054
2001-04-20,4.03,4.07,4.0,4.03,4.03,12162443
2001-04-23,3.97,4.0,3.94,3.97,3.97,5492617
2001-04-24,4.01,4.04,3.98,4.01,4.01,5043540
2001-04-25,4.16,4.19,4.12,4.16,4.16,6155819
2001-04-26,4.2,4.23,4.16,4.2,4.2,5828266
2001-04-27,4.22,4.25,4.18,4.22,4.22,9180477
2001-04-30,4.16,4.19,4.12,4.16,4.16,5030489
2001-05-01,4.27,4.3,4.23,4.27,4.27,3643151
2001-05-02,4.28,4.32,4.25,4.28,4.28,7514317
2001-05-03,4.37,4.4,4.33,4.37,4.37,7227745
2001-05-04,4.38,4.41,4.34,4.38,4.38,11086817
2001-05-07,4.28,4.31,4.24,4.28,4.28,6254455
2001-05-08,4.27,4.3,4.23,4.27,4.27,4746729
2001-05-09,4.29,4.33,4.26,4.29,4.29,4330818
2001-05-10,4.34,4.37,4.3,4.34,4.34,3604716
2001-05-11,4.41,4.44,4.37,4.41,4.41,3509178
2001-05-14,4.39,4.43,4.36,4.39,4.39,14982894
2001-05-15,4.34,4.37,4.3,4.34,4.34,6420195
2001-05-16,4.27,4.31,4.24,4.27,4.27,7966291
2001-05-17,4.29,4.33,4.26,4.29,4.29,9144969
2001-05-18,4.29,4.32,4.25,4.29,4.29,4563398
2001-05-21,4.24,4.27,4.2,4.24,4.24,2738555
2001-05-22,4.23,4.26,4.2,4.23,4.23,10922947
2001-05-23,4.18,4.22,4.15,4.18,4.18,5887311
2001-05-24,4.11,4.14,4.08,4.11,4.11,9732553
2001-05-25,4.13,4.16,4.09,4.13,4.13,8956682
2001-05-28,4.08,4.12,4.05,4.08,4.08,5064121
2001-05-29,4.08,4.11,4.05,4.08,4.08,7526917
2001-05-30,4.1,4.13,4.07,4.1,4.1,3255392
2001-05-31,4.11,4.14,4.07,4.11,4.11,3480587
2001-06-01,4.1,4.14,4.07,4.1,4.1,3441026
2001-06-04,4.21,4.24,4.17,4.21,4.21,7538623
2001-06-05,4.22,4.25,4.18,4.22,4.22,4625012
2001-06-06,4.27,4.3,4.23,4.27,4.27,4745322
2001-06-07,4.37,4.4,4.33,4.37,4.37,4285153
2001-06-08,4.37,4.4,4.33,4.37,4.37,5850197
2001-06-11,4.35,4.39,4.32,4.35,4.35,4522767
2001-06-12,4.27,4.3,4.24,4.27,4.27,4776299
2001-06-13,4.26,4.29,4.23,4.26,4.26,2988668
2001-06-14,4.23,4.27,4.2,4.23,4.23,4065210
2001-06-15,4.32,4.35,4.28,4.32,4.32,6683965
2001-06-18,4.21,4.24,4.17,4.21,4.21,3194451
2001-06-19,4.08,4.11,4.04,4.08,4.08,8347453
2001-06-20,4.07,4.1,4.03,4.07,4.07,6801179
2001-06-21,4.2,4.23,4.17,4.2,4.2,2548683
2001-06-22,4.16,4.19,4.13,4.16,4.16,3406758
2001-06-25,4.26,4.29,4.23,4.26,4.26,16008131
2001-06-26,4.24,4.27,4.21,4.24,4.24,8220693
2001-06-27,4.16,4.19,4.13,4.16,4.16,2710806
2001-06-28,4.14,4.17,4.1,4.14,4.14,4794375
2001-06-29,4.14,4.17,4.11,4.14,4.14,4184870
2001-07-02,4.06,4.1,4.03,4.06,4.06,4203623
2001-07-03,4.04,4.07,4.0,4.04,4.04,4312236
2001-07-04,4.02,4.05,3.99,4.02,4.02,8108975
2001-07-05,3.98,4.02,3.95,3.98,3.98,7643962
2001-07-06,4.02,4.05,3.99,4.02,4.02,7779994
2001-07-09,3.87,3.91,3.84,3.87,3.87,4049641
2001-07-10,3.85,3.88,3.82,3.85,3.85,6109993
2001-07-11,3.89,3.92,3.86,3.89,3.89,5518143
2001-07-12,3.96,3.99,3.93,3.96,3.96,2941777
2001-07-13,4.07,4.1,4.04,4.07,4.07,7783205
2001-07-16,4.13,4.16,4.1,4.13,4.13,8051427
2001-07-17,4.07,4.11,4.04,4.07,4.07,6838874
2001-07-18,3.95,3.98,3.92,3.95,3.95,9692580
2001-07-19,4.01,4.05,3.98,4.01,4.01,4139942
2001-07-20,4.0,4.03,3.97,4.0,4.0,7079146
2001-07-23,3.93,3.96,3.9,3.93,3.93,4900725
2001-07-24,4.03,4.06,4.0,4.03,4.03,9328178
2001-07-25,3.99,4.02,3.96,3.99,3.99,5272563
2001-07-26,3.94,3.97,3.91,3.94,3.94,4893340
2001-07-27,3.9,3.93,3.87,3.9,3.9,3578704
2001-07-30,3.86,3.89,3.83,3.86,3.86,6878129
2001-07-31,3.85,3.89,3.82,3.85,3.85,5404155
2001-08-01,3.89,3.92,3.86,3.89,3.89,3510412
2001-08-02,3.88,3.91,3.85,3.88,3.88,7280684
2001-08-03,3.82,3.85,3.79,3.82,3.82,4997006
2001-08-06,3.82,3.85,3.79,3.82,3.82,3881928
2001-08-07,3.84,3.87,3.81,3.84,3.84,4576046
2001-08-08,3.93,3.96,3.9,3.93,3.93,11194869
2001-08-09,3.93,3.96,3.89,3.93,3.93,3126076
2001-08-10,3.85,3.88,3.82,3.85,3.85,13547125
2001-08-13,3.81,3.84,3.78,3.81,3.81,5781965
2001-08-14,3.8,3.83,3.77,3.8,3.8,8504258
2001-08-15,3.72,3.75,3.69,3.72,3.72,3279299
2001-08-16,3.76,3.79,3.73,3.76,3.76,2618539
2001-08-17,3.77,3.8,3.74,3.77,3.77,3376860
2001-08-20,3.86,3.89,3.83,3.86,3.86,5587567
2001-08-21,3.86,3.89,3.83,3.86,3.86,4286457
2001-08-22,3.86,3.89,3.83,3.86,3.86,6687270
2001-08-23,3.75,3.78,3.72,3.75,3.75,2874875
2001-08-24,3.75,3.78,3.72,3.75,3.75,12410400
2001-08-27,3.73,3.76,3.7,3.73,3.73,5623405
2001-08-28,3.81,3.84,3.78,3.81,3.81,3530753
2001-08-29,3.87,3.9,3.84,3.87,3.87,10467245
2001-08-30,3.77,3.8,3.74,3.77,3.77,3229053
2001-08-31,3.87,3.9,3.84,3.87,3.87,4353421
2001-09-03,3.82,3.85,3.79,3.82,3.82,2386136
2001-09-04,3.86,3.89,3.83,3.86,3.86,5281585
2001-09-05,3.8,3.83,3.77,3.8,3.8,6787719
2001-09-06,3.86,3.89,3.83,3.86,3.86,11201721
2001-09-07,3.93,3.96,3.9,3.93,3.93,4866768
2001-09-10,3.89,3.92,3.86,3.89,3.89,6249386
2001-09-11,3.88,3.91,3.85,3.88,3.88,6558232
2001-09-12,3.85,3.88,3.82,3.85,3.85,4442330
2001-09-13,3.86,3.89,3.83,3.86,3.86,8615544
2001-09-14,3.87,3.9,3.84,3.87,3.87,6476932
2001-09-17,3.84,3.87,3.81,3.84,3.84,5010637
2001-09-18,3.87,3.9,3.84,3.87,3.87,3547429
2001-09-19,4.0,4.03,3.97,4.0,4.0,2867299
2001-09-20,4.09,4.13,4.06,4.09,4.09,3358019
2001-09-21,4.14,4.18,4.11,4.14,4.14,5346038
2001-09-24,4.17,4.2,4.14,4.17,4.17,2787008
2001-09-25,4.2,4.23,4.16,4.2,4.2,4206853
2001-09-26,4.22,4.25,4.18,4.22,4.22,6975755
2001-09-27,4.23,4.26,4.19,4.23,4.23,3509596
2001-09-28,4.17,4.2,4.14,4.17,4.17,4745930
2001-10-01,4.27,4.31,4.24,4.27,4.27,6871505
2001-10-02,4.32,4.36,4.29,4.32,4.32,6455951
2001-10-03,4.32,4.35,4.28,4.32,4.32,4083787
2001-10-04,4.27,4.31,4.24,4.27,4.27,5325642
2001-10-05,4.26,4.29,4.23,4.26,4.26,4487325
2001-10-08,4.26,4.3,4.23,4.26,4.26,9343862
2001-10-09,4.22,4.25,4.19,4.22,4.22,6336083
2001-10-10,4.19,4.22,4.15,4.19,4.19,5342005
2001-10-11,4.18,4.21,4.15,4.18,4.18,6338473
2001-10-12,4.25,4.28,4.21,4.25,4.25,6772819
2001-10-15,4.24,4.27,4.2,4.24,4.24,6989986
2001-10-16,4.24,4.27,4.2,4.24,4.24,5593595
2001-10-17,4.17,4.2,4.13,4.17,4.17,3999804
2001-10-18,4.24,4.27,4.2,4.24,4.24,5784374
2001-10-19,4.34,4.37,4.3,4.34,4.34,4899719
2001-10-22,4.33,4.36,4.29,4.33,4.33,4862320
2001-10-23,4.41,4.45,4.38,4.41,4.41,5253573
2001-10-24,4.48,4.52,4.45,4.48,4.48,7453439
2001-10-25,4.52,4.56,4.49,4.52,4.52,4349575
2001-10-26,4.47,4.51,4.43,4.47,4.47,3897827
2001-10-29,4.58,4.61,4.54,4.58,4.58,4988712
2001-10-30,4.59,4.63,4.56,4.59,4.59,7841278
2001-10-31,4.67,4.71,4.63,4.67,4.67,4101433
2001-11-01,4.65,4.69,4.61,4.65,4.65,5309247
2001-11-02,4.71,4.75,4.68,4.71,4.71,4109151
2001-11-05,4.76,4.79,4.72,4.76,4.76,5538012
2001-11-06,4.77,4.81,4.73,4.77,4.77,4086073
2001-11-07,4.82,4.86,4.78,4.82,4.82,11038111
2001-11-08,4.86,4.9,4.82,4.86,4.86,6542979
2001-11-09,4.92,4.96,4.88,4.92,4.92,6633733
2001-11-12,4.94,4.98,4.9,4.94,4.94,2650081
2001-11-13,4.89,4.93,4.85,4.89,4.89,10038491
2001-11-14,4.91,4.95,4.88,4.91,4.91,2899775
2001-11-15,5.0,5.04,4.96,5.0,5.0,6230121
2001-11-16,5.0,5.04,4.96,5.0,5.0,6231755
2001-11-19,4.95,4.99,4.91,4.95,4.95,4740439
2001-11-20,4.91,4.95,4.88,4.91,4.91,5930693
2001-11-21,4.84,4.88,4.8,4.84,4.84,4829234
2001-11-22,4.78,4.82,4.75,4.78,4.78,6752720
2001-11-23,4.92,4.96,4.88,4.92,4.92,12619029
2001-11-26,4.96,5.0,4.92,4.96,4.96,3707617
2001-11-27,5.01,5.05,4.97,5.01,5.01,5591103
2001-11-28,4.9,4.94,4.86,4.9,4.9,3501437
2001-11-29,4.97,5.01,4.93,4.97,4.97,7150097
2001-11-30,4.95,4.99,4.91,4.95,4.95,3962479
2001-12-03,5.12,5.17,5.08,5.12,5.12,4915735
2001-12-04,5.14,5.18,5.1,5.14,5.14,7270659
2001-12-05,5.14,5.18,5.1,5.14,5.14,5126715
2001-12-06,5.1,5.14,5.06,5.1,5.1,3442039
2001-12-07,5.14,5.18,5.1,5.14,5.14,5804717
2001-12-10,5.25,5.29,5.21,5.25,5.25,4934478
2001-12-11,5.23,5.28,5.19,5.23,5.23,6454771
2001-12-12,5.22,5.26,5.18,5.22,5.22,7373779
2001-12-13,5.18,5.22,5.13,5.18,5.18,4173422
2001-12-14,5.28,5.32,5.23,5.28,5.28,8267598
2001-12-17,5.33,5.37,5.29,5.33,5.33,4651428
2001-12-18,5.39,5.44,5.35,5.39,5.39,3043368
2001-12-19,5.28,5.33,5.24,5.28,5.28,6877113
2001-12-20,5.26,5.3,5.22,5.26,5.26,3802366
2001-12-21,5.35,5.39,5.31,5.35,5.35,8064486
2001-12-24,5.39,5.44,5.35,5.39,5.39,5218886
2001-12-25,5.5,5.55,5.46,5.5,5.5,4562668
2001-12-26,5.43,5.48,5.39,5.43,5.43,5280602
2001-12-27,5.42,5.47,5.38,5.42,5.42,6165938
2001-12-28,5.5,5.55,5.46,5.5,5.5,8276904
2001-12-31,5.4,5.45,5.36,5.4,5.4,5364010
2002-01-01,5.3,5.34,5.26,5.3,5.3,6684717
2002-01-02,5.29,5.33,5.25,5.29,5.29,3305456
2002-01-03,5.19,5.24,5.15,5.19,5.19,4907909
2002-01-04,5.1,5.14,5.06,5.1,5.1,7056250
2002-01-07,5.0,5.04,4.96,5.0,5.0,3101809
2002-01-08,5.1,5.14,5.06,5.1,5.1,6037184
2002-01-09,5.26,5.3,5.22,5.26,5.26,5987872
2002-01-10,5.27,5.31,5.23,5.27,5.27,3724518
2002-01-11,5.36,5.4,5.31,5.36,5.36,3740429
2002-01-14,5.33,5.38,5.29,5.33,5.33,8259781
2002-01-15,5.46,5.51,5.42,5.46,5.46,5140549
2002-01-16,5.49,5.53,5.45,5.49,5.49,10697852
2002-01-17,5.5,5.55,5.46,5.5,5.5,5530148
2002-01-18,5.57,5.62,5.53,5.57,5.57,4624046
2002-01-21,5.6,5.65,5.56,5.6,5.6,4654679
2002-01-22,5.7,5.74,5.65,5.7,5.7,6673919
2002-01-23,5.74,5.78,5.69,5.74,5.74,5830933
2002-01-24,5.81,5.85,5.76,5.81,5.81,7863431
2002-01-25,5.71,5.76,5.67,5.71,5.71,3543255
2002-01-28,5.62,5.66,5.57,5.62,5.62,11374840
2002-01-29,5.56,5.6,5.51,5.56,5.56,8565512
2002-01-30,5.5,5.55,5.46,5.5,5.5,6097378
2002-01-31,5.3,5.34,5.25,5.3,5.3,2352135
2002-02-01,5.21,5.25,5.16,5.21,5.21,4554007
2002-02-04,4.97,5.01,4.93,4.97,4.97,6937003
2002-02-05,5.04,5.08,5.0,5.04,5.04,3327210
2002-02-06,4.96,5.0,4.92,4.96,4.96,6561043
2002-02-07,4.88,4.91,4.84,4.88,4.88,4946967
2002-02-08,4.91,4.95,4.87,4.91,4.91,9361384
2002-02-11,4.9,4.94,4.86,4.9,4.9,7397846
2002-02-12,5.01,5.05,4.97,5.01,5.01,4420612
2002-02-13,5.07,5.11,5.03,5.07,5.07,3947932
2002-02-14,5.09,5.13,5.05,5.09,5.09,3374642
2002-02-15,4.99,5.03,4.95,4.99,4.99,5327031
2002-02-18,4.94,4.98,4.9,4.94,4.94,2976910
2002-02-19,4.94,4.98,4.9,4.94,4.94,6757910
2002-02-20,4.93,4.96,4.89,4.93,4.93,7204344
2002-02-21,4.98,5.02,4.94,4.98,4.98,3988323
2002-02-22,5.01,5.05,4.97,5.01,5.01,6841034
2002-02-25,5.0,5.04,4.96,5.0,5.0,5606647
2002-02-26,4.87,4.91,4.83,4.87,4.87,3515313
2002-02-27,4.99,5.03,4.95,4.99,4.99,4993905
2002-02-28,5.12,5.16,5.08,5.12,5.12,4669484
2002-03-01,5.07,5.11,5.02,5.07,5.07,3373851
2002-03-04,4.93,4.96,4.89,4.93,4.93,4343530
2002-03-05,4.9,4.93,4.86,4.9,4.9,6927098
2002-03-06,4.89,4.93,4.85,4.89,4.89,4379337
2002-03-07,4.84,4.88,4.8,4.84,4.84,6887124
2002-03-08,4.88,4.92,4.84,4.88,4.88,7541704
2002-03-11,4.83,4.87,4.79,4.83,4.83,4407579
2002-03-12,4.86,4.9,4.82,4.86,4.86,4386373
2002-03-13,4.76,4.8,4.73,4.76,4.76,4790326
2002-03-14,4.76,4.8,4.72,4.76,4.76,4147982
2002-03-15,4.82,4.86,4.78,4.82,4.82,4075067
2002-03-18,4.87,4.91,4.83,4.87,4.87,9165864
2002-03-19,4.8,4.84,4.77,4.8,4.8,3645387
2002-03-20,4.74,4.78,4.7,4.74,4.74,1296125
2002-03-21,4.74,4.77,4.7,4.74,4.74,10148024
2002-03-22,4.64,4.67,4.6,4.64,4.64,5051007
2002-03-25,4.66,4.69,4.62,4.66,4.66,8428807
2002-03-26,4.64,4.68,4.61,4.64,4.64,4780534
2002-03-27,4.55,4.59,4.51,4.55,4.55,4388890
2002-03-28,4.52,4.56,4.49,4.52,4.52,4078686
2002-03-29,4.54,4.57,4.5,4.54,4.54,10817621
2002-04-01,4.55,4.59,4.52,4.55,4.55,10370994
2002-04-02,4.55,4.59,4.52,4.55,4.55,7392637
2002-04-03,4.61,4.65,4.58,4.61,4.61,3686502
2002-04-04,4.6,4.64,4.57,4.6,4.6,8306444
2002-04-05,4.58,4.62,4.55,4.58,4.58,6029029
2002-04-08,4.54,4.58,4.51,4.54,4.54,5652577
2002-04-09,4.55,4.59,4.52,4.55,4.55,3087716
2002-04-10,4.5,4.54,4.47,4.5,4.5,5089733
2002-04-11,4.43,4.46,4.39,4.43,4.43,4568528
2002-04-12,4.35,4.38,4.31,4.35,4.35,6962904
2002-04-15,4.3,4.33,4.26,4.3,4.3,4228098
2002-04-16,4.3,4.33,4.26,4.3,4.3,2618255
2002-04-17,4.23,4.27,4.2,4.23,4.23,3636897
2002-04-18,4.19,4.22,4.15,4.19,4.19,6458007
2002-04-19,4.26,4.3,4.23,4.26,4.26,5773659
2002-04-22,4.19,4.22,4.16,4.19,4.19,4762256
2002-04-23,4.18,4.21,4.15,4.18,4.18,6610121
2002-04-24,4.25,4.28,4.21,4.25,4.25,5670383
2002-04-25,4.31,4.34,4.27,4.31,4.31,7147928
2002-04-26,4.37,4.41,4.34,4.37,4.37,3696230
2002-04-29,4.18,4.22,4.15,4.18,4.18,5125783
2002-04-30,4.11,4.15,4.08,4.11,4.11,5098495
2002-05-01,4.17,4.2,4.14,4.17,4.17,3718408
2002-05-02,4.06,4.09,4.03,4.06,4.06,9120604
2002-05-03,4.04,4.07,4.0,4.04,4.04,2809952
2002-05-06,3.95,3.99,3.92,3.95,3.95,3139196
2002-05-07,4.0,4.03,3.97,4.0,4.0,4480548
2002-05-08,4.06,4.09,4.03,4.06,4.06,3887529
2002-05-09,4.01,4.04,3.98,4.01,4.01,3933540
2002-05-10,4.04,4.08,4.01,4.04,4.04,6125062
2002-05-13,4.03,4.06,4.0,4.03,4.03,6517652
2002-05-14,3.94,3.97,3.91,3.94,3.94,5514944
2002-05-15,3.99,4.02,3.96,3.99,3.99,8295019
2002-05-16,3.95,3.98,3.92,3.95,3.95,5491281
2002-05-17,4.03,4.07,4.0,4.03,4.03,8666366
2002-05-20,4.07,4.11,4.04,4.07,4.07,8102955
2002-05-21,4.05,4.08,4.01,4.05,4.05,8403533
2002-05-22,4.03,4.06,3.99,4.03,4.03,6327956
2002-05-23,3.91,3.94,3.88,3.91,3.91,3622823
2002-05-24,3.84,3.87,3.81,3.84,3.84,6676924
2002-05-27,3.9,3.93,3.87,3.9,3.9,13216212
2002-05-28,3.93,3.96,3.9,3.93,3.93,11568480
2002-05-29,4.03,4.07,4.0,4.03,4.03,4387087
2002-05-30,3.97,4.01,3.94,3.97,3.97,10246488
2002-05-31,3.99,4.03,3.96,3.99,3.99,4731513
2002-06-03,4.02,4.05,3.99,4.02,4.02,4254738
2002-06-04,4.15,4.18,4.12,4.15,4.15,2731650
2002-06-05,4.01,4.04,3.97,4.01,4.01,9977778
2002-06-06,4.01,4.04,3.97,4.01,4.01,3870588
2002-06-07,4.07,4.1,4.04,4.07,4.07,3229932
2002-06-10,4.08,4.11,4.05,4.08,4.08,4583235
2002-06-11,4.13,4.16,4.1,4.13,4.13,7530062
2002-06-12,4.14,4.18,4.11,4.14,4.14,6538304
2002-06-13,4.15,4.18,4.12,4.15,4.15,12777726
2002-06-14,4.15,4.18,4.12,4.15,4.15,4949139
2002-06-17,4.08,4.11,4.05,4.08,4.08,6305371
2002-06-18,4.01,4.04,3.98,4.01,4.01,2687425
2002-06-19,3.96,3.99,3.93,3.96,3.96,4065151
2002-06-20,3.96,3.99,3.93,3.96,3.96,2798519
2002-06-21,3.89,3.92,3.86,3.89,3.89,1897266
2002-06-24,3.96,3.99,3.93,3.96,3.96,7572594
2002-06-25,3.93,3.97,3.9,3.93,3.93,3927014
2002-06-26,3.86,3.89,3.83,3.86,3.86,6179545
2002-06-27,3.8,3.83,3.77,3.8,3.8,11504332
2002-06-28,3.71,3.74,3.68,3.71,3.71,8423348
2002-07-01,3.71,3.74,3.68,3.71,3.71,5659290
2002-07-02,3.75,3.78,3.72,3.75,3.75,7540491
2002-07-03,3.68,3.7,3.65,3.68,3.68,6369683
2002-07-04,3.75,3.78,3.72,3.75,3.75,7816093
2002-07-05,3.85,3.88,3.82,3.85,3.85,7633410
2002-07-08,3.92,3.95,3.89,3.92,3.92,5100471
2002-07-09,3.89,3.92,3.86,3.89,3.89,6771416
2002-07-10,3.89,3.92,3.86,3.89,3.89,13282412
2002-07-11,3.92,3.95,3.89,3.92,3.92,3170764
2002-07-12,3.93,3.96,3.89,3.93,3.93,5362876
2002-07-15,3.99,4.02,3.96,3.99,3.99,10403760
2002-07-16,3.88,3.91,3.85,3.88,3.88,3541615
2002-07-17,3.87,3.91,3.84,3.87,3.87,12626894
2002-07-18,3.91,3.95,3.88,3.91,3.91,7698141
2002-07-19,3.95,3.99,3.92,3.95,3.95,4093656
2002-07-22,3.94,3.97,3.9,3.94,3.94,4861738
2002-07-23,4.05,4.09,4.02,4.05,4.05,7637179
2002-07-24,3.99,4.03,3.96,3.99,3.99,5305448
2002-07-25,4.08,4.11,4.04,4.08,4.08,2513805
2002-07-26,4.02,4.05,3.99,4.02,4.02,4392980
2002-07-29,4.13,4.17,4.1,4.13,4.13,5066740
2002-07-30,4.14,4.17,4.11,4.14,4.14,11513217
2002-07-31,4.08,4.12,4.05,4.08,4.08,8851951
2002-08-01,4.05,4.08,4.02,4.05,4.05,5072152
2002-08-02,4.06,4.1,4.03,4.06,4.06,5353868
2002-08-05,3.97,4.0,3.94,3.97,3.97,8477579
2002-08-06,3.95,3.98,3.91,3.95,3.95,5974219
2002-08-07,3.97,4.0,3.93,3.97,3.97,2941339
2002-08-08,3.96,3.99,3.93,3.96,3.96,10686465
2002-08-09,4.03,4.07,4.0,4.03,4.03,11827616
2002-08-12,4.08,4.12,4.05,4.08,4.08,5774394
2002-08-13,4.14,4.17,4.11,4.14,4.14,6092580
2002-08-14,4.16,4.2,4.13,4.16,4.16,5044047
2002-08-15,4.08,4.11,4.04,4.08,4.08,9254898
2002-08-16,3.99,4.02,3.96,3.99,3.99,5811151
2002-08-19,4.02,4.05,3.99,4.02,4.02,7694613
2002-08-20,4.14,4.18,4.11,4.14,4.14,4448173
2002-08-21,4.3,4.33,4.26,4.3,4.3,3937533
2002-08-22,4.28,4.31,4.24,4.28,4.28,8287415
2002-08-23,4.33,4.36,4.29,4.33,4.33,4916268
2002-08-26,4.38,4.41,4.34,4.38,4.38,5432416
2002-08-27,4.33,4.36,4.29,4.33,4.33,6030174
2002-08-28,4.36,4.39,4.32,4.36,4.36,4611591
2002-08-29,4.46,4.5,4.43,4.46,4.46,6481010
2002-08-30,4.6,4.64,4.56,4.6,4.6,6061728
2002-09-02,4.52,4.55,4.48,4.52,4.52,3381949
2002-09-03,4.36,4.4,4.33,4.36,4.36,5002628
2002-09-04,4.37,4.41,4.34,4.37,4.37,2802262
2002-09-05,4.39,4.43,4.36,4.39,4.39,7819223
2002-09-06,4.56,4.59,4.52,4.56,4.56,3666839
2002-09-09,4.65,4.69,4.61,4.65,4.65,7359570
2002-09-10,4.64,4.68,4.6,4.64,4.64,4588187
2002-09-11,4.64,4.67,4.6,4.64,4.64,2435509
2002-09-12,4.56,4.59,4.52,4.56,4.56,3887588
2002-09-13,4.65,4.69,4.62,4.65,4.65,3826672
2002-09-16,4.71,4.74,4.67,4.71,4.71,3732612
2002-09-17,4.71,4.74,4.67,4.71,4.71,4636723
2002-09-18,4.72,4.76,4.68,4.72,4.72,4949848
2002-09-19,4.79,4.83,4.75,4.79,4.79,3732943
2002-09-20,4.84,4.88,4.8,4.84,4.84,3831879
2002-09-23,4.86,4.89,4.82,4.86,4.86,6282499
2002-09-24,4.94,4.98,4.9,4.94,4.94,6318869
2002-09-25,5.11,5.15,5.07,5.11,5.11,4767844
2002-09-26,5.02,5.06,4.98,5.02,5.02,6061883
2002-09-27,5.01,5.05,4.97,5.01,5.01,3186145
2002-09-30,5.07,5.11,5.03,5.07,5.07,6832431
2002-10-01,5.0,5.04,4.96,5.0,5.0,3157264
2002-10-02,4.93,4.97,4.89,4.93,4.93,6860458
2002-10-03,4.98,5.02,4.94,4.98,4.98,10301518
2002-10-04,4.93,4.97,4.89,4.93,4.93,2898637
2002-10-07,4.95,4.99,4.91,4.95,4.95,9025209
2002-10-08,4.93,4.97,4.89,4.93,4.93,4634252
2002-10-09,4.99,5.03,4.95,4.99,4.99,6488663
2002-10-10,4.99,5.03,4.95,4.99,4.99,7292629
2002-10-11,4.98,5.02,4.94,4.98,4.98,3292158
2002-10-14,4.89,4.93,4.85,4.89,4.89,2554023
2002-10-15,5.0,5.04,4.96,5.0,5.0,3457419
2002-10-16,4.96,5.0,4.92,4.96,4.96,6864894
2002-10-17,5.0,5.04,4.96,5.0,5.0,8276833
2002-10-18,4.86,4.89,4.82,4.86,4.86,5952674
2002-10-21,4.89,4.93,4.85,4.89,4.89,7796622
2002-10-22,4.98,5.02,4.94,4.98,4.98,4120646
2002-10-23,4.81,4.84,4.77,4.81,4.81,3449676
2002-10-24,4.81,4.85,4.77,4.81,4.81,4957654
2002-10-25,4.73,4.77,4.69,4.73,4.73,3647726
2002-10-28,4.68,4.71,4.64,4.68,4.68,5670709
2002-10-29,4.75,4.79,4.71,4.75,4.75,2247870
2002-10-30,4.71,4.75,4.67,4.71,4.71,2998504
2002-10-31,4.87,4.9,4.83,4.87,4.87,3801183
2002-11-01,4.98,5.02,4.94,4.98,4.98,4412746
2002-11-04,4.95,4.99,4.91,4.95,4.95,6143673
2002-11-05,4.92,4.96,4.88,4.92,4.92,6392919
2002-11-06,5.0,5.04,4.96,5.0,5.0,3668205
2002-11-07,5.01,5.05,4.97,5.01,5.01,8345933
2002-11-08,5.06,5.1,5.02,5.06,5.06,6403336
2002-11-11,4.92,4.96,4.88,4.92,4.92,2729123
2002-11-12,4.89,4.93,4.85,4.89,4.89,5496454
2002-11-13,4.82,4.86,4.78,4.82,4.82,3143028
2002-11-14,4.77,4.81,4.73,4.77,4.77,6399504
2002-11-15,4.81,4.85,4.77,4.81,4.81,5220888
2002-11-18,4.96,5.0,4.92,4.96,4.96,5085573
2002-11-19,4.93,4.97,4.89,4.93,4.93,8871364
2002-11-20,5.05,5.09,5.01,5.05,5.05,4161979
2002-11-21,5.12,5.16,5.08,5.12,5.12,5601993
2002-11-22,5.25,5.29,5.2,5.25,5.25,5000216
2002-11-25,5.28,5.32,5.24,5.28,5.28,5005527
2002-11-26,5.3,5.34,5.25,5.3,5.3,6304106
2002-11-27,5.24,5.28,5.2,5.24,5.24,2583723
2002-11-28,5.1,5.14,5.06,5.1,5.1,2556894
2002-11-29,5.1,5.14,5.06,5.1,5.1,3316551
2002-12-02,5.16,5.21,5.12,5.16,5.16,9370965
2002-12-03,5.11,5.15,5.07,5.11,5.11,7374847
2002-12-04,5.14,5.18,5.1,5.14,5.14,4997875
2002-12-05,5.14,5.18,5.1,5.14,5.14,5580078
2002-12-06,5.15,5.19,5.11,5.15,5.15,8072391
2002-12-09,4.95,4.98,4.91,4.95,4.95,8185747
2002-12-10,4.86,4.9,4.83,4.86,4.86,4664665
2002-12-11,4.75,4.79,4.72,4.75,4.75,3585126
2002-12-12,4.76,4.79,4.72,4.76,4.76,3945039
2002-12-13,4.89,4.93,4.85,4.89,4.89,7375278
2002-12-16,4.93,4.97,4.89,4.93,4.93,6031040
2002-12-17,5.0,5.04,4.96,5.0,5.0,7001456
2002-12-18,5.02,5.06,4.98,5.02,5.02,7779945
2002-12-19,5.08,5.12,5.04,5.08,5.08,5711690
2002-12-20,5.1,5.14,5.06,5.1,5.1,8799782
2002-12-23,5.11,5.15,5.06,5.11,5.11,4648273
2002-12-24,5.01,5.05,4.97,5.01,5.01,5120724
2002-12-25,4.96,4.99,4.92,4.96,4.96,5878596
2002-12-26,4.92,4.96,4.88,4.92,4.92,8353713
2002-12-27,4.95,4.99,4.91,4.95,4.95,2361709
2002-12-30,4.95,4.99,4.91,4.95,4.95,3987499
2002-12-31,4.98,5.02,4.94,4.98,4.98,5532293
2003-01-01,5.01,5.05,4.97,5.01,5.01,5880149
2003-01-02,4.99,5.03,4.95,4.99,4.99,8713979
2003-01-03,5.0,5.04,4.96,5.0,5.0,6539349
2003-01-06,4.97,5.01,4.93,4.97,4.97,4102740
2003-01-07,5.02,5.06,4.98,5.02,5.02,16701092
2003-01-08,5.01,5.05,4.97,5.01,5.01,4515717
2003-01-09,5.05,5.09,5.01,5.05,5.05,9650076
2003-01-10,5.1,5.14,5.06,5.1,5.1,4169468
2003-01-13,5.16,5.2,5.12,5.16,5.16,5176150
2003-01-14,5.27,5.31,5.22,5.27,5.27,6496471
2003-01-15,5.25,5.3,5.21,5.25,5.25,6204890
2003-01-16,5.33,5.37,5.29,5.33,5.33,3622079
2003-01-17,5.35,5.39,5.31,5.35,5.35,4630228
2003-01-20,5.34,5.38,5.29,5.34,5.34,7659911
2003-01-21,5.3,5.34,5.26,5.3,5.3,6289325
2003-01-22,5.36,5.4,5.32,5.36,5.36,11290278
2003-01-23,5.26,5.31,5.22,5.26,5.26,3659945
2003-01-24,5.26,5.3,5.22,5.26,5.26,4008839
2003-01-27,5.28,5.32,5.23,5.28,5.28,5351600
2003-01-28,5.33,5.37,5.29,5.33,5.33,4591518
2003-01-29,5.27,5.31,5.22,5.27,5.27,3568853
2003-01-30,5.26,5.3,5.22,5.26,5.26,4434969
2003-01-31,5.25,5.3,5.21,5.25,5.25,4986641
2003-02-03,5.21,5.25,5.17,5.21,5.21,4473663
2003-02-04,5.06,5.1,5.02,5.06,5.06,11538241
2003-02-05,5.02,5.06,4.98,5.02,5.02,3254852
2003-02-06,4.97,5.01,4.93,4.97,4.97,6957262
2003-02-07,4.92,4.96,4.88,4.92,4.92,15088404
2003-02-10,4.91,4.95,4.87,4.91,4.91,3749924
2003-02-11,4.85,4.89,4.81,4.85,4.85,10849384
2003-02-12,4.89,4.93,4.85,4.89,4.89,10554190
2003-02-13,4.93,4.97,4.89,4.93,4.93,3275061
2003-02-14,4.97,5.01,4.93,4.97,4.97,5228416
2003-02-17,4.98,5.02,4.94,4.98,4.98,4830337
2003-02-18,4.93,4.97,4.89,4.93,4.93,4633498
2003-02-19,4.98,5.02,4.94,4.98,4.98,8127950
2003-02-20,5.04,5.08,5.0,5.04,5.04,9655381
2003-02-21,5.0,5.04,4.96,5.0,5.0,3310553
2003-02-24,5.06,5.1,5.02,5.06,5.06,3466251
2003-02-25,5.0,5.04,4.96,5.0,5.0,3472451
2003-02-26,5.14,5.18,5.1,5.14,5.14,4172411
2003-02-27,5.19,5.23,5.15,5.19,5.19,8108182
2003-02-28,5.2,5.25,5.16,5.2,5.2,5264045
2003-03-03,5.12,5.16,5.07,5.12,5.12,4337381
2003-03-04,5.13,5.17,5.09,5.13,5.13,10392049
2003-03-05,5.2,5.24,5.16,5.2,5.2,5860893
2003-03-06,5.06,5.1,5.02,5.06,5.06,4519986
2003-03-07,4.92,4.96,4.88,4.92,4.92,5213675
2003-03-10,5.12,5.16,5.08,5.12,5.12,6644170
2003-03-11,5.06,5.1,5.02,5.06,5.06,8549459
2003-03-12,5.0,5.04,4.96,5.0,5.0,5356842
2003-03-13,5.16,5.2,5.12,5.16,5.16,10481161
2003-03-14,5.11,5.15,5.07,5.11,5.11,4441137
2003-03-17,5.15,5.19,5.11,5.15,5.15,9530201
2003-03-18,5.1,5.14,5.06,5.1,5.1,3129281
2003-03-19,4.96,5.0,4.92,4.96,4.96,2646064
2003-03-20,5.05,5.09,5.0,5.05,5.05,6352854
2003-03-21,5.15,5.19,5.1,5.15,5.15,9477010
2003-03-24,5.22,5.26,5.18,5.22,5.22,4996800
2003-03-25,5.18,5.22,5.14,5.18,5.18,9716067
2003-03-26,4.95,4.99,4.91,4.95,4.95,5561523
2003-03-27,4.98,5.02,4.94,4.98,4.98,3149763
2003-03-28,5.04,5.09,5.0,5.04,5.04,3627689
2003-03-31,5.17,5.21,5.13,5.17,5.17,7524256
2003-04-01,5.32,5.36,5.28,5.32,5.32,4931657
2003-04-02,5.24,5.28,5.19,5.24,5.24,5086036
2003-04-03,5.23,5.27,5.19,5.23,5.23,7583932
2003-04-04,5.22,5.26,5.18,5.22,5.22,4573122
2003-04-07,5.24,5.28,5.2,5.24,5.24,4754814
2003-04-08,5.22,5.26,5.18,5.22,5.22,2502871
2003-04-09,5.25,5.29,5.21,5.25,5.25,4955990
2003-04-10,5.24,5.28,5.19,5.24,5.24,10494716
2003-04-11,5.24,5.28,5.2,5.24,5.24,7838680
2003-04-14,5.38,5.42,5.34,5.38,5.38,6709042
2003-04-15,5.4,5.44,5.36,5.4,5.4,2906902
2003-04-16,5.39,5.43,5.35,5.39,5.39,5413376
2003-04-17,5.26,5.31,5.22,5.26,5.26,3644445
2003-04-18,5.35,5.39,5.31,5.35,5.35,2957868
2003-04-21,5.43,5.47,5.39,5.43,5.43,7743209
2003-04-22,5.37,5.41,5.32,5.37,5.37,6995383
2003-04-23,5.38,5.42,5.34,5.38,5.38,4322159
2003-04-24,5.27,5.31,5.22,5.27,5.27,2189763
2003-04-25,5.36,5.4,5.32,5.36,5.36,4245378
2003-04-28,5.51,5.55,5.46,5.51,5.51,6380882
2003-04-29,5.45,5.49,5.41,5.45,5.45,2462890
2003-04-30,5.46,5.5,5.41,5.46,5.46,3973556
2003-05-01,5.36,5.41,5.32,5.36,5.36,4153754
2003-05-02,5.48,5.53,5.44,5.48,5.48,3838063
2003-05-05,5.53,5.57,5.48,5.53,5.53,4741648
2003-05-06,5.56,5.6,5.51,5.56,5.56,9272984
2003-05-07,5.55,5.59,5.5,5.55,5.55,5266775
2003-05-08,5.52,5.56,5.47,5.52,5.52,8281094
2003-05-09,5.57,5.62,5.53,5.57,5.57,9380407
2003-05-12,5.56,5.61,5.52,5.56,5.56,5798620
2003-05-13,5.62,5.66,5.57,5.62,5.62,3669360
2003-05-14,5.54,5.59,5.5,5.54,5.54,6392476
2003-05-15,5.53,5.58,5.49,5.53,5.53,14374738
2003-05-16,5.53,5.58,5.49,5.53,5.53,7474146
2003-05-19,5.65,5.7,5.61,5.65,5.65,5636607
2003-05-20,5.71,5.76,5.67,5.71,5.71,3796573
2003-05-21,5.76,5.81,5.71,5.76,5.76,10762554
2003-05-22,5.88,5.92,5.83,5.88,5.88,7920636
2003-05-23,5.82,5.86,5.77,5.82,5.82,3865484
2003-05-26,5.77,5.81,5.72,5.77,5.77,9541907
2003-05-27,5.66,5.7,5.61,5.66,5.66,4978739
2003-05-28,5.74,5.79,5.69,5.74,5.74,13013795
2003-05-29,5.89,5.94,5.84,5.89,5.89,3633484
2003-05-30,6.07,6.12,6.02,6.07,6.07,3573158
2003-06-02,6.05,6.1,6.0,6.05,6.05,4974466
2003-06-03,5.95,6.0,5.91,5.95,5.95,1651968
2003-06-04,5.95,5.99,5.9,5.95,5.95,4208282
2003-06-05,5.96,6.01,5.92,5.96,5.96,7126781
2003-06-06,5.98,6.03,5.93,5.98,5.98,4239602
2003-06-09,5.89,5.94,5.84,5.89,5.89,7662140
2003-06-10,5.81,5.86,5.76,5.81,5.81,11089838
2003-06-11,5.8,5.85,5.76,5.8,5.8,3718902
2003-06-12,5.84,5.89,5.8,5.84,5.84,3927958
2003-06-13,5.88,5.93,5.83,5.88,5.88,3857925
2003-06-16,5.87,5.92,5.82,5.87,5.87,4998477
2003-06-17,5.96,6.0,5.91,5.96,5.96,3596977
2003-06-18,5.89,5.94,5.84,5.89,5.89,5761998
2003-06-19,5.88,5.93,5.83,5.88,5.88,6296932
2003-06-20,5.87,5.91,5.82,5.87,5.87,9829475
2003-06-23,5.95,5.99,5.9,5.95,5.95,5067273
2003-06-24,5.91,5.96,5.87,5.91,5.91,7485080
2003-06-25,5.9,5.94,5.85,5.9,5.9,6321963
2003-06-26,5.95,6.0,5.91,5.95,5.95,7371580
2003-06-27,5.88,5.93,5.83,5.88,5.88,8266989
2003-06-30,5.75,5.79,5.7,5.75,5.75,9199652
2003-07-01,5.76,5.81,5.72,5.76,5.76,4758001
2003-07-02,5.8,5.84,5.75,5.8,5.8,9322984
2003-07-03,5.82,5.86,5.77,5.82,5.82,6529092
2003-07-04,5.76,5.81,5.72,5.76,5.76,6135706
2003-07-07,5.73,5.77,5.68,5.73,5.73,3950937
2003-07-08,5.87,5.91,5.82,5.87,5.87,3974055
2003-07-09,5.89,5.94,5.84,5.89,5.89,3355722
2003-07-10,5.89,5.93,5.84,5.89,5.89,3813234
2003-07-11,5.86,5.91,5.82,5.86,5.86,9333856
2003-07-14,5.79,5.84,5.74,5.79,5.79,3963772
2003-07-15,5.81,5.85,5.76,5.81,5.81,6866435
2003-07-16,5.8,5.85,5.75,5.8,5.8,5141410
2003-07-17,5.85,5.89,5.8,5.85,5.85,4755346
2003-07-18,5.77,5.82,5.73,5.77,5.77,11834158
2003-07-21,5.67,5.72,5.62,5.67,5.67,5106863
2003-07-22,5.63,5.68,5.59,5.63,5.63,6055965
2003-07-23,5.87,5.92,5.83,5.87,5.87,5589044
2003-07-24,5.95,6.0,5.9,5.95,5.95,5116612
2003-07-25,5.95,6.0,5.9,5.95,5.95,5516058
2003-07-28,5.97,6.02,5.92,5.97,5.97,4078183
2003-07-29,5.97,6.02,5.92,5.97,5.97,4030262
2003-07-30,5.99,6.04,5.94,5.99,5.99,6997539
2003-07-31,5.93,5.98,5.88,5.93,5.93,7095470
2003-08-01,5.88,5.92,5.83,5.88,5.88,3177473
2003-08-04,5.87,5.92,5.82,5.87,5.87,4770202
2003-08-05,5.88,5.92,5.83,5.88,5.88,3945115
2003-08-06,5.8,5.85,5.75,5.8,5.8,2260168
2003-08-07,5.74,5.79,5.7,5.74,5.74,6622064
2003-08-08,5.79,5.84,5.74,5.79,5.79,8406759
2003-08-11,5.86,5.9,5.81,5.86,5.86,4369784
2003-08-12,5.79,5.84,5.75,5.79,5.79,7049448
2003-08-13,5.79,5.84,5.75,5.79,5.79,7157166
2003-08-14,5.73,5.77,5.68,5.73,5.73,8408392
2003-08-15,5.77,5.82,5.73,5.77,5.77,4558263
2003-08-18,5.78,5.82,5.73,5.78,5.78,6145749
2003-08-19,5.7,5.75,5.66,5.7,5.7,3789017
2003-08-20,5.66,5.71,5.62,5.66,5.66,8246180
2003-08-21,5.59,5.64,5.55,5.59,5.59,11487179
2003-08-22,5.5,5.54,5.45,5.5,5.5,8402659
2003-08-25,5.32,5.36,5.28,5.32,5.32,5177932
2003-08-26,5.46,5.5,5.41,5.46,5.46,3004147
2003-08-27,5.34,5.38,5.29,5.34,5.34,10922982
2003-08-28,5.33,5.38,5.29,5.33,5.33,3975378
2003-08-29,5.19,5.23,5.14,5.19,5.19,3743152
2003-09-01,5.14,5.18,5.09,5.14,5.14,6230535
2003-09-02,5.13,5.17,5.09,5.13,5.13,12960379
2003-09-03,5.18,5.22,5.14,5.18,5.18,1988425
2003-09-04,5.09,5.14,5.05,5.09,5.09,8546605
2003-09-05,5.11,5.15,5.07,5.11,5.11,2619297
2003-09-08,5.16,5.2,5.12,5.16,5.16,7883161
2003-09-09,5.17,5.21,5.12,5.17,5.17,8546626
2003-09-10,5.2,5.24,5.16,5.2,5.2,8426144
2003-09-11,5.12,5.16,5.08,5.12,5.12,4166094
2003-09-12,5.02,5.06,4.98,5.02,5.02,8056988
2003-09-15,5.26,5.3,5.22,5.26,5.26,17231483
2003-09-16,5.28,5.32,5.24,5.28,5.28,7348306
2003-09-17,5.23,5.27,5.19,5.23,5.23,4532531
2003-09-18,5.27,5.31,5.23,5.27,5.27,5356717
2003-09-19,5.25,5.29,5.21,5.25,5.25,7788159
2003-09-22,5.26,5.3,5.21,5.26,5.26,4021619
2003-09-23,5.21,5.25,5.16,5.21,5.21,6578679
2003-09-24,5.19,5.23,5.15,5.19,5.19,7094429
2003-09-25,5.2,5.24,5.15,5.2,5.2,3245334
2003-09-26,5.2,5.24,5.16,5.2,5.2,5683188
2003-09-29,5.23,5.27,5.19,5.23,5.23,6582017
2003-09-30,5.28,5.33,5.24,5.28,5.28,8329155
2003-10-01,5.14,5.18,5.1,5.14,5.14,5034999
2003-10-02,5.24,5.28,5.19,5.24,5.24,7819854
2003-10-03,5.38,5.42,5.33,5.38,5.38,4323687
2003-10-06,5.4,5.45,5.36,5.4,5.4,6111841
2003-10-07,5.37,5.41,5.33,5.37,5.37,4334842
2003-10-08,5.45,5.49,5.4,5.45,5.45,4994876
2003-10-09,5.41,5.45,5.37,5.41,5.41,5408040
2003-10-10,5.45,5.49,5.41,5.45,5.45,3926659
2003-10-13,5.51,5.56,5.47,5.51,5.51,5099401
2003-10-14,5.51,5.55,5.47,5.51,5.51,10100730
2003-10-15,5.54,5.58,5.49,5.54,5.54,5270415
2003-10-16,5.34,5.39,5.3,5.34,5.34,5047478
2003-10-17,5.21,5.25,5.17,5.21,5.21,9115655
2003-10-20,5.21,5.25,5.16,5.21,5.21,9598200
2003-10-21,5.1,5.14,5.06,5.1,5.1,7817178
2003-10-22,5.03,5.07,4.99,5.03,5.03,5378518
2003-10-23,5.02,5.06,4.98,5.02,5.02,10935822
2003-10-24,4.98,5.02,4.94,4.98,4.98,4347992
2003-10-27,4.92,4.96,4.88,4.92,4.92,3673861
2003-10-28,4.81,4.85,4.78,4.81,4.81,3455686
2003-10-29,4.91,4.95,4.87,4.91,4.91,6945940
2003-10-30,4.96,5.0,4.92,4.96,4.96,8421836
2003-10-31,4.94,4.97,4.9,4.94,4.94,5560053
2003-11-03,4.94,4.98,4.9,4.94,4.94,3986795
2003-11-04,4.99,5.03,4.95,4.99,4.99,2900819
2003-11-05,5.04,5.08,5.0,5.04,5.04,7547096
2003-11-06,4.99,5.03,4.95,4.99,4.99,3242220
2003-11-07,5.0,5.04,4.96,5.0,5.0,3263134
2003-11-10,5.04,5.08,5.0,5.04,5.04,7070677
2003-11-11,5.1,5.14,5.06,5.1,5.1,4120041
2003-11-12,5.07,5.11,5.03,5.07,5.07,8145234
2003-11-13,5.15,5.19,5.11,5.15,5.15,4770426
2003-11-14,5.05,5.1,5.01,5.05,5.05,8496417
2003-11-17,5.02,5.06,4.98,5.02,5.02,7188257
2003-11-18,5.02,5.06,4.98,5.02,5.02,4124783
2003-11-19,4.99,5.03,4.95,4.99,4.99,8089040
2003-11-20,5.02,5.06,4.98,5.02,5.02,4642730
2003-11-21,5.07,5.11,5.03,5.07,5.07,12186143
2003-11-24,5.17,5.21,5.13,5.17,5.17,6642854
2003-11-25,5.17,5.21,5.13,5.17,5.17,6827141
2003-11-26,5.05,5.09,5.01,5.05,5.05,5286459
2003-11-27,4.98,5.02,4.94,4.98,4.98,7386849
2003-11-28,4.8,4.83,4.76,4.8,4.8,4843247
2003-12-01,4.8,4.84,4.77,4.8,4.8,4397171
2003-12-02,4.79,4.83,4.75,4.79,4.79,5909978
2003-12-03,4.73,4.76,4.69,4.73,4.73,7689624
2003-12-04,4.73,4.76,4.69,4.73,4.73,5986259
2003-12-05,4.74,4.77,4.7,4.74,4.74,5183600
2003-12-08,4.77,4.8,4.73,4.77,4.77,5865273
2003-12-09,4.91,4.95,4.87,4.91,4.91,2244518
2003-12-10,4.9,4.93,4.86,4.9,4.9,5603184
2003-12-11,4.78,4.82,4.74,4.78,4.78,6424004
2003-12-12,4.68,4.72,4.65,4.68,4.68,11625078
2003-12-15,4.74,4.78,4.7,4.74,4.74,7147737
2003-12-16,4.79,4.83,4.75,4.79,4.79,7291112
2003-12-17,4.81,4.85,4.77,4.81,4.81,3645675
2003-12-18,4.87,4.9,4.83,4.87,4.87,7014948
2003-12-19,4.79,4.83,4.75,4.79,4.79,6105672
2003-12-22,4.81,4.85,4.77,4.81,4.81,5086323
2003-12-23,4.81,4.85,4.77,4.81,4.81,6926895
2003-12-24,4.78,4.82,4.74,4.78,4.78,13036632
2003-12-25,4.9,4.94,4.86,4.9,4.9,5836412
2003-12-26,4.92,4.96,4.88,4.92,4.92,3922690
2003-12-29,4.88,4.92,4.84,4.88,4.88,4502822
2003-12-30,4.91,4.95,4.87,4.91,4.91,5568722
2003-12-31,5.06,5.1,5.02,5.06,5.06,3094459
2004-01-01,4.93,4.97,4.89,4.93,4.93,7724701
2004-01-02,4.92,4.96,4.88,4.92,4.92,4071263
2004-01-05,4.98,5.02,4.94,4.98,4.98,5802232
2004-01-06,4.95,4.99,4.91,4.95,4.95,2541882
2004-01-07,4.95,4.99,4.91,4.95,4.95,4680930
2004-01-08,5.11,5.15,5.07,5.11,5.11,4710191
2004-01-09,5.23,5.27,5.19,5.23,5.23,5972266
2004-01-12,5.23,5.27,5.19,5.23,5.23,10837781
2004-01-13,5.18,5.22,5.14,5.18,5.18,3211438
2004-01-14,5.15,5.19,5.11,5.15,5.15,9628702
2004-01-15,5.22,5.26,5.18,5.22,5.22,7903146
2004-01-16,5.1,5.14,5.06,5.1,5.1,4788718
2004-01-19,5.09,5.13,5.05,5.09,5.09,7836545
2004-01-20,5.2,5.24,5.16,5.2,5.2,6392690
2004-01-21,5.19,5.23,5.14,5.19,5.19,3025318
2004-01-22,5.3,5.34,5.25,5.3,5.3,6102859
2004-01-23,5.31,5.35,5.27,5.31,5.31,3604572
2004-01-26,5.39,5.43,5.34,5.39,5.39,6575087
2004-01-27,5.27,5.31,5.23,5.27,5.27,5756437
2004-01-28,5.12,5.16,5.08,5.12,5.12,10200469
2004-01-29,5.06,5.1,5.02,5.06,5.06,5012952
2004-01-30,4.98,5.02,4.94,4.98,4.98,7985890
2004-02-02,4.86,4.9,4.82,4.86,4.86,3343548
2004-02-03,4.87,4.91,4.83,4.87,4.87,3991880
2004-02-04,4.81,4.85,4.77,4.81,4.81,7617141
2004-02-05,4.77,4.81,4.73,4.77,4.77,5054455
2004-02-06,4.66,4.7,4.62,4.66,4.66,7324105
2004-02-09,4.71,4.75,4.67,4.71,4.71,4991285
2004-02-10,4.74,4.77,4.7,4.74,4.74,2792328
2004-02-11,4.76,4.8,4.72,4.76,4.76,4331848
2004-02-12,4.82,4.85,4.78,4.82,4.82,5712580
2004-02-13,4.74,4.78,4.71,4.74,4.74,4730331
2004-02-16,4.68,4.72,4.64,4.68,4.68,9029789
2004-02-17,4.75,4.79,4.71,4.75,4.75,6213535
2004-02-18,4.82,4.86,4.79,4.82,4.82,4672056
2004-02-19,4.94,4.98,4.9,4.94,4.94,5121606
2004-02-20,4.91,4.95,4.87,4.91,4.91,5684403
2004-02-23,4.97,5.01,4.93,4.97,4.97,7567292
2004-02-24,4.99,5.03,4.95,4.99,4.99,2762109
2004-02-25,4.98,5.02,4.94,4.98,4.98,3872961
2004-02-26,5.15,5.19,5.11,5.15,5.15,5117053
2004-02-27,5.1,5.14,5.06,5.1,5.1,4077343
2004-03-01,5.22,5.26,5.18,5.22,5.22,4883382
2004-03-02,5.26,5.3,5.21,5.26,5.26,4606218
2004-03-03,5.25,5.29,5.21,5.25,5.25,7118263
2004-03-04,5.16,5.2,5.12,5.16,5.16,6536644
2004-03-05,5.02,5.06,4.98,5.02,5.02,6264853
2004-03-08,5.11,5.15,5.07,5.11,5.11,2982248
2004-03-09,5.17,5.21,5.13,5.17,5.17,7595846
2004-03-10,5.29,5.33,5.24,5.29,5.29,3358171
2004-03-11,5.2,5.24,5.16,5.2,5.2,3151799
2004-03-12,5.28,5.32,5.24,5.28,5.28,4518656
2004-03-15,5.28,5.33,5.24,5.28,5.28,6515284
2004-03-16,5.17,5.21,5.13,5.17,5.17,6463028
2004-03-17,5.29,5.33,5.25,5.29,5.29,1764524
2004-03-18,5.25,5.29,5.21,5.25,5.25,10069294
2004-03-19,5.31,5.36,5.27,5.31,5.31,4843562
2004-03-22,5.35,5.39,5.3,5.35,5.35,8687165
2004-03-23,5.39,5.43,5.34,5.39,5.39,7834695
2004-03-24,5.36,5.41,5.32,5.36,5.36,2578328
2004-03-25,5.36,5.4,5.31,5.36,5.36,6992708
2004-03-26,5.33,5.37,5.29,5.33,5.33,5270487
2004-03-29,5.26,5.3,5.22,5.26,5.26,4345087
2004-03-30,5.32,5.36,5.27,5.32,5.32,4995381
2004-03-31,5.4,5.45,5.36,5.4,5.4,5973255
2004-04-01,5.48,5.52,5.43,5.48,5.48,4550952
2004-04-02,5.54,5.59,5.5,5.54,5.54,9651979
2004-04-05,5.53,5.58,5.49,5.53,5.53,3351327
2004-04-06,5.46,5.5,5.41,5.46,5.46,8411748
2004-04-07,5.58,5.63,5.54,5.58,5.58,2632895
2004-04-08,5.55,5.59,5.51,5.55,5.55,5016684
2004-04-09,5.5,5.55,5.46,5.5,5.5,11946065
2004-04-12,5.65,5.69,5.6,5.65,5.65,5872160
2004-04-13,5.75,5.8,5.71,5.75,5.75,3954539
2004-04-14,5.87,5.92,5.83,5.87,5.87,10904851
2004-04-15,5.78,5.83,5.74,5.78,5.78,6628428
2004-04-16,5.85,5.9,5.8,5.85,5.85,3792174
2004-04-19,5.76,5.81,5.71,5.76,5.76,2048537
2004-04-20,5.72,5.77,5.67,5.72,5.72,9273594
2004-04-21,5.64,5.68,5.59,5.64,5.64,10638605
2004-04-22,5.59,5.64,5.55,5.59,5.59,3874005
2004-04-23,5.51,5.55,5.46,5.51,5.51,5483710
2004-04-26,5.62,5.66,5.57,5.62,5.62,3459006
2004-04-27,5.65,5.7,5.61,5.65,5.65,4758099
2004-04-28,5.59,5.64,5.55,5.59,5.59,10531504
2004-04-29,5.57,5.61,5.52,5.57,5.57,4974160
2004-04-30,5.75,5.79,5.7,5.75,5.75,5708147
2004-05-03,5.69,5.73,5.64,5.69,5.69,3029195
2004-05-04,5.73,5.77,5.68,5.73,5.73,9903232
2004-05-05,5.64,5.69,5.6,5.64,5.64,2778055
2004-05-06,5.59,5.64,5.55,5.59,5.59,5219437
2004-05-07,5.72,5.76,5.67,5.72,5.72,2548036
2004-05-10,5.64,5.69,5.6,5.64,5.64,13185007
2004-05-11,5.71,5.76,5.67,5.71,5.71,4376711
2004-05-12,5.71,5.76,5.67,5.71,5.71,4875639
2004-05-13,5.64,5.68,5.59,5.64,5.64,4043665
2004-05-14,5.63,5.67,5.58,5.63,5.63,3724897
2004-05-17,5.83,5.87,5.78,5.83,5.83,5617280
2004-05-18,5.93,5.97,5.88,5.93,5.93,5974400
2004-05-19,5.77,5.82,5.73,5.77,5.77,2896615
2004-05-20,5.9,5.95,5.86,5.9,5.9,5840858
2004-05-21,5.98,6.03,5.94,5.98,5.98,2595930
2004-05-24,5.83,5.88,5.79,5.83,5.83,6799873
2004-05-25,6.0,6.05,5.95,6.0,6.0,7998256
2004-05-26,5.87,5.92,5.83,5.87,5.87,7225097
2004-05-27,5.94,5.98,5.89,5.94,5.94,3918635
2004-05-28,5.98,6.02,5.93,5.98,5.98,5851872
2004-05-31,5.99,6.04,5.94,5.99,5.99,2293880
2004-06-01,5.94,5.99,5.89,5.94,5.94,4429091
2004-06-02,5.98,6.03,5.94,5.98,5.98,7532927
2004-06-03,5.92,5.97,5.88,5.92,5.92,5442254
2004-06-04,6.0,6.05,5.95,6.0,6.0,5555194
2004-06-07,5.93,5.98,5.88,5.93,5.93,3649640
2004-06-08,5.94,5.99,5.89,5.94,5.94,9837237
2004-06-09,5.89,5.94,5.85,5.89,5.89,6115598
2004-06-10,5.84,5.89,5.79,5.84,5.84,4743166
2004-06-11,5.88,5.93,5.84,5.88,5.88,10743512
2004-06-14,5.75,5.8,5.71,5.75,5.75,3639339
2004-06-15,5.89,5.93,5.84,5.89,5.89,2709101
2004-06-16,6.08,6.13,6.03,6.08,6.08,2787742
2004-06-17,6.08,6.12,6.03,6.08,6.08,2279383
2004-06-18,6.08,6.13,6.03,6.08,6.08,5396265
2004-06-21,6.06,6.11,6.02,6.06,6.06,3719374
2004-06-22,6.22,6.27,6.17,6.22,6.22,6008932
2004-06-23,6.28,6.33,6.23,6.28,6.28,5080012
2004-06-24,6.39,6.44,6.34,6.39,6.39,5126663
2004-06-25,6.46,6.52,6.41,6.46,6.46,7223753
2004-06-28,6.29,6.34,6.24,6.29,6.29,3091887
2004-06-29,6.29,6.34,6.24,6.29,6.29,7531380
2004-06-30,6.35,6.4,6.3,6.35,6.35,8358518
2004-07-01,6.15,6.2,6.11,6.15,6.15,5497394
2004-07-02,6.02,6.06,5.97,6.02,6.02,3013863
2004-07-05,5.95,6.0,5.9,5.95,5.95,3797241
2004-07-06,5.94,5.99,5.89,5.94,5.94,5979585
2004-07-07,6.1,6.15,6.05,6.1,6.1,4404075
2004-07-08,6.01,6.06,5.97,6.01,6.01,10680339
2004-07-09,5.9,5.94,5.85,5.9,5.9,4459933
2004-07-12,5.89,5.94,5.84,5.89,5.89,7261325
2004-07-13,5.89,5.93,5.84,5.89,5.89,4762945
2004-07-14,5.88,5.93,5.83,5.88,5.88,5264556
2004-07-15,5.84,5.88,5.79,5.84,5.84,3109631
2004-07-16,5.82,5.87,5.77,5.82,5.82,3806696
2004-07-19,5.67,5.71,5.62,5.67,5.67,9075784
2004-07-20,5.57,5.62,5.53,5.57,5.57,2557694
2004-07-21,5.48,5.52,5.43,5.48,5.48,4343030
2004-07-22,5.48,5.52,5.44,5.48,5.48,7174745
2004-07-23,5.44,5.49,5.4,5.44,5.44,6761347
2004-07-26,5.46,5.5,5.42,5.46,5.46,6042332
2004-07-27,5.52,5.57,5.48,5.52,5.52,7145829
2004-07-28,5.54,5.59,5.5,5.54,5.54,8475452
2004-07-29,5.59,5.63,5.54,5.59,5.59,7346001
2004-07-30,5.67,5.72,5.63,5.67,5.67,3874194
2004-08-02,5.56,5.61,5.52,5.56,5.56,5056711
2004-08-03,5.61,5.66,5.57,5.61,5.61,5282836
2004-08-04,5.67,5.71,5.62,5.67,5.67,6982451
2004-08-05,5.72,5.77,5.68,5.72,5.72,5754840
2004-08-06,5.7,5.74,5.65,5.7,5.7,6627979
2004-08-09,5.73,5.77,5.68,5.73,5.73,2155785
2004-08-10,5.68,5.72,5.63,5.68,5.68,5236933
2004-08-11,5.69,5.74,5.65,5.69,5.69,7018834
2004-08-12,5.6,5.65,5.56,5.6,5.6,5235892
2004-08-13,5.57,5.61,5.52,5.57,5.57,5318509
2004-08-16,5.37,5.41,5.33,5.37,5.37,9922390
2004-08-17,5.44,5.48,5.4,5.44,5.44,8576089
2004-08-18,5.46,5.5,5.42,5.46,5.46,3386652
2004-08-19,5.54,5.58,5.49,5.54,5.54,6158000
2004-08-20,5.61,5.65,5.56,5.61,5.61,10383020
2004-08-23,5.62,5.67,5.58,5.62,5.62,6278896
2004-08-24,5.58,5.62,5.53,5.58,5.58,2720009
2004-08-25,5.65,5.7,5.61,5.65,5.65,4046243
2004-08-26,5.62,5.66,5.58,5.62,5.62,3699866
2004-08-27,5.63,5.68,5.59,5.63,5.63,2218736
2004-08-30,5.73,5.77,5.68,5.73,5.73,2393615
2004-08-31,5.79,5.83,5.74,5.79,5.79,3336864
2004-09-01,5.77,5.82,5.73,5.77,5.77,5725430
2004-09-02,5.76,5.8,5.71,5.76,5.76,5641685
2004-09-03,5.78,5.82,5.73,5.78,5.78,3677471
2004-09-06,5.62,5.67,5.58,5.62,5.62,4764546
2004-09-07,5.7,5.74,5.65,5.7,5.7,4267298
2004-09-08,5.7,5.75,5.65,5.7,5.7,3184367
2004-09-09,5.76,5.81,5.72,5.76,5.76,3177862
2004-09-10,5.89,5.93,5.84,5.89,5.89,4091164
2004-09-13,5.8,5.85,5.76,5.8,5.8,8241869
2004-09-14,5.62,5.66,5.57,5.62,5.62,4984847
2004-09-15,5.73,5.77,5.68,5.73,5.73,7978393
2004-09-16,5.81,5.85,5.76,5.81,5.81,3250074
2004-09-17,5.91,5.96,5.87,5.91,5.91,5662411
2004-09-20,5.99,6.04,5.94,5.99,5.99,10770568
2004-09-21,5.98,6.03,5.93,5.98,5.98,5518830
2004-09-22,5.99,6.04,5.94,5.99,5.99,2806158
2004-09-23,5.99,6.04,5.95,5.99,5.99,9518154
2004-09-24,5.89,5.93,5.84,5.89,5.89,5108031
2004-09-27,5.87,5.92,5.82,5.87,5.87,4531287
2004-09-28,5.8,5.85,5.75,5.8,5.8,6698912
2004-09-29,5.8,5.84,5.75,5.8,5.8,7934961
2004-09-30,5.82,5.87,5.77,5.82,5.82,3031900
2004-10-01,5.81,5.86,5.76,5.81,5.81,5445941
2004-10-04,5.81,5.85,5.76,5.81,5.81,6949106
2004-10-05,5.84,5.88,5.79,5.84,5.84,1392417
2004-10-06,6.0,6.05,5.96,6.0,6.0,5854095
2004-10-07,6.03,6.08,5.99,6.03,6.03,5464955
2004-10-08,5.97,6.01,5.92,5.97,5.97,8990985
2004-10-11,5.97,6.02,5.92,5.97,5.97,6173034
2004-10-12,5.99,6.03,5.94,5.99,5.99,5516560
2004-10-13,6.14,6.19,6.1,6.14,6.14,8082734
2004-10-14,6.17,6.22,6.13,6.17,6.17,13453255
2004-10-15,6.24,6.29,6.19,6.24,6.24,2758489
2004-10-18,6.26,6.31,6.21,6.26,6.26,4724524
2004-10-19,6.3,6.35,6.25,6.3,6.3,5569153
2004-10-20,6.18,6.23,6.13,6.18,6.18,3575515
2004-10-21,6.28,6.33,6.23,6.28,6.28,3145771
2004-10-22,6.37,6.42,6.32,6.37,6.37,13994854
2004-10-25,6.32,6.37,6.27,6.32,6.32,3425639
2004-10-26,6.23,6.28,6.18,6.23,6.23,4932375
2004-10-27,6.28,6.33,6.23,6.28,6.28,4095483
2004-10-28,6.3,6.36,6.25,6.3,6.3,6911070
2004-10-29,6.35,6.4,6.3,6.35,6.35,6001155
2004-11-01,6.37,6.43,6.32,6.37,6.37,2773751
2004-11-02,6.29,6.34,6.24,6.29,6.29,5701663
2004-11-03,6.1,6.15,6.05,6.1,6.1,4982502
2004-11-04,6.03,6.07,5.98,6.03,6.03,4984984
2004-11-05,5.98,6.03,5.93,5.98,5.98,5495967
2004-11-08,6.08,6.13,6.03,6.08,6.08,3174504
2004-11-09,6.13,6.18,6.08,6.13,6.13,4984438
2004-11-10,6.17,6.22,6.12,6.17,6.17,4407187
2004-11-11,6.08,6.13,6.03,6.08,6.08,3088867
2004-11-12,6.07,6.11,6.02,6.07,6.07,10464729
2004-11-15,5.98,6.03,5.93,5.98,5.98,3270266
2004-11-16,6.05,6.1,6.0,6.05,6.05,2350908
2004-11-17,6.09,6.14,6.04,6.09,6.09,4392979
2004-11-18,6.16,6.21,6.11,6.16,6.16,3902011
2004-11-19,6.17,6.22,6.12,6.17,6.17,4246658
2004-11-22,6.09,6.13,6.04,6.09,6.09,4627133
2004-11-23,6.19,6.24,6.14,6.19,6.19,3123287
2004-11-24,6.2,6.25,6.15,6.2,6.2,6707810
2004-11-25,6.39,6.44,6.34,6.39,6.39,4515008
2004-11-26,6.36,6.41,6.31,6.36,6.36,3569926
2004-11-29,6.34,6.39,6.29,6.34,6.34,3711582
2004-11-30,6.44,6.49,6.39,6.44,6.44,4199784
2004-12-01,6.57,6.62,6.52,6.57,6.57,13062472
2004-12-02,6.42,6.47,6.37,6.42,6.42,4584072
2004-12-03,6.54,6.6,6.49,6.54,6.54,6834186
2004-12-06,6.47,6.52,6.42,6.47,6.47,10663018
2004-12-07,6.38,6.43,6.33,6.38,6.38,4250242
2004-12-08,6.41,6.47,6.36,6.41,6.41,4618049
2004-12-09,6.45,6.5,6.4,6.45,6.45,7136959
2004-12-10,6.36,6.41,6.31,6.36,6.36,6298992
2004-12-13,6.44,6.49,6.39,6.44,6.44,3578387
2004-12-14,6.33,6.38,6.28,6.33,6.33,4604206
2004-12-15,6.36,6.42,6.31,6.36,6.36,10178888
2004-12-16,6.37,6.42,6.32,6.37,6.37,10203315
2004-12-17,6.35,6.4,6.3,6.35,6.35,6324699
2004-12-20,6.21,6.26,6.16,6.21,6.21,3932768
2004-12-21,5.99,6.04,5.94,5.99,5.99,5471552
2004-12-22,5.98,6.03,5.93,5.98,5.98,11115071
2004-12-23,5.99,6.04,5.94,5.99,5.99,3087675
2004-12-24,5.95,6.0,5.9,5.95,5.95,4882158
2004-12-27,6.09,6.13,6.04,6.09,6.09,6015950
2004-12-28,6.04,6.09,5.99,6.04,6.04,5237182
2004-12-29,6.07,6.12,6.03,6.07,6.07,7315889
2004-12-30,6.01,6.06,5.96,6.01,6.01,2195609
2004-12-31,6.07,6.12,6.02,6.07,6.07,6263906
2005-01-03,6.24,6.29,6.19,6.24,6.24,4517958
2005-01-04,6.12,6.17,6.07,6.12,6.12,5136465
2005-01-05,6.1,6.15,6.05,6.1,6.1,7091405
2005-01-06,6.05,6.1,6.0,6.05,6.05,4645738
2005-01-07,6.0,6.05,5.95,6.0,6.0,2243904
2005-01-10,5.96,6.01,5.91,5.96,5.96,6687518
2005-01-11,5.81,5.85,5.76,5.81,5.81,7156363
2005-01-12,5.9,5.95,5.85,5.9,5.9,3109466
2005-01-13,5.99,6.04,5.94,5.99,5.99,8836092
2005-01-14,5.83,5.87,5.78,5.83,5.83,9432929
2005-01-17,5.78,5.82,5.73,5.78,5.78,3446756
2005-01-18,5.78,5.83,5.74,5.78,5.78,5073951
2005-01-19,5.82,5.87,5.78,5.82,5.82,6177479
2005-01-20,5.77,5.82,5.72,5.77,5.77,12458427
2005-01-21,5.66,5.7,5.61,5.66,5.66,5448957
2005-01-24,5.5,5.54,5.45,5.5,5.5,7764932
2005-01-25,5.47,5.51,5.42,5.47,5.47,6352789
2005-01-26,5.36,5.41,5.32,5.36,5.36,5132183
2005-01-27,5.3,5.34,5.26,5.3,5.3,7269571
2005-01-28,5.18,5.22,5.14,5.18,5.18,8331577
2005-01-31,5.28,5.32,5.24,5.28,5.28,3391902
2005-02-01,5.15,5.19,5.11,5.15,5.15,8515469
2005-02-02,5.18,5.22,5.14,5.18,5.18,6288641
2005-02-03,5.21,5.25,5.16,5.21,5.21,3622444
2005-02-04,5.23,5.27,5.18,5.23,5.23,3925217
2005-02-07,5.24,5.29,5.2,5.24,5.24,4247583
2005-02-08,5.15,5.19,5.11,5.15,5.15,6828155
2005-02-09,5.18,5.22,5.14,5.18,5.18,2970769
2005-02-10,5.19,5.23,5.15,5.19,5.19,2938071
2005-02-11,5.3,5.35,5.26,5.3,5.3,9094537
2005-02-14,5.23,5.27,5.18,5.23,5.23,6803597
2005-02-15,5.21,5.26,5.17,5.21,5.21,4306077
2005-02-16,5.19,5.23,5.14,5.19,5.19,6701684
2005-02-17,5.18,5.22,5.14,5.18,5.18,5325826
2005-02-18,5.19,5.23,5.15,5.19,5.19,6227075
2005-02-21,5.24,5.29,5.2,5.24,5.24,4731087
2005-02-22,5.28,5.32,5.24,5.28,5.28,4062712
2005-02-23,5.25,5.29,5.21,5.25,5.25,8686476
2005-02-24,5.34,5.38,5.29,5.34,5.34,4353380
2005-02-25,5.33,5.38,5.29,5.33,5.33,7478069
2005-02-28,5.42,5.46,5.37,5.42,5.42,10940141
2005-03-01,5.54,5.58,5.49,5.54,5.54,8825356
2005-03-02,5.54,5.59,5.5,5.54,5.54,5881393
2005-03-03,5.46,5.51,5.42,5.46,5.46,5200400
2005-03-04,5.36,5.41,5.32,5.36,5.36,8594392
2005-03-07,5.38,5.42,5.34,5.38,5.38,6993900
2005-03-08,5.49,5.53,5.45,5.49,5.49,5455588
2005-03-09,5.45,5.49,5.41,5.45,5.45,6257893
2005-03-10,5.4,5.44,5.35,5.4,5.4,5031141
2005-03-11,5.49,5.53,5.44,5.49,5.49,3773833
2005-03-14,5.46,5.5,5.42,5.46,5.46,4715580
2005-03-15,5.39,5.44,5.35,5.39,5.39,4598740
2005-03-16,5.49,5.54,5.45,5.49,5.49,6448472
2005-03-17,5.62,5.66,5.57,5.62,5.62,5310564
2005-03-18,5.56,5.6,5.51,5.56,5.56,4279389
2005-03-21,5.62,5.66,5.57,5.62,5.62,7028691
2005-03-22,5.67,5.71,5.62,5.67,5.67,3364302
2005-03-23,5.7,5.74,5.65,5.7,5.7,5936662
2005-03-24,5.82,5.87,5.77,5.82,5.82,4240620
2005-03-25,5.69,5.74,5.65,5.69,5.69,3090593
2005-03-28,5.64,5.69,5.6,5.64,5.64,6867636
2005-03-29,5.74,5.78,5.69,5.74,5.74,5581881
2005-03-30,5.8,5.85,5.75,5.8,5.8,3638254
2005-03-31,5.83,5.88,5.78,5.83,5.83,2979129
2005-04-01,5.96,6.0,5.91,5.96,5.96,6112991
2005-04-04,5.86,5.91,5.81,5.86,5.86,7695278
2005-04-05,5.76,5.81,5.72,5.76,5.76,6974205
2005-04-06,5.74,5.79,5.7,5.74,5.74,4598677
2005-04-07,5.74,5.78,5.69,5.74,5.74,6067326
2005-04-08,5.63,5.68,5.59,5.63,5.63,3064593
2005-04-11,5.54,5.59,5.5,5.54,5.54,3897034
2005-04-12,5.57,5.62,5.53,5.57,5.57,8119997
2005-04-13,5.64,5.68,5.59,5.64,5.64,3212351
2005-04-14,5.67,5.71,5.62,5.67,5.67,7051763
2005-04-15,5.81,5.86,5.77,5.81,5.81,3548189
2005-04-18,5.7,5.75,5.66,5.7,5.7,3918820
2005-04-19,5.73,5.78,5.69,5.73,5.73,2916800
2005-04-20,5.8,5.84,5.75,5.8,5.8,7223445
2005-04-21,5.75,5.8,5.71,5.75,5.75,4056941
2005-04-22,5.76,5.8,5.71,5.76,5.76,2333705
2005-04-25,5.73,5.78,5.69,5.73,5.73,4931468
2005-04-26,5.6,5.65,5.56,5.6,5.6,10762902
2005-04-27,5.46,5.5,5.41,5.46,5.46,3913665
2005-04-28,5.4,5.45,5.36,5.4,5.4,3708608
2005-04-29,5.37,5.42,5.33,5.37,5.37,3835239
2005-05-02,5.24,5.29,5.2,5.24,5.24,3088966
2005-05-03,5.22,5.26,5.18,5.22,5.22,2597153
2005-05-04,5.2,5.24,5.15,5.2,5.2,3546841
2005-05-05,5.11,5.15,5.07,5.11,5.11,2751644
2005-05-06,5.1,5.14,5.06,5.1,5.1,5549694
2005-05-09,5.1,5.14,5.06,5.1,5.1,2125148
2005-05-10,5.13,5.18,5.09,5.13,5.13,5723600
2005-05-11,5.12,5.16,5.08,5.12,5.12,9180895
2005-05-12,5.13,5.17,5.09,5.13,5.13,6157348
2005-05-13,5.12,5.16,5.08,5.12,5.12,5456739
2005-05-16,5.21,5.26,5.17,5.21,5.21,5044012
2005-05-17,5.23,5.27,5.19,5.23,5.23,8348607
2005-05-18,5.13,5.17,5.09,5.13,5.13,4293016
2005-05-19,5.36,5.4,5.32,5.36,5.36,5710985
2005-05-20,5.44,5.48,5.4,5.44,5.44,4296415
2005-05-23,5.49,5.53,5.45,5.49,5.49,2875574
2005-05-24,5.5,5.55,5.46,5.5,5.5,5238657
2005-05-25,5.52,5.56,5.48,5.52,5.52,7240996
2005-05-26,5.54,5.59,5.5,5.54,5.54,7108338
2005-05-27,5.67,5.72,5.63,5.67,5.67,3077915
2005-05-30,5.68,5.72,5.63,5.68,5.68,4933663
2005-05-31,5.77,5.81,5.72,5.77,5.77,5174591
2005-06-01,5.8,5.85,5.75,5.8,5.8,4153456
2005-06-02,5.73,5.78,5.69,5.73,5.73,6503538
2005-06-03,5.78,5.83,5.74,5.78,5.78,6207497
2005-06-06,5.7,5.75,5.66,5.7,5.7,12949686
2005-06-07,5.86,5.91,5.81,5.86,5.86,7618350
2005-06-08,5.9,5.94,5.85,5.9,5.9,2671530
2005-06-09,5.86,5.91,5.81,5.86,5.86,7396894
2005-06-10,5.9,5.94,5.85,5.9,5.9,4465274
2005-06-13,5.81,5.86,5.76,5.81,5.81,4149434
2005-06-14,5.9,5.95,5.86,5.9,5.9,6924178
2005-06-15,5.84,5.89,5.79,5.84,5.84,5088545
2005-06-16,5.78,5.83,5.74,5.78,5.78,6009888
2005-06-17,5.73,5.77,5.68,5.73,5.73,6516006
2005-06-20,5.7,5.74,5.65,5.7,5.7,6258374
2005-06-21,5.59,5.64,5.55,5.59,5.59,6598974
2005-06-22,5.7,5.74,5.65,5.7,5.7,2588542
2005-06-23,5.84,5.89,5.79,5.84,5.84,2790081
2005-06-24,5.89,5.94,5.85,5.89,5.89,7667988
2005-06-27,5.89,5.93,5.84,5.89,5.89,6982646
2005-06-28,5.9,5.94,5.85,5.9,5.9,11250788
2005-06-29,5.93,5.98,5.88,5.93,5.93,3660830
2005-06-30,5.99,6.04,5.94,5.99,5.99,4444138
2005-07-01,5.96,6.0,5.91,5.96,5.96,1644988
2005-07-04,5.88,5.93,5.83,5.88,5.88,3171913
2005-07-05,5.75,5.8,5.71,5.75,5.75,6642371
2005-07-06,5.73,5.77,5.68,5.73,5.73,3473147
2005-07-07,5.65,5.69,5.6,5.65,5.65,8810732
2005-07-08,5.48,5.52,5.43,5.48,5.48,7495003
2005-07-11,5.54,5.59,5.5,5.54,5.54,5293901
2005-07-12,5.47,5.52,5.43,5.47,5.47,6405790
2005-07-13,5.54,5.59,5.5,5.54,5.54,4264402
2005-07-14,5.6,5.65,5.56,5.6,5.6,5265503
2005-07-15,5.64,5.69,5.6,5.64,5.64,5983857
2005-07-18,5.73,5.78,5.69,5.73,5.73,4250513
2005-07-19,5.73,5.77,5.68,5.73,5.73,14003677
2005-07-20,5.69,5.74,5.65,5.69,5.69,6313465
2005-07-21,5.65,5.7,5.6,5.65,5.65,4925893
2005-07-22,5.64,5.69,5.6,5.64,5.64,3200980
2005-07-25,5.54,5.58,5.49,5.54,5.54,7537891
2005-07-26,5.44,5.49,5.4,5.44,5.44,6771652
2005-07-27,5.52,5.56,5.47,5.52,5.52,7514715
2005-07-28,5.41,5.45,5.37,5.41,5.41,8300202
2005-07-29,5.42,5.46,5.37,5.42,5.42,6262253
2005-08-01,5.47,5.51,5.43,5.47,5.47,7494000
2005-08-02,5.36,5.4,5.32,5.36,5.36,3868591
2005-08-03,5.37,5.41,5.33,5.37,5.37,4164872
2005-08-04,5.36,5.4,5.31,5.36,5.36,9335524
2005-08-05,5.27,5.31,5.23,5.27,5.27,6790162
2005-08-08,5.24,5.28,5.19,5.24,5.24,8272104
2005-08-09,5.21,5.25,5.17,5.21,5.21,4129645
2005-08-10,5.11,5.15,5.07,5.11,5.11,3170091
2005-08-11,5.04,5.08,5.0,5.04,5.04,7843853
2005-08-12,5.02,5.06,4.98,5.02,5.02,4724095
2005-08-15,5.13,5.17,5.09,5.13,5.13,4865891
2005-08-16,5.14,5.18,5.1,5.14,5.14,3898293
2005-08-17,5.16,5.2,5.12,5.16,5.16,6261544
2005-08-18,5.19,5.23,5.15,5.19,5.19,2990230
2005-08-19,5.21,5.25,5.17,5.21,5.21,2998786
2005-08-22,5.31,5.36,5.27,5.31,5.31,6101481
2005-08-23,5.26,5.3,5.22,5.26,5.26,3159256
2005-08-24,5.25,5.3,5.21,5.25,5.25,4629932
2005-08-25,5.48,5.52,5.44,5.48,5.48,4960326
2005-08-26,5.49,5.53,5.45,5.49,5.49,13378435
2005-08-29,5.39,5.43,5.34,5.39,5.39,4017479
2005-08-30,5.35,5.39,5.31,5.35,5.35,4217314
2005-08-31,5.42,5.47,5.38,5.42,5.42,6818109
2005-09-01,5.57,5.62,5.53,5.57,5.57,10882216
2005-09-02,5.49,5.53,5.44,5.49,5.49,8817609
2005-09-05,5.52,5.57,5.48,5.52,5.52,3775407
2005-09-06,5.44,5.48,5.4,5.44,5.44,4501572
2005-09-07,5.51,5.56,5.47,5.51,5.51,5101119
2005-09-08,5.49,5.53,5.44,5.49,5.49,4606196
2005-09-09,5.49,5.53,5.44,5.49,5.49,7437353
2005-09-12,5.56,5.6,5.51,5.56,5.56,4099043
2005-09-13,5.4,5.44,5.35,5.4,5.4,8358086
2005-09-14,5.3,5.35,5.26,5.3,5.3,4533686
2005-09-15,5.3,5.35,5.26,5.3,5.3,5953797
2005-09-16,5.43,5.48,5.39,5.43,5.43,5194332
2005-09-19,5.37,5.41,5.33,5.37,5.37,3440429
2005-09-20,5.41,5.46,5.37,5.41,5.41,4084698
2005-09-21,5.33,5.37,5.29,5.33,5.33,4993509
2005-09-22,5.35,5.39,5.31,5.35,5.35,5099134
2005-09-23,5.41,5.45,5.37,5.41,5.41,3878045
2005-09-26,5.38,5.42,5.34,5.38,5.38,3600677
2005-09-27,5.4,5.44,5.35,5.4,5.4,7571119
2005-09-28,5.41,5.45,5.37,5.41,5.41,3544898
2005-09-29,5.36,5.4,5.31,5.36,5.36,5915411
2005-09-30,5.44,5.49,5.4,5.44,5.44,6520000
2005-10-03,5.3,5.35,5.26,5.3,5.3,9029560
2005-10-04,5.3,5.34,5.25,5.3,5.3,6030036
2005-10-05,5.21,5.25,5.17,5.21,5.21,6379475
2005-10-06,5.17,5.21,5.13,5.17,5.17,3334017
2005-10-07,5.05,5.09,5.01,5.05,5.05,6001234
2005-10-10,5.05,5.09,5.01,5.05,5.05,5092742
2005-10-11,4.99,5.03,4.95,4.99,4.99,8720192
2005-10-12,4.94,4.98,4.9,4.94,4.94,3685552
2005-10-13,4.92,4.96,4.88,4.92,4.92,7654318
2005-10-14,4.9,4.93,4.86,4.9,4.9,6848657
2005-10-17,4.86,4.9,4.82,4.86,4.86,3200856
2005-10-18,4.86,4.9,4.82,4.86,4.86,5669428
2005-10-19,4.81,4.85,4.77,4.81,4.81,9305689
2005-10-20,4.84,4.88,4.8,4.84,4.84,6317143
2005-10-21,4.92,4.95,4.88,4.92,4.92,4491381
2005-10-24,5.01,5.05,4.97,5.01,5.01,5098374
2005-10-25,5.02,5.06,4.98,5.02,5.02,5163305
2005-10-26,5.05,5.1,5.01,5.05,5.05,4209006
2005-10-27,5.07,5.11,5.03,5.07,5.07,13225313
2005-10-28,5.08,5.12,5.04,5.08,5.08,10871361
2005-10-31,5.18,5.22,5.13,5.18,5.18,4623942
2005-11-01,5.27,5.31,5.23,5.27,5.27,7682887
2005-11-02,5.25,5.29,5.21,5.25,5.25,4424288
2005-11-03,5.2,5.24,5.16,5.2,5.2,9726337
2005-11-04,5.36,5.4,5.32,5.36,5.36,3484113
2005-11-07,5.36,5.4,5.32,5.36,5.36,5193412
2005-11-08,5.2,5.24,5.15,5.2,5.2,3610239
2005-11-09,5.24,5.28,5.2,5.24,5.24,2669896
2005-11-10,5.24,5.28,5.2,5.24,5.24,3152825
2005-11-11,5.25,5.3,5.21,5.25,5.25,5519573
2005-11-14,5.29,5.33,5.24,5.29,5.29,5443011
2005-11-15,5.25,5.3,5.21,5.25,5.25,4658378
2005-11-16,5.22,5.26,5.18,5.22,5.22,7437942
2005-11-17,5.22,5.26,5.18,5.22,5.22,5059826
2005-11-18,5.3,5.35,5.26,5.3,5.3,4165602
2005-11-21,5.23,5.27,5.19,5.23,5.23,5224134
2005-11-22,5.15,5.19,5.11,5.15,5.15,3089860
2005-11-23,5.05,5.09,5.01,5.05,5.05,5162331
2005-11-24,4.96,5.0,4.92,4.96,4.96,3372630
2005-11-25,4.87,4.91,4.83,4.87,4.87,3008589
2005-11-28,4.94,4.98,4.9,4.94,4.94,6809455
2005-11-29,4.93,4.97,4.89,4.93,4.93,4282365
2005-11-30,4.98,5.02,4.94,4.98,4.98,6017671
2005-12-01,5.05,5.09,5.01,5.05,5.05,2068392
2005-12-02,5.12,5.16,5.08,5.12,5.12,9079201
2005-12-05,5.18,5.23,5.14,5.18,5.18,5663510
2005-12-06,5.22,5.26,5.17,5.22,5.22,6293540
2005-12-07,5.16,5.2,5.12,5.16,5.16,4499973
2005-12-08,5.17,5.21,5.13,5.17,5.17,4720194
2005-12-09,5.05,5.09,5.01,5.05,5.05,6128419
2005-12-12,5.06,5.1,5.02,5.06,5.06,4193916
2005-12-13,5.01,5.05,4.97,5.01,5.01,8890203
2005-12-14,4.94,4.98,4.9,4.94,4.94,4608531
2005-12-15,5.01,5.05,4.97,5.01,5.01,4498806
2005-12-16,5.1,5.14,5.06,5.1,5.1,6595333
2005-12-19,5.07,5.11,5.03,5.07,5.07,5856809
2005-12-20,5.09,5.13,5.05,5.09,5.09,4984662
2005-12-21,5.13,5.17,5.08,5.13,5.13,6470394
2005-12-22,5.07,5.11,5.03,5.07,5.07,8004619
2005-12-23,4.95,4.99,4.91,4.95,4.95,5092289
2005-12-26,5.02,5.06,4.98,5.02,5.02,4305577
2005-12-27,5.07,5.11,5.02,5.07,5.07,5205107
2005-12-28,5.15,5.19,5.11,5.15,5.15,9951395
2005-12-29,5.15,5.19,5.11,5.15,5.15,8277319
2005-12-30,5.07,5.11,5.03,5.07,5.07,5138282
2006-01-02,4.94,4.98,4.9,4.94,4.94,4503869
2006-01-03,4.94,4.97,4.9,4.94,4.94,2064484
2006-01-04,4.91,4.95,4.87,4.91,4.91,4899321
2006-01-05,5.01,5.05,4.97,5.01,5.01,2914240
2006-01-06,5.0,5.04,4.96,5.0,5.0,7216355
2006-01-09,4.93,4.97,4.89,4.93,4.93,3666344
2006-01-10,4.89,4.93,4.85,4.89,4.89,7255718
2006-01-11,4.88,4.92,4.84,4.88,4.88,5433228
2006-01-12,4.94,4.98,4.9,4.94,4.94,7597735
2006-01-13,4.93,4.97,4.89,4.93,4.93,4831297
2006-01-16,5.04,5.08,5.0,5.04,5.04,4944127
2006-01-17,5.07,5.11,5.03,5.07,5.07,2360765
2006-01-18,5.04,5.08,5.0,5.04,5.04,5995431
2006-01-19,5.15,5.19,5.11,5.15,5.15,6488301
2006-01-20,5.25,5.3,5.21,5.25,5.25,5907669
2006-01-23,5.4,5.44,5.35,5.4,5.4,8550357
2006-01-24,5.24,5.28,5.2,5.24,5.24,5218110
2006-01-25,5.19,5.24,5.15,5.19,5.19,6622083
2006-01-26,5.26,5.3,5.22,5.26,5.26,10668671
2006-01-27,5.27,5.31,5.22,5.27,5.27,3334684
2006-01-30,5.23,5.27,5.18,5.23,5.23,11282953
2006-01-31,5.32,5.36,5.28,5.32,5.32,7402949
2006-02-01,5.29,5.33,5.24,5.29,5.29,8002148
2006-02-02,5.25,5.29,5.21,5.25,5.25,2022628
2006-02-03,5.25,5.29,5.21,5.25,5.25,6766183
2006-02-06,5.28,5.32,5.23,5.28,5.28,4456167
2006-02-07,5.15,5.19,5.11,5.15,5.15,6259138
2006-02-08,5.18,5.22,5.14,5.18,5.18,6307947
2006-02-09,5.17,5.21,5.13,5.17,5.17,3906488
2006-02-10,5.19,5.23,5.15,5.19,5.19,2378418
2006-02-13,5.35,5.39,5.3,5.35,5.35,9482002
2006-02-14,5.48,5.52,5.44,5.48,5.48,7155946
2006-02-15,5.51,5.55,5.47,5.51,5.51,2012339
2006-02-16,5.5,5.55,5.46,5.5,5.5,3207960
2006-02-17,5.55,5.6,5.51,5.55,5.55,4372467
2006-02-20,5.67,5.72,5.63,5.67,5.67,11624156
2006-02-21,5.68,5.73,5.64,5.68,5.68,4495011
2006-02-22,5.76,5.81,5.72,5.76,5.76,6306009
2006-02-23,5.75,5.8,5.7,5.75,5.75,5024156
2006-02-24,5.72,5.77,5.67,5.72,5.72,9996259
2006-02-27,5.82,5.86,5.77,5.82,5.82,4965268
2006-02-28,5.88,5.93,5.84,5.88,5.88,7187335
2006-03-01,5.9,5.95,5.86,5.9,5.9,11505944
2006-03-02,5.7,5.74,5.65,5.7,5.7,4422663
2006-03-03,5.69,5.74,5.65,5.69,5.69,3200534
2006-03-06,5.73,5.77,5.68,5.73,5.73,4834949
2006-03-07,5.58,5.62,5.53,5.58,5.58,6971474
2006-03-08,5.54,5.58,5.49,5.54,5.54,2077035
2006-03-09,5.58,5.63,5.54,5.58,5.58,5280053
2006-03-10,5.61,5.65,5.56,5.61,5.61,7841630
2006-03-13,5.68,5.73,5.64,5.68,5.68,5837740
2006-03-14,5.62,5.66,5.57,5.62,5.62,8546236
2006-03-15,5.52,5.56,5.47,5.52,5.52,2645903
2006-03-16,5.61,5.66,5.57,5.61,5.61,4984683
2006-03-17,5.6,5.64,5.55,5.6,5.6,5151013
2006-03-20,5.61,5.65,5.56,5.61,5.61,3679482
2006-03-21,5.7,5.74,5.65,5.7,5.7,6383484
2006-03-22,5.75,5.79,5.7,5.75,5.75,8456419
2006-03-23,5.61,5.65,5.56,5.61,5.61,4429827
2006-03-24,5.66,5.7,5.61,5.66,5.66,5048000
2006-03-27,5.77,5.81,5.72,5.77,5.77,3568001
2006-03-28,5.83,5.88,5.78,5.83,5.83,4075495
2006-03-29,5.88,5.93,5.84,5.88,5.88,3981997
2006-03-30,5.9,5.95,5.85,5.9,5.9,6144752
2006-03-31,5.88,5.93,5.83,5.88,5.88,5750117
2006-04-03,5.79,5.83,5.74,5.79,5.79,5997104
2006-04-04,5.87,5.92,5.82,5.87,5.87,3805925
2006-04-05,5.92,5.96,5.87,5.92,5.92,3116121
2006-04-06,6.18,6.23,6.13,6.18,6.18,5191225
2006-04-07,6.29,6.34,6.24,6.29,6.29,6975664
2006-04-10,6.23,6.28,6.18,6.23,6.23,3504081
2006-04-11,6.27,6.32,6.22,6.27,6.27,6889616
2006-04-12,6.36,6.41,6.31,6.36,6.36,5524662
2006-04-13,6.32,6.37,6.27,6.32,6.32,5600321
2006-04-14,6.25,6.3,6.2,6.25,6.25,4750080
2006-04-17,6.3,6.35,6.25,6.3,6.3,3080866
2006-04-18,6.36,6.41,6.31,6.36,6.36,1893600
2006-04-19,6.32,6.37,6.27,6.32,6.32,7373315
2006-04-20,6.3,6.35,6.25,6.3,6.3,4873742
2006-04-21,6.33,6.38,6.28,6.33,6.33,4316625
2006-04-24,6.35,6.4,6.3,6.35,6.35,4534997
2006-04-25,6.37,6.42,6.32,6.37,6.37,6599367
2006-04-26,6.35,6.4,6.29,6.35,6.35,6262409
2006-04-27,6.28,6.33,6.23,6.28,6.28,4880067
2006-04-28,6.35,6.4,6.3,6.35,6.35,6523526
2006-05-01,6.32,6.37,6.27,6.32,6.32,5890853
2006-05-02,6.35,6.4,6.3,6.35,6.35,3107673
2006-05-03,6.18,6.23,6.13,6.18,6.18,5823285
2006-05-04,6.26,6.31,6.21,6.26,6.26,4558275
2006-05-05,6.26,6.31,6.21,6.26,6.26,3344310
2006-05-08,6.32,6.37,6.27,6.32,6.32,4353055
2006-05-09,6.2,6.25,6.15,6.2,6.2,6335913
2006-05-10,6.21,6.26,6.16,6.21,6.21,3427150
2006-05-11,6.08,6.13,6.03,6.08,6.08,4587266
2006-05-12,6.08,6.13,6.03,6.08,6.08,7871083
2006-05-15,6.08,6.13,6.04,6.08,6.08,14244608
2006-05-16,6.06,6.11,6.01,6.06,6.06,8261189
2006-05-17,5.99,6.04,5.94,5.99,5.99,6818715
2006-05-18,5.97,6.02,5.92,5.97,5.97,5234662
2006-05-19,5.94,5.99,5.89,5.94,5.94,4056829
2006-05-22,5.83,5.87,5.78,5.83,5.83,5502555
2006-05-23,5.9,5.95,5.85,5.9,5.9,14330630
2006-05-24,5.86,5.91,5.81,5.86,5.86,5020592
2006-05-25,5.8,5.85,5.76,5.8,5.8,4046282
2006-05-26,5.78,5.82,5.73,5.78,5.78,11243501
2006-05-29,5.79,5.84,5.75,5.79,5.79,9133686
2006-05-30,5.7,5.74,5.65,5.7,5.7,4679144
2006-05-31,5.73,5.78,5.68,5.73,5.73,4966259
2006-06-01,5.88,5.93,5.84,5.88,5.88,3562376
2006-06-02,6.0,6.05,5.95,6.0,6.0,2329922
2006-06-05,5.94,5.99,5.89,5.94,5.94,2911786
2006-06-06,5.87,5.91,5.82,5.87,5.87,6421912
2006-06-07,5.86,5.91,5.82,5.86,5.86,6095639
2006-06-08,5.79,5.84,5.75,5.79,5.79,2120828
2006-06-09,5.87,5.92,5.83,5.87,5.87,6226652
2006-06-12,5.87,5.92,5.82,5.87,5.87,5912233
2006-06-13,5.91,5.96,5.87,5.91,5.91,4276814
2006-06-14,5.92,5.97,5.87,5.92,5.92,3222174
2006-06-15,5.78,5.83,5.73,5.78,5.78,10842975
2006-06-16,5.76,5.81,5.72,5.76,5.76,14191837
2006-06-19,5.77,5.82,5.72,5.77,5.77,2569678
2006-06-20,5.65,5.69,5.6,5.65,5.65,9858076
2006-06-21,5.57,5.61,5.53,5.57,5.57,5517228
2006-06-22,5.6,5.64,5.56,5.6,5.6,6640257
2006-06-23,5.52,5.57,5.48,5.52,5.52,7595266
2006-06-26,5.65,5.69,5.6,5.65,5.65,9023969
2006-06-27,5.71,5.75,5.66,5.71,5.71,2496285
2006-06-28,5.73,5.78,5.68,5.73,5.73,8982045
2006-06-29,5.94,5.99,5.9,5.94,5.94,3516610
2006-06-30,5.91,5.96,5.86,5.91,5.91,6170244
2006-07-03,5.99,6.04,5.94,5.99,5.99,7234089
2006-07-04,5.9,5.94,5.85,5.9,5.9,8194567
2006-07-05,5.96,6.01,5.91,5.96,5.96,5688023
2006-07-06,5.97,6.02,5.92,5.97,5.97,4235275
2006-07-07,6.06,6.11,6.01,6.06,6.06,4448735
2006-07-10,5.99,6.04,5.94,5.99,5.99,3970104
2006-07-11,6.03,6.08,5.98,6.03,6.03,4401578
2006-07-12,6.04,6.09,5.99,6.04,6.04,7022851
2006-07-13,6.14,6.19,6.09,6.14,6.14,10511251
2006-07-14,6.07,6.12,6.02,6.07,6.07,6983045
2006-07-17,6.05,6.1,6.0,6.05,6.05,4757409
2006-07-18,6.13,6.18,6.08,6.13,6.13,4417039
2006-07-19,6.18,6.23,6.13,6.18,6.18,7128052
2006-07-20,6.14,6.19,6.09,6.14,6.14,3978037
2006-07-21,6.16,6.21,6.11,6.16,6.16,4432614
2006-07-24,6.28,6.33,6.23,6.28,6.28,5454160
2006-07-25,6.23,6.27,6.18,6.23,6.23,7637101
2006-07-26,6.14,6.19,6.09,6.14,6.14,2426284
2006-07-27,6.1,6.15,6.05,6.1,6.1,6528476
2006-07-28,5.99,6.03,5.94,5.99,5.99,6554626
2006-07-31,5.87,5.91,5.82,5.87,5.87,5366090
2006-08-01,5.94,5.99,5.89,5.94,5.94,3696526
2006-08-02,5.86,5.91,5.81,5.86,5.86,4219578
2006-08-03,5.82,5.87,5.77,5.82,5.82,3171904
2006-08-04,5.84,5.89,5.79,5.84,5.84,7238133
2006-08-07,5.83,5.88,5.79,5.83,5.83,4404536
2006-08-08,5.87,5.92,5.83,5.87,5.87,5181300
2006-08-09,5.81,5.85,5.76,5.81,5.81,6667347
2006-08-10,5.77,5.82,5.73,5.77,5.77,6441821
2006-08-11,5.87,5.92,5.82,5.87,5.87,6880431
2006-08-14,5.79,5.84,5.75,5.79,5.79,4724812
2006-08-15,5.64,5.69,5.6,5.64,5.64,2353008
2006-08-16,5.5,5.54,5.46,5.5,5.5,3676802
2006-08-17,5.37,5.41,5.32,5.37,5.37,8451049
2006-08-18,5.48,5.52,5.43,5.48,5.48,4990487
2006-08-21,5.57,5.61,5.52,5.57,5.57,6539616
2006-08-22,5.65,5.7,5.61,5.65,5.65,3384991
2006-08-23,5.67,5.72,5.63,5.67,5.67,4245737
2006-08-24,5.76,5.8,5.71,5.76,5.76,3030252
2006-08-25,5.68,5.72,5.63,5.68,5.68,2842436
2006-08-28,5.71,5.75,5.66,5.71,5.71,7480060
2006-08-29,5.75,5.8,5.7,5.75,5.75,5739880
2006-08-30,5.73,5.78,5.68,5.73,5.73,8555952
2006-08-31,5.76,5.81,5.71,5.76,5.76,10142381
2006-09-01,5.66,5.71,5.61,5.66,5.66,6335071
2006-09-04,5.76,5.8,5.71,5.76,5.76,6878865
2006-09-05,5.7,5.75,5.66,5.7,5.7,3859938
2006-09-06,5.69,5.73,5.64,5.69,5.69,4498890
2006-09-07,5.73,5.78,5.68,5.73,5.73,5142338
2006-09-08,5.81,5.85,5.76,5.81,5.81,7021786
2006-09-11,5.77,5.81,5.72,5.77,5.77,3950151
2006-09-12,5.76,5.8,5.71,5.76,5.76,6198289
2006-09-13,5.76,5.8,5.71,5.76,5.76,7152138
2006-09-14,5.67,5.72,5.63,5.67,5.67,6339779
2006-09-15,5.45,5.49,5.41,5.45,5.45,12041902
2006-09-18,5.41,5.46,5.37,5.41,5.41,7472403
2006-09-19,5.39,5.43,5.34,5.39,5.39,8919273
2006-09-20,5.36,5.4,5.31,5.36,5.36,4508418
2006-09-21,5.41,5.46,5.37,5.41,5.41,3783035
2006-09-22,5.4,5.44,5.35,5.4,5.4,9502202
2006-09-25,5.6,5.64,5.56,5.6,5.6,9999726
2006-09-26,5.59,5.64,5.55,5.59,5.59,3188983
2006-09-27,5.65,5.69,5.6,5.65,5.65,2526719
2006-09-28,5.61,5.65,5.56,5.61,5.61,3680899
2006-09-29,5.68,5.72,5.63,5.68,5.68,7205429
2006-10-02,5.74,5.79,5.69,5.74,5.74,2303081
2006-10-03,5.68,5.72,5.63,5.68,5.68,11656997
2006-10-04,5.65,5.7,5.61,5.65,5.65,5734975
2006-10-05,5.55,5.59,5.5,5.55,5.55,3240294
2006-10-06,5.54,5.58,5.49,5.54,5.54,3839012
2006-10-09,5.61,5.65,5.56,5.61,5.61,11069895
2006-10-10,5.59,5.64,5.55,5.59,5.59,5214454
2006-10-11,5.63,5.67,5.58,5.63,5.63,7268218
2006-10-12,5.5,5.55,5.46,5.5,5.5,4562498
2006-10-13,5.43,5.47,5.38,5.43,5.43,4326926
2006-10-16,5.43,5.47,5.39,5.43,5.43,4146599
2006-10-17,5.43,5.48,5.39,5.43,5.43,7849870
2006-10-18,5.54,5.59,5.5,5.54,5.54,4468399
2006-10-19,5.52,5.56,5.47,5.52,5.52,6948184
2006-10-20,5.52,5.57,5.48,5.52,5.52,8147987
2006-10-23,5.6,5.65,5.56,5.6,5.6,5657221
2006-10-24,5.56,5.6,5.51,5.56,5.56,7532908
2006-10-25,5.57,5.61,5.52,5.57,5.57,2580300
2006-10-26,5.5,5.54,5.45,5.5,5.5,6044044
2006-10-27,5.54,5.58,5.5,5.54,5.54,2736894
2006-10-30,5.59,5.64,5.55,5.59,5.59,4707698
2006-10-31,5.68,5.72,5.63,5.68,5.68,4471616
2006-11-01,5.62,5.66,5.57,5.62,5.62,6791298
2006-11-02,5.61,5.66,5.57,5.61,5.61,6666310
2006-11-03,5.66,5.71,5.62,5.66,5.66,4892903
2006-11-06,5.59,5.64,5.55,5.59,5.59,6990391
2006-11-07,5.66,5.7,5.61,5.66,5.66,7793183
2006-11-08,5.68,5.73,5.64,5.68,5.68,3908148
2006-11-09,5.59,5.64,5.55,5.59,5.59,4983375
2006-11-10,5.59,5.63,5.54,5.59,5.59,4824055
2006-11-13,5.49,5.53,5.44,5.49,5.49,4661839
2006-11-14,5.55,5.6,5.51,5.55,5.55,10390557
2006-11-15,5.59,5.64,5.55,5.59,5.59,5309859
2006-11-16,5.72,5.77,5.68,5.72,5.72,10492868
2006-11-17,5.75,5.79,5.7,5.75,5.75,9288417
2006-11-20,5.64,5.68,5.59,5.64,5.64,7386459
2006-11-21,5.4,5.44,5.35,5.4,5.4,7003127
2006-11-22,5.35,5.39,5.3,5.35,5.35,5684397
2006-11-23,5.23,5.27,5.18,5.23,5.23,4500893
2006-11-24,5.23,5.27,5.18,5.23,5.23,2100755
2006-11-27,5.17,5.21,5.13,5.17,5.17,7789142
2006-11-28,5.2,5.24,5.16,5.2,5.2,7438172
2006-11-29,5.1,5.15,5.06,5.1,5.1,5947207
2006-11-30,5.18,5.22,5.14,5.18,5.18,2430101
2006-12-01,5.13,5.17,5.09,5.13,5.13,4134541
2006-12-04,5.21,5.26,5.17,5.21,5.21,10565118
2006-12-05,5.26,5.3,5.22,5.26,5.26,4998286
2006-12-06,5.34,5.39,5.3,5.34,5.34,7380699
2006-12-07,5.4,5.44,5.35,5.4,5.4,2985889
2006-12-08,5.36,5.4,5.31,5.36,5.36,9914151
2006-12-11,5.36,5.4,5.32,5.36,5.36,5920191
2006-12-12,5.33,5.37,5.29,5.33,5.33,3566963
2006-12-13,5.43,5.47,5.39,5.43,5.43,8212718
2006-12-14,5.33,5.37,5.29,5.33,5.33,6460402
2006-12-15,5.34,5.38,5.3,5.34,5.34,4354191
2006-12-18,5.46,5.51,5.42,5.46,5.46,10200468
2006-12-19,5.61,5.66,5.57,5.61,5.61,6905399
2006-12-20,5.5,5.54,5.45,5.5,5.5,7181782
2006-12-21,5.47,5.51,5.43,5.47,5.47,10068675
2006-12-22,5.38,5.42,5.33,5.38,5.38,5018119
2006-12-25,5.25,5.29,5.21,5.25,5.25,12242885
2006-12-26,5.25,5.29,5.21,5.25,5.25,9238810
2006-12-27,5.15,5.19,5.11,5.15,5.15,4680563
2006-12-28,5.23,5.27,5.18,5.23,5.23,2207529
2006-12-29,5.12,5.16,5.08,5.12,5.12,4987408
2007-01-01,5.18,5.23,5.14,5.18,5.18,14117737
2007-01-02,5.16,5.2,5.12,5.16,5.16,5400450
2007-01-03,5.06,5.1,5.02,5.06,5.06,5142742
2007-01-04,5.01,5.05,4.97,5.01,5.01,5737839
2007-01-05,5.11,5.15,5.07,5.11,5.11,2503354
2007-01-08,5.05,5.09,5.01,5.05,5.05,5221416
2007-01-09,5.08,5.12,5.03,5.08,5.08,3862739
2007-01-10,5.12,5.16,5.08,5.12,5.12,4837025
2007-01-11,5.19,5.24,5.15,5.19,5.19,11428863
2007-01-12,5.25,5.29,5.21,5.25,5.25,4887497
2007-01-15,5.2,5.24,5.16,5.2,5.2,3866786
2007-01-16,5.18,5.22,5.14,5.18,5.18,5615216
2007-01-17,5.15,5.19,5.11,5.15,5.15,4653600
2007-01-18,5.04,5.08,5.0,5.04,5.04,2488560
2007-01-19,5.03,5.07,4.99,5.03,5.03,4551583
2007-01-22,5.07,5.11,5.03,5.07,5.07,5296706
2007-01-23,5.19,5.24,5.15,5.19,5.19,4641722
2007-01-24,5.24,5.28,5.2,5.24,5.24,3315930
2007-01-25,5.39,5.43,5.35,5.39,5.39,6430443
2007-01-26,5.4,5.44,5.36,5.4,5.4,5591347
2007-01-29,5.44,5.49,5.4,5.44,5.44,7746217
2007-01-30,5.42,5.47,5.38,5.42,5.42,6097674
2007-01-31,5.46,5.5,5.41,5.46,5.46,3874755
2007-02-01,5.33,5.38,5.29,5.33,5.33,2453240
2007-02-02,5.26,5.3,5.22,5.26,5.26,4789589
2007-02-05,5.18,5.22,5.14,5.18,5.18,5197752
2007-02-06,5.12,5.16,5.08,5.12,5.12,9209235
2007-02-07,5.09,5.14,5.05,5.09,5.09,3473871
2007-02-08,5.1,5.14,5.06,5.1,5.1,5094445
2007-02-09,5.14,5.18,5.1,5.14,5.14,3909410
2007-02-12,5.22,5.26,5.18,5.22,5.22,3776102
2007-02-13,5.18,5.22,5.13,5.18,5.18,3759874
2007-02-14,5.25,5.29,5.2,5.25,5.25,5196238
2007-02-15,5.37,5.41,5.32,5.37,5.37,4503561
2007-02-16,5.45,5.5,5.41,5.45,5.45,6740225
2007-02-19,5.42,5.46,5.37,5.42,5.42,2950321
2007-02-20,5.46,5.5,5.41,5.46,5.46,3885297
2007-02-21,5.46,5.5,5.42,5.46,5.46,6975005
2007-02-22,5.44,5.49,5.4,5.44,5.44,6391718
2007-02-23,5.55,5.59,5.5,5.55,5.55,7406290
2007-02-26,5.48,5.53,5.44,5.48,5.48,7904669
2007-02-27,5.55,5.59,5.5,5.55,5.55,3272692
2007-02-28,5.51,5.55,5.47,5.51,5.51,8700126
2007-03-01,5.49,5.53,5.45,5.49,5.49,4338020
2007-03-02,5.62,5.67,5.58,5.62,5.62,7106392
2007-03-05,5.61,5.65,5.56,5.61,5.61,6202591
2007-03-06,5.59,5.64,5.55,5.59,5.59,5727591
2007-03-07,5.54,5.59,5.5,5.54,5.54,8431945
2007-03-08,5.62,5.66,5.57,5.62,5.62,6588999
2007-03-09,5.67,5.72,5.63,5.67,5.67,5428086
2007-03-12,5.63,5.67,5.58,5.63,5.63,7572149
2007-03-13,5.56,5.61,5.52,5.56,5.56,8223405
2007-03-14,5.76,5.81,5.72,5.76,5.76,7476847
2007-03-15,5.67,5.71,5.62,5.67,5.67,4111327
2007-03-16,5.76,5.81,5.71,5.76,5.76,3772594
2007-03-19,5.82,5.86,5.77,5.82,5.82,4125938
2007-03-20,5.78,5.82,5.73,5.78,5.78,4515227
2007-03-21,5.85,5.9,5.81,5.85,5.85,3309657
2007-03-22,5.9,5.95,5.85,5.9,5.9,4711888
2007-03-23,5.78,5.83,5.73,5.78,5.78,6130545
2007-03-26,5.94,5.99,5.89,5.94,5.94,4358850
2007-03-27,5.85,5.9,5.81,5.85,5.85,7300272
2007-03-28,5.79,5.83,5.74,5.79,5.79,4577673
2007-03-29,5.9,5.94,5.85,5.9,5.9,5207831
2007-03-30,5.99,6.04,5.94,5.99,5.99,5514293
2007-04-02,6.07,6.12,6.02,6.07,6.07,9101563
2007-04-03,6.04,6.09,5.99,6.04,6.04,3633808
2007-04-04,6.0,6.05,5.95,6.0,6.0,5301092
2007-04-05,5.95,6.0,5.9,5.95,5.95,4846331
2007-04-06,5.92,5.97,5.87,5.92,5.92,2977847
2007-04-09,5.88,5.93,5.84,5.88,5.88,6162291
2007-04-10,5.81,5.85,5.76,5.81,5.81,2578982
2007-04-11,5.76,5.8,5.71,5.76,5.76,2544838
2007-04-12,5.83,5.88,5.78,5.83,5.83,4359808
2007-04-13,5.95,6.0,5.9,5.95,5.95,3339481
2007-04-16,5.98,6.03,5.93,5.98,5.98,5996309
2007-04-17,5.91,5.96,5.86,5.91,5.91,5439916
2007-04-18,5.97,6.02,5.92,5.97,5.97,5591279
2007-04-19,6.14,6.19,6.09,6.14,6.14,3033553
2007-04-20,6.22,6.27,6.17,6.22,6.22,3591197
2007-04-23,6.26,6.31,6.21,6.26,6.26,3710006
2007-04-24,6.4,6.45,6.35,6.4,6.4,6274130
2007-04-25,6.48,6.53,6.43,6.48,6.48,3745308
2007-04-26,6.44,6.49,6.39,6.44,6.44,6100111
2007-04-27,6.31,6.36,6.26,6.31,6.31,8923436
2007-04-30,6.32,6.37,6.27,6.32,6.32,8109999
2007-05-01,6.45,6.5,6.4,6.45,6.45,4020716
2007-05-02,6.32,6.38,6.27,6.32,6.32,2953851
2007-05-03,6.38,6.43,6.33,6.38,6.38,6426651
2007-05-04,6.43,6.48,6.38,6.43,6.43,3432845
2007-05-07,6.36,6.42,6.31,6.36,6.36,8720138
2007-05-08,6.24,6.29,6.19,6.24,6.24,6057218
2007-05-09,6.29,6.34,6.24,6.29,6.29,4362182
2007-05-10,6.23,6.28,6.18,6.23,6.23,4809469
2007-05-11,6.22,6.27,6.17,6.22,6.22,6307129
2007-05-14,6.34,6.39,6.29,6.34,6.34,4653375
2007-05-15,6.43,6.48,6.38,6.43,6.43,5349453
2007-05-16,6.54,6.59,6.48,6.54,6.54,5971219
2007-05-17,6.55,6.6,6.49,6.55,6.55,3554096
2007-05-18,6.46,6.51,6.4,6.46,6.46,3202862
2007-05-21,6.45,6.5,6.39,6.45,6.45,7399578
2007-05-22,6.34,6.39,6.29,6.34,6.34,6154357
2007-05-23,6.26,6.31,6.21,6.26,6.26,4139656
2007-05-24,6.25,6.3,6.2,6.25,6.25,3909064
2007-05-25,6.31,6.36,6.26,6.31,6.31,3212366
2007-05-28,6.32,6.37,6.27,6.32,6.32,4468490
2007-05-29,6.32,6.37,6.27,6.32,6.32,4895615
2007-05-30,6.4,6.45,6.35,6.4,6.4,6078843
2007-05-31,6.28,6.33,6.23,6.28,6.28,4078855
2007-06-01,6.28,6.33,6.23,6.28,6.28,9880321
2007-06-04,6.25,6.3,6.2,6.25,6.25,7555611
2007-06-05,6.26,6.31,6.21,6.26,6.26,3782911
2007-06-06,6.34,6.39,6.29,6.34,6.34,5537952
2007-06-07,6.27,6.32,6.22,6.27,6.27,4286927
2007-06-08,6.23,6.28,6.18,6.23,6.23,4621810
2007-06-11,6.26,6.31,6.21,6.26,6.26,3930194
2007-06-12,6.44,6.49,6.38,6.44,6.44,6992063
2007-06-13,6.37,6.43,6.32,6.37,6.37,4872781
2007-06-14,6.32,6.37,6.27,6.32,6.32,11513473
2007-06-15,6.12,6.17,6.07,6.12,6.12,4189876
2007-06-18,6.25,6.3,6.2,6.25,6.25,2934065
2007-06-19,6.33,6.38,6.28,6.33,6.33,3908477
2007-06-20,6.52,6.57,6.47,6.52,6.52,8441606
2007-06-21,6.28,6.33,6.23,6.28,6.28,4499897
2007-06-22,6.26,6.31,6.21,6.26,6.26,13018217
2007-06-25,6.27,6.32,6.22,6.27,6.27,3436535
2007-06-26,6.22,6.27,6.17,6.22,6.22,10926429
2007-06-27,6.15,6.2,6.1,6.15,6.15,4168517
2007-06-28,6.25,6.3,6.2,6.25,6.25,3598598
2007-06-29,6.17,6.22,6.12,6.17,6.17,10687914
2007-07-02,6.29,6.34,6.24,6.29,6.29,3846834
2007-07-03,6.28,6.33,6.23,6.28,6.28,7138353
2007-07-04,6.26,6.31,6.21,6.26,6.26,6188570
2007-07-05,6.37,6.43,6.32,6.37,6.37,6084743
2007-07-06,6.46,6.52,6.41,6.46,6.46,6240905
2007-07-09,6.56,6.61,6.5,6.56,6.56,4841311
2007-07-10,6.56,6.61,6.51,6.56,6.56,2993239
2007-07-11,6.57,6.63,6.52,6.57,6.57,7741624
2007-07-12,6.5,6.55,6.45,6.5,6.5,4243344
2007-07-13,6.34,6.39,6.29,6.34,6.34,8342487
2007-07-16,6.2,6.25,6.15,6.2,6.2,5662672
2007-07-17,6.22,6.27,6.17,6.22,6.22,5900219
2007-07-18,6.33,6.38,6.28,6.33,6.33,3305548
2007-07-19,6.29,6.34,6.24,6.29,6.29,7755861
2007-07-20,6.33,6.38,6.28,6.33,6.33,9968709
2007-07-23,6.06,6.1,6.01,6.06,6.06,6845650
2007-07-24,6.12,6.17,6.07,6.12,6.12,2859231
2007-07-25,6.06,6.11,6.02,6.06,6.06,4628042
2007-07-26,6.1,6.14,6.05,6.1,6.1,3838602
2007-07-27,6.18,6.23,6.13,6.18,6.18,5479557
2007-07-30,6.24,6.29,6.19,6.24,6.24,5245608
2007-07-31,6.26,6.31,6.21,6.26,6.26,5483822
2007-08-01,6.35,6.4,6.3,6.35,6.35,3340812
2007-08-02,6.24,6.29,6.19,6.24,6.24,4047102
2007-08-03,6.3,6.35,6.25,6.3,6.3,3596070
2007-08-06,6.31,6.36,6.26,6.31,6.31,5481333
2007-08-07,6.32,6.37,6.27,6.32,6.32,5028069
2007-08-08,6.43,6.48,6.37,6.43,6.43,8166590
2007-08-09,6.56,6.61,6.51,6.56,6.56,10823284
2007-08-10,6.53,6.58,6.48,6.53,6.53,9703311
2007-08-13,6.38,6.44,6.33,6.38,6.38,4054529
2007-08-14,6.5,6.55,6.45,6.5,6.5,4444346
2007-08-15,6.68,6.73,6.62,6.68,6.68,3599783
2007-08-16,6.64,6.69,6.59,6.64,6.64,6240352
2007-08-17,6.65,6.7,6.59,6.65,6.65,5753615
2007-08-20,6.56,6.62,6.51,6.56,6.56,3275893
2007-08-21,6.39,6.44,6.34,6.39,6.39,4012716
2007-08-22,6.44,6.49,6.38,6.44,6.44,7563976
2007-08-23,6.34,6.39,6.29,6.34,6.34,4259211
2007-08-24,6.37,6.42,6.32,6.37,6.37,11693784
2007-08-27,6.3,6.35,6.25,6.3,6.3,6573545
2007-08-28,6.44,6.49,6.38,6.44,6.44,3105299
2007-08-29,6.48,6.53,6.43,6.48,6.48,5521685
2007-08-30,6.52,6.57,6.47,6.52,6.52,9194413
2007-08-31,6.35,6.4,6.3,6.35,6.35,4677452
2007-09-03,6.2,6.25,6.15,6.2,6.2,12141161
2007-09-04,6.4,6.45,6.34,6.4,6.4,12683033
2007-09-05,6.37,6.42,6.32,6.37,6.37,8525703
2007-09-06,6.34,6.39,6.29,6.34,6.34,7735798
2007-09-07,6.34,6.39,6.29,6.34,6.34,7137130
2007-09-10,6.38,6.43,6.33,6.38,6.38,6866059
2007-09-11,6.49,6.54,6.44,6.49,6.49,5430727
2007-09-12,6.57,6.62,6.51,6.57,6.57,6428549
2007-09-13,6.54,6.6,6.49,6.54,6.54,4137898
2007-09-14,6.55,6.6,6.5,6.55,6.55,3015529
2007-09-17,6.48,6.54,6.43,6.48,6.48,4086036
2007-09-18,6.46,6.51,6.4,6.46,6.46,6027026
2007-09-19,6.51,6.56,6.46,6.51,6.51,4759447
2007-09-20,6.64,6.69,6.58,6.64,6.64,5969253
2007-09-21,6.7,6.75,6.64,6.7,6.7,4304656
2007-09-24,6.67,6.72,6.61,6.67,6.67,10956495
2007-09-25,6.66,6.71,6.61,6.66,6.66,5554735
2007-09-26,6.7,6.76,6.65,6.7,6.7,3920365
2007-09-27,6.77,6.83,6.72,6.77,6.77,3844995
2007-09-28,6.76,6.82,6.71,6.76,6.76,8982608
2007-10-01,6.72,6.77,6.67,6.72,6.72,5253685
2007-10-02,6.6,6.65,6.55,6.6,6.6,3838241
2007-10-03,6.82,6.88,6.77,6.82,6.82,7258401
2007-10-04,6.88,6.93,6.82,6.88,6.88,4363095
2007-10-05,6.81,6.86,6.75,6.81,6.81,3396196
2007-10-08,6.87,6.92,6.81,6.87,6.87,8921189
2007-10-09,6.87,6.93,6.82,6.87,6.87,5204755
2007-10-10,6.71,6.76,6.66,6.71,6.71,6569059
2007-10-11,6.93,6.99,6.88,6.93,6.93,3190202
2007-10-12,6.78,6.84,6.73,6.78,6.78,5487132
2007-10-15,6.77,6.82,6.71,6.77,6.77,8021431
2007-10-16,6.74,6.79,6.68,6.74,6.74,4535992
2007-10-17,6.52,6.57,6.46,6.52,6.52,4715446
2007-10-18,6.52,6.57,6.47,6.52,6.52,2705154
2007-10-19,6.56,6.61,6.51,6.56,6.56,9367226
2007-10-22,6.67,6.73,6.62,6.67,6.67,4445234
2007-10-23,6.63,6.68,6.58,6.63,6.63,6756339
2007-10-24,6.6,6.65,6.54,6.6,6.6,8002431
2007-10-25,6.72,6.77,6.66,6.72,6.72,8623952
2007-10-26,6.79,6.84,6.73,6.79,6.79,1893282
2007-10-29,6.86,6.91,6.8,6.86,6.86,5470177
2007-10-30,6.83,6.89,6.78,6.83,6.83,5991993
2007-10-31,6.86,6.92,6.81,6.86,6.86,3545821
2007-11-01,6.82,6.88,6.77,6.82,6.82,4185960
2007-11-02,7.01,7.06,6.95,7.01,7.01,4062344
2007-11-05,7.15,7.2,7.09,7.15,7.15,6899383
2007-11-06,7.09,7.15,7.03,7.09,7.09,4417723
2007-11-07,7.08,7.14,7.03,7.08,7.08,4493602
2007-11-08,7.26,7.32,7.2,7.26,7.26,4224178
2007-11-09,7.25,7.31,7.19,7.25,7.25,6167053
2007-11-12,7.07,7.13,7.01,7.07,7.07,3343331
2007-11-13,7.21,7.27,7.15,7.21,7.21,6945933
2007-11-14,7.2,7.26,7.14,7.2,7.2,5806934
2007-11-15,7.14,7.2,7.09,7.14,7.14,6865038
2007-11-16,7.32,7.38,7.26,7.32,7.32,6355969
2007-11-19,7.27,7.33,7.21,7.27,7.27,3101033
2007-11-20,7.43,7.49,7.37,7.43,7.43,5491057
2007-11-21,7.32,7.37,7.26,7.32,7.32,5815571
2007-11-22,7.53,7.59,7.47,7.53,7.53,5921755
2007-11-23,7.63,7.69,7.57,7.63,7.63,13024215
2007-11-26,7.61,7.67,7.54,7.61,7.61,3268328
2007-11-27,7.5,7.56,7.44,7.5,7.5,6221371
2007-11-28,7.62,7.68,7.56,7.62,7.62,8386533
2007-11-29,7.39,7.45,7.33,7.39,7.39,8554690
2007-11-30,7.41,7.47,7.35,7.41,7.41,2589111
2007-12-03,7.25,7.31,7.19,7.25,7.25,6475692
2007-12-04,7.3,7.36,7.24,7.3,7.3,5965222
2007-12-05,7.15,7.21,7.09,7.15,7.15,7914654
2007-12-06,7.23,7.29,7.18,7.23,7.23,5171043
2007-12-07,7.26,7.31,7.2,7.26,7.26,4206052
2007-12-10,7.24,7.3,7.18,7.24,7.24,8525933
2007-12-11,7.39,7.45,7.33,7.39,7.39,5975089
2007-12-12,7.47,7.53,7.41,7.47,7.47,5471690
2007-12-13,7.33,7.39,7.27,7.33,7.33,4490843
2007-12-14,7.17,7.23,7.11,7.17,7.17,3701384
2007-12-17,7.27,7.33,7.21,7.27,7.27,6764192
2007-12-18,7.33,7.39,7.27,7.33,7.33,5600237
2007-12-19,7.29,7.35,7.23,7.29,7.29,5455079
2007-12-20,7.09,7.15,7.03,7.09,7.09,3776869
2007-12-21,7.09,7.15,7.04,7.09,7.09,6827608
2007-12-24,7.18,7.23,7.12,7.18,7.18,9308371
2007-12-25,7.22,7.28,7.16,7.22,7.22,4420545
2007-12-26,7.25,7.3,7.19,7.25,7.25,7712708
2007-12-27,7.26,7.32,7.2,7.26,7.26,6778912
2007-12-28,7.34,7.4,7.28,7.34,7.34,8940756
2007-12-31,7.35,7.41,7.29,7.35,7.35,7346481
2008-01-01,7.45,7.51,7.39,7.45,7.45,6873286
2008-01-02,7.58,7.64,7.52,7.58,7.58,4313230
2008-01-03,7.64,7.7,7.58,7.64,7.64,8076953
2008-01-04,7.57,7.63,7.5,7.57,7.57,3585637
2008-01-07,7.6,7.67,7.54,7.6,7.6,6797787
2008-01-08,7.64,7.7,7.58,7.64,7.64,2341568
2008-01-09,7.78,7.84,7.72,7.78,7.78,2240442
2008-01-10,7.64,7.7,7.58,7.64,7.64,11240067
2008-01-11,7.69,7.75,7.63,7.69,7.69,3544865
2008-01-14,7.88,7.95,7.82,7.88,7.88,3416473
2008-01-15,7.89,7.95,7.83,7.89,7.89,3819520
2008-01-16,7.97,8.03,7.91,7.97,7.97,2948797
2008-01-17,7.99,8.05,7.92,7.99,7.99,5984452
2008-01-18,7.9,7.96,7.84,7.9,7.9,9069688
2008-01-21,7.76,7.82,7.7,7.76,7.76,8484701
2008-01-22,7.86,7.93,7.8,7.86,7.86,4515704
2008-01-23,7.67,7.73,7.61,7.67,7.67,9327176
2008-01-24,7.8,7.86,7.73,7.8,7.8,5638338
2008-01-25,7.79,7.85,7.73,7.79,7.79,9080292
2008-01-28,7.76,7.82,7.7,7.76,7.76,4768174
2008-01-29,7.67,7.73,7.61,7.67,7.67,7851891
2008-01-30,7.73,7.79,7.67,7.73,7.73,8457890
2008-01-31,7.73,7.79,7.67,7.73,7.73,10076990
2008-02-01,7.72,7.78,7.66,7.72,7.72,4263371
2008-02-04,7.73,7.79,7.66,7.73,7.73,4404852
2008-02-05,7.8,7.86,7.74,7.8,7.8,5345886
2008-02-06,7.83,7.9,7.77,7.83,7.83,4569058
2008-02-07,7.84,7.9,7.77,7.84,7.84,2417685
2008-02-08,7.57,7.63,7.51,7.57,7.57,7777228
2008-02-11,7.57,7.63,7.51,7.57,7.57,6491784
2008-02-12,7.59,7.65,7.53,7.59,7.59,8660903
2008-02-13,7.63,7.69,7.57,7.63,7.63,5114081
2008-02-14,7.91,7.97,7.84,7.91,7.91,2483630
2008-02-15,7.9,7.96,7.84,7.9,7.9,7654269
2008-02-18,8.04,8.1,7.97,8.04,8.04,10098197
2008-02-19,7.95,8.01,7.88,7.95,7.95,6821110
2008-02-20,7.79,7.86,7.73,7.79,7.79,3820225
2008-02-21,7.75,7.81,7.69,7.75,7.75,5679539
2008-02-22,7.67,7.73,7.61,7.67,7.67,5104092
2008-02-25,7.72,7.79,7.66,7.72,7.72,8645604
2008-02-26,7.72,7.78,7.65,7.72,7.72,4528014
2008-02-27,7.89,7.95,7.83,7.89,7.89,4322534
2008-02-28,7.71,7.77,7.65,7.71,7.71,7119105
2008-02-29,7.67,7.74,7.61,7.67,7.67,5622824
2008-03-03,7.65,7.71,7.59,7.65,7.65,3545989
2008-03-04,7.69,7.75,7.62,7.69,7.69,5311495
2008-03-05,7.67,7.73,7.61,7.67,7.67,3731179
2008-03-06,7.8,7.86,7.74,7.8,7.8,4528505
2008-03-07,7.65,7.71,7.58,7.65,7.65,5523886
2008-03-10,7.46,7.52,7.4,7.46,7.46,6705635
2008-03-11,7.64,7.7,7.58,7.64,7.64,7714172
2008-03-12,7.83,7.9,7.77,7.83,7.83,7416465
2008-03-13,7.88,7.94,7.81,7.88,7.88,4874414
2008-03-14,7.82,7.88,7.75,7.82,7.82,4860091
2008-03-17,8.0,8.06,7.94,8.0,8.0,5261328
2008-03-18,7.95,8.01,7.88,7.95,7.95,7280087
2008-03-19,8.02,8.09,7.96,8.02,8.02,2425286
2008-03-20,7.91,7.97,7.85,7.91,7.91,5197627
2008-03-21,7.97,8.03,7.9,7.97,7.97,4215346
2008-03-24,7.74,7.8,7.67,7.74,7.74,4822038
2008-03-25,7.97,8.03,7.91,7.97,7.97,7161431
2008-03-26,7.98,8.04,7.91,7.98,7.98,7445143
2008-03-27,8.04,8.11,7.98,8.04,8.04,3870971
2008-03-28,7.93,8.0,7.87,7.93,7.93,3134252
2008-03-31,7.68,7.74,7.62,7.68,7.68,5063090
2008-04-01,7.73,7.79,7.67,7.73,7.73,4216418
2008-04-02,7.7,7.76,7.63,7.7,7.7,8238125
2008-04-03,7.6,7.66,7.54,7.6,7.6,8284940
2008-04-04,7.52,7.58,7.46,7.52,7.52,7248542
2008-04-07,7.62,7.68,7.55,7.62,7.62,4797798
2008-04-08,7.58,7.64,7.51,7.58,7.58,7367795
2008-04-09,7.61,7.67,7.55,7.61,7.61,6382479
2008-04-10,7.71,7.77,7.65,7.71,7.71,6221969
2008-04-11,7.65,7.71,7.59,7.65,7.65,4097768
2008-04-14,7.64,7.71,7.58,7.64,7.64,5685027
2008-04-15,7.95,8.01,7.89,7.95,7.95,4371199
2008-04-16,7.81,7.87,7.75,7.81,7.81,9151828
2008-04-17,7.97,8.03,7.9,7.97,7.97,9926960
2008-04-18,8.11,8.17,8.04,8.11,8.11,2907743
2008-04-21,8.36,8.43,8.3,8.36,8.36,6645815
2008-04-22,8.14,8.21,8.07,8.14,8.14,10234670
2008-04-23,8.09,8.16,8.03,8.09,8.09,10851860
2008-04-24,8.14,8.2,8.07,8.14,8.14,5966961
2008-04-25,8.09,8.15,8.02,8.09,8.09,4115432
2008-04-28,8.37,8.44,8.31,8.37,8.37,9672781
2008-04-29,8.46,8.52,8.39,8.46,8.46,5034978
2008-04-30,8.46,8.52,8.39,8.46,8.46,2078145
2008-05-01,8.3,8.37,8.24,8.3,8.3,4068819
2008-05-02,8.26,8.33,8.2,8.26,8.26,4720677
2008-05-05,8.11,8.17,8.04,8.11,8.11,6684871
2008-05-06,8.24,8.3,8.17,8.24,8.24,4588071
2008-05-07,8.13,8.19,8.06,8.13,8.13,5528105
2008-05-08,8.12,8.18,8.05,8.12,8.12,6104242
2008-05-09,8.15,8.22,8.09,8.15,8.15,5176451
2008-05-12,8.1,8.17,8.04,8.1,8.1,3672250
2008-05-13,8.06,8.13,8.0,8.06,8.06,4166669
2008-05-14,8.09,8.15,8.02,8.09,8.09,5206112
2008-05-15,8.34,8.41,8.28,8.34,8.34,5072798
2008-05-16,8.4,8.47,8.33,8.4,8.4,3436441
2008-05-19,8.47,8.54,8.4,8.47,8.47,5948581
2008-05-20,8.38,8.45,8.32,8.38,8.38,3774861
2008-05-21,8.24,8.3,8.17,8.24,8.24,2805731
2008-05-22,8.42,8.49,8.35,8.42,8.42,3053323
2008-05-23,8.67,8.74,8.6,8.67,8.67,4903197
2008-05-26,8.62,8.69,8.55,8.62,8.62,4322762
2008-05-27,8.61,8.68,8.54,8.61,8.61,4627085
2008-05-28,8.63,8.7,8.56,8.63,8.63,8664226
2008-05-29,8.53,8.6,8.46,8.53,8.53,8689201
2008-05-30,8.5,8.57,8.43,8.5,8.5,7137751
2008-06-02,8.66,8.73,8.59,8.66,8.66,2100427
2008-06-03,8.63,8.69,8.56,8.63,8.63,9804629
2008-06-04,8.5,8.56,8.43,8.5,8.5,7229517
2008-06-05,8.58,8.65,8.51,8.58,8.58,4903771
2008-06-06,8.63,8.69,8.56,8.63,8.63,4405560
2008-06-09,8.8,8.87,8.73,8.8,8.8,2872497
2008-06-10,8.63,8.7,8.56,8.63,8.63,4163377
2008-06-11,8.73,8.8,8.66,8.73,8.73,9552794
2008-06-12,8.83,8.9,8.76,8.83,8.83,3406036
2008-06-13,8.64,8.71,8.57,8.64,8.64,7438658
2008-06-16,8.61,8.68,8.54,8.61,8.61,5351316
2008-06-17,8.69,8.76,8.62,8.69,8.69,3679832
2008-06-18,8.64,8.71,8.57,8.64,8.64,4912737
2008-06-19,8.5,8.56,8.43,8.5,8.5,5590675
2008-06-20,8.51,8.58,8.44,8.51,8.51,5584897
2008-06-23,8.63,8.7,8.56,8.63,8.63,7018878
2008-06-24,8.5,8.57,8.43,8.5,8.5,10364782
2008-06-25,8.33,8.39,8.26,8.33,8.33,12914377
2008-06-26,8.41,8.48,8.35,8.41,8.41,5437013
2008-06-27,8.49,8.56,8.42,8.49,8.49,15319060
2008-06-30,8.43,8.5,8.36,8.43,8.43,9469778
2008-07-01,8.31,8.38,8.25,8.31,8.31,6161278
2008-07-02,8.16,8.23,8.1,8.16,8.16,6634618
2008-07-03,8.24,8.3,8.17,8.24,8.24,5233794
2008-07-04,8.5,8.57,8.43,8.5,8.5,7754923
2008-07-07,8.57,8.64,8.5,8.57,8.57,4806961
2008-07-08,8.66,8.73,8.59,8.66,8.66,4975300
2008-07-09,8.68,8.75,8.61,8.68,8.68,6875048
2008-07-10,8.53,8.6,8.46,8.53,8.53,6541812
2008-07-11,8.58,8.65,8.51,8.58,8.58,8579989
2008-07-14,8.66,8.73,8.59,8.66,8.66,8203200
2008-07-15,8.53,8.6,8.46,8.53,8.53,7098330
2008-07-16,8.39,8.46,8.32,8.39,8.39,4814553
2008-07-17,8.36,8.43,8.29,8.36,8.36,4794094
2008-07-18,8.32,8.39,8.26,8.32,8.32,3058716
2008-07-21,8.28,8.35,8.21,8.28,8.28,7444254
2008-07-22,8.21,8.28,8.15,8.21,8.21,3538208
2008-07-23,8.3,8.36,8.23,8.3,8.3,3489707
2008-07-24,8.12,8.19,8.06,8.12,8.12,7241325
2008-07-25,8.07,8.13,8.0,8.07,8.07,2034573
2008-07-28,8.21,8.28,8.15,8.21,8.21,4023441
2008-07-29,8.28,8.34,8.21,8.28,8.28,7825117
2008-07-30,8.13,8.2,8.07,8.13,8.13,4721825
2008-07-31,7.91,7.98,7.85,7.91,7.91,5143428
2008-08-01,8.04,8.1,7.97,8.04,8.04,5627054
2008-08-04,7.85,7.91,7.79,7.85,7.85,5252454
2008-08-05,7.8,7.87,7.74,7.8,7.8,5069190
2008-08-06,7.73,7.79,7.67,7.73,7.73,4506621
2008-08-07,7.76,7.82,7.7,7.76,7.76,2647814
2008-08-08,7.6,7.66,7.54,7.6,7.6,4042648
2008-08-11,7.67,7.73,7.61,7.67,7.67,4650851
2008-08-12,7.79,7.85,7.73,7.79,7.79,9172323
2008-08-13,7.89,7.96,7.83,7.89,7.89,9479076
2008-08-14,7.72,7.78,7.66,7.72,7.72,3826007
2008-08-15,7.91,7.98,7.85,7.91,7.91,5959695
2008-08-18,7.84,7.9,7.77,7.84,7.84,8772662
2008-08-19,7.65,7.71,7.59,7.65,7.65,4668963
2008-08-20,7.56,7.62,7.5,7.56,7.56,4874260
2008-08-21,7.44,7.5,7.38,7.44,7.44,3374482
2008-08-22,7.66,7.72,7.59,7.66,7.66,3222250
2008-08-25,7.57,7.63,7.51,7.57,7.57,6287594
2008-08-26,7.62,7.68,7.56,7.62,7.62,4052880
2008-08-27,7.56,7.62,7.5,7.56,7.56,5370904
2008-08-28,7.56,7.62,7.5,7.56,7.56,4381491
2008-08-29,7.4,7.46,7.34,7.4,7.4,7649937
2008-09-01,7.46,7.52,7.4,7.46,7.46,7587868
2008-09-02,7.31,7.37,7.25,7.31,7.31,7668453
2008-09-03,7.38,7.44,7.32,7.38,7.38,4682664
2008-09-04,7.54,7.6,7.48,7.54,7.54,7389767
2008-09-05,7.62,7.68,7.56,7.62,7.62,7528110
2008-09-08,7.68,7.74,7.62,7.68,7.68,6355364
2008-09-09,7.57,7.63,7.51,7.57,7.57,11208214
2008-09-10,7.51,7.57,7.45,7.51,7.51,5588670
2008-09-11,7.44,7.5,7.38,7.44,7.44,3502103
2008-09-12,7.34,7.39,7.28,7.34,7.34,5210991
2008-09-15,7.41,7.47,7.36,7.41,7.41,5996853
2008-09-16,7.51,7.57,7.45,7.51,7.51,3274837
2008-09-17,7.53,7.59,7.47,7.53,7.53,13633225
2008-09-18,7.46,7.52,7.4,7.46,7.46,7819970
2008-09-19,7.41,7.47,7.35,7.41,7.41,4384052
2008-09-22,7.39,7.45,7.33,7.39,7.39,5628856
2008-09-23,7.41,7.47,7.35,7.41,7.41,4357631
2008-09-24,7.46,7.52,7.41,7.46,7.46,11305338
2008-09-25,7.53,7.59,7.47,7.53,7.53,4016364
2008-09-26,7.37,7.43,7.31,7.37,7.37,7041938
2008-09-29,7.29,7.35,7.23,7.29,7.29,5266685
2008-09-30,7.43,7.48,7.37,7.43,7.43,4384950
2008-10-01,7.46,7.52,7.4,7.46,7.46,2640321
2008-10-02,7.46,7.52,7.4,7.46,7.46,4224283
2008-10-03,7.61,7.67,7.55,7.61,7.61,5959351
2008-10-06,7.66,7.72,7.6,7.66,7.66,3006171
2008-10-07,7.58,7.64,7.52,7.58,7.58,8093008
2008-10-08,7.55,7.61,7.49,7.55,7.55,2790661
2008-10-09,7.48,7.54,7.42,7.48,7.48,6436544
2008-10-10,7.37,7.43,7.31,7.37,7.37,3344422
2008-10-13,7.38,7.44,7.32,7.38,7.38,5285630
2008-10-14,7.55,7.61,7.49,7.55,7.55,3523225
2008-10-15,7.68,7.74,7.62,7.68,7.68,9628372
2008-10-16,7.83,7.89,7.77,7.83,7.83,6448492
2008-10-17,7.88,7.95,7.82,7.88,7.88,5761068
2008-10-20,7.68,7.74,7.62,7.68,7.68,9070883
2008-10-21,7.6,7.66,7.54,7.6,7.6,4101685
2008-10-22,7.61,7.67,7.55,7.61,7.61,3579774
2008-10-23,7.48,7.54,7.42,7.48,7.48,10027326
2008-10-24,7.62,7.68,7.56,7.62,7.62,4807522
2008-10-27,7.59,7.65,7.53,7.59,7.59,4958893
2008-10-28,7.47,7.53,7.41,7.47,7.47,2920756
2008-10-29,7.45,7.51,7.39,7.45,7.45,9535180
2008-10-30,7.56,7.62,7.5,7.56,7.56,5003829
2008-10-31,7.35,7.41,7.29,7.35,7.35,4826619
2008-11-03,7.27,7.32,7.21,7.27,7.27,7462349
2008-11-04,7.16,7.22,7.11,7.16,7.16,7350232
2008-11-05,7.06,7.12,7.0,7.06,7.06,2431630
2008-11-06,6.89,6.94,6.83,6.89,6.89,2855222
2008-11-07,7.04,7.1,6.99,7.04,7.04,9852845
2008-11-10,6.97,7.03,6.92,6.97,6.97,3134924
2008-11-11,7.12,7.18,7.06,7.12,7.12,7326586
2008-11-12,7.32,7.38,7.26,7.32,7.32,5207317
2008-11-13,7.38,7.44,7.32,7.38,7.38,7758659
2008-11-14,7.34,7.4,7.28,7.34,7.34,10397929
2008-11-17,7.25,7.31,7.19,7.25,7.25,3369382
2008-11-18,7.3,7.36,7.25,7.3,7.3,4405257
2008-11-19,7.39,7.44,7.33,7.39,7.39,10997790
2008-11-20,7.38,7.44,7.32,7.38,7.38,5749915
2008-11-21,7.35,7.41,7.29,7.35,7.35,7339323
2008-11-24,7.32,7.38,7.26,7.32,7.32,5229923
2008-11-25,7.42,7.48,7.36,7.42,7.42,9030446
2008-11-26,7.4,7.46,7.34,7.4,7.4,2831126
2008-11-27,7.48,7.54,7.42,7.48,7.48,2879157
2008-11-28,7.62,7.68,7.56,7.62,7.62,6600799
2008-12-01,7.55,7.61,7.49,7.55,7.55,6398257
2008-12-02,7.51,7.57,7.45,7.51,7.51,5029282
2008-12-03,7.4,7.46,7.34,7.4,7.4,2779705
2008-12-04,7.44,7.5,7.38,7.44,7.44,5297198
2008-12-05,7.18,7.24,7.12,7.18,7.18,9150270
2008-12-08,7.05,7.11,7.0,7.05,7.05,5323468
2008-12-09,6.97,7.02,6.91,6.97,6.97,3609368
2008-12-10,7.04,7.1,6.99,7.04,7.04,3714272
2008-12-11,7.04,7.1,6.98,7.04,7.04,5915481
2008-12-12,6.98,7.03,6.92,6.98,6.98,6558110
2008-12-15,6.91,6.97,6.86,6.91,6.91,4938379
2008-12-16,6.9,6.96,6.85,6.9,6.9,9871089
2008-12-17,6.87,6.92,6.81,6.87,6.87,3448531
2008-12-18,6.66,6.72,6.61,6.66,6.66,7505028
2008-12-19,6.8,6.85,6.74,6.8,6.8,7329483
2008-12-22,6.76,6.81,6.71,6.76,6.76,6157621
2008-12-23,6.99,7.04,6.93,6.99,6.99,3429572
2008-12-24,7.14,7.2,7.08,7.14,7.14,3243638
2008-12-25,6.98,7.04,6.93,6.98,6.98,11464596
2008-12-26,7.14,7.2,7.09,7.14,7.14,2695091
2008-12-29,7.28,7.34,7.22,7.28,7.28,8877598
2008-12-30,7.1,7.16,7.04,7.1,7.1,5609540
2008-12-31,7.17,7.23,7.12,7.17,7.17,9711256
2009-01-01,7.19,7.25,7.13,7.19,7.19,5929629
2009-01-02,7.15,7.21,7.09,7.15,7.15,3917361
2009-01-05,7.05,7.11,7.0,7.05,7.05,15926522
2009-01-06,7.06,7.12,7.01,7.06,7.06,6592686
2009-01-07,7.07,7.12,7.01,7.07,7.07,7865635
2009-01-08,7.09,7.15,7.03,7.09,7.09,3279690
2009-01-09,7.34,7.4,7.28,7.34,7.34,5694172
2009-01-12,7.37,7.43,7.31,7.37,7.37,7458597
2009-01-13,7.41,7.47,7.35,7.41,7.41,5661018
2009-01-14,7.17,7.23,7.12,7.17,7.17,5530032
2009-01-15,7.2,7.26,7.14,7.2,7.2,4366700
2009-01-16,7.39,7.45,7.33,7.39,7.39,3247919
2009-01-19,7.35,7.41,7.29,7.35,7.35,8063992
2009-01-20,7.34,7.4,7.28,7.34,7.34,6167141
2009-01-21,7.6,7.66,7.54,7.6,7.6,6820224
2009-01-22,7.51,7.57,7.45,7.51,7.51,5740513
2009-01-23,7.51,7.57,7.45,7.51,7.51,4962305
2009-01-26,7.62,7.68,7.56,7.62,7.62,8389031
2009-01-27,7.52,7.58,7.46,7.52,7.52,2522052
2009-01-28,7.47,7.53,7.42,7.47,7.47,6795768
2009-01-29,7.61,7.67,7.55,7.61,7.61,7981444
2009-01-30,7.44,7.5,7.38,7.44,7.44,6190169
2009-02-02,7.38,7.44,7.32,7.38,7.38,4419842
2009-02-03,7.38,7.44,7.32,7.38,7.38,18578726
2009-02-04,7.51,7.57,7.45,7.51,7.51,5015111
2009-02-05,7.58,7.64,7.51,7.58,7.58,4698224
2009-02-06,7.71,7.77,7.65,7.71,7.71,5708594
2009-02-09,7.79,7.85,7.73,7.79,7.79,4853107
2009-02-10,7.81,7.87,7.75,7.81,7.81,2489054
2009-02-11,7.89,7.95,7.83,7.89,7.89,3098847
2009-02-12,7.84,7.91,7.78,7.84,7.84,5515785
2009-02-13,7.65,7.71,7.59,7.65,7.65,5919979
2009-02-16,7.66,7.72,7.6,7.66,7.66,4295290
2009-02-17,7.61,7.67,7.55,7.61,7.61,4171121
2009-02-18,7.5,7.56,7.44,7.5,7.5,7769436
2009-02-19,7.44,7.5,7.38,7.44,7.44,2985811
2009-02-20,7.6,7.66,7.54,7.6,7.6,6692184
2009-02-23,7.74,7.8,7.67,7.74,7.74,5689009
2009-02-24,7.78,7.84,7.72,7.78,7.78,5748396
2009-02-25,7.7,7.76,7.64,7.7,7.7,13410013
2009-02-26,7.87,7.93,7.81,7.87,7.87,3668321
2009-02-27,7.72,7.79,7.66,7.72,7.72,7889637
2009-03-02,7.83,7.89,7.76,7.83,7.83,8386286
2009-03-03,7.84,7.91,7.78,7.84,7.84,5190126
2009-03-04,7.92,7.98,7.85,7.92,7.92,5477698
2009-03-05,8.02,8.08,7.95,8.02,8.02,2308163
2009-03-06,8.01,8.07,7.94,8.01,8.01,2868371
2009-03-09,7.92,7.98,7.85,7.92,7.92,2395389
2009-03-10,7.89,7.95,7.83,7.89,7.89,4162324
2009-03-11,8.0,8.06,7.93,8.0,8.0,5559994
2009-03-12,7.98,8.05,7.92,7.98,7.98,4323420
2009-03-13,7.98,8.05,7.92,7.98,7.98,8153830
2009-03-16,8.01,8.07,7.95,8.01,8.01,5220854
2009-03-17,8.04,8.11,7.98,8.04,8.04,4132370
2009-03-18,7.99,8.06,7.93,7.99,7.99,6875048
2009-03-19,8.03,8.09,7.97,8.03,8.03,11508560
2009-03-20,8.02,8.08,7.95,8.02,8.02,6168079
2009-03-23,8.06,8.13,8.0,8.06,8.06,3982732
2009-03-24,8.34,8.41,8.27,8.34,8.34,3469032
2009-03-25,8.37,8.44,8.3,8.37,8.37,2948794
2009-03-26,8.34,8.41,8.27,8.34,8.34,5678452
2009-03-27,8.36,8.42,8.29,8.36,8.36,8547131
2009-03-30,8.23,8.29,8.16,8.23,8.23,5639978
2009-03-31,8.21,8.28,8.14,8.21,8.21,8717624
2009-04-01,8.36,8.43,8.29,8.36,8.36,3600741
2009-04-02,8.62,8.69,8.55,8.62,8.62,6012273
2009-04-03,8.76,8.83,8.69,8.76,8.76,5895055
2009-04-06,8.77,8.84,8.7,8.77,8.77,3895946
2009-04-07,9.03,9.1,8.96,9.03,9.03,10151912
2009-04-08,9.07,9.15,9.0,9.07,9.07,6233155
2009-04-09,8.82,8.89,8.75,8.82,8.82,3336526
2009-04-10,8.71,8.78,8.64,8.71,8.71,5251330
2009-04-13,8.64,8.71,8.57,8.64,8.64,7440626
2009-04-14,8.56,8.63,8.49,8.56,8.56,8962122
2009-04-15,8.36,8.42,8.29,8.36,8.36,3496534
2009-04-16,8.33,8.4,8.27,8.33,8.33,7084330
2009-04-17,8.23,8.29,8.16,8.23,8.23,6091908
2009-04-20,7.92,7.98,7.86,7.92,7.92,5624448
2009-04-21,7.95,8.01,7.88,7.95,7.95,2891013
2009-04-22,7.85,7.91,7.78,7.85,7.85,7446263
2009-04-23,7.88,7.94,7.82,7.88,7.88,4744589
2009-04-24,7.82,7.88,7.75,7.82,7.82,5998453
2009-04-27,7.71,7.77,7.65,7.71,7.71,6106819
2009-04-28,7.66,7.72,7.59,7.66,7.66,9963812
2009-04-29,7.54,7.6,7.48,7.54,7.54,3804730
2009-04-30,7.5,7.56,7.44,7.5,7.5,10496633
2009-05-01,7.49,7.55,7.43,7.49,7.49,7852107
2009-05-04,7.32,7.38,7.26,7.32,7.32,4402322
2009-05-05,7.27,7.33,7.22,7.27,7.27,3574878
2009-05-06,7.24,7.3,7.19,7.24,7.24,4817998
2009-05-07,7.17,7.23,7.11,7.17,7.17,4395210
2009-05-08,6.95,7.0,6.89,6.95,6.95,5515193
2009-05-11,6.9,6.95,6.84,6.9,6.9,11665649
2009-05-12,6.81,6.87,6.76,6.81,6.81,6294650
2009-05-13,6.81,6.87,6.76,6.81,6.81,5824047
2009-05-14,6.75,6.81,6.7,6.75,6.75,5814509
2009-05-15,6.92,6.98,6.87,6.92,6.92,2711153
2009-05-18,6.81,6.86,6.76,6.81,6.81,6807886
2009-05-19,6.93,6.99,6.87,6.93,6.93,3669670
2009-05-20,7.02,7.07,6.96,7.02,7.02,8033546
2009-05-21,6.93,6.99,6.88,6.93,6.93,7356037
2009-05-22,7.16,7.21,7.1,7.16,7.16,4370129
2009-05-25,7.2,7.26,7.15,7.2,7.2,4516771
2009-05-26,7.43,7.48,7.37,7.43,7.43,5959207
2009-05-27,7.31,7.37,7.25,7.31,7.31,3264982
2009-05-28,7.32,7.37,7.26,7.32,7.32,4166816
2009-05-29,7.22,7.28,7.16,7.22,7.22,5070363
2009-06-01,7.24,7.3,7.18,7.24,7.24,4245402
2009-06-02,7.27,7.32,7.21,7.27,7.27,7504290
2009-06-03,7.12,7.17,7.06,7.12,7.12,4457591
2009-06-04,7.14,7.19,7.08,7.14,7.14,11074408
2009-06-05,7.18,7.23,7.12,7.18,7.18,4141657
2009-06-08,7.23,7.29,7.18,7.23,7.23,2429449
2009-06-09,7.32,7.37,7.26,7.32,7.32,3528167
2009-06-10,7.21,7.27,7.15,7.21,7.21,3352942
2009-06-11,7.17,7.23,7.11,7.17,7.17,2857443
2009-06-12,7.11,7.17,7.05,7.11,7.11,5733028
2009-06-15,7.13,7.19,7.07,7.13,7.13,6368939
2009-06-16,7.05,7.11,7.0,7.05,7.05,4064739
2009-06-17,7.02,7.07,6.96,7.02,7.02,7334443
2009-06-18,7.18,7.24,7.13,7.18,7.18,12244843
2009-06-19,7.31,7.37,7.25,7.31,7.31,4941299
2009-06-22,7.29,7.35,7.23,7.29,7.29,2732787
2009-06-23,7.32,7.38,7.27,7.32,7.32,9356051
2009-06-24,7.5,7.56,7.44,7.5,7.5,4334277
2009-06-25,7.46,7.52,7.4,7.46,7.46,4883880
2009-06-26,7.5,7.56,7.44,7.5,7.5,4593684
2009-06-29,7.5,7.56,7.44,7.5,7.5,4269554
2009-06-30,7.55,7.61,7.49,7.55,7.55,2338623
2009-07-01,7.75,7.81,7.69,7.75,7.75,4880144
2009-07-02,7.72,7.78,7.66,7.72,7.72,3615445
2009-07-03,7.79,7.85,7.72,7.79,7.79,5632440
2009-07-06,7.54,7.6,7.48,7.54,7.54,5951893
2009-07-07,7.93,7.99,7.87,7.93,7.93,6910134
2009-07-08,7.8,7.87,7.74,7.8,7.8,3162131
2009-07-09,7.76,7.82,7.7,7.76,7.76,2461845
2009-07-10,7.76,7.82,7.7,7.76,7.76,3183254
2009-07-13,7.48,7.54,7.42,7.48,7.48,3889073
2009-07-14,7.47,7.52,7.41,7.47,7.47,7496725
2009-07-15,7.19,7.25,7.14,7.19,7.19,6399982
2009-07-16,7.3,7.36,7.24,7.3,7.3,6145979
2009-07-17,7.22,7.28,7.16,7.22,7.22,4712222
2009-07-20,7.15,7.21,7.09,7.15,7.15,3365990
2009-07-21,7.16,7.21,7.1,7.16,7.16,7167033
2009-07-22,7.05,7.1,6.99,7.05,7.05,9337082
2009-07-23,7.2,7.26,7.15,7.2,7.2,6547807
2009-07-24,7.18,7.24,7.12,7.18,7.18,9200834
2009-07-27,7.12,7.18,7.06,7.12,7.12,4401805
2009-07-28,7.23,7.29,7.17,7.23,7.23,4525238
2009-07-29,7.19,7.24,7.13,7.19,7.19,11318199
2009-07-30,7.05,7.1,6.99,7.05,7.05,5528093
2009-07-31,7.0,7.05,6.94,7.0,7.0,3402623
2009-08-03,7.0,7.05,6.94,7.0,7.0,5023963
2009-08-04,7.12,7.18,7.06,7.12,7.12,6292008
2009-08-05,7.18,7.24,7.13,7.18,7.18,4941806
2009-08-06,7.03,7.09,6.97,7.03,7.03,10006955
2009-08-07,7.08,7.13,7.02,7.08,7.08,3965046
2009-08-10,7.14,7.2,7.08,7.14,7.14,5191397
2009-08-11,7.44,7.49,7.38,7.44,7.44,2729821
2009-08-12,7.44,7.5,7.38,7.44,7.44,6119207
2009-08-13,7.44,7.5,7.38,7.44,7.44,5564813
2009-08-14,7.7,7.76,7.64,7.7,7.7,3916172
2009-08-17,7.66,7.72,7.6,7.66,7.66,3326269
2009-08-18,7.67,7.74,7.61,7.67,7.67,4328621
2009-08-19,7.78,7.84,7.71,7.78,7.78,4593178
2009-08-20,7.67,7.73,7.6,7.67,7.67,5135954
2009-08-21,7.82,7.89,7.76,7.82,7.82,9184630
2009-08-24,7.78,7.84,7.72,7.78,7.78,5608697
2009-08-25,7.63,7.69,7.57,7.63,7.63,5303125
2009-08-26,7.75,7.82,7.69,7.75,7.75,6236002
2009-08-27,7.86,7.93,7.8,7.86,7.86,5073930
2009-08-28,7.87,7.94,7.81,7.87,7.87,5374366
2009-08-31,7.78,7.85,7.72,7.78,7.78,2668644
2009-09-01,7.66,7.72,7.6,7.66,7.66,7906245
2009-09-02,7.54,7.6,7.48,7.54,7.54,8476164
2009-09-03,7.79,7.85,7.73,7.79,7.79,5679967
2009-09-04,7.76,7.82,7.7,7.76,7.76,5012390
2009-09-07,7.86,7.93,7.8,7.86,7.86,6031768
2009-09-08,8.09,8.15,8.02,8.09,8.09,2985397
2009-09-09,8.12,8.18,8.05,8.12,8.12,7915139
2009-09-10,8.36,8.43,8.29,8.36,8.36,2907808
2009-09-11,8.27,8.34,8.21,8.27,8.27,5664336
2009-09-14,8.35,8.42,8.29,8.35,8.35,4093103
2009-09-15,8.12,8.19,8.06,8.12,8.12,8438686
2009-09-16,8.42,8.48,8.35,8.42,8.42,4886493
2009-09-17,8.48,8.55,8.41,8.48,8.48,4104264
2009-09-18,8.34,8.41,8.28,8.34,8.34,6419361
2009-09-21,8.47,8.53,8.4,8.47,8.47,2919481
2009-09-22,8.41,8.48,8.34,8.41,8.41,4838495
2009-09-23,8.51,8.58,8.44,8.51,8.51,13722122
2009-09-24,8.7,8.77,8.63,8.7,8.7,10420437
2009-09-25,8.86,8.93,8.79,8.86,8.86,7639044
2009-09-28,8.68,8.75,8.61,8.68,8.68,5600715
2009-09-29,8.62,8.69,8.55,8.62,8.62,7194927
2009-09-30,8.53,8.6,8.46,8.53,8.53,5442795
2009-10-01,8.39,8.46,8.33,8.39,8.39,5019516
2009-10-02,8.52,8.59,8.45,8.52,8.52,7142288
2009-10-05,8.37,8.44,8.3,8.37,8.37,4821427
2009-10-06,8.52,8.59,8.45,8.52,8.52,5855198
2009-10-07,8.54,8.6,8.47,8.54,8.54,12481604
2009-10-08,8.67,8.73,8.6,8.67,8.67,10482607
2009-10-09,8.33,8.4,8.26,8.33,8.33,5477142
2009-10-12,8.18,8.25,8.12,8.18,8.18,8604936
2009-10-13,8.18,8.24,8.11,8.18,8.18,4977531
2009-10-14,8.19,8.25,8.12,8.19,8.19,2458919
2009-10-15,8.53,8.6,8.46,8.53,8.53,5970797
2009-10-16,8.51,8.58,8.45,8.51,8.51,4497406
2009-10-19,8.36,8.43,8.3,8.36,8.36,4693528
2009-10-20,8.37,8.44,8.3,8.37,8.37,3154365
2009-10-21,8.52,8.58,8.45,8.52,8.52,4012455
2009-10-22,8.59,8.66,8.52,8.59,8.59,5921229
2009-10-23,8.62,8.69,8.56,8.62,8.62,5542468
2009-10-26,8.55,8.62,8.48,8.55,8.55,4683895
2009-10-27,8.37,8.43,8.3,8.37,8.37,6877260
2009-10-28,8.28,8.35,8.21,8.28,8.28,5382656
2009-10-29,8.45,8.52,8.38,8.45,8.45,7916918
2009-10-30,8.61,8.68,8.54,8.61,8.61,4813440
2009-11-02,8.61,8.68,8.54,8.61,8.61,3647497
2009-11-03,8.6,8.67,8.53,8.6,8.6,2207344
2009-11-04,8.65,8.72,8.58,8.65,8.65,2600855
2009-11-05,8.73,8.8,8.66,8.73,8.73,6183857
2009-11-06,8.8,8.87,8.72,8.8,8.8,2888194
2009-11-09,9.06,9.14,8.99,9.06,9.06,4218513
2009-11-10,9.29,9.37,9.22,9.29,9.29,5934875
2009-11-11,9.14,9.22,9.07,9.14,9.14,10714634
2009-11-12,9.29,9.36,9.22,9.29,9.29,5846479
2009-11-13,9.59,9.66,9.51,9.59,9.59,6454160
2009-11-16,9.5,9.58,9.43,9.5,9.5,3517845
2009-11-17,9.66,9.74,9.58,9.66,9.66,12272538
2009-11-18,9.64,9.71,9.56,9.64,9.64,8692882
2009-11-19,9.7,9.78,9.62,9.7,9.7,4454486
2009-11-20,9.59,9.66,9.51,9.59,9.59,6241068
2009-11-23,9.29,9.36,9.21,9.29,9.29,7101518
2009-11-24,9.35,9.42,9.27,9.35,9.35,5042084
2009-11-25,9.32,9.39,9.24,9.32,9.32,5833087
2009-11-26,9.38,9.45,9.3,9.38,9.38,6241581
2009-11-27,9.24,9.31,9.17,9.24,9.24,4376610
2009-11-30,9.37,9.44,9.29,9.37,9.37,6190277
2009-12-01,9.46,9.54,9.39,9.46,9.46,9726783
2009-12-02,9.37,9.44,9.29,9.37,9.37,2480001
2009-12-03,9.3,9.37,9.23,9.3,9.3,6175722
2009-12-04,9.41,9.49,9.34,9.41,9.41,5852306
2009-12-07,9.56,9.63,9.48,9.56,9.56,2467930
2009-12-08,9.22,9.29,9.15,9.22,9.22,3131949
2009-12-09,9.28,9.36,9.21,9.28,9.28,6032509
2009-12-10,9.35,9.43,9.28,9.35,9.35,4082477
2009-12-11,9.49,9.57,9.41,9.49,9.49,5873192
2009-12-14,9.82,9.9,9.74,9.82,9.82,7113361
2009-12-15,9.71,9.79,9.63,9.71,9.71,4081130
2009-12-16,9.92,9.99,9.84,9.92,9.92,2985559
2009-12-17,10.08,10.16,10.0,10.08,10.08,8011118
2009-12-18,10.09,10.17,10.01,10.09,10.09,5010344
2009-12-21,10.18,10.26,10.09,10.18,10.18,5200994
2009-12-22,10.1,10.18,10.02,10.1,10.1,5144926
2009-12-23,10.32,10.4,10.24,10.32,10.32,4225169
2009-12-24,10.09,10.17,10.01,10.09,10.09,5827816
2009-12-25,10.12,10.2,10.03,10.12,10.12,3819007
2009-12-28,9.84,9.92,9.76,9.84,9.84,6279323
2009-12-29,9.61,9.69,9.53,9.61,9.61,2825864
2009-12-30,9.83,9.91,9.75,9.83,9.83,5352042
2009-12-31,9.8,9.88,9.72,9.8,9.8,7364644
2010-01-01,9.61,9.69,9.54,9.61,9.61,4202293
2010-01-04,9.73,9.8,9.65,9.73,9.73,5295884
2010-01-05,9.87,9.95,9.79,9.87,9.87,7412723
2010-01-06,10.09,10.17,10.01,10.09,10.09,5866743
2010-01-07,10.28,10.37,10.2,10.28,10.28,4256863
2010-01-08,10.27,10.36,10.19,10.27,10.27,7897561
2010-01-11,10.24,10.33,10.16,10.24,10.24,7637256
2010-01-12,10.04,10.12,9.96,10.04,10.04,3948076
2010-01-13,10.09,10.17,10.01,10.09,10.09,3844188
2010-01-14,10.28,10.36,10.19,10.28,10.28,5827583
2010-01-15,10.0,10.08,9.92,10.0,10.0,8327626
2010-01-18,10.23,10.32,10.15,10.23,10.23,3075472
2010-01-19,10.53,10.62,10.45,10.53,10.53,5194908
2010-01-20,10.47,10.55,10.38,10.47,10.47,7325472
2010-01-21,10.71,10.8,10.62,10.71,10.71,2722477
2010-01-22,10.8,10.89,10.71,10.8,10.8,3079529
2010-01-25,10.65,10.74,10.57,10.65,10.65,4814107
2010-01-26,10.6,10.69,10.52,10.6,10.6,12606737
2010-01-27,10.67,10.76,10.59,10.67,10.67,5087648
2010-01-28,10.82,10.9,10.73,10.82,10.82,4699790
2010-01-29,11.06,11.15,10.97,11.06,11.06,4792448
2010-02-01,11.0,11.09,10.91,11.0,11.0,4573586
2010-02-02,11.28,11.37,11.19,11.28,11.28,5809632
2010-02-03,10.99,11.08,10.9,10.99,10.99,6187692
2010-02-04,11.0,11.08,10.91,11.0,11.0,9796789
2010-02-05,11.08,11.17,10.99,11.08,11.08,7103388
2010-02-08,10.76,10.85,10.68,10.76,10.76,3059458
2010-02-09,10.89,10.98,10.81,10.89,10.89,4269241
2010-02-10,11.0,11.08,10.91,11.0,11.0,6537204
2010-02-11,11.17,11.25,11.08,11.17,11.17,7781199
2010-02-12,11.29,11.38,11.2,11.29,11.29,5126234
2010-02-15,11.4,11.49,11.31,11.4,11.4,8402172
2010-02-16,11.1,11.18,11.01,11.1,11.1,4243950
2010-02-17,11.0,11.09,10.91,11.0,11.0,7963383
2010-02-18,11.01,11.1,10.92,11.01,11.01,5020293
2010-02-19,11.01,11.1,10.93,11.01,11.01,8450333
2010-02-22,11.11,11.2,11.03,11.11,11.11,9259830
2010-02-23,11.25,11.34,11.16,11.25,11.25,6171907
2010-02-24,11.41,11.5,11.31,11.41,11.41,3422926
2010-02-25,11.39,11.49,11.3,11.39,11.39,5632326
2010-02-26,11.26,11.35,11.17,11.26,11.26,3720834
2010-03-01,10.84,10.92,10.75,10.84,10.84,13375804
2010-03-02,10.6,10.69,10.52,10.6,10.6,9416896
2010-03-03,10.43,10.52,10.35,10.43,10.43,3652125
2010-03-04,10.11,10.19,10.03,10.11,10.11,2928020
2010-03-05,9.85,9.93,9.77,9.85,9.85,2562428
2010-03-08,9.96,10.04,9.88,9.96,9.96,3382648
2010-03-09,9.97,10.05,9.9,9.97,9.97,9043341
2010-03-10,10.0,10.08,9.92,10.0,10.0,7332217
2010-03-11,9.57,9.65,9.5,9.57,9.57,5800963
2010-03-12,9.65,9.73,9.58,9.65,9.65,5490350
2010-03-15,9.61,9.69,9.54,9.61,9.61,4786569
2010-03-16,9.61,9.69,9.54,9.61,9.61,3784694
2010-03-17,9.62,9.7,9.54,9.62,9.62,5237071
2010-03-18,9.77,9.85,9.7,9.77,9.77,5165667
2010-03-19,9.69,9.77,9.61,9.69,9.69,13952303
2010-03-22,9.72,9.8,9.65,9.72,9.72,6343408
2010-03-23,9.87,9.94,9.79,9.87,9.87,4577907
2010-03-24,9.83,9.91,9.75,9.83,9.83,5259809
2010-03-25,9.84,9.92,9.76,9.84,9.84,2312720
2010-03-26,9.85,9.93,9.77,9.85,9.85,3258116
2010-03-29,10.06,10.14,9.98,10.06,10.06,6073029
2010-03-30,10.02,10.1,9.94,10.02,10.02,8514011
2010-03-31,9.94,10.02,9.86,9.94,9.94,7679619
2010-04-01,9.99,10.07,9.91,9.99,9.99,4208018
2010-04-02,9.95,10.03,9.87,9.95,9.95,3132539
2010-04-05,10.2,10.28,10.11,10.2,10.2,6090654
2010-04-06,10.3,10.38,10.22,10.3,10.3,4020008
2010-04-07,10.5,10.58,10.41,10.5,10.5,4493073
2010-04-08,10.61,10.7,10.53,10.61,10.61,8117653
2010-04-09,10.41,10.5,10.33,10.41,10.41,5220646
2010-04-12,10.33,10.41,10.25,10.33,10.33,6206527
2010-04-13,10.39,10.47,10.31,10.39,10.39,3491623
2010-04-14,10.69,10.78,10.61,10.69,10.69,7320568
2010-04-15,10.76,10.84,10.67,10.76,10.76,5205550
2010-04-16,10.89,10.98,10.8,10.89,10.89,8574280
2010-04-19,10.94,11.03,10.85,10.94,10.94,11313906
2010-04-20,10.98,11.07,10.89,10.98,10.98,5688859
2010-04-21,10.89,10.98,10.81,10.89,10.89,7585484
2010-04-22,10.82,10.9,10.73,10.82,10.82,4861045
2010-04-23,10.76,10.85,10.67,10.76,10.76,8465753
2010-04-26,10.84,10.92,10.75,10.84,10.84,8171823
2010-04-27,11.1,11.19,11.01,11.1,11.1,6615017
2010-04-28,11.1,11.19,11.01,11.1,11.1,4251158
2010-04-29,11.02,11.11,10.93,11.02,11.02,3474778
2010-04-30,11.11,11.2,11.02,11.11,11.11,5630189
2010-05-03,11.04,11.13,10.95,11.04,11.04,10233582
2010-05-04,11.12,11.21,11.03,11.12,11.12,6924703
2010-05-05,11.4,11.49,11.31,11.4,11.4,3907454
2010-05-06,11.33,11.42,11.24,11.33,11.33,3633675
2010-05-07,11.38,11.47,11.29,11.38,11.38,9912718
2010-05-10,11.12,11.21,11.03,11.12,11.12,6807951
2010-05-11,11.35,11.44,11.26,11.35,11.35,5360002
2010-05-12,11.37,11.46,11.28,11.37,11.37,8843560
2010-05-13,11.51,11.6,11.42,11.51,11.51,5974867
2010-05-14,11.21,11.3,11.12,11.21,11.21,7240790
2010-05-17,11.22,11.31,11.13,11.22,11.22,4873738
2010-05-18,11.36,11.46,11.27,11.36,11.36,4914627
2010-05-19,11.36,11.45,11.26,11.36,11.36,13361241
2010-05-20,11.14,11.23,11.05,11.14,11.14,5406719
2010-05-21,11.33,11.42,11.24,11.33,11.33,6949824
2010-05-24,11.5,11.59,11.41,11.5,11.5,4077288
2010-05-25,11.54,11.64,11.45,11.54,11.54,3300955
2010-05-26,11.48,11.57,11.38,11.48,11.48,9030118
2010-05-27,11.63,11.72,11.54,11.63,11.63,6453245
2010-05-28,11.56,11.66,11.47,11.56,11.56,6465722
2010-05-31,11.67,11.76,11.57,11.67,11.67,9194544
2010-06-01,11.51,11.6,11.41,11.51,11.51,4769637
2010-06-02,11.28,11.37,11.19,11.28,11.28,3174816
2010-06-03,11.45,11.54,11.36,11.45,11.45,5873468
2010-06-04,11.57,11.66,11.47,11.57,11.57,6602155
2010-06-07,11.86,11.96,11.77,11.86,11.86,2847242
2010-06-08,12.13,12.22,12.03,12.13,12.13,6051418
2010-06-09,11.96,12.05,11.86,11.96,11.96,7948332
2010-06-10,11.96,12.06,11.87,11.96,11.96,7320359
2010-06-11,12.36,12.46,12.26,12.36,12.36,11062156
2010-06-14,12.74,12.84,12.64,12.74,12.74,6084061
2010-06-15,12.64,12.74,12.54,12.64,12.64,3091160
2010-06-16,12.86,12.97,12.76,12.86,12.86,4406211
2010-06-17,12.84,12.94,12.73,12.84,12.84,4324605
2010-06-18,12.99,13.1,12.89,12.99,12.99,4774066
2010-06-21,12.67,12.77,12.57,12.67,12.67,5919237
2010-06-22,12.83,12.93,12.73,12.83,12.83,4244357
2010-06-23,12.69,12.8,12.59,12.69,12.69,4375452
2010-06-24,12.76,12.86,12.66,12.76,12.76,6597830
2010-06-25,12.68,12.79,12.58,12.68,12.68,6422174
2010-06-28,13.01,13.11,12.91,13.01,13.01,3641258
2010-06-29,12.84,12.95,12.74,12.84,12.84,6420254
2010-06-30,12.97,13.07,12.86,12.97,12.97,4421405
2010-07-01,13.05,13.16,12.95,13.05,13.05,8526378
2010-07-02,13.6,13.71,13.49,13.6,13.6,5085536
2010-07-05,13.61,13.72,13.5,13.61,13.61,3625735
2010-07-06,13.82,13.93,13.71,13.82,13.82,6145597
2010-07-07,13.99,14.1,13.87,13.99,13.99,8930935
2010-07-08,13.95,14.06,13.84,13.95,13.95,6954307
2010-07-09,14.01,14.13,13.9,14.01,14.01,3373572
2010-07-12,13.75,13.86,13.64,13.75,13.75,6696166
2010-07-13,13.88,13.99,13.77,13.88,13.88,5895604
2010-07-14,13.92,14.04,13.81,13.92,13.92,10070145
2010-07-15,14.32,14.44,14.21,14.32,14.32,5422438
2010-07-16,14.21,14.32,14.09,14.21,14.21,5767360
2010-07-19,14.47,14.59,14.36,14.47,14.47,4265110
2010-07-20,14.29,14.41,14.18,14.29,14.29,2995509
2010-07-21,14.12,14.23,14.0,14.12,14.12,7090479
2010-07-22,13.92,14.03,13.8,13.92,13.92,5404007
2010-07-23,13.93,14.04,13.82,13.93,13.93,4318185
2010-07-26,13.91,14.02,13.8,13.91,13.91,3552989
2010-07-27,13.78,13.89,13.67,13.78,13.78,5063281
2010-07-28,13.57,13.68,13.46,13.57,13.57,4770526
2010-07-29,13.53,13.64,13.42,13.53,13.53,2609600
2010-07-30,13.8,13.91,13.69,13.8,13.8,3309059
2010-08-02,13.97,14.08,13.86,13.97,13.97,2847837
2010-08-03,13.81,13.92,13.7,13.81,13.81,7158371
2010-08-04,13.71,13.82,13.6,13.71,13.71,3440786
2010-08-05,13.48,13.59,13.37,13.48,13.48,5020323
2010-08-06,13.48,13.59,13.37,13.48,13.48,8779176
2010-08-09,13.38,13.49,13.28,13.38,13.38,2926200
2010-08-10,13.39,13.5,13.29,13.39,13.39,6177037
2010-08-11,13.44,13.54,13.33,13.44,13.44,3671552
2010-08-12,13.27,13.38,13.17,13.27,13.27,7140578
2010-08-13,13.37,13.48,13.27,13.37,13.37,5763111
2010-08-16,13.46,13.57,13.36,13.46,13.46,5680061
2010-08-17,14.01,14.12,13.89,14.01,14.01,4383121
2010-08-18,13.93,14.04,13.82,13.93,13.93,5703145
2010-08-19,13.93,14.05,13.82,13.93,13.93,8162881
2010-08-20,13.89,14.0,13.78,13.89,13.89,5132791
2010-08-23,13.88,13.99,13.76,13.88,13.88,6705027
2010-08-24,14.1,14.22,13.99,14.1,14.1,6072616
2010-08-25,14.18,14.3,14.07,14.18,14.18,3544541
2010-08-26,14.54,14.65,14.42,14.54,14.54,4686522
2010-08-27,14.61,14.73,14.5,14.61,14.61,5062008
2010-08-30,14.85,14.96,14.73,14.85,14.85,6575153
2010-08-31,14.75,14.87,14.63,14.75,14.75,4029193
2010-09-01,15.02,15.14,14.9,15.02,15.02,8872292
2010-09-02,15.05,15.17,14.93,15.05,15.05,3515679
2010-09-03,15.67,15.8,15.55,15.67,15.67,7340231
2010-09-06,15.57,15.7,15.45,15.57,15.57,5452905
2010-09-07,15.53,15.66,15.41,15.53,15.53,5137341
2010-09-08,15.42,15.54,15.29,15.42,15.42,2322786
2010-09-09,15.33,15.45,15.21,15.33,15.33,7147650
2010-09-10,15.38,15.5,15.25,15.38,15.38,5636316
2010-09-13,15.35,15.47,15.22,15.35,15.35,3028999
2010-09-14,15.63,15.76,15.51,15.63,15.63,6445978
2010-09-15,15.5,15.62,15.37,15.5,15.5,7412140
2010-09-16,15.06,15.18,14.94,15.06,15.06,5522422
2010-09-17,14.84,14.96,14.72,14.84,14.84,6561151
2010-09-20,14.9,15.02,14.78,14.9,14.9,5677889
2010-09-21,14.97,15.09,14.85,14.97,14.97,4828584
2010-09-22,14.83,14.95,14.71,14.83,14.83,1573670
2010-09-23,14.55,14.66,14.43,14.55,14.55,7672899
2010-09-24,14.38,14.5,14.27,14.38,14.38,7962814
2010-09-27,14.53,14.64,14.41,14.53,14.53,7052787
2010-09-28,14.4,14.51,14.28,14.4,14.4,9119332
2010-09-29,14.67,14.79,14.55,14.67,14.67,6511160
2010-09-30,14.65,14.77,14.53,14.65,14.65,5714754
2010-10-01,14.68,14.8,14.56,14.68,14.68,4869743
2010-10-04,14.71,14.83,14.59,14.71,14.71,3379855
2010-10-05,14.8,14.91,14.68,14.8,14.8,3372237
2010-10-06,14.79,14.91,14.67,14.79,14.79,3324676
2010-10-07,15.08,15.2,14.96,15.08,15.08,3280871
2010-10-08,15.18,15.3,15.06,15.18,15.18,10113133
2010-10-11,15.47,15.59,15.34,15.47,15.47,6684824
2010-10-12,15.32,15.44,15.2,15.32,15.32,6420976
2010-10-13,15.05,15.17,14.93,15.05,15.05,5136040
2010-10-14,14.78,14.9,14.66,14.78,14.78,7120522
2010-10-15,14.87,14.99,14.75,14.87,14.87,4588617
2010-10-18,14.9,15.02,14.78,14.9,14.9,6455321
2010-10-19,14.91,15.03,14.79,14.91,14.91,8309214
2010-10-20,14.55,14.66,14.43,14.55,14.55,4647021
2010-10-21,14.59,14.71,14.47,14.59,14.59,6554941
2010-10-22,14.7,14.81,14.58,14.7,14.7,8718287
2010-10-25,14.56,14.68,14.44,14.56,14.56,6576221
2010-10-26,14.59,14.71,14.47,14.59,14.59,7889746
2010-10-27,14.25,14.36,14.14,14.25,14.25,9308336
2010-10-28,14.19,14.3,14.07,14.19,14.19,4317016
2010-10-29,14.23,14.35,14.12,14.23,14.23,8677869
2010-11-01,14.05,14.16,13.93,14.05,14.05,3922356
2010-11-02,14.23,14.35,14.12,14.23,14.23,6651566
2010-11-03,14.08,14.19,13.96,14.08,14.08,3261764
2010-11-04,14.08,14.19,13.96,14.08,14.08,5832480
2010-11-05,14.31,14.42,14.19,14.31,14.31,4617271
2010-11-08,14.29,14.4,14.17,14.29,14.29,6334305
2010-11-09,13.97,14.08,13.85,13.97,13.97,8352810
2010-11-10,13.88,13.99,13.76,13.88,13.88,17305481
2010-11-11,14.23,14.35,14.12,14.23,14.23,6252409
2010-11-12,14.24,14.35,14.13,14.24,14.24,5888222
2010-11-15,14.12,14.23,14.0,14.12,14.12,6437080
2010-11-16,14.29,14.41,14.18,14.29,14.29,5575101
2010-11-17,14.01,14.12,13.89,14.01,14.01,5273722
2010-11-18,13.71,13.82,13.6,13.71,13.71,6120612
2010-11-19,13.95,14.06,13.84,13.95,13.95,2715664
2010-11-22,13.71,13.82,13.6,13.71,13.71,5656074
2010-11-23,13.57,13.67,13.46,13.57,13.57,3329021
2010-11-24,13.68,13.79,13.58,13.68,13.68,2842730
2010-11-25,13.57,13.68,13.46,13.57,13.57,7435758
2010-11-26,13.57,13.67,13.46,13.57,13.57,4663044
2010-11-29,13.5,13.61,13.39,13.5,13.5,11587821
2010-11-30,13.11,13.22,13.01,13.11,13.11,7745935
2010-12-01,13.05,13.15,12.94,13.05,13.05,5031885
2010-12-02,13.28,13.39,13.18,13.28,13.28,2203773
2010-12-03,13.28,13.39,13.17,13.28,13.28,4383682
2010-12-06,13.09,13.19,12.98,13.09,13.09,5642862
2010-12-07,13.09,13.19,12.98,13.09,13.09,6415139
2010-12-08,12.98,13.08,12.88,12.98,12.98,4004545
2010-12-09,12.8,12.91,12.7,12.8,12.8,3373473
2010-12-10,12.92,13.02,12.81,12.92,12.92,3518793
2010-12-13,12.82,12.93,12.72,12.82,12.82,4845042
2010-12-14,12.76,12.86,12.65,12.76,12.76,4394614
2010-12-15,13.25,13.36,13.15,13.25,13.25,3556250
2010-12-16,13.29,13.4,13.19,13.29,13.29,5173629
2010-12-17,13.48,13.59,13.37,13.48,13.48,3023517
2010-12-20,13.73,13.84,13.62,13.73,13.73,10468653
2010-12-21,13.55,13.66,13.44,13.55,13.55,6041500
2010-12-22,13.68,13.79,13.57,13.68,13.68,8611151
2010-12-23,13.85,13.96,13.73,13.85,13.85,11753426
2010-12-24,13.59,13.7,13.48,13.59,13.59,4850504
2010-12-27,13.85,13.96,13.74,13.85,13.85,4530913
2010-12-28,13.53,13.64,13.43,13.53,13.53,4418913
2010-12-29,13.06,13.16,12.95,13.06,13.06,3760482
2010-12-30,12.82,12.92,12.72,12.82,12.82,4876485
2010-12-31,13.25,13.35,13.14,13.25,13.25,4080062
2011-01-03,13.32,13.42,13.21,13.32,13.32,6049111
2011-01-04,13.46,13.57,13.36,13.46,13.46,3917149
2011-01-05,13.42,13.53,13.32,13.42,13.42,7438422
2011-01-06,13.52,13.63,13.41,13.52,13.52,6176302
2011-01-07,13.68,13.79,13.57,13.68,13.68,5799652
2011-01-10,13.84,13.95,13.73,13.84,13.84,4378606
2011-01-11,14.19,14.3,14.08,14.19,14.19,6559866
2011-01-12,14.0,14.12,13.89,14.0,14.0,4813343
2011-01-13,14.15,14.27,14.04,14.15,14.15,9267166
2011-01-14,14.13,14.24,14.01,14.13,14.13,11206660
2011-01-17,14.02,14.13,13.9,14.02,14.02,4176515
2011-01-18,13.91,14.02,13.8,13.91,13.91,5284124
2011-01-19,13.78,13.89,13.67,13.78,13.78,6853338
2011-01-20,13.77,13.88,13.66,13.77,13.77,4585951
2011-01-21,14.02,14.13,13.91,14.02,14.02,4667737
2011-01-24,13.96,14.07,13.85,13.96,13.96,2243743
2011-01-25,14.25,14.36,14.14,14.25,14.25,5295647
2011-01-26,14.57,14.68,14.45,14.57,14.57,5849854
2011-01-27,14.89,15.01,14.77,14.89,14.89,5934206
2011-01-28,15.06,15.18,14.94,15.06,15.06,7153874
2011-01-31,14.99,15.11,14.87,14.99,14.99,5423350
2011-02-01,15.54,15.67,15.42,15.54,15.54,4077550
2011-02-02,15.23,15.35,15.11,15.23,15.23,12389444
2011-02-03,15.11,15.23,14.99,15.11,15.11,4119505
2011-02-04,14.7,14.82,14.58,14.7,14.7,4710129
2011-02-07,14.63,14.75,14.51,14.63,14.63,2912771
2011-02-08,14.79,14.91,14.67,14.79,14.79,2909005
2011-02-09,14.93,15.05,14.81,14.93,14.93,7665627
2011-02-10,15.0,15.12,14.88,15.0,15.0,6906618
2011-02-11,14.91,15.03,14.79,14.91,14.91,6791765
2011-02-14,14.93,15.05,14.81,14.93,14.93,6147833
2011-02-15,14.88,14.99,14.76,14.88,14.88,5915962
2011-02-16,14.88,15.0,14.76,14.88,14.88,2535768
2011-02-17,14.89,15.01,14.77,14.89,14.89,7171256
2011-02-18,15.0,15.12,14.88,15.0,15.0,4120153
2011-02-21,15.06,15.18,14.94,15.06,15.06,4057597
2011-02-22,14.89,15.01,14.77,14.89,14.89,8216275
2011-02-23,14.75,14.87,14.64,14.75,14.75,3588882
2011-02-24,15.09,15.22,14.97,15.09,15.09,4188901
2011-02-25,15.1,15.22,14.98,15.1,15.1,4845474
2011-02-28,14.6,14.72,14.49,14.6,14.6,4471674
2011-03-01,14.57,14.69,14.45,14.57,14.57,11039878
2011-03-02,14.64,14.76,14.52,14.64,14.64,3295095
2011-03-03,14.48,14.6,14.37,14.48,14.48,5293899
2011-03-04,14.78,14.89,14.66,14.78,14.78,5247498
2011-03-07,15.01,15.13,14.89,15.01,15.01,10076939
2011-03-08,15.18,15.3,15.06,15.18,15.18,5092836
2011-03-09,15.23,15.35,15.11,15.23,15.23,5689482
2011-03-10,15.18,15.3,15.06,15.18,15.18,8328613
2011-03-11,15.19,15.31,15.07,15.19,15.19,2662247
2011-03-14,15.35,15.48,15.23,15.35,15.35,4144187
2011-03-15,15.48,15.61,15.36,15.48,15.48,9603682
2011-03-16,15.09,15.21,14.97,15.09,15.09,3265738
2011-03-17,15.09,15.21,14.97,15.09,15.09,5715405
2011-03-18,15.13,15.25,15.01,15.13,15.13,2830655
2011-03-21,15.39,15.51,15.26,15.39,15.39,9165736
2011-03-22,15.42,15.54,15.3,15.42,15.42,3854614
2011-03-23,15.44,15.56,15.32,15.44,15.44,3852763
2011-03-24,15.92,16.04,15.79,15.92,15.92,4094721
2011-03-25,15.49,15.61,15.36,15.49,15.49,4924815
2011-03-28,15.33,15.46,15.21,15.33,15.33,4325079
2011-03-29,15.19,15.32,15.07,15.19,15.19,7115872
2011-03-30,14.81,14.93,14.69,14.81,14.81,5947945
2011-03-31,14.52,14.63,14.4,14.52,14.52,5499106
2011-04-01,14.55,14.67,14.43,14.55,14.55,5711059
2011-04-04,14.29,14.4,14.17,14.29,14.29,5884294
2011-04-05,14.3,14.42,14.19,14.3,14.3,3145311
2011-04-06,14.06,14.17,13.95,14.06,14.06,6695002
2011-04-07,14.37,14.48,14.25,14.37,14.37,7587290
2011-04-08,14.67,14.79,14.55,14.67,14.67,8862518
2011-04-11,14.9,15.02,14.78,14.9,14.9,5941665
2011-04-12,14.84,14.96,14.72,14.84,14.84,4801439
2011-04-13,14.82,14.94,14.71,14.82,14.82,2955961
2011-04-14,14.91,15.03,14.79,14.91,14.91,3883161
2011-04-15,15.02,15.14,14.9,15.02,15.02,3967463
2011-04-18,15.09,15.21,14.97,15.09,15.09,4558358
2011-04-19,15.31,15.43,15.19,15.31,15.31,9618456
2011-04-20,15.24,15.36,15.12,15.24,15.24,5140728
2011-04-21,15.47,15.59,15.35,15.47,15.47,8420169
2011-04-22,15.48,15.6,15.35,15.48,15.48,2919337
2011-04-25,15.55,15.68,15.43,15.55,15.55,5187025
2011-04-26,15.34,15.46,15.21,15.34,15.34,8935113
2011-04-27,15.42,15.54,15.29,15.42,15.42,4833417
2011-04-28,15.4,15.53,15.28,15.4,15.4,3525088
2011-04-29,15.44,15.56,15.31,15.44,15.44,7542192
2011-05-02,15.41,15.53,15.28,15.41,15.41,4174264
2011-05-03,15.57,15.7,15.45,15.57,15.57,5826669
2011-05-04,15.74,15.86,15.61,15.74,15.74,5250804
2011-05-05,15.59,15.71,15.46,15.59,15.59,3452274
2011-05-06,15.48,15.61,15.36,15.48,15.48,4795907
2011-05-09,15.53,15.65,15.4,15.53,15.53,9999944
2011-05-10,15.54,15.66,15.42,15.54,15.54,5388647
2011-05-11,15.82,15.95,15.69,15.82,15.82,8707026
2011-05-12,15.88,16.0,15.75,15.88,15.88,4390775
2011-05-13,15.56,15.68,15.44,15.56,15.56,3226479
2011-05-16,15.43,15.55,15.3,15.43,15.43,6487603
2011-05-17,15.6,15.72,15.47,15.6,15.6,4015504
2011-05-18,15.23,15.35,15.11,15.23,15.23,7355483
2011-05-19,15.34,15.46,15.21,15.34,15.34,4646273
2011-05-20,15.44,15.57,15.32,15.44,15.44,3130260
2011-05-23,15.57,15.7,15.45,15.57,15.57,7860777
2011-05-24,15.6,15.73,15.48,15.6,15.6,4059563
2011-05-25,15.68,15.8,15.55,15.68,15.68,11230950
2011-05-26,15.96,16.08,15.83,15.96,15.96,4761827
2011-05-27,15.8,15.93,15.68,15.8,15.8,4145962
2011-05-30,16.1,16.23,15.97,16.1,16.1,10045855
2011-05-31,16.73,16.87,16.6,16.73,16.73,6596986
2011-06-01,16.89,17.03,16.76,16.89,16.89,9629887
2011-06-02,17.11,17.24,16.97,17.11,17.11,9559984
2011-06-03,17.4,17.54,17.26,17.4,17.4,9724884
2011-06-06,17.35,17.49,17.21,17.35,17.35,2998259
2011-06-07,17.63,17.77,17.49,17.63,17.63,2812502
2011-06-08,17.48,17.62,17.34,17.48,17.48,4470170
2011-06-09,17.58,17.72,17.44,17.58,17.58,4143880
2011-06-10,17.48,17.61,17.34,17.48,17.48,4425900
2011-06-13,17.49,17.63,17.35,17.49,17.49,6623774
2011-06-14,17.61,17.75,17.47,17.61,17.61,5369239
2011-06-15,17.54,17.68,17.4,17.54,17.54,5854949
2011-06-16,17.85,17.99,17.7,17.85,17.85,9279143
2011-06-17,17.82,17.96,17.68,17.82,17.82,5567089
2011-06-20,17.79,17.93,17.65,17.79,17.79,6968265
2011-06-21,17.8,17.94,17.65,17.8,17.8,3244817
2011-06-22,17.85,18.0,17.71,17.85,17.85,6880381
2011-06-23,17.91,18.06,17.77,17.91,17.91,7472625
2011-06-24,17.77,17.91,17.62,17.77,17.77,4997736
2011-06-27,17.75,17.89,17.61,17.75,17.75,6959588
2011-06-28,17.65,17.79,17.51,17.65,17.65,5929456
2011-06-29,17.72,17.87,17.58,17.72,17.72,2442609
2011-06-30,17.56,17.7,17.42,17.56,17.56,4384366
2011-07-01,17.34,17.48,17.21,17.34,17.34,8194050
2011-07-04,17.4,17.53,17.26,17.4,17.4,7211906
2011-07-05,17.33,17.47,17.19,17.33,17.33,4597633
2011-07-06,17.4,17.54,17.26,17.4,17.4,7083741
2011-07-07,16.92,17.06,16.79,16.92,16.92,8909758
2011-07-08,16.76,16.9,16.63,16.76,16.76,7330262
2011-07-11,16.44,16.57,16.31,16.44,16.44,10399642
2011-07-12,16.4,16.53,16.27,16.4,16.4,6034922
2011-07-13,16.43,16.56,16.3,16.43,16.43,4284198
2011-07-14,16.42,16.56,16.29,16.42,16.42,5163612
2011-07-15,15.93,16.05,15.8,15.93,15.93,2950033
2011-07-18,15.86,15.99,15.73,15.86,15.86,17728983
2011-07-19,15.73,15.86,15.61,15.73,15.73,7879178
2011-07-20,16.16,16.29,16.03,16.16,16.16,6322143
2011-07-21,16.52,16.66,16.39,16.52,16.52,9074083
2011-07-22,16.3,16.43,16.17,16.3,16.3,4317813
2011-07-25,16.67,16.81,16.54,16.67,16.67,7192650
2011-07-26,16.63,16.76,16.5,16.63,16.63,3562381
2011-07-27,16.14,16.27,16.01,16.14,16.14,4464515
2011-07-28,16.01,16.14,15.88,16.01,16.01,9081734
2011-07-29,16.37,16.5,16.24,16.37,16.37,13111985
2011-08-01,16.39,16.52,16.26,16.39,16.39,3411835
2011-08-02,16.62,16.76,16.49,16.62,16.62,7059236
2011-08-03,16.65,16.78,16.51,16.65,16.65,4126075
2011-08-04,16.17,16.3,16.04,16.17,16.17,3524226
2011-08-05,15.97,16.1,15.84,15.97,15.97,3282662
2011-08-08,15.79,15.92,15.67,15.79,15.79,3512851
2011-08-09,15.36,15.49,15.24,15.36,15.36,3334228
2011-08-10,15.35,15.47,15.22,15.35,15.35,7970864
2011-08-11,14.96,15.08,14.84,14.96,14.96,7240711
2011-08-12,15.01,15.13,14.89,15.01,15.01,3691984
2011-08-15,14.81,14.93,14.69,14.81,14.81,5500997
2011-08-16,14.84,14.95,14.72,14.84,14.84,3678185
2011-08-17,14.76,14.88,14.64,14.76,14.76,5570030
2011-08-18,14.82,14.94,14.7,14.82,14.82,7150369
2011-08-19,14.69,14.81,14.57,14.69,14.69,7623767
2011-08-22,14.51,14.62,14.39,14.51,14.51,3531253
2011-08-23,14.61,14.72,14.49,14.61,14.61,3944281
2011-08-24,14.95,15.07,14.83,14.95,14.95,3620590
2011-08-25,15.11,15.23,14.99,15.11,15.11,9829480
2011-08-26,15.26,15.38,15.14,15.26,15.26,7518854
2011-08-29,15.5,15.62,15.38,15.5,15.5,5993936
2011-08-30,15.7,15.82,15.57,15.7,15.7,5690187
2011-08-31,15.46,15.58,15.33,15.46,15.46,5612083
2011-09-01,15.69,15.81,15.56,15.69,15.69,4564802
2011-09-02,15.72,15.85,15.6,15.72,15.72,3102030
2011-09-05,15.91,16.03,15.78,15.91,15.91,3643629
2011-09-06,15.74,15.87,15.62,15.74,15.74,8937656
2011-09-07,15.56,15.68,15.43,15.56,15.56,6544125
2011-09-08,15.47,15.59,15.35,15.47,15.47,4291996
2011-09-09,15.09,15.21,14.96,15.09,15.09,8809756
2011-09-12,15.33,15.45,15.2,15.33,15.33,8455727
2011-09-13,15.71,15.84,15.59,15.71,15.71,4735089
2011-09-14,15.63,15.76,15.51,15.63,15.63,5636397
2011-09-15,15.88,16.01,15.75,15.88,15.88,5503537
2011-09-16,15.24,15.37,15.12,15.24,15.24,2891387
2011-09-19,15.35,15.48,15.23,15.35,15.35,10991649
2011-09-20,15.33,15.46,15.21,15.33,15.33,4894538
2011-09-21,15.47,15.59,15.35,15.47,15.47,5381828
2011-09-22,16.19,16.32,16.06,16.19,16.19,5949181
2011-09-23,15.83,15.95,15.7,15.83,15.83,5811021
2011-09-26,15.76,15.88,15.63,15.76,15.76,2768098
2011-09-27,16.01,16.13,15.88,16.01,16.01,5108620
2011-09-28,16.17,16.3,16.04,16.17,16.17,3507434
2011-09-29,16.9,17.03,16.76,16.9,16.9,3363627
2011-09-30,16.92,17.05,16.78,16.92,16.92,9936327
2011-10-03,16.99,17.13,16.86,16.99,16.99,7383853
2011-10-04,17.05,17.19,16.92,17.05,17.05,5779994
2011-10-05,16.57,16.7,16.44,16.57,16.57,3038229
2011-10-06,16.42,16.55,16.28,16.42,16.42,3924871
2011-10-07,16.48,16.62,16.35,16.48,16.48,3698870
2011-10-10,16.7,16.84,16.57,16.7,16.7,5907545
2011-10-11,16.22,16.35,16.09,16.22,16.22,5232576
2011-10-12,16.34,16.47,16.21,16.34,16.34,2949205
2011-10-13,16.6,16.74,16.47,16.6,16.6,5177090
2011-10-14,16.29,16.42,16.16,16.29,16.29,4737268
2011-10-17,16.51,16.64,16.38,16.51,16.51,5835582
2011-10-18,16.26,16.39,16.13,16.26,16.26,2393954
2011-10-19,16.02,16.15,15.89,16.02,16.02,4824930
2011-10-20,16.38,16.51,16.25,16.38,16.38,4308005
2011-10-21,16.44,16.57,16.31,16.44,16.44,4450259
2011-10-24,16.27,16.4,16.14,16.27,16.27,8503481
2011-10-25,16.33,16.46,16.2,16.33,16.33,7740353
2011-10-26,15.98,16.11,15.85,15.98,15.98,15766019
2011-10-27,15.77,15.9,15.65,15.77,15.77,11720814
2011-10-28,15.33,15.45,15.21,15.33,15.33,9422549
2011-10-31,15.5,15.63,15.38,15.5,15.5,4258259
2011-11-01,15.67,15.79,15.54,15.67,15.67,5944961
2011-11-02,15.19,15.31,15.07,15.19,15.19,3861818
2011-11-03,14.66,14.77,14.54,14.66,14.66,7256410
2011-11-04,14.33,14.45,14.22,14.33,14.33,3516484
2011-11-07,14.62,14.73,14.5,14.62,14.62,4601141
2011-11-08,14.61,14.72,14.49,14.61,14.61,5888554
2011-11-09,14.75,14.87,14.63,14.75,14.75,5793738
2011-11-10,15.11,15.23,14.99,15.11,15.11,9749759
2011-11-11,15.22,15.34,15.1,15.22,15.22,3872603
2011-11-14,15.11,15.23,14.99,15.11,15.11,6093385
2011-11-15,15.18,15.3,15.05,15.18,15.18,7740963
2011-11-16,15.21,15.33,15.08,15.21,15.21,7156094
2011-11-17,15.24,15.37,15.12,15.24,15.24,3342211
2011-11-18,15.21,15.33,15.09,15.21,15.21,3965896
2011-11-21,15.34,15.47,15.22,15.34,15.34,5275262
2011-11-22,15.22,15.34,15.1,15.22,15.22,5058381
2011-11-23,15.09,15.22,14.97,15.09,15.09,2907702
2011-11-24,14.93,15.05,14.81,14.93,14.93,6103146
2011-11-25,15.03,15.15,14.91,15.03,15.03,8064318
2011-11-28,15.46,15.58,15.33,15.46,15.46,4797358
2011-11-29,15.86,15.98,15.73,15.86,15.86,5116175
2011-11-30,16.28,16.41,16.15,16.28,16.28,3678010
2011-12-01,16.32,16.45,16.19,16.32,16.32,4643315
2011-12-02,15.9,16.02,15.77,15.9,15.9,4920389
2011-12-05,15.98,16.11,15.86,15.98,15.98,6366481
2011-12-06,15.7,15.83,15.58,15.7,15.7,2439760
2011-12-07,15.83,15.96,15.71,15.83,15.83,4373860
2011-12-08,15.72,15.85,15.6,15.72,15.72,6704249
2011-12-09,15.79,15.92,15.66,15.79,15.79,10289963
2011-12-12,16.01,16.13,15.88,16.01,16.01,2890071
2011-12-13,16.28,16.41,16.15,16.28,16.28,5674164
2011-12-14,16.57,16.71,16.44,16.57,16.57,6876393
2011-12-15,16.04,16.16,15.91,16.04,16.04,5998022
2011-12-16,16.05,16.18,15.93,16.05,16.05,4226969
2011-12-19,16.33,16.46,16.2,16.33,16.33,8308688
2011-12-20,16.11,16.24,15.98,16.11,16.11,7202006
2011-12-21,16.17,16.3,16.04,16.17,16.17,6840986
2011-12-22,15.87,16.0,15.75,15.87,15.87,7012829
2011-12-23,15.5,15.63,15.38,15.5,15.5,3522270
2011-12-26,15.48,15.6,15.35,15.48,15.48,2449490
2011-12-27,15.74,15.86,15.61,15.74,15.74,4849287
2011-12-28,15.94,16.07,15.82,15.94,15.94,4789674
2011-12-29,15.59,15.71,15.46,15.59,15.59,2982892
2011-12-30,15.53,15.65,15.4,15.53,15.53,12434231
2012-01-02,15.57,15.7,15.45,15.57,15.57,5226427
2012-01-03,15.6,15.72,15.47,15.6,15.6,2270480
2012-01-04,15.89,16.02,15.76,15.89,15.89,2557875
2012-01-05,15.94,16.07,15.81,15.94,15.94,9876812
2012-01-06,15.92,16.04,15.79,15.92,15.92,8574041
2012-01-09,15.77,15.9,15.65,15.77,15.77,2221168
2012-01-10,15.96,16.09,15.84,15.96,15.96,10050523
2012-01-11,16.13,16.26,16.0,16.13,16.13,3894366
2012-01-12,16.05,16.17,15.92,16.05,16.05,5329141
2012-01-13,15.98,16.1,15.85,15.98,15.98,6946744
2012-01-16,15.86,15.99,15.74,15.86,15.86,6383353
2012-01-17,15.9,16.02,15.77,15.9,15.9,4996274
2012-01-18,15.67,15.79,15.54,15.67,15.67,3724921
2012-01-19,15.47,15.59,15.35,15.47,15.47,7348115
2012-01-20,15.38,15.5,15.25,15.38,15.38,8704940
2012-01-23,14.99,15.11,14.87,14.99,14.99,11329961
2012-01-24,14.67,14.78,14.55,14.67,14.67,6303970
2012-01-25,14.36,14.47,14.24,14.36,14.36,8019346
2012-01-26,14.01,14.12,13.9,14.01,14.01,3591126
2012-01-27,13.99,14.1,13.88,13.99,13.99,4964068
2012-01-30,13.81,13.92,13.7,13.81,13.81,2040992
2012-01-31,13.73,13.84,13.62,13.73,13.73,4657321
2012-02-01,13.67,13.78,13.56,13.67,13.67,5644895
2012-02-02,13.59,13.7,13.48,13.59,13.59,4105902
2012-02-03,13.4,13.5,13.29,13.4,13.4,8538332
2012-02-06,13.51,13.62,13.4,13.51,13.51,3400456
2012-02-07,13.5,13.61,13.4,13.5,13.5,6642882
2012-02-08,13.51,13.62,13.4,13.51,13.51,8178145
2012-02-09,13.45,13.56,13.34,13.45,13.45,10826293
2012-02-10,13.39,13.49,13.28,13.39,13.39,3755725
2012-02-13,13.27,13.38,13.16,13.27,13.27,3374138
2012-02-14,13.31,13.41,13.2,13.31,13.31,11099212
2012-02-15,13.59,13.7,13.48,13.59,13.59,7182977
2012-02-16,13.47,13.58,13.36,13.47,13.47,4716252
2012-02-17,13.38,13.49,13.28,13.38,13.38,5359695
2012-02-20,13.46,13.57,13.35,13.46,13.46,8809491
2012-02-21,13.37,13.48,13.26,13.37,13.37,7439512
2012-02-22,13.45,13.56,13.34,13.45,13.45,7695389
2012-02-23,13.55,13.66,13.44,13.55,13.55,8187225
2012-02-24,13.2,13.31,13.09,13.2,13.2,5340598
2012-02-27,13.51,13.62,13.4,13.51,13.51,4162928
2012-02-28,13.36,13.46,13.25,13.36,13.36,7879103
2012-02-29,13.35,13.46,13.24,13.35,13.35,4215119
2012-03-01,13.19,13.29,13.08,13.19,13.19,4142505
2012-03-02,13.32,13.43,13.21,13.32,13.32,5255849
2012-03-05,13.13,13.24,13.03,13.13,13.13,3427592
2012-03-06,13.26,13.36,13.15,13.26,13.26,5489374
2012-03-07,13.19,13.3,13.08,13.19,13.19,6244885
2012-03-08,13.18,13.29,13.08,13.18,13.18,8837668
2012-03-09,13.37,13.47,13.26,13.37,13.37,2799763
2012-03-12,13.6,13.71,13.49,13.6,13.6,6897863
2012-03-13,13.2,13.3,13.09,13.2,13.2,5815943
2012-03-14,13.38,13.48,13.27,13.38,13.38,10324900
2012-03-15,13.45,13.55,13.34,13.45,13.45,4196967
2012-03-16,13.17,13.28,13.06,13.17,13.17,4729022
2012-03-19,13.35,13.45,13.24,13.35,13.35,1364791
2012-03-20,13.28,13.39,13.18,13.28,13.28,3095458
2012-03-21,13.01,13.11,12.9,13.01,13.01,6988524
2012-03-22,13.23,13.34,13.12,13.23,13.23,4251593
2012-03-23,13.01,13.11,12.9,13.01,13.01,3592613
2012-03-26,13.32,13.43,13.22,13.32,13.32,5578556
2012-03-27,13.23,13.34,13.12,13.23,13.23,4501647
2012-03-28,12.98,13.09,12.88,12.98,12.98,6747902
2012-03-29,13.14,13.24,13.03,13.14,13.14,3581646
2012-03-30,12.93,13.03,12.82,12.93,12.93,5587452
2012-04-02,12.72,12.82,12.62,12.72,12.72,2263000
2012-04-03,12.86,12.96,12.76,12.86,12.86,9881113
2012-04-04,12.53,12.63,12.43,12.53,12.53,5670771
2012-04-05,12.69,12.79,12.59,12.69,12.69,2860280
2012-04-06,12.56,12.66,12.46,12.56,12.56,7403724
2012-04-09,12.55,12.65,12.45,12.55,12.55,6514119
2012-04-10,12.81,12.91,12.71,12.81,12.81,7130987
2012-04-11,12.42,12.52,12.32,12.42,12.42,6840536
2012-04-12,12.43,12.53,12.33,12.43,12.43,4716823
2012-04-13,12.47,12.57,12.37,12.47,12.47,7904078
2012-04-16,12.37,12.46,12.27,12.37,12.37,15452671
2012-04-17,12.68,12.78,12.58,12.68,12.68,5718382
2012-04-18,12.98,13.09,12.88,12.98,12.98,4762864
2012-04-19,13.17,13.27,13.06,13.17,13.17,4888755
2012-04-20,12.98,13.08,12.87,12.98,12.98,4964680
2012-04-23,13.1,13.21,13.0,13.1,13.1,9253389
2012-04-24,13.06,13.17,12.96,13.06,13.06,7644036
2012-04-25,13.34,13.45,13.23,13.34,13.34,2180082
2012-04-26,13.16,13.27,13.06,13.16,13.16,8363272
2012-04-27,13.28,13.38,13.17,13.28,13.28,6582179
2012-04-30,13.32,13.43,13.21,13.32,13.32,3620583
2012-05-01,13.12,13.23,13.02,13.12,13.12,18943644
2012-05-02,13.14,13.24,13.03,13.14,13.14,6649948
2012-05-03,13.29,13.4,13.19,13.29,13.29,9673031
2012-05-04,13.53,13.64,13.42,13.53,13.53,4638121
2012-05-07,13.48,13.59,13.37,13.48,13.48,3033202
2012-05-08,13.17,13.28,13.07,13.17,13.17,4916585
2012-05-09,12.91,13.01,12.81,12.91,12.91,5047329
2012-05-10,12.95,13.06,12.85,12.95,12.95,8631733
2012-05-11,13.09,13.19,12.98,13.09,13.09,4570541
2012-05-14,12.86,12.97,12.76,12.86,12.86,3629862
2012-05-15,12.84,12.94,12.73,12.84,12.84,7073116
2012-05-16,12.94,13.04,12.84,12.94,12.94,3572623
2012-05-17,13.15,13.25,13.04,13.15,13.15,2767273
2012-05-18,13.39,13.49,13.28,13.39,13.39,5373424
2012-05-21,13.12,13.23,13.02,13.12,13.12,4973499
2012-05-22,13.34,13.45,13.23,13.34,13.34,2976455
2012-05-23,13.33,13.44,13.22,13.33,13.33,7841677
2012-05-24,13.02,13.13,12.92,13.02,13.02,3300048
2012-05-25,13.0,13.11,12.9,13.0,13.0,5093287
2012-05-28,12.89,12.99,12.79,12.89,12.89,5161640
2012-05-29,12.88,12.98,12.78,12.88,12.88,4160403
2012-05-30,13.13,13.23,13.02,13.13,13.13,7103077
2012-05-31,12.93,13.03,12.83,12.93,12.93,5094781
2012-06-01,12.57,12.67,12.47,12.57,12.57,2234626
2012-06-04,12.57,12.67,12.47,12.57,12.57,11304639
2012-06-05,12.23,12.33,12.13,12.23,12.23,2794819
2012-06-06,12.06,12.16,11.96,12.06,12.06,4577661
2012-06-07,12.09,12.18,11.99,12.09,12.09,9816003
2012-06-08,12.34,12.43,12.24,12.34,12.34,6901449
2012-06-11,12.36,12.46,12.26,12.36,12.36,4390908
2012-06-12,12.57,12.67,12.47,12.57,12.57,7533403
2012-06-13,12.43,12.53,12.33,12.43,12.43,4652016
2012-06-14,12.33,12.43,12.23,12.33,12.33,7326407
2012-06-15,12.15,12.25,12.05,12.15,12.15,3911292
2012-06-18,11.63,11.72,11.54,11.63,11.63,6863162
2012-06-19,11.72,11.82,11.63,11.72,11.72,7381033
2012-06-20,11.81,11.9,11.71,11.81,11.81,4437434
2012-06-21,11.96,12.06,11.86,11.96,11.96,5353948
2012-06-22,12.01,12.11,11.92,12.01,12.01,3666254
2012-06-25,12.24,12.34,12.14,12.24,12.24,4867235
2012-06-26,12.08,12.17,11.98,12.08,12.08,5275771
2012-06-27,12.15,12.24,12.05,12.15,12.15,5585493
2012-06-28,12.1,12.2,12.0,12.1,12.1,2946423
2012-06-29,12.16,12.25,12.06,12.16,12.16,7609691
2012-07-02,12.02,12.12,11.92,12.02,12.02,9847946
2012-07-03,12.03,12.12,11.93,12.03,12.03,6298737
2012-07-04,11.85,11.95,11.76,11.85,11.85,15281311
2012-07-05,11.99,12.09,11.9,11.99,11.99,9104667
2012-07-06,11.81,11.9,11.71,11.81,11.81,4912613
2012-07-09,11.67,11.76,11.58,11.67,11.67,8683549
2012-07-10,11.47,11.57,11.38,11.47,11.47,4180154
2012-07-11,11.24,11.33,11.15,11.24,11.24,3033315
2012-07-12,11.08,11.17,10.99,11.08,11.08,6868166
2012-07-13,10.74,10.82,10.65,10.74,10.74,4259176
2012-07-16,10.77,10.85,10.68,10.77,10.77,7566983
2012-07-17,10.66,10.74,10.57,10.66,10.66,7235510
2012-07-18,11.08,11.17,10.99,11.08,11.08,5003918
2012-07-19,11.03,11.12,10.94,11.03,11.03,11072072
2012-07-20,11.13,11.22,11.04,11.13,11.13,2840575
2012-07-23,10.87,10.95,10.78,10.87,10.87,3599970
2012-07-24,10.9,10.98,10.81,10.9,10.9,6505646
2012-07-25,11.08,11.16,10.99,11.08,11.08,7257729
2012-07-26,11.02,11.11,10.94,11.02,11.02,2731036
2012-07-27,10.85,10.94,10.76,10.85,10.85,2523126
2012-07-30,10.82,10.91,10.73,10.82,10.82,3559970
2012-07-31,10.67,10.76,10.59,10.67,10.67,5427975
2012-08-01,10.93,11.01,10.84,10.93,10.93,5581560
2012-08-02,11.14,11.23,11.05,11.14,11.14,5669755
2012-08-03,11.05,11.14,10.96,11.05,11.05,6474821
2012-08-06,11.07,11.16,10.98,11.07,11.07,2730854
2012-08-07,11.09,11.18,11.0,11.09,11.09,4368622
2012-08-08,11.07,11.16,10.98,11.07,11.07,5811038
2012-08-09,11.27,11.36,11.18,11.27,11.27,5581816
2012-08-10,11.34,11.43,11.25,11.34,11.34,8438835
2012-08-13,11.53,11.62,11.44,11.53,11.53,7252977
2012-08-14,11.26,11.35,11.17,11.26,11.26,5209886
2012-08-15,11.21,11.29,11.12,11.21,11.21,9498579
2012-08-16,11.35,11.44,11.26,11.35,11.35,5400289
2012-08-17,11.4,11.49,11.31,11.4,11.4,7136510
2012-08-20,11.48,11.58,11.39,11.48,11.48,4903748
2012-08-21,11.22,11.31,11.13,11.22,11.22,6334853
2012-08-22,11.56,11.65,11.46,11.56,11.56,6445855
2012-08-23,11.19,11.28,11.1,11.19,11.19,4060108
2012-08-24,11.18,11.27,11.09,11.18,11.18,4671840
2012-08-27,11.25,11.33,11.16,11.25,11.25,9691093
2012-08-28,11.13,11.22,11.04,11.13,11.13,13018688
2012-08-29,11.12,11.21,11.03,11.12,11.12,5465169
2012-08-30,11.18,11.27,11.09,11.18,11.18,11349318
2012-08-31,11.09,11.18,11.0,11.09,11.09,2970974
2012-09-03,11.51,11.61,11.42,11.51,11.51,4999152
2012-09-04,11.49,11.59,11.4,11.49,11.49,9628220
2012-09-05,11.49,11.59,11.4,11.49,11.49,7255793
2012-09-06,11.72,11.82,11.63,11.72,11.72,3918266
2012-09-07,11.66,11.75,11.57,11.66,11.66,7561297
2012-09-10,11.44,11.53,11.35,11.44,11.44,4049205
2012-09-11,11.51,11.6,11.41,11.51,11.51,11217823
2012-09-12,11.49,11.58,11.4,11.49,11.49,6419030
2012-09-13,11.63,11.73,11.54,11.63,11.63,5251301
2012-09-14,11.81,11.91,11.72,11.81,11.81,6389000
2012-09-17,11.62,11.71,11.53,11.62,11.62,3533530
2012-09-18,11.69,11.78,11.59,11.69,11.69,9220469
2012-09-19,11.92,12.01,11.82,11.92,11.92,5651764
2012-09-20,11.9,12.0,11.81,11.9,11.9,4973951
2012-09-21,12.05,12.14,11.95,12.05,12.05,4295713
2012-09-24,12.19,12.28,12.09,12.19,12.19,10637750
2012-09-25,12.14,12.24,12.05,12.14,12.14,7371608
2012-09-26,11.87,11.96,11.77,11.87,11.87,7218103
2012-09-27,11.71,11.8,11.61,11.71,11.71,8683591
2012-09-28,11.77,11.86,11.67,11.77,11.77,4249962
2012-10-01,11.84,11.94,11.75,11.84,11.84,4528209
2012-10-02,11.77,11.86,11.67,11.77,11.77,6311950
2012-10-03,11.65,11.74,11.56,11.65,11.65,6425211
2012-10-04,11.8,11.9,11.71,11.8,11.8,5533427
2012-10-05,11.62,11.71,11.53,11.62,11.62,3581793
2012-10-08,11.79,11.88,11.69,11.79,11.79,6690830
2012-10-09,11.72,11.82,11.63,11.72,11.72,5337564
2012-10-10,12.17,12.26,12.07,12.17,12.17,7029853
2012-10-11,12.08,12.17,11.98,12.08,12.08,5155999
2012-10-12,12.06,12.16,11.97,12.06,12.06,5960831
2012-10-15,11.87,11.97,11.78,11.87,11.87,9068460
2012-10-16,11.85,11.95,11.76,11.85,11.85,3776473
2012-10-17,12.02,12.12,11.92,12.02,12.02,5934274
2012-10-18,12.1,12.2,12.0,12.1,12.1,14689594
2012-10-19,11.94,12.03,11.84,11.94,11.94,6998149
2012-10-22,11.7,11.8,11.61,11.7,11.7,7420029
2012-10-23,11.89,11.98,11.79,11.89,11.89,7337325
2012-10-24,11.92,12.02,11.82,11.92,11.92,5604700
2012-10-25,11.75,11.84,11.65,11.75,11.75,3643372
2012-10-26,11.83,11.93,11.74,11.83,11.83,4088879
2012-10-29,11.77,11.86,11.67,11.77,11.77,5229222
2012-10-30,12.2,12.3,12.11,12.2,12.2,4198282
2012-10-31,12.52,12.62,12.42,12.52,12.52,2926510
2012-11-01,12.38,12.48,12.28,12.38,12.38,3232150
2012-11-02,12.38,12.48,12.28,12.38,12.38,6481389
2012-11-05,12.43,12.53,12.33,12.43,12.43,5839471
2012-11-06,12.59,12.69,12.49,12.59,12.59,4649281
2012-11-07,12.69,12.79,12.59,12.69,12.69,9782636
2012-11-08,12.92,13.03,12.82,12.92,12.92,3264974
2012-11-09,12.92,13.03,12.82,12.92,12.92,9221937
2012-11-12,13.1,13.21,13.0,13.1,13.1,7073951
2012-11-13,13.38,13.48,13.27,13.38,13.38,3452285
2012-11-14,13.23,13.33,13.12,13.23,13.23,8620419
2012-11-15,13.06,13.17,12.96,13.06,13.06,4114576
2012-11-16,12.83,12.93,12.73,12.83,12.83,15605436
2012-11-19,12.98,13.08,12.88,12.98,12.98,5483136
2012-11-20,12.72,12.82,12.61,12.72,12.72,3527219
2012-11-21,12.9,13.0,12.79,12.9,12.9,4208118
2012-11-22,12.87,12.97,12.76,12.87,12.87,6155622
2012-11-23,13.14,13.24,13.03,13.14,13.14,6291641
2012-11-26,13.19,13.29,13.08,13.19,13.19,3516029
2012-11-27,13.31,13.41,13.2,13.31,13.31,7097650
2012-11-28,13.23,13.33,13.12,13.23,13.23,2203897
2012-11-29,13.2,13.3,13.09,13.2,13.2,7186200
2012-11-30,13.13,13.24,13.03,13.13,13.13,3542340
2012-12-03,13.16,13.26,13.05,13.16,13.16,3854354
2012-12-04,13.7,13.81,13.59,13.7,13.7,5547553
2012-12-05,14.17,14.28,14.05,14.17,14.17,5076225
2012-12-06,13.88,13.99,13.77,13.88,13.88,3347422
2012-12-07,14.16,14.28,14.05,14.16,14.16,7841377
2012-12-10,14.28,14.39,14.16,14.28,14.28,13655574
2012-12-11,14.2,14.31,14.08,14.2,14.2,4532709
2012-12-12,14.31,14.42,14.19,14.31,14.31,4302744
2012-12-13,14.73,14.85,14.62,14.73,14.73,7668636
2012-12-14,15.04,15.16,14.92,15.04,15.04,7805982
2012-12-17,14.57,14.69,14.46,14.57,14.57,17327993
2012-12-18,14.39,14.5,14.27,14.39,14.39,4905768
2012-12-19,14.54,14.65,14.42,14.54,14.54,4666080
2012-12-20,14.56,14.67,14.44,14.56,14.56,6949121
2012-12-21,14.76,14.88,14.64,14.76,14.76,6067277
2012-12-24,14.66,14.78,14.54,14.66,14.66,3681410
2012-12-25,14.67,14.79,14.55,14.67,14.67,9167357
2012-12-26,14.44,14.55,14.32,14.44,14.44,5102748
2012-12-27,13.91,14.02,13.8,13.91,13.91,4905338
2012-12-28,13.8,13.91,13.69,13.8,13.8,7549472
2012-12-31,13.86,13.98,13.75,13.86,13.86,5735442
2013-01-01,13.82,13.93,13.71,13.82,13.82,5005960
2013-01-02,13.96,14.07,13.85,13.96,13.96,4334739
2013-01-03,13.44,13.54,13.33,13.44,13.44,2129231
2013-01-04,13.18,13.29,13.08,13.18,13.18,5749171
2013-01-07,13.05,13.16,12.95,13.05,13.05,5213366
2013-01-08,12.56,12.66,12.46,12.56,12.56,2656082
2013-01-09,12.48,12.58,12.38,12.48,12.48,5724282
2013-01-10,12.69,12.79,12.59,12.69,12.69,3301103
2013-01-11,12.63,12.73,12.53,12.63,12.63,4337170
2013-01-14,12.67,12.77,12.57,12.67,12.67,11771413
2013-01-15,12.52,12.62,12.42,12.52,12.52,5311960
2013-01-16,12.49,12.59,12.39,12.49,12.49,4284894
2013-01-17,12.18,12.28,12.08,12.18,12.18,4586165
2013-01-18,12.09,12.19,12.0,12.09,12.09,4841385
2013-01-21,12.08,12.17,11.98,12.08,12.08,3485325
2013-01-22,12.5,12.6,12.4,12.5,12.5,3695126
2013-01-23,12.31,12.41,12.21,12.31,12.31,3730538
2013-01-24,12.48,12.58,12.38,12.48,12.48,4689179
2013-01-25,12.83,12.93,12.73,12.83,12.83,4769359
2013-01-28,12.88,12.99,12.78,12.88,12.88,6823827
2013-01-29,12.7,12.8,12.6,12.7,12.7,1970441
2013-01-30,12.68,12.78,12.58,12.68,12.68,5683974
2013-01-31,12.6,12.7,12.5,12.6,12.6,4477506
2013-02-01,13.16,13.27,13.06,13.16,13.16,2704602
2013-02-04,13.3,13.4,13.19,13.3,13.3,3876344
2013-02-05,13.36,13.46,13.25,13.36,13.36,6895372
2013-02-06,13.31,13.42,13.2,13.31,13.31,3764217
2013-02-07,13.28,13.38,13.17,13.28,13.28,5430923
2013-02-08,13.55,13.66,13.44,13.55,13.55,9676006
2013-02-11,13.67,13.77,13.56,13.67,13.67,5735408
2013-02-12,13.98,14.09,13.87,13.98,13.98,8987995
2013-02-13,13.71,13.82,13.6,13.71,13.71,4227765
2013-02-14,13.67,13.78,13.56,13.67,13.67,3688005
2013-02-15,13.87,13.98,13.75,13.87,13.87,7983083
2013-02-18,13.64,13.74,13.53,13.64,13.64,3512661
2013-02-19,13.5,13.61,13.39,13.5,13.5,8252759
2013-02-20,13.61,13.72,13.5,13.61,13.61,6776549
2013-02-21,13.56,13.67,13.46,13.56,13.56,6553109
2013-02-22,13.94,14.05,13.83,13.94,13.94,7308856
2013-02-25,14.28,14.4,14.17,14.28,14.28,11685218
2013-02-26,14.01,14.13,13.9,14.01,14.01,3390827
2013-02-27,14.11,14.22,13.99,14.11,14.11,3827602
2013-02-28,14.06,14.17,13.94,14.06,14.06,9095719
2013-03-01,14.38,14.49,14.26,14.38,14.38,15571800
2013-03-04,14.37,14.48,14.25,14.37,14.37,3613346
2013-03-05,14.45,14.57,14.34,14.45,14.45,3807803
2013-03-06,14.81,14.93,14.69,14.81,14.81,2889053
2013-03-07,14.51,14.62,14.39,14.51,14.51,4893939
2013-03-08,14.37,14.48,14.25,14.37,14.37,3286428
2013-03-11,14.17,14.29,14.06,14.17,14.17,5119179
2013-03-12,14.32,14.44,14.21,14.32,14.32,8289034
2013-03-13,14.52,14.64,14.41,14.52,14.52,5287235
2013-03-14,14.2,14.31,14.09,14.2,14.2,4619380
2013-03-15,14.1,14.21,13.98,14.1,14.1,4709550
2013-03-18,14.6,14.71,14.48,14.6,14.6,5610069
2013-03-19,14.65,14.76,14.53,14.65,14.65,5030854
2013-03-20,14.8,14.92,14.68,14.8,14.8,4305009
2013-03-21,14.48,14.6,14.36,14.48,14.48,2614072
2013-03-22,14.4,14.52,14.29,14.4,14.4,2027014
2013-03-25,14.65,14.76,14.53,14.65,14.65,6570182
2013-03-26,14.83,14.95,14.71,14.83,14.83,8762509
2013-03-27,14.78,14.9,14.66,14.78,14.78,4809412
2013-03-28,14.77,14.89,14.65,14.77,14.77,6423150
2013-03-29,14.94,15.06,14.82,14.94,14.94,9244311
2013-04-01,14.68,14.8,14.56,14.68,14.68,4365389
2013-04-02,14.79,14.91,14.68,14.79,14.79,6468949
2013-04-03,14.85,14.97,14.73,14.85,14.85,8288764
2013-04-04,15.06,15.18,14.94,15.06,15.06,6217618
2013-04-05,14.89,15.01,14.77,14.89,14.89,4027480
2013-04-08,14.61,14.72,14.49,14.61,14.61,6275421
2013-04-09,15.16,15.28,15.04,15.16,15.16,4987208
2013-04-10,15.3,15.42,15.17,15.3,15.3,9298731
2013-04-11,14.93,15.05,14.81,14.93,14.93,4132037
2013-04-12,14.7,14.82,14.58,14.7,14.7,2983105
2013-04-15,14.79,14.91,14.67,14.79,14.79,5942019
2013-04-16,14.56,14.68,14.45,14.56,14.56,6179345
2013-04-17,14.72,14.84,14.6,14.72,14.72,4104859
2013-04-18,15.1,15.23,14.98,15.1,15.1,6417710
2013-04-19,15.27,15.39,15.15,15.27,15.27,3286317
2013-04-22,15.47,15.6,15.35,15.47,15.47,2742370
2013-04-23,15.57,15.69,15.44,15.57,15.57,6861853
2013-04-24,15.63,15.76,15.51,15.63,15.63,7337493
2013-04-25,15.5,15.62,15.38,15.5,15.5,6080477
2013-04-26,15.18,15.3,15.05,15.18,15.18,3393821
2013-04-29,14.99,15.11,14.87,14.99,14.99,4813218
2013-04-30,14.84,14.96,14.73,14.84,14.84,8107149
2013-05-01,14.63,14.75,14.51,14.63,14.63,6847802
2013-05-02,15.02,15.14,14.9,15.02,15.02,5801705
2013-05-03,15.19,15.32,15.07,15.19,15.19,4173652
2013-05-06,14.97,15.09,14.85,14.97,14.97,6848723
2013-05-07,15.18,15.3,15.06,15.18,15.18,7918694
2013-05-08,15.43,15.56,15.31,15.43,15.43,7834764
2013-05-09,15.5,15.62,15.37,15.5,15.5,5287758
2013-05-10,15.48,15.6,15.35,15.48,15.48,7593747
2013-05-13,15.2,15.32,15.08,15.2,15.2,8118220
2013-05-14,15.27,15.39,15.15,15.27,15.27,6472341
2013-05-15,14.9,15.02,14.78,14.9,14.9,12878852
2013-05-16,15.16,15.28,15.04,15.16,15.16,3899681
2013-05-17,15.27,15.39,15.15,15.27,15.27,4112763
2013-05-20,15.43,15.55,15.3,15.43,15.43,7684766
2013-05-21,15.33,15.46,15.21,15.33,15.33,11569434
2013-05-22,15.51,15.64,15.39,15.51,15.51,12828654
2013-05-23,15.81,15.93,15.68,15.81,15.81,6708261
2013-05-24,16.1,16.23,15.97,16.1,16.1,4014704
2013-05-27,16.18,16.31,16.05,16.18,16.18,3491282
2013-05-28,16.49,16.62,16.36,16.49,16.49,7863802
2013-05-29,16.78,16.92,16.65,16.78,16.78,5901488
2013-05-30,16.88,17.01,16.74,16.88,16.88,3992440
2013-05-31,16.81,16.94,16.67,16.81,16.81,6827390
2013-06-03,16.48,16.61,16.35,16.48,16.48,8693329
2013-06-04,16.12,16.25,15.99,16.12,16.12,4296253
2013-06-05,16.16,16.29,16.03,16.16,16.16,5092781
2013-06-06,15.93,16.06,15.81,15.93,15.93,4369675
2013-06-07,16.14,16.27,16.02,16.14,16.14,4063959
2013-06-10,16.27,16.4,16.14,16.27,16.27,5008138
2013-06-11,16.5,16.63,16.37,16.5,16.5,7087237
2013-06-12,16.9,17.03,16.76,16.9,16.9,6223598
2013-06-13,17.01,17.15,16.87,17.01,17.01,5414147
2013-06-14,17.29,17.43,17.16,17.29,17.29,4761895
2013-06-17,17.24,17.38,17.11,17.24,17.24,7519098
2013-06-18,18.02,18.16,17.88,18.02,18.02,6328142
2013-06-19,18.27,18.41,18.12,18.27,18.27,6434530
2013-06-20,19.03,19.19,18.88,19.03,19.03,3678451
2013-06-21,19.43,19.59,19.27,19.43,19.43,3896821
2013-06-24,19.69,19.85,19.53,19.69,19.69,8148263
2013-06-25,19.56,19.72,19.4,19.56,19.56,7016691
2013-06-26,19.2,19.36,19.05,19.2,19.2,4148049
2013-06-27,19.25,19.4,19.09,19.25,19.25,4027682
2013-06-28,19.21,19.36,19.05,19.21,19.21,4849816
2013-07-01,19.29,19.44,19.13,19.29,19.29,4049681
2013-07-02,19.42,19.58,19.27,19.42,19.42,4999624
2013-07-03,19.97,20.13,19.81,19.97,19.97,3212894
2013-07-04,20.17,20.33,20.01,20.17,20.17,4425261
2013-07-05,20.27,20.43,20.1,20.27,20.27,4291704
2013-07-08,20.53,20.69,20.36,20.53,20.53,3657069
2013-07-09,20.15,20.31,19.99,20.15,20.15,6405599
2013-07-10,20.13,20.3,19.97,20.13,20.13,4527759
2013-07-11,20.04,20.2,19.88,20.04,20.04,4428906
2013-07-12,19.87,20.03,19.71,19.87,19.87,7117843
2013-07-15,19.65,19.81,19.5,19.65,19.65,5690742
2013-07-16,19.6,19.76,19.44,19.6,19.6,5293524
2013-07-17,20.19,20.35,20.03,20.19,20.19,6446964
2013-07-18,20.54,20.71,20.38,20.54,20.54,7122455
2013-07-19,21.23,21.4,21.06,21.23,21.23,7298176
2013-07-22,21.18,21.35,21.01,21.18,21.18,4162388
2013-07-23,21.69,21.86,21.52,21.69,21.69,8981678
2013-07-24,21.25,21.42,21.08,21.25,21.25,4425367
2013-07-25,21.27,21.44,21.1,21.27,21.27,7070482
2013-07-26,21.19,21.36,21.02,21.19,21.19,6438716
2013-07-29,21.56,21.73,21.38,21.56,21.56,5953359
2013-07-30,21.57,21.74,21.4,21.57,21.57,7600895
2013-07-31,21.83,22.0,21.65,21.83,21.83,7198803
2013-08-01,21.22,21.39,21.05,21.22,21.22,4248988
2013-08-02,20.94,21.11,20.77,20.94,20.94,5404970
2013-08-05,20.82,20.99,20.66,20.82,20.82,2368910
2013-08-06,20.65,20.82,20.49,20.65,20.65,12110876
2013-08-07,21.04,21.21,20.88,21.04,21.04,2172099
2013-08-08,20.33,20.5,20.17,20.33,20.33,8259982
2013-08-09,20.08,20.24,19.92,20.08,20.08,4358609
2013-08-12,19.65,19.81,19.49,19.65,19.65,5843135
2013-08-13,19.74,19.9,19.58,19.74,19.74,3628734
2013-08-14,19.68,19.84,19.52,19.68,19.68,3111717
2013-08-15,19.57,19.73,19.42,19.57,19.57,3776571
2013-08-16,19.89,20.05,19.74,19.89,19.89,4492085
2013-08-19,19.4,19.55,19.24,19.4,19.4,5204864
2013-08-20,19.52,19.68,19.36,19.52,19.52,6436106
2013-08-21,19.22,19.37,19.06,19.22,19.22,3892712
2013-08-22,19.01,19.16,18.86,19.01,19.01,6727066
2013-08-23,18.88,19.03,18.73,18.88,18.88,6406013
2013-08-26,19.11,19.27,18.96,19.11,19.11,5518771
2013-08-27,19.28,19.44,19.13,19.28,19.28,4894272
2013-08-28,18.81,18.96,18.66,18.81,18.81,5410267
2013-08-29,19.01,19.16,18.86,19.01,19.01,5395278
2013-08-30,19.33,19.49,19.18,19.33,19.33,3902078
2013-09-02,19.32,19.48,19.17,19.32,19.32,3523251
2013-09-03,18.79,18.94,18.64,18.79,18.79,13937215
2013-09-04,18.42,18.57,18.27,18.42,18.42,6345646
2013-09-05,18.54,18.69,18.39,18.54,18.54,7656919
2013-09-06,18.27,18.42,18.13,18.27,18.27,3079931
2013-09-09,18.6,18.75,18.45,18.6,18.6,6725983
2013-09-10,18.4,18.54,18.25,18.4,18.4,7617052
2013-09-11,18.26,18.41,18.12,18.26,18.26,2292210
2013-09-12,17.86,18.0,17.71,17.86,17.86,6484070
2013-09-13,17.9,18.05,17.76,17.9,17.9,6421673
2013-09-16,17.54,17.68,17.4,17.54,17.54,3398522
2013-09-17,17.38,17.52,17.24,17.38,17.38,7611831
2013-09-18,17.73,17.87,17.59,17.73,17.73,5375501
2013-09-19,17.77,17.91,17.62,17.77,17.77,10002036
2013-09-20,17.99,18.13,17.85,17.99,17.99,3176390
2013-09-23,17.9,18.04,17.75,17.9,17.9,5012403
2013-09-24,17.98,18.12,17.83,17.98,17.98,5253294
2013-09-25,17.94,18.09,17.8,17.94,17.94,4377079
2013-09-26,17.9,18.04,17.76,17.9,17.9,5315217
2013-09-27,18.05,18.2,17.91,18.05,18.05,5565128
2013-09-30,18.01,18.15,17.87,18.01,18.01,6491725
2013-10-01,17.82,17.97,17.68,17.82,17.82,4406852
2013-10-02,17.72,17.86,17.58,17.72,17.72,10385395
2013-10-03,17.67,17.81,17.53,17.67,17.67,6435181
2013-10-04,17.76,17.91,17.62,17.76,17.76,4686581
2013-10-07,17.53,17.67,17.39,17.53,17.53,4546924
2013-10-08,17.43,17.57,17.29,17.43,17.43,8596979
2013-10-09,17.37,17.51,17.23,17.37,17.37,4543117
2013-10-10,17.15,17.29,17.01,17.15,17.15,2657170
2013-10-11,16.98,17.12,16.85,16.98,16.98,7794922
2013-10-14,16.97,17.1,16.83,16.97,16.97,2844040
2013-10-15,17.04,17.18,16.9,17.04,17.04,7178218
2013-10-16,16.9,17.03,16.76,16.9,16.9,2028664
2013-10-17,16.59,16.73,16.46,16.59,16.59,3466450
2013-10-18,17.08,17.22,16.94,17.08,17.08,2445934
2013-10-21,16.98,17.12,16.84,16.98,16.98,5739773
2013-10-22,17.08,17.22,16.94,17.08,17.08,5342658
2013-10-23,16.71,16.84,16.57,16.71,16.71,4555781
2013-10-24,16.39,16.52,16.26,16.39,16.39,4631576
2013-10-25,16.56,16.69,16.43,16.56,16.56,6796309
2013-10-28,16.66,16.8,16.53,16.66,16.66,4648432
2013-10-29,16.46,16.6,16.33,16.46,16.46,7490046
2013-10-30,16.34,16.47,16.2,16.34,16.34,4551644
2013-10-31,16.95,17.08,16.81,16.95,16.95,8351697
2013-11-01,16.77,16.9,16.63,16.77,16.77,3278186
2013-11-04,16.8,16.94,16.67,16.8,16.8,4014040
2013-11-05,17.19,17.33,17.05,17.19,17.19,4890564
2013-11-06,17.21,17.35,17.08,17.21,17.21,4562189
2013-11-07,16.78,16.92,16.65,16.78,16.78,3854469
2013-11-08,17.03,17.17,16.9,17.03,17.03,2799369
2013-11-11,17.02,17.16,16.89,17.02,17.02,3079051
2013-11-12,17.03,17.17,16.9,17.03,17.03,5611594
2013-11-13,16.92,17.05,16.78,16.92,16.92,3569695
2013-11-14,16.8,16.94,16.67,16.8,16.8,8297198
2013-11-15,17.07,17.2,16.93,17.07,17.07,2836889
2013-11-18,16.76,16.89,16.62,16.76,16.76,5501868
2013-11-19,16.83,16.97,16.7,16.83,16.83,5621501
2013-11-20,16.57,16.7,16.43,16.57,16.57,4313422
2013-11-21,17.19,17.33,17.05,17.19,17.19,5226337
2013-11-22,17.0,17.13,16.86,17.0,17.0,3470195
2013-11-25,17.04,17.18,16.91,17.04,17.04,4498038
2013-11-26,17.14,17.28,17.0,17.14,17.14,4789426
2013-11-27,17.1,17.24,16.96,17.1,17.1,6777291
2013-11-28,16.72,16.86,16.59,16.72,16.72,8797795
2013-11-29,16.98,17.12,16.85,16.98,16.98,7233229
2013-12-02,16.98,17.12,16.84,16.98,16.98,6050011
2013-12-03,16.72,16.86,16.59,16.72,16.72,4496896
2013-12-04,16.9,17.04,16.77,16.9,16.9,2767419
2013-12-05,16.91,17.04,16.77,16.91,16.91,6628920
2013-12-06,17.27,17.41,17.13,17.27,17.27,7039660
2013-12-09,17.31,17.45,17.17,17.31,17.31,7010984
2013-12-10,17.68,17.82,17.54,17.68,17.68,7086706
2013-12-11,17.84,17.98,17.69,17.84,17.84,5580476
2013-12-12,18.03,18.17,17.88,18.03,18.03,7129288
2013-12-13,17.94,18.09,17.8,17.94,17.94,4930764
2013-12-16,17.98,18.13,17.84,17.98,17.98,5782811
2013-12-17,17.89,18.03,17.74,17.89,17.89,10959364
2013-12-18,17.95,18.09,17.8,17.95,17.95,6385910
2013-12-19,17.73,17.87,17.59,17.73,17.73,5567748
2013-12-20,17.98,18.13,17.84,17.98,17.98,2813313
2013-12-23,17.86,18.01,17.72,17.86,17.86,4275145
2013-12-24,17.78,17.92,17.64,17.78,17.78,5552263
2013-12-25,18.36,18.51,18.21,18.36,18.36,7627834
2013-12-26,17.9,18.05,17.76,17.9,17.9,5645684
2013-12-27,17.84,17.98,17.7,17.84,17.84,7522414
2013-12-30,17.61,17.75,17.47,17.61,17.61,2868661
2013-12-31,17.74,17.88,17.6,17.74,17.74,2526425
2014-01-01,17.84,17.99,17.7,17.84,17.84,5575390
2014-01-02,17.65,17.79,17.51,17.65,17.65,3938314
2014-01-03,17.31,17.45,17.17,17.31,17.31,8980317
2014-01-06,17.09,17.22,16.95,17.09,17.09,5749378
2014-01-07,16.55,16.68,16.41,16.55,16.55,9000118
2014-01-08,16.53,16.66,16.4,16.53,16.53,5296787
2014-01-09,16.51,16.64,16.38,16.51,16.51,8148656
2014-01-10,16.63,16.76,16.5,16.63,16.63,7435338
2014-01-13,16.55,16.68,16.42,16.55,16.55,6273235
2014-01-14,16.55,16.68,16.41,16.55,16.55,4212827
2014-01-15,16.3,16.43,16.17,16.3,16.3,3876051
2014-01-16,16.66,16.8,16.53,16.66,16.66,7695974
2014-01-17,16.74,16.87,16.61,16.74,16.74,7486697
2014-01-20,16.6,16.73,16.46,16.6,16.6,4082832
2014-01-21,16.53,16.66,16.39,16.53,16.53,8497081
2014-01-22,16.81,16.95,16.68,16.81,16.81,4037964
2014-01-23,16.7,16.83,16.56,16.7,16.7,9091579
2014-01-24,16.85,16.98,16.71,16.85,16.85,4829595
2014-01-27,16.96,17.1,16.83,16.96,16.96,7118566
2014-01-28,17.17,17.31,17.03,17.17,17.17,14125793
2014-01-29,17.05,17.19,16.92,17.05,17.05,9037957
2014-01-30,16.99,17.13,16.86,16.99,16.99,7240372
2014-01-31,16.51,16.64,16.38,16.51,16.51,3597328
2014-02-03,16.47,16.61,16.34,16.47,16.47,11967355
2014-02-04,16.21,16.34,16.08,16.21,16.21,6971983
2014-02-05,16.31,16.44,16.17,16.31,16.31,3933043
2014-02-06,15.87,16.0,15.75,15.87,15.87,6509669
2014-02-07,15.85,15.97,15.72,15.85,15.85,10981523
2014-02-10,15.69,15.82,15.56,15.69,15.69,8725077
2014-02-11,15.77,15.89,15.64,15.77,15.77,2746007
2014-02-12,15.48,15.6,15.35,15.48,15.48,8169367
2014-02-13,15.6,15.73,15.48,15.6,15.6,5601337
2014-02-14,15.34,15.46,15.22,15.34,15.34,8759348
2014-02-17,15.39,15.51,15.27,15.39,15.39,4510450
2014-02-18,15.65,15.78,15.53,15.65,15.65,4297630
2014-02-19,15.51,15.64,15.39,15.51,15.51,3313475
2014-02-20,15.7,15.83,15.57,15.7,15.7,5331686
2014-02-21,15.68,15.8,15.55,15.68,15.68,2650233
2014-02-24,15.78,15.9,15.65,15.78,15.78,6734082
2014-02-25,16.31,16.45,16.18,16.31,16.31,5246906
2014-02-26,16.28,16.41,16.15,16.28,16.28,6533810
2014-02-27,16.16,16.29,16.03,16.16,16.16,3080422
2014-02-28,15.75,15.87,15.62,15.75,15.75,3220488
2014-03-03,15.58,15.71,15.46,15.58,15.58,7719866
2014-03-04,15.6,15.72,15.47,15.6,15.6,8940108
2014-03-05,15.61,15.74,15.49,15.61,15.61,4255348
2014-03-06,15.26,15.38,15.14,15.26,15.26,3774422
2014-03-07,14.86,14.97,14.74,14.86,14.86,3621738
2014-03-10,15.24,15.36,15.12,15.24,15.24,6660635
2014-03-11,15.22,15.35,15.1,15.22,15.22,5159602
2014-03-12,14.93,15.05,14.81,14.93,14.93,8256571
2014-03-13,14.89,15.01,14.77,14.89,14.89,6673783
2014-03-14,14.81,14.93,14.69,14.81,14.81,3050700
2014-03-17,14.8,14.92,14.68,14.8,14.8,4059906
2014-03-18,14.96,15.07,14.84,14.96,14.96,10721035
2014-03-19,14.8,14.92,14.68,14.8,14.8,7926763
2014-03-20,14.72,14.84,14.6,14.72,14.72,4578154
2014-03-21,14.71,14.83,14.59,14.71,14.71,4840012
2014-03-24,14.84,14.96,14.72,14.84,14.84,4113717
2014-03-25,15.09,15.21,14.97,15.09,15.09,3029301
2014-03-26,14.99,15.11,14.87,14.99,14.99,3391501
2014-03-27,15.13,15.25,15.01,15.13,15.13,10873796
2014-03-28,15.06,15.18,14.94,15.06,15.06,2932844
2014-03-31,15.11,15.23,14.99,15.11,15.11,4524614
2014-04-01,14.94,15.06,14.82,14.94,14.94,8835626
2014-04-02,14.87,14.99,14.75,14.87,14.87,2948465
2014-04-03,14.85,14.97,14.73,14.85,14.85,8481246
2014-04-04,14.77,14.89,14.65,14.77,14.77,2083674
2014-04-07,14.78,14.9,14.66,14.78,14.78,6847962
2014-04-08,14.67,14.78,14.55,14.67,14.67,4880859
2014-04-09,14.98,15.1,14.86,14.98,14.98,6108093
2014-04-10,15.01,15.13,14.89,15.01,15.01,2928584
2014-04-11,15.02,15.14,14.89,15.02,15.02,11219110
2014-04-14,14.82,14.94,14.7,14.82,14.82,3804620
2014-04-15,14.78,14.9,14.66,14.78,14.78,3972499
2014-04-16,14.72,14.84,14.61,14.72,14.72,5630744
2014-04-17,15.13,15.25,15.0,15.13,15.13,3743203
2014-04-18,15.04,15.16,14.92,15.04,15.04,7409901
2014-04-21,14.88,15.0,14.76,14.88,14.88,4001024
2014-04-22,15.01,15.13,14.89,15.01,15.01,4973032
2014-04-23,15.55,15.68,15.43,15.55,15.55,4214237
2014-04-24,15.46,15.58,15.34,15.46,15.46,3274929
2014-04-25,15.86,15.99,15.73,15.86,15.86,5578466
2014-04-28,15.58,15.71,15.46,15.58,15.58,9952655
2014-04-29,15.23,15.35,15.1,15.23,15.23,3225254
2014-04-30,15.53,15.66,15.41,15.53,15.53,5536482
2014-05-01,15.47,15.59,15.35,15.47,15.47,19814658
2014-05-02,15.12,15.24,14.99,15.12,15.12,6888324
2014-05-05,15.08,15.2,14.96,15.08,15.08,5088010
2014-05-06,14.92,15.04,14.8,14.92,14.92,5328723
2014-05-07,15.39,15.51,15.27,15.39,15.39,4215685
2014-05-08,15.72,15.85,15.6,15.72,15.72,4308616
2014-05-09,15.43,15.55,15.31,15.43,15.43,7244336
2014-05-12,15.53,15.65,15.4,15.53,15.53,7954312
2014-05-13,15.82,15.94,15.69,15.82,15.82,4649212
2014-05-14,15.79,15.92,15.66,15.79,15.79,5308003
2014-05-15,15.67,15.79,15.54,15.67,15.67,9389607
2014-05-16,15.37,15.49,15.24,15.37,15.37,3851388
2014-05-19,15.56,15.68,15.43,15.56,15.56,7910404
2014-05-20,15.46,15.59,15.34,15.46,15.46,7220369
2014-05-21,15.47,15.59,15.34,15.47,15.47,6621823
2014-05-22,15.64,15.77,15.52,15.64,15.64,7077408
2014-05-23,15.81,15.93,15.68,15.81,15.81,4910709
2014-05-26,15.88,16.0,15.75,15.88,15.88,2882644
2014-05-27,16.14,16.27,16.01,16.14,16.14,8254710
2014-05-28,16.17,16.3,16.04,16.17,16.17,2432171
2014-05-29,16.18,16.31,16.05,16.18,16.18,4815947
2014-05-30,16.03,16.16,15.9,16.03,16.03,4884655
2014-06-02,16.17,16.3,16.04,16.17,16.17,8538522
2014-06-03,16.03,16.15,15.9,16.03,16.03,2226084
2014-06-04,15.97,16.09,15.84,15.97,15.97,5818795
2014-06-05,16.0,16.13,15.88,16.0,16.0,5693416
2014-06-06,15.82,15.94,15.69,15.82,15.82,12740894
2014-06-09,15.46,15.59,15.34,15.46,15.46,4402253
2014-06-10,15.64,15.77,15.52,15.64,15.64,5470971
2014-06-11,15.33,15.45,15.21,15.33,15.33,2604388
2014-06-12,15.41,15.54,15.29,15.41,15.41,5576895
2014-06-13,15.16,15.28,15.03,15.16,15.16,4705010
2014-06-16,15.14,15.26,15.02,15.14,15.14,8258918
2014-06-17,15.3,15.42,15.18,15.3,15.3,4326439
2014-06-18,15.53,15.66,15.41,15.53,15.53,4671465
2014-06-19,15.64,15.77,15.52,15.64,15.64,5925321
2014-06-20,15.74,15.86,15.61,15.74,15.74,6903335
2014-06-23,15.64,15.76,15.51,15.64,15.64,3543348
2014-06-24,15.66,15.79,15.54,15.66,15.66,9960903
2014-06-25,15.14,15.26,15.02,15.14,15.14,6572812
2014-06-26,15.08,15.2,14.96,15.08,15.08,5860800
2014-06-27,15.39,15.51,15.26,15.39,15.39,3796524
2014-06-30,15.61,15.74,15.49,15.61,15.61,3694748
2014-07-01,15.87,16.0,15.75,15.87,15.87,7891599
2014-07-02,15.94,16.06,15.81,15.94,15.94,9091997
2014-07-03,15.71,15.83,15.58,15.71,15.71,5429986
2014-07-04,15.49,15.61,15.37,15.49,15.49,3508594
2014-07-07,15.61,15.73,15.48,15.61,15.61,2127820
2014-07-08,15.7,15.83,15.58,15.7,15.7,5460555
2014-07-09,14.94,15.06,14.82,14.94,14.94,3762467
2014-07-10,14.91,15.03,14.79,14.91,14.91,5718561
2014-07-11,15.02,15.14,14.9,15.02,15.02,3165869
2014-07-14,14.72,14.84,14.6,14.72,14.72,5879738
2014-07-15,14.89,15.01,14.77,14.89,14.89,7696376
2014-07-16,15.28,15.4,15.16,15.28,15.28,8357336
2014-07-17,15.72,15.85,15.59,15.72,15.72,4770759
2014-07-18,15.76,15.88,15.63,15.76,15.76,3529220
2014-07-21,15.72,15.85,15.59,15.72,15.72,3088565
2014-07-22,15.77,15.89,15.64,15.77,15.77,4181264
2014-07-23,15.95,16.08,15.83,15.95,15.95,2876459
2014-07-24,15.94,16.07,15.81,15.94,15.94,5685158
2014-07-25,16.12,16.25,15.99,16.12,16.12,3596572
2014-07-28,16.53,16.66,16.4,16.53,16.53,4499490
2014-07-29,16.52,16.65,16.39,16.52,16.52,5631863
2014-07-30,16.49,16.62,16.36,16.49,16.49,7866499
2014-07-31,16.45,16.58,16.31,16.45,16.45,6608894
2014-08-01,16.41,16.55,16.28,16.41,16.41,5248505
2014-08-04,16.56,16.69,16.43,16.56,16.56,2730644
2014-08-05,16.39,16.52,16.26,16.39,16.39,3583828
2014-08-06,16.37,16.5,16.24,16.37,16.37,2947857
2014-08-07,16.41,16.54,16.28,16.41,16.41,6375510
2014-08-08,16.1,16.23,15.97,16.1,16.1,2574586
2014-08-11,15.88,16.01,15.76,15.88,15.88,4617579
2014-08-12,16.38,16.51,16.25,16.38,16.38,6820136
2014-08-13,16.43,16.56,16.29,16.43,16.43,8737613
2014-08-14,16.56,16.69,16.43,16.56,16.56,4224069
2014-08-15,16.46,16.59,16.33,16.46,16.46,5293313
2014-08-18,16.29,16.42,16.16,16.29,16.29,11281171
2014-08-19,16.4,16.53,16.27,16.4,16.4,3149554
2014-08-20,15.9,16.03,15.77,15.9,15.9,3911785
2014-08-21,15.74,15.87,15.62,15.74,15.74,8503447
2014-08-22,15.85,15.97,15.72,15.85,15.85,5297489
2014-08-25,15.96,16.09,15.83,15.96,15.96,3684648
2014-08-26,15.51,15.63,15.39,15.51,15.51,5408296
2014-08-27,15.48,15.6,15.36,15.48,15.48,8447156
2014-08-28,15.38,15.5,15.25,15.38,15.38,9422304
2014-08-29,15.31,15.43,15.19,15.31,15.31,6369255
2014-09-01,15.64,15.76,15.51,15.64,15.64,4690426
2014-09-02,15.6,15.73,15.48,15.6,15.6,3358621
2014-09-03,15.46,15.59,15.34,15.46,15.46,7380063
2014-09-04,15.28,15.4,15.16,15.28,15.28,4920011
2014-09-05,15.16,15.28,15.04,15.16,15.16,8352760
2014-09-08,15.04,15.16,14.92,15.04,15.04,4014901
2014-09-09,15.2,15.32,15.07,15.2,15.2,5273788
2014-09-10,15.24,15.36,15.12,15.24,15.24,5433110
2014-09-11,14.83,14.95,14.71,14.83,14.83,4471581
2014-09-12,14.81,14.93,14.69,14.81,14.81,7233789
2014-09-15,14.81,14.93,14.69,14.81,14.81,7357746
2014-09-16,15.07,15.2,14.95,15.07,15.07,6906047
2014-09-17,15.21,15.33,15.09,15.21,15.21,4141005
2014-09-18,15.74,15.86,15.61,15.74,15.74,5347297
2014-09-19,16.05,16.18,15.92,16.05,16.05,5973508
2014-09-22,16.41,16.55,16.28,16.41,16.41,9070726
2014-09-23,16.44,16.58,16.31,16.44,16.44,4787194
2014-09-24,16.31,16.44,16.18,16.31,16.31,8021484
2014-09-25,16.77,16.9,16.63,16.77,16.77,5388165
2014-09-26,16.44,16.57,16.31,16.44,16.44,2406779
2014-09-29,16.28,16.41,16.15,16.28,16.28,3228658
2014-09-30,16.12,16.25,15.99,16.12,16.12,4397663
2014-10-01,16.25,16.38,16.12,16.25,16.25,4858617
2014-10-02,16.21,16.34,16.08,16.21,16.21,5764356
2014-10-03,16.2,16.33,16.07,16.2,16.2,2964196
2014-10-06,16.44,16.57,16.31,16.44,16.44,4627854
2014-10-07,16.55,16.69,16.42,16.55,16.55,5449149
2014-10-08,16.55,16.68,16.42,16.55,16.55,7344986
2014-10-09,16.76,16.9,16.63,16.76,16.76,6141394
2014-10-10,16.85,16.99,16.72,16.85,16.85,9754499
2014-10-13,16.75,16.88,16.61,16.75,16.75,4421928
2014-10-14,16.85,16.98,16.72,16.85,16.85,7375001
2014-10-15,17.11,17.24,16.97,17.11,17.11,2079451
2014-10-16,17.13,17.27,17.0,17.13,17.13,8225288
2014-10-17,17.27,17.4,17.13,17.27,17.27,5177065
2014-10-20,16.98,17.12,16.84,16.98,16.98,8449021
2014-10-21,17.22,17.36,17.08,17.22,17.22,11164749
2014-10-22,17.67,17.81,17.53,17.67,17.67,7311503
2014-10-23,17.5,17.64,17.36,17.5,17.5,7416162
2014-10-24,17.31,17.45,17.17,17.31,17.31,9713225
2014-10-27,17.54,17.68,17.4,17.54,17.54,9269149
2014-10-28,17.94,18.08,17.79,17.94,17.94,13058013
2014-10-29,17.99,18.13,17.84,17.99,17.99,4766030
2014-10-30,18.34,18.49,18.19,18.34,18.34,4363899
2014-10-31,18.03,18.18,17.89,18.03,18.03,7333362
2014-11-03,17.55,17.69,17.41,17.55,17.55,8518258
2014-11-04,17.77,17.92,17.63,17.77,17.77,2691348
2014-11-05,17.33,17.47,17.19,17.33,17.33,8801912
2014-11-06,17.41,17.55,17.28,17.41,17.41,4950004
2014-11-07,17.32,17.46,17.18,17.32,17.32,2356965
2014-11-10,17.44,17.57,17.3,17.44,17.44,4780864
2014-11-11,17.38,17.52,17.24,17.38,17.38,9241177
2014-11-12,16.86,17.0,16.73,16.86,16.86,2368470
2014-11-13,17.11,17.24,16.97,17.11,17.11,3565062
2014-11-14,16.91,17.04,16.77,16.91,16.91,3456981
2014-11-17,16.99,17.12,16.85,16.99,16.99,2489999
2014-11-18,17.01,17.14,16.87,17.01,17.01,6887909
2014-11-19,17.37,17.5,17.23,17.37,17.37,6161489
2014-11-20,17.42,17.56,17.28,17.42,17.42,5983550
2014-11-21,17.2,17.33,17.06,17.2,17.2,6721134
2014-11-24,17.28,17.42,17.14,17.28,17.28,4274427
2014-11-25,17.66,17.8,17.52,17.66,17.66,3439896
2014-11-26,17.93,18.08,17.79,17.93,17.93,6420943
2014-11-27,18.03,18.17,17.88,18.03,18.03,6698436
2014-11-28,17.73,17.88,17.59,17.73,17.73,4396923
2014-12-01,17.58,17.72,17.44,17.58,17.58,5159052
2014-12-02,17.35,17.49,17.21,17.35,17.35,3765796
2014-12-03,17.19,17.33,17.05,17.19,17.19,10410345
2014-12-04,17.03,17.17,16.89,17.03,17.03,4143916
2014-12-05,16.78,16.92,16.65,16.78,16.78,8911603
2014-12-08,16.73,16.87,16.6,16.73,16.73,4548781
2014-12-09,16.84,16.98,16.71,16.84,16.84,7565320
2014-12-10,16.99,17.13,16.86,16.99,16.99,5883038
2014-12-11,16.84,16.98,16.71,16.84,16.84,4496961
2014-12-12,16.74,16.87,16.6,16.74,16.74,6746805
2014-12-15,16.87,17.01,16.74,16.87,16.87,14643334
2014-12-16,16.9,17.04,16.76,16.9,16.9,4965981
2014-12-17,16.94,17.08,16.81,16.94,16.94,3290937
2014-12-18,16.66,16.79,16.52,16.66,16.66,4455868
2014-12-19,16.77,16.9,16.63,16.77,16.77,5801441
2014-12-22,16.6,16.73,16.47,16.6,16.6,6597777
2014-12-23,16.36,16.49,16.23,16.36,16.36,5227329
2014-12-24,15.97,16.1,15.85,15.97,15.97,4222691
2014-12-25,16.07,16.2,15.94,16.07,16.07,7655116
2014-12-26,15.79,15.92,15.66,15.79,15.79,7892205
2014-12-29,15.74,15.86,15.61,15.74,15.74,2718015
2014-12-30,15.93,16.05,15.8,15.93,15.93,7543755
2014-12-31,15.78,15.91,15.65,15.78,15.78,11136412
2015-01-01,15.48,15.6,15.35,15.48,15.48,7959920
2015-01-02,15.628999710083008,15.737500190734863,15.347999572753906,15.425999641418455,15.425999641418455,55664000
2015-01-05,15.350500106811523,15.418999671936035,15.042499542236328,15.10949993133545,15.10949993133545,55484000
2015-01-06,15.112000465393066,15.149999618530272,14.619000434875488,14.76449966430664,14.76449966430664,70380000
2015-01-07,14.875,15.064000129699709,14.76650047302246,14.92099952697754,14.92099952697754,52806000
2015-01-08,15.015999794006348,15.156999588012695,14.805500030517578,15.02299976348877,15.02299976348877,61768000
2015-01-09,15.074000358581545,15.143500328063965,14.833999633789062,14.846500396728516,14.846500396728516,51848000
2015-01-12,14.878000259399414,14.92549991607666,14.46399974822998,14.570500373840332,14.570500373840332,68428000
2015-01-13,14.87399959564209,15.074999809265137,14.661499977111816,14.737000465393066,14.737000465393066,82728000
2015-01-14,14.596500396728516,14.795499801635742,14.324999809265137,14.66349983215332,14.66349983215332,110774000
2015-01-15,14.699999809265137,14.800000190734863,14.340999603271484,14.34749984741211,14.34749984741211,88384000
2015-01-16,14.314000129699709,14.53950023651123,14.262499809265137,14.536999702453612,14.536999702453612,69564000
2015-01-20,14.62950038909912,14.66800022125244,14.319499969482422,14.472000122070312,14.472000122070312,61502000
2015-01-21,14.482000350952148,15.300000190734863,14.36299991607666,14.862500190734863,14.862500190734863,201302000
2015-01-22,15.0,15.612500190734863,15.0,15.515999794006348,15.515999794006348,107252000
2015-01-23,15.404000282287598,15.846500396728516,15.38599967956543,15.619500160217283,15.619500160217283,89928000
2015-01-26,15.590999603271484,15.649999618530272,15.37600040435791,15.482999801635742,15.482999801635742,63394000
2015-01-27,15.3149995803833,15.51200008392334,15.131500244140623,15.337499618530272,15.337499618530272,58406000
2015-01-28,15.490500450134276,15.575499534606934,15.1899995803833,15.195500373840332,15.195500373840332,61276000
2015-01-29,15.236499786376951,15.640000343322754,14.966500282287598,15.58899974822998,15.58899974822998,173132000
2015-01-30,17.31599998474121,17.975000381469727,17.03700065612793,17.726499557495117,17.726499557495117,477122000
2015-02-02,17.502500534057617,18.25,17.500499725341797,18.223499298095703,18.223499298095703,204638000
2015-02-03,18.01449966430664,18.391000747680664,18.010499954223633,18.177499771118164,18.177499771118164,124252000
2015-02-04,17.91900062561035,18.375,17.911500930786133,18.237499237060547,18.237499237060547,83398000
2015-02-05,18.299999237060547,18.940000534057617,18.295000076293945,18.694499969482425,18.694499969482425,144952000
2015-02-06,18.74349975585937,18.79949951171875,18.550500869750977,18.714000701904297,18.714000701904297,77848000
2015-02-09,18.549999237060547,18.72050094604492,18.36000061035156,18.527999877929688,18.527999877929688,54492000
2015-02-10,18.559499740600582,18.71500015258789,18.425500869750977,18.64999961853028,18.64999961853028,45744000
2015-02-11,18.561500549316406,18.854999542236328,18.55500030517578,18.756999969482425,18.756999969482425,55730000
2015-02-12,18.7549991607666,18.925500869750977,18.65749931335449,18.85849952697754,18.85849952697754,55822000
2015-02-13,18.920499801635746,19.14999961853028,18.850500106811523,19.09149932861328,19.09149932861328,69502000
2015-02-17,18.88599967956543,18.999500274658203,18.63349914550781,18.771499633789062,18.771499633789062,73464000
2015-02-18,18.68899917602539,18.83699989318848,18.64249992370605,18.668500900268555,18.668500900268555,53012000
2015-02-19,18.67449951171875,19.0939998626709,18.671499252319336,18.950000762939453,18.950000762939453,59076000
2015-02-20,18.93099975585937,19.184999465942383,18.79199981689453,19.183000564575195,19.183000564575195,65160000
2015-02-23,19.17200088500977,19.22699928283692,18.89999961853028,19.006999969482425,19.006999969482425,43540000
2015-02-24,18.9325008392334,19.02400016784668,18.808000564575195,18.929500579833984,18.929500579833984,38416000
2015-02-25,18.863500595092773,19.39249992370605,18.82699966430664,19.26849937438965,19.26849937438965,63490000
2015-02-26,19.203500747680664,19.4685001373291,19.16399955749512,19.239999771118164,19.239999771118164,53742000
2015-02-27,19.200000762939453,19.29949951171875,18.989500045776367,19.007999420166016,19.007999420166016,50646000
2015-03-02,19.042499542236328,19.295000076293945,18.974000930786133,19.28300094604492,19.28300094604492,42784000
2015-03-03,19.19750022888184,19.30500030517578,19.07999992370605,19.230499267578125,19.230499267578125,38930000
2015-03-04,19.285499572753903,19.395000457763672,19.10950088500977,19.13599967956543,19.13599967956543,45182000
2015-03-05,19.280500411987305,19.42099952697754,19.194499969482425,19.39150047302246,19.39150047302246,53870000
2015-03-06,19.275999069213867,19.350000381469727,18.944000244140625,19.004499435424805,19.004499435424805,52540000
2015-03-09,18.920000076293945,18.96649932861328,18.763999938964844,18.92799949645996,18.92799949645996,46228000
2015-03-10,18.872499465942383,18.888500213623047,18.458999633789062,18.475500106811523,18.475500106811523,62420000
2015-03-11,18.530500411987305,18.667499542236328,18.3129997253418,18.318500518798828,18.318500518798828,49902000
2015-03-12,18.44099998474121,18.77499961853028,18.3759994506836,18.71199989318848,18.71199989318848,56200000
2015-03-13,18.576000213623047,18.699499130249023,18.333999633789062,18.52899932861328,18.52899932861328,52234000
2015-03-16,18.518999099731445,18.69700050354004,18.336000442504883,18.667499542236328,18.667499542236328,47082000
2015-03-17,18.55550003051757,18.725000381469727,18.48200035095215,18.59600067138672,18.59600067138672,40740000
2015-03-18,18.49850082397461,18.79949951171875,18.334999084472656,18.756999969482425,18.756999969482425,53082000
2015-03-19,18.693500518798828,18.855499267578125,18.60950088500977,18.66200065612793,18.66200065612793,38314000
2015-03-20,18.81450080871582,18.9685001373291,18.79599952697754,18.92449951171875,18.92449951171875,75272000
2015-03-23,18.903499603271484,19.088499069213867,18.746999740600582,18.75550079345703,18.75550079345703,44786000
2015-03-24,18.699499130249023,18.761999130249023,18.613500595092773,18.70450019836425,18.70450019836425,44564000
2015-03-25,18.75849914550781,19.02499961853028,18.51449966430664,18.54800033569336,18.54800033569336,68590000
2015-03-26,18.47949981689453,18.56999969482422,18.28249931335449,18.36750030517578,18.36750030517578,58600000
2015-03-27,18.355499267578125,18.65850067138672,18.328500747680664,18.527999877929688,18.527999877929688,52196000
2015-03-30,18.5935001373291,18.80599975585937,18.57749938964844,18.72949981689453,18.72949981689453,36418000
2015-03-31,18.66200065612793,18.88500022888184,18.57550048828125,18.604999542236328,18.604999542236328,50122000
2015-04-01,18.604999542236328,18.65800094604492,18.41699981689453,18.51300048828125,18.51300048828125,49162000
2015-04-02,18.52499961853028,18.66399955749512,18.450000762939453,18.612499237060547,18.612499237060547,37506000
2015-04-06,18.5049991607666,19.01000022888184,18.468000411987305,18.85199928283692,18.85199928283692,61014000
2015-04-07,18.8075008392334,18.965499877929688,18.701499938964844,18.72050094604492,18.72050094604492,39098000
2015-04-08,18.732999801635746,19.07900047302246,18.732500076293945,19.059999465942383,19.059999465942383,52728000
2015-04-09,19.03300094604492,19.22100067138672,18.940000534057617,19.177000045776367,19.177000045776367,47846000
2015-04-10,19.215499877929688,19.356000900268555,19.06599998474121,19.13249969482422,19.13249969482422,51470000
2015-04-13,19.17650032043457,19.263999938964844,19.006999969482425,19.11800003051757,19.11800003051757,37890000
2015-04-14,19.175500869750977,19.390499114990234,19.06049919128418,19.25550079345703,19.25550079345703,51672000
2015-04-15,19.232500076293945,19.28899955749512,19.082000732421875,19.17250061035156,19.17250061035156,38664000
2015-04-16,19.184499740600582,19.372499465942383,19.177499771118164,19.302000045776367,19.302000045776367,41608000
2015-04-17,19.131500244140625,19.17799949645996,18.71999931335449,18.777999877929688,18.777999877929688,76794000
2015-04-20,18.927499771118164,19.597000122070312,18.850000381469727,19.475500106811523,19.475500106811523,100322000
2015-04-21,19.56550025939941,19.729999542236328,19.34000015258789,19.55900001525879,19.55900001525879,92870000
2015-04-22,19.59550094604492,19.714000701904297,19.39999961853028,19.489999771118164,19.489999771118164,69494000
2015-04-23,19.51049995422364,19.5939998626709,19.3075008392334,19.499500274658203,19.499500274658203,159600000
2015-04-24,21.950000762939453,22.63249969482422,21.950000762939453,22.2549991607666,22.2549991607666,343538000
2015-04-27,22.19300079345703,22.34950065612793,21.870500564575195,21.92799949645996,21.92799949645996,108618000
2015-04-28,21.925500869750977,21.950000762939453,21.402000427246094,21.465499877929688,21.465499877929688,82810000
2015-04-29,21.33749961853028,21.71199989318848,21.30150032043457,21.4685001373291,21.4685001373291,72434000
2015-04-30,21.355499267578125,21.58749961853028,20.96199989318848,21.089000701904297,21.089000701904297,72958000
2015-05-01,21.19099998474121,21.28199958801269,20.799999237060547,21.14349937438965,21.14349937438965,71316000
2015-05-04,21.239999771118164,21.488500595092773,21.121000289916992,21.152000427246094,21.152000427246094,45408000
2015-05-05,21.14249992370605,21.3754997253418,21.051000595092773,21.059499740600582,21.059499740600582,57128000
2015-05-06,21.07150077819824,21.13599967956543,20.727500915527344,20.95499992370605,20.95499992370605,51050000
2015-05-07,21.207500457763672,21.424999237060547,21.14249992370605,21.3439998626709,21.3439998626709,55322000
2015-05-08,21.537500381469727,21.76000022888184,21.50849914550781,21.684499740600582,21.684499740600582,58176000
2015-05-11,21.6254997253418,21.950000762939453,21.568500518798828,21.64249992370605,21.64249992370605,47874000
2015-05-12,21.554000854492188,21.662500381469727,21.33550071716309,21.551000595092773,21.551000595092773,38956000
2015-05-13,21.499000549316406,21.67650032043457,21.290000915527344,21.3435001373291,21.3435001373291,39926000
2015-05-14,21.47249984741211,21.64999961853028,21.350500106811523,21.61400032043457,21.61400032043457,37770000
2015-05-15,21.39999961853028,21.520000457763672,21.21500015258789,21.299999237060547,21.299999237060547,84806000
2015-05-18,21.299999237060547,21.363500595092773,21.07299995422364,21.261999130249023,21.261999130249023,47804000
2015-05-19,21.24349975585937,21.41200065612793,21.0314998626709,21.08550071716309,21.08550071716309,49284000
2015-05-20,21.030000686645508,21.354999542236328,20.917999267578125,21.19300079345703,21.19300079345703,43924000
2015-05-21,21.39999961853028,21.84499931335449,21.39999961853028,21.581499099731445,21.581499099731445,82428000
2015-05-22,21.57749938964844,21.621999740600582,21.38050079345703,21.381500244140625,21.381500244140625,40412000
2015-05-26,21.309999465942383,21.350000381469727,21.100000381469727,21.273500442504883,21.273500442504883,44884000
2015-05-27,21.372499465942383,21.592500686645508,21.2504997253418,21.57099914550781,21.57099914550781,44622000
2015-05-28,21.48550033569336,21.5674991607666,21.273500442504883,21.328500747680664,21.328500747680664,38248000
2015-05-29,21.36149978637696,21.625,21.36149978637696,21.46150016784668,21.46150016784668,60322000
2015-06-01,21.520000457763672,21.65800094604492,21.309999465942383,21.54599952697754,21.54599952697754,45066000
2015-06-02,21.50349998474121,21.661500930786133,21.3125,21.54949951171875,21.54949951171875,33378000
2015-06-03,21.71999931335449,21.91950035095215,21.637500762939453,21.82950019836425,21.82950019836425,54558000
2015-06-04,21.71999931335449,21.83799934387207,21.46299934387207,21.53899955749512,21.53899955749512,50216000
2015-06-05,21.482999801635746,21.540000915527344,21.325000762939453,21.34749984741211,21.34749984741211,38158000
2015-06-08,21.2810001373291,21.34000015258789,21.07150077819824,21.174999237060547,21.174999237060547,43450000
2015-06-09,21.14800071716309,21.374500274658203,20.957000732421875,21.27400016784668,21.27400016784668,45774000
2015-06-10,21.32299995422364,21.61000061035156,21.28300094604492,21.53849983215332,21.53849983215332,43446000
2015-06-11,21.614500045776367,21.944499969482425,21.57349967956543,21.648500442504883,21.648500442504883,58450000
2015-06-12,21.5625,21.61800003051757,21.413000106811523,21.496000289916992,21.496000289916992,41088000
2015-06-15,21.382999420166016,21.40250015258789,21.131999969482425,21.183500289916992,21.183500289916992,41020000
2015-06-16,21.207500457763672,21.398500442504883,21.13349914550781,21.363000869750977,21.363000869750977,45928000
2015-06-17,21.417999267578125,21.5674991607666,21.237499237060547,21.390499114990234,21.390499114990234,43718000
2015-06-18,21.51499938964844,21.98649978637696,21.47050094604492,21.96949958801269,21.96949958801269,67568000
2015-06-19,22.01300048828125,22.249500274658203,21.66200065612793,21.746000289916992,21.746000289916992,89902000
2015-06-22,21.850000381469727,21.96199989318848,21.708999633789062,21.81450080871582,21.81450080871582,36472000
2015-06-23,21.77949905395508,22.35199928283692,21.684499740600582,22.29949951171875,22.29949951171875,64900000
2015-06-24,22.24850082397461,22.32349967956543,22.011499404907227,22.04199981689453,22.04199981689453,52416000
2015-06-25,21.903499603271484,22.17350006103516,21.819499969482425,22.0049991607666,22.0049991607666,44750000
2015-06-26,22.08799934387207,22.17449951171875,21.75300025939941,21.905000686645508,21.905000686645508,52490000
2015-06-29,21.749000549316406,21.850000381469727,21.450000762939453,21.49300003051757,21.49300003051757,55064000
2015-06-30,21.709999084472656,21.778499603271484,21.52300071716309,21.70450019836425,21.70450019836425,51938000
2015-07-01,21.967500686645508,22.0,21.77899932861328,21.86949920654297,21.86949920654297,39742000
2015-07-02,21.850000381469727,21.90999984741211,21.67399978637696,21.88549995422364,21.88549995422364,26868000
2015-07-06,21.761499404907227,21.98649978637696,21.676000595092773,21.802000045776367,21.802000045776367,38064000
2015-07-07,21.78400039672852,21.886499404907227,21.278499603271484,21.836000442504883,21.836000442504883,69084000
2015-07-08,21.717500686645508,21.79949951171875,21.441499710083008,21.48500061035156,21.48500061035156,47662000
2015-07-09,21.7450008392334,21.93600082397461,21.707500457763672,21.71949958801269,21.71949958801269,45428000
2015-07-10,22.02449989318848,22.23600006103516,21.950000762939453,22.175500869750977,22.175500869750977,48020000
2015-07-13,22.41449928283692,22.89349937438965,22.37700080871582,22.778499603271484,22.778499603271484,79136000
2015-07-14,23.11599922180176,23.479999542236328,22.90800094604492,23.278499603271484,23.278499603271484,94724000
2015-07-15,23.152000427246094,23.23500061035156,23.01000022888184,23.059499740600582,23.059499740600582,59748000
2015-07-16,23.27499961853028,23.79400062561035,23.239999771118164,23.77400016784668,23.77400016784668,81912000
2015-07-17,23.88500022888184,24.270999908447266,23.862499237060547,24.15049934387207,24.15049934387207,98644000
2015-07-20,24.62849998474121,24.65999984741211,24.270000457763672,24.405000686645508,24.405000686645508,95050000
2015-07-21,24.395000457763672,24.444000244140625,24.127500534057617,24.39999961853028,24.39999961853028,63636000
2015-07-22,24.29949951171875,24.625,24.2450008392334,24.41349983215332,24.41349983215332,62298000
2015-07-23,24.58300018310547,24.58300018310547,23.78499984741211,24.108999252319336,24.108999252319336,187488000
2015-07-24,28.949499130249023,29.028499603271484,26.467500686645508,26.47100067138672,26.47100067138672,438188000
2015-07-27,26.387500762939453,27.247499465942383,26.32999992370605,26.570499420166016,26.570499420166016,149820000
2015-07-28,26.799999237060547,26.819499969482425,26.1560001373291,26.30150032043457,26.30150032043457,105462000
2015-07-29,26.54599952697754,26.648500442504883,26.2509994506836,26.450000762939453,26.450000762939453,75052000
2015-07-30,26.38249969482422,26.959999084472656,26.214500427246094,26.83799934387207,26.83799934387207,74862000
2015-07-31,26.95450019836425,27.14200019836425,26.72599983215332,26.8075008392334,26.8075008392334,60512000
2015-08-03,26.872499465942383,27.02199935913086,26.468000411987305,26.75149917602539,26.75149917602539,60284000
2015-08-04,26.48450088500977,26.84749984741211,26.45800018310547,26.59499931335449,26.59499931335449,58692000
2015-08-05,26.940000534057617,26.957000732421875,26.70599937438965,26.850500106811523,26.850500106811523,57788000
2015-08-06,26.96500015258789,27.136999130249023,26.3759994506836,26.472999572753903,26.472999572753903,76410000
2015-08-07,26.45800018310547,26.472999572753903,25.910499572753903,26.131000518798828,26.131000518798828,79384000
2015-08-10,26.426000595092773,26.61400032043457,26.14999961853028,26.200000762939453,26.200000762939453,52318000
2015-08-11,26.1825008392334,26.448999404907227,26.100000381469727,26.37299919128418,26.37299919128418,53532000
2015-08-12,26.1875,26.375,25.652999877929688,26.295499801635746,26.295499801635746,79246000
2015-08-13,26.36849975585937,26.732999801635746,26.27449989318848,26.482999801635746,26.482999801635746,57904000
2015-08-14,26.412500381469727,26.70549964904785,26.412500381469727,26.576000213623047,26.576000213623047,39896000
2015-08-17,26.56450080871582,26.937000274658203,26.356000900268555,26.76099967956543,26.76099967956543,51634000
2015-08-18,26.75200080871582,26.97450065612793,26.64999961853028,26.7509994506836,26.7509994506836,41426000
2015-08-19,26.687000274658203,26.862499237060547,26.450000762939453,26.645999908447266,26.645999908447266,46480000
2015-08-20,26.519500732421875,26.662500381469727,25.78849983215332,25.78899955749512,25.78899955749512,88160000
2015-08-21,25.36800003051757,25.616500854492188,24.723499298095703,24.723499298095703,24.723499298095703,134130000
2015-08-24,23.179000854492188,23.82900047302246,22.549999237060547,23.168500900268555,23.168500900268555,201952000
2015-08-25,24.374500274658203,24.472000122070312,23.3125,23.318500518798828,23.318500518798828,113586000
2015-08-26,24.201000213623047,25.18600082397461,23.9379997253418,25.03849983215332,25.03849983215332,127172000
2015-08-27,25.68549919128418,26.13450050354004,25.363000869750977,25.918500900268555,25.918500900268555,122290000
2015-08-28,25.875,26.075000762939453,25.652000427246094,25.90049934387207,25.90049934387207,54934000
2015-08-31,25.82200050354004,25.97050094604492,25.453500747680664,25.644500732421875,25.644500732421875,60046000
2015-09-01,24.957000732421875,25.5,24.671499252319336,24.82699966430664,24.82699966430664,77290000
2015-09-02,25.254499435424805,25.542999267578125,24.88599967956543,25.52750015258789,25.52750015258789,74142000
2015-09-03,25.725000381469727,25.79199981689453,25.12849998474121,25.23600006103516,25.23600006103516,62994000
2015-09-04,24.88249969482422,25.14249992370605,24.78199958801269,24.950000762939453,24.950000762939453,53850000
2015-09-08,25.434499740600582,25.917499542236328,25.425500869750977,25.87700080871582,25.87700080871582,76214000
2015-09-09,26.200000762939453,26.497499465942383,25.75300025939941,25.84449958801269,25.84449958801269,87414000
2015-09-10,25.75749969482422,26.30649948120117,25.73900032043457,26.11199951171875,26.11199951171875,51520000
2015-09-11,26.05349922180176,26.472000122070312,26.030500411987305,26.472000122070312,26.472000122070312,64558000
2015-09-14,26.472000122070312,26.622499465942383,25.929000854492188,26.069000244140625,26.069000244140625,62604000
2015-09-15,26.162500381469727,26.395999908447266,25.86000061035156,26.11849975585937,26.11849975585937,57318000
2015-09-16,26.099000930786133,26.415000915527344,25.926000595092773,26.36949920654297,26.36949920654297,45056000
2015-09-17,26.349000930786133,27.348499298095703,26.328500747680664,26.943500518798828,26.943500518798828,83390000
2015-09-18,26.731000900268555,27.312000274658203,26.5674991607666,27.01300048828125,27.01300048828125,123202000
2015-09-21,27.21649932861328,27.48900032043457,26.97949981689453,27.41950035095215,27.41950035095215,65666000
2015-09-22,26.98550033569336,27.177499771118164,26.632999420166016,26.920000076293945,26.920000076293945,76834000
2015-09-23,26.915000915527344,27.06049919128418,26.700000762939453,26.80349922180176,26.80349922180176,44752000
2015-09-24,26.52750015258789,26.72800064086914,26.14349937438965,26.6875,26.6875,70020000
2015-09-25,27.12849998474121,27.13999938964844,26.06999969482422,26.21249961853028,26.21249961853028,80620000
2015-09-28,26.0009994506836,26.013999938964844,24.71649932861328,25.202999114990234,25.202999114990234,108690000
2015-09-29,25.299999237060547,25.573999404907227,24.52499961853028,24.80349922180176,24.80349922180176,89150000
2015-09-30,25.27199935913086,25.63999938964844,25.083499908447266,25.59449958801269,25.59449958801269,80094000
2015-10-01,25.549999237060547,26.040000915527344,25.299999237060547,26.035999298095703,26.035999298095703,75370000
2015-10-02,25.64949989318848,26.6299991607666,25.405000686645508,26.62700080871582,26.62700080871582,91956000
2015-10-05,26.84950065612793,27.295499801635746,26.799999237060547,27.18400001525879,27.18400001525879,67828000
2015-10-06,27.27499961853028,27.575000762939453,26.66650009155273,26.874000549316406,26.874000549316406,90056000
2015-10-07,27.089500427246094,27.100000381469727,26.450000762939453,27.097000122070312,27.097000122070312,76242000
2015-10-08,26.83550071716309,26.96949958801269,25.99449920654297,26.65800094604492,26.65800094604492,93528000
2015-10-09,26.724000930786133,27.089500427246094,26.513500213623047,26.989999771118164,26.989999771118164,70748000
2015-10-12,26.99799919128418,27.541000366210938,26.989999771118164,27.50950050354004,27.50950050354004,55522000
2015-10-13,27.3129997253418,27.65999984741211,27.155000686645508,27.44499969482422,27.44499969482422,58760000
2015-10-14,27.566999435424805,27.612499237060547,26.983999252319336,27.241500854492188,27.241500854492188,71642000
2015-10-15,27.387500762939453,28.14999961853028,27.350000381469727,28.121999740600582,28.121999740600582,98740000
2015-10-16,28.263500213623047,28.54700088500977,28.015499114990234,28.538000106811523,28.538000106811523,86316000
2015-10-19,28.538000106811523,28.950000762939453,28.36899948120117,28.65749931335449,28.65749931335449,87508000
2015-10-20,28.600000381469727,28.64999961853028,27.763999938964844,28.04400062561035,28.04400062561035,86924000
2015-10-21,28.193500518798828,28.262500762939453,27.6259994506836,27.78849983215332,27.78849983215332,66872000
2015-10-22,28.13500022888184,28.457500457763672,27.833499908447266,28.195499420166016,28.195499420166016,155588000
2015-10-23,30.88400077819824,30.97249984741211,29.76799964904785,29.951499938964844,29.951499938964844,213854000
2015-10-26,30.114999771118164,30.49250030517578,29.81450080871582,30.43050003051757,30.43050003051757,85394000
2015-10-27,30.43000030517578,30.73550033569336,30.276500701904297,30.550500869750977,30.550500869750977,75742000
2015-10-28,30.614999771118164,30.86149978637696,30.475000381469727,30.854999542236328,30.854999542236328,78524000
2015-10-29,30.88500022888184,31.37700080871582,30.769500732421875,31.32749938964844,31.32749938964844,77920000
2015-10-30,31.300500869750977,31.535999298095703,31.263999938964844,31.295000076293945,31.295000076293945,77488000
2015-11-02,31.35650062561035,31.43149948120117,31.02050018310547,31.417499542236328,31.417499542236328,56330000
2015-11-03,31.47649955749512,31.49449920654297,31.100000381469727,31.265499114990234,31.265499114990234,64938000
2015-11-04,31.38800048828125,32.29650115966797,31.36750030517578,32.04750061035156,32.04750061035156,96810000
2015-11-05,32.35499954223633,32.849998474121094,32.15449905395508,32.782501220703125,32.782501220703125,94476000
2015-11-06,32.75,33.112998962402344,32.599998474121094,32.96849822998047,32.96849822998047,81844000
2015-11-09,32.932498931884766,33.097999572753906,32.39250183105469,32.77450180053711,32.77450180053711,80976000
2015-11-10,32.550498962402344,33.0,32.362998962402344,32.98400115966797,32.98400115966797,69790000
2015-11-11,33.162498474121094,33.79800033569336,33.162498474121094,33.662498474121094,33.662498474121094,107746000
2015-11-12,33.650001525878906,33.78200149536133,33.21099853515625,33.279998779296875,33.279998779296875,85694000
2015-11-13,33.17850112915039,33.349998474121094,32.022499084472656,32.11750030517578,32.11750030517578,125222000
2015-11-16,32.04600143432617,32.4995002746582,31.114500045776367,32.390499114990234,32.390499114990234,148718000
2015-11-17,32.532501220703125,32.662498474121094,32.04999923706055,32.165000915527344,32.165000915527344,86404000
2015-11-18,32.32550048828125,33.24399948120117,32.31850051879883,33.176998138427734,33.176998138427734,89396000
2015-11-19,33.2495002746582,33.643001556396484,32.95000076293945,33.063499450683594,33.063499450683594,94104000
2015-11-20,33.39699935913086,33.44350051879883,32.878501892089844,33.42250061035156,33.42250061035156,77922000
2015-11-23,33.57500076293945,34.13850021362305,33.50600051879883,33.949501037597656,33.949501037597656,87702000
2015-11-24,33.707000732421875,33.790000915527344,33.06050109863281,33.557498931884766,33.557498931884766,90868000
2015-11-25,33.75,33.98500061035156,33.5620002746582,33.766998291015625,33.766998291015625,53958000
2015-11-27,34.040000915527344,34.04949951171875,33.60499954223633,33.66299819946289,33.66299819946289,39336000
2015-11-30,33.79499816894531,34.06449890136719,33.22999954223633,33.2400016784668,33.2400016784668,113864000
2015-12-01,33.6875,34.04999923706055,33.393001556396484,33.952999114990234,33.952999114990234,95024000
2015-12-02,34.04999923706055,34.24100112915039,33.712501525878906,33.800498962402344,33.800498962402344,85470000
2015-12-03,33.97200012207031,34.13949966430664,33.07400131225586,33.3125,33.3125,101294000
2015-12-04,33.29999923706055,33.73899841308594,33.06999969482422,33.63199996948242,33.63199996948242,90696000
2015-12-07,33.73699951171875,33.77299880981445,33.025001525878906,33.49150085449219,33.49150085449219,74656000
2015-12-08,33.15650177001953,33.9995002746582,32.989498138427734,33.86650085449219,33.86650085449219,73038000
2015-12-09,33.900001525878906,33.95000076293945,32.78400039672852,33.239498138427734,33.239498138427734,103164000
2015-12-10,33.27949905395508,33.42649841308594,32.97800064086914,33.11600112915039,33.11600112915039,69110000
2015-12-11,32.561500549316406,32.89400100708008,31.981000900268555,32.00749969482422,32.00749969482422,109488000
2015-12-14,32.087501525878906,32.929500579833984,31.763500213623047,32.89550018310547,32.89550018310547,86594000
2015-12-15,33.25149917602539,33.57500076293945,32.86750030517578,32.93199920654297,32.93199920654297,95068000
2015-12-16,33.178001403808594,33.86750030517578,32.965999603271484,33.78850173950195,33.78850173950195,79290000
2015-12-17,34.0,34.125,33.532501220703125,33.532501220703125,33.532501220703125,73632000
2015-12-18,33.432498931884766,33.84199905395508,33.20650100708008,33.207000732421875,33.207000732421875,136826000
2015-12-21,33.42499923706055,33.494998931884766,32.94649887084961,33.22549819946289,33.22549819946289,65018000
2015-12-22,33.34149932861328,33.42449951171875,32.9630012512207,33.157501220703125,33.157501220703125,53356000
2015-12-23,33.32500076293945,33.33000183105469,32.83150100708008,33.185001373291016,33.185001373291016,54458000
2015-12-24,33.16749954223633,33.23400115966797,33.029998779296875,33.13949966430664,33.13949966430664,21824000
2015-12-28,33.27799987792969,33.775001525878906,33.275001525878906,33.7599983215332,33.7599983215332,75672000
2015-12-29,33.89899826049805,34.821998596191406,33.894500732421875,34.69850158691406,34.69850158691406,114700000
2015-12-30,34.59450149536133,34.77450180053711,34.319000244140625,34.45349884033203,34.45349884033203,70380000
2015-12-31,34.30400085449219,34.38750076293945,33.79449844360352,33.79449844360352,33.79449844360352,74992000
2016-01-04,32.81449890136719,32.88600158691406,31.3754997253418,31.84950065612793,31.84950065612793,186290000
2016-01-05,32.34299850463867,32.34550094604492,31.38249969482422,31.68950080871582,31.68950080871582,116452000
2016-01-06,31.100000381469727,31.989500045776367,31.015499114990234,31.63249969482422,31.63249969482422,106584000
2016-01-07,31.09000015258789,31.5,30.26049995422364,30.39699935913086,30.39699935913086,141498000
2016-01-08,30.982999801635746,31.207000732421875,30.299999237060547,30.352500915527344,30.352500915527344,110258000
2016-01-11,30.624000549316406,30.99250030517578,29.92849922180176,30.886999130249023,30.886999130249023,97832000
2016-01-12,31.262500762939453,31.29949951171875,30.61199951171875,30.894500732421875,30.894500732421875,94482000
2016-01-13,31.04400062561035,31.04400062561035,28.95800018310547,29.090499877929688,29.090499877929688,153104000
2016-01-14,29.012500762939453,30.112499237060547,28.49399948120117,29.64999961853028,29.64999961853028,144760000
2016-01-15,28.61199951171875,29.231000900268555,28.26499938964844,28.50900077819824,28.50900077819824,155690000
2016-01-19,28.85449981689453,29.200000762939453,28.32250022888184,28.724000930786133,28.724000930786133,96144000
2016-01-20,28.218000411987305,28.92250061035156,27.358999252319336,28.588499069213867,28.588499069213867,159328000
2016-01-21,28.679000854492188,29.44050025939941,28.410999298095703,28.7509994506836,28.7509994506836,99044000
2016-01-22,29.436500549316406,30.0049991607666,29.20549964904785,29.819000244140625,29.819000244140625,102402000
2016-01-25,29.89949989318848,30.424999237060547,29.72800064086914,29.826499938964844,29.826499938964844,87922000
2016-01-26,30.17250061035156,30.225000381469727,29.518999099731445,30.0625,30.0625,75314000
2016-01-27,30.09950065612793,30.16950035095215,28.93899917602539,29.167499542236328,29.167499542236328,103058000
2016-01-28,30.418500900268555,31.902999877929688,29.877500534057617,31.76749992370605,31.76749992370605,280304000
2016-01-29,28.599000930786133,29.64999961853028,28.5,29.350000381469727,29.350000381469727,293552000
2016-02-01,28.90749931335449,29.09000015258789,28.515499114990234,28.74049949645996,28.74049949645996,127102000
2016-02-02,28.5,28.577999114990234,27.504499435424805,27.604999542236328,27.604999542236328,126240000
2016-02-03,27.674999237060547,27.799999237060547,26.09499931335449,26.55349922180176,26.55349922180176,200974000
2016-02-04,26.25,26.949499130249023,25.961000442504883,26.8129997253418,26.8129997253418,123982000
2016-02-05,26.464000701904297,26.47249984741211,24.95949935913086,25.10650062561035,25.10650062561035,194178000
2016-02-08,24.32349967956543,24.674999237060547,23.76049995422364,24.405000686645508,24.405000686645508,196510000
2016-02-09,23.90049934387207,24.91900062561035,23.700000762939453,24.103500366210938,24.103500366210938,141558000
2016-02-10,24.58799934387207,25.232999801635746,24.299999237060547,24.52400016784668,24.52400016784668,135724000
2016-02-11,24.558500289916992,25.46500015258789,24.200000762939453,25.19099998474121,25.19099998474121,147948000
2016-02-12,25.53499984741211,25.83749961853028,25.074499130249023,25.35400009155273,25.35400009155273,107696000
2016-02-16,25.974000930786133,26.22249984741211,25.58300018310547,26.05500030517578,26.05500030517578,102370000
2016-02-17,26.437000274658203,26.874000549316406,25.96949958801269,26.70499992370605,26.70499992370605,96480000
2016-02-18,27.059499740600582,27.059999465942383,26.186500549316406,26.25,26.25,94700000
2016-02-19,26.035499572753903,26.79750061035156,25.76749992370605,26.7450008392334,26.7450008392334,99494000
2016-02-22,27.11000061035156,28.03249931335449,27.054000854492188,27.975000381469727,27.975000381469727,111332000
2016-02-23,27.77750015258789,27.84550094604492,27.26650047302246,27.64699935913086,27.64699935913086,81016000
2016-02-24,27.287500381469727,27.713499069213867,26.65749931335449,27.70199966430664,27.70199966430664,124634000
2016-02-25,27.775999069213867,27.96949958801269,27.26449966430664,27.75749969482422,27.75749969482422,90510000
2016-02-26,28.006000518798828,28.125,27.65850067138672,27.761499404907227,27.761499404907227,97540000
2016-02-29,27.700000762939453,28.24049949645996,27.6254997253418,27.6259994506836,27.6259994506836,82908000
2016-03-01,27.81450080871582,28.96249961853028,27.799999237060547,28.95199966430664,28.95199966430664,100770000
2016-03-02,29.08749961853028,29.25,28.684999465942383,29.01049995422364,29.01049995422364,91644000
2016-03-03,28.89800071716309,28.99349975585937,28.655500411987305,28.874500274658203,28.874500274658203,54826000
2016-03-04,29.05349922180176,29.06999969482422,28.55349922180176,28.756999969482425,28.756999969482425,68330000
2016-03-07,28.677000045776367,28.68149948120117,27.77750015258789,28.13999938964844,28.13999938964844,98538000
2016-03-08,27.89349937438965,28.5674991607666,27.73699951171875,28.01300048828125,28.01300048828125,94600000
2016-03-09,27.97800064086914,28.01749992370605,27.506500244140625,27.973499298095703,27.973499298095703,87546000
2016-03-10,28.33699989318848,28.350000381469727,27.395000457763672,27.94650077819824,27.94650077819824,78398000
2016-03-11,28.34749984741211,28.50300025939941,28.136499404907227,28.480499267578125,28.480499267578125,75426000
2016-03-14,28.350000381469727,28.84449958801269,28.15250015258789,28.668500900268555,28.668500900268555,69084000
2016-03-15,28.549999237060547,29.076000213623047,28.350000381469727,28.85099983215332,28.85099983215332,77536000
2016-03-16,28.832000732421875,29.06599998474121,28.55699920654297,28.713499069213867,28.713499069213867,70754000
2016-03-17,28.475500106811523,28.56999969482422,27.7504997253418,27.972000122070312,27.972000122070312,118562000
2016-03-18,28.04700088500977,28.116500854492188,27.304500579833984,27.60400009155273,27.60400009155273,145938000
2016-03-21,27.445499420166016,27.761999130249023,26.929000854492188,27.698999404907227,27.698999404907227,103114000
2016-03-22,27.25550079345703,28.13800048828125,27.252500534057617,28.02400016784668,28.02400016784668,80012000
2016-03-23,28.049999237060547,28.624000549316406,27.905000686645508,28.48150062561035,28.48150062561035,79674000
2016-03-24,28.355499267578125,29.177499771118164,28.35400009155273,29.147499084472656,29.147499084472656,103710000
2016-03-28,29.21999931335449,29.237499237060547,28.777999877929688,28.99349975585937,28.99349975585937,62430000
2016-03-29,29.00749969482422,29.792499542236328,28.825000762939453,29.69300079345703,29.69300079345703,87852000
2016-03-30,29.83550071716309,30.16200065612793,29.75,29.934499740600582,29.934499740600582,77810000
2016-03-31,29.964000701904297,30.037500381469727,29.61050033569336,29.68199920654297,29.68199920654297,53636000
2016-04-01,29.52449989318848,29.951499938964844,29.415000915527344,29.924999237060547,29.924999237060547,58348000
2016-04-04,29.950000762939453,29.975000381469727,29.52750015258789,29.659500122070312,29.659500122070312,49416000
2016-04-05,29.53849983215332,29.67350006103516,29.262500762939453,29.30699920654297,29.30699920654297,46178000
2016-04-06,29.3759994506836,30.11949920654297,29.375,30.10400009155273,30.10400009155273,56998000
2016-04-07,29.9379997253418,29.979999542236328,29.45400047302246,29.57150077819824,29.57150077819824,63780000
2016-04-08,29.715999603271484,29.89299964904785,29.450000762939453,29.729999542236328,29.729999542236328,51838000
2016-04-11,29.80699920654297,30.200000762939453,29.745500564575195,29.796499252319336,29.796499252319336,54086000
2016-04-12,29.920000076293945,30.202999114990234,29.61549949645996,30.15850067138672,30.15850067138672,52822000
2016-04-13,30.38400077819824,30.840499877929688,30.26449966430664,30.74099922180176,30.74099922180176,84566000
2016-04-14,30.75349998474121,31.2189998626709,30.75349998474121,31.037500381469727,31.037500381469727,70242000
2016-04-15,31.09600067138672,31.338499069213867,30.905500411987305,31.29450035095215,31.29450035095215,57754000
2016-04-18,31.26749992370605,31.881999969482425,31.24799919128418,31.76749992370605,31.76749992370605,87218000
2016-04-19,31.85700035095215,31.90049934387207,31.040000915527344,31.395000457763672,31.395000457763672,81118000
2016-04-20,31.5,31.82749938964844,31.14999961853028,31.64949989318848,31.64949989318848,52188000
2016-04-21,31.549999237060547,31.891000747680664,31.424999237060547,31.549999237060547,31.549999237060547,51926000
2016-04-22,31.223499298095703,31.412500381469727,30.577999114990234,31.02499961853028,31.02499961853028,101678000
2016-04-25,30.83049964904785,31.349000930786133,30.8125,31.309999465942383,31.309999465942383,53658000
2016-04-26,31.308500289916992,31.33749961853028,30.74399948120117,30.8439998626709,30.8439998626709,50428000
2016-04-27,30.59000015258789,30.79750061035156,30.06399917602539,30.328500747680664,30.328500747680664,81376000
2016-04-28,30.777000427246094,31.34000015258789,29.959999084472656,30.100000381469727,30.100000381469727,157452000
2016-04-29,33.29999923706055,33.499000549316406,32.70000076293945,32.97949981689453,32.97949981689453,206214000
2016-05-02,33.19599914550781,34.275001525878906,33.10150146484375,34.192501068115234,34.192501068115234,131570000
2016-05-03,33.86800003051758,34.01499938964844,33.52149963378906,33.566001892089844,33.566001892089844,98468000
2016-05-04,33.12950134277344,33.70000076293945,33.10699844360352,33.54499816894531,33.54499816894531,92710000
2016-05-05,33.66550064086914,33.824501037597656,32.79999923706055,32.954498291015625,32.954498291015625,97682000
2016-05-06,32.8025016784668,33.84749984741211,32.800498962402344,33.6974983215332,33.6974983215332,87306000
2016-05-09,33.6974983215332,34.3489990234375,33.570499420166016,33.98749923706055,33.98749923706055,79644000
2016-05-10,34.70000076293945,35.227500915527344,34.67499923706055,35.153499603271484,35.153499603271484,122112000
2016-05-11,35.28950119018555,35.95000076293945,35.08250045776367,35.6614990234375,35.6614990234375,146764000
2016-05-12,35.86899948120117,36.122501373291016,35.57550048828125,35.89649963378906,35.89649963378906,100964000
2016-05-13,35.73199844360352,35.962501525878906,35.32550048828125,35.49599838256836,35.49599838256836,95268000
2016-05-16,35.506500244140625,35.662498474121094,35.013999938964844,35.53300094604492,35.53300094604492,108658000
2016-05-17,35.494998931884766,35.7234992980957,34.695499420166016,34.76350021362305,34.76350021362305,102428000
2016-05-18,34.47800064086914,35.12699890136719,34.4379997253418,34.872501373291016,34.872501373291016,85664000
2016-05-19,34.59400177001953,34.970001220703125,34.47800064086914,34.92599868774414,34.92599868774414,60512000
2016-05-20,35.0525016784668,35.36199951171875,35.0,35.13999938964844,35.13999938964844,58324000
2016-05-23,35.212501525878906,35.29999923706055,34.82099914550781,34.837501525878906,34.837501525878906,51902000
2016-05-24,34.9005012512207,35.375,34.900001525878906,35.209999084472656,35.209999084472656,60676000
2016-05-25,35.400001525878906,35.542999267578125,35.2760009765625,35.41749954223633,35.41749954223633,65354000
2016-05-26,35.416500091552734,35.75,35.364498138427734,35.74549865722656,35.74549865722656,48934000
2016-05-27,35.75,35.83000183105469,35.55500030517578,35.61199951171875,35.61199951171875,44984000
2016-05-31,35.61650085449219,36.21149826049805,35.566001892089844,36.13949966430664,36.13949966430664,72366000
2016-06-01,36.04499816894531,36.32149887084961,35.9109992980957,35.97200012207031,35.97200012207031,65262000
2016-06-02,36.04850006103516,36.41400146484375,35.775001525878906,36.4119987487793,36.4119987487793,60532000
2016-06-03,36.33700180053711,36.34999847412109,35.92150115966797,36.277000427246094,36.277000427246094,67346000
2016-06-06,36.32500076293945,36.57500076293945,36.22100067138672,36.33649826049805,36.33649826049805,54096000
2016-06-07,36.49449920654297,36.5,36.02750015258789,36.1870002746582,36.1870002746582,54650000
2016-06-08,36.31999969482422,36.47100067138672,36.08000183105469,36.33200073242188,36.33200073242188,44468000
2016-06-09,36.15499877929688,36.445499420166016,36.1150016784668,36.38249969482422,36.38249969482422,43406000
2016-06-10,36.11750030517578,36.249000549316406,35.71049880981445,35.89550018310547,35.89550018310547,68514000
2016-06-13,35.70050048828125,36.0994987487793,35.55799865722656,35.762001037597656,35.762001037597656,67044000
2016-06-14,35.61650085449219,36.04050064086914,35.61349868774414,35.96500015258789,35.96500015258789,50138000
2016-06-15,36.09999847412109,36.12799835205078,35.66749954223633,35.7130012512207,35.7130012512207,54188000
2016-06-16,35.602500915527344,35.900001525878906,35.26499938964844,35.8754997253418,35.8754997253418,61960000
2016-06-17,35.90950012207031,35.90999984741211,34.95899963378906,35.31949996948242,35.31949996948242,117956000
2016-06-20,35.67499923706055,36.06549835205078,35.54050064086914,35.70050048828125,35.70050048828125,73544000
2016-06-21,35.7859992980957,35.91999816894531,35.63600158691406,35.79100036621094,35.79100036621094,42750000
2016-06-22,35.82899856567383,35.849998474121094,35.378501892089844,35.529998779296875,35.529998779296875,45210000
2016-06-23,35.775001525878906,36.10599899291992,35.625,36.104000091552734,36.104000091552734,56500000
2016-06-24,34.650001525878906,35.62649917602539,34.61000061035156,34.948001861572266,34.948001861572266,152650000
2016-06-27,34.60049819946289,34.840999603271484,34.10599899291992,34.56800079345703,34.56800079345703,111360000
2016-06-28,35.0,35.400001525878906,34.90850067138672,35.397499084472656,35.397499084472656,80740000
2016-06-29,35.787498474121094,35.974998474121094,35.676998138427734,35.779998779296875,35.779998779296875,61402000
2016-06-30,35.86000061035156,35.96849822998047,35.62699890136719,35.78099822998047,35.78099822998047,57102000
2016-07-01,35.86600112915039,36.400001525878906,35.82699966430664,36.28400039672852,36.28400039672852,58408000
2016-07-05,36.13999938964844,36.47800064086914,35.980499267578125,36.40499877929688,36.40499877929688,48628000
2016-07-06,36.28549957275391,36.88850021362305,36.12900161743164,36.88050079345703,36.88050079345703,78764000
2016-07-07,36.96649932861328,36.977500915527344,36.58150100708008,36.82849884033203,36.82849884033203,58916000
2016-07-08,37.00699996948242,37.30500030517578,36.900001525878906,37.29050064086914,37.29050064086914,68584000
2016-07-11,37.5,37.79499816894531,37.34999847412109,37.68899917602539,37.68899917602539,63906000
2016-07-12,37.84299850463867,37.867000579833984,37.01649856567383,37.41049957275391,37.41049957275391,112474000
2016-07-13,37.3380012512207,37.84349822998047,37.0625,37.13150024414063,37.13150024414063,82846000
2016-07-14,37.44300079345703,37.45199966430664,36.95100021362305,37.060001373291016,37.060001373291016,47810000
2016-07-15,37.32749938964844,37.32749938964844,36.70249938964844,36.77199935913086,36.77199935913086,62428000
2016-07-18,36.77450180053711,37.08000183105469,36.43600082397461,36.80350112915039,36.80350112915039,59098000
2016-07-19,36.625,37.166500091552734,36.615501403808594,36.997501373291016,36.997501373291016,44336000
2016-07-20,37.20000076293945,37.3125,37.03499984741211,37.2859992980957,37.2859992980957,44280000
2016-07-21,37.375,37.46799850463867,37.13949966430664,37.22150039672852,37.22150039672852,46342000
2016-07-22,37.38949966430664,37.56399917602539,37.17649841308594,37.24300003051758,37.24300003051758,45554000
2016-07-25,37.32749938964844,37.42499923706055,36.76750183105469,36.980499267578125,36.980499267578125,53586000
2016-07-26,37.135501861572266,37.15650177001953,36.63750076293945,36.77949905395508,36.77949905395508,50594000
2016-07-27,36.89849853515625,37.047000885009766,36.69300079345703,36.83349990844727,36.83349990844727,58262000
2016-07-28,37.29899978637695,37.667999267578125,36.98500061035156,37.63050079345703,37.63050079345703,152352000
2016-07-29,38.25,38.29999923706055,37.75,37.94049835205078,37.94049835205078,135542000
2016-08-01,37.993499755859375,38.525001525878906,37.85300064086914,38.387001037597656,38.387001037597656,71564000
2016-08-02,38.19049835205078,38.2504997253418,37.85100173950195,38.02899932861328,38.02899932861328,72066000
2016-08-03,37.85300064086914,37.94449996948242,37.61249923706055,37.73199844360352,37.73199844360352,71630000
2016-08-04,37.685001373291016,38.25,37.51750183105469,38.03850173950195,38.03850173950195,63564000
2016-08-05,38.240501403808594,38.42350006103516,38.15449905395508,38.29899978637695,38.29899978637695,54088000
2016-08-08,38.34049987792969,38.34999847412109,38.05099868774414,38.32799911499024,38.32799911499024,39726000
2016-08-09,38.36949920654297,38.630001068115234,38.345001220703125,38.41550064086914,38.41550064086914,37522000
2016-08-10,38.4900016784668,38.60499954223633,38.30950164794922,38.428001403808594,38.428001403808594,32086000
2016-08-11,38.49700164794922,38.6875,38.45600128173828,38.5620002746582,38.5620002746582,40394000
2016-08-12,38.42300033569336,38.657501220703125,38.42100143432617,38.62799835205078,38.62799835205078,31266000
2016-08-15,38.595001220703125,38.60200119018555,38.385501861572266,38.42449951171875,38.42449951171875,42370000
2016-08-16,38.430999755859375,38.436500549316406,38.19100189208984,38.20199966430664,38.20199966430664,32092000
2016-08-17,38.22050094604492,38.26100158691406,37.959999084472656,38.23149871826172,38.23149871826172,37822000
2016-08-18,38.20000076293945,38.25849914550781,38.02999877929688,38.22299957275391,38.22299957275391,29176000
2016-08-19,38.095001220703125,38.1245002746582,37.84450149536133,37.865501403808594,37.865501403808594,46864000
2016-08-22,37.875,37.99250030517578,37.60499954223633,37.9739990234375,37.9739990234375,33586000
2016-08-23,38.16550064086914,38.23500061035156,38.04999923706055,38.122501373291016,38.122501373291016,30482000
2016-08-24,38.150001525878906,38.170501708984375,37.76800155639648,37.86249923706055,37.86249923706055,34882000
2016-08-25,37.79999923706055,38.02799987792969,37.73699951171875,37.96099853515625,37.96099853515625,32460000
2016-08-26,38.00249862670898,38.5,37.9900016784668,38.45000076293945,38.45000076293945,55536000
2016-08-29,38.43600082397461,38.749000549316406,38.43000030517578,38.56449890136719,38.56449890136719,43972000
2016-08-30,38.5525016784668,38.59199905395508,38.27799987792969,38.37900161743164,38.37900161743164,34184000
2016-08-31,38.33000183105469,38.48199844360352,38.20000076293945,38.45800018310547,38.45800018310547,32676000
2016-09-01,38.54499816894531,38.60200119018555,38.337501525878906,38.53099822998047,38.53099822998047,35846000
2016-09-02,38.70550155639648,38.79999923706055,38.584999084472656,38.62200164794922,38.62200164794922,43636000
2016-09-06,38.70199966430664,39.4739990234375,38.51100158691406,39.44350051879883,39.44350051879883,74396000
2016-09-07,39.47650146484375,39.53950119018555,39.21649932861328,39.2239990234375,39.2239990234375,48492000
2016-09-08,39.19449996948242,39.32500076293945,39.071998596191406,39.20299911499024,39.20299911499024,40610000
2016-09-09,38.96799850463867,39.04999923706055,38.00550079345703,38.00699996948242,38.00699996948242,85146000
2016-09-12,37.86750030517578,38.632999420166016,37.79999923706055,38.574501037597656,38.574501037597656,62494000
2016-09-13,38.4384994506836,38.49449920654297,37.95249938964844,38.05049896240234,38.05049896240234,62344000
2016-09-14,38.11000061035156,38.375,37.942501068115234,38.054500579833984,38.054500579833984,50460000
2016-09-15,38.09999847412109,38.54349899291992,37.87900161743164,38.484500885009766,38.484500885009766,60680000
2016-09-16,38.66400146484375,39.02299880981445,38.58300018310547,38.92599868774414,38.92599868774414,109984000
2016-09-19,38.99850082397461,39.09700012207031,38.54999923706055,38.755001068115234,38.755001068115234,45944000
2016-09-20,38.79999923706055,39.06850051879883,38.79999923706055,39.01100158691406,39.01100158691406,38744000
2016-09-21,39.16249847412109,39.53450012207031,38.95050048828125,39.48699951171875,39.48699951171875,54372000
2016-09-22,39.7135009765625,40.29449844360352,39.7135009765625,40.23500061035156,40.23500061035156,81578000
2016-09-23,40.15650177001953,40.38750076293945,40.10599899291992,40.28749847412109,40.28749847412109,47070000
2016-09-26,40.09000015258789,40.29650115966797,39.85749816894531,39.95800018310547,39.95800018310547,53028000
2016-09-27,40.09249877929688,40.83200073242188,40.05550003051758,40.80550003051758,40.80550003051758,76392000
2016-09-28,40.900001525878906,41.50699996948242,40.85150146484375,41.43600082397461,41.43600082397461,88442000
2016-09-29,41.41299819946289,41.875,41.23149871826172,41.45249938964844,41.45249938964844,98444000
2016-09-30,41.63050079345703,41.997501373291016,41.619998931884766,41.865501403808594,41.865501403808594,88612000
2016-10-03,41.79999923706055,41.99300003051758,41.5625,41.83700180053711,41.83700180053711,55388000
2016-10-04,42.045501708984375,42.118499755859375,41.51300048828125,41.70149993896485,41.70149993896485,59006000
2016-10-05,41.900001525878906,42.28350067138672,41.805999755859375,42.21799850463867,42.21799850463867,69382000
2016-10-06,42.185001373291016,42.36050033569336,42.02999877929688,42.08300018310547,42.08300018310547,53680000
2016-10-07,42.28950119018555,42.29750061035156,41.872501373291016,41.97150039672852,41.97150039672852,48524000
2016-10-10,42.16249847412109,42.2599983215332,42.01350021362305,42.08549880981445,42.08549880981445,36542000
2016-10-11,42.05099868774414,42.06449890136719,41.41749954223633,41.54999923706055,41.54999923706055,71764000
2016-10-12,41.70000076293945,41.88349914550781,41.505001068115234,41.704498291015625,41.704498291015625,47608000
2016-10-13,41.45000076293945,41.59000015258789,41.06050109863281,41.4640007019043,41.4640007019043,61828000
2016-10-14,41.75400161743164,41.7869987487793,41.14799880981445,41.14799880981445,41.14799880981445,59996000
2016-10-17,41.07500076293945,41.09999847412109,40.58399963378906,40.647499084472656,40.647499084472656,67230000
2016-10-18,41.105499267578125,41.16299819946289,40.7509994506836,40.88249969482422,40.88249969482422,50250000
2016-10-19,41.02000045776367,41.03350067138672,40.75849914550781,40.884498596191406,40.884498596191406,41814000
2016-10-20,40.699501037597656,40.78549957275391,40.15499877929688,40.51599884033203,40.51599884033203,63040000
2016-10-21,40.46799850463867,40.97100067138672,40.45000076293945,40.949501037597656,40.949501037597656,55860000
2016-10-24,41.247501373291016,41.915000915527344,41.11050033569336,41.90449905395508,41.90449905395508,81218000
2016-10-25,41.96500015258789,42.15449905395508,41.6609992980957,41.75899887084961,41.75899887084961,64968000
2016-10-26,41.63800048828125,41.672000885009766,41.0,41.12950134277344,41.12950134277344,79962000
2016-10-27,41.5620002746582,41.58599853515625,40.77149963378906,40.917999267578125,40.917999267578125,148128000
2016-10-28,39.09999847412109,39.4744987487793,38.730499267578125,38.81600189208984,38.81600189208984,216822000
2016-10-31,39.05149841308594,39.685001373291016,39.00550079345703,39.49100112915039,39.49100112915039,108266000
2016-11-01,39.95000076293945,40.04199981689453,38.83549880981445,39.27050018310547,39.27050018310547,106108000
2016-11-02,39.19649887084961,39.23749923706055,38.1775016784668,38.27799987792969,38.27799987792969,100530000
2016-11-03,38.25249862670898,38.84999847412109,38.20000076293945,38.35150146484375,38.35150146484375,77450000
2016-11-04,38.13949966430664,38.29999923706055,37.6614990234375,37.75249862670898,37.75249862670898,102442000
2016-11-07,38.58200073242188,39.38650131225586,38.547000885009766,39.24649810791016,39.24649810791016,119688000
2016-11-08,39.24850082397461,39.58700180053711,38.95500183105469,39.38750076293945,39.38750076293945,68252000
2016-11-09,38.20000076293945,38.875,38.00450134277344,38.59400177001953,38.59400177001953,171258000
2016-11-10,38.94049835205078,38.94150161743164,35.8849983215332,37.11899948120117,37.11899948120117,254940000
2016-11-11,36.7864990234375,37.16299819946289,36.44499969482422,36.95050048828125,36.95050048828125,132456000
2016-11-14,37.2755012512207,37.29999923706055,35.505001068115234,35.95349884033203,35.95349884033203,146426000
2016-11-15,36.5,37.3390007019043,36.29949951171875,37.1619987487793,37.1619987487793,135116000
2016-11-16,36.99399948120117,37.493499755859375,36.78049850463867,37.324501037597656,37.324501037597656,72976000
2016-11-17,37.46599960327149,37.875,37.400001525878906,37.81999969482422,37.81999969482422,73802000
2016-11-18,38.04999923706055,38.387001037597656,37.88199996948242,38.007999420166016,38.007999420166016,87468000
2016-11-21,38.29999923706055,39.01750183105469,38.25550079345703,39.0,39.0,92292000
2016-11-22,39.40850067138672,39.619998931884766,39.04999923706055,39.26649856567383,39.26649856567383,106226000
2016-11-23,39.08649826049805,39.087501525878906,38.65599822998047,39.00600051879883,39.00600051879883,70806000
2016-11-25,39.32500076293945,39.337501525878906,38.89500045776367,39.01850128173828,39.01850128173828,36742000
2016-11-28,38.8494987487793,38.84999847412109,38.21200180053711,38.3385009765625,38.3385009765625,88776000
2016-11-29,38.400001525878906,38.49449920654297,38.06600189208984,38.1259994506836,38.1259994506836,65446000
2016-11-30,38.09999847412109,38.40449905395508,37.51250076293945,37.52849960327149,37.52849960327149,92518000
2016-12-01,37.62049865722656,37.66849899291992,36.9015007019043,37.182498931884766,37.182498931884766,93320000
2016-12-02,37.16999816894531,37.42449951171875,36.834999084472656,37.016998291015625,37.016998291015625,71226000
2016-12-05,37.25,38.074501037597656,37.09999847412109,37.96799850463867,37.96799850463867,86294000
2016-12-06,38.199501037597656,38.4119987487793,37.86249923706055,38.23600006103516,38.23600006103516,75894000
2016-12-07,38.227500915527344,38.52099990844727,37.79100036621094,38.52099990844727,38.52099990844727,73698000
2016-12-08,38.59349822998047,38.68949890136719,38.259498596191406,38.36650085449219,38.36650085449219,63792000
2016-12-09,38.5,38.51250076293945,38.266998291015625,38.43299865722656,38.43299865722656,49418000
2016-12-12,38.31999969482422,38.34450149536133,37.86000061035156,38.00600051879883,38.00600051879883,59278000
2016-12-13,38.24800109863281,39.12300109863281,38.09999847412109,38.71699905395508,38.71699905395508,105706000
2016-12-14,38.91249847412109,39.042999267578125,38.14049911499024,38.44100189208984,38.44100189208984,109096000
2016-12-15,38.31399917602539,38.45500183105469,38.01549911499024,38.04999923706055,38.04999923706055,76038000
2016-12-16,38.25,38.25650024414063,37.70000076293945,37.88850021362305,37.88850021362305,96964000
2016-12-19,37.94449996948242,38.525001525878906,37.80799865722656,38.29999923706055,38.29999923706055,62264000
2016-12-20,38.432498931884766,38.71950149536133,38.385501861572266,38.56100082397461,38.56100082397461,54072000
2016-12-21,38.5,38.56100082397461,38.28499984741211,38.52999877929688,38.52999877929688,40892000
2016-12-22,38.40599822998047,38.56050109863281,38.1510009765625,38.31700134277344,38.31700134277344,50872000
2016-12-23,38.227500915527344,38.32500076293945,37.89950180053711,38.02949905395508,38.02949905395508,39632000
2016-12-27,38.16999816894531,38.73249816894531,38.060001373291016,38.56999969482422,38.56999969482422,52774000
2016-12-28,38.8125,39.0,38.525001525878906,38.60649871826172,38.60649871826172,66020000
2016-12-29,38.619998931884766,38.66999816894531,38.04249954223633,38.25749969482422,38.25749969482422,63166000
2016-12-30,38.32350158691406,38.369998931884766,37.41400146484375,37.493499755859375,37.493499755859375,82788000
2017-01-03,37.89599990844727,37.9379997253418,37.3849983215332,37.68349838256836,37.68349838256836,70422000
2017-01-04,37.91949844360352,37.98400115966797,37.709999084472656,37.85900115966797,37.85900115966797,50210000
2017-01-05,38.07749938964844,39.119998931884766,38.01300048828125,39.022499084472656,39.022499084472656,116602000
2017-01-06,39.11800003051758,39.97200012207031,38.92399978637695,39.79949951171875,39.79949951171875,119724000
2017-01-09,39.900001525878906,40.0885009765625,39.5885009765625,39.84600067138672,39.84600067138672,68922000
2017-01-10,39.83000183105469,39.900001525878906,39.47700119018555,39.79499816894531,39.79499816894531,51168000
2017-01-11,39.68299865722656,39.97499847412109,39.47549819946289,39.95100021362305,39.95100021362305,59856000
2017-01-12,40.01549911499024,40.70650100708008,39.97499847412109,40.68199920654297,40.68199920654297,97478000
2017-01-13,40.71599960327149,41.08250045776367,40.56999969482422,40.85699844360352,40.85699844360352,75838000
2017-01-17,40.78499984741211,40.79999923706055,40.172000885009766,40.48600006103516,40.48600006103516,73410000
2017-01-18,40.47499847412109,40.58649826049805,40.2135009765625,40.374000549316406,40.374000549316406,47084000
2017-01-19,40.5,40.67549896240234,40.36600112915039,40.45199966430664,40.45199966430664,50816000
2017-01-20,40.76399993896485,40.80099868774414,40.3129997253418,40.416500091552734,40.416500091552734,67524000
2017-01-23,40.34000015258789,40.92499923706055,40.25400161743164,40.89400100708008,40.89400100708008,55950000
2017-01-24,41.09999847412109,41.199501037597656,40.72499847412109,41.12200164794922,41.12200164794922,59434000
2017-01-25,41.28950119018555,41.87099838256836,41.26449966430664,41.82600021362305,41.82600021362305,78452000
2017-01-26,41.7765007019043,42.19200134277344,41.650001525878906,41.95750045776367,41.95750045776367,71726000
2017-01-27,41.95000076293945,41.98500061035156,41.47200012207031,41.78850173950195,41.78850173950195,59974000
2017-01-30,41.650001525878906,41.67499923706055,40.81900024414063,41.51900100708008,41.51900100708008,74946000
2017-01-31,41.1875,41.3494987487793,40.97800064086914,41.17399978637695,41.17399978637695,62744000
2017-02-01,41.46049880981445,41.68899917602539,41.24700164794922,41.61750030517578,41.61750030517578,77004000
2017-02-02,41.829498291015625,42.1245002746582,41.41299819946289,41.997501373291016,41.997501373291016,147010000
2017-02-03,40.33599853515625,40.915000915527344,40.20000076293945,40.5099983215332,40.5099983215332,217376000
2017-02-06,40.4900016784668,40.5359992980957,40.150001525878906,40.38199996948242,40.38199996948242,77946000
2017-02-07,40.46549987792969,40.80799865722656,40.375,40.625,40.625,69322000
2017-02-08,40.634498596191406,41.07400131225586,40.625,40.98550033569336,40.98550033569336,57160000
2017-02-09,41.08000183105469,41.25,40.98550033569336,41.06800079345703,41.06800079345703,49698000
2017-02-10,41.19100189208984,41.400001525878906,41.14250183105469,41.37300109863281,41.37300109863281,48592000
2017-02-13,41.58100128173828,42.150001525878906,41.4275016784668,41.82649993896485,41.82649993896485,83452000
2017-02-14,41.84999847412109,41.91550064086914,41.5724983215332,41.81949996948242,41.81949996948242,55848000
2017-02-15,41.70000076293945,42.14049911499024,41.64099884033203,42.1349983215332,42.1349983215332,59378000
2017-02-16,42.09199905395508,42.25,41.96900177001953,42.20700073242188,42.20700073242188,54294000
2017-02-17,42.09999847412109,42.36349868774414,42.0364990234375,42.25350189208984,42.25350189208984,62246000
2017-02-21,42.44200134277344,42.89899826049805,42.36249923706055,42.821998596191406,42.821998596191406,70154000
2017-02-22,42.84749984741211,42.92150115966797,42.60900115966797,42.78049850463867,42.78049850463867,52340000
2017-02-23,42.87850189208984,43.042999267578125,42.400001525878906,42.609500885009766,42.609500885009766,69240000
2017-02-24,42.234500885009766,42.29050064086914,41.88750076293945,42.262001037597656,42.262001037597656,73760000
2017-02-27,42.11899948120117,42.625,41.98350143432617,42.43199920654297,42.43199920654297,54272000
2017-02-28,42.5724983215332,42.704498291015625,42.102500915527344,42.25199890136719,42.25199890136719,55874000
2017-03-01,42.65250015258789,42.74150085449219,42.45050048828125,42.65399932861328,42.65399932861328,55202000
2017-03-02,42.65399932861328,42.74100112915039,42.36399841308594,42.445499420166016,42.445499420166016,42642000
2017-03-03,42.36000061035156,42.5994987487793,42.3134994506836,42.49399948120117,42.49399948120117,38822000
2017-03-06,42.26150131225586,42.42449951171875,42.055999755859375,42.33050155639648,42.33050155639648,52208000
2017-03-07,42.27399826049805,42.42300033569336,42.1875,42.30099868774414,42.30099868774414,44952000
2017-03-08,42.400001525878906,42.65349960327149,42.339500427246094,42.525001525878906,42.525001525878906,45730000
2017-03-09,42.54999923706055,42.81999969482422,42.51549911499024,42.650001525878906,42.650001525878906,40964000
2017-03-10,42.84999847412109,42.86750030517578,42.58599853515625,42.62300109863281,42.62300109863281,48728000
2017-03-13,42.5885009765625,42.78450012207031,42.58549880981445,42.72949981689453,42.72949981689453,38194000
2017-03-14,42.6775016784668,42.6875,42.37749862670898,42.62649917602539,42.62649917602539,42612000
2017-03-15,42.71649932861328,42.72249984741211,42.355499267578125,42.64849853515625,42.64849853515625,51244000
2017-03-16,42.76499938964844,42.775001525878906,42.5255012512207,42.67100143432617,42.67100143432617,36846000
2017-03-17,42.67449951171875,42.69150161743164,42.53200149536133,42.615501403808594,42.615501403808594,67688000
2017-03-20,42.57550048828125,42.88999938964844,42.55049896240234,42.8484992980957,42.8484992980957,45654000
2017-03-21,42.94200134277344,43.13999938964844,42.06549835205078,42.15999984741211,42.15999984741211,87658000
2017-03-22,42.02149963378906,42.46849822998047,41.95249938964844,42.40299987792969,42.40299987792969,53174000
2017-03-23,42.40999984741211,42.54449844360352,42.2400016784668,42.36899948120117,42.36899948120117,39060000
2017-03-24,42.58399963378906,42.59000015258789,42.17649841308594,42.28049850463867,42.28049850463867,42766000
2017-03-27,41.90349960327149,42.51499938964844,41.67499923706055,42.34099960327149,42.34099960327149,55116000
2017-03-28,42.587501525878906,42.92300033569336,42.505001068115234,42.79999923706055,42.79999923706055,60832000
2017-03-29,42.95249938964844,43.821998596191406,42.95100021362305,43.71599960327149,43.71599960327149,89716000
2017-03-30,43.747501373291016,43.85300064086914,43.58300018310547,43.81700134277344,43.81700134277344,55254000
2017-03-31,43.84999847412109,44.51750183105469,43.83250045776367,44.32699966430664,44.32699966430664,79152000
2017-04-03,44.400001525878906,44.67449951171875,44.27099990844727,44.57550048828125,44.57550048828125,68446000
2017-04-04,44.57500076293945,45.42699813842773,44.51399993896485,45.34149932861328,45.34149932861328,99694000
2017-04-05,45.54100036621094,46.18600082397461,45.28099822998047,45.4640007019043,45.4640007019043,150168000
2017-04-06,45.68999862670898,45.859500885009766,44.7244987487793,44.91400146484375,44.91400146484375,126882000
2017-04-07,44.98249816894531,45.00450134277344,44.46549987792969,44.74399948120117,44.74399948120117,74218000
2017-04-10,44.98149871826172,45.42549896240234,44.95000076293945,45.35200119018555,45.35200119018555,63686000
2017-04-11,45.35200119018555,45.5620002746582,44.875,45.11800003051758,45.11800003051758,60254000
2017-04-12,45.15449905395508,45.204498291015625,44.76250076293945,44.811500549316406,44.811500549316406,49122000
2017-04-13,44.5724983215332,44.74850082397461,44.2244987487793,44.23350143432617,44.23350143432617,63492000
2017-04-17,44.375,45.11899948120117,44.375,45.0994987487793,45.0994987487793,57094000
2017-04-18,45.04949951171875,45.480499267578125,45.03900146484375,45.18899917602539,45.18899917602539,59984000
2017-04-19,45.391998291015625,45.525001525878906,44.868499755859375,44.959999084472656,44.959999084472656,57404000
2017-04-20,44.98500061035156,45.26599884033203,44.81449890136719,45.10300064086914,45.10300064086914,56288000
2017-04-21,45.13349914550781,45.182498931884766,44.8385009765625,44.92649841308594,44.92649841308594,48410000
2017-04-24,45.43399810791016,45.4995002746582,45.19100189208984,45.37049865722656,45.37049865722656,62458000
2017-04-25,45.35200119018555,45.4739990234375,45.150001525878906,45.38100051879883,45.38100051879883,67612000
2017-04-26,45.51499938964844,45.78749847412109,45.37799835205078,45.464500427246094,45.464500427246094,52178000
2017-04-27,45.71950149536133,46.09299850463867,45.605499267578125,45.91899871826172,45.91899871826172,106110000
2017-04-28,47.44150161743164,47.47949981689453,46.21649932861328,46.2495002746582,46.2495002746582,147294000
2017-05-01,46.38999938964844,47.720001220703125,46.38999938964844,47.4114990234375,47.4114990234375,109330000
2017-05-02,47.33250045776367,47.505001068115234,47.070499420166016,47.34700012207031,47.34700012207031,76976000
2017-05-03,47.29999923706055,47.29999923706055,46.79499816894531,47.05149841308594,47.05149841308594,71654000
2017-05-04,47.23749923706055,47.25,46.71099853515625,46.87649917602539,46.87649917602539,48368000
2017-05-05,47.0260009765625,47.03950119018555,46.51499938964844,46.70750045776367,46.70750045776367,57328000
2017-05-08,47.04750061035156,47.45249938964844,46.96049880981445,47.45199966430664,47.45199966430664,68314000
2017-05-09,47.63999938964844,47.89450073242188,47.5099983215332,47.64099884033203,47.64099884033203,65242000
2017-05-10,47.67499923706055,47.6875,47.25,47.4474983215332,47.4474983215332,41930000
2017-05-11,47.25550079345703,47.51449966430664,47.03900146484375,47.38100051879883,47.38100051879883,43882000
2017-05-12,47.72499847412109,48.13949966430664,47.57649993896485,48.067501068115234,48.067501068115234,72518000
2017-05-15,47.936500549316406,48.157501220703125,47.803001403808594,47.89849853515625,47.89849853515625,85412000
2017-05-16,48.04999923706055,48.50299835205078,48.045501708984375,48.30350112915039,48.30350112915039,62522000
2017-05-17,47.73500061035156,48.02000045776367,47.20600128173828,47.23799896240234,47.23799896240234,102912000
2017-05-18,47.2400016784668,48.13750076293945,47.23799896240234,47.92449951171875,47.92449951171875,78786000
2017-05-19,48.141998291015625,48.44599914550781,47.98600006103516,47.992000579833984,47.992000579833984,79442000
2017-05-22,48.20000076293945,48.56900024414063,48.14500045776367,48.53350067138672,48.53350067138672,52844000
2017-05-23,48.7509994506836,48.7599983215332,48.34249877929688,48.57699966430664,48.57699966430664,48312000
2017-05-24,48.79999923706055,49.04999923706055,48.51150131225586,49.01750183105469,49.01750183105469,48920000
2017-05-25,49.24250030517578,49.95000076293945,49.105499267578125,49.66899871826172,49.66899871826172,96440000
2017-05-26,49.75,49.932498931884766,49.462501525878906,49.78900146484375,49.78900146484375,69384000
2017-05-30,49.82550048828125,50.060001373291016,49.7760009765625,49.834999084472656,49.834999084472656,65262000
2017-05-31,50.0,50.00600051879883,49.108001708984375,49.73099899291992,49.73099899291992,78262000
2017-06-01,49.929500579833984,49.949501037597656,49.56850051879883,49.79750061035156,49.79750061035156,49096000
2017-06-02,49.949501037597656,50.42399978637695,49.78350067138672,50.33649826049805,50.33649826049805,75046000
2017-06-05,50.36149978637695,50.66049957275391,50.17549896240234,50.56700134277344,50.56700134277344,54398000
2017-06-06,50.59999847412109,50.82500076293945,50.0625,50.150001525878906,50.150001525878906,66928000
2017-06-07,50.29750061035156,50.51250076293945,50.09999847412109,50.50350189208984,50.50350189208984,56460000
2017-06-08,50.60300064086914,50.68050003051758,50.30550003051758,50.51350021362305,50.51350021362305,55358000
2017-06-09,50.625,50.64950180053711,46.34999847412109,48.91550064086914,48.91550064086914,152954000
2017-06-12,48.34999847412109,48.79750061035156,47.25,48.24549865722656,48.24549865722656,188944000
2017-06-13,48.89950180053711,49.22499847412109,48.30500030517578,49.03950119018555,49.03950119018555,91600000
2017-06-14,49.429500579833984,49.516998291015625,48.33549880981445,48.82350158691406,48.82350158691406,79498000
2017-06-15,47.935001373291016,48.2864990234375,47.542999267578125,48.20849990844727,48.20849990844727,107478000
2017-06-16,49.79999923706055,49.98749923706055,49.09999847412109,49.385501861572266,49.385501861572266,229454000
2017-06-19,50.84999847412109,50.84999847412109,49.494998931884766,49.75849914550781,49.75849914550781,100868000
2017-06-20,49.900001525878906,50.24399948120117,49.60100173950195,49.62950134277344,49.62950134277344,81536000
2017-06-21,49.935001373291016,50.13600158691406,49.63249969482422,50.11149978637695,50.11149978637695,58450000
2017-06-22,50.11149978637695,50.34799957275391,49.86000061035156,50.06499862670898,50.06499862670898,45068000
2017-06-23,50.12699890136719,50.23099899291992,49.9010009765625,50.1870002746582,50.1870002746582,57582000
2017-06-26,50.42499923706055,50.4900016784668,49.59999847412109,49.69900131225586,49.69900131225586,67724000
2017-06-27,49.53450012207031,49.93999862670898,48.79999923706055,48.8390007019043,48.8390007019043,75648000
2017-06-28,48.9275016784668,49.53400039672852,48.46049880981445,49.51649856567383,49.51649856567383,74752000
2017-06-29,48.95000076293945,49.37799835205078,48.26250076293945,48.79650115966797,48.79650115966797,86060000
2017-06-30,49.00600051879883,49.17350006103516,48.38050079345703,48.400001525878906,48.400001525878906,67806000
2017-07-03,48.63949966430664,48.7244987487793,47.54999923706055,47.68299865722656,47.68299865722656,58182000
2017-07-05,48.07649993896485,48.75,47.76250076293945,48.56999969482422,48.56999969482422,73060000
2017-07-06,48.233001708984375,48.720001220703125,47.95100021362305,48.25699996948242,48.25699996948242,65192000
2017-07-07,48.477500915527344,49.00550079345703,48.45700073242188,48.9379997253418,48.9379997253418,52868000
2017-07-10,49.25,49.97200012207031,49.17499923706055,49.82350158691406,49.82350158691406,70926000
2017-07-11,49.650001525878906,49.79949951171875,49.18600082397461,49.70650100708008,49.70650100708008,59654000
2017-07-12,50.032501220703125,50.4275016784668,49.90499877929688,50.32550048828125,50.32550048828125,72172000
2017-07-13,50.23099899291992,50.34400177001953,49.79499816894531,50.03150177001953,50.03150177001953,57616000
2017-07-14,50.119998931884766,50.22249984741211,49.84450149536133,50.09049987792969,50.09049987792969,42050000
2017-07-17,50.234500885009766,50.73749923706055,50.19049835205078,50.50199890136719,50.50199890136719,74252000
2017-07-18,50.29999923706055,51.30149841308594,50.20000076293945,51.22249984741211,51.22249984741211,80152000
2017-07-19,51.25,51.579498291015625,51.125,51.34349822998047,51.34349822998047,59280000
2017-07-20,51.579498291015625,51.74850082397461,51.1259994506836,51.435001373291016,51.435001373291016,61950000
2017-07-21,51.06399917602539,51.30500030517578,50.54999923706055,51.28350067138672,51.28350067138672,54692000
2017-07-24,51.41699981689453,52.1505012512207,51.37149810791016,51.9474983215332,51.9474983215332,65760000
2017-07-25,51.90250015258789,52.166500091552734,51.624000549316406,51.993499755859375,51.993499755859375,48952000
2017-07-26,52.15999984741211,52.65999984741211,52.15999984741211,52.63999938964844,52.63999938964844,58426000
2017-07-27,53.477500915527344,54.16550064086914,52.00899887084961,52.29999923706055,52.29999923706055,219834000
2017-07-28,50.60699844360352,51.64250183105469,50.04999923706055,51.00199890136719,51.00199890136719,154188000
2017-07-31,50.95249938964844,50.95249938964844,49.35100173950195,49.38899993896485,49.38899993896485,147042000
2017-08-01,49.80550003051758,50.31999969482422,49.57899856567383,49.80950164794922,49.80950164794922,91452000
2017-08-02,50.0885009765625,50.16049957275391,49.08649826049805,49.79449844360352,49.79449844360352,81400000
2017-08-03,49.9734992980957,49.97499847412109,49.22949981689453,49.34600067138672,49.34600067138672,65116000
2017-08-04,49.48400115966797,49.58349990844727,49.09999847412109,49.37900161743164,49.37900161743164,54606000
2017-08-07,49.532501220703125,49.75,49.35699844360352,49.61349868774414,49.61349868774414,53532000
2017-08-08,49.71749877929688,49.81399917602539,49.28950119018555,49.492000579833984,49.492000579833984,58056000
2017-08-09,49.130001068115234,49.400001525878906,48.76350021362305,49.10049819946289,49.10049819946289,71394000
2017-08-10,48.81499862670898,48.99300003051758,47.73400115966797,47.84600067138672,47.84600067138672,113682000
2017-08-11,48.0,48.51950073242188,47.56900024414063,48.39950180053711,48.39950180053711,69360000
2017-08-14,48.920501708984375,49.275001525878906,48.80950164794922,49.165000915527344,49.165000915527344,63458000
2017-08-15,49.44499969482422,49.58700180053711,49.09999847412109,49.137001037597656,49.137001037597656,50986000
2017-08-16,49.08250045776367,49.323001861572266,48.6609992980957,48.90900039672852,48.90900039672852,62642000
2017-08-17,48.891998291015625,48.891998291015625,48.01599884033203,48.02849960327149,48.02849960327149,70248000
2017-08-18,48.06999969482422,48.27149963378906,47.73249816894531,47.92350006103516,47.92350006103516,65696000
2017-08-21,47.87850189208984,48.060001373291016,47.27299880981445,47.66450119018555,47.66450119018555,63290000
2017-08-22,47.7760009765625,48.39649963378906,47.775001525878906,48.345001220703125,48.345001220703125,55000000
2017-08-23,47.96900177001953,48.09999847412109,47.709999084472656,47.900001525878906,47.900001525878906,53366000
2017-08-24,47.87099838256836,47.95000076293945,47.05699920654297,47.622501373291016,47.622501373291016,103914000
2017-08-25,47.79999923706055,47.88100051879883,47.20500183105469,47.26300048828125,47.26300048828125,66496000
2017-08-28,47.32699966430664,47.650001525878906,47.11249923706055,47.30099868774414,47.30099868774414,51934000
2017-08-29,47.0,47.79999923706055,46.81650161743164,47.70299911499024,47.70299911499024,57486000
2017-08-30,47.922000885009766,48.47050094604492,47.84550094604492,48.37950134277344,48.37950134277344,58092000
2017-08-31,48.73500061035156,49.04999923706055,48.63800048828125,49.02999877929688,49.02999877929688,66630000
2017-09-01,49.209999084472656,49.22499847412109,48.84400177001953,48.91249847412109,48.91249847412109,50718000
2017-09-05,48.77000045776367,48.8385009765625,48.01850128173828,48.26350021362305,48.26350021362305,57664000
2017-09-06,48.41600036621094,48.59199905395508,48.02999877929688,48.38999938964844,48.38999938964844,42598000
2017-09-07,48.70000076293945,49.02949905395508,48.62749862670898,48.9734992980957,48.9734992980957,51336000
2017-09-08,48.95500183105469,48.99399948120117,48.17350006103516,48.29499816894531,48.29499816894531,52106000
2017-09-11,48.72299957275391,49.09700012207031,48.71099853515625,48.89799880981445,48.89799880981445,43734000
2017-09-12,49.16350173950195,49.23350143432617,48.7760009765625,49.12900161743164,49.12900161743164,49622000
2017-09-13,49.19850158691406,50.0,48.97100067138672,49.97999954223633,49.97999954223633,67494000
2017-09-14,49.84000015258789,49.928001403808594,49.387001037597656,49.61050033569336,49.61050033569336,78266000
2017-09-15,49.6505012512207,49.8125,49.20149993896485,49.339500427246094,49.339500427246094,75204000
2017-09-18,49.52000045776367,49.63949966430664,48.40850067138672,48.70949935913086,48.70949935913086,68226000
2017-09-19,48.86249923706055,48.9119987487793,48.37300109863281,48.49300003051758,48.49300003051758,53422000
2017-09-20,48.589500427246094,48.740501403808594,48.108001708984375,48.66049957275391,48.66049957275391,57776000
2017-09-21,48.56549835205078,48.584999084472656,48.10100173950195,48.23249816894531,48.23249816894531,46752000
2017-09-22,48.05049896240234,48.28049850463867,47.72100067138672,47.755001068115234,47.755001068115234,52836000
2017-09-25,47.46549987792969,47.47100067138672,46.64450073242188,46.98949813842773,46.98949813842773,102480000
2017-09-26,47.27450180053711,47.43149948120117,46.587501525878906,46.93000030517578,46.93000030517578,71296000
2017-09-27,47.400001525878906,47.76499938964844,47.165000915527344,47.54349899291992,47.54349899291992,62978000
2017-09-28,47.59299850463867,47.98500061035156,47.505001068115234,47.81999969482422,47.81999969482422,50452000
2017-09-29,48.00550079345703,48.24150085449219,47.91899871826172,48.067501068115234,48.067501068115234,50876000
2017-10-02,48.20000076293945,48.365501403808594,47.60599899291992,47.95949935913086,47.95949935913086,48858000
2017-10-03,47.900001525878906,48.18450164794922,47.51850128173828,47.85499954223633,47.85499954223633,53332000
2017-10-04,47.71049880981445,48.38949966430664,47.70249938964844,48.272499084472656,48.272499084472656,50548000
2017-10-05,48.5,49.07550048828125,48.48199844360352,49.04249954223633,49.04249954223633,64584000
2017-10-06,48.78200149536133,49.78749847412109,48.78200149536133,49.479000091552734,49.479000091552734,75642000
2017-10-09,49.6619987487793,49.92499923706055,49.375,49.54949951171875,49.54949951171875,58772000
2017-10-10,49.83349990844727,49.897499084472656,49.005001068115234,49.36000061035156,49.36000061035156,61698000
2017-10-11,49.5634994506836,49.775001525878906,49.334999084472656,49.75,49.75,46742000
2017-10-12,49.84049987792969,50.422000885009766,49.619998931884766,50.04650115966797,50.04650115966797,81346000
2017-10-13,50.34999847412109,50.38850021362305,50.05149841308594,50.14699935913086,50.14699935913086,48630000
2017-10-16,50.422000885009766,50.47850036621094,50.05199813842773,50.31700134277344,50.31700134277344,40178000
2017-10-17,50.27949905395508,50.57350158691406,50.21900177001953,50.45650100708008,50.45650100708008,46394000
2017-10-18,50.4635009765625,51.115501403808594,49.82749938964844,49.84999847412109,49.84999847412109,49994000
2017-10-19,49.5,49.5525016784668,49.012001037597656,49.33050155639648,49.33050155639648,62164000
2017-10-20,49.67649841308594,49.73099899291992,49.09999847412109,49.14550018310547,49.14550018310547,47302000
2017-10-23,49.33649826049805,49.3390007019043,48.125,48.31499862670898,48.31499862670898,69882000
2017-10-24,48.45000076293945,48.99250030517578,48.25,48.79499816894531,48.79499816894531,54478000
2017-10-25,48.900001525878906,49.22200012207031,48.3120002746582,48.64550018310547,48.64550018310547,60662000
2017-10-26,49.01649856567383,49.14500045776367,48.4275016784668,48.62149810791016,48.62149810791016,112374000
2017-10-27,52.90700149536133,55.27899932861328,52.52750015258789,55.04750061035156,55.04750061035156,331300000
2017-10-30,54.7504997253418,56.13949966430664,54.678001403808594,55.54249954223633,55.54249954223633,132262000
2017-10-31,55.45000076293945,55.527000427246094,55.055999755859375,55.26399993896485,55.26399993896485,69540000
2017-11-01,55.27000045776367,55.44850158691406,54.83700180053711,55.18399810791016,55.18399810791016,75110000
2017-11-02,54.89049911499024,55.09700012207031,54.34349822998047,54.71099853515625,54.71099853515625,73698000
2017-11-03,54.557498931884766,55.63399887084961,54.42599868774414,55.58000183105469,55.58000183105469,75030000
2017-11-06,55.45750045776367,56.27050018310547,55.4384994506836,56.03300094604492,56.03300094604492,67622000
2017-11-07,56.23699951171875,56.52999877929688,55.875,56.15850067138672,56.15850067138672,53780000
2017-11-08,56.14099884033203,56.777000427246094,55.95550155639648,56.64400100708008,56.64400100708008,51630000
2017-11-09,56.29800033569336,56.48099899291992,55.78850173950195,56.45650100708008,56.45650100708008,74654000
2017-11-10,56.30500030517578,56.587501525878906,56.20299911499024,56.26750183105469,56.26750183105469,43598000
2017-11-13,56.150001525878906,56.994998931884766,56.117000579833984,56.45849990844727,56.45849990844727,58368000
2017-11-14,56.50550079345703,56.900001525878906,56.19449996948242,56.84199905395508,56.84199905395508,62768000
2017-11-15,56.35049819946289,56.587501525878906,56.08150100708008,56.33449935913086,56.33449935913086,78574000
2017-11-16,56.507999420166016,56.90800094604492,56.50249862670898,56.86449813842773,56.86449813842773,44266000
2017-11-17,56.91400146484375,56.93999862670898,56.29050064086914,56.49399948120117,56.49399948120117,48268000
2017-11-20,56.48849868774414,56.67100143432617,56.12749862670898,56.31549835205078,56.31549835205078,43278000
2017-11-21,56.64300155639648,57.0,56.40999984741211,56.9744987487793,56.9744987487793,49588000
2017-11-22,57.04999923706055,58.01350021362305,57.04999923706055,57.80799865722656,57.80799865722656,71106000
2017-11-24,58.03499984741211,59.34199905395508,58.03499984741211,59.29999923706055,59.29999923706055,70560000
2017-11-27,60.132999420166016,60.670501708984375,59.557498931884766,59.791500091552734,59.791500091552734,134880000
2017-11-28,60.24399948120117,60.266998291015625,59.42599868774414,59.68000030517578,59.68000030517578,91188000
2017-11-29,59.7400016784668,59.7400016784668,57.259498596191406,58.0634994506836,58.0634994506836,185150000
2017-11-30,58.35499954223633,58.92850112915039,58.0,58.837501525878906,58.837501525878906,90184000
2017-12-01,58.602500915527344,58.98249816894531,57.59999847412109,58.11750030517578,58.11750030517578,82142000
2017-12-04,58.692501068115234,58.7599983215332,56.400001525878906,56.6974983215332,56.6974983215332,118638000
2017-12-05,56.41299819946289,57.9635009765625,56.23699951171875,57.07849884033203,57.07849884033203,81596000
2017-12-06,56.89950180053711,57.79449844360352,56.80400085449219,57.61750030517578,57.61750030517578,57066000
2017-12-07,57.829498291015625,58.15950012207031,57.54999923706055,57.98949813842773,57.98949813842773,50232000
2017-12-08,58.52000045776367,58.63949966430664,57.85499954223633,58.09999847412109,58.09999847412109,61002000
2017-12-11,58.22999954223633,58.494998931884766,57.84999847412109,58.44599914550781,58.44599914550781,47270000
2017-12-12,58.32550048828125,58.68000030517578,58.08050155639648,58.25400161743164,58.25400161743164,44718000
2017-12-13,58.5,58.54349899291992,58.01350021362305,58.20650100708008,58.20650100708008,52336000
2017-12-14,58.18550109863281,58.89649963378906,58.122501373291016,58.7130012512207,58.7130012512207,64286000
2017-12-15,58.95149993896485,59.13750076293945,58.46649932861328,58.95700073242188,58.95700073242188,95572000
2017-12-18,59.368499755859375,59.73899841308594,59.045501708984375,59.52899932861328,59.52899932861328,58952000
2017-12-19,59.45750045776367,59.64849853515625,58.95700073242188,59.36899948120117,59.36899948120117,51756000
2017-12-20,59.525001525878906,59.54999923706055,58.79999923706055,58.88100051879883,58.88100051879883,47424000
2017-12-21,58.79499816894531,58.95849990844727,58.38199996948242,58.73799896240234,58.73799896240234,42462000
2017-12-22,58.604000091552734,58.73099899291992,58.39149856567383,58.417999267578125,58.417999267578125,31702000
2017-12-26,58.417999267578125,58.91600036621094,58.02750015258789,58.8380012512207,58.8380012512207,40104000
2017-12-27,58.99549865722656,59.36449813842773,58.78049850463867,59.11299896240234,59.11299896240234,37344000
2017-12-28,59.45000076293945,59.505001068115234,59.21900177001953,59.30500030517578,59.30500030517578,36834000
2017-12-29,59.11750030517578,59.20000076293945,58.375,58.4734992980957,58.4734992980957,53768000
2018-01-02,58.59999847412109,59.5,58.5255012512207,59.45050048828125,59.45050048828125,53890000
2018-01-03,59.415000915527344,60.27450180053711,59.415000915527344,60.209999084472656,60.209999084472656,62176000
2018-01-04,60.25,60.79349899291992,60.233001708984375,60.47949981689453,60.47949981689453,60442000
2018-01-05,60.8754997253418,61.45700073242188,60.5,61.45700073242188,61.45700073242188,70894000
2018-01-08,61.79999923706055,62.65399932861328,61.60150146484375,62.34349822998047,62.34349822998047,85590000
2018-01-09,62.845001220703125,62.96649932861328,62.0880012512207,62.6349983215332,62.6349983215332,73226000
2018-01-10,62.25749969482422,62.71649932861328,61.86149978637695,62.71649932861328,62.71649932861328,53720000
2018-01-11,62.98699951171875,63.8385009765625,62.823001861572266,63.83399963378906,63.83399963378906,62500000
2018-01-12,63.66949844360352,65.28800201416016,63.66949844360352,65.26000213623047,65.26000213623047,108874000
2018-01-16,66.1500015258789,66.99700164794922,64.61499786376953,65.24299621582031,65.24299621582031,144414000
2018-01-17,65.61199951171875,65.69999694824219,64.04399871826172,64.75,64.75,105076000
2018-01-18,64.69750213623047,65.2300033569336,64.20099639892578,64.66600036621094,64.66600036621094,80538000
2018-01-19,65.5999984741211,65.6500015258789,64.64949798583984,64.72899627685547,64.72899627685547,91570000
2018-01-22,64.8584976196289,66.37249755859375,64.83300018310547,66.3655014038086,66.3655014038086,82802000
2018-01-23,66.90450286865234,68.24500274658203,66.86699676513672,68.12699890136719,68.12699890136719,103386000
2018-01-24,68.74099731445312,69.40799713134766,66.9000015258789,67.87550354003906,67.87550354003906,136150000
2018-01-25,68.4000015258789,68.91699981689453,67.88099670410156,68.89749908447266,68.89749908447266,95060000
2018-01-26,69.60050201416016,70.12650299072266,69.04550170898438,70.10250091552734,70.10250091552734,97146000
2018-01-29,70.45899963378906,71.56950378417969,70.02200317382812,70.88400268554688,70.88400268554688,114038000
2018-01-30,70.15850067138672,71.9625015258789,69.5999984741211,71.89099884033203,71.89099884033203,117438000
2018-01-31,72.56500244140625,73.62899780273438,72.50199890136719,72.54450225830078,72.54450225830078,128494000
2018-02-01,72.25,72.99400329589844,69.25700378417969,69.5,69.5,182276000
2018-02-02,73.86949920654297,74.9000015258789,70.69999694824219,71.49749755859375,71.49749755859375,222514000
2018-02-05,70.13099670410156,72.9489974975586,66.03600311279297,69.5,69.5,229900000
2018-02-06,68.072998046875,72.19950103759766,67.5895004272461,72.14199829101562,72.14199829101562,221336000
2018-02-07,72.44999694824219,73.04949951171875,70.75749969482422,70.83899688720703,70.83899688720703,143254000
2018-02-08,71.48400115966797,71.6875,67.49700164794922,67.5250015258789,67.5250015258789,171572000
2018-02-09,68.67449951171875,69.17500305175781,63.29650115966797,66.9800033569336,66.9800033569336,282830000
2018-02-12,68.2334976196289,69.69049835205078,67.20050048828125,69.3115005493164,69.3115005493164,134778000
2018-02-13,69.29650115966797,70.98600006103516,69.17649841308594,70.72550201416016,70.72550201416016,118358000
2018-02-14,70.3125,72.60299682617188,70.16799926757812,72.55249786376953,72.55249786376953,119184000
2018-02-15,73.34449768066406,73.4469985961914,71.84200286865234,73.08799743652344,73.08799743652344,113054000
2018-02-16,72.86849975585938,73.29000091552734,72.3280029296875,72.43450164794922,72.43450164794922,89452000
2018-02-20,72.32450103759766,74.4384994506836,72.32450103759766,73.4175033569336,73.4175033569336,129984000
2018-02-21,74.25,75.17449951171875,73.94599914550781,74.14600372314453,74.14600372314453,126088000
2018-02-22,74.76799774169922,75.12699890136719,73.78800201416016,74.26699829101562,74.26699829101562,97162000
2018-02-23,74.76699829101562,75.0,74.32499694824219,75.0,75.0,88362000
2018-02-26,75.45999908447266,76.14199829101562,75.3499984741211,76.09750366210938,76.09750366210938,99100000
2018-02-27,76.2249984741211,76.33899688720703,75.3604965209961,75.5989990234375,75.5989990234375,96176000
2018-02-28,75.97550201416016,76.43499755859375,75.5999984741211,75.62249755859375,75.62249755859375,90300000
2018-03-01,75.68000030517578,75.92449951171875,73.25,74.67250061035156,74.67250061035156,136704000
2018-03-02,73.45500183105469,75.05249786376953,72.75050354003906,75.01249694824219,75.01249694824219,131752000
2018-03-05,74.71199798583984,76.26899719238281,74.05000305175781,76.18049621582031,76.18049621582031,104678000
2018-03-06,76.66000366210938,77.10649871826172,76.4000015258789,76.88200378417969,76.88200378417969,91234000
2018-03-07,76.32599639892578,77.29499816894531,76.12550354003906,77.25,77.25,83482000
2018-03-08,77.5,77.74400329589844,77.26249694824219,77.59300231933594,77.59300231933594,77252000
2018-03-09,78.17500305175781,78.9469985961914,77.9540023803711,78.94450378417969,78.94450378417969,90686000
2018-03-12,79.62999725341797,80.2665023803711,79.33499908447266,79.91950225830078,79.91950225830078,103484000
2018-03-13,80.7979965209961,80.87699890136719,78.90049743652344,79.40899658203125,79.40899658203125,130638000
2018-03-14,79.8499984741211,80.3219985961914,79.54450225830078,79.55000305175781,79.55000305175781,85188000
2018-03-15,79.75,79.84549713134766,78.90550231933594,79.11599731445312,79.11599731445312,81394000
2018-03-16,79.17250061035156,79.47200012207031,78.375,78.58399963378906,78.58399963378906,108500000
2018-03-19,77.72650146484375,78.08300018310547,76.26750183105469,77.24649810791016,77.24649810791016,131616000
2018-03-20,77.51699829101562,79.3499984741211,77.27050018310547,79.32550048828125,79.32550048828125,91632000
2018-03-21,79.32250213623047,79.5,78.15850067138672,79.09300231933594,79.09300231933594,95016000
2018-03-22,78.27349853515625,78.69249725341797,77.12000274658203,77.24600219726562,77.24600219726562,126412000
2018-03-23,76.95050048828125,77.45099639892578,74.76799774169922,74.77799987792969,74.77799987792969,160120000
2018-03-26,76.5,77.84950256347656,74.9625015258789,77.79299926757812,77.79299926757812,112494000
2018-03-27,78.62000274658203,78.79850006103516,74.11599731445312,74.85250091552734,74.85250091552734,139992000
2018-03-28,72.3499984741211,72.79499816894531,69.30850219726562,71.57099914550781,71.57099914550781,274106000
2018-03-29,70.30000305175781,72.77349853515625,68.26000213623047,72.36699676513672,72.36699676513672,251622000
2018-04-02,70.88099670410156,71.06800079345703,67.75,68.59950256347656,68.59950256347656,209272000
2018-04-03,69.56900024414062,70.69999694824219,67.7665023803711,69.60250091552734,69.60250091552734,204624000
2018-04-04,67.91200256347656,70.76950073242188,67.64399719238281,70.52850341796875,70.52850341796875,139646000
2018-04-05,72.09950256347656,72.97799682617188,71.35350036621094,72.5875015258789,72.5875015258789,128270000
2018-04-06,71.49849700927734,72.625,70.01300048828125,70.2614974975586,70.2614974975586,117646000
2018-04-09,71.25150299072266,71.92400360107422,70.12850189208984,70.30400085449219,70.30400085449219,84164000
2018-04-10,71.59950256347656,71.91899871826172,70.78500366210938,71.81099700927734,71.81099700927734,85082000
2018-04-11,71.97200012207031,72.43900299072266,71.24449920654297,71.35250091552734,71.35250091552734,71650000
2018-04-12,71.9749984741211,72.60600280761719,71.75299835205078,72.42500305175781,72.42500305175781,62700000
2018-04-13,72.45700073242188,72.98899841308594,71.22599792480469,71.53949737548828,71.53949737548828,73706000
2018-04-16,72.25,72.3499984741211,71.3740005493164,72.07499694824219,72.07499694824219,56172000
2018-04-17,73.11499786376953,75.3594970703125,72.85099792480469,75.19149780273438,75.19149780273438,102288000
2018-04-18,75.73249816894531,76.69000244140625,75.20549774169922,76.39199829101562,76.39199829101562,104550000
2018-04-19,77.16100311279297,78.4260025024414,76.9530029296875,77.84549713134766,77.84549713134766,130474000
2018-04-20,78.05999755859375,78.05999755859375,75.80449676513672,76.37449645996094,76.37449645996094,110832000
2018-04-23,77.33450317382812,77.4000015258789,75.17050170898438,75.89299774169922,75.89299774169922,89308000
2018-04-24,76.79000091552734,76.9749984741211,72.42250061035156,73.00450134277344,73.00450134277344,149894000
2018-04-25,72.9000015258789,73.49949645996094,70.7509994506836,73.00849914550781,73.00849914550781,131746000
2018-04-26,74.25050354003906,76.47100067138672,73.92500305175781,75.89800262451172,75.89800262451172,176022000
2018-04-27,81.70050048828125,81.90499877929688,78.36949920654297,78.63099670410156,78.63099670410156,261064000
2018-04-30,79.125,79.80000305175781,78.0469970703125,78.30650329589844,78.30650329589844,109282000
2018-05-01,78.16100311279297,79.25,77.60900115966797,79.11299896240234,79.11299896240234,91442000
2018-05-02,79.04900360107422,79.42500305175781,78.31800079345703,78.48400115966797,78.48400115966797,87206000
2018-05-03,78.00050354003906,78.73999786376953,77.3010025024414,78.60399627685547,78.60399627685547,85038000
2018-05-04,78.12249755859375,79.24500274658203,78.1094970703125,79.04750061035156,79.04750061035156,68872000
2018-05-07,79.46700286865234,80.34750366210938,79.3915023803711,80.00700378417969,80.00700378417969,76038000
2018-05-08,79.75,79.84400177001953,79.12550354003906,79.61949920654297,79.61949920654297,61358000
2018-05-09,80.0,80.4000015258789,79.5999984741211,80.4000015258789,80.4000015258789,72746000
2018-05-10,80.42400360107422,80.77999877929688,80.1719970703125,80.4540023803711,80.4540023803711,56350000
2018-05-11,80.54949951171875,80.55500030517578,79.89450073242188,80.14550018310547,80.14550018310547,45278000
2018-05-14,80.19999694824219,80.55899810791016,80.00250244140625,80.0770034790039,80.0770034790039,50190000
2018-05-15,79.38999938964844,79.38999938964844,78.26100158691406,78.80599975585938,78.80599975585938,101550000
2018-05-16,78.875,79.72149658203125,78.83350372314453,79.36399841308594,79.36399841308594,51412000
2018-05-17,79.02799987792969,79.7020034790039,78.6500015258789,79.08799743652344,79.08799743652344,42952000
2018-05-18,79.06649780273438,79.17949676513672,78.6050033569336,78.71849822998047,78.71849822998047,52852000
2018-05-21,79.25,79.60250091552734,78.75,79.27300262451172,79.27300262451172,58504000
2018-05-22,79.49449920654297,79.49449920654297,78.76249694824219,79.06999969482422,79.06999969482422,42312000
2018-05-23,78.55249786376953,80.09300231933594,78.31700134277344,80.09300231933594,80.09300231933594,67238000
2018-05-24,79.90149688720703,80.41200256347656,79.41899871826172,80.15350341796875,80.15350341796875,68600000
2018-05-25,80.1500015258789,80.70600128173828,80.02249908447266,80.50749969482422,80.50749969482422,53968000
2018-05-29,80.0354995727539,81.0895004272461,80.00749969482422,80.64350128173828,80.64350128173828,76930000
2018-05-30,80.90499877929688,81.30000305175781,80.64649963378906,81.24449920654297,81.24449920654297,58148000
2018-05-31,81.1500015258789,81.75,81.06749725341797,81.48100280761719,81.48100280761719,63326000
2018-06-01,81.85150146484375,82.33650207519531,81.75450134277344,82.0770034790039,82.0770034790039,66268000
2018-06-04,82.44499969482422,83.28399658203125,82.27449798583984,83.26349639892578,83.26349639892578,63754000
2018-06-05,83.64949798583984,84.94999694824219,83.50299835205078,84.81749725341797,84.81749725341797,95644000
2018-06-06,85.22550201416016,85.7249984741211,84.32350158691406,84.7874984741211,84.7874984741211,109464000
2018-06-07,84.9280014038086,84.99500274658203,83.80549621582031,84.46499633789062,84.46499633789062,75314000
2018-06-08,84.05599975585938,84.47200012207031,83.65049743652344,84.19950103759766,84.19950103759766,59102000
2018-06-11,84.07550048828125,84.71199798583984,84.02950286865234,84.45600128173828,84.45600128173828,46710000
2018-06-12,84.6500015258789,84.97550201416016,84.57599639892578,84.9375,84.9375,45184000
2018-06-13,85.1405029296875,85.6875,85.00599670410156,85.24299621582031,85.24299621582031,66550000
2018-06-14,85.67400360107422,86.23999786376953,85.44349670410156,86.19300079345703,86.19300079345703,63488000
2018-06-15,85.69999694824219,86.04350280761719,85.4260025024414,85.79850006103516,85.79850006103516,95552000
2018-06-18,85.31300354003906,86.33699798583984,85.12799835205078,86.18949890136719,86.18949890136719,62154000
2018-06-19,85.4520034790039,86.80549621582031,85.01950073242188,86.73899841308594,86.73899841308594,85802000
2018-06-20,87.125,88.14649963378906,87.06800079345703,87.50399780273438,87.50399780273438,86652000
2018-06-21,88.0,88.15499877929688,85.87799835205078,86.51100158691406,86.51100158691406,98822000
2018-06-22,87.13099670410156,87.1500015258789,85.59500122070312,85.78350067138672,85.78350067138672,81502000
2018-06-25,85.12550354003906,85.25,82.31549835205078,83.15750122070312,83.15750122070312,150224000
2018-06-26,83.61849975585938,85.07849884033203,83.16699981689453,84.55449676513672,84.55449676513672,87732000
2018-06-27,85.40550231933594,85.59750366210938,83.0,83.02549743652344,83.02549743652344,97444000
2018-06-28,83.62699890136719,85.2750015258789,83.05850219726562,85.07250213623047,85.07250213623047,90594000
2018-06-29,85.8499984741211,86.17050170898438,84.71600341796875,84.98999786376953,84.98999786376953,90870000
2018-07-02,84.13500213623047,85.69450378417969,83.90299987792969,85.68900299072266,85.68900299072266,63714000
2018-07-03,86.197998046875,86.25,84.6240005493164,84.697998046875,84.697998046875,43546000
2018-07-05,85.26899719238281,85.53450012207031,84.10749816894531,84.98650360107422,84.98650360107422,59662000
2018-07-06,84.80000305175781,85.76349639892578,84.58350372314453,85.53150177001953,85.53150177001953,53006000
2018-07-09,86.20249938964844,86.97799682617188,85.8115005493164,86.95099639892578,86.95099639892578,60240000
2018-07-10,86.92649841308594,87.5,86.55000305175781,87.15350341796875,87.15350341796875,60058000
2018-07-11,86.89949798583984,87.8479995727539,86.69999694824219,87.75,87.75,64196000
2018-07-12,88.22550201416016,89.9000015258789,88.10900115966797,89.83100128173828,89.83100128173828,90654000
2018-07-13,90.19650268554688,90.76499938964844,89.7614974975586,90.65149688720705,90.65149688720705,87664000
2018-07-16,91.09750366210938,92.09750366210938,90.72250366210938,91.12449645996094,91.12449645996094,109324000
2018-07-17,90.5780029296875,92.58450317382812,89.86900329589844,92.19650268554688,92.19650268554688,113658000
2018-07-18,92.4000015258789,92.94400024414062,91.5634994506836,92.14600372314452,92.14600372314452,97238000
2018-07-19,91.4729995727539,92.0500030517578,90.5634994506836,90.64849853515624,90.64849853515624,93538000
2018-07-20,91.25050354003906,91.74199676513672,90.50299835205078,90.68499755859376,90.68499755859376,77688000
2018-07-23,90.6104965209961,90.9499969482422,88.49949645996094,90.0999984741211,90.0999984741211,77770000
2018-07-24,91.45050048828124,92.0,90.46900177001952,91.46199798583984,91.46199798583984,85574000
2018-07-25,91.46499633789062,93.19200134277344,91.13200378417967,93.18049621582033,93.18049621582033,74764000
2018-07-26,91.9499969482422,92.23400115966795,90.2249984741211,90.4000015258789,90.4000015258789,198488000
2018-07-27,93.80249786376952,94.00250244140624,90.32649993896484,90.8635025024414,90.8635025024414,193620000
2018-07-30,91.3665008544922,91.4749984741211,88.3010025024414,88.96099853515625,88.96099853515625,131246000
2018-07-31,89.32450103759766,90.09149932861328,86.96600341796875,88.87200164794922,88.87200164794922,114774000
2018-08-01,89.19999694824219,89.9219970703125,88.8010025024414,89.8584976196289,89.8584976196289,83062000
2018-08-02,89.4384994506836,91.8280029296875,89.30000305175781,91.71649932861328,91.71649932861328,87094000
2018-08-03,91.88700103759766,92.0500030517578,91.0749969482422,91.16449737548828,91.16449737548828,69210000
2018-08-06,91.29049682617188,92.38849639892578,90.9459991455078,92.3874969482422,92.3874969482422,67836000
2018-08-07,92.72650146484376,93.48600006103516,92.3134994506836,93.1240005493164,93.1240005493164,67550000
2018-08-08,93.0500030517578,94.57550048828124,92.7249984741211,94.32599639892578,94.32599639892578,79260000
2018-08-09,94.0999984741211,95.72850036621094,93.8740005493164,94.9260025024414,94.9260025024414,97208000
2018-08-10,94.42549896240234,94.9749984741211,93.9104995727539,94.31500244140624,94.31500244140624,72798000
2018-08-13,94.9250030517578,96.25,94.68350219726562,94.80999755859376,94.80999755859376,110630000
2018-08-14,95.96949768066406,96.05049896240234,95.0,95.98249816894533,95.98249816894533,79722000
2018-08-15,95.47750091552734,95.8105010986328,93.489501953125,94.13099670410156,94.13099670410156,154014000
2018-08-16,95.1969985961914,95.25,94.17749786376952,94.32599639892578,94.32599639892578,79142000
2018-08-17,94.29000091552734,94.4000015258789,92.77749633789062,94.11100006103516,94.11100006103516,82086000
2018-08-20,94.52850341796876,94.5875015258789,93.3030014038086,93.83550262451172,93.83550262451172,57240000
2018-08-21,94.0,94.8874969482422,93.72049713134766,94.1709976196289,94.1709976196289,62112000
2018-08-22,93.83200073242188,95.29000091552734,93.83200073242188,95.24500274658205,95.24500274658205,61610000
2018-08-23,95.3584976196289,95.9749984741211,95.03800201416016,95.1449966430664,95.1449966430664,71260000
2018-08-24,95.52549743652344,95.80049896240234,95.1269989013672,95.26950073242188,95.26950073242188,56018000
2018-08-27,95.75,96.38500213623048,95.46399688720705,96.38400268554688,96.38400268554688,71380000
2018-08-28,96.8864974975586,97.08899688720705,96.44100189208984,96.64099884033205,96.64099884033205,62014000
2018-08-29,97.67250061035156,99.93450164794922,97.4469985961914,99.90499877929688,99.90499877929688,130636000
2018-08-30,99.87100219726562,101.27850341796876,99.34500122070312,100.11900329589844,100.11900329589844,145546000
2018-08-31,100.3499984741211,101.11900329589844,100.23699951171876,100.635498046875,100.635498046875,84088000
2018-09-04,101.3249969482422,102.5250015258789,100.6500015258789,101.97550201416016,101.97550201416016,114422000
2018-09-05,101.90550231933594,102.0189971923828,99.49449920654295,99.74099731445312,99.74099731445312,164412000
2018-09-06,100.32550048828124,100.375,96.760498046875,97.91549682617188,97.91549682617188,149774000
2018-09-07,96.9355010986328,98.76000213623048,96.86750030517578,97.60350036621094,97.60350036621094,97852000
2018-09-10,98.5500030517578,98.6520004272461,96.57599639892578,96.95050048828124,96.95050048828124,90896000
2018-09-11,96.41349792480467,99.44400024414062,95.8499984741211,99.35749816894533,99.35749816894533,100672000
2018-09-12,99.6999969482422,100.0,98.12200164794922,99.5,99.5,88280000
2018-09-13,100.0,100.43800354003906,99.10150146484376,99.49349975585938,99.49349975585938,72430000
2018-09-14,99.64649963378906,99.68250274658205,97.96099853515624,98.5094985961914,98.5094985961914,72840000
2018-09-17,97.73650360107422,97.84100341796876,94.37049865722656,95.40149688720705,95.40149688720705,141004000
2018-09-18,95.93250274658205,97.91000366210938,95.77200317382812,97.05249786376952,97.05249786376952,85374000
2018-09-19,97.0250015258789,97.04149627685548,95.24500274658205,96.3209991455078,96.3209991455078,81136000
2018-09-20,96.9290008544922,97.75,96.6125030517578,97.21499633789062,97.21499633789062,63098000
2018-09-21,97.71099853515624,97.8655014038086,95.5250015258789,95.75050354003906,95.75050354003906,137118000
2018-09-24,95.1894989013672,96.84400177001952,93.25,96.71800231933594,96.71800231933594,84274000
2018-09-25,97.1449966430664,98.79550170898438,96.94249725341795,98.72750091552734,98.72750091552734,90768000
2018-09-26,98.4250030517578,99.7624969482422,98.07599639892578,98.74250030517578,98.74250030517578,86270000
2018-09-27,99.66200256347656,100.80799865722656,99.4290008544922,100.64900207519533,100.64900207519533,86588000
2018-09-28,100.22049713134766,101.32599639892578,99.822998046875,100.1500015258789,100.1500015258789,81702000
2018-10-01,101.09950256347656,101.65950012207033,100.18000030517578,100.21800231933594,100.21800231933594,69210000
2018-10-02,99.99949645996094,100.66950225830078,98.28849792480467,98.56549835205078,98.56549835205078,108014000
2018-10-03,99.08499908447266,99.48500061035156,97.4905014038086,97.63800048828124,97.63800048828124,105062000
2018-10-04,97.4499969482422,97.8000030517578,94.82849884033205,95.47100067138672,95.47100067138672,145140000
2018-10-05,95.89949798583984,96.4540023803711,93.1415023803711,94.48249816894533,94.48249816894533,136446000
2018-10-08,93.6999969482422,95.0999984741211,91.53299713134766,93.22100067138672,93.22100067138672,147864000
2018-10-09,92.99949645996094,94.83399963378906,92.61599731445312,93.51599884033205,93.51599884033205,95458000
2018-10-10,92.89450073242188,92.9280014038086,87.72049713134766,87.76249694824219,87.76249694824219,219778000
2018-10-11,86.19999694824219,87.7699966430664,84.25499725341797,85.96800231933594,85.96800231933594,278718000
2018-10-12,90.4000015258789,90.44750213623048,87.12650299072266,89.43049621582031,89.43049621582031,188892000
2018-10-15,89.75,89.75250244140625,86.71150207519531,88.04750061035156,88.04750061035156,128744000
2018-10-16,89.17500305175781,91.19400024414062,88.07749938964844,90.9980010986328,90.9980010986328,117198000
2018-10-17,92.1395034790039,92.25,90.3499984741211,91.58650207519533,91.58650207519533,105904000
2018-10-18,91.07450103759766,91.50749969482422,88.39350128173828,88.53600311279297,88.53600311279297,117480000
2018-10-19,89.25800323486328,90.45500183105467,87.6500015258789,88.20149993896484,88.20149993896484,118144000
2018-10-22,89.19999694824219,90.4749984741211,87.80000305175781,89.46499633789062,89.46499633789062,90000000
2018-10-23,87.11199951171875,88.81700134277344,85.69999694824219,88.43499755859375,88.43499755859375,134478000
2018-10-24,88.68499755859375,88.885498046875,82.8280029296875,83.20999908447266,83.20999908447266,138568000
2018-10-25,85.16699981689453,89.7405014038086,84.60050201416016,89.1084976196289,89.1084976196289,205714000
2018-10-26,82.47949981689453,84.9229965209961,80.1500015258789,82.1405029296875,82.1405029296875,299276000
2018-10-29,83.0,83.28700256347656,74.75,76.94400024414062,76.94400024414062,277322000
2018-10-30,74.30799865722656,77.04949951171875,73.81800079345703,76.52100372314453,76.52100372314453,249202000
2018-10-31,78.49949645996094,81.19550323486328,78.25450134277344,79.90049743652344,79.90049743652344,187804000
2018-11-01,81.17649841308594,83.52249908447266,79.9219970703125,83.27649688720703,83.27649688720703,162710000
2018-11-02,83.92949676513672,84.87200164794922,82.59149932861328,83.27649688720703,83.27649688720703,139110000
2018-11-05,82.87850189208984,82.90450286865234,79.81800079345703,81.38999938964844,81.38999938964844,112494000
2018-11-06,80.9175033569336,83.25,80.72750091552734,82.1405029296875,82.1405029296875,85148000
2018-11-07,83.6500015258789,87.96150207519531,83.2040023803711,87.77449798583984,87.77449798583984,163844000
2018-11-08,87.75,89.19999694824219,86.25550079345703,87.74549865722656,87.74549865722656,130698000
2018-11-09,86.625,87.19599914550781,85.09349822998047,85.62149810791016,85.62149810791016,118044000
2018-11-12,84.91200256347656,85.42749786376953,81.50050354003906,81.84249877929688,81.84249877929688,136124000
2018-11-13,82.4645004272461,83.85299682617188,80.6875,81.55850219726562,81.55850219726562,118666000
2018-11-14,82.81600189208984,83.6500015258789,79.85350036621094,79.95050048828125,79.95050048828125,129738000
2018-11-15,79.05049896240234,81.24099731445312,77.32550048828125,80.97200012207031,80.97200012207031,168546000
2018-11-16,79.375,80.7239990234375,78.65599822998047,79.67050170898438,79.67050170898438,121322000
2018-11-19,78.85050201416016,79.05950164794922,75.16799926757812,75.614501953125,75.614501953125,155800000
2018-11-20,71.875,76.73750305175781,71.0,74.77300262451172,74.77300262451172,217576000
2018-11-21,77.14949798583984,77.5,75.75,75.83650207519531,75.83650207519531,114336000
2018-11-23,75.8499984741211,76.80999755859375,75.09049987792969,75.10299682617188,75.10299682617188,54152000
2018-11-26,76.94999694824219,79.2405014038086,76.21099853515625,79.06649780273438,79.06649780273438,125154000
2018-11-27,78.79949951171875,79.88249969482422,77.90049743652344,79.07099914550781,79.07099914550781,115664000
2018-11-28,80.69599914550781,84.07250213623047,80.06099700927734,83.88749694824219,83.88749694824219,169174000
2018-11-29,83.74949645996094,84.49949645996094,82.61650085449219,83.67849731445312,83.67849731445312,132264000
2018-11-30,83.9749984741211,84.80000305175781,83.32499694824219,84.50849914550781,84.50849914550781,115236000
2018-12-03,88.4729995727539,88.91699981689453,86.5,88.61799621582031,88.61799621582031,137246000
2018-12-04,87.80000305175781,88.51699829101562,83.25,83.41999816894531,83.41999816894531,173890000
2018-12-06,80.74349975585938,85.05249786376953,80.49250030517578,84.95950317382812,84.95950317382812,175788000
2018-12-07,85.25350189208984,85.94650268554688,81.27300262451172,81.45649719238281,81.45649719238281,151522000
2018-12-10,81.19200134277344,82.89949798583984,79.54350280761719,82.05149841308594,82.05149841308594,149896000
2018-12-11,83.9000015258789,83.97350311279297,80.9800033569336,82.16200256347656,82.16200256347656,124894000
2018-12-12,83.44999694824219,85.24949645996094,83.01349639892578,83.177001953125,83.177001953125,131960000
2018-12-13,84.0,84.60600280761719,82.07499694824219,82.91899871826172,82.91899871826172,105426000
2018-12-14,81.9000015258789,82.12850189208984,79.25,79.59549713134766,79.59549713134766,127344000
2018-12-17,78.30000305175781,78.80650329589844,75.25050354003906,76.04550170898438,76.04550170898438,176596000
2018-12-18,77.0,78.37750244140625,76.15049743652344,77.5739974975586,77.5739974975586,130460000
2018-12-19,77.15249633789062,79.22650146484375,74.15899658203125,74.75399780273438,74.75399780273438,175844000
2018-12-20,74.19999694824219,75.4749984741211,71.6344985961914,73.04149627685547,73.04149627685547,199836000
2018-12-21,73.24949645996094,74.0,68.197998046875,68.87249755859375,68.87249755859375,272806000
2018-12-24,67.30000305175781,69.80149841308594,65.3499984741211,67.197998046875,67.197998046875,144400000
2018-12-26,68.44450378417969,73.65799713134766,68.15049743652344,73.54499816894531,73.54499816894531,208236000
2018-12-27,72.70999908447266,73.44999694824219,69.5155029296875,73.08200073242188,73.08200073242188,194440000
2018-12-28,73.6675033569336,75.67350006103516,72.44999694824219,73.9010009765625,73.9010009765625,176580000
2018-12-31,75.54000091552734,76.03800201416016,74.3499984741211,75.09850311279297,75.09850311279297,139090000
2019-01-02,73.26000213623047,77.66799926757812,73.04650115966797,76.95649719238281,76.95649719238281,159662000
2019-01-03,76.00050354003906,76.9000015258789,74.85549926757812,75.01399993896484,75.01399993896484,139512000
2019-01-04,76.5,79.69999694824219,75.91549682617188,78.76950073242188,78.76950073242188,183652000
2019-01-07,80.1155014038086,81.72799682617188,79.45950317382812,81.47550201416016,81.47550201416016,159864000
2019-01-08,83.2344970703125,83.83049774169922,80.83049774169922,82.8290023803711,82.8290023803711,177628000
2019-01-09,82.64900207519531,83.38999938964844,82.06999969482422,82.97100067138672,82.97100067138672,126976000
2019-01-10,82.05049896240234,83.1624984741211,81.08100128173828,82.81099700927734,82.81099700927734,130154000
2019-01-11,82.02749633789062,83.0145034790039,81.81099700927734,82.02799987792969,82.02799987792969,93724000
2019-01-14,80.75,82.41000366210938,79.75749969482422,80.8604965209961,80.8604965209961,120118000
2019-01-15,81.5999984741211,83.75800323486328,81.30049896240234,83.72799682617188,83.72799682617188,119970000
2019-01-16,84.21099853515625,85.25,83.79399871826172,84.18900299072266,84.18900299072266,127338000
2019-01-17,84.0,85.00849914550781,83.875,84.66100311279297,84.66100311279297,84178000
2019-01-18,85.5999984741211,85.80999755859375,84.5770034790039,84.80999755859375,84.80999755859375,120410000
2019-01-22,84.05000305175781,84.09349822998047,80.51000213623047,81.6084976196289,81.6084976196289,128336000
2019-01-23,82.80000305175781,82.87149810791016,80.5999984741211,82.0009994506836,82.0009994506836,104504000
2019-01-24,82.05349731445312,82.86299896240234,81.58899688720703,82.74649810791016,82.74649810791016,81798000
2019-01-25,83.5250015258789,84.17400360107422,83.08049774169922,83.52850341796875,83.52850341796875,98918000
2019-01-28,82.17949676513672,82.25,80.70449829101562,81.89450073242188,81.89450073242188,96754000
2019-01-29,81.5634994506836,81.61900329589844,79.53600311279297,79.69400024414062,79.69400024414062,92656000
2019-01-30,81.1500015258789,83.84750366210938,80.98400115966797,83.52149963378906,83.52149963378906,115676000
2019-01-31,84.64250183105469,86.82050323486328,83.9540023803711,85.9365005493164,85.9365005493164,218206000
2019-02-01,81.94400024414062,83.65299987792969,81.10050201416016,81.3115005493164,81.3115005493164,230124000
2019-02-04,81.1500015258789,82.48149871826172,80.67500305175781,81.66549682617188,81.66549682617188,98582000
2019-02-05,82.16699981689453,83.26300048828125,82.125,82.94049835205078,82.94049835205078,89062000
2019-02-06,83.5374984741211,83.61299896240234,81.66699981689453,82.01300048828125,82.01300048828125,78798000
2019-02-07,81.25,81.2770004272461,79.64550018310547,80.71849822998047,80.71849822998047,92532000
2019-02-08,79.30000305175781,79.42949676513672,78.33799743652344,79.41100311279297,79.41100311279297,113150000
2019-02-11,80.04900360107422,80.4645004272461,79.30000305175781,79.55000305175781,79.55000305175781,66346000
2019-02-12,80.19999694824219,81.97000122070312,79.94400024414062,81.90049743652344,81.90049743652344,97172000
2019-02-13,82.3499984741211,82.81900024414062,81.85549926757812,82.0,82.0,71206000
2019-02-14,81.2249984741211,81.8949966430664,80.3030014038086,81.13249969482422,81.13249969482422,82410000
2019-02-15,81.39299774169922,81.44550323486328,80.2249984741211,80.39749908447266,80.39749908447266,86878000
2019-02-19,80.05000305175781,81.69999694824219,80.02799987792969,81.37899780273438,81.37899780273438,73634000
2019-02-20,81.5,81.74649810791016,80.50599670410156,81.1050033569336,81.1050033569336,66752000
2019-02-21,80.99250030517578,81.1780014038086,80.04550170898438,80.97200012207031,80.97200012207031,69668000
2019-02-22,81.17500305175781,81.74700164794922,81.05850219726562,81.5780029296875,81.5780029296875,61924000
2019-02-25,82.07250213623047,82.7300033569336,81.51950073242188,81.6500015258789,81.6500015258789,63690000
2019-02-26,81.29900360107422,81.99949645996094,80.80650329589844,81.81999969482422,81.81999969482422,53316000
2019-02-27,81.40899658203125,82.09049987792969,80.75499725341797,82.05449676513672,82.05449676513672,62976000
2019-02-28,81.76249694824219,82.5885009765625,81.69149780273438,81.99150085449219,81.99150085449219,60518000
2019-03-01,82.75650024414062,83.71299743652344,82.55000305175781,83.58650207519531,83.58650207519531,99498000
2019-03-04,84.25,85.47149658203125,83.71800231933594,84.80850219726562,84.80850219726562,123348000
2019-03-05,85.14749908447266,85.38999938964844,84.45050048828125,84.62149810791016,84.62149810791016,73630000
2019-03-06,84.79850006103516,84.88749694824219,83.41400146484375,83.44750213623047,83.44750213623047,79920000
2019-03-07,83.36849975585938,83.48750305175781,81.02549743652344,81.29750061035156,81.29750061035156,99140000
2019-03-08,80.20050048828125,81.13600158691406,79.32849884033203,81.04000091552734,81.04000091552734,93340000
2019-03-11,81.30599975585938,83.614501953125,81.30049896240234,83.53099822998047,83.53099822998047,77528000
2019-03-12,83.44999694824219,84.2135009765625,83.04900360107422,83.65499877929688,83.65499877929688,72290000
2019-03-13,84.1500015258789,85.0,83.96749877929688,84.54049682617188,84.54049682617188,71040000
2019-03-14,84.55999755859375,85.0999984741211,84.21700286865234,84.31099700927734,84.31099700927734,58932000
2019-03-15,85.1500015258789,85.94000244140625,84.65650177001953,85.61799621582031,85.61799621582031,151018000
2019-03-18,85.63500213623047,87.5,85.63150024414062,87.10749816894531,87.10749816894531,108582000
2019-03-19,87.67549896240234,89.20800018310547,87.67549896240234,88.09249877929688,88.09249877929688,127284000
2019-03-20,88.49700164794922,89.9749984741211,88.35150146484375,89.8635025024414,89.8635025024414,125312000
2019-03-21,89.81300354003906,91.1875,89.36399841308594,90.96299743652344,90.96299743652344,115356000
2019-03-22,90.5084991455078,90.9489974975586,88.15550231933594,88.2385025024414,88.2385025024414,127260000
2019-03-25,87.8895034790039,89.13400268554688,87.375,88.71299743652344,88.71299743652344,102076000
2019-03-26,89.6500015258789,90.28849792480467,88.66799926757812,89.18800354003906,89.18800354003906,97318000
2019-03-27,89.20649719238281,89.375,87.28399658203125,88.28500366210938,88.28500366210938,86496000
2019-03-28,88.5,88.89649963378906,87.67350006103516,88.6709976196289,88.6709976196289,60860000
2019-03-29,89.3290023803711,89.64299774169922,88.83149719238281,89.0374984741211,89.0374984741211,66416000
2019-04-01,90.00550079345703,90.78350067138672,89.9365005493164,90.70950317382812,90.70950317382812,84776000
2019-04-02,90.5510025024414,91.0,90.25599670410156,90.6989974975586,90.6989974975586,68962000
2019-04-03,91.33599853515624,91.5,90.4810028076172,91.03500366210938,91.03500366210938,78522000
2019-04-04,91.03250122070312,91.4375,90.20999908447266,90.94300079345705,90.94300079345705,72478000
2019-04-05,91.4499969482422,91.9290008544922,91.2594985961914,91.86399841308594,91.86399841308594,72810000
2019-04-08,91.6614990234375,92.51000213623048,91.25550079345705,92.49299621582033,92.49299621582033,75056000
2019-04-09,92.27449798583984,92.65450286865234,91.58899688720705,91.79199981689452,91.79199981689452,74288000
2019-04-10,92.0500030517578,92.4000015258789,91.44049835205078,92.3665008544922,92.3665008544922,59280000
2019-04-11,92.43499755859376,92.49749755859376,92.0155029296875,92.20349884033205,92.20349884033205,53096000
2019-04-12,92.41999816894533,92.5749969482422,92.06500244140624,92.15299987792967,92.15299987792967,62288000
2019-04-15,92.0999984741211,92.34249877929688,90.94499969482422,92.24349975585938,92.24349975585938,74488000
2019-04-16,92.56749725341795,93.4885025024414,92.4000015258789,93.1520004272461,93.1520004272461,60892000
2019-04-17,93.64949798583984,93.82350158691406,93.02200317382812,93.24099731445312,93.24099731445312,57870000
2019-04-18,93.4394989013672,93.54100036621094,92.9739990234375,93.08450317382812,93.08450317382812,54998000
2019-04-22,92.7699966430664,94.4209976196289,92.28199768066406,94.3655014038086,94.3655014038086,67476000
2019-04-23,94.55999755859376,96.46299743652344,94.47899627685548,96.1884994506836,96.1884994506836,92808000
2019-04-24,96.25,96.4844970703125,94.90799713134766,95.0875015258789,95.0875015258789,73516000
2019-04-25,95.8499984741211,96.12249755859376,95.0155029296875,95.1125030517578,95.1125030517578,121982000
2019-04-26,96.4499969482422,97.5500030517578,94.9000015258789,97.53150177001952,97.53150177001952,168652000
2019-04-29,97.4499969482422,97.81700134277344,96.70449829101562,96.92150115966795,96.92150115966795,80426000
2019-04-30,96.50499725341795,96.7854995727539,95.34750366210938,96.32599639892578,96.32599639892578,70120000
2019-05-01,96.65450286865234,97.18199920654295,95.52749633789062,95.57599639892578,95.57599639892578,62340000
2019-05-02,95.66649627685548,96.07749938964844,94.09349822998048,95.04100036621094,95.04100036621094,79258000
2019-05-03,97.4499969482422,98.22000122070312,96.8000030517578,98.1230010986328,98.1230010986328,127632000
2019-05-06,95.89900207519533,97.9499969482422,95.5250015258789,97.52749633789062,97.52749633789062,108356000
2019-05-07,96.99949645996094,97.45500183105467,95.16899871826172,96.0500030517578,96.0500030517578,118042000
2019-05-08,95.94349670410156,96.76850128173828,95.5,95.88849639892578,95.88849639892578,81572000
2019-05-09,95.0,95.47000122070312,93.8000030517578,94.99349975585938,94.99349975585938,106166000
2019-05-10,94.9000015258789,95.1894989013672,92.8000030517578,94.4990005493164,94.4990005493164,114360000
2019-05-13,91.8280029296875,92.3270034790039,90.9000015258789,91.13400268554688,91.13400268554688,115668000
2019-05-14,91.9749984741211,92.62200164794922,90.7874984741211,92.00599670410156,92.00599670410156,92582000
2019-05-15,91.39749908447266,93.72149658203124,91.1500015258789,93.55750274658205,93.55750274658205,93852000
2019-05-16,94.2969970703125,95.87550354003906,94.114501953125,95.37850189208984,95.37850189208984,94156000
2019-05-17,94.65249633789062,95.52649688720705,93.3665008544922,93.4499969482422,93.4499969482422,94732000
2019-05-20,92.6344985961914,93.38899993896484,91.7770004272461,92.94850158691406,92.94850158691406,75964000
2019-05-21,93.739501953125,93.9499969482422,92.3000030517578,92.8759994506836,92.8759994506836,80102000
2019-05-22,92.58899688720705,93.57450103759766,92.5500030517578,92.98400115966795,92.98400115966795,58732000
2019-05-23,91.82949829101562,92.1999969482422,90.20999908447266,90.77400207519533,90.77400207519533,88486000
2019-05-24,91.79450225830078,92.08799743652344,90.89250183105467,91.16400146484376,91.16400146484376,67394000
2019-05-28,91.6374969482422,92.4635009765625,91.36750030517578,91.82150268554688,91.82150268554688,64000000
2019-05-29,91.15599822998048,91.5,90.37650299072266,90.95950317382812,90.95950317382812,85580000
2019-05-30,91.27449798583984,91.47350311279295,90.3915023803711,90.81600189208984,90.81600189208984,62938000
2019-05-31,89.50050354003906,89.77950286865234,88.63500213623047,88.75350189208984,88.75350189208984,92376000
2019-06-03,88.00050354003906,88.31449890136719,83.5999984741211,84.6344985961914,84.6344985961914,181974000
2019-06-04,84.96199798583984,86.54100036621094,84.04450225830078,86.47799682617188,86.47799682617188,113582000
2019-06-05,87.4800033569336,87.5999984741211,85.76249694824219,86.92500305175781,86.92500305175781,84796000
2019-06-06,86.885498046875,88.0,86.30650329589844,87.71800231933594,87.71800231933594,73786000
2019-06-07,88.18499755859375,90.3125,87.97450256347656,90.20149993896484,90.20149993896484,96164000
2019-06-10,91.0999984741211,94.24349975585938,90.9000015258789,93.03150177001952,93.03150177001952,107420000
2019-06-11,94.1624984741211,94.68499755859376,92.9000015258789,93.18499755859376,93.18499755859376,80854000
2019-06-12,92.6989974975586,93.25,92.21900177001952,92.76599884033205,92.76599884033205,53566000
2019-06-13,93.33599853515624,94.15450286865234,93.11100006103516,93.51499938964844,93.51499938964844,55916000
2019-06-14,93.1999969482422,93.8000030517578,92.9499969482422,93.4834976196289,93.4834976196289,57024000
2019-06-17,93.8249969482422,94.78450012207033,93.77249908447266,94.30149841308594,94.30149841308594,52686000
2019-06-18,95.06749725341795,96.08350372314452,94.989501953125,95.06849670410156,95.06849670410156,77914000
2019-06-19,95.39199829101562,95.97899627685548,94.62349700927734,95.4394989013672,95.4394989013672,57906000
2019-06-20,96.66649627685548,96.76000213623048,95.29000091552734,95.90950012207033,95.90950012207033,64344000
2019-06-21,95.80500030517578,96.29750061035156,95.37899780273438,95.56500244140624,95.56500244140624,78672000
2019-06-24,95.63300323486328,95.84300231933594,95.06500244140624,95.69499969482422,95.69499969482422,45660000
2019-06-25,95.59200286865234,95.81950378417967,93.62100219726562,93.91349792480467,93.91349792480467,60246000
2019-06-26,94.6240005493164,95.19000244140624,94.36599731445312,94.8915023803711,94.8915023803711,48838000
2019-06-27,95.0999984741211,95.56199645996094,94.9020004272461,95.21399688720705,95.21399688720705,42834000
2019-06-28,95.45500183105467,95.64700317382812,94.1999969482422,94.68150329589844,94.68150329589844,60748000
2019-07-01,96.14900207519533,96.49099731445312,95.73300170898438,96.1094970703125,96.1094970703125,63842000
2019-07-02,95.96900177001952,96.739501953125,95.3314971923828,96.71549987792967,96.71549987792967,52918000
2019-07-03,96.79450225830078,97.07949829101562,96.5250015258789,96.9499969482422,96.9499969482422,33806000
2019-07-05,96.43000030517578,97.29499816894533,96.26499938964844,97.14550018310548,97.14550018310548,52568000
2019-07-08,96.70600128173828,97.8000030517578,96.4124984741211,97.61599731445312,97.61599731445312,57668000
2019-07-09,97.38999938964844,99.50050354003906,97.17400360107422,99.41500091552734,99.41500091552734,86914000
2019-07-10,99.82550048828124,101.24700164794922,99.7699966430664,100.87049865722656,100.87049865722656,98638000
2019-07-11,101.28099822998048,101.79000091552734,99.76499938964844,100.05349731445312,100.05349731445312,86356000
2019-07-12,100.41349792480467,100.8499984741211,100.19349670410156,100.5500030517578,100.5500030517578,50186000
2019-07-15,101.06999969482422,101.1449966430664,100.07749938964844,101.04949951171876,101.04949951171876,59626000
2019-07-16,100.52899932861328,101.31600189208984,100.06099700927734,100.49500274658205,100.49500274658205,52364000
2019-07-17,100.35250091552734,100.5999984741211,99.60150146484376,99.60150146484376,99.60150146484376,51176000
2019-07-18,99.00050354003906,99.375,97.57749938964844,98.8949966430664,98.8949966430664,69738000
2019-07-19,99.5605010986328,99.8000030517578,98.11150360107422,98.22599792480467,98.22599792480467,63712000
2019-07-22,98.55699920654295,99.4499969482422,97.91300201416016,99.28150177001952,99.28150177001952,58000000
2019-07-23,99.79949951171876,99.8895034790039,98.65650177001952,99.72450256347656,99.72450256347656,54070000
2019-07-24,98.46499633789062,100.06500244140624,98.2935028076172,100.04049682617188,100.04049682617188,52626000
2019-07-25,100.0500030517578,100.05999755859376,98.63600158691406,98.69100189208984,98.69100189208984,82730000
2019-07-26,97.0999984741211,97.54499816894533,96.22550201416016,97.15249633789062,97.15249633789062,98542000
2019-07-29,96.5,96.61150360107422,94.5270004272461,95.62249755859376,95.62249755859376,89864000
2019-07-30,94.55599975585938,95.49449920654295,94.17400360107422,94.92649841308594,94.92649841308594,58218000
2019-07-31,94.90550231933594,94.97750091552734,92.47200012207033,93.33899688720705,93.33899688720705,89414000
2019-08-01,93.58599853515624,94.89600372314452,92.20050048828124,92.76599884033205,92.76599884033205,94266000
2019-08-02,92.25350189208984,92.31800079345705,90.4010009765625,91.16200256347656,91.16200256347656,99124000
2019-08-05,88.51100158691406,89.43350219726562,87.43900299072266,88.25650024414062,88.25650024414062,121164000
2019-08-06,89.61150360107422,89.6884994506836,87.66999816894531,89.3915023803711,89.3915023803711,101406000
2019-08-07,88.69950103759766,89.94650268554688,87.8499984741211,89.66999816894531,89.66999816894531,90538000
2019-08-08,90.3000030517578,91.71299743652344,89.90550231933594,91.64450073242188,91.64450073242188,74024000
2019-08-09,91.44750213623048,91.55449676513672,90.11100006103516,90.37899780273438,90.37899780273438,57596000
2019-08-12,89.79949951171875,90.04900360107422,88.8499984741211,89.24600219726562,89.24600219726562,58110000
2019-08-13,89.1500015258789,91.58699798583984,89.0,91.21700286865234,91.21700286865234,79880000
2019-08-14,89.65049743652344,89.78250122070312,87.86100006103516,88.14800262451172,88.14800262451172,97872000
2019-08-15,89.09950256347656,89.4000015258789,88.0979995727539,88.80599975585938,88.80599975585938,75182000
2019-08-16,89.64450073242188,90.14550018310548,89.22750091552734,89.62850189208984,89.62850189208984,60360000
2019-08-19,90.90399932861328,91.3000030517578,90.63050079345705,90.80599975585938,90.80599975585938,56326000
2019-08-20,90.7249984741211,90.84100341796876,89.99400329589844,90.06900024414062,90.06900024414062,38590000
2019-08-21,90.96949768066406,91.47899627685548,90.75,91.177001953125,91.177001953125,40636000
2019-08-22,91.4000015258789,91.47049713134766,90.00499725341797,90.23300170898438,90.23300170898438,53070000
2019-08-23,89.65149688720703,90.24500274658205,87.2614974975586,87.48100280761719,87.48100280761719,105416000
2019-08-26,88.34549713134766,88.5,87.17549896240234,88.44349670410156,88.44349670410156,61600000
2019-08-27,88.7864990234375,88.97000122070312,87.33399963378906,88.09149932861328,88.09149932861328,60394000
2019-08-28,87.75,88.39299774169922,87.20249938964844,88.2125015258789,88.2125015258789,48394000
2019-08-29,89.1500015258789,89.92749786376953,88.86250305175781,89.31999969482422,89.31999969482422,60302000
2019-08-30,89.87449645996094,89.98699951171875,88.22850036621094,88.81449890136719,88.81449890136719,61174000
2019-09-03,88.5,90.04000091552734,88.4000015258789,89.49199676513672,89.49199676513672,70860000
2019-09-04,90.25,90.38150024414062,89.8115005493164,90.03099822998047,90.03099822998047,46482000
2019-09-05,91.09750366210938,92.0999984741211,90.77899932861328,92.03600311279295,92.03600311279295,66216000
2019-09-06,91.91100311279295,92.03250122070312,91.31999969482422,91.67549896240234,91.67549896240234,49938000
2019-09-09,92.0500030517578,92.5,91.23049926757812,91.56749725341795,91.56749725341795,59990000
2019-09-10,91.1374969482422,91.29049682617188,90.26699829101562,91.02749633789062,91.02749633789062,52278000
2019-09-11,90.60700225830078,91.6709976196289,90.4540023803711,91.14949798583984,91.14949798583984,48656000
2019-09-12,91.88150024414062,92.68299865722656,91.71399688720705,92.17749786376952,92.17749786376952,56470000
2019-09-13,92.10050201416016,92.30599975585938,91.7584991455078,91.96700286865234,91.96700286865234,39426000
2019-09-16,91.20099639892578,91.28450012207033,90.01000213623047,90.39199829101562,90.39199829101562,73510000
2019-09-17,90.35399627685548,91.19950103759766,90.20500183105467,91.12750244140624,91.12750244140624,39648000
2019-09-18,90.85199737548828,91.10299682617188,89.7750015258789,90.8730010986328,90.8730010986328,50112000
2019-09-19,91.0510025024414,91.62850189208984,90.8949966430664,91.0749969482422,91.0749969482422,40630000
2019-09-20,91.08550262451172,91.53150177001952,89.0459976196289,89.70800018310547,89.70800018310547,106838000
2019-09-23,88.8499984741211,89.63500213623047,88.36599731445312,89.26499938964844,89.26499938964844,58446000
2019-09-24,89.53050231933594,89.7854995727539,86.77749633789062,87.08049774169922,87.08049774169922,92320000
2019-09-25,87.36799621582031,88.6500015258789,86.1500015258789,88.41649627685547,88.41649627685547,69864000
2019-09-26,88.1395034790039,88.16850280761719,86.57499694824219,86.99199676513672,86.99199676513672,70736000
2019-09-27,87.4000015258789,87.45600128173828,85.69100189208984,86.27249908447266,86.27249908447266,78144000
2019-09-30,86.34950256347656,86.87300109863281,85.46099853515625,86.79550170898438,86.79550170898438,52894000
2019-10-01,87.30000305175781,87.77999877929688,86.42050170898438,86.78250122070312,86.78250122070312,61690000
2019-10-02,86.38700103759766,86.44450378417969,85.25,85.6614990234375,85.6614990234375,66022000
2019-10-03,85.6500015258789,86.25,84.25299835205078,86.22100067138672,86.22100067138672,69364000
2019-10-04,86.3010025024414,87.02899932861328,85.96150207519531,86.98249816894531,86.98249816894531,49438000
2019-10-07,86.58149719238281,87.3915023803711,86.18499755859375,86.63300323486328,86.63300323486328,43094000
2019-10-08,86.12449645996094,86.3499984741211,85.25,85.27549743652344,85.27549743652344,50840000
2019-10-09,85.98049926757812,86.49749755859375,85.71800231933594,86.09950256347656,86.09950256347656,40870000
2019-10-10,86.26200103759766,86.91449737548828,85.6875,86.01300048828125,86.01300048828125,51504000
2019-10-11,87.14600372314453,87.27249908447266,86.49299621582031,86.59600067138672,86.59600067138672,65100000
2019-10-14,86.44550323486328,87.09449768066406,86.0999984741211,86.82150268554688,86.82150268554688,38204000
2019-10-15,87.10700225830078,88.82250213623047,87.03099822998047,88.36900329589844,88.36900329589844,62234000
2019-10-16,88.66649627685547,89.31199645996094,88.5260009765625,88.87149810791016,88.87149810791016,55268000
2019-10-17,89.82450103759766,89.94249725341797,89.10099792480469,89.3740005493164,89.3740005493164,52948000
2019-10-18,89.38999938964844,89.6989974975586,87.45999908447266,87.87550354003906,87.87550354003906,67250000
2019-10-21,88.48300170898438,89.29399871826172,88.25,89.28299713134766,89.28299713134766,42608000
2019-10-22,89.40750122070312,89.48899841308594,88.0999984741211,88.2864990234375,88.2864990234375,42234000
2019-10-23,88.06500244140625,88.50250244140625,87.0999984741211,88.1084976196289,88.1084976196289,42764000
2019-10-24,88.55449676513672,89.41699981689453,88.01349639892578,89.03900146484375,89.03900146484375,88922000
2019-10-25,84.87750244140625,88.21050262451172,84.75,88.06649780273438,88.06649780273438,192528000
2019-10-28,87.40299987792969,88.93499755859375,87.125,88.85399627685547,88.85399627685547,74178000
2019-10-29,88.7405014038086,88.8499984741211,87.79049682617188,88.135498046875,88.135498046875,45538000
2019-10-30,88.01200103759766,89.11900329589844,87.95600128173828,88.99949645996094,88.99949645996094,48988000
2019-10-31,88.79949951171875,89.5999984741211,88.5739974975586,88.83300018310547,88.83300018310547,55624000
2019-11-01,89.40049743652344,89.87249755859375,89.260498046875,89.5719985961914,89.5719985961914,55808000
2019-11-04,90.05049896240234,90.75299835205078,90.05049896240234,90.23300170898438,90.23300170898438,55438000
2019-11-05,90.45800018310548,90.5124969482422,89.69999694824219,90.08550262451172,90.08550262451172,37710000
2019-11-06,90.05000305175781,90.125,89.42900085449219,89.78849792480469,89.78849792480469,40596000
2019-11-07,90.18800354003906,90.29499816894533,89.17400360107422,89.41000366210938,89.41000366210938,53022000
2019-11-08,89.39450073242188,89.49400329589844,88.7020034790039,89.29399871826172,89.29399871826172,42466000
2019-11-11,88.9000015258789,89.0,88.35649871826172,88.5824966430664,88.5824966430664,38920000
2019-11-12,88.73300170898438,89.31099700927734,88.59549713134766,88.9000015258789,88.9000015258789,40752000
2019-11-13,88.66950225830078,88.75,87.36599731445312,87.65550231933594,87.65550231933594,59790000
2019-11-14,87.57150268554688,88.32949829101562,87.47799682617188,87.7300033569336,87.7300033569336,45296000
2019-11-15,88.00250244140625,88.08399963378906,86.64299774169922,86.97450256347656,86.97450256347656,78552000
2019-11-18,86.91500091552734,87.68499755859375,86.135498046875,87.62650299072266,87.62650299072266,56790000
2019-11-19,87.84950256347656,88.03399658203125,87.15149688720703,87.6395034790039,87.6395034790039,45416000
2019-11-20,87.45700073242188,88.1259994506836,86.70600128173828,87.27649688720703,87.27649688720703,55800000
2019-11-21,87.1500015258789,87.34349822998047,86.51799774169922,86.7354965209961,86.7354965209961,53258000
2019-11-22,86.95099639892578,87.32150268554688,86.55000305175781,87.28600311279297,87.28600311279297,49582000
2019-11-25,87.6624984741211,88.87100219726562,87.66200256347656,88.69200134277344,88.69200134277344,69724000
2019-11-26,88.99600219726562,89.85150146484375,88.9175033569336,89.84700012207031,89.84700012207031,63624000
2019-11-27,90.05000305175781,91.2249984741211,89.8655014038086,90.92549896240234,90.92549896240234,60512000
2019-11-29,90.88899993896484,91.2344970703125,90.03949737548828,90.04000091552734,90.04000091552734,38468000
2019-12-02,90.22000122070312,90.27749633789062,88.13400268554688,89.08000183105469,89.08000183105469,78512000
2019-12-03,88.0,88.64350128173828,87.36150360107422,88.49800109863281,88.49800109863281,67618000
2019-12-04,88.70050048828125,89.45449829101562,88.01100158691406,88.03450012207031,88.03450012207031,53402000
2019-12-05,88.17500305175781,88.17500305175781,87.0,87.02400207519531,87.02400207519531,56476000
2019-12-06,87.55999755859375,87.72000122070312,87.00650024414062,87.58000183105469,87.58000183105469,62348000
2019-12-09,87.53299713134766,88.34449768066406,87.28050231933594,87.47550201416016,87.47550201416016,48856000
2019-12-10,87.37000274658203,87.53350067138672,86.75,86.96050262451172,86.96050262451172,50286000
2019-12-11,87.08350372314453,87.5,86.7854995727539,87.43599700927734,87.43599700927734,41952000
2019-12-12,87.5,88.19999694824219,87.27200317382812,88.0165023803711,88.0165023803711,61918000
2019-12-13,88.25,88.44950103759766,87.75,88.0469970703125,88.0469970703125,54914000
2019-12-16,88.3499984741211,88.4749984741211,87.85250091552734,88.46050262451172,88.46050262451172,62904000
2019-12-17,88.90049743652344,89.5999984741211,88.86949920654297,89.53299713134766,89.53299713134766,72888000
2019-12-18,89.7509994506836,89.91000366210938,89.11799621582031,89.20149993896484,89.20149993896484,67028000
2019-12-19,89.0250015258789,89.64949798583984,88.7030029296875,89.61399841308594,89.61399841308594,53056000
2019-12-20,89.98100280761719,90.14849853515624,89.12249755859375,89.32499694824219,89.32499694824219,103016000
2019-12-23,89.41300201416016,89.6500015258789,89.22550201416016,89.6500015258789,89.6500015258789,42728000
2019-12-24,89.69049835205078,89.77850341796875,89.37899780273438,89.46050262451172,89.46050262451172,17626000
2019-12-26,90.05049896240234,93.52300262451172,89.9749984741211,93.4384994506836,93.4384994506836,120108000
2019-12-27,94.14600372314452,95.06999969482422,93.30049896240234,93.48999786376952,93.48999786376952,123732000
2019-12-30,93.6999969482422,94.1999969482422,92.03099822998048,92.34449768066406,92.34449768066406,73494000
2019-12-31,92.0999984741211,92.66300201416016,91.61150360107422,92.39199829101562,92.39199829101562,50130000
2020-01-02,93.75,94.90049743652344,93.2074966430664,94.90049743652344,94.90049743652344,80580000
2020-01-03,93.2249984741211,94.30999755859376,93.2249984741211,93.74849700927734,93.74849700927734,75288000
2020-01-06,93.0,95.18450164794922,93.0,95.1439971923828,95.1439971923828,81236000
2020-01-07,95.2249984741211,95.69450378417967,94.60199737548828,95.34300231933594,95.34300231933594,80898000
2020-01-08,94.9020004272461,95.5500030517578,94.3219985961914,94.59850311279295,94.59850311279295,70160000
2020-01-09,95.49449920654295,95.89099884033205,94.79000091552734,95.05249786376952,95.05249786376952,63346000
2020-01-10,95.26850128173828,95.34700012207033,94.0,94.15799713134766,94.15799713134766,57074000
2020-01-13,94.56549835205078,94.9000015258789,94.04000091552734,94.56500244140624,94.56500244140624,55616000
2020-01-14,94.29399871826172,94.35549926757812,92.92749786376952,93.47200012207033,93.47200012207033,68818000
2020-01-15,93.6125030517578,93.94300079345705,92.75450134277344,93.10099792480467,93.10099792480467,57932000
2020-01-16,94.14949798583984,94.27950286865234,93.3010025024414,93.89700317382812,93.89700317382812,53190000
2020-01-17,94.29450225830078,94.33200073242188,92.8625030517578,93.23600006103516,93.23600006103516,79946000
2020-01-21,93.25,94.7135009765625,93.0,94.5999984741211,94.5999984741211,74156000
2020-01-22,94.80449676513672,95.125,94.16699981689452,94.3730010986328,94.3730010986328,64326000
2020-01-23,94.25550079345705,94.4990005493164,93.63800048828124,94.22899627685548,94.22899627685548,49692000
2020-01-24,94.56849670410156,94.74949645996094,92.37200164794922,93.08200073242188,93.08200073242188,75324000
2020-01-27,91.0,92.0500030517578,90.76699829101562,91.41699981689452,91.41699981689452,70570000
2020-01-28,92.0250015258789,92.90550231933594,91.5009994506836,92.6624984741211,92.6624984741211,56160000
2020-01-29,93.1999969482422,93.7375030517578,92.7509994506836,92.9000015258789,92.9000015258789,41760000
2020-01-30,92.9000015258789,93.64350128173828,92.53050231933594,93.53399658203124,93.53399658203124,126548000
2020-01-31,102.57350158691406,102.78600311279295,100.1135025024414,100.43599700927734,100.43599700927734,311346000
2020-02-03,100.52999877929688,102.4250030517578,100.0124969482422,100.20999908447266,100.20999908447266,117834000
2020-02-04,101.49400329589844,102.98999786376952,100.76850128173828,102.4834976196289,102.4834976196289,105786000
2020-02-05,103.5510025024414,103.5510025024414,101.5999984741211,101.99349975585938,101.99349975585938,87524000
2020-02-06,102.0510025024414,102.81500244140624,101.23999786376952,102.5114974975586,102.5114974975586,63660000
2020-02-07,102.09950256347656,104.92649841308594,101.90499877929688,103.96399688720705,103.96399688720705,101906000
2020-02-10,104.25050354003906,106.77999877929688,104.2480010986328,106.69550323486328,106.69550323486328,101124000
2020-02-11,107.54499816894533,109.29750061035156,106.8000030517578,107.54000091552734,107.54000091552734,114920000
2020-02-12,108.16000366210938,109.0124969482422,107.7645034790039,108.0,108.0,66686000
2020-02-13,107.24949645996094,108.51399993896484,107.0999984741211,107.49349975585938,107.49349975585938,60636000
2020-02-14,107.78399658203124,107.9520034790039,106.29450225830078,106.74349975585938,106.74349975585938,52124000
2020-02-18,106.2509994506836,108.30349731445312,106.20549774169922,107.78350067138672,107.78350067138672,58912000
2020-02-19,108.38999938964844,109.25499725341795,108.05599975585938,108.51100158691406,108.51100158691406,51224000
2020-02-20,108.65350341796876,108.8395004272461,106.37249755859376,107.65499877929688,107.65499877929688,62626000
2020-02-21,107.10749816894533,107.22750091552734,104.4000015258789,104.79850006103516,104.79850006103516,92926000
2020-02-24,100.15899658203124,101.96499633789062,99.39849853515624,100.4645004272461,100.4645004272461,130940000
2020-02-25,101.3209991455078,101.7300033569336,97.9209976196289,98.63700103759766,98.63700103759766,124382000
2020-02-26,98.51399993896484,100.7334976196289,98.02249908447266,98.97949981689452,98.97949981689452,104492000
2020-02-27,96.71900177001952,98.75,94.13800048828124,94.21499633789062,94.21499633789062,162880000
2020-02-28,90.73149871826172,94.48799896240234,90.55650329589844,94.1875,94.1875,189620000
2020-03-02,95.32450103759766,97.72550201416016,93.5,97.69750213623048,97.69750213623048,135234000
2020-03-03,98.76850128173828,99.81649780273438,94.40450286865234,95.44950103759766,95.44950103759766,150690000
2020-03-04,97.32849884033205,98.9000015258789,96.0999984741211,98.79149627685548,98.79149627685548,95458000
2020-03-05,96.6500015258789,98.03600311279295,95.5,96.20149993896484,96.20149993896484,94964000
2020-03-06,93.75,95.5435028076172,93.4749984741211,95.05449676513672,95.05449676513672,105472000
2020-03-09,88.69300079345703,93.13849639892578,88.06449890136719,90.03050231933594,90.03050231933594,156264000
2020-03-10,93.54399871826172,94.7135009765625,90.90850067138672,94.59100341796876,94.59100341796876,142666000
2020-03-11,92.89250183105467,93.56600189208984,90.0749969482422,91.04299926757812,91.04299926757812,112496000
2020-03-12,86.0989990234375,88.25,83.75,83.83049774169922,83.83049774169922,226924000
2020-03-13,87.75,89.31549835205078,84.03099822998047,89.25,89.25,176194000
2020-03-16,82.07550048828125,87.97250366210938,81.30149841308594,84.4574966430664,84.4574966430664,178346000
2020-03-17,88.77349853515625,92.88899993896484,84.46199798583984,90.39199829101562,90.39199829101562,218342000
2020-03-18,87.5,92.08300018310548,87.25,91.5,91.5,192904000
2020-03-19,93.0,97.25,91.63249969482422,94.04650115966795,94.04650115966795,207998000
2020-03-20,96.31549835205078,97.8499984741211,91.0364990234375,92.30449676513672,92.30449676513672,196358000
2020-03-23,91.3874969482422,95.97000122070312,90.5999984741211,95.1415023803711,95.1415023803711,156170000
2020-03-24,97.5749969482422,97.75,95.01699829101562,97.00499725341795,97.00499725341795,142942000
2020-03-25,96.03450012207033,97.51300048828124,94.28900146484376,94.29199981689452,94.29199981689452,129582000
2020-03-26,95.0999984741211,97.82450103759766,94.4645004272461,97.77449798583984,97.77449798583984,124426000
2020-03-27,96.54299926757812,96.989501953125,94.99600219726562,95.00499725341795,95.00499725341795,107758000
2020-03-30,96.1415023803711,98.68150329589844,95.61699676513672,98.19750213623048,98.19750213623048,122522000
2020-03-31,98.21749877929688,99.6510009765625,97.20050048828124,97.48600006103516,97.48600006103516,102472000
2020-04-01,96.64849853515624,97.2480010986328,94.6500015258789,95.38500213623048,95.38500213623048,82438000
2020-04-02,95.08200073242188,96.37650299072266,94.5,95.94149780273438,95.94149780273438,86720000
2020-04-03,95.55750274658205,96.31649780273438,94.4574966430664,95.32949829101562,95.32949829101562,72198000
2020-04-06,96.8000030517578,99.9260025024414,96.5009994506836,99.87950134277344,99.87950134277344,115464000
2020-04-07,100.85549926757812,101.78600311279295,99.88099670410156,100.58000183105467,100.58000183105467,102280000
2020-04-08,101.0500030517578,102.1999969482422,100.55750274658205,102.1500015258789,102.1500015258789,79546000
2020-04-09,102.21499633789062,102.6500015258789,100.88300323486328,102.13800048828124,102.13800048828124,92930000
2020-04-13,102.0,109.0,101.9000015258789,108.44349670410156,108.44349670410156,134334000
2020-04-14,110.02349853515624,114.5999984741211,109.3105010986328,114.16600036621094,114.16600036621094,161744000
2020-04-15,112.88400268554688,116.6685028076172,112.25,115.38400268554688,115.38400268554688,137332000
2020-04-16,117.3000030517578,123.0500030517578,116.75,120.40950012207033,120.40950012207033,240764000
2020-04-17,118.6165008544922,120.0,115.8010025024414,118.75,118.75,158600000
2020-04-20,119.49749755859376,122.2490005493164,119.30249786376952,119.68049621582033,119.68049621582033,115414000
2020-04-21,120.83049774169922,121.41549682617188,113.98300170898438,116.40599822998048,116.40599822998048,149534000
2020-04-22,118.4499969482422,119.6999969482422,117.5500030517578,118.17449951171876,118.17449951171876,84244000
2020-04-23,119.9990005493164,121.21099853515624,119.10399627685548,119.97250366210938,119.97250366210938,101332000
2020-04-24,120.8499984741211,121.02149963378906,119.0999984741211,120.51100158691406,120.51100158691406,76498000
2020-04-27,122.16000366210938,122.24400329589844,118.1500015258789,118.8000030517578,118.8000030517578,112912000
2020-04-28,118.6050033569336,118.6750030517578,115.3000030517578,115.7040023803711,115.7040023803711,105388000
2020-04-29,116.50050354003906,119.59449768066406,115.5,118.635498046875,118.635498046875,91832000
2020-04-30,120.99199676513672,123.75,119.80049896240234,123.6999969482422,123.6999969482422,190692000
2020-05-01,116.83999633789062,118.12200164794922,112.90950012207033,114.302001953125,114.302001953125,195452000
2020-05-04,112.81900024414062,116.3489990234375,112.81900024414062,115.79949951171876,115.79949951171876,97318000
2020-05-05,117.0,117.5500030517578,115.35649871826172,115.88999938964844,115.88999938964844,64850000
2020-05-06,116.47200012207033,117.87249755859376,116.0,117.56300354003906,117.56300354003906,62356000
2020-05-07,118.73899841308594,118.8000030517578,117.15550231933594,118.38050079345705,118.38050079345705,67928000
2020-05-08,118.60700225830078,119.36199951171876,117.8499984741211,118.98049926757812,118.98049926757812,64132000
2020-05-11,118.73500061035156,120.9834976196289,118.60549926757812,120.4499969482422,120.4499969482422,65184000
2020-05-12,120.59249877929688,120.9499969482422,117.75,117.84750366210938,117.84750366210938,61498000
2020-05-13,118.33999633789062,120.38500213623048,116.88999938964844,118.39600372314452,118.39600372314452,95658000
2020-05-14,118.05049896240234,119.56849670410156,117.6604995727539,119.44249725341795,119.44249725341795,72962000
2020-05-15,118.4260025024414,120.5500030517578,117.81849670410156,120.48899841308594,120.48899841308594,84700000
2020-05-18,120.21749877929688,121.6500015258789,119.20050048828124,121.31300354003906,121.31300354003906,87144000
2020-05-19,121.4915008544922,124.25,121.44850158691406,122.46649932861328,122.46649932861328,86410000
2020-05-20,123.89350128173828,125.00050354003906,123.3635025024414,124.89700317382812,124.89700317382812,79962000
2020-05-21,125.0,126.27249908447266,122.1269989013672,122.33699798583984,122.33699798583984,102288000
2020-05-22,122.75050354003906,123.49250030517578,121.50650024414062,121.84400177001952,121.84400177001952,57342000
2020-05-26,122.9000015258789,123.0999984741211,120.7030029296875,121.09300231933594,121.09300231933594,71364000
2020-05-27,120.24949645996094,120.6790008544922,116.5,120.51950073242188,120.51950073242188,101138000
2020-05-28,119.21649932861328,121.84850311279295,118.9114990234375,120.05500030517578,120.05500030517578,63804000
2020-05-29,120.7969970703125,122.11849975585938,119.91000366210938,122.11849975585938,122.11849975585938,70198000
2020-06-01,122.4000015258789,123.84649658203124,122.20850372314452,123.552001953125,123.552001953125,58578000
2020-06-02,123.3499984741211,123.67649841308594,122.2655029296875,123.62049865722656,123.62049865722656,50598000
2020-06-03,123.40049743652344,124.4000015258789,123.05850219726562,123.91999816894533,123.91999816894533,53420000
2020-06-04,123.87149810791016,125.3769989013672,122.50050354003906,123.02999877929688,123.02999877929688,58974000
2020-06-05,122.22550201416016,124.43250274658205,121.85649871826172,124.1500015258789,124.1500015258789,66128000
2020-06-08,125.01000213623048,126.5,124.36699676513672,126.2030029296875,126.2030029296875,79414000
2020-06-09,126.47200012207033,131.32150268554688,126.25,130.04299926757812,130.04299926757812,103520000
2020-06-10,132.25,136.11749267578125,131.31300354003906,132.37249755859375,132.37249755859375,98920000
2020-06-11,130.1750030517578,133.56900024414062,126.8115005493164,127.89800262451172,127.89800262451172,116002000
2020-06-12,130.0605010986328,131.07400512695312,125.1675033569336,127.2509994506836,127.2509994506836,108722000
2020-06-15,126.33000183105467,129.1999969482422,125.4000015258789,128.63400268554688,128.63400268554688,77302000
2020-06-16,131.0,131.0,128.8000030517578,130.7635040283203,130.7635040283203,71712000
2020-06-17,132.375,132.75,131.59100341796875,132.0489959716797,132.0489959716797,59186000
2020-06-18,132.35049438476562,132.98199462890625,131.8054962158203,132.69900512695312,132.69900512695312,49756000
2020-06-19,133.9040069580078,134.8715057373047,132.9499969482422,133.75050354003906,133.75050354003906,115540000
2020-06-22,134.22500610351562,135.75,133.4499969482422,135.6909942626953,135.6909942626953,64176000
2020-06-23,136.30099487304688,139.15550231933594,135.90199279785156,138.2205047607422,138.2205047607422,84634000
2020-06-24,139.0,139.8000030517578,136.0500030517578,136.72000122070312,136.72000122070312,90532000
2020-06-25,136.9774932861328,137.81149291992188,135.60699462890625,137.72900390625,137.72900390625,59374000
2020-06-26,138.7530059814453,139.1284942626953,134.39999389648438,134.64349365234375,134.64349365234375,130016000
2020-06-29,134.50050354003906,134.83999633789062,131.50399780273438,134.0189971923828,134.0189971923828,84468000
2020-06-30,134.2534942626953,138.48150634765625,133.75149536132812,137.9409942626953,137.9409942626953,75394000
2020-07-01,137.89950561523438,144.75,137.6999969482422,143.93499755859375,143.93499755859375,127268000
2020-07-02,145.60049438476562,147.7779998779297,143.55499267578125,144.51499938964844,144.51499938964844,131868000
2020-07-06,146.74850463867188,152.99400329589844,146.5,152.8520050048828,152.8520050048828,137612000
2020-07-07,152.92750549316406,153.4774932861328,149.5,150.00599670410156,150.00599670410156,105150000
2020-07-08,151.1304931640625,154.19850158691406,150.6215057373047,154.0554962158203,154.0554962158203,100752000
2020-07-09,155.79949951171875,159.69400024414062,153.6999969482422,159.13150024414062,159.13150024414062,127774000
2020-07-10,159.58799743652344,160.75,156.78500366210938,160.0,160.0,109720000
2020-07-13,162.55299377441406,167.21449279785156,153.41949462890625,155.1999969482422,155.1999969482422,154408000
2020-07-14,154.4499969482422,156.36900329589844,147.5,154.1999969482422,154.1999969482422,144638000
2020-07-15,154.01150512695312,154.91749572753906,148.65899658203125,150.44349670410156,150.44349670410156,115778000
2020-07-16,148.55299377441406,151.60000610351562,145.9114990234375,149.9949951171875,149.9949951171875,127884000
2020-07-17,150.4499969482422,151.1999969482422,147.42250061035156,148.09849548339844,148.09849548339844,95226000
2020-07-20,150.00999450683594,160.0679931640625,149.7010040283203,159.8419952392578,159.8419952392578,151964000
2020-07-21,161.62449645996094,162.0290069580078,155.28599548339844,156.9145050048828,156.9145050048828,122426000
2020-07-22,156.25,157.5,153.26300048828125,154.99549865722656,154.99549865722656,82084000
2020-07-23,154.9134979248047,154.9134979248047,148.5,149.32749938964844,149.32749938964844,113138000
2020-07-24,146.5,151.57899475097656,144.39999389648438,150.44549560546875,150.44549560546875,112648000
2020-07-27,153.10000610351562,154.89999389648438,150.7884979248047,152.760498046875,152.760498046875,83410000
2020-07-28,152.7135009765625,153.85450744628906,149.78799438476562,150.01649475097656,150.01649475097656,62534000
2020-07-29,151.54949951171875,151.95799255371094,149.8385009765625,151.67649841308594,151.67649841308594,59482000
2020-07-30,150.6999969482422,154.60000610351562,150.25,152.593994140625,152.593994140625,122566000
2020-07-31,162.1999969482422,162.34100341796875,157.5500030517578,158.23399353027344,158.23399353027344,161710000
2020-08-03,159.02549743652344,159.1999969482422,155.1999969482422,155.59449768066406,155.59449768066406,101494000
2020-08-04,155.0605010986328,158.36199951171875,155.0605010986328,156.94149780273438,156.94149780273438,93886000
2020-08-05,157.18850708007812,160.67950439453125,156.36500549316406,160.25149536132812,160.25149536132812,78330000
2020-08-06,159.71800231933594,162.37350463867188,158.27149963378906,161.25,161.25,78812000
2020-08-07,161.20050048828125,162.04049682617188,157.0334930419922,158.3730010986328,158.3730010986328,78722000
2020-08-10,158.5155029296875,158.62550354003906,155.0760040283203,157.4080047607422,157.4080047607422,63346000
2020-08-11,155.66000366210938,157.96099853515625,153.64999389648438,154.0334930419922,154.0334930419922,74362000
2020-08-12,155.39999389648438,158.71949768066406,155.0709991455078,158.11199951171875,158.11199951171875,70442000
2020-08-13,159.14950561523438,160.87600708007812,157.75,158.05099487304688,158.05099487304688,62980000
2020-08-14,158.90899658203125,158.91200256347656,156.0,157.4010009765625,157.4010009765625,55034000
2020-08-17,158.656005859375,159.74850463867188,157.70899963378906,159.12049865722656,159.12049865722656,53824000
2020-08-18,160.60000610351562,166.0,160.29100036621094,165.62449645996094,165.62449645996094,106920000
2020-08-19,165.15049743652344,165.7949981689453,162.8000030517578,163.0240020751953,163.0240020751953,83702000
2020-08-20,162.60000610351562,165.63099670410156,161.89999389648438,164.86849975585938,164.86849975585938,66650000
2020-08-21,164.75,165.72000122070312,163.76950073242188,164.23599243164062,164.23599243164062,71518000
2020-08-24,165.50750732421875,169.01600646972656,162.8780059814453,165.3730010986328,165.3730010986328,93326000
2020-08-25,164.74949645996094,167.8699951171875,163.35000610351562,167.32449340820312,167.32449340820312,79856000
2020-08-26,167.5554962158203,172.58700561523438,167.22850036621094,172.09249877929688,172.09249877929688,130174000
2020-08-27,172.50250244140625,172.64999389648438,168.89999389648438,170.0,170.0,85296000
2020-08-28,171.14999389648438,171.6685028076172,169.3249969482422,170.08999633789062,170.08999633789062,57940000
2020-08-31,170.44949340820312,174.75,170.25,172.54800415039062,172.54800415039062,83718000
2020-09-01,174.47900390625,175.69349670410156,173.35000610351562,174.95599365234375,174.95599365234375,68644000
2020-09-02,177.35000610351562,177.6125030517578,174.33450317382812,176.57249450683594,176.57249450683594,78630000
2020-09-03,174.25,174.42050170898438,165.14999389648438,168.39999389648438,168.39999389648438,163222000
2020-09-04,165.89999389648438,169.0749969482422,155.55650329589844,164.7310028076172,164.7310028076172,175636000
2020-09-08,157.1999969482422,162.54249572753906,156.5,157.49200439453125,157.49200439453125,121884000
2020-09-09,160.14950561523438,165.15899658203125,159.25,163.4304962158203,163.4304962158203,103774000
2020-09-10,165.36099243164062,167.4945068359375,158.52749633789062,158.7554931640625,158.7554931640625,106614000
2020-09-11,160.4344940185547,160.86700439453125,154.19900512695312,155.81100463867188,155.81100463867188,101880000
2020-09-14,158.64700317382812,159.3695068359375,154.8000030517578,155.14849853515625,155.14849853515625,90592000
2020-09-15,156.80799865722656,158.75100708007812,155.4459991455078,157.80650329589844,157.80650329589844,80430000
2020-09-16,158.99949645996094,159.36199951171875,153.70750427246094,153.90499877929688,153.90499877929688,90244000
2020-09-17,150.46249389648438,151.47149658203125,148.62750244140625,150.43649291992188,150.43649291992188,128982000
2020-09-18,151.58700561523438,151.88999938964844,145.27699279785156,147.74549865722656,147.74549865722656,177852000
2020-09-21,145.3249969482422,148.10000610351562,143.5500030517578,148.02349853515625,148.02349853515625,122358000
2020-09-22,151.69200134277344,156.69949340820312,150.00999450683594,156.44949340820312,156.44949340820312,138976000
2020-09-23,156.02149963378906,156.35000610351562,149.61900329589844,149.9929962158203,149.9929962158203,113054000
2020-09-24,148.88949584960938,153.46499633789062,148.25,150.989501953125,150.989501953125,110588000
2020-09-25,152.7429962158203,155.07699584960938,149.9499969482422,154.75650024414062,154.75650024414062,92304000
2020-09-28,157.4425048828125,158.7519989013672,155.85850524902344,158.70249938964844,158.70249938964844,84484000
2020-09-29,158.76950073242188,159.41299438476562,156.6269989013672,157.24400329589844,157.24400329589844,69916000
2020-09-30,157.0570068359375,160.6439971923828,156.69949340820312,157.43649291992188,157.43649291992188,97922000
2020-10-01,160.39999389648438,161.1999969482422,158.60000610351562,161.06300354003906,161.06300354003906,99438000
2020-10-02,157.68150329589844,159.7899932861328,156.14999389648438,156.25,156.25,112262000
2020-10-05,157.29200744628906,160.12649536132812,157.04249572753906,159.9600067138672,159.9600067138672,75506000
2020-10-06,158.25,159.10000610351562,154.5,154.9980010986328,154.9980010986328,101738000
2020-10-07,156.75,160.0,156.6195068359375,159.7845001220703,159.7845001220703,86188000
2020-10-08,161.24949645996094,161.6645050048828,158.74949645996094,159.52749633789062,159.52749633789062,63482000
2020-10-09,160.5,164.44949340820312,159.89149475097656,164.33250427246094,164.33250427246094,98158000
2020-10-12,167.4969940185547,174.81199645996094,166.9774932861328,172.14649963378906,172.14649963378906,167284000
2020-10-13,173.39950561523438,174.61900329589844,171.21099853515625,172.18150329589844,172.18150329589844,114894000
2020-10-14,172.35000610351562,173.24400329589844,167.0,168.1855010986328,168.1855010986328,116254000
2020-10-15,164.60049438476562,167.79400634765625,164.0,166.9324951171875,166.9324951171875,104468000
2020-10-16,168.1614990234375,169.98300170898438,158.0,163.635498046875,163.635498046875,129488000
2020-10-19,164.98049926757812,166.4499969482422,159.63699340820312,160.36050415039062,160.36050415039062,104472000
2020-10-20,161.11399841308594,163.3000030517578,159.60049438476562,160.85049438476562,160.85049438476562,90194000
2020-10-21,160.625,161.69400024414062,158.0,159.2469940185547,159.2469940185547,91854000
2020-10-22,159.49349975585938,159.9375,156.0970001220703,158.82000732421875,158.82000732421875,84240000
2020-10-23,159.5500030517578,160.26649475097656,157.0,160.22000122070312,160.22000122070312,69334000
2020-10-26,159.93699645996094,164.1490020751953,157.6649932861328,160.3520050048828,160.3520050048828,118024000
2020-10-27,161.2469940185547,164.58299255371094,160.56500244140625,164.31649780273438,164.31649780273438,85820000
2020-10-28,162.46499633789062,163.2010040283203,158.12350463867188,158.13900756835938,158.13900756835938,111766000
2020-10-29,160.06350708007812,162.8625030517578,158.1999969482422,160.55050659179688,160.55050659179688,131930000
2020-10-30,157.8874969482422,158.35000610351562,150.9499969482422,151.8074951171875,151.8074951171875,167728000
2020-11-02,153.08700561523438,153.98550415039062,147.50599670410156,150.2239990234375,150.2239990234375,145148000
2020-11-03,150.92649841308594,153.7449951171875,149.0489959716797,152.42050170898438,152.42050170898438,97958000
2020-11-04,157.99949645996094,162.24249267578125,156.9864959716797,162.05799865722656,162.05799865722656,136780000
2020-11-05,165.99850463867188,168.33999633789062,164.44400024414062,166.10000610351562,166.10000610351562,115786000
2020-11-06,165.23199462890625,166.10000610351562,161.60000610351562,165.56849670410156,165.56849670410156,92946000
2020-11-09,161.55149841308594,164.4499969482422,155.60549926757812,157.18699645996094,157.18699645996094,143808000
2020-11-10,154.75100708007812,155.6999969482422,150.9739990234375,151.75100708007812,151.75100708007812,131820000
2020-11-11,153.08900451660156,156.95750427246094,152.5,156.8695068359375,156.8695068359375,87338000
2020-11-12,157.99749755859375,158.79400634765625,154.30250549316406,155.51400756835938,155.51400756835938,87240000
2020-11-13,156.10000610351562,157.08599853515625,154.26950073242188,156.4405059814453,156.4405059814453,75124000
2020-11-16,154.66000366210938,157.13499450683594,153.63450622558594,156.55299377441406,156.55299377441406,76174000
2020-11-17,159.177001953125,159.46249389648438,156.76300048828125,156.7830047607422,156.7830047607422,68894000
2020-11-18,156.6999969482422,157.0,155.2550048828125,155.2729949951172,155.2729949951172,58336000
2020-11-19,155.2655029296875,156.25,154.04600524902344,155.8509979248047,155.8509979248047,60206000
2020-11-20,155.8509979248047,156.64450073242188,154.90249633789062,154.97000122070312,154.97000122070312,67488000
2020-11-23,155.8350067138672,156.9875030517578,153.2729949951172,154.91949462890625,154.91949462890625,94178000
2020-11-24,155.02499389648438,156.71249389648438,154.31300354003906,155.9029998779297,155.9029998779297,72042000
2020-11-25,157.093505859375,159.89999389648438,157.01300048828125,159.2534942626953,159.2534942626953,75808000
2020-11-27,160.56300354003906,160.8094940185547,159.50250244140625,159.76699829101562,159.76699829101562,47858000
2020-11-30,160.4239959716797,161.41949462890625,156.27749633789062,158.40199279785156,158.40199279785156,81278000
2020-12-01,159.4250030517578,162.44749450683594,157.85899353027344,161.00399780273438,161.00399780273438,90740000
2020-12-02,161.08250427246094,161.60000610351562,158.66299438476562,160.17649841308594,160.17649841308594,62586000
2020-12-03,160.2729949951172,161.4320068359375,159.0655059814453,159.3365020751953,159.3365020751953,57840000
2020-12-04,159.91050720214844,159.91050720214844,157.93800354003906,158.12899780273438,158.12899780273438,58272000
2020-12-07,157.82400512695312,159.03799438476562,157.08450317382812,157.89999389648438,157.89999389648438,55026000
2020-12-08,157.94500732421875,159.2064971923828,156.00100708007812,158.864501953125,158.864501953125,65726000
2020-12-09,158.39450073242188,158.72149658203125,154.39999389648438,155.2100067138672,155.2100067138672,82016000
2020-12-10,154.44949340820312,157.10499572753906,153.8000030517578,155.07449340820312,155.07449340820312,60604000
2020-12-11,154.83299255371094,155.93350219726562,153.64100646972656,155.8209991455078,155.8209991455078,61294000
2020-12-14,157.14999389648438,159.52349853515625,156.3000030517578,157.84849548339844,157.84849548339844,83116000
2020-12-15,159.05050659179688,159.4250030517578,156.52450561523438,158.25599670410156,158.25599670410156,66390000
2020-12-16,158.80050659179688,162.35000610351562,158.1840057373047,162.04800415039062,162.04800415039062,88552000
2020-12-17,162.5,163.17550659179688,161.0500030517578,161.8040008544922,161.8040008544922,69486000
2020-12-18,162.19949340820312,162.4709930419922,158.5800018310547,160.08250427246094,160.08250427246094,119914000
2020-12-21,160.00050354003906,161.34849548339844,158.3000030517578,160.3090057373047,160.3090057373047,76736000
2020-12-22,160.14199829101562,161.10000610351562,159.00399780273438,160.3260040283203,160.3260040283203,47388000
2020-12-23,160.25,160.50650024414062,159.20849609375,159.2635040283203,159.2635040283203,41876000
2020-12-24,159.69500732421875,160.10000610351562,158.4499969482422,158.63450622558594,158.63450622558594,29038000
2020-12-28,159.6999969482422,165.1999969482422,158.63450622558594,164.197998046875,164.197998046875,113736000
2020-12-29,165.4969940185547,167.53250122070312,164.06100463867188,166.10000610351562,166.10000610351562,97458000
2020-12-30,167.0500030517578,167.10499572753906,164.12350463867188,164.29249572753906,164.29249572753906,64186000
2020-12-31,163.75,164.14599609375,162.05999755859375,162.84649658203125,162.84649658203125,59144000
2021-01-04,163.5,163.60000610351562,157.2010040283203,159.3314971923828,159.3314971923828,88228000
2021-01-05,158.30050659179688,161.16900634765625,158.2530059814453,160.92550659179688,160.92550659179688,53110000
2021-01-06,157.32400512695312,159.87550354003906,156.55799865722656,156.91900634765625,156.91900634765625,87896000
2021-01-07,157.85000610351562,160.427001953125,157.75,158.10800170898438,158.10800170898438,70290000
2021-01-08,159.0,159.53199768066406,157.11000061035156,159.13499450683594,159.13499450683594,70754000
2021-01-11,157.40049743652344,157.81900024414062,155.5,155.7104949951172,155.7104949951172,73668000
2021-01-12,156.0,157.10699462890625,154.3000030517578,156.04150390625,156.04150390625,70292000
2021-01-13,156.4219970703125,159.49749755859375,156.10400390625,158.29449462890625,158.29449462890625,66424000
2021-01-14,158.37600708007812,158.89999389648438,156.0294952392578,156.37350463867188,156.37350463867188,61418000
2021-01-15,156.1510009765625,157.12750244140625,154.7584991455078,155.21249389648438,155.21249389648438,84880000
2021-01-19,155.35000610351562,157.25,154.8000030517578,156.03799438476562,156.03799438476562,66102000
2021-01-20,159.09950256347656,163.99000549316406,158.75,163.16900634765625,163.16900634765625,106196000
2021-01-21,164.64999389648438,167.42750549316406,164.47850036621094,165.34950256347656,165.34950256347656,98722000
2021-01-22,165.2154998779297,166.0955047607422,164.1580047607422,164.6114959716797,164.6114959716797,56438000
2021-01-25,166.4250030517578,168.1945037841797,162.15750122070312,164.6999969482422,164.6999969482422,74996000
2021-01-26,164.8179931640625,166.89999389648438,164.14349365234375,166.30650329589844,166.30650329589844,59104000
2021-01-27,167.07449340820312,167.3260040283203,160.35400390625,161.62899780273438,161.62899780273438,93204000
2021-01-28,161.7519989013672,165.08399963378906,161.4344940185547,161.88099670410156,161.88099670410156,62984000
2021-01-29,161.5,161.84950256347656,159.2274932861328,160.30999755859375,160.30999755859375,85872000
2021-02-01,162.1179962158203,167.51300048828125,161.75149536132812,167.1439971923828,167.1439971923828,83204000
2021-02-02,169.0,171.38699340820312,168.05650329589844,169.0,169.0,141972000
2021-02-03,171.25050354003906,171.6999969482422,165.43099975585938,165.62649536132812,165.62649536132812,141776000
2021-02-04,166.5,167.35000610351562,163.8874969482422,166.5500030517578,166.5500030517578,73414000
2021-02-05,165.9499969482422,168.85000610351562,165.135498046875,167.6074981689453,167.6074981689453,72416000
2021-02-08,167.9250030517578,168.25,165.1999969482422,166.14700317382812,166.14700317382812,65148000
2021-02-09,165.62449645996094,166.89999389648438,164.89199829101562,165.25,165.25,44070000
2021-02-10,165.6999969482422,165.8975067138672,162.6999969482422,164.32899475097656,164.32899475097656,63032000
2021-02-11,164.60000610351562,164.60000610351562,162.4029998779297,163.10650634765625,163.10650634765625,46028000
2021-02-12,162.5,164.0124969482422,161.66549682617188,163.885498046875,163.885498046875,46706000
2021-02-16,162.70249938964844,165.4149932861328,162.67950439453125,163.44749450683594,163.44749450683594,51494000
2021-02-17,163.17999267578125,166.04550170898438,162.97500610351562,165.4320068359375,165.4320068359375,65950000
2021-02-18,164.12100219726562,166.89999389648438,163.69700622558594,166.4114990234375,166.4114990234375,60548000
2021-02-19,166.4114990234375,166.6750030517578,162.28750610351562,162.4949951171875,162.4949951171875,86104000
2021-02-22,160.406494140625,161.61599731445312,158.61300659179688,159.03700256347656,159.03700256347656,70314000
2021-02-23,156.35150146484375,160.2364959716797,154.67999267578125,159.72500610351562,159.72500610351562,93544000
2021-02-24,158.33749389648438,158.56149291992188,156.2689971923828,157.97650146484375,157.97650146484375,60226000
2021-02-25,156.83700561523438,158.91299438476562,152.38800048828125,152.85800170898438,152.85800170898438,90676000
2021-02-26,154.75999450683594,156.1219940185547,151.8350067138672,154.64649963378906,154.64649963378906,85518000
2021-03-01,156.39450073242188,157.47799682617188,154.89950561523438,157.3070068359375,157.3070068359375,54582000
2021-03-02,157.17349243164062,158.17599487304688,154.3560028076172,154.72650146484375,154.72650146484375,51916000
2021-03-03,154.0590057373047,155.38900756835938,149.75,150.25,150.25,79774000
2021-03-04,150.60000610351562,152.906494140625,147.27149963378906,148.8784942626953,148.8784942626953,109632000
2021-03-05,150.25,150.4499969482422,144.0500030517578,150.0229949951172,150.0229949951172,107772000
2021-03-08,150.75,153.22950744628906,147.5655059814453,147.59750366210938,147.59750366210938,83700000
2021-03-09,150.89950561523438,154.54800415039062,150.25750732421875,153.1425018310547,153.1425018310547,80600000
2021-03-10,154.92250061035156,155.822998046875,151.50250244140625,152.8820037841797,152.8820037841797,60250000
2021-03-11,155.20050048828125,156.58900451660156,154.14649963378906,155.67950439453125,155.67950439453125,55528000
2021-03-12,153.75,154.94900512695312,152.27499389648438,154.47450256347656,154.47450256347656,48438000
2021-03-15,153.72850036621094,154.11199951171875,151.60450744628906,154.08399963378906,154.08399963378906,58272000
2021-03-16,155.24850463867188,156.44549560546875,153.79299926757812,154.59300231933594,154.59300231933594,50776000
2021-03-17,153.66099548339844,158.65249633789062,153.51100158691406,156.7864990234375,156.7864990234375,62372000
2021-03-18,155.0500030517578,155.8314971923828,151.25,151.39950561523438,151.39950561523438,72992000
2021-03-19,151.4615020751953,153.864501953125,150.8314971923828,153.7480010986328,153.7480010986328,92508000
2021-03-22,153.3925018310547,156.32899475097656,153.00250244140625,155.5435028076172,155.5435028076172,58044000
2021-03-23,156.35000610351562,159.10000610351562,156.04249572753906,156.875,156.875,76346000
2021-03-24,157.552001953125,158.0155029296875,154.25750732421875,154.35350036621094,154.35350036621094,59180000
2021-03-25,153.64950561523438,155.48899841308594,151.85699462890625,152.31300354003906,152.31300354003906,71270000
2021-03-26,152.2030029296875,152.83299255371094,149.8000030517578,152.60150146484375,152.60150146484375,66258000
2021-03-29,152.77200317382812,154.5625,151.42250061035156,153.7864990234375,153.7864990234375,54920000
2021-03-30,153.50050354003906,153.64999389648438,151.6999969482422,152.76449584960938,152.76449584960938,46752000
2021-03-31,153.2030029296875,155.9665069580078,153.125,154.70399475097656,154.70399475097656,61878000
2021-04-01,155.89700317382812,158.1219940185547,155.77749633789062,158.0500030517578,158.0500030517578,58806000
2021-04-05,158.64999389648438,161.79800415039062,158.06199645996094,161.3365020751953,161.3365020751953,66698000
2021-04-06,161.1875,162.36549377441406,160.8520050048828,161.1909942626953,161.1909942626953,50756000
2021-04-07,161.69000244140625,165.1804962158203,161.1824951171875,163.96949768066406,163.96949768066406,66924000
2021-04-08,165.5449981689453,166.22500610351562,164.60000610351562,164.96499633789062,164.96499633789062,56242000
2021-04-09,165.23500061035156,168.61000061035156,164.44500732421875,168.61000061035156,168.61000061035156,86830000
2021-04-12,167.760498046875,169.7519989013672,167.5574951171875,168.96949768066406,168.96949768066406,65636000
2021-04-13,170.04249572753906,171.60000610351562,169.781494140625,170.0,170.0,66316000
2021-04-14,170.20199584960938,170.2064971923828,166.3000030517578,166.64999389648438,166.64999389648438,62904000
2021-04-15,168.5500030517578,169.85000610351562,167.60000610351562,168.95449829101562,168.95449829101562,64672000
2021-04-16,169.0,170.33999633789062,167.7794952392578,169.9720001220703,169.9720001220703,63720000
2021-04-19,169.51649475097656,171.79649353027344,168.00799560546875,168.60049438476562,168.60049438476562,54508000
2021-04-20,168.67999267578125,169.14950561523438,165.8000030517578,166.7344970703125,166.7344970703125,52460000
2021-04-21,165.8000030517578,168.14300537109375,165.1905059814453,168.1009979248047,168.1009979248047,44224000
2021-04-22,168.58399963378906,168.64349365234375,165.07249450683594,165.45199584960938,165.45199584960938,51612000
2021-04-23,165.9550018310547,168.75,165.4250030517578,167.04400634765625,167.04400634765625,63856000
2021-04-26,167.39999389648438,171.42250061035156,166.5469970703125,170.4499969482422,170.4499969482422,97614000
2021-04-27,172.17349243164062,173.0,169.90049743652344,170.8715057373047,170.8715057373047,76542000
2021-04-28,171.74000549316406,174.49400329589844,171.25,172.9250030517578,172.9250030517578,92638000
2021-04-29,175.2550048828125,175.72250366210938,171.75,173.5655059814453,173.5655059814453,153648000
2021-04-30,176.25599670410156,177.6999969482422,173.125,173.37100219726562,173.37100219726562,140186000
2021-05-03,174.2364959716797,174.33250427246094,168.63499450683594,169.32449340820312,169.32449340820312,117510000
2021-05-04,167.8094940185547,168.3990020751953,163.60650634765625,165.593505859375,165.593505859375,108788000
2021-05-05,166.9429931640625,167.73500061035156,163.21800231933594,163.52699279785156,163.52699279785156,74226000
2021-05-06,163.5,165.72000122070312,162.36000061035156,165.31849670410156,165.31849670410156,88954000
2021-05-07,165.95449829101562,166.54449462890625,164.45350646972656,164.58050537109375,164.58050537109375,94206000
2021-05-10,164.11599731445312,164.14999389648438,159.5,159.52450561523438,159.52450561523438,116772000
2021-05-11,156.81399536132812,161.89999389648438,156.36849975585938,161.19549560546875,161.19549560546875,92396000
2021-05-12,159.25,160.39700317382812,156.65499877929688,157.5970001220703,157.5970001220703,98728000
2021-05-13,159.27349853515625,160.19200134277344,156.64999389648438,158.07350158691406,158.07350158691406,67018000
2021-05-14,159.2779998779297,161.4429931640625,159.14999389648438,161.14500427246094,161.14500427246094,66500000
2021-05-17,162.29649353027344,164.6374969482422,161.72950744628906,163.51950073242188,163.51950073242188,74478000
2021-05-18,164.62899780273438,165.60000610351562,161.51849365234375,161.61399841308594,161.61399841308594,56568000
2021-05-19,159.75,161.7375030517578,159.1999969482422,161.58999633789062,161.58999633789062,53594000
2021-05-20,162.22000122070312,162.98399353027344,161.8090057373047,162.38400268554688,162.38400268554688,52664000
2021-05-21,162.5,162.83450317382812,159.85049438476562,160.1540069580078,160.1540069580078,82098000
2021-05-24,160.77499389648438,162.8975067138672,160.52499389648438,162.24949645996094,162.24949645996094,48456000
2021-05-25,163.33349609375,163.99099731445312,160.68800354003906,162.95249938964844,162.95249938964844,65222000
2021-05-26,163.72950744628906,164.7864990234375,162.92550659179688,163.25799560546875,163.25799560546875,47680000
2021-05-27,162.8000030517578,163.01800537109375,161.5019989013672,161.5054931640625,161.5054931640625,51224000
2021-05-28,162.10000610351562,162.39950561523438,160.98500061035156,161.15350341796875,161.15350341796875,46596000
2021-06-01,162.1750030517578,162.5489959716797,160.4530029296875,160.9324951171875,160.9324951171875,48600000
2021-06-02,161.15499877929688,161.75,160.39999389648438,161.69949340820312,161.69949340820312,40290000
2021-06-03,160.2115020751953,160.7220001220703,159.20150756835938,159.35049438476562,159.35049438476562,47966000
2021-06-04,160.60000610351562,161.0500030517578,159.9405059814453,160.31100463867188,160.31100463867188,44994000
2021-06-07,159.8665008544922,160.39999389648438,158.61000061035156,159.90049743652344,159.90049743652344,44316000
2021-06-08,161.1304931640625,163.97650146484375,160.90049743652344,163.20550537109375,163.20550537109375,68334000
2021-06-09,163.64349365234375,164.87899780273438,163.53500366210938,164.0574951171875,164.0574951171875,49110000
2021-06-10,164.10049438476562,167.5500030517578,164.0574951171875,167.4824981689453,167.4824981689453,69530000
2021-06-11,167.4824981689453,168.32899475097656,166.67250061035156,167.3415069580078,167.3415069580078,56348000
2021-06-14,167.3415069580078,169.25,166.77499389648438,169.19349670410156,169.19349670410156,51394000
2021-06-15,169.1999969482422,169.84950256347656,168.15550231933594,169.156494140625,169.156494140625,48524000
2021-06-16,169.60000610351562,171.3175048828125,168.02650451660156,170.7624969482422,170.7624969482422,84056000
2021-06-17,170.15899658203125,174.86000061035156,170.0500030517578,174.46200561523438,174.46200561523438,102730000
2021-06-18,173.99949645996094,175.35000610351562,173.6855010986328,174.34500122070312,174.34500122070312,104954000
2021-06-21,173.8209991455078,174.10000610351562,171.6999969482422,172.697998046875,172.697998046875,65542000
2021-06-22,172.9029998779297,176.18899536132812,172.80450439453125,175.27200317382812,175.27200317382812,66902000
2021-06-23,175.25,176.0500030517578,174.16000366210938,175.1909942626953,175.1909942626953,56266000
2021-06-24,175.3820037841797,176.2429962158203,171.54249572753906,172.45399475097656,172.45399475097656,76640000
2021-06-25,173.1999969482422,173.24099731445312,169.70899963378906,170.072998046875,170.072998046875,78820000
2021-06-28,170.8000030517578,172.39999389648438,170.67550659179688,172.1945037841797,172.1945037841797,44856000
2021-06-29,171.9409942626953,172.80149841308594,171.15150451660156,172.40699768066406,172.40699768066406,41968000
2021-06-30,172.05299377441406,173.5800018310547,171.75,172.00799560546875,172.00799560546875,48080000
2021-07-01,171.73049926757812,172.85000610351562,170.4709930419922,171.64849853515625,171.64849853515625,40742000
2021-07-02,172.58200073242188,175.58599853515625,171.8459930419922,175.5489959716797,175.5489959716797,63388000
2021-07-06,176.5054931640625,184.2740020751953,176.4499969482422,183.78700256347656,183.78700256347656,134896000
2021-07-07,185.86900329589844,186.7100067138672,183.94549560546875,184.82899475097656,184.82899475097656,106562000
2021-07-08,182.1779937744141,187.9994964599609,181.05599975585932,186.57049560546875,186.57049560546875,103612000
2021-07-09,186.12600708007807,187.3999938964844,184.6699981689453,185.9669952392578,185.9669952392578,74964000
2021-07-12,187.1999969482422,187.864501953125,184.8394927978516,185.9275054931641,185.9275054931641,51432000
2021-07-13,185.10499572753903,188.6540069580078,183.5659942626953,183.8679962158203,183.8679962158203,76918000
2021-07-14,185.4425048828125,185.88299560546875,183.04150390625,184.08399963378903,184.08399963378903,65932000
2021-07-15,184.7100067138672,184.7700042724609,181.04600524902344,181.5599975585937,181.5599975585937,63706000
2021-07-16,181.66549682617188,182.3029937744141,178.5229949951172,178.68150329589844,178.68150329589844,80874000
2021-07-19,176.62899780273438,177.510498046875,174.95799255371094,177.47950744628906,177.47950744628906,75692000
2021-07-20,178.36599731445312,179.60000610351562,175.89999389648438,178.6595001220703,178.6595001220703,65114000
2021-07-21,178.81900024414062,179.32249450683594,177.1820068359375,179.25999450683594,179.25999450683594,46380000
2021-07-22,179.3614959716797,182.00100708007807,179.11349487304688,181.9015045166016,181.9015045166016,65308000
2021-07-23,182.0,183.3054962158203,181.1020050048828,182.83200073242188,182.83200073242188,48726000
2021-07-26,183.6584930419922,185.60400390625,182.3625030517578,184.99099731445312,184.99099731445312,58002000
2021-07-27,184.9250030517578,184.9250030517578,179.3074951171875,181.3195037841797,181.3195037841797,82638000
2021-07-28,181.68899536132807,182.92100524902344,180.0500030517578,181.51600646972656,181.51600646972656,59988000
2021-07-29,181.3874969482422,181.8975067138672,179.00050354003906,179.99600219726562,179.99600219726562,110400000
2021-07-30,167.3975067138672,168.40699768066406,165.3489990234375,166.37950134277344,166.37950134277344,199312000
2021-08-02,167.65499877929688,167.9459991455078,165.85000610351562,166.57400512695312,166.57400512695312,67078000
2021-08-03,167.03599548339844,169.5500030517578,164.98849487304688,168.31199645996094,168.31199645996094,83146000
2021-08-04,168.96749877929688,169.44400024414062,167.2779998779297,167.73599243164062,167.73599243164062,43678000
2021-08-05,167.81100463867188,169.4499969482422,167.04600524902344,168.79949951171875,168.79949951171875,48670000
2021-08-06,168.75,168.75,166.45199584960938,167.2469940185547,167.2469940185547,52752000
2021-08-09,167.1804962158203,167.74400329589844,166.42599487304688,167.093505859375,167.093505859375,42964000
2021-08-10,167.25050354003906,167.89999389648438,165.75,166.03399658203125,166.03399658203125,48252000
2021-08-11,166.57249450683594,166.88499450683594,163.88949584960938,164.60549926757812,164.60549926757812,58944000
2021-08-12,164.5,165.72549438476562,163.48350524902344,165.1750030517578,165.1750030517578,46282000
2021-08-13,165.2834930419922,165.30349731445312,164.14999389648438,164.69850158691406,164.69850158691406,41134000
2021-08-16,164.14999389648438,165.0,160.55650329589844,164.94949340820312,164.94949340820312,66394000
2021-08-17,163.875,164.02450561523438,161.28399658203125,162.09800720214844,162.09800720214844,67758000
2021-08-18,162.09950256347656,162.7050018310547,160.0,160.06100463867188,160.06100463867188,56086000
2021-08-19,159.7010040283203,161.64999389648438,159.1230010986328,159.3874969482422,159.3874969482422,75658000
2021-08-20,160.19349670410156,160.3905029296875,158.78799438476562,159.99749755859375,159.99749755859375,67168000
2021-08-23,160.59500122070312,164.0449981689453,160.50050354003906,163.2935028076172,163.2935028076172,65362000
2021-08-24,164.0,165.77450561523438,163.72900390625,165.28900146484375,165.28900146484375,51036000
2021-08-25,165.49349975585938,166.0500030517578,164.3074951171875,164.95899963378906,164.95899963378906,33606000
2021-08-26,164.9499969482422,166.60000610351562,164.8000030517578,165.8000030517578,165.8000030517578,41976000
2021-08-27,166.6614990234375,167.61599731445312,165.6875,167.48150634765625,167.48150634765625,48048000
2021-08-30,167.8715057373047,172.25,167.76100158691406,171.07850646972656,171.07850646972656,63844000
2021-08-31,171.24000549316406,173.62899780273438,169.7794952392578,173.5395050048828,173.5395050048828,87128000
2021-09-01,174.82000732421875,176.35000610351562,173.76199340820312,173.9499969482422,173.9499969482422,72598000
2021-09-02,174.73800659179688,175.59800720214844,172.75,173.156005859375,173.156005859375,58474000
2021-09-03,172.60000610351562,174.1334991455078,171.82200622558594,173.90249633789062,173.90249633789062,51514000
2021-09-07,173.89999389648438,176.4044952392578,173.8470001220703,175.46449279785156,175.46449279785156,54758000
2021-09-08,175.58250427246094,177.281494140625,174.7834930419922,176.27499389648438,176.27499389648438,61068000
2021-09-09,176.30099487304688,177.49949645996094,174.01849365234375,174.20799255371094,174.20799255371094,54384000
2021-09-10,175.0915069580078,175.42250061035156,173.14549255371094,173.45750427246094,173.45750427246094,47946000
2021-09-13,174.13999938964844,174.8979949951172,171.89999389648438,172.85850524902344,172.85850524902344,51380000
2021-09-14,173.77749633789062,174.3404998779297,171.885498046875,172.5,172.5,38738000
2021-09-15,172.12600708007812,174.27099609375,170.10049438476562,173.7895050048828,173.7895050048828,59150000
2021-09-16,172.9980010986328,174.62750244140625,172.3070068359375,174.41200256347656,174.41200256347656,51672000
2021-09-17,174.42050170898438,174.87049865722656,172.60650634765625,173.12600708007812,173.12600708007812,92332000
2021-09-20,169.8000030517578,170.9499969482422,165.25050354003906,167.7864990234375,167.7864990234375,93382000
2021-09-21,168.75,168.98500061035156,166.6195068359375,167.18150329589844,167.18150329589844,55618000
2021-09-22,167.5500030517578,169.4499969482422,167.05250549316406,169.00250244140625,169.00250244140625,48228000
2021-09-23,169.00250244140625,171.447998046875,169.00250244140625,170.8000030517578,170.8000030517578,47588000
2021-09-24,170.10049438476562,171.46299743652344,169.6699981689453,171.2760009765625,171.2760009765625,42324000
2021-09-27,168.5749969482422,170.77850341796875,166.98049926757812,170.2899932861328,170.2899932861328,72690000
2021-09-28,167.885498046875,168.45950317382812,164.5050048828125,165.79800415039062,165.79800415039062,88616000
2021-09-29,166.10549926757812,167.56500244140625,164.89349365234375,165.05599975585938,165.05599975585938,51246000
2021-09-30,165.8000030517578,166.3925018310547,163.69949340820312,164.2519989013672,164.2519989013672,56848000
2021-10-01,164.45050048828125,165.45849609375,162.7969970703125,164.16299438476562,164.16299438476562,56712000
2021-10-04,163.96949768066406,163.99949645996094,158.8125,159.48899841308594,159.48899841308594,90462000
2021-10-05,160.22500610351562,163.0364990234375,160.1230010986328,161.0500030517578,161.0500030517578,65384000
2021-10-06,160.67649841308594,163.2169952392578,159.93099975585938,163.10049438476562,163.10049438476562,50660000
2021-10-07,164.57699584960938,166.28750610351562,164.1529998779297,165.1215057373047,165.1215057373047,48182000
2021-10-08,165.85000610351562,166.07150268554688,164.41000366210938,164.43099975585938,164.43099975585938,39964000
2021-10-11,163.75,164.62950134277344,161.90499877929688,162.31500244140625,162.31500244140625,40684000
2021-10-12,162.85000610351562,163.37649536132812,161.81399536132812,162.3665008544922,162.3665008544922,36392000
2021-10-13,163.48550415039062,164.41900634765625,163.05450439453125,164.21400451660156,164.21400451660156,48402000
2021-10-14,165.12249755859375,165.6300048828125,164.53900146484375,164.9929962158203,164.9929962158203,42190000
2021-10-15,165.5709991455078,170.52099609375,165.1999969482422,170.4510040283203,170.4510040283203,103598000
2021-10-18,169.41799926757812,172.45849609375,169.2550048828125,172.33700561523438,172.33700561523438,63482000
2021-10-19,171.71449279785156,172.7344970703125,171.10000610351562,172.20750427246094,172.20750427246094,47722000
2021-10-20,172.63299560546875,173.14300537109375,170.01849365234375,170.7530059814453,170.7530059814453,42796000
2021-10-21,170.71249389648438,172.01400756835938,170.14999389648438,171.75050354003906,171.75050354003906,37628000
2021-10-22,171.0500030517578,171.49200439453125,166.56500244140625,166.77749633789062,166.77749633789062,62782000
2021-10-25,166.75,167.38999938964844,164.88499450683594,166.01849365234375,166.01849365234375,44520000
2021-10-26,167.47549438476562,170.80599975585938,167.19900512695312,168.80349731445312,168.80349731445312,53966000
2021-10-27,169.39999389648438,171.85000610351562,168.57249450683594,169.62449645996094,169.62449645996094,54044000
2021-10-28,170.10499572753906,173.9499969482422,169.3000030517578,172.32850646972656,172.32850646972656,114174000
2021-10-29,165.00100708007812,168.74099731445312,163.66600036621094,168.6215057373047,168.6215057373047,129722000
2021-11-01,168.08999633789062,168.79299926757812,164.6009979248047,165.90550231933594,165.90550231933594,72178000
2021-11-02,165.75050354003906,166.55599975585938,164.17750549316406,165.6374969482422,165.6374969482422,52552000
2021-11-03,165.4499969482422,169.74600219726562,164.87600708007812,169.1999969482422,169.1999969482422,67944000
2021-11-04,168.5,174.93150329589844,168.25,173.85000610351562,173.85000610351562,107060000
2021-11-05,173.85000610351562,178.3125,173.8489990234375,175.94949340820312,175.94949340820312,99940000
2021-11-08,176.16200256347656,178.9499969482422,174.39300537109375,174.44900512695312,174.44900512695312,61480000
2021-11-09,175.7624969482422,179.68850708007812,175.07150268554688,178.81149291992188,178.81149291992188,85898000
2021-11-10,178.19349670410156,180.2725067138672,173.1544952392578,174.1024932861328,174.1024932861328,80548000
2021-11-11,175.64999389648438,177.16200256347656,173.37350463867188,173.625,173.625,45288000
2021-11-12,174.25,177.0364990234375,172.3524932861328,176.25750732421875,176.25750732421875,53788000
2021-11-15,176.85000610351562,179.69400024414062,176.29049682617188,177.28399658203125,177.28399658203125,58594000
2021-11-16,176.9499969482422,178.8249969482422,176.25750732421875,177.03500366210938,177.03500366210938,44342000
2021-11-17,178.23599243164062,179.3625030517578,177.2675018310547,177.4499969482422,177.4499969482422,51206000
2021-11-18,178.3175048828125,185.2100067138672,178.0500030517578,184.8029937744141,184.8029937744141,114070000
2021-11-19,185.634506225586,188.1074981689453,183.78599548339844,183.82850646972656,183.82850646972656,98734000
2021-11-22,183.81900024414065,185.67300415039065,178.375,178.6284942626953,178.6284942626953,96844000
2021-11-23,179.2519989013672,181.0525054931641,176.385498046875,179.0019989013672,179.0019989013672,73804000
2021-11-24,178.1334991455078,180.6820068359375,176.84249877929688,179.02049255371094,179.02049255371094,46560000
2021-11-26,180.10499572753906,181.6750030517578,175.20750427246094,175.22799682617188,175.22799682617188,59826000
2021-11-29,177.3820037841797,179.8000030517578,176.5749969482422,178.07850646972656,178.07850646972656,65312000
2021-11-30,178.1750030517578,179.2884979248047,174.60049438476562,175.35350036621094,175.35350036621094,80022000
2021-12-01,177.25,177.99400329589844,172.0800018310547,172.18600463867188,172.18600463867188,74916000
2021-12-02,173.0,174.63499450683594,171.1875,171.8679962158203,171.8679962158203,64726000
2021-12-03,172.75,173.49349975585938,166.92999267578125,169.489501953125,169.489501953125,80712000
2021-12-06,169.64999389648438,173.69549560546875,166.9344940185547,171.36849975585938,171.36849975585938,68860000
2021-12-07,174.60000610351562,177.49949645996094,173.33450317382812,176.1645050048828,176.1645050048828,66410000
2021-12-08,176.15049743652344,177.17999267578125,174.75050354003906,176.1580047607422,176.1580047607422,45254000
2021-12-09,175.75,176.96949768066406,174.13949584960938,174.17100524902344,174.17100524902344,46062000
2021-12-10,175.41700744628906,175.927001953125,170.5,172.21200561523438,172.21200561523438,60690000
2021-12-13,172.0,172.10000610351562,169.1300048828125,169.5675048828125,169.5675048828125,62170000
2021-12-14,167.5500030517578,169.49899291992188,166.44000244140625,169.0915069580078,169.0915069580078,55976000
2021-12-15,168.59800720214844,173.60000610351562,165.19500732421875,173.31500244140625,173.31500244140625,75794000
2021-12-16,173.36849975585938,174.16600036621094,168.16050720214844,168.87100219726562,168.87100219726562,60876000
2021-12-17,167.7104949951172,170.89849853515625,165.61349487304688,170.0175018310547,170.0175018310547,85542000
2021-12-20,166.85000610351562,167.87449645996094,165.60000610351562,167.07899475097656,167.07899475097656,57372000
2021-12-21,167.85049438476562,170.7165069580078,165.6475067138672,170.41700744628906,170.41700744628906,55956000
2021-12-22,169.27000427246094,172.0500030517578,168.50050354003906,171.03700256347656,171.03700256347656,55036000
2021-12-23,170.42799377441406,171.97500610351562,170.14999389648438,171.06849670410156,171.06849670410156,36788000
2021-12-27,171.03700256347656,172.9429931640625,169.2154998779297,169.66949462890625,169.66949462890625,58688000
2021-12-28,170.1824951171875,172.17599487304688,169.135498046875,170.66099548339844,170.66099548339844,54638000
2021-12-29,170.83999633789062,171.21200561523438,168.60049438476562,169.2010040283203,169.2010040283203,35754000
2021-12-30,169.6999969482422,170.88800048828125,168.5240020751953,168.64450073242188,168.64450073242188,37584000
2021-12-31,168.95599365234375,169.35000610351562,166.55850219726562,166.7169952392578,166.7169952392578,47830000
2022-01-03,167.5500030517578,170.70350646972656,166.16050720214844,170.4044952392578,170.4044952392578,63520000
2022-01-04,170.43800354003906,171.39999389648438,166.34950256347656,167.52200317382812,167.52200317382812,70726000
2022-01-05,166.88299560546875,167.12649536132812,164.35699462890625,164.35699462890625,164.35699462890625,64302000
2022-01-06,163.45050048828125,164.8000030517578,161.93699645996094,163.25399780273438,163.25399780273438,51958000
2022-01-07,163.83900451660156,165.24349975585938,162.031005859375,162.5540008544922,162.5540008544922,46606000
2022-01-10,160.5854949951172,161.6614990234375,156.30450439453125,161.48599243164062,161.48599243164062,87798000
2022-01-11,161.5,166.35000610351562,160.70150756835938,165.36199951171875,165.36199951171875,62806000
2022-01-12,166.5749969482422,166.8780059814453,164.41700744628906,165.20700073242188,165.20700073242188,50030000
2022-01-13,165.25050354003906,166.22149658203125,161.09100341796875,161.21400451660156,161.21400451660156,52188000
2022-01-14,160.14999389648438,162.25,159.80050659179688,162.13800048828125,162.13800048828125,45974000
2022-01-18,159.10499572753906,159.7344970703125,157.6645050048828,158.91749572753906,158.91749572753906,67292000
2022-01-19,158.76199340820312,159.25,156.25,156.2989959716797,156.2989959716797,53242000
2022-01-20,156.76600646972656,158.0,151.3509979248047,151.66749572753906,151.66749572753906,71974000
2022-01-21,149.9499969482422,150.89999389648438,142.07049560546875,142.64300537109375,142.64300537109375,163972000
2022-01-24,139.0,144.94500732421875,135.3520050048828,144.54400634765625,144.54400634765625,155624000
2022-01-25,142.24249267578125,143.60000610351562,138.14500427246094,139.98599243164062,139.98599243164062,90824000
2022-01-26,144.75,145.18499755859375,137.31849670410156,138.87249755859375,138.87249755859375,95602000
2022-01-27,140.8000030517578,144.24349975585938,139.35000610351562,139.6374969482422,139.6374969482422,77516000
2022-01-28,140.86050415039062,143.9980010986328,137.92950439453125,143.97799682617188,143.97799682617188,74392000
2022-01-31,144.75,150.36050415039062,144.30050659179688,149.57350158691406,149.57350158691406,78308000
2022-02-01,150.0,151.70799255371094,147.62750244140625,151.19349670410156,151.19349670410156,59220000
2022-02-02,155.05050659179688,155.0749969482422,148.86349487304688,150.6125030517578,150.6125030517578,87330000
2022-02-03,141.7375030517578,144.24749755859375,138.33299255371094,138.8455047607422,138.8455047607422,225532000
2022-02-04,155.60650634765625,161.1999969482422,150.60800170898438,157.63949584960938,157.63949584960938,253456000
2022-02-07,158.52000427246094,162.6909942626953,157.25,157.9355010986328,157.9355010986328,102624000
2022-02-08,156.75050354003906,161.79249572753906,155.55050659179688,161.4134979248047,161.4134979248047,76040000
2022-02-09,162.87350463867188,163.83450317382812,160.25,161.1894989013672,161.1894989013672,68786000
2022-02-10,158.35000610351562,160.7165069580078,157.75,159.0034942626953,159.0034942626953,68268000
2022-02-11,158.13450622558594,159.0,152.73399353027344,153.2935028076172,153.2935028076172,77100000
2022-02-14,151.75100708007812,158.44850158691406,151.64999389648438,155.16700744628906,155.16700744628906,83230000
2022-02-15,157.60549926757812,158.0070037841797,154.6374969482422,156.510498046875,156.510498046875,56440000
2022-02-16,155.79049682617188,158.83399963378906,154.7344970703125,158.10049438476562,158.10049438476562,52704000
2022-02-17,158.14599609375,160.3489990234375,154.5,154.65249633789062,154.65249633789062,64032000
2022-02-18,155.49949645996094,155.49949645996094,150.89300537109375,152.60150146484375,152.60150146484375,63604000
2022-02-22,150.47850036621094,152.9824981689453,148.48550415039062,150.19749450683594,150.19749450683594,66128000
2022-02-23,151.65049743652344,151.76300048828125,144.6510009765625,144.82699584960938,144.82699584960938,64244000
2022-02-24,139.83749389648438,151.74899291992188,139.5,151.35800170898438,151.35800170898438,100786000
2022-02-25,150.5500030517578,153.99000549316406,149.2135009765625,153.7884979248047,153.7884979248047,62396000
2022-02-28,152.4250030517578,154.4499969482422,150.85000610351562,153.56300354003906,153.56300354003906,57684000
2022-03-01,152.7324981689453,154.0989990234375,149.9770050048828,151.14199829101562,151.14199829101562,44874000
2022-03-02,150.8489990234375,152.99949645996094,148.75,152.05250549316406,152.05250549316406,47334000
2022-03-03,153.531494140625,153.9290008544922,146.8560028076172,147.89849853515625,147.89849853515625,65198000
2022-03-04,147.15899658203125,147.85000610351562,143.8070068359375,145.64100646972656,145.64100646972656,60934000
2022-03-07,145.44349670410156,146.09449768066406,137.41650390625,137.4530029296875,137.4530029296875,86934000
2022-03-08,136.68350219726562,140.69949340820312,133.57249450683594,136.01449584960938,136.01449584960938,91662000
2022-03-09,139.5,140.25,136.8280029296875,139.2790069580078,139.2790069580078,82656000
2022-03-10,145.68499755859375,148.67449951171875,143.97799682617188,146.8175048828125,146.8175048828125,135062000
2022-03-11,149.57449340820312,149.6750030517578,145.36900329589844,145.52450561523438,145.52450561523438,68900000
2022-03-14,145.9810028076172,147.4499969482422,140.88400268554688,141.85299682617188,141.85299682617188,74086000
2022-03-15,142.85000610351562,147.98500061035156,142.0,147.3665008544922,147.3665008544922,75584000
2022-03-16,148.5,153.14999389648438,147.35350036621094,153.10400390625,153.10400390625,84958000
2022-03-17,152.6405029296875,157.49850463867188,152.13999938964844,157.23899841308594,157.23899841308594,72934000
2022-03-18,156.81300354003906,161.593994140625,156.01100158691406,161.25050354003906,161.25050354003906,102962000
2022-03-21,161.12100219726562,163.08399963378906,159.55299377441406,161.4915008544922,161.4915008544922,66538000
2022-03-22,161.8054962158203,166.16700744628906,161.69900512695312,164.88900756835938,164.88900756835938,64086000
2022-03-23,163.7050018310547,166.3699951171875,162.68699645996094,163.4080047607422,163.4080047607422,55812000
2022-03-24,163.74949645996094,164.11849975585938,160.0500030517578,163.64950561523438,163.64950561523438,56798000
2022-03-25,164.0,165.36849975585938,162.25,164.77349853515625,164.77349853515625,49032000
2022-03-28,164.97500610351562,169.03750610351562,164.89999389648438,168.99049377441406,168.99049377441406,59854000
2022-03-29,170.38400268554688,170.8314971923828,167.86849975585938,169.31500244140625,169.31500244140625,66154000
2022-03-30,168.50950622558594,168.95050048828125,165.5,166.30099487304688,166.30099487304688,56168000
2022-03-31,166.44500732421875,166.4949951171875,162.95350646972656,162.99749755859375,162.99749755859375,59966000
2022-04-01,164.14950561523438,165.82699584960938,162.3195037841797,163.55999755859375,163.55999755859375,57090000
2022-04-04,164.125,168.39450073242188,163.20550537109375,168.34649658203125,168.34649658203125,49882000
2022-04-05,167.7415008544922,168.11050415039062,163.26600646972656,164.05499267578125,164.05499267578125,53728000
2022-04-06,161.65049743652344,162.1999969482422,157.25450134277344,158.75599670410156,158.75599670410156,79056000
2022-04-07,158.39999389648438,160.07899475097656,154.51150512695312,157.7845001220703,157.7845001220703,68136000
2022-04-08,156.75,157.36849975585938,154.2310028076172,154.4604949951172,154.4604949951172,46002000
2022-04-11,152.71299743652344,154.13650512695312,150.5345001220703,151.1219940185547,151.1219940185547,52112000
2022-04-12,153.6925048828125,155.0989990234375,150.38299560546875,150.78750610351562,150.78750610351562,55178000
2022-04-13,150.01849365234375,156.02499389648438,149.60000610351562,155.54100036621094,155.54100036621094,53390000
2022-04-14,155.38999938964844,155.89700317382812,151.4720001220703,151.7064971923828,151.7064971923828,51598000
2022-04-18,151.52349853515625,154.0395050048828,150.25050354003906,152.78500366210938,152.78500366210938,46514000
2022-04-19,152.0294952392578,158.6490020751953,151.55050659179688,158.11549377441406,158.11549377441406,54926000
2022-04-20,157.6024932861328,157.6024932861328,153.60350036621094,153.9980010986328,153.9980010986328,59630000
2022-04-21,154.71400451660156,156.73800659179688,147.58949279785156,148.29600524902344,148.29600524902344,63970000
2022-04-22,148.25,149.61500549316406,143.69749450683594,144.35000610351562,144.35000610351562,73078000
2022-04-25,144.0229949951172,146.22149658203125,142.30650329589844,146.07400512695312,146.07400512695312,61874000
2022-04-26,144.8000030517578,144.8560028076172,138.92950439453125,139.39100646972656,139.39100646972656,77530000
2022-04-27,140.19149780273438,141.94850158691406,135.7834930419922,138.16700744628906,138.16700744628906,71336000
2022-04-28,142.17799377441406,145.9375,140.3000030517578,144.59649658203125,144.59649658203125,117316000
2022-04-29,129.8489990234375,130.76100158691406,121.625,124.28150177001952,124.28150177001952,272662000
2022-05-02,122.4010009765625,124.66799926757812,118.375,124.5,124.5,148788000
2022-05-03,124.05349731445312,126.22049713134766,122.8249969482422,124.25350189208984,124.25350189208984,79134000
2022-05-04,123.5999984741211,126.0,119.18299865722656,125.92849731445312,125.92849731445312,110746000
2022-05-05,123.0,123.4990005493164,115.07250213623048,116.40699768066406,116.40699768066406,144392000
2022-05-06,114.8499984741211,119.05049896240234,113.0814971923828,114.77249908447266,114.77249908447266,124260000
2022-05-09,111.3125,114.0,107.95700073242188,108.78900146484376,108.78900146484376,128124000
2022-05-10,111.25,112.64250183105467,107.1709976196289,108.85900115966795,108.85900115966795,105434000
2022-05-11,108.10350036621094,110.15599822998048,104.42849731445312,105.37200164794922,105.37200164794922,109704000
2022-05-12,102.75,110.78050231933594,102.40550231933594,106.93049621582033,106.93049621582033,132026000
2022-05-13,109.06900024414062,113.18399810791016,107.8000030517578,113.05500030517578,113.05500030517578,93684000
2022-05-16,113.0999984741211,113.99250030517578,110.35399627685548,110.8105010986328,110.8105010986328,74566000
2022-05-17,113.2750015258789,115.8000030517578,111.27649688720705,115.36849975585938,115.36849975585938,76448000
2022-05-18,111.4394989013672,112.85299682617188,106.2490005493164,107.1125030517578,107.1125030517578,108380000
2022-05-19,106.28050231933594,110.03399658203124,106.19300079345705,107.31900024414062,107.31900024414062,88142000
2022-05-20,109.56849670410156,109.89800262451172,105.0094985961914,107.59100341796876,107.59100341796876,99500000
2022-05-23,108.46099853515624,108.81900024414062,103.9499969482422,107.55699920654295,107.55699920654295,107798000
2022-05-24,104.0250015258789,105.4000015258789,101.26000213623048,104.0999984741211,104.0999984741211,102934000
2022-05-25,103.65550231933594,108.1750030517578,103.6500015258789,106.7750015258789,106.7750015258789,93120000
2022-05-26,107.97000122070312,112.66549682617188,107.45349884033205,111.07749938964844,111.07749938964844,93002000
2022-05-27,113.5500030517578,115.18699645996094,112.62799835205078,115.14649963378906,115.14649963378906,93660000
2022-05-31,116.27999877929688,121.99449920654295,115.6750030517578,120.20950317382812,120.20950317382812,144634000
2022-06-01,122.25599670410156,125.1790008544922,120.62249755859376,121.68399810791016,121.68399810791016,127528000
2022-06-02,121.68399810791016,125.61000061035156,120.04499816894533,125.51100158691406,125.51100158691406,100560000
2022-06-03,124.1999969482422,124.4000015258789,121.04650115966795,122.3499984741211,122.3499984741211,97604000
2022-06-06,125.25,128.99000549316406,123.80999755859376,124.79000091552734,124.79000091552734,135269000
2022-06-07,122.01000213623048,124.0999984741211,120.62999725341795,123.0,123.0,85156700
2022-06-08,122.61000061035156,123.75,120.75,121.18000030517578,121.18000030517578,64926600
2022-06-09,119.98999786376952,121.3000030517578,116.0999984741211,116.1500015258789,116.1500015258789,67029800
2022-06-10,113.41999816894533,114.5,109.0500030517578,109.6500015258789,109.6500015258789,87266000
2022-06-13,104.19000244140624,106.54000091552734,101.86000061035156,103.66999816894533,103.66999816894533,99277700
2022-06-14,104.19000244140624,104.87999725341795,101.43000030517578,102.30999755859376,102.30999755859376,69728800
2022-06-15,103.86000061035156,109.05999755859376,103.52999877929688,107.66999816894533,107.66999816894533,85011100
2022-06-16,104.47000122070312,104.58000183105467,102.01000213623048,103.66000366210938,103.66000366210938,82186300
2022-06-17,102.8000030517578,106.9800033569336,102.51000213623048,106.22000122070312,106.22000122070312,99772100
2022-06-21,108.1999969482422,111.62999725341795,103.55999755859376,108.68000030517578,108.68000030517578,70901200
2022-06-22,107.43000030517578,112.12999725341795,107.0199966430664,108.9499969482422,108.9499969482422,60040100
2022-06-23,110.38999938964844,113.0,107.93000030517578,112.44000244140624,112.44000244140624,64345300
2022-06-24,112.37999725341795,116.70999908447266,111.43000030517578,116.45999908447266,116.45999908447266,69867600
2022-06-27,117.08999633789062,117.9800033569336,112.6999969482422,113.22000122070312,113.22000122070312,62133200
2022-06-28,113.5,114.8499984741211,107.04000091552734,107.4000015258789,107.4000015258789,74942900
2022-06-29,107.37999725341795,110.98999786376952,106.91000366210938,108.91999816894533,108.91999816894533,66375300
2022-06-30,108.11000061035156,108.18000030517578,102.5199966430664,106.20999908447266,106.20999908447266,97679400
2022-07-01,106.29000091552734,109.75,105.8499984741211,109.55999755859376,109.55999755859376,73021200
2022-07-05,107.5999984741211,114.08000183105467,106.31999969482422,113.5,113.5,76583700
2022-07-06,113.20999908447266,115.4800033569336,112.01000213623048,114.33000183105467,114.33000183105467,66958900
2022-07-07,113.8499984741211,116.98999786376952,113.48999786376952,116.33000183105467,116.33000183105467,57872300
2022-07-08,114.5999984741211,116.58000183105467,113.69000244140624,115.54000091552734,115.54000091552734,45719700
2022-07-11,114.08000183105467,114.3000030517578,110.87000274658205,111.75,111.75,53487600
2022-07-12,112.16000366210938,113.2300033569336,108.33999633789062,109.22000122070312,109.22000122070312,54280300
2022-07-13,107.02999877929688,111.77999877929688,106.01000213623048,110.4000015258789,110.4000015258789,61353800
2022-07-14,110.23999786376952,111.18000030517578,107.58000183105467,110.62999725341795,110.62999725341795,51163100
2022-07-15,112.5,115.58999633789062,111.58999633789062,113.5500030517578,113.5500030517578,84317800
2022-07-18,115.0,117.23999786376952,113.1500015258789,113.76000213623048,113.76000213623048,59115400
2022-07-19,115.6999969482422,118.9499969482422,114.02999877929688,118.20999908447266,118.20999908447266,60990000
2022-07-20,118.62000274658205,123.4800033569336,118.31999969482422,122.7699966430664,122.7699966430664,71268300
2022-07-21,123.1999969482422,124.8499984741211,121.26000213623048,124.62999725341795,124.62999725341795,60239900
2022-07-22,125.01000213623048,125.5,121.3499984741211,122.41999816894533,122.41999816894533,51463800
2022-07-25,122.6999969482422,123.63999938964844,120.02999877929688,121.13999938964844,121.13999938964844,50221300
2022-07-26,115.79000091552734,118.1500015258789,114.52999877929688,114.80999755859376,114.80999755859376,67075100
2022-07-27,117.30999755859376,121.9000015258789,117.16000366210938,120.97000122070312,120.97000122070312,61582000
2022-07-28,121.56999969482422,122.83999633789062,118.08000183105467,122.27999877929688,122.27999877929688,82245500
2022-07-29,134.89999389648438,137.64999389648438,132.41000366210938,134.9499969482422,134.9499969482422,148892900
2022-08-01,134.9600067138672,138.8300018310547,133.50999450683594,135.38999938964844,135.38999938964844,76846900
2022-08-02,134.72000122070312,137.44000244140625,134.08999633789062,134.16000366210938,134.16000366210938,61922400
2022-08-03,136.2100067138672,140.49000549316406,136.0500030517578,139.52000427246094,139.52000427246094,71827800
2022-08-04,140.5800018310547,143.55999755859375,139.5500030517578,142.57000732421875,142.57000732421875,70585000
2022-08-05,140.10000610351562,142.86000061035156,139.60000610351562,140.8000030517578,140.8000030517578,50686900
2022-08-08,142.0500030517578,144.22999572753906,138.2899932861328,139.41000366210938,139.41000366210938,52229000
2022-08-09,138.0500030517578,138.9499969482422,136.2100067138672,137.8300018310547,137.8300018310547,40434700
2022-08-10,142.89999389648438,144.60000610351562,141.00999450683594,142.69000244140625,142.69000244140625,54773800
2022-08-11,143.86000061035156,144.49000549316406,139.75999450683594,140.63999938964844,140.63999938964844,44867300
2022-08-12,142.0500030517578,143.57000732421875,140.1199951171875,143.5500030517578,143.5500030517578,47643500
2022-08-15,142.8000030517578,143.75999450683594,141.49000549316406,143.17999267578125,143.17999267578125,39014600
2022-08-16,143.91000366210938,146.57000732421875,142.0,144.77999877929688,144.77999877929688,59102900
2022-08-17,142.69000244140625,143.3800048828125,140.77999877929688,142.10000610351562,142.10000610351562,48149800
2022-08-18,141.32000732421875,142.77000427246094,140.3800048828125,142.3000030517578,142.3000030517578,37458700
2022-08-19,140.47000122070312,141.11000061035156,137.91000366210938,138.22999572753906,138.22999572753906,47792800
2022-08-22,135.72000122070312,136.32000732421875,132.85000610351562,133.22000122070312,133.22000122070312,50461500
2022-08-23,133.41000366210938,134.99000549316406,132.9499969482422,133.6199951171875,133.6199951171875,36252100
2022-08-24,132.75,135.47000122070312,132.10000610351562,133.8000030517578,133.8000030517578,38627000
2022-08-25,135.25999450683594,137.4199981689453,134.27999877929688,137.27999877929688,137.27999877929688,37496300
2022-08-26,136.5500030517578,137.8300018310547,130.5,130.75,130.75,53322700
2022-08-29,129.89999389648438,131.9499969482422,128.77000427246094,129.7899932861328,129.7899932861328,48101600
2022-08-30,131.25,132.07000732421875,126.8499984741211,128.72999572753906,128.72999572753906,49203000
2022-08-31,129.4499969482422,130.58999633789062,126.73999786376952,126.7699966430664,126.7699966430664,53648700
2022-09-01,126.0,128.02000427246094,123.66000366210938,127.81999969482422,127.81999969482422,56636100
2022-09-02,129.5,131.3800048828125,126.38999938964844,127.51000213623048,127.51000213623048,57429800
2022-09-06,127.91999816894533,128.6199951171875,124.73999786376952,126.11000061035156,126.11000061035156,43888600
2022-09-07,126.12000274658205,129.82000732421875,125.4000015258789,129.47999572753906,129.47999572753906,47900300
2022-09-08,127.72000122070312,130.27999877929688,127.0999984741211,129.82000732421875,129.82000732421875,43988500
2022-09-09,130.91000366210938,133.69000244140625,130.75999450683594,133.27000427246094,133.27000427246094,49387600
2022-09-12,134.10000610351562,136.49000549316406,134.0,136.4499969482422,136.4499969482422,53826900
2022-09-13,131.00999450683594,131.39999389648438,126.2699966430664,126.81999969482422,126.81999969482422,72694000
2022-09-14,127.36000061035156,128.83999633789062,126.33000183105467,128.5500030517578,128.5500030517578,45316800
2022-09-15,127.37999725341795,130.3699951171875,125.5,126.27999877929688,126.27999877929688,52887200
2022-09-16,122.77999877929688,123.87000274658205,120.6999969482422,123.52999877929688,123.52999877929688,115667800
2022-09-19,122.16000366210938,124.70999908447266,121.8000030517578,124.66000366210938,124.66000366210938,47279700
2022-09-20,123.3499984741211,124.4000015258789,121.13999938964844,122.19000244140624,122.19000244140624,47698400
2022-09-21,122.48999786376952,123.76000213623048,118.4499969482422,118.54000091552734,118.54000091552734,58498900
2022-09-22,117.08000183105467,118.79000091552734,116.26000213623048,117.30999755859376,117.30999755859376,55229200
2022-09-23,116.0,116.0500030517578,112.05999755859376,113.77999877929688,113.77999877929688,65126700
2022-09-26,113.3000030517578,117.33999633789062,113.12999725341795,115.1500015258789,115.1500015258789,62723300
2022-09-27,117.1999969482422,118.31999969482422,113.0500030517578,114.41000366210938,114.41000366210938,60094700
2022-09-28,114.37999725341795,118.6999969482422,113.8000030517578,118.01000213623048,118.01000213623048,55763800
2022-09-29,115.5999984741211,116.06999969482422,113.05999755859376,114.8000030517578,114.8000030517578,58969700
2022-09-30,114.08000183105467,116.91999816894533,112.83999633789062,113.0,113.0,59479600
2022-10-03,113.58000183105467,116.91000366210938,112.4499969482422,115.87999725341795,115.87999725341795,50941900
2022-10-04,119.88999938964844,123.0,119.79000091552734,121.08999633789062,121.08999633789062,62812600
2022-10-05,118.58000183105467,121.75,117.69000244140624,120.9499969482422,120.9499969482422,48217500
2022-10-06,120.7699966430664,121.52999877929688,119.5,120.3000030517578,120.3000030517578,42253800
2022-10-07,118.0,118.16999816894533,113.87999725341795,114.55999755859376,114.55999755859376,54678000
2022-10-10,115.0999984741211,116.25,112.43000030517578,113.66999816894533,113.66999816894533,42339700
2022-10-11,112.70999908447266,115.4800033569336,110.38999938964844,112.20999908447266,112.20999908447266,56432200
2022-10-12,112.48999786376952,113.83000183105467,111.4000015258789,112.9000015258789,112.9000015258789,45728700
2022-10-13,107.87999725341795,113.44000244140624,105.3499984741211,112.52999877929688,112.52999877929688,86868100
2022-10-14,114.0999984741211,114.95999908447266,106.5999984741211,106.9000015258789,106.9000015258789,67737300
2022-10-17,110.11000061035156,114.19000244140624,110.08999633789062,113.79000091552734,113.79000091552734,62782000
2022-10-18,119.05999755859376,119.5199966430664,114.79000091552734,116.36000061035156,116.36000061035156,65607400
2022-10-19,114.70999908447266,116.58999633789062,113.22000122070312,115.06999969482422,115.06999969482422,47198100
2022-10-20,113.83000183105467,118.23999786376952,113.51000213623048,115.25,115.25,48795100
2022-10-21,114.79000091552734,119.58999633789062,114.5,119.31999969482422,119.31999969482422,55660500
2022-10-24,119.9800033569336,120.38999938964844,116.56999969482422,119.81999969482422,119.81999969482422,49531500
2022-10-25,119.6500015258789,121.31999969482422,118.9499969482422,120.5999984741211,120.5999984741211,50934600
2022-10-26,116.0,119.3499984741211,114.76000213623048,115.66000366210938,115.66000366210938,68802300
2022-10-27,113.91999816894533,114.12000274658205,109.7699966430664,110.95999908447266,110.95999908447266,129605400
2022-10-28,97.91000366210938,103.95999908447266,97.66000366210938,103.41000366210938,103.41000366210938,223133400
2022-10-31,103.55999755859376,104.87000274658205,100.73999786376952,102.44000244140624,102.44000244140624,99251400
2022-11-01,103.98999786376952,104.58000183105467,96.05999755859376,96.79000091552734,96.79000091552734,153370000
2022-11-02,97.31999969482422,97.73999786376952,92.01000213623048,92.12000274658205,92.12000274658205,135761800
2022-11-03,92.47000122070312,93.5,89.0199966430664,89.30000305175781,89.30000305175781,136683300
2022-11-04,91.48999786376952,92.44000244140624,88.04000091552734,90.9800033569336,90.9800033569336,129101300
2022-11-07,91.9499969482422,92.0999984741211,89.04000091552734,90.52999877929688,90.52999877929688,77495700
2022-11-08,90.79000091552734,91.72000122070312,88.2300033569336,89.9800033569336,89.9800033569336,88703400
2022-11-09,89.47000122070312,89.4800033569336,85.87000274658203,86.13999938964844,86.13999938964844,90796200
2022-11-10,92.94000244140624,98.69000244140624,91.6500015258789,96.62999725341795,96.62999725341795,173414900
2022-11-11,97.87999725341795,101.19000244140624,96.66000366210938,100.79000091552734,100.79000091552734,111590500
2022-11-14,98.7699966430664,100.12000274658205,97.29000091552734,98.48999786376952,98.48999786376952,99533100
2022-11-15,103.20999908447266,103.79000091552734,97.33999633789062,98.94000244140624,98.94000244140624,111336300
2022-11-16,96.8499984741211,98.48999786376952,95.54000091552734,97.12000274658205,97.12000274658205,87958800
2022-11-17,95.37000274658205,96.97000122070312,94.02999877929688,94.8499984741211,94.8499984741211,82617900
2022-11-18,95.9499969482422,95.98999786376952,92.4800033569336,94.13999938964844,94.13999938964844,72428200
2022-11-21,93.97000122070312,95.0199966430664,90.58999633789062,92.45999908447266,92.45999908447266,84330300
2022-11-22,92.62000274658205,93.3499984741211,90.87000274658205,93.1999969482422,93.1999969482422,62192000
2022-11-23,93.23999786376952,94.58000183105467,92.83000183105467,94.12999725341795,94.12999725341795,59414700
2022-11-25,93.79000091552734,94.43000030517578,93.06999969482422,93.41000366210938,93.41000366210938,35088600
2022-11-28,93.93000030517578,96.4000015258789,93.43000030517578,93.9499969482422,93.9499969482422,74943100
2022-11-29,94.04000091552734,94.41000366210938,91.44000244140624,92.41999816894533,92.41999816894533,65567300
2022-11-30,92.47000122070312,96.54000091552734,91.52999877929688,96.54000091552734,96.54000091552734,102805800
2022-12-01,96.98999786376952,97.2300033569336,94.91999816894533,95.5,95.5,68488000
2022-12-02,94.4800033569336,95.36000061035156,93.77999877929688,94.12999725341795,94.12999725341795,72496400
2022-12-05,93.0500030517578,94.05999755859376,90.81999969482422,91.01000213623048,91.01000213623048,71535500
2022-12-06,90.5,91.04000091552734,87.9000015258789,88.25,88.25,75503600
2022-12-07,88.33999633789062,89.88999938964844,87.4800033569336,88.45999908447266,88.45999908447266,68086900
2022-12-08,89.23999786376953,90.86000061035156,87.87999725341797,90.3499984741211,90.3499984741211,73305900
2022-12-09,88.9000015258789,90.3000030517578,88.62999725341797,89.08999633789062,89.08999633789062,67398500
2022-12-12,89.20999908447266,90.58000183105467,87.87000274658203,90.5500030517578,90.5500030517578,61999800
2022-12-13,95.2300033569336,96.25,90.5199966430664,92.48999786376952,92.48999786376952,100212000
2022-12-14,92.5,93.45999908447266,89.87000274658203,91.58000183105467,91.58000183105467,70298000
2022-12-15,89.88999938964844,89.97000122070312,87.47000122070312,88.44999694824219,88.44999694824219,84802900
2022-12-16,88.2699966430664,89.3499984741211,86.7300033569336,87.86000061035156,87.86000061035156,146144100
2022-12-19,87.51000213623047,87.62999725341797,84.51000213623047,84.91999816894531,84.91999816894531,83531500
2022-12-20,85.33000183105469,86.61000061035156,84.33000183105469,85.19000244140625,85.19000244140625,74348300
2022-12-21,86.18000030517578,87.2300033569336,85.20999908447266,86.7699966430664,86.7699966430664,59267200
2022-12-22,85.5199966430664,85.68000030517578,82.25,83.79000091552734,83.79000091552734,81431300
2022-12-23,83.25,85.77999877929688,82.93000030517578,85.25,85.25,57433700
2022-12-27,84.97000122070312,85.3499984741211,83.0,83.04000091552734,83.04000091552734,57284000
2022-12-28,82.80000305175781,83.4800033569336,81.69000244140625,81.81999969482422,81.81999969482422,58228600
2022-12-29,82.87000274658203,84.55000305175781,82.55000305175781,84.18000030517578,84.18000030517578,54995900
2022-12-30,83.12000274658203,84.05000305175781,82.47000122070312,84.0,84.0,62401200
2023-01-03,85.45999908447266,86.95999908447266,84.20999908447266,85.81999969482422,85.81999969482422,76706000
2023-01-04,86.55000305175781,86.9800033569336,83.36000061035156,85.13999938964844,85.13999938964844,68885100
2023-01-05,85.33000183105469,85.41999816894531,83.06999969482422,83.12000274658203,83.12000274658203,67930800
2023-01-06,83.02999877929688,86.4000015258789,81.43000030517578,86.08000183105469,86.08000183105469,83303400
2023-01-09,87.45999908447266,89.4800033569336,87.08000183105469,87.36000061035156,87.36000061035156,65266100
2023-01-10,87.56999969482422,90.19000244140624,87.29000091552734,89.87000274658203,89.87000274658203,67756600
2023-01-11,90.93000030517578,95.26000213623048,90.93000030517578,95.08999633789062,95.08999633789062,103126200
2023-01-12,96.93000030517578,97.19000244140624,93.5,95.2699966430664,95.2699966430664,85254800
2023-01-13,94.18000030517578,98.37000274658205,94.12000274658205,98.12000274658205,98.12000274658205,85549400
2023-01-17,98.68000030517578,98.88999938964844,95.7300033569336,96.0500030517578,96.0500030517578,72755000
2023-01-18,97.25,99.31999969482422,95.37999725341795,95.45999908447266,95.45999908447266,79570400
2023-01-19,94.73999786376952,95.44000244140624,92.86000061035156,93.68000030517578,93.68000030517578,69002700
2023-01-20,93.86000061035156,97.3499984741211,93.1999969482422,97.25,97.25,67481500
2023-01-23,97.55999755859376,97.77999877929688,95.86000061035156,97.5199966430664,97.5199966430664,76501100
2023-01-24,96.93000030517578,98.08999633789062,96.0,96.31999969482422,96.31999969482422,66929500
2023-01-25,92.55999755859376,97.23999786376952,91.5199966430664,97.18000030517578,97.18000030517578,94261600
2023-01-26,98.23999786376952,99.48999786376952,96.91999816894533,99.22000122070312,99.22000122070312,68523600
2023-01-27,99.52999877929688,103.48999786376952,99.52999877929688,102.23999786376952,102.23999786376952,87775600
2023-01-30,101.08999633789062,101.73999786376952,99.01000213623048,100.5500030517578,100.5500030517578,70691900
2023-01-31,101.16000366210938,103.3499984741211,101.13999938964844,103.12999725341795,103.12999725341795,66527300
2023-02-01,102.52999877929688,106.23999786376952,101.23999786376952,105.1500015258789,105.1500015258789,80450100
2023-02-02,110.25,114.0,108.87999725341795,112.91000366210938,112.91000366210938,158154200
2023-02-03,105.26000213623048,108.77999877929688,102.5199966430664,103.38999938964844,103.38999938964844,144374800
2023-02-06,102.93000030517578,103.9499969482422,100.6500015258789,102.18000030517578,102.18000030517578,81945200
2023-02-07,101.16999816894533,102.41000366210938,98.08000183105467,102.11000061035156,102.11000061035156,119501300
2023-02-08,102.04000091552734,102.66999816894533,98.77999877929688,100.0500030517578,100.0500030517578,75878300
2023-02-09,101.31999969482422,101.77999877929688,97.56999969482422,98.23999786376952,98.23999786376952,64622500
2023-02-10,97.55999755859376,98.81999969482422,96.2300033569336,97.61000061035156,97.61000061035156,52740100
2023-02-13,97.8499984741211,99.68000030517578,96.91000366210938,99.54000091552734,99.54000091552734,52841500
2023-02-14,98.41000366210938,100.91999816894533,97.5199966430664,99.6999969482422,99.6999969482422,56202900
2023-02-15,99.08999633789062,101.16999816894533,98.4499969482422,101.16000366210938,101.16000366210938,47957600
2023-02-16,99.20999908447266,100.62999725341795,98.0999984741211,98.1500015258789,98.1500015258789,56339200
2023-02-17,97.8000030517578,97.94000244140624,95.6500015258789,97.1999969482422,97.1999969482422,60029400
2023-02-21,95.33999633789062,95.61000061035156,94.2699966430664,94.58000183105467,94.58000183105467,56580400
2023-02-22,95.0999984741211,97.01000213623048,94.8000030517578,95.79000091552734,95.79000091552734,59534100
2023-02-23,96.12000274658205,96.43000030517578,93.66999816894533,95.81999969482422,95.81999969482422,48467000
2023-02-24,93.52999877929688,94.13999938964844,92.31999969482422,93.5,93.5,57053800
2023-02-27,94.27999877929688,94.77999877929688,93.13999938964844,93.76000213623048,93.76000213623048,47470300
2023-02-28,93.13999938964844,94.69000244140624,92.91999816894533,94.2300033569336,94.2300033569336,43959300
2023-03-01,93.87000274658205,94.68000030517578,91.58999633789062,92.16999816894533,92.16999816894533,52299500
2023-03-02,91.41000366210938,92.2300033569336,90.38999938964844,92.12999725341795,92.12999725341795,55509400
2023-03-03,92.73999786376952,94.94000244140624,92.66000366210938,94.9000015258789,94.9000015258789,55759600
2023-03-06,95.19000244140624,96.5500030517578,93.73999786376952,93.75,93.75,52112400
2023-03-07,94.05999755859376,95.08999633789062,92.77999877929688,93.5500030517578,93.5500030517578,49100700
2023-03-08,93.5999984741211,94.16999816894533,92.18000030517578,93.91999816894533,93.91999816894533,44899100
2023-03-09,93.68000030517578,96.20999908447266,92.18000030517578,92.25,92.25,56218700
2023-03-10,92.66999816894533,93.56999969482422,90.25,90.7300033569336,90.7300033569336,69827500
2023-03-13,89.97000122070312,94.0199966430664,88.12000274658203,92.43000030517578,92.43000030517578,72397100
2023-03-14,93.83000183105467,95.06999969482422,92.70999908447266,94.87999725341795,94.87999725341795,60912700
2023-03-15,93.22000122070312,96.66999816894533,93.06999969482422,96.1999969482422,96.1999969482422,70731800
2023-03-16,95.75,100.98999786376952,95.61000061035156,100.04000091552734,100.04000091552734,84446900
2023-03-17,99.79000091552734,100.66000366210938,97.45999908447266,98.9499969482422,98.9499969482422,87300200
2023-03-20,98.41000366210938,98.4800033569336,95.6999969482422,97.70999908447266,97.70999908447266,62388900
2023-03-21,98.13999938964844,100.8499984741211,98.0,100.61000061035156,100.61000061035156,58597300
2023-03-22,100.4499969482422,102.0999984741211,98.61000061035156,98.6999969482422,98.6999969482422,57475400
2023-03-23,100.43000030517578,101.05999755859376,97.62000274658205,98.70999908447266,98.70999908447266,57559300
2023-03-24,98.06999969482422,98.3000030517578,96.4000015258789,98.12999725341795,98.12999725341795,56095400
2023-03-27,99.06999969482422,99.33999633789062,97.08000183105467,98.04000091552734,98.04000091552734,46721300
2023-03-28,98.11000061035156,98.44000244140624,96.29000091552734,97.23999786376952,97.23999786376952,38720100
2023-03-29,98.69000244140624,100.41999816894533,98.55999755859376,100.25,100.25,49783300
2023-03-30,101.5500030517578,103.04000091552734,101.01000213623048,102.0,102.0,53633400
2023-03-31,102.16000366210938,103.48999786376952,101.9499969482422,103.29000091552734,103.29000091552734,56750300
2023-04-03,102.3000030517578,103.29000091552734,101.43000030517578,102.41000366210938,102.41000366210938,41135700
2023-04-04,102.75,104.1999969482422,102.11000061035156,103.9499969482422,103.9499969482422,48662500
2023-04-05,103.91000366210938,103.91000366210938,100.75,101.0999984741211,101.0999984741211,45175400
2023-04-06,100.75,102.37999725341795,99.8000030517578,102.05999755859376,102.05999755859376,43808000
2023-04-10,100.95999908447266,102.1999969482422,99.56999969482422,102.16999816894533,102.16999816894533,37261200
2023-04-11,100.8000030517578,101.0,99.01000213623048,99.91999816894533,99.91999816894533,60417800
2023-04-12,100.4000015258789,100.51000213623048,97.70999908447266,97.83000183105467,97.83000183105467,56735000
2023-04-13,98.9499969482422,102.56999969482422,98.70999908447266,102.4000015258789,102.4000015258789,67925100
2023-04-14,102.06999969482422,103.1999969482422,101.11000061035156,102.51000213623048,102.51000213623048,51450500
2023-04-17,103.16000366210938,103.7300033569336,101.58999633789062,102.73999786376952,102.73999786376952,39919500
2023-04-18,103.9499969482422,104.1999969482422,101.5199966430664,102.3000030517578,102.3000030517578,39790500
2023-04-19,101.58000183105467,105.12000274658205,101.38999938964844,104.3000030517578,104.3000030517578,58398900
2023-04-20,103.52999877929688,105.25,103.20999908447266,103.80999755859376,103.80999755859376,57696900
2023-04-21,106.0999984741211,108.1500015258789,105.08000183105467,106.95999908447266,106.95999908447266,86774200
2023-04-24,107.66000366210938,109.2300033569336,105.06999969482422,106.20999908447266,106.20999908447266,69575600
2023-04-25,104.91000366210938,105.4499969482422,102.4499969482422,102.56999969482422,102.56999969482422,65026800
2023-04-26,105.04000091552734,106.62000274658205,104.0999984741211,104.9800033569336,104.9800033569336,73803800
2023-04-27,108.16000366210938,110.86000061035156,106.8000030517578,109.81999969482422,109.81999969482422,149961200
2023-04-28,107.7300033569336,109.4800033569336,104.33000183105467,105.4499969482422,105.4499969482422,130715900
2023-05-01,104.9499969482422,105.2300033569336,101.81999969482422,102.0500030517578,102.0500030517578,74728100
2023-05-02,101.47000122070312,103.9000015258789,101.1500015258789,103.62999725341795,103.62999725341795,73469400
2023-05-03,103.73999786376952,105.95999908447266,103.27999877929688,103.6500015258789,103.6500015258789,65051900
2023-05-04,104.04000091552734,105.38999938964844,103.30999755859376,104.0,104.0,45345500
2023-05-05,104.2699966430664,105.76000213623048,103.5500030517578,105.66000366210938,105.66000366210938,56951700
2023-05-08,105.04000091552734,106.0999984741211,104.6999969482422,105.83000183105467,105.83000183105467,49430900
2023-05-09,105.4800033569336,106.79000091552734,105.16000366210938,106.62000274658205,106.62000274658205,44089400
2023-05-10,108.0999984741211,110.66999816894533,108.0500030517578,110.19000244140624,110.19000244140624,78627600
2023-05-11,111.02999877929688,113.27999877929688,110.48999786376952,112.18000030517578,112.18000030517578,74924800
2023-05-12,112.16000366210938,112.63999938964844,109.31999969482422,110.26000213623048,110.26000213623048,49852700
2023-05-15,111.1500015258789,112.29000091552734,109.25,111.1999969482422,111.1999969482422,53011100
2023-05-16,111.0500030517578,114.79000091552734,111.0500030517578,113.4000015258789,113.4000015258789,71472900
2023-05-17,114.88999938964844,115.83000183105467,114.22000122070312,115.5,115.5,65655200
2023-05-18,116.69000244140624,118.5999984741211,116.33999633789062,118.1500015258789,118.1500015258789,73174100
2023-05-19,118.16000366210938,118.30999755859376,115.6999969482422,116.25,116.25,55056300
2023-05-22,116.7699966430664,116.7699966430664,114.25,115.01000213623048,115.01000213623048,70741100
2023-05-23,114.2699966430664,117.13999938964844,113.77999877929688,114.98999786376952,114.98999786376952,67576300
2023-05-24,115.3499984741211,117.33999633789062,115.0199966430664,116.75,116.75,63487900
2023-05-25,116.62999725341795,116.87000274658205,114.30999755859376,115.0,115.0,66496700
2023-05-26,116.04000091552734,121.5,116.0199966430664,120.11000061035156,120.11000061035156,96779900
2023-05-30,122.37000274658205,122.91999816894533,119.86000061035156,121.66000366210938,121.66000366210938,64314800
2023-05-31,121.4499969482422,122.04000091552734,119.16999816894533,120.58000183105467,120.58000183105467,72800800
2023-06-01,120.69000244140624,123.48999786376952,119.93000030517578,122.7699966430664,122.7699966430664,54375100
2023-06-02,124.91999816894533,126.38999938964844,124.0199966430664,124.25,124.25,61264400
2023-06-05,123.36000061035156,125.8000030517578,123.02999877929688,125.3000030517578,125.3000030517578,47950100
2023-06-06,125.06999969482422,127.4000015258789,125.0,126.61000061035156,126.61000061035156,45695200
2023-06-07,127.01000213623048,127.37000274658205,120.62999725341795,121.2300033569336,121.2300033569336,95663300
2023-06-08,123.01000213623048,125.62999725341795,122.26000213623048,124.25,124.25,62159300
2023-06-09,124.08000183105467,125.8000030517578,123.19000244140624,123.43000030517578,123.43000030517578,51396000
2023-06-12,124.0199966430664,126.77999877929688,123.52999877929688,126.56999969482422,126.56999969482422,51338000
2023-06-13,128.1199951171875,128.41000366210938,125.18000030517578,126.66000366210938,126.66000366210938,50564800
2023-06-14,126.6999969482422,126.9499969482422,124.12000274658205,126.41999816894533,126.41999816894533,52422500
2023-06-15,125.20999908447266,127.69000244140624,124.31999969482422,127.11000061035156,127.11000061035156,60458500
2023-06-16,127.70999908447266,127.9000015258789,125.3000030517578,125.48999786376952,125.48999786376952,84247100
2023-06-20,124.97000122070312,127.25,124.5,125.77999877929688,125.77999877929688,56930100
2023-06-21,125.63999938964844,126.7300033569336,123.8499984741211,124.83000183105467,124.83000183105467,52137700
2023-06-22,125.30999755859376,130.3300018310547,125.13999938964844,130.14999389648438,130.14999389648438,90354600
2023-06-23,129.11000061035156,130.83999633789062,128.27999877929688,129.3300018310547,129.3300018310547,71927800
2023-06-26,129.3300018310547,131.49000549316406,127.0999984741211,127.33000183105467,127.33000183105467,59989300
2023-06-27,128.6300048828125,130.08999633789062,127.5500030517578,129.17999267578125,129.17999267578125,46801000
2023-06-28,128.94000244140625,131.47999572753906,128.44000244140625,129.0399932861328,129.0399932861328,52149500
2023-06-29,128.77000427246094,129.25999450683594,127.26000213623048,127.9000015258789,127.9000015258789,40761000
2023-06-30,129.47000122070312,131.25,128.9499969482422,130.36000061035156,130.36000061035156,54350700
2023-07-03,130.82000732421875,131.85000610351562,130.07000732421875,130.22000122070312,130.22000122070312,28264800
2023-07-05,130.24000549316406,131.39999389648438,129.63999938964844,130.3800048828125,130.3800048828125,35895400
2023-07-06,128.25,128.72999572753906,127.37000274658205,128.36000061035156,128.36000061035156,40639900
2023-07-07,128.58999633789062,130.97000122070312,128.1300048828125,129.77999877929688,129.77999877929688,41992300
2023-07-10,129.07000732421875,129.27999877929688,125.91999816894533,127.12999725341795,127.12999725341795,61889300
2023-07-11,127.75,129.77000427246094,127.3499984741211,128.77999877929688,128.77999877929688,49951500
2023-07-12,130.30999755859375,131.25999450683594,128.8300018310547,130.8000030517578,130.8000030517578,54022800
2023-07-13,134.0399932861328,134.6699981689453,132.7100067138672,134.3000030517578,134.3000030517578,61170900
2023-07-14,134.05999755859375,136.64999389648438,134.05999755859375,134.67999267578125,134.67999267578125,54487100
2023-07-17,134.55999755859375,135.6199951171875,133.2100067138672,133.55999755859375,133.55999755859375,48450200
2023-07-18,132.7100067138672,133.86000061035156,131.35000610351562,132.8300018310547,132.8300018310547,54882900
2023-07-19,133.38999938964844,135.99000549316406,132.52999877929688,135.36000061035156,135.36000061035156,54531000
2023-07-20,134.07000732421875,134.7899932861328,129.3300018310547,129.9600067138672,129.9600067138672,59820600
2023-07-21,131.33999633789062,131.3699951171875,128.4199981689453,130.0,130.0,133307300
2023-07-24,130.30999755859375,131.66000366210938,128.35000610351562,128.8000030517578,128.8000030517578,45591100
2023-07-25,129.30999755859375,129.5800018310547,128.52999877929688,129.1300048828125,129.1300048828125,39236700
2023-07-26,126.51000213623048,129.0800018310547,126.11000061035156,128.14999389648438,128.14999389648438,53910100
2023-07-27,131.0,132.6300048828125,127.79000091552734,128.25,128.25,52610700
2023-07-28,129.69000244140625,133.00999450683594,129.3300018310547,132.2100067138672,132.2100067138672,46317400
2023-07-31,133.1999969482422,133.8699951171875,132.3800048828125,133.67999267578125,133.67999267578125,41901500
2023-08-01,133.5500030517578,133.69000244140625,131.6199951171875,131.69000244140625,131.69000244140625,42098500
2023-08-02,130.14999389648438,130.22999572753906,126.81999969482422,128.2100067138672,128.2100067138672,51027600
2023-08-03,127.4800033569336,129.83999633789062,126.41000366210938,128.91000366210938,128.91000366210938,88585200
2023-08-04,141.05999755859375,143.6300048828125,139.32000732421875,139.57000732421875,139.57000732421875,153128500
2023-08-07,140.99000549316406,142.5399932861328,138.9499969482422,142.22000122070312,142.22000122070312,71213100
2023-08-08,140.6199951171875,140.83999633789062,138.4199981689453,139.94000244140625,139.94000244140625,51710500
2023-08-09,139.97000122070312,140.32000732421875,137.10000610351562,137.85000610351562,137.85000610351562,50017300
2023-08-10,139.07000732421875,140.41000366210938,137.49000549316406,138.55999755859375,138.55999755859375,58928400
2023-08-11,137.39999389648438,139.3300018310547,137.0,138.41000366210938,138.41000366210938,42905800
2023-08-14,138.3000030517578,140.58999633789062,137.75,140.57000732421875,140.57000732421875,47148700
2023-08-15,140.0500030517578,141.27999877929688,137.22999572753906,137.6699981689453,137.6699981689453,42781500
2023-08-16,137.19000244140625,137.27000427246094,135.00999450683594,135.07000732421875,135.07000732421875,41675900
2023-08-17,135.4600067138672,136.08999633789062,133.52999877929688,133.97999572753906,133.97999572753906,48354100
2023-08-18,131.6199951171875,134.07000732421875,131.14999389648438,133.22000122070312,133.22000122070312,48497700
2023-08-21,133.74000549316406,135.19000244140625,132.7100067138672,134.67999267578125,134.67999267578125,41442500
2023-08-22,135.0800018310547,135.64999389648438,133.72999572753906,134.25,134.25,32905400
2023-08-23,134.5,135.9499969482422,133.22000122070312,135.52000427246094,135.52000427246094,42801000
2023-08-24,136.39999389648438,136.77999877929688,131.8300018310547,131.83999633789062,131.83999633789062,43646300
2023-08-25,132.47000122070312,133.8699951171875,130.5800018310547,133.25999450683594,133.25999450683594,44147500
2023-08-28,133.77999877929688,133.9499969482422,131.85000610351562,133.13999938964844,133.13999938964844,34108400
2023-08-29,133.3800048828125,135.13999938964844,133.25,134.91000366210938,134.91000366210938,38646100
2023-08-30,134.92999267578125,135.67999267578125,133.9199981689453,135.07000732421875,135.07000732421875,36137000
2023-08-31,135.05999755859375,138.7899932861328,135.0,138.00999450683594,138.00999450683594,58781300
2023-09-01,139.4600067138672,139.9600067138672,136.8800048828125,138.1199951171875,138.1199951171875,40991500
2023-09-05,137.72999572753906,137.8000030517578,135.82000732421875,137.27000427246094,137.27000427246094,40636700
2023-09-06,136.32000732421875,137.4499969482422,134.61000061035156,135.36000061035156,135.36000061035156,41785500
2023-09-07,133.89999389648438,138.02999877929688,133.16000366210938,137.85000610351562,137.85000610351562,48498900
2023-09-08,136.86000061035156,138.85000610351562,136.75,138.22999572753906,138.22999572753906,38348200
2023-09-11,138.75,143.6199951171875,138.63999938964844,143.10000610351562,143.10000610351562,56764500
2023-09-12,142.32000732421875,143.0,140.61000061035156,141.22999572753906,141.22999572753906,42668500
2023-09-13,140.9499969482422,144.97999572753906,140.8699951171875,144.85000610351562,144.85000610351562,60465200
2023-09-14,145.0800018310547,145.86000061035156,142.9499969482422,144.72000122070312,144.72000122070312,64033600
2023-09-15,142.69000244140625,143.57000732421875,140.08999633789062,140.38999938964844,140.38999938964844,102909300
2023-09-18,140.47999572753906,141.75,139.22000122070312,139.97999572753906,139.97999572753906,42823500
2023-09-19,138.6999969482422,138.83999633789062,135.55999755859375,137.6300048828125,137.6300048828125,61482500
2023-09-20,138.5500030517578,139.3699951171875,135.1999969482422,135.2899932861328,135.2899932861328,46263700
2023-09-21,131.94000244140625,132.24000549316406,129.30999755859375,129.3300018310547,129.3300018310547,70343300
2023-09-22,131.11000061035156,132.02999877929688,128.52000427246094,129.1199951171875,129.1199951171875,59904300
2023-09-25,129.36000061035156,131.77999877929688,128.77000427246094,131.27000427246094,131.27000427246094,46017800
2023-09-26,130.1199951171875,130.38999938964844,125.27999877929688,125.9800033569336,125.9800033569336,73048200
2023-09-27,125.76000213623048,127.4800033569336,124.12999725341795,125.9800033569336,125.9800033569336,66553400
2023-09-28,124.04000091552734,126.58000183105467,123.04000091552734,125.9800033569336,125.9800033569336,54555000
2023-09-29,128.1999969482422,129.14999389648438,126.31999969482422,127.12000274658205,127.12000274658205,62411700
2023-10-02,127.27999877929688,130.47000122070312,126.54000091552734,129.4600067138672,129.4600067138672,48029700
2023-10-03,128.05999755859375,128.52000427246094,124.25,124.72000122070312,124.72000122070312,51565000
2023-10-04,126.05999755859376,127.36000061035156,125.68000030517578,127.0,127.0,44203900
2023-10-05,126.70999908447266,126.7300033569336,124.33000183105467,125.95999908447266,125.95999908447266,39660600
2023-10-06,124.16000366210938,128.4499969482422,124.12999725341795,127.95999908447266,127.95999908447266,46836700
2023-10-09,126.22000122070312,128.7899932861328,124.76000213623048,128.25999450683594,128.25999450683594,38773700
2023-10-10,128.82000732421875,130.74000549316406,128.0500030517578,129.47999572753906,129.47999572753906,42178600
2023-10-11,129.74000549316406,132.0500030517578,129.61000061035156,131.8300018310547,131.8300018310547,40741800
2023-10-12,132.1699981689453,134.47999572753906,131.22999572753906,132.3300018310547,132.3300018310547,55528600
2023-10-13,132.97999572753906,133.30999755859375,128.9499969482422,129.7899932861328,129.7899932861328,45786600
2023-10-16,130.69000244140625,133.07000732421875,130.42999267578125,132.5500030517578,132.5500030517578,42832900
2023-10-17,130.38999938964844,132.5800018310547,128.7100067138672,131.47000122070312,131.47000122070312,49344600
2023-10-18,129.89999389648438,130.6699981689453,127.51000213623048,128.1300048828125,128.1300048828125,42699500
2023-10-19,130.57000732421875,132.24000549316406,127.47000122070312,128.39999389648438,128.39999389648438,60961400
2023-10-20,128.0500030517578,128.1699981689453,124.97000122070312,125.16999816894533,125.16999816894533,56406400
2023-10-23,124.62999725341795,127.87999725341795,123.9800033569336,126.55999755859376,126.55999755859376,48260000
2023-10-24,127.73999786376952,128.8000030517578,126.33999633789062,128.55999755859375,128.55999755859375,46477400
2023-10-25,126.04000091552734,126.33999633789062,120.79000091552734,121.38999938964844,121.38999938964844,74577500
2023-10-26,120.62999725341795,121.63999938964844,118.3499984741211,119.56999969482422,119.56999969482422,100419500
2023-10-27,126.1999969482422,130.02000427246094,125.5199966430664,127.73999786376952,127.73999786376952,125309300
2023-10-30,129.72000122070312,133.0,128.55999755859375,132.7100067138672,132.7100067138672,72485500
2023-10-31,132.75,133.57000732421875,131.7100067138672,133.08999633789062,133.08999633789062,51589400
2023-11-01,133.9600067138672,137.35000610351562,133.7100067138672,137.0,137.0,61529400
2023-11-02,138.72999572753906,138.80999755859375,136.47000122070312,138.07000732421875,138.07000732421875,52236700
2023-11-03,138.99000549316406,139.49000549316406,137.4499969482422,138.60000610351562,138.60000610351562,44059800
2023-11-06,138.75999450683594,140.72999572753906,138.36000061035156,139.74000549316406,139.74000549316406,44970400
2023-11-07,140.5500030517578,143.3699951171875,140.5,142.7100067138672,142.7100067138672,53553500
2023-11-08,142.97000122070312,143.1199951171875,141.22000122070312,142.0800018310547,142.0800018310547,44521700
2023-11-09,142.02000427246094,142.64999389648438,139.83999633789062,140.60000610351562,140.60000610351562,36235400
2023-11-10,140.4600067138672,143.64999389648438,139.91000366210938,143.55999755859375,143.55999755859375,49287800
2023-11-13,142.0800018310547,143.22999572753906,140.6699981689453,142.58999633789062,142.58999633789062,35680600
2023-11-14,145.0,147.25999450683594,144.67999267578125,145.8000030517578,145.8000030517578,56674600
2023-11-15,147.05999755859375,147.2899932861328,142.58999633789062,143.1999969482422,143.1999969482422,63875700
2023-11-16,140.91000366210938,143.32000732421875,139.52000427246094,142.8300018310547,142.8300018310547,49653500
2023-11-17,142.66000366210938,145.22999572753906,142.5399932861328,145.17999267578125,145.17999267578125,49636700
2023-11-20,145.1300048828125,146.6300048828125,144.72999572753906,146.1300048828125,146.1300048828125,41951200
2023-11-21,143.91000366210938,144.0500030517578,141.5,143.89999389648438,143.89999389648438,71226000
2023-11-22,144.57000732421875,147.74000549316406,144.57000732421875,146.7100067138672,146.7100067138672,45669100
2023-11-24,146.6999969482422,147.1999969482422,145.32000732421875,146.74000549316406,146.74000549316406,22378400
2023-11-27,147.52999877929688,149.25999450683594,146.8800048828125,147.72999572753906,147.72999572753906,53762400
2023-11-28,146.97999572753906,147.60000610351562,145.52999877929688,147.02999877929688,147.02999877929688,42711700
2023-11-29,147.85000610351562,148.5399932861328,145.97000122070312,146.32000732421875,146.32000732421875,40610900
2023-11-30,144.75999450683594,146.92999267578125,144.3300018310547,146.08999633789062,146.08999633789062,65814000
2023-12-01,146.0,147.25,145.5500030517578,147.02999877929688,147.02999877929688,39951800
2023-12-04,145.25,145.35000610351562,142.80999755859375,144.83999633789062,144.83999633789062,48294200
2023-12-05,143.5500030517578,148.57000732421875,143.1300048828125,146.8800048828125,146.8800048828125,46822400
2023-12-06,147.5800018310547,147.85000610351562,144.27999877929688,144.52000427246094,144.52000427246094,39679000
2023-12-07,146.14999389648438,147.9199981689453,145.33999633789062,146.8800048828125,146.8800048828125,52352800
2023-12-08,145.47999572753906,147.83999633789062,145.39999389648438,147.4199981689453,147.4199981689453,41906000
2023-12-11,145.66000366210938,146.19000244140625,143.63999938964844,145.88999938964844,145.88999938964844,50907300
2023-12-12,145.52000427246094,147.5,145.3000030517578,147.47999572753906,147.47999572753906,44944300
2023-12-13,148.1199951171875,149.4600067138672,146.82000732421875,148.83999633789062,148.83999633789062,52766200
2023-12-14,149.92999267578125,150.5399932861328,145.52000427246094,147.4199981689453,147.4199981689453,58400800
2023-12-15,148.3800048828125,150.57000732421875,147.8800048828125,149.97000122070312,149.97000122070312,110089300
2023-12-18,150.55999755859375,154.85000610351562,150.0500030517578,154.07000732421875,154.07000732421875,62512800
2023-12-19,154.39999389648438,155.1199951171875,152.69000244140625,153.7899932861328,153.7899932861328,43171300
2023-12-20,152.89999389648438,155.6300048828125,151.55999755859375,152.1199951171875,152.1199951171875,50322100
2023-12-21,153.3000030517578,153.97000122070312,152.10000610351562,153.83999633789062,153.83999633789062,36305700
2023-12-22,153.77000427246094,154.35000610351562,152.7100067138672,153.4199981689453,153.4199981689453,29514100
2023-12-26,153.55999755859375,153.97999572753906,153.02999877929688,153.41000366210938,153.41000366210938,25067200
2023-12-27,153.55999755859375,154.77999877929688,153.1199951171875,153.33999633789062,153.33999633789062,31434700
2023-12-28,153.72000122070312,154.0800018310547,152.9499969482422,153.3800048828125,153.3800048828125,27057000
2023-12-29,153.10000610351562,153.88999938964844,151.02999877929688,151.94000244140625,151.94000244140625,39823200
2024-01-02,151.5399932861328,152.3800048828125,148.38999938964844,149.92999267578125,149.92999267578125,47339400
2024-01-03,149.1999969482422,151.0500030517578,148.3300018310547,148.47000122070312,148.47000122070312,49425500
2024-01-04,145.58999633789062,147.3800048828125,144.0500030517578,144.57000732421875,144.57000732421875,56039800
2024-01-05,144.69000244140625,146.58999633789062,144.52999877929688,145.24000549316406,145.24000549316406,45153100
2024-01-08,146.74000549316406,149.39999389648438,146.14999389648438,149.10000610351562,149.10000610351562,46757100
2024-01-09,148.3300018310547,151.7100067138672,148.2100067138672,151.3699951171875,151.3699951171875,43812600
2024-01-10,152.05999755859375,154.4199981689453,151.8800048828125,153.72999572753906,153.72999572753906,44421800
2024-01-11,155.0399932861328,157.1699981689453,153.1199951171875,155.17999267578125,155.17999267578125,49072700
2024-01-12,155.38999938964844,156.1999969482422,154.00999450683594,154.6199951171875,154.6199951171875,40484200
2024-01-16,153.52999877929688,154.99000549316406,152.14999389648438,153.16000366210938,153.16000366210938,41384600
2024-01-17,151.49000549316406,152.14999389648438,149.91000366210938,151.7100067138672,151.7100067138672,34953400
2024-01-18,152.77000427246094,153.77999877929688,151.82000732421875,153.5,153.5,37850200
2024-01-19,153.8300018310547,155.75999450683594,152.74000549316406,155.33999633789062,155.33999633789062,51651600
2024-01-22,156.88999938964844,157.0500030517578,153.89999389648438,154.77999877929688,154.77999877929688,43687500
2024-01-23,154.85000610351562,156.2100067138672,153.92999267578125,156.02000427246094,156.02000427246094,37986000
2024-01-24,157.8000030517578,158.50999450683594,156.47999572753906,156.8699951171875,156.8699951171875,48547300
2024-01-25,156.9499969482422,158.50999450683594,154.5500030517578,157.75,157.75,43638600
2024-01-26,158.4199981689453,160.72000122070312,157.91000366210938,159.1199951171875,159.1199951171875,51047400
2024-01-29,159.33999633789062,161.2899932861328,158.89999389648438,161.25999450683594,161.25999450683594,45270400
2024-01-30,160.6999969482422,161.72999572753906,158.49000549316406,159.0,159.0,45207400
2024-01-31,157.0,159.00999450683594,154.80999755859375,155.1999969482422,155.1999969482422,50284400
2024-02-01,155.8699951171875,159.75999450683594,155.6199951171875,159.27999877929688,159.27999877929688,76542400
2024-02-02,169.19000244140625,172.5,167.3300018310547,171.80999755859375,171.80999755859375,117218300
2024-02-05,170.1999969482422,170.5500030517578,167.6999969482422,170.30999755859375,170.30999755859375,55081300
2024-02-06,169.38999938964844,170.7100067138672,167.64999389648438,169.14999389648438,169.14999389648438,42505500
2024-02-07,169.47999572753906,170.8800048828125,168.94000244140625,170.52999877929688,170.52999877929688,47174100
2024-02-08,169.64999389648438,171.42999267578125,168.8800048828125,169.83999633789062,169.83999633789062,42316500
2024-02-09,170.89999389648438,175.0,170.5800018310547,174.4499969482422,174.4499969482422,56986000
2024-02-12,174.8000030517578,175.38999938964844,171.5399932861328,172.33999633789062,172.33999633789062,51050400
2024-02-13,167.72999572753906,170.9499969482422,165.75,168.63999938964844,168.63999938964844,56345100
2024-02-14,169.2100067138672,171.2100067138672,168.27999877929688,170.97999572753906,170.97999572753906,42815500
2024-02-15,170.5800018310547,171.1699981689453,167.58999633789062,169.8000030517578,169.8000030517578,49855200
2024-02-16,168.74000549316406,170.4199981689453,167.1699981689453,169.50999450683594,169.50999450683594,48107700
2024-02-20,167.8300018310547,168.7100067138672,165.74000549316406,167.0800018310547,167.0800018310547,41980300
2024-02-21,168.94000244140625,170.22999572753906,167.13999938964844,168.58999633789062,168.58999633789062,44420100
2024-02-22,173.10000610351562,174.8000030517578,171.77000427246094,174.5800018310547,174.5800018310547,55392400
2024-02-23,174.27999877929688,175.75,173.6999969482422,174.99000549316406,174.99000549316406,59715200
2024-02-26,175.6999969482422,176.3699951171875,174.25999450683594,174.72999572753906,174.72999572753906,44368600
2024-02-27,174.0800018310547,174.6199951171875,172.86000061035156,173.5399932861328,173.5399932861328,31141700
2024-02-28,172.44000244140625,174.0500030517578,172.27000427246094,173.16000366210938,173.16000366210938,28180500
2024-02-29,173.00999450683594,177.22000122070312,172.85000610351562,176.75999450683594,176.75999450683594,53805400
2024-03-01,176.75,178.72999572753906,176.07000732421875,178.22000122070312,178.22000122070312,31981200
2024-03-04,177.52999877929688,180.13999938964844,177.49000549316406,177.5800018310547,177.5800018310547,37381500
2024-03-05,176.92999267578125,176.92999267578125,173.3000030517578,174.1199951171875,174.1199951171875,37228300
2024-03-06,175.5399932861328,176.4600067138672,173.25999450683594,173.50999450683594,173.50999450683594,32090900
2024-03-07,174.8300018310547,177.99000549316406,173.72000122070312,176.82000732421875,176.82000732421875,34063300
2024-03-08,176.44000244140625,178.7899932861328,174.3300018310547,175.35000610351562,175.35000610351562,37893200
2024-03-11,174.30999755859375,174.47000122070312,171.47000122070312,171.9600067138672,171.9600067138672,28484800
2024-03-12,173.5,176.75999450683594,171.97999572753906,175.38999938964844,175.38999938964844,36610600
2024-03-13,175.89999389648438,177.6199951171875,175.5500030517578,176.55999755859375,176.55999755859375,30772600
2024-03-14,177.69000244140625,179.52999877929688,176.47000122070312,178.75,178.75,43705800
2024-03-15,176.63999938964844,177.92999267578125,173.89999389648438,174.4199981689453,174.4199981689453,72147400
2024-03-18,175.8000030517578,176.69000244140625,174.27999877929688,174.47999572753906,174.47999572753906,31250700
2024-03-19,174.22000122070312,176.08999633789062,173.52000427246094,175.89999389648438,175.89999389648438,26880900
2024-03-20,176.13999938964844,178.52999877929688,174.63999938964844,178.14999389648438,178.14999389648438,29947200
2024-03-21,179.99000549316406,181.4199981689453,178.14999389648438,178.14999389648438,178.14999389648438,32824300
2024-03-22,177.75,179.25999450683594,176.75,178.8699951171875,178.8699951171875,27995400
2024-03-25,178.00999450683594,180.9900054931641,177.24000549316406,179.7100067138672,179.7100067138672,29815500
2024-03-26,180.1499938964844,180.4499969482422,177.9499969482422,178.3000030517578,178.3000030517578,29659000
2024-03-27,179.8800048828125,180.0,177.30999755859375,179.8300018310547,179.8300018310547,33272600
2024-03-28,180.1699981689453,181.6999969482422,179.25999450683594,180.3800048828125,180.3800048828125,38051600
2024-04-01,180.7899932861328,183.0,179.9499969482422,180.97000122070312,180.97000122070312,29174500
2024-04-02,179.07000732421875,180.7899932861328,178.3800048828125,180.69000244140625,180.69000244140625,32611500
2024-04-03,179.89999389648438,182.8699951171875,179.8000030517578,182.41000366210932,182.41000366210932,31046600
2024-04-04,184.0,185.1000061035156,180.0,180.0,180.0,41624300
2024-04-05,182.3800048828125,186.2700042724609,181.97000122070312,185.07000732421875,185.07000732421875,42374000
2024-04-08,186.8999938964844,187.2899932861328,184.8099975585937,185.19000244140625,185.19000244140625,39221300
2024-04-09,187.2400054931641,187.33999633789065,184.1999969482422,185.6699981689453,185.6699981689453,36520100
2024-04-10,182.7700042724609,186.2700042724609,182.6699981689453,185.9499969482422,185.9499969482422,35879200
2024-04-11,186.7400054931641,189.7700042724609,185.509994506836,189.0500030517578,189.0500030517578,40020700
2024-04-12,187.72000122070312,188.3800048828125,185.0800018310547,186.1300048828125,186.1300048828125,38608800
2024-04-15,187.42999267578125,188.69000244140625,183.0,183.6199951171875,183.6199951171875,48052400
2024-04-16,183.2700042724609,184.8300018310547,182.259994506836,183.32000732421875,183.32000732421875,32891300
2024-04-17,184.3099975585937,184.57000732421875,179.82000732421875,181.27999877929688,181.27999877929688,31359700
2024-04-18,181.47000122070312,182.38999938964844,178.64999389648438,179.22000122070312,179.22000122070312,30723800
2024-04-19,178.74000549316406,179.0,173.44000244140625,174.6300048828125,174.6300048828125,56000700
2024-04-22,176.94000244140625,178.8699951171875,174.55999755859375,177.22999572753906,177.22999572753906,37924900
2024-04-23,178.0800018310547,179.92999267578125,175.97999572753906,179.5399932861328,179.5399932861328,37046500
2024-04-24,179.94000244140625,180.32000732421875,176.17999267578125,176.58999633789062,176.58999633789062,34185100
2024-04-25,169.67999267578125,173.9199981689453,166.32000732421875,173.6699981689453,173.6699981689453,49249400
2024-04-26,177.8000030517578,180.82000732421875,176.1300048828125,179.6199951171875,179.6199951171875,43919800
2024-04-29,182.75,183.52999877929688,179.38999938964844,180.9600067138672,180.9600067138672,54063900
2024-04-30,181.08999633789065,182.9900054931641,174.8000030517578,175.0,175.0,94639800
2024-05-01,181.63999938964844,185.1499938964844,176.55999755859375,179.0,179.0,94645100
2024-05-02,180.8500061035156,185.1000061035156,179.91000366210938,184.72000122070312,184.72000122070312,54303500
2024-05-03,186.9900054931641,187.8699951171875,185.4199981689453,186.2100067138672,186.2100067138672,39172000
2024-05-06,186.27999877929688,188.75,184.8000030517578,188.6999969482422,188.6999969482422,34725300
2024-05-07,188.9199981689453,189.94000244140625,187.3099975585937,188.759994506836,188.759994506836,34048900
2024-05-08,187.44000244140625,188.42999267578125,186.38999938964844,188.0,188.0,26136400
2024-05-09,188.8800048828125,191.6999969482422,187.44000244140625,189.5,189.5,43368400
2024-05-10,189.16000366210932,189.88999938964844,186.92999267578125,187.47999572753903,187.47999572753903,34141800
2024-05-13,188.0,188.3099975585937,185.3600006103516,186.57000732421875,186.57000732421875,24898600
2024-05-14,183.82000732421875,187.72000122070312,183.4499969482422,187.07000732421875,187.07000732421875,38698200
2024-05-15,185.97000122070312,186.72000122070312,182.72999572753903,185.9900054931641,185.9900054931641,75459900
2024-05-16,185.6000061035156,187.3099975585937,183.4600067138672,183.6300048828125,183.6300048828125,38834500
2024-05-17,183.759994506836,185.3000030517578,183.3500061035156,184.6999969482422,184.6999969482422,33175700
2024-05-20,184.33999633789065,186.6699981689453,183.27999877929688,183.5399932861328,183.5399932861328,30511800
2024-05-21,182.3000030517578,183.259994506836,180.75,183.1499938964844,183.1499938964844,50839100
2024-05-22,183.8800048828125,185.22000122070312,181.97000122070312,183.1300048828125,183.1300048828125,28148800
2024-05-23,183.66000366210932,184.759994506836,180.0800018310547,181.0500030517578,181.0500030517578,33670200
2024-05-24,181.6499938964844,182.44000244140625,180.3000030517578,180.75,180.75,27471600
2024-05-28,179.92999267578125,182.2400054931641,179.49000549316406,182.1499938964844,182.1499938964844,29927000
2024-05-29,181.6999969482422,184.0800018310547,181.5500030517578,182.0200042724609,182.0200042724609,32009300
2024-05-30,181.3099975585937,181.33999633789065,178.36000061035156,179.32000732421875,179.32000732421875,29184700
2024-05-31,178.3000030517578,179.2100067138672,173.8699951171875,176.44000244140625,176.44000244140625,58903900
2024-06-03,177.6999969482422,178.6999969482422,175.9199981689453,178.33999633789062,178.33999633789062,30786600
2024-06-04,177.63999938964844,179.82000732421875,176.44000244140625,179.33999633789062,179.33999633789062,27198400
2024-06-05,180.10000610351562,181.5,178.75,181.27999877929688,181.27999877929688,32116400
2024-06-06,181.75,185.0,181.4900054931641,185.0,185.0,31371200
2024-06-07,184.8999938964844,186.2899932861328,183.3600006103516,184.3000030517578,184.3000030517578,28021500
2024-06-10,184.07000732421875,187.22999572753903,183.7899932861328,187.0599975585937,187.0599975585937,34445600
2024-06-11,187.0599975585937,187.7700042724609,184.5399932861328,187.22999572753903,187.22999572753903,27265100
2024-06-12,188.0200042724609,188.3500061035156,185.42999267578125,186.88999938964844,186.88999938964844,33984200
2024-06-13,186.08999633789065,187.6699981689453,182.6699981689453,183.8300018310547,183.8300018310547,39721500
2024-06-14,183.0800018310547,183.72000122070312,182.22999572753903,183.66000366210932,183.66000366210932,25456400
2024-06-17,182.5200042724609,185.0,181.22000122070312,184.0599975585937,184.0599975585937,35601900
2024-06-18,183.7400054931641,184.2899932861328,181.42999267578125,182.8099975585937,182.8099975585937,36659200
2024-06-20,182.91000366210932,186.509994506836,182.72000122070312,186.1000061035156,186.1000061035156,44726800
2024-06-21,187.8000030517578,189.27999877929688,185.8600006103516,189.0800018310547,189.0800018310547,70792500
2024-06-24,189.3300018310547,191.0,185.3300018310547,185.57000732421875,185.57000732421875,50610400
2024-06-25,186.8099975585937,188.83999633789065,185.4199981689453,186.33999633789065,186.33999633789065,45366400
2024-06-26,186.9199981689453,194.8000030517578,186.259994506836,193.6100006103516,193.6100006103516,65103900
2024-06-27,195.009994506836,199.83999633789065,194.1999969482422,197.8500061035156,197.8500061035156,74397500
2024-06-28,197.72999572753903,198.8500061035156,192.5,193.25,193.25,76930200
2024-07-01,193.4900054931641,198.3000030517578,192.82000732421875,197.1999969482422,197.1999969482422,41192000
2024-07-02,197.27999877929688,200.42999267578125,195.92999267578125,200.0,200.0,45600000
2024-07-03,199.94000244140625,200.02999877929688,196.759994506836,197.58999633789065,197.58999633789065,31597900
2024-07-05,198.6499938964844,200.5500030517578,198.1699981689453,200.0,200.0,39858900
2024-07-08,200.0399932861328,201.1999969482422,197.9600067138672,199.2899932861328,199.2899932861328,34767300
2024-07-09,199.3999938964844,200.57000732421875,199.0500030517578,199.33999633789065,199.33999633789065,32700100
2024-07-10,200.0,200.1100006103516,197.69000244140625,199.7899932861328,199.7899932861328,32883800
2024-07-11,200.08999633789065,200.2700042724609,192.8600006103516,195.0500030517578,195.0500030517578,44565000
2024-07-12,194.8000030517578,196.47000122070312,193.8300018310547,194.4900054931641,194.4900054931641,30598500
2024-07-15,194.5599975585937,196.19000244140625,190.8300018310547,192.72000122070312,192.72000122070312,40683200
2024-07-16,195.58999633789065,196.6199951171875,192.2400054931641,193.0200042724609,193.0200042724609,33994700
2024-07-17,191.3500061035156,191.5800018310547,185.9900054931641,187.92999267578125,187.92999267578125,48076100
2024-07-18,189.58999633789065,189.67999267578125,181.4499969482422,183.75,183.75,51043600
2024-07-19,181.13999938964844,184.92999267578125,180.11000061035156,183.1300048828125,183.1300048828125,43081800
2024-07-22,185.0,185.0599975585937,182.47999572753903,182.5500030517578,182.5500030517578,39931900
2024-07-23,184.1000061035156,189.38999938964844,183.5599975585937,186.41000366210932,186.41000366210932,47537700
2024-07-24,183.1999969482422,185.4499969482422,180.41000366210932,180.8300018310547,180.8300018310547,41532400
2024-07-25,182.91000366210932,183.8999938964844,176.8000030517578,179.85000610351562,179.85000610351562,44464200
2024-07-26,180.38999938964844,183.19000244140625,180.2400054931641,182.5,182.5,29506000
2024-07-29,183.83999633789065,184.75,182.3800048828125,183.1999969482422,183.1999969482422,33270100
2024-07-30,184.72000122070312,185.8600006103516,179.3800048828125,181.7100067138672,181.7100067138672,39508600
2024-07-31,185.0500030517578,187.94000244140625,184.4600067138672,186.97999572753903,186.97999572753903,41667300
2024-08-01,189.2899932861328,190.6000061035156,181.8699951171875,184.07000732421875,184.07000732421875,70435600
2024-08-02,166.75,168.77000427246094,160.5500030517578,167.89999389648438,167.89999389648438,141448400
2024-08-05,154.2100067138672,162.9600067138672,151.61000061035156,161.02000427246094,161.02000427246094,83149400
2024-08-06,161.7100067138672,165.0800018310547,158.5399932861328,161.92999267578125,161.92999267578125,59950800
2024-08-07,166.5500030517578,167.5800018310547,161.42999267578125,162.77000427246094,162.77000427246094,48408200
2024-08-08,165.1699981689453,166.69000244140625,162.5500030517578,165.8000030517578,165.8000030517578,44616200
2024-08-09,166.39999389648438,168.5500030517578,165.85000610351562,166.94000244140625,166.94000244140625,36401000
2024-08-12,168.13999938964844,168.5500030517578,166.11000061035156,166.8000030517578,166.8000030517578,30072800
2024-08-13,167.80999755859375,171.0399932861328,167.10000610351562,170.22999572753906,170.22999572753906,39237900
2024-08-14,172.11000061035156,172.27999877929688,168.86000061035156,170.10000610351562,170.10000610351562,28843800
2024-08-15,174.86000061035156,177.91000366210938,173.99000549316406,177.58999633789062,177.58999633789062,51698500
2024-08-16,177.0399932861328,178.33999633789062,176.25999450683594,177.05999755859375,177.05999755859375,31489200
2024-08-19,177.63999938964844,178.3000030517578,176.16000366210938,178.22000122070312,178.22000122070312,31129800
2024-08-20,177.9199981689453,179.00999450683594,177.42999267578125,178.8800048828125,178.8800048828125,26255200
2024-08-21,179.9199981689453,182.38999938964844,178.88999938964844,180.11000061035156,180.11000061035156,35599100
2024-08-22,181.3800048828125,181.47000122070312,175.67999267578125,176.1300048828125,176.1300048828125,32047500
2024-08-23,177.33999633789062,178.97000122070312,175.24000549316406,177.0399932861328,177.0399932861328,29150100
2024-08-26,176.6999969482422,177.47000122070312,174.3000030517578,175.5,175.5,22366200
2024-08-27,174.14999389648438,174.88999938964844,172.25,173.1199951171875,173.1199951171875,29842000
2024-08-28,173.69000244140625,173.69000244140625,168.9199981689453,170.8000030517578,170.8000030517578,29045000
2024-08-29,173.22000122070312,174.2899932861328,170.80999755859375,172.1199951171875,172.1199951171875,26407800
2024-08-30,172.77999877929688,178.89999389648438,172.60000610351562,178.5,178.5,43429400
2024-09-03,177.5500030517578,178.25999450683594,175.25999450683594,176.25,176.25,37817500
2024-09-04,174.47999572753906,175.97999572753906,172.5399932861328,173.3300018310547,173.3300018310547,30309200
2024-09-05,175.0,179.8800048828125,175.0,177.88999938964844,177.88999938964844,40170500
2024-09-06,177.24000549316406,178.3800048828125,171.16000366210938,171.38999938964844,171.38999938964844,41466500
2024-09-09,174.52999877929688,175.85000610351562,173.50999450683594,175.39999389648438,175.39999389648438,29037400
2024-09-10,177.49000549316406,180.5,176.7899932861328,179.5500030517578,179.5500030517578,36233800
2024-09-11,180.10000610351562,184.9900054931641,175.72999572753906,184.5200042724609,184.5200042724609,42564700
2024-09-12,184.8000030517578,187.41000366210932,183.5399932861328,187.0,187.0,33544200
2024-09-13,187.0,188.5,185.91000366210932,186.4900054931641,186.4900054931641,26495400
2024-09-16,185.2899932861328,185.8099975585937,183.3600006103516,184.88999938964844,184.88999938964844,26065500
2024-09-17,186.8500061035156,189.4499969482422,186.13999938964844,186.8800048828125,186.8800048828125,26091700
2024-09-18,186.4499969482422,188.8000030517578,185.0599975585937,186.42999267578125,186.42999267578125,34448100
2024-09-19,190.0399932861328,190.9900054931641,188.47000122070312,189.8699951171875,189.8699951171875,39543200
2024-09-20,190.22999572753903,191.83999633789065,187.41000366210932,191.6000061035156,191.6000061035156,100378600
2024-09-23,191.63999938964844,194.4499969482422,190.57000732421875,193.8800048828125,193.8800048828125,36993100
2024-09-24,194.2700042724609,195.3699951171875,190.1300048828125,193.9600067138672,193.9600067138672,43478900
2024-09-25,193.75,193.9499969482422,192.16000366210932,192.52999877929688,192.52999877929688,26391100
2024-09-26,194.3099975585937,194.52999877929688,189.5399932861328,191.16000366210932,191.16000366210932,36334900
2024-09-27,190.67999267578125,190.8999938964844,187.33999633789065,187.97000122070312,187.97000122070312,36002300
2024-09-30,187.13999938964844,188.4900054931641,184.6499938964844,186.3300018310547,186.3300018310547,41583900
2024-10-01,184.8999938964844,186.19000244140625,183.4499969482422,185.1300048828125,185.1300048828125,36044900
2024-10-02,184.44000244140625,186.6000061035156,184.0399932861328,184.759994506836,184.759994506836,23704100
2024-10-03,183.0500030517578,183.44000244140625,180.8800048828125,181.9600067138672,181.9600067138672,30204300
2024-10-04,185.75,187.6000061035156,183.6000061035156,186.509994506836,186.509994506836,40890300
2024-10-07,182.9499969482422,183.6000061035156,180.25,180.8000030517578,180.8000030517578,42364200
2024-10-08,181.9199981689453,183.08999633789065,180.9199981689453,182.72000122070312,182.72000122070312,26372100
2024-10-09,182.82000732421875,185.8500061035156,182.0500030517578,185.1699981689453,185.1699981689453,26343100
2024-10-10,187.1300048828125,188.1300048828125,185.8300018310547,186.6499938964844,186.6499938964844,27785000
2024-10-11,186.6300048828125,189.92999267578125,186.3000030517578,188.82000732421875,188.82000732421875,25751600
2024-10-14,189.77999877929688,189.8300018310547,187.3600006103516,187.5399932861328,187.5399932861328,22614400
2024-10-15,187.6300048828125,188.41000366210932,184.5800018310547,187.69000244140625,187.69000244140625,32178900
2024-10-16,187.0500030517578,187.77999877929688,185.6100006103516,186.88999938964844,186.88999938964844,23456800
2024-10-17,188.22000122070312,188.94000244140625,186.0,187.52999877929688,187.52999877929688,25039400
2024-10-18,187.1499938964844,190.7400054931641,186.27999877929688,188.9900054931641,188.9900054931641,37417700
2024-10-21,188.0500030517578,189.4600067138672,186.3999938964844,189.07000732421875,189.07000732421875,24639400
2024-10-22,188.3500061035156,191.5200042724609,186.97999572753903,189.6999969482422,189.6999969482422,29650600
2024-10-23,188.8500061035156,189.16000366210932,183.69000244140625,184.7100067138672,184.7100067138672,31937100
2024-10-24,185.25,187.1100006103516,183.8600006103516,186.3800048828125,186.3800048828125,21647400
2024-10-25,187.8500061035156,190.4499969482422,187.52999877929688,187.8300018310547,187.8300018310547,29362100
2024-10-28,189.57000732421875,190.2100067138672,188.2100067138672,188.38999938964844,188.38999938964844,27930800
2024-10-29,188.5800018310547,191.4600067138672,187.82000732421875,190.8300018310547,190.8300018310547,35690200
2024-10-30,194.6999969482422,195.6100006103516,192.4199981689453,192.72999572753903,192.72999572753903,37707600
2024-10-31,190.509994506836,190.6000061035156,185.22999572753903,186.3999938964844,186.3999938964844,75146800
2024-11-01,199.0,200.5,197.0200042724609,197.92999267578125,197.92999267578125,99687800
2024-11-04,196.4499969482422,197.3300018310547,194.3099975585937,195.77999877929688,195.77999877929688,38492100
2024-11-05,196.0399932861328,199.82000732421875,195.9900054931641,199.5,199.5,30564800
2024-11-06,200.009994506836,207.5500030517578,199.13999938964844,207.08999633789065,207.08999633789065,72292200
2024-11-07,207.44000244140625,212.25,207.19000244140625,210.0500030517578,210.0500030517578,52878400
2024-11-08,209.72000122070312,209.9600067138672,207.44000244140625,208.17999267578125,208.17999267578125,36075800
2024-11-11,208.5,209.6499938964844,205.58999633789065,206.83999633789065,206.83999633789065,35456000
2024-11-12,208.3699951171875,209.5399932861328,206.009994506836,208.91000366210932,208.91000366210932,38942900
2024-11-13,209.3999938964844,215.08999633789065,209.13999938964844,214.1000061035156,214.1000061035156,46212900
2024-11-14,214.16000366210932,215.8999938964844,210.8800048828125,211.47999572753903,211.47999572753903,42620300
2024-11-15,206.759994506836,207.33999633789065,199.6100006103516,202.6100006103516,202.6100006103516,86591100
2024-11-18,204.1499938964844,204.6699981689453,200.9499969482422,201.6999969482422,201.6999969482422,36409900
2024-11-19,199.3300018310547,205.3000030517578,198.77999877929688,204.6100006103516,204.6100006103516,31197900
2024-11-20,202.97999572753903,203.1300048828125,199.4499969482422,202.8800048828125,202.8800048828125,32769000
2024-11-21,203.4900054931641,203.4900054931641,195.75,198.3800048828125,198.3800048828125,58800000
2024-11-22,198.25,199.259994506836,196.75,197.1199951171875,197.1199951171875,31530800
2024-11-25,199.27999877929688,201.9499969482422,199.0,201.4499969482422,201.4499969482422,40685700
2024-11-26,201.8999938964844,208.0,201.7899932861328,207.8600006103516,207.8600006103516,41673700
2024-11-27,206.97999572753903,207.63999938964844,205.0500030517578,205.7400054931641,205.7400054931641,28061600
2024-11-29,205.8300018310547,208.1999969482422,204.58999633789065,207.88999938964844,207.88999938964844,24892400
2024-12-02,209.9600067138672,212.9900054931641,209.509994506836,210.7100067138672,210.7100067138672,39523200
2024-12-03,210.3099975585937,214.0200042724609,209.6499938964844,213.44000244140625,213.44000244140625,32214800
2024-12-04,215.9600067138672,220.0,215.75,218.16000366210932,218.16000366210932,48745700
2024-12-05,218.02999877929688,222.1499938964844,217.3000030517578,220.5500030517578,220.5500030517578,41140200
2024-12-06,220.75,227.1499938964844,220.6000061035156,227.02999877929688,227.02999877929688,44178100
2024-12-09,227.2100067138672,230.0800018310547,225.6699981689453,226.08999633789065,226.08999633789065,46819400
2024-12-10,226.08999633789065,229.0599975585937,224.1999969482422,225.0399932861328,225.0399932861328,31199900
2024-12-11,226.41000366210932,231.1999969482422,226.259994506836,230.259994506836,230.259994506836,35385800
2024-12-12,229.8300018310547,231.08999633789065,227.6300048828125,228.97000122070312,228.97000122070312,28204100
2024-12-13,228.3999938964844,230.1999969482422,225.8600006103516,227.4600067138672,227.4600067138672,28768100
2024-12-16,230.22999572753903,233.0,228.009994506836,232.92999267578125,232.92999267578125,37552100
2024-12-17,232.38999938964844,232.72999572753903,227.8500061035156,231.1499938964844,231.1499938964844,35948100
2024-12-18,230.7700042724609,231.3999938964844,220.1100006103516,220.5200042724609,220.5200042724609,43281400
2024-12-19,224.91000366210932,226.08999633789065,222.9199981689453,223.2899932861328,223.2899932861328,39918700
2024-12-20,219.83999633789065,226.2100067138672,218.72999572753903,224.9199981689453,224.9199981689453,88279200
2024-12-23,225.009994506836,226.8800048828125,223.8999938964844,225.0599975585937,225.0599975585937,28070000
2024-12-24,226.94000244140625,229.13999938964844,226.1300048828125,229.0500030517578,229.0500030517578,15007500
2024-12-26,228.5,228.5,226.6699981689453,227.0500030517578,227.0500030517578,16146700
2024-12-27,225.6000061035156,226.02999877929688,220.8999938964844,223.75,223.75,27367100
2024-12-30,220.0599975585937,223.0,218.42999267578125,221.3000030517578,221.3000030517578,28321200
2024-12-31,222.97000122070312,223.22999572753903,218.94000244140625,219.38999938964844,219.38999938964844,24819700
2025-01-02,222.02999877929688,225.1499938964844,218.19000244140625,220.22000122070312,220.22000122070312,33956600
2025-01-03,222.509994506836,225.3600006103516,221.6199951171875,224.19000244140625,224.19000244140625,27515600
2025-01-06,226.77999877929688,228.83999633789065,224.83999633789065,227.6100006103516,227.6100006103516,31849800
2025-01-07,227.8999938964844,228.3800048828125,221.4600067138672,222.1100006103516,222.1100006103516,28084200
2025-01-08,223.19000244140625,223.5200042724609,220.1999969482422,222.1300048828125,222.1300048828125,25033300
2025-01-10,221.4600067138672,221.7100067138672,216.5,218.94000244140625,218.94000244140625,36811500
2025-01-13,218.0599975585937,219.3999938964844,216.47000122070312,218.4600067138672,218.4600067138672,27262700
2025-01-14,220.44000244140625,221.82000732421875,216.1999969482422,217.759994506836,217.759994506836,24711700
2025-01-15,222.8300018310547,223.57000732421875,220.75,223.3500061035156,223.3500061035156,31291300
2025-01-16,224.4199981689453,224.6499938964844,220.3099975585937,220.66000366210932,220.66000366210932,24757300
2025-01-17,225.83999633789065,226.509994506836,223.0800018310547,225.94000244140625,225.94000244140625,42370100
2025-01-21,228.8999938964844,231.77999877929688,226.94000244140625,230.7100067138672,230.7100067138672,39951500
2025-01-22,232.0200042724609,235.44000244140625,231.19000244140625,235.009994506836,235.009994506836,41448200
2025-01-23,234.1000061035156,235.5200042724609,231.509994506836,235.4199981689453,235.4199981689453,26404400
2025-01-24,234.5,236.3999938964844,232.92999267578125,234.8500061035156,234.8500061035156,25890700
2025-01-27,226.2100067138672,235.6100006103516,225.8600006103516,235.4199981689453,235.4199981689453,49428300
2025-01-28,234.2899932861328,241.7700042724609,233.97999572753903,238.1499938964844,238.1499938964844,41587200
2025-01-29,239.0200042724609,240.38999938964844,236.1499938964844,237.07000732421875,237.07000732421875,26091700
2025-01-30,237.13999938964844,237.9499969482422,232.22000122070312,234.63999938964844,234.63999938964844,32020700
2025-01-31,236.5,240.2899932861328,236.41000366210932,237.67999267578125,237.67999267578125,36110200
2025-02-03,234.0599975585937,239.25,232.8999938964844,237.4199981689453,237.4199981689453,37285900
2025-02-04,239.009994506836,242.5200042724609,238.02999877929688,242.0599975585937,242.0599975585937,29713800
2025-02-05,237.0200042724609,238.32000732421875,235.1999969482422,236.1699981689453,236.1699981689453,38727300
2025-02-06,238.009994506836,239.66000366210932,236.009994506836,238.8300018310547,238.8300018310547,60897100
2025-02-07,232.5,234.8099975585937,228.0599975585937,229.1499938964844,229.1499938964844,77539300
2025-02-10,230.5500030517578,233.9199981689453,229.1999969482422,233.13999938964844,233.13999938964844,35419900
2025-02-11,231.9199981689453,233.44000244140625,230.1300048828125,232.759994506836,232.759994506836,23713700
2025-02-12,230.4600067138672,231.17999267578125,228.16000366210932,228.92999267578125,228.92999267578125,32285200
2025-02-13,228.8500061035156,230.4199981689453,227.5200042724609,230.3699951171875,230.3699951171875,31346500
2025-02-14,229.1999969482422,229.88999938964844,227.22999572753903,228.67999267578125,228.67999267578125,27031100
2025-02-18,228.82000732421875,229.3000030517578,223.72000122070312,226.6499938964844,226.6499938964844,42975100
2025-02-19,225.5200042724609,226.8300018310547,223.7100067138672,226.6300048828125,226.6300048828125,28566700
2025-02-20,224.77999877929688,225.1300048828125,221.8099975585937,222.8800048828125,222.8800048828125,30001700
2025-02-21,223.27999877929688,223.3099975585937,214.7400054931641,216.5800018310547,216.5800018310547,55323900
2025-02-24,217.4499969482422,217.72000122070312,212.4199981689453,212.7100067138672,212.7100067138672,42387600
2025-02-25,211.6300048828125,213.33999633789065,204.16000366210932,212.8000030517578,212.8000030517578,58958000
2025-02-26,214.94000244140625,218.16000366210932,213.08999633789065,214.3500061035156,214.3500061035156,39120600
2025-02-27,218.3500061035156,219.97000122070312,208.3699951171875,208.7400054931641,208.7400054931641,40548600
2025-02-28,208.6499938964844,212.6199951171875,206.9900054931641,212.27999877929688,212.27999877929688,51771700
2025-03-03,213.3500061035156,214.009994506836,202.5500030517578,205.0200042724609,205.0200042724609,42948400
2025-03-04,200.1100006103516,206.8000030517578,197.42999267578125,203.8000030517578,203.8000030517578,60853100
2025-03-05,204.8000030517578,209.97999572753903,203.259994506836,208.3600006103516,208.3600006103516,38610100
2025-03-06,204.3999938964844,205.7700042724609,198.3000030517578,200.6999969482422,200.6999969482422,49863800
2025-03-07,199.4900054931641,202.2700042724609,192.52999877929688,199.25,199.25,59802800
2025-03-10,195.6000061035156,196.72999572753903,190.8500061035156,194.5399932861328,194.5399932861328,62350900
2025-03-11,193.8999938964844,200.17999267578125,193.3999938964844,196.58999633789065,196.58999633789065,54002900
2025-03-12,200.72000122070312,201.5200042724609,195.2899932861328,198.88999938964844,198.88999938964844,43679300
2025-03-13,198.1699981689453,198.8800048828125,191.82000732421875,193.88999938964844,193.88999938964844,41270800
2025-03-14,197.41000366210932,198.6499938964844,195.32000732421875,197.9499969482422,197.9499969482422,38096700
2025-03-17,198.7700042724609,199.0,194.32000732421875,195.7400054931641,195.7400054931641,47341800
2025-03-18,192.5200042724609,194.0,189.3800048828125,192.82000732421875,192.82000732421875,40414900
2025-03-19,193.3800048828125,195.97000122070312,191.9600067138672,195.5399932861328,195.5399932861328,39442900
2025-03-20,193.07000732421875,199.32000732421875,192.3000030517578,194.9499969482422,194.9499969482422,38921100
2025-03-21,192.8999938964844,196.9900054931641,192.5200042724609,196.2100067138672,196.2100067138672,60056900
2025-03-24,200.0,203.63999938964844,199.9499969482422,203.259994506836,203.259994506836,41625400
2025-03-25,203.6000061035156,206.2100067138672,203.22000122070312,205.7100067138672,205.7100067138672,31171200
2025-03-26,205.83999633789065,206.009994506836,199.92999267578125,201.1300048828125,201.1300048828125,32855300
2025-03-27,200.88999938964844,203.7899932861328,199.27999877929688,201.3600006103516,201.3600006103516,27317700
2025-03-28,198.4199981689453,199.259994506836,191.8800048828125,192.72000122070312,192.72000122070312,52548200
2025-03-31,188.19000244140625,191.3300018310547,184.3999938964844,190.259994506836,190.259994506836,63547600
2025-04-01,187.8600006103516,193.92999267578125,187.1999969482422,192.1699981689453,192.1699981689453,41267300
2025-04-02,187.66000366210932,198.33999633789065,187.66000366210932,196.009994506836,196.009994506836,53679200
2025-04-03,183.0,184.1300048828125,176.9199981689453,178.41000366210938,178.41000366210938,95553600
2025-04-04,167.14999389648438,178.13999938964844,166.0,171.0,171.0,123159400
2025-04-07,162.0,183.41000366210932,161.3800048828125,175.25999450683594,175.25999450683594,109327100
2025-04-08,185.22999572753903,185.8999938964844,168.57000732421875,170.66000366210938,170.66000366210938,87710400
2025-04-09,172.1199951171875,192.6499938964844,169.92999267578125,191.1000061035156,191.1000061035156,116804300
2025-04-10,185.44000244140625,186.8699951171875,175.85000610351562,181.22000122070312,181.22000122070312,68302000
2025-04-11,179.92999267578125,185.8600006103516,178.0,184.8699951171875,184.8699951171875,50594300
2025-04-14,186.83999633789065,187.44000244140625,179.22999572753906,182.1199951171875,182.1199951171875,48002500
2025-04-15,181.41000366210932,182.3500061035156,177.92999267578125,179.58999633789062,179.58999633789062,43642000
2025-04-16,176.2899932861328,179.10000610351562,171.41000366210938,174.3300018310547,174.3300018310547,51875300
2025-04-17,176.0,176.2100067138672,172.0,172.61000061035156,172.61000061035156,44726500
2025-04-21,169.60000610351562,169.60000610351562,165.2899932861328,167.32000732421875,167.32000732421875,48126100
2025-04-22,169.85000610351562,176.77999877929688,169.35000610351562,173.17999267578125,173.17999267578125,56607200
2025-04-23,183.4499969482422,187.3800048828125,180.19000244140625,180.6000061035156,180.6000061035156,63470100
2025-04-24,180.9199981689453,186.7400054931641,180.17999267578125,186.5399932861328,186.5399932861328,43763200
2025-04-25,187.6199951171875,189.94000244140625,185.4900054931641,188.9900054931641,188.9900054931641,36414300
2025-04-28,190.1100006103516,190.22000122070312,184.88999938964844,187.6999969482422,187.6999969482422,33224700
2025-04-29,183.9900054931641,188.0200042724609,183.67999267578125,187.38999938964844,187.38999938964844,41667300
2025-04-30,182.1699981689453,185.0500030517578,178.85000610351562,184.4199981689453,184.4199981689453,55176500
2025-05-01,190.6300048828125,191.8099975585937,187.5,190.1999969482422,190.1999969482422,74266000
2025-05-02,191.44000244140625,192.8800048828125,186.3999938964844,189.97999572753903,189.97999572753903,77903500
2025-05-05,186.509994506836,188.17999267578125,185.52999877929688,186.3500061035156,186.3500061035156,35217500
2025-05-06,184.57000732421875,187.92999267578125,183.8500061035156,185.009994506836,185.009994506836,29314100
2025-05-07,185.5599975585937,190.9900054931641,185.009994506836,188.7100067138672,188.7100067138672,43948600
2025-05-08,191.42999267578125,194.3300018310547,188.82000732421875,192.0800018310547,192.0800018310547,41043600
2025-05-09,193.3800048828125,194.69000244140625,191.16000366210932,193.0599975585937,193.0599975585937,29663100
2025-05-12,210.7100067138672,211.66000366210932,205.75,208.63999938964844,208.63999938964844,75205000
2025-05-13,211.0800018310547,214.83999633789065,210.1000061035156,211.3699951171875,211.3699951171875,56193700
2025-05-14,211.4499969482422,211.92999267578125,208.8500061035156,210.25,210.25,38492100
2025-05-15,206.4499969482422,206.8800048828125,202.6699981689453,205.1699981689453,205.1699981689453,64347300
2025-05-16,206.8500061035156,206.8500061035156,204.3699951171875,205.58999633789065,205.58999633789065,43318500
2025-05-19,201.6499938964844,206.6199951171875,201.259994506836,206.16000366210932,206.16000366210932,34314800
2025-05-20,204.6300048828125,205.58999633789065,202.6499938964844,204.07000732421875,204.07000732421875,29470400
2025-05-21,201.6100006103516,203.4600067138672,200.0599975585937,201.1199951171875,201.1199951171875,42460900
2025-05-22,201.3800048828125,205.759994506836,200.16000366210932,203.1000061035156,203.1000061035156,38938900
2025-05-23,198.8999938964844,202.3699951171875,197.8500061035156,200.9900054931641,200.9900054931641,33393500
2025-05-27,203.08999633789065,206.69000244140625,202.19000244140625,206.0200042724609,206.0200042724609,34892000
2025-05-28,205.9199981689453,207.66000366210932,204.41000366210932,204.72000122070312,204.72000122070312,28549800
2025-05-29,208.02999877929688,208.8099975585937,204.22999572753903,205.6999969482422,205.6999969482422,34650000
2025-05-30,204.83999633789065,205.9900054931641,201.6999969482422,205.009994506836,205.009994506836,51679400
2025-06-02,204.97999572753903,207.0,202.67999267578125,206.6499938964844,206.6499938964844,29113300
2025-06-03,207.1100006103516,208.9499969482422,205.02999877929688,205.7100067138672,205.7100067138672,33139100
2025-06-04,206.5500030517578,208.17999267578125,205.17999267578125,207.22999572753903,207.22999572753903,29915600
2025-06-05,209.5500030517578,212.8099975585937,207.5599975585937,207.91000366210932,207.91000366210932,51864200
2025-06-06,212.3999938964844,213.8699951171875,210.5,213.57000732421875,213.57000732421875,39832500
2025-06-09,214.75,217.8500061035156,212.8800048828125,216.97999572753903,216.97999572753903,38102500
2025-06-10,216.77999877929688,217.69000244140625,214.1499938964844,217.6100006103516,217.6100006103516,31303300
2025-06-11,217.41000366210932,218.3999938964844,212.88999938964844,213.1999969482422,213.1999969482422,39326000
2025-06-12,211.77999877929688,213.5800018310547,211.3300018310547,213.2400054931641,213.2400054931641,27640000
2025-06-13,209.9600067138672,214.0500030517578,209.6199951171875,212.1000061035156,212.1000061035156,29337800
2025-06-16,212.3099975585937,217.0599975585937,211.6000061035156,216.1000061035156,216.1000061035156,33284200
2025-06-17,215.1999969482422,217.41000366210932,214.5599975585937,214.82000732421875,214.82000732421875,32086300
2025-06-18,215.08999633789065,217.9600067138672,212.33999633789065,212.5200042724609,212.5200042724609,44360500
2025-06-20,214.67999267578125,214.88999938964844,208.2700042724609,209.69000244140625,209.69000244140625,75350700
2025-06-23,209.7899932861328,210.38999938964844,207.3099975585937,208.47000122070312,208.47000122070312,37311700
2025-06-24,212.13999938964844,214.33999633789065,211.0500030517578,212.7700042724609,212.7700042724609,38378800
2025-06-25,214.6199951171875,216.02999877929688,211.1100006103516,211.9900054931641,211.9900054931641,31755700
2025-06-26,213.1199951171875,218.0399932861328,212.009994506836,217.1199951171875,217.1199951171875,50480800
2025-06-27,219.9199981689453,223.3000030517578,216.7400054931641,223.3000030517578,223.3000030517578,119217100
2025-06-30,223.5200042724609,223.82000732421875,219.1199951171875,219.38999938964844,219.38999938964844,58887800
2025-07-01,219.5,221.8800048828125,217.92999267578125,220.4600067138672,220.4600067138672,39256800
2025-07-02,219.72999572753903,221.6000061035156,219.0599975585937,219.9199981689453,219.9199981689453,30894200
2025-07-03,221.82000732421875,224.009994506836,221.3600006103516,223.41000366210932,223.41000366210932,29632400
2025-07-07,223.0,224.2899932861328,222.3699951171875,223.47000122070312,223.47000122070312,36604100
2025-07-08,223.9199981689453,224.0,218.42999267578125,219.3600006103516,219.3600006103516,45692000
2025-07-09,221.07000732421875,224.2899932861328,220.47000122070312,222.5399932861328,222.5399932861328,38155100
2025-07-10,221.5500030517578,222.7899932861328,219.6999969482422,222.259994506836,222.259994506836,30370600
2025-07-11,223.5800018310547,226.67999267578125,222.3699951171875,225.0200042724609,225.0200042724609,50518300
2025-07-14,225.07000732421875,226.66000366210932,224.2400054931641,225.69000244140625,225.69000244140625,35702600
2025-07-15,226.1999969482422,227.2700042724609,225.4600067138672,226.3500061035156,226.3500061035156,34907300
2025-07-16,225.8800048828125,226.1000061035156,222.17999267578125,223.19000244140625,223.19000244140625,39535900
2025-07-17,223.32000732421875,224.5,222.509994506836,223.8800048828125,223.8800048828125,31855800
2025-07-18,225.13999938964844,226.3999938964844,222.97999572753903,226.1300048828125,226.1300048828125,37833800
2025-07-21,225.83999633789065,229.69000244140625,225.6499938964844,229.3000030517578,229.3000030517578,40297600
2025-07-22,229.67999267578125,230.0,226.3500061035156,227.47000122070312,227.47000122070312,37483700
2025-07-23,228.47000122070312,228.7899932861328,227.08999633789065,228.2899932861328,228.2899932861328,28294900
2025-07-24,229.1699981689453,236.0,228.63999938964844,232.22999572753903,232.22999572753903,42902300
2025-07-25,232.22000122070312,232.47999572753903,231.17999267578125,231.44000244140625,231.44000244140625,28712100
2025-07-28,233.3500061035156,234.2899932861328,232.25,232.7899932861328,232.7899932861328,26300100
2025-07-29,234.1499938964844,234.72000122070312,230.3099975585937,231.009994506836,231.009994506836,33716200
2025-07-30,231.63999938964844,231.8000030517578,229.2899932861328,230.19000244140625,230.19000244140625,32993300
2025-07-31,235.7700042724609,236.52999877929688,231.3999938964844,234.1100006103516,234.1100006103516,104357300
2025-08-01,217.2100067138672,220.44000244140625,212.8000030517578,214.75,214.75,122258800
2025-08-04,217.3999938964844,217.44000244140625,211.4199981689453,211.6499938964844,211.6499938964844,77890100
2025-08-05,213.0500030517578,216.3000030517578,212.8699951171875,213.75,213.75,51505100
2025-08-06,214.6999969482422,222.6499938964844,213.7400054931641,222.3099975585937,222.3099975585937,54823000
2025-08-07,221.0,226.22000122070312,220.82000732421875,223.1300048828125,223.1300048828125,40603500
2025-08-08,223.13999938964844,223.8000030517578,221.8800048828125,222.69000244140625,222.69000244140625,32970500
2025-08-11,221.77999877929688,223.0500030517578,220.3999938964844,221.3000030517578,221.3000030517578,31646200
2025-08-12,222.22999572753903,223.5,219.0500030517578,221.47000122070312,221.47000122070312,37185800
2025-08-13,222.0,224.9199981689453,222.0,224.5599975585937,224.5599975585937,36508300
2025-08-14,227.3999938964844,233.1100006103516,227.0200042724609,230.97999572753903,230.97999572753903,61545800
2025-08-15,232.5800018310547,234.0800018310547,229.8099975585937,231.02999877929688,231.02999877929688,39649200
2025-08-18,230.22999572753903,231.91000366210932,228.3300018310547,231.4900054931641,231.4900054931641,25248900
2025-08-19,230.08999633789065,230.52999877929688,227.1199951171875,228.009994506836,228.009994506836,29891000
2025-08-20,227.1199951171875,227.2700042724609,220.9199981689453,223.8099975585937,223.8099975585937,36604300
2025-08-21,222.6499938964844,222.77999877929688,220.5,221.9499969482422,221.9499969482422,32140500
2025-08-22,222.7899932861328,229.13999938964844,220.82000732421875,228.83999633789065,228.83999633789065,37315300
2025-08-25,227.3500061035156,229.6000061035156,227.3099975585937,227.94000244140625,227.94000244140625,22633700
2025-08-26,227.1100006103516,229.0,226.0200042724609,228.7100067138672,228.7100067138672,26105400
2025-08-27,228.57000732421875,229.8699951171875,227.8099975585937,229.1199951171875,229.1199951171875,21254500
2025-08-28,229.009994506836,232.7100067138672,228.0200042724609,231.6000061035156,231.6000061035156,33679600
2025-08-29,231.32000732421875,231.8099975585937,228.16000366210932,229.0,229.0,26199200
2025-09-02,223.5200042724609,226.1699981689453,221.8300018310547,225.33999633789065,225.33999633789065,38843900
2025-09-03,225.2100067138672,227.1699981689453,224.3600006103516,225.9900054931641,225.9900054931641,29223100
2025-09-04,231.19000244140625,235.7700042724609,230.77999877929688,235.67999267578125,235.67999267578125,59391800
2025-09-05,235.19000244140625,236.0,231.92999267578125,232.3300018310547,232.3300018310547,36721800
2025-09-08,234.94000244140625,237.6000061035156,233.75,235.83999633789065,235.83999633789065,33947100
2025-09-09,236.3600006103516,238.8500061035156,235.0800018310547,238.2400054931641,238.2400054931641,27033800
2025-09-10,237.5200042724609,237.67999267578125,229.1000061035156,230.3300018310547,230.3300018310547,60907700
2025-09-11,231.4900054931641,231.52999877929688,229.33999633789065,229.9499969482422,229.9499969482422,37485600
2025-09-12,230.3500061035156,230.7899932861328,226.2899932861328,228.1499938964844,228.1499938964844,38496200
2025-09-15,230.6300048828125,233.72999572753903,230.32000732421875,231.42999267578125,231.42999267578125,33243300
2025-09-16,232.94000244140625,235.8999938964844,232.22999572753903,234.0500030517578,234.0500030517578,38203900
2025-09-17,233.7700042724609,234.3000030517578,228.7100067138672,231.6199951171875,231.6199951171875,42815200
2025-09-18,232.5,233.47999572753903,228.7899932861328,231.22999572753903,231.22999572753903,37931700
2025-09-19,232.3699951171875,234.16000366210932,229.6999969482422,231.47999572753903,231.47999572753903,97943200
2025-09-22,230.5599975585937,230.57000732421875,227.509994506836,227.6300048828125,227.6300048828125,45914500
2025-09-23,227.8300018310547,227.8600006103516,220.07000732421875,220.7100067138672,220.7100067138672,70956200
2025-09-24,224.1499938964844,224.5599975585937,219.4499969482422,220.2100067138672,220.2100067138672,49509000
2025-09-25,220.0599975585937,220.6699981689453,216.47000122070312,218.1499938964844,218.1499938964844,52226300
2025-09-26,219.0800018310547,221.0500030517578,218.0200042724609,219.77999877929688,219.77999877929688,41650100
2025-09-29,220.0800018310547,222.6000061035156,219.3000030517578,222.1699981689453,222.1699981689453,44259200
2025-09-30,222.02999877929688,222.2400054931641,217.88999938964844,219.57000732421875,219.57000732421875,48396400
2025-10-01,217.3600006103516,222.1499938964844,216.6100006103516,220.6300048828125,220.6300048828125,43933800
2025-10-02,221.009994506836,222.8099975585937,218.9499969482422,222.41000366210932,222.41000366210932,41258600
2025-10-03,223.44000244140625,224.1999969482422,219.33999633789065,219.509994506836,219.509994506836,43639000
2025-10-06,221.0,221.72999572753903,216.02999877929688,220.8999938964844,220.8999938964844,43690900
2025-10-07,220.8800048828125,222.88999938964844,220.1699981689453,221.77999877929688,221.77999877929688,31194700
2025-10-08,222.9199981689453,226.72999572753903,221.19000244140625,225.22000122070312,225.22000122070312,46686000
2025-10-09,225.0,228.2100067138672,221.75,227.7400054931641,227.7400054931641,46412100
2025-10-10,226.2100067138672,228.25,216.0,216.3699951171875,216.3699951171875,72367500
2025-10-13,217.6999969482422,220.67999267578125,217.0399932861328,220.07000732421875,220.07000732421875,37809700
2025-10-14,215.5599975585937,219.32000732421875,212.6000061035156,216.38999938964844,216.38999938964844,45665600
2025-10-15,216.6199951171875,217.7100067138672,212.66000366210932,215.57000732421875,215.57000732421875,45909500
2025-10-16,215.6699981689453,218.58999633789065,212.8099975585937,214.47000122070312,214.47000122070312,42414600
2025-10-17,214.5599975585937,214.8000030517578,211.02999877929688,213.0399932861328,213.0399932861328,45986900
2025-10-20,213.8800048828125,216.69000244140625,213.58999633789065,216.47999572753903,216.47999572753903,38882800
2025-10-21,218.42999267578125,223.32000732421875,217.9900054931641,222.02999877929688,222.02999877929688,50494600
2025-10-22,219.3000030517578,220.009994506836,216.5200042724609,217.9499969482422,217.9499969482422,44308500
2025-10-23,219.0,221.3000030517578,218.17999267578125,221.08999633789065,221.08999633789065,31540000
2025-10-24,221.97000122070312,225.3999938964844,221.8999938964844,224.2100067138672,224.2100067138672,38685100
2025-10-27,227.66000366210932,228.3999938964844,225.5399932861328,226.97000122070312,226.97000122070312,38267000
2025-10-28,228.22000122070312,231.4900054931641,226.2100067138672,229.25,229.25,47100000
2025-10-29,231.6699981689453,232.82000732421875,227.759994506836,230.3000030517578,230.3000030517578,52036200
2025-10-30,227.0599975585937,228.44000244140625,222.75,222.8600006103516,222.8600006103516,102252900
2025-10-31,250.1000061035156,250.5,243.97999572753903,244.22000122070312,244.22000122070312,166340800
2025-11-03,255.3600006103516,258.6000061035156,252.8999938964844,254.0,254.0,95997800
2025-11-04,250.3800048828125,257.010009765625,248.66000366210932,249.32000732421875,249.32000732421875,51546300
2025-11-05,249.02999877929688,251.0,246.16000366210932,250.1999969482422,250.1999969482422,40610700
2025-11-06,249.16000366210932,250.3800048828125,242.1699981689453,243.0399932861328,243.0399932861328,46004200
2025-11-07,242.8999938964844,244.8999938964844,238.4900054931641,244.41000366210932,244.41000366210932,46374300
2025-11-10,248.33999633789065,251.75,245.58999633789065,248.3999938964844,248.3999938964844,36476500
2025-11-11,248.41000366210932,249.75,247.22999572753903,249.1000061035156,249.1000061035156,23564100
2025-11-12,250.2400054931641,250.3699951171875,243.75,244.1999969482422,244.1999969482422,31190100
2025-11-13,243.0500030517578,243.75,236.5,237.5800018310547,237.5800018310547,41401700
2025-11-14,235.0599975585937,238.72999572753903,232.88999938964844,234.69000244140625,234.69000244140625,38956700
2025-11-17,233.25,234.6000061035156,229.19000244140625,232.8699951171875,232.8699951171875,59919000
2025-11-18,228.1000061035156,230.1999969482422,222.4199981689453,222.5500030517578,222.5500030517578,60608400
2025-11-19,223.7400054931641,223.7400054931641,218.5200042724609,222.69000244140625,222.69000244140625,58335600
2025-11-20,227.0500030517578,227.41000366210932,216.7400054931641,217.13999938964844,217.13999938964844,50309000
2025-11-21,216.3500061035156,222.2100067138672,215.17999267578125,220.69000244140625,220.69000244140625,68490500
2025-11-24,222.5599975585937,227.3300018310547,222.2700042724609,226.27999877929688,226.27999877929688,54318400
2025-11-25,226.3800048828125,230.5200042724609,223.8000030517578,229.6699981689453,229.6699981689453,39379300
2025-11-26,230.7400054931641,231.75,228.7700042724609,229.16000366210932,229.16000366210932,38497900
2025-11-28,231.2400054931641,233.2899932861328,230.22000122070312,233.22000122070312,233.22000122070312,20292300
2025-12-01,233.22000122070312,235.8000030517578,232.25,233.8800048828125,233.8800048828125,42904000
2025-12-02,235.009994506836,238.97000122070312,233.5500030517578,234.4199981689453,234.4199981689453,45785400
2025-12-03,233.3500061035156,233.3800048828125,230.6100006103516,232.3800048828125,232.3800048828125,35495100
2025-12-04,232.7700042724609,233.5,226.8000030517578,229.1100006103516,229.1100006103516,45683200
2025-12-05,230.32000732421875,231.2400054931641,228.5500030517578,229.52999877929688,229.52999877929688,33117400
2025-12-08,229.58999633789065,230.8300018310547,226.2700042724609,226.88999938964844,226.88999938964844,35019200
2025-12-09,226.83999633789065,228.57000732421875,225.1100006103516,227.9199981689453,227.9199981689453,25841700
2025-12-10,228.8099975585937,232.4199981689453,228.4600067138672,231.77999877929688,231.77999877929688,38790700
2025-12-11,230.7100067138672,232.1100006103516,228.69000244140625,230.27999877929688,230.27999877929688,28249600
2025-12-12,229.8699951171875,230.0800018310547,225.1199951171875,226.19000244140625,226.19000244140625,35639100
2025-12-15,227.92999267578125,227.92999267578125,221.5,222.5399932861328,222.5399932861328,47286100
2025-12-16,223.0399932861328,223.66000366210932,221.1300048828125,222.5599975585937,222.5599975585937,39298900
2025-12-17,224.66000366210932,225.19000244140625,220.9900054931641,221.2700042724609,221.2700042724609,44034400
2025-12-18,225.7100067138672,229.22999572753903,224.41000366210932,226.759994506836,226.759994506836,50272400
2025-12-19,226.759994506836,229.1300048828125,225.5800018310547,227.3500061035156,227.3500061035156,85544400
2025-12-22,228.6100006103516,229.47999572753903,226.7100067138672,228.42999267578125,228.42999267578125,32261300
2025-12-23,229.0599975585937,232.4499969482422,228.72999572753903,232.13999938964844,232.13999938964844,29230200
2025-12-24,232.1300048828125,232.9499969482422,231.3300018310547,232.3800048828125,232.3800048828125,11420500
2025-12-26,232.0399932861328,232.9900054931641,231.17999267578125,232.5200042724609,232.5200042724609,15994700
2025-12-29,231.94000244140625,232.6000061035156,230.7700042724609,232.07000732421875,232.07000732421875,19797900
2025-12-30,231.2100067138672,232.7700042724609,230.1999969482422,232.52999877929688,232.52999877929688,21910500
2025-12-31,232.91000366210932,232.9900054931641,230.1199951171875,230.82000732421875,230.82000732421875,24383700
2026-01-02,231.33999633789065,235.4600067138672,224.6999969482422,226.5,226.5,51456200
2026-01-05,228.83999633789065,234.0,227.17999267578125,233.0599975585937,233.0599975585937,49733300
2026-01-06,232.1000061035156,243.17999267578125,232.07000732421875,240.92999267578125,240.92999267578125,53764700
2026-01-07,239.6100006103516,245.2899932861328,239.5200042724609,241.5599975585937,241.5599975585937,42236500
2026-01-08,243.0599975585937,246.41000366210932,241.8800048828125,246.2899932861328,246.2899932861328,39509800
2026-01-09,244.57000732421875,247.8600006103516,242.2400054931641,247.3800048828125,247.3800048828125,34560000
2026-01-12,246.72999572753903,248.94000244140625,245.9600067138672,246.47000122070312,246.47000122070312,35867800
2026-01-13,246.52999877929688,247.66000366210932,240.25,242.6000061035156,242.6000061035156,38371800
2026-01-14,241.1499938964844,241.27999877929688,236.22000122070312,236.6499938964844,236.6499938964844,41410600
2026-01-15,239.3099975585937,240.6499938964844,236.6300048828125,238.17999267578125,238.17999267578125,43003600
2026-01-16,239.08999633789065,239.57000732421875,236.41000366210932,239.1199951171875,239.1199951171875,45888300
2026-01-20,233.759994506836,235.08999633789065,229.33999633789065,231.0,231.0,47737900
2026-01-21,231.08999633789065,232.3000030517578,226.8800048828125,231.3099975585937,231.3099975585937,47276100
2026-01-22,234.0500030517578,235.72000122070312,230.8999938964844,234.33999633789065,234.33999633789065,31913300
2026-01-23,234.9600067138672,240.4499969482422,234.57000732421875,239.16000366210932,239.16000366210932,33778500
2026-01-26,239.97999572753903,240.9499969482422,237.5399932861328,238.4199981689453,238.4199981689453,32825500
2026-01-27,239.69000244140625,244.8800048828125,238.0800018310547,244.67999267578125,244.67999267578125,38029200
2026-01-28,246.3699951171875,247.77999877929688,241.52999877929688,243.009994506836,243.009994506836,40882700
2026-01-29,242.82000732421875,243.0,236.7400054931641,241.72999572753903,241.72999572753903,47229600
2026-01-30,239.88999938964844,243.32000732421875,237.63999938964844,239.3000030517578,239.3000030517578,46585000
2026-02-02,238.3099975585937,245.6300048828125,238.1699981689453,242.9600067138672,242.9600067138672,37546100
2026-02-03,244.97999572753903,246.3500061035156,235.4499969482422,238.6199951171875,238.6199951171875,53831300
2026-02-04,238.8600006103516,238.8600006103516,231.82000732421875,232.9900054931641,232.9900054931641,51299900
2026-02-05,224.91000366210932,226.3099975585937,220.3800048828125,222.69000244140625,222.69000244140625,103509200
2026-02-06,202.6999969482422,211.44000244140625,200.3099975585937,210.32000732421875,210.32000732421875,179210900
2026-02-09,208.97000122070312,212.8099975585937,203.3500061035156,208.72000122070312,208.72000122070312,91178400
2026-02-10,208.8000030517578,212.6499938964844,206.41000366210932,206.9600067138672,206.9600067138672,67175000
2026-02-11,208.0599975585937,208.57000732421875,202.4900054931641,204.0800018310547,204.0800018310547,65545500
2026-02-12,203.9600067138672,203.9600067138672,197.5599975585937,199.6000061035156,199.6000061035156,83975400
2026-02-13,198.8800048828125,201.16000366210932,197.27999877929688,198.7899932861328,198.7899932861328,66321600
2026-02-17,198.1300048828125,201.7400054931641,196.0,201.1499938964844,201.1499938964844,69879200
2026-02-18,202.07000732421875,206.8600006103516,201.509994506836,204.7899932861328,204.7899932861328,51003300
2026-02-19,203.8000030517578,205.63999938964844,202.8099975585937,204.8600006103516,204.8600006103516,35669600
2026-02-20,204.759994506836,211.1699981689453,203.75,210.1100006103516,210.1100006103516,65881600
2026-02-23,208.1000061035156,208.42999267578125,203.1100006103516,205.2700042724609,205.2700042724609,53581500
2026-02-24,205.47000122070312,210.3600006103516,203.25,208.5599975585937,208.5599975585937,41137200
2026-02-25,210.4600067138672,211.58999633789065,208.92999267578125,210.63999938964844,210.63999938964844,41346400
2026-02-26,210.72999572753903,211.0500030517578,205.3500061035156,207.9199981689453,207.9199981689453,47756800
2026-02-27,206.8300018310547,210.3300018310547,205.1999969482422,210.0,210.0,57422800
2026-03-02,204.5500030517578,209.72999572753903,203.4600067138672,208.38999938964844,208.38999938964844,46001000
2026-03-03,203.1000061035156,209.17999267578125,202.47999572753903,208.72999572753903,208.72999572753903,43184900
2026-03-04,210.47000122070312,217.5399932861328,210.1499938964844,216.82000732421875,216.82000732421875,54731100
2026-03-05,215.97999572753903,220.47000122070312,215.58999633789065,218.94000244140625,218.94000244140625,60943400
2026-03-06,214.9900054931641,217.32000732421875,212.52999877929688,213.2100067138672,213.2100067138672,51152700
2026-03-09,210.4499969482422,213.82000732421875,207.1100006103516,213.4900054931641,213.4900054931641,54642900
2026-03-10,214.19000244140625,215.6499938964844,212.42999267578125,214.3300018310547,214.3300018310547,35678800
2026-03-11,215.7100067138672,217.0,211.3500061035156,212.6499938964844,212.6499938964844,34199300
2026-03-12,210.38999938964844,211.7100067138672,208.1499938964844,209.52999877929688,209.52999877929688,44349500
2026-03-13,209.6100006103516,210.5599975585937,206.22000122070312,207.6699981689453,207.6699981689453,35662100
2026-03-16,208.3500061035156,212.72000122070312,207.4499969482422,211.7400054931641,211.7400054931641,42209300
2026-03-17,212.82000732421875,215.6999969482422,212.42999267578125,215.1999969482422,215.1999969482422,44969900
2026-03-18,213.92999267578125,215.13999938964844,208.8300018310547,209.8699951171875,209.8699951171875,37846600
2026-03-19,207.0599975585937,209.1199951171875,206.0500030517578,208.759994506836,208.759994506836,36440600
2026-03-20,207.3999938964844,207.5399932861328,204.32000732421875,205.3699951171875,205.3699951171875,63694600
2026-03-23,209.7899932861328,212.8000030517578,209.509994506836,210.13999938964844,210.13999938964844,44277400
2026-03-24,207.9499969482422,209.3500061035156,206.63999938964844,207.2400054931641,207.2400054931641,35351400
2026-03-25,211.5599975585937,213.07000732421875,209.8999938964844,211.7100067138672,211.7100067138672,36388800
2026-03-26,210.6100006103516,212.88999938964844,207.1199951171875,207.5399932861328,207.5399932861328,46746000
2026-03-27,206.4600067138672,206.6000061035156,199.13999938964844,199.33999633789065,199.33999633789065,56009800
2026-03-30,201.47999572753903,203.8000030517578,199.97999572753903,200.9499969482422,200.9499969482422,46373800
2026-03-31,204.8500061035156,210.27999877929688,204.13999938964844,208.2700042724609,208.2700042724609,58470100
2026-04-01,210.44000244140625,213.5800018310547,208.19000244140625,210.57000732421875,210.57000732421875,45955400
2026-04-02,206.5399932861328,212.2100067138672,204.8999938964844,209.7700042724609,209.7700042724609,31453000
2026-04-06,209.8000030517578,212.9499969482422,209.58999633789065,212.7899932861328,212.7899932861328,25385500
2026-04-07,211.2400054931641,213.97000122070312,209.0800018310547,213.7700042724609,213.7700042724609,28154600
2026-04-08,223.7899932861328,226.1000061035156,219.6199951171875,221.25,221.25,51092700
2026-04-09,225.22999572753903,233.8000030517578,223.2700042724609,233.6499938964844,233.6499938964844,65964200
2026-04-10,235.3000030517578,240.42999267578125,235.2100067138672,238.3800048828125,238.3800048828125,56912800
2026-04-13,237.4499969482422,240.0,235.75,239.88999938964844,239.88999938964844,42166200
2026-04-14,241.77999877929688,252.17999267578125,241.77999877929688,249.0200042724609,249.0200042724609,72685000
2026-04-15,249.25,250.44000244140625,247.1999969482422,248.5,248.5,43045200
2026-04-16,248.509994506836,250.0,244.1999969482422,249.6999969482422,249.6999969482422,41895700
2026-04-17,254.9900054931641,256.17999267578125,250.1100006103516,250.5599975585937,250.5599975585937,52029300
2026-04-20,249.19000244140625,250.17999267578125,245.3699951171875,248.27999877929688,248.27999877929688,39463100
2026-04-21,255.08999633789065,255.08999633789065,249.1000061035156,249.91000366210932,249.91000366210932,42922400
2026-04-22,252.44000244140625,255.94000244140625,250.3300018310547,255.3600006103516,255.3600006103516,36065100
2026-04-23,255.38999938964844,258.7900085449219,253.07000732421875,255.0800018310547,255.0800018310547,39091400
2026-04-24,259.9800109863281,264.5,257.69000244140625,263.989990234375,263.989990234375,53777400
2026-04-27,263.4599914550781,264.1499938964844,260.3399963378906,261.1199951171875,261.1199951171875,44906800
2026-04-28,258.3900146484375,261.0299987792969,256.6300048828125,259.70001220703125,259.70001220703125,42204400
2026-04-29,257.989990234375,265.9100036621094,257.70001220703125,263.0400085449219,263.0400085449219,72367900
2026-04-30,273.1700134277344,273.8800048828125,256.1600036621094,265.0599975585937,265.0599975585937,100974900
2026-05-01,265.5799865722656,273.32000732421875,262.739990234375,268.260009765625,268.260009765625,50825200
2026-05-04,268.79998779296875,276.1000061035156,268.79998779296875,272.04998779296875,272.04998779296875,49083700
2026-05-05,276.0799865722656,278.5599975585937,272.3800048828125,273.54998779296875,273.54998779296875,41908500
2026-05-06,272.8900146484375,277.79998779296875,272.2099914550781,274.989990234375,274.989990234375,44552000
2026-05-07,275.0199890136719,276.6300048828125,270.489990234375,271.1700134277344,271.1700134277344,35892900
2026-05-08,271.6300048828125,274.0,269.95001220703125,272.67999267578125,272.67999267578125,34732700
2026-05-11,269.8399963378906,273.6300048828125,268.4800109863281,268.989990234375,268.989990234375,38176700
2026-05-12,266.7099914550781,267.6499938964844,262.6300048828125,265.82000732421875,265.82000732421875,36776200
2026-05-13,264.42999267578125,270.7200012207031,263.20001220703125,270.1300048828125,270.1300048828125,39670900
2026-05-14,269.1499938964844,270.7799987792969,266.6300048828125,267.2200012207031,267.2200012207031,31338400
2026-05-15,262.5,264.3599853515625,260.8900146484375,264.1400146484375,264.1400146484375,40770300
2026-05-18,263.8699951171875,268.8500061035156,262.5299987792969,264.8599853515625,264.8599853515625,33690800
2026-05-19,262.0400085449219,262.25,255.19000244140625,259.3399963378906,259.3399963378906,40340700
2026-05-20,260.04998779296875,265.5799865722656,259.5299987792969,265.010009765625,265.010009765625,34933200
2026-05-21,263.5,269.489990234375,261.3699951171875,268.4599914550781,268.4599914550781,36591700
2026-05-22,268.6600036621094,269.7900085449219,266.239990234375,266.32000732421875,266.32000732421875,27535500
2026-05-26,267.94000244140625,269.29998779296875,262.07000732421875,265.2900085449219,265.2900085449219,38028100
2026-05-27,266.1499938964844,272.4100036621094,265.70001220703125,271.8500061035156,271.8500061035156,40061900
2026-05-28,272.2699890136719,274.5,267.44000244140625,274.0,274.0,40630400
2026-05-29,271.2900085449219,274.75,269.6400146484375,270.6400146484375,270.6400146484375,54749600
2026-06-01,266.2900085449219,266.6300048828125,260.70001220703125,261.260009765625,261.260009765625,53604400
2026-06-02,257.1600036621094,261.20001220703125,254.3699951171875,256.5199890136719,256.5199890136719,41811000
2026-06-03,254.6999969482422,257.0899963378906,247.7100067138672,250.0200042724609,250.0200042724609,51394200
2026-06-04,253.1199951171875,255.8300018310547,251.75,253.7899932861328,253.7899932861328,35609800
2026-06-05,254.259994506836,256.3800048828125,245.77999877929688,246.02999877929688,246.02999877929688,55607800
2026-06-08,246.67999267578125,249.4199981689453,243.3600006103516,245.22000122070312,245.22000122070312,33899500
2026-06-09,247.72999572753903,250.42999267578125,240.3999938964844,244.19000244140625,244.19000244140625,44425400
2026-06-10,243.6100006103516,244.07000732421875,237.4499969482422,238.0,238.0,38590200
2026-06-11,237.92999267578125,242.13999938964844,235.17999267578125,241.509994506836,241.509994506836,41335400
2026-06-12,243.2100067138672,243.3600006103516,233.58999633789065,238.5500030517578,238.5500030517578,51186600
2026-06-15,245.0200042724609,247.8099975585937,244.72999572753903,246.0200042724609,246.0200042724609,41711600
2026-06-16,248.0,249.509994506836,245.4499969482422,246.0,246.0,35187400
2026-06-17,244.8999938964844,245.91000366210932,236.0,237.5,237.5,44780800
2026-06-18,240.1199951171875,245.72999572753903,236.0200042724609,244.38999938964844,244.38999938964844,75624400
2026-06-22,240.0800018310547,242.0,232.2400054931641,232.7899932861328,232.7899932861328,68388500
2026-06-23,232.5500030517578,236.8699951171875,232.0,234.1100006103516,234.1100006103516,60492600
2026-06-24,233.8500061035156,242.4199981689453,232.9499969482422,234.2700042724609,234.2700042724609,70282600
2026-06-25,232.0200042724609,232.32000732421875,225.5500030517578,227.009994506836,227.009994506836,77674100
2026-06-26,227.2100067138672,233.8999938964844,226.1300048828125,232.69000244140625,232.69000244140625,248372100
2026-06-29,234.22000122070312,249.7100067138672,233.8000030517578,240.13999938964844,240.13999938964844,77619200
2026-06-30,237.3500061035156,241.5399932861328,237.1699981689453,238.33999633789065,238.33999633789065,66228300
2026-07-01,239.75,244.8999938964844,234.8999938964844,241.6999969482422,241.6999969482422,53829900
2026-07-02,241.6100006103516,246.72000122070312,241.0800018310547,242.6699981689453,242.6699981689453,48246400
2026-07-06,243.8000030517578,246.0399932861328,240.8800048828125,244.16000366210932,244.16000366210932,40044000
2026-07-07,246.97999572753903,248.92999267578125,242.6999969482422,245.97999572753903,245.97999572753903,40579600
2026-07-08,244.2700042724609,244.8000030517578,240.5200042724609,243.6199951171875,243.6199951171875,29653000
2026-07-09,239.82000732421875,247.5,238.25,247.0399932861328,247.0399932861328,38091700
2026-07-10,249.5500030517578,251.02999877929688,244.41000366210932,245.33999633789065,245.33999633789065,31654000
2026-07-13,244.67999267578125,249.6499938964844,244.17999267578125,247.3099975585937,247.3099975585937,34636100
2026-07-14,245.5500030517578,248.5599975585937,243.8000030517578,247.4900054931641,247.4900054931641,30108100
2026-07-15,249.75,256.4800109863281,249.75,254.9600067138672,254.9600067138672,45240600
2026-07-16,255.1199951171875,258.0799865722656,248.0,249.88999938964844,249.88999938964844,45343700
2026-07-17,244.4600067138672,250.2400054931641,243.58999633789065,247.22999572753903,247.22999572753903,43572400
2026-07-20,248.759994506836,252.88999938964844,248.0,249.9900054931641,249.9900054931641,32406500
2026-07-21,249.1100006103516,249.33999633789065,246.4199981689453,247.5500030517578,247.5500030517578,27732100
2026-07-22,248.2700042724609,248.4499969482422,242.4499969482422,244.8500061035156,244.8500061035156,34112700
2026-07-23,236.259994506836,238.3500061035156,232.0500030517578,233.66000366210932,233.66000366210932,47465300
2026-07-24,234.3800048828125,234.9499969482422,231.33999633789065,232.1100006103516,232.1100006103516,35017400
2026-07-27,235.6699981689453,235.88999938964844,230.9900054931641,231.38999938964844,231.38999938964844,34999500
2026-07-28,232.8500061035156,233.1100006103516,228.1000061035156,230.8600006103516,230.8600006103516,44521600
2026-07-29,229.32000732421875,232.82000732421875,226.16000366210932,226.6499938964844,226.6499938964844,44957500
2026-07-30,233.3500061035156,239.82000732421875,231.0599975585937,235.5,235.5,101839800
2026-07-31,265.0,273.2300109863281,262.010009765625,271.5799865722656,271.5799865722656,129054800
2026-08-03,278.2900085449219,287.20001220703125,278.0,284.0199890136719,284.0199890136719,90830200
2026-08-04,276.0599975585937,281.07000732421875,275.82000732421875,277.4200134277344,277.4200134277344,69748100
2026-08-05,281.5899963378906,282.7900085449219,270.7300109863281,272.6499938964844,272.6499938964844,45119800
2026-08-06,272.7699890136719,275.4800109863281,271.0599975585937,272.260009765625,272.260009765625,30672900
2026-08-07,272.8699951171875,278.3099975585937,272.75,274.4800109863281,274.4800109863281,33861400
2026-08-10,274.010009765625,280.1400146484375,273.6000061035156,278.0899963378906,278.0899963378906,35731900
2026-08-11,278.69000244140625,278.8399963378906,271.3599853515625,272.2699890136719,272.2699890136719,31895700
2026-08-12,273.17999267578125,273.4599914550781,267.1000061035156,267.2799987792969,267.2799987792969,29941100
2026-08-13,267.239990234375,269.5799865722656,264.7099914550781,265.1300048828125,265.1300048828125,32170200
2026-08-14,264.8800048828125,265.8099975585937,262.4200134277344,262.6499938964844,262.6499938964844,27251700
2026-08-17,265.44000244140625,265.75,258.3399963378906,261.3099975585937,261.3099975585937,43896500
2026-08-18,260.6300048828125,262.17999267578125,257.7300109863281,259.45001220703125,259.45001220703125,33171300
2026-08-19,260.8500061035156,266.3999938964844,258.5799865722656,265.8399963378906,265.8399963378906,35762400
2026-08-20,263.1600036621094,263.8399963378906,259.5199890136719,260.1099853515625,260.1099853515625,28374100
2026-08-21,260.739990234375,261.0899963378906,257.0400085449219,258.6300048828125,258.6300048828125,35723000
2026-08-24,259.6000061035156,263.32000732421875,259.04998779296875,262.07000732421875,262.07000732421875,28070500
2026-08-25,262.510009765625,263.8900146484375,259.8299865722656,261.0599975585937,261.0599975585937,25550200
2026-08-26,261.2799987792969,262.04998779296875,258.239990234375,260.2799987792969,260.2799987792969,21528400
2026-08-27,259.2300109863281,259.6600036621094,255.0200042724609,256.260009765625,256.260009765625,35927800
2026-08-28,258.32000732421875,267.5599975585937,257.7799987792969,266.42999267578125,266.42999267578125,49547400
2026-08-31,263.8299865722656,264.3599853515625,257.1199951171875,259.7699890136719,259.7699890136719,46089400
2026-09-01,254.8300018310547,255.82000732421875,251.92999267578125,254.9199981689453,254.9199981689453,31700100
2026-09-02,254.259994506836,256.239990234375,253.3999938964844,254.97999572753903,254.97999572753903,24013300
2026-09-03,256.20001220703125,259.5,256.0,258.8999938964844,258.8999938964844,25934859
2026-09-04,258.94,261.01,256.86,258.94,258.94,8754336
2026-09-07,256.43,258.48,254.38,256.43,256.43,3795667
2026-09-08,254.27,256.31,252.24,254.27,254.27,5514938
2026-09-09,254.81,256.85,252.77,254.81,254.81,3653163
2026-09-10,258.96,261.04,256.89,258.96,258.96,4873644
2026-09-11,265.15,267.27,263.03,265.15,265.15,3014758
2026-09-14,262.34,264.44,260.24,262.34,262.34,8423793
2026-09-15,265.5,267.62,263.38,265.5,265.5,6346607
2026-09-16,271.81,273.98,269.63,271.81,271.81,5118306
