,Open,High,Low,Close,Adj Close,Volume
2015-01-02,178.64999389648438,179.22999572753906,176.97999572753906,177.94000244140625,141.09539794921875,4997200
2015-01-05,177.05999755859375,177.2100067138672,174.4600067138672,174.83999633789062,138.63731384277344,6700200
2015-01-06,175.10000610351562,175.5399932861328,172.32000732421875,173.38999938964844,137.4875030517578,10131400
2015-01-07,174.85000610351562,175.7899932861328,174.24000549316406,175.58999633789062,139.23194885253906,5547000
2015-01-08,177.25999450683594,178.9600067138672,177.2100067138672,178.75999450683594,141.74562072753906,7166700
2015-01-09,178.97999572753906,179.05999755859375,176.6300048828125,177.22000122070312,140.52447509765625,6646600
2015-01-12,177.44000244140625,177.6300048828125,175.4600067138672,176.24000549316406,139.74740600585938,4305300
2015-01-13,177.72000122070312,179.02999877929688,174.6999969482422,175.97999572753906,139.541259765625,9913500
2015-01-14,173.44000244140625,174.72000122070312,172.4199981689453,174.05999755859375,138.018798828125,11090600
2015-01-15,174.74000549316406,175.0800018310547,172.80999755859375,173.05999755859375,137.22586059570312,9293700
2015-01-16,172.57000732421875,174.97000122070312,172.1199951171875,174.6699981689453,138.62100219726562,8721900
2015-01-20,175.22999572753906,175.61000061035156,173.13999938964844,174.89999389648438,138.80361938476562,7224100
2015-01-21,174.25,175.75,173.66000366210938,175.35000610351562,139.16075134277344,6259300
2015-01-22,175.9199981689453,178.13999938964844,174.50999450683594,177.9199981689453,141.20033264160156,9565100
2015-01-23,177.7100067138672,177.82000732421875,176.38999938964844,176.41000366210938,140.00193786621094,4795300
2015-01-26,176.16000366210938,176.7100067138672,175.3800048828125,176.5,140.07339477539062,3730400
2015-01-27,173.5,174.75,172.58999633789062,173.58999633789062,137.76397705078125,11565100
2015-01-28,174.5500030517578,174.61000061035156,171.58999633789062,171.72000122070312,136.27980041503906,9673200
2015-01-29,172.16000366210938,174.07000732421875,171.05999755859375,173.89999389648438,138.01002502441406,9615200
2015-01-30,173.1999969482422,173.9499969482422,171.27000427246094,171.4499969482422,136.06564331054688,11138500
2015-02-02,171.9499969482422,173.42999267578125,170.10000610351562,173.27000427246094,137.5100555419922,9437900
2015-02-03,174.1300048828125,176.39999389648438,174.10000610351562,176.3300018310547,139.93850708007812,7543400
2015-02-04,175.8000030517578,177.57000732421875,175.77999877929688,176.52999877929688,140.0970916748047,5935900
2015-02-05,177.27999877929688,178.63999938964844,177.08999633789062,178.5500030517578,141.70037841796875,6037800
2015-02-06,178.82000732421875,179.36000061035156,177.47999572753906,178.08999633789062,141.33514404296875,7211900
2015-02-09,177.17999267578125,177.94000244140625,176.67999267578125,177.08999633789062,140.54159545898438,3723100
2015-02-10,178.1699981689453,178.75,177.13999938964844,178.50999450683594,141.66847229003906,3572700
2015-02-11,178.08999633789062,179.08999633789062,177.6699981689453,178.6999969482422,141.81927490234375,5174500
2015-02-12,179.27000427246094,179.92999267578125,179.0,179.83999633789062,142.72409057617188,3742700
2015-02-13,180.0,180.5399932861328,179.75999450683594,180.33999633789065,143.120849609375,3998200
2015-02-17,180.05999755859375,180.6999969482422,179.7100067138672,180.57000732421875,143.3033905029297,2850900
2015-02-18,180.17999267578125,180.67999267578125,179.97000122070312,180.47000122070312,143.22401428222656,2724800
2015-02-19,179.8699951171875,180.42999267578125,179.42999267578125,180.08999633789062,142.92237854003906,2663500
2015-02-20,179.14999389648438,181.1999969482422,178.5,181.13999938964844,144.14793395996094,8914600
2015-02-23,180.7100067138672,180.9199981689453,180.32000732421875,180.9199981689453,143.9729461669922,2738600
2015-02-24,181.02999877929688,182.05999755859372,180.88999938964844,181.91000366210935,144.7607879638672,4228700
2015-02-25,181.80999755859372,182.1699981689453,181.55999755859372,181.9600067138672,144.800537109375,2822900
2015-02-26,181.9199981689453,182.2400054931641,181.3999938964844,182.00999450683597,144.84027099609375,3045800
2015-02-27,181.92999267578125,181.94000244140625,181.1499938964844,181.19000244140625,144.187744140625,3161300
2015-03-02,181.3699951171875,182.67999267578125,181.3699951171875,182.67999267578125,145.3734130859375,3213100
2015-03-03,182.22999572753903,182.38999938964844,181.19000244140625,181.8699951171875,144.7288818359375,2825800
2015-03-04,181.41000366210935,181.41000366210935,180.1300048828125,180.77999877929688,143.86151123046875,3820200
2015-03-05,181.25,181.4499969482422,180.7100067138672,181.1699981689453,144.1717987060547,2410700
2015-03-06,180.1199951171875,180.6300048828125,178.1300048828125,178.39999389648438,141.96751403808594,7297400
2015-03-09,178.52999877929688,180.19000244140625,178.52999877929688,179.8000030517578,143.08154296875,3844900
2015-03-10,178.3800048828125,178.50999450683594,176.67999267578125,176.69000244140625,140.60670471191406,6070100
2015-03-11,176.97999572753906,177.2899932861328,176.22999572753906,176.35000610351562,140.33612060546875,5584600
2015-03-12,177.24000549316406,179.02000427246094,177.1999969482422,178.97000122070312,142.42112731933594,4024300
2015-03-13,178.38999938964844,178.5,176.27000427246094,177.55999755859375,141.29913330078125,6833900
2015-03-16,178.25,179.91000366210938,178.25,179.77999877929688,143.06568908691406,5550100
2015-03-17,178.7899932861328,178.97000122070312,177.86000061035156,178.5,142.04714965820312,5392900
2015-03-18,177.91000366210938,181.00999450683597,176.97000122070312,180.72999572753903,143.82164001464844,11294400
2015-03-19,180.17999267578125,180.38999938964844,179.30999755859375,179.66000366210938,142.97023010253906,6229200
2015-03-20,180.4600067138672,181.6699981689453,180.1699981689453,180.9600067138672,144.25442504882812,5999200
2015-03-23,181.0500030517578,181.75,180.83999633789065,180.8500061035156,144.16671752929688,3593900
2015-03-24,180.6499938964844,181.19000244140625,179.77000427246094,179.8300018310547,143.35372924804688,4692100
2015-03-25,179.9499969482422,180.16000366210935,176.8800048828125,176.9199981689453,141.03390502929688,8474700
2015-03-26,176.14999389648438,177.3000030517578,175.4600067138672,176.47999572753906,140.68312072753906,6604500
2015-03-27,176.3300018310547,176.97000122070312,175.97000122070312,176.80999755859375,140.94619750976562,3971800
2015-03-30,178.30999755859375,179.75999450683594,178.27999877929688,179.38999938964844,143.00294494628906,5399300
2015-03-31,178.52000427246094,179.0800018310547,177.42999267578125,177.5800018310547,141.56004333496094,4633800
2015-04-01,177.5399932861328,177.5399932861328,175.57000732421875,176.74000549316406,140.89035034179688,7440500
2015-04-02,176.6999969482422,177.91000366210938,176.42999267578125,177.3300018310547,141.3607940673828,3223600
2015-04-06,176.32000732421875,179.1699981689453,176.08999633789062,178.58999633789062,142.36521911621094,6284900
2015-04-07,178.77000427246094,179.5800018310547,178.4199981689453,178.4199981689453,142.2296600341797,6011600
2015-04-08,178.60000610351562,179.55999755859375,177.9600067138672,178.75,142.4926300048828,4738500
2015-04-09,178.66000366210938,179.6300048828125,177.97999572753906,179.39999389648438,143.0107879638672,4483800
2015-04-10,179.6699981689453,180.44000244140625,179.17999267578125,180.3699951171875,143.78407287597656,3463600
2015-04-13,180.1699981689453,180.8600006103516,179.49000549316406,179.63999938964844,143.2021026611328,3358200
2015-04-14,179.5800018310547,180.5399932861328,178.8000030517578,180.17999267578125,143.6326141357422,4811400
2015-04-15,180.8300018310547,181.3800048828125,180.4499969482422,180.8800048828125,144.19064331054688,4377800
2015-04-16,180.6699981689453,181.50999450683597,180.42999267578125,180.91000366210935,144.21456909179688,3873900
2015-04-17,179.27000427246094,179.41000366210938,177.16000366210938,177.94000244140625,141.9395751953125,8683500
2015-04-20,179.30999755859375,180.6100006103516,179.14999389648438,180.02999877929688,143.6068115234375,5355800
2015-04-21,180.6999969482422,180.8800048828125,178.97000122070312,179.25999450683594,142.99253845214844,3596600
2015-04-22,179.64999389648438,180.25,178.5500030517578,180.05999755859375,143.63067626953125,5575200
2015-04-23,179.44000244140625,181.07000732421875,179.1999969482422,180.3699951171875,143.8779296875,4893000
2015-04-24,180.5,180.82000732421875,179.7899932861328,180.5399932861328,144.0135040283203,4010000
2015-04-27,181.4600067138672,181.5399932861328,179.9600067138672,180.1699981689453,143.71835327148438,4969100
2015-04-28,180.3600006103516,180.94000244140625,178.8800048828125,180.83999633789065,144.25286865234375,4534200
2015-04-29,179.8000030517578,180.7100067138672,179.24000549316406,180.07000732421875,143.6385955810547,6559400
2015-04-30,179.6999969482422,180.02000427246094,177.4499969482422,178.17999267578125,142.1309814453125,8564600
2015-05-01,179.2100067138672,180.00999450683594,178.97999572753906,179.89999389648438,143.50306701660156,3895700
2015-05-04,180.33999633789065,181.0500030517578,180.25,180.44000244140625,143.9337921142578,3256900
2015-05-05,180.22999572753903,180.58999633789065,178.77999877929688,179.00999450683594,142.79306030273438,5316300
2015-05-06,179.8699951171875,180.25,177.25,178.38999938964844,142.2985076904297,7534200
2015-05-07,178.1199951171875,179.6999969482422,177.88999938964844,179.27999877929688,143.00848388671875,4142800
2015-05-08,181.13999938964844,182.0200042724609,181.0800018310547,181.8500061035156,145.05848693847656,5529600
2015-05-11,181.7700042724609,182.0,180.8800048828125,181.0800018310547,144.44432067871094,3753600
2015-05-12,180.10000610351562,181.22999572753903,179.27000427246094,180.72000122070312,144.1571502685547,4742800
2015-05-13,180.8500061035156,181.44000244140625,180.47999572753903,180.75,144.1810302734375,3851400
2015-05-14,181.80999755859372,182.63999938964844,181.72999572753903,182.5399932861328,145.60887145996094,4921400
2015-05-15,182.2400054931641,182.50999450683597,181.88999938964844,182.47999572753903,145.88304138183594,4522200
2015-05-18,182.42999267578125,183.00999450683597,182.19000244140625,182.67999267578125,146.04299926757812,2890500
2015-05-19,182.9199981689453,183.27999877929688,182.3699951171875,182.92999267578125,146.2428741455078,2766600
2015-05-20,183.22999572753903,183.3500061035156,182.55999755859372,182.7100067138672,146.06707763671875,5080800
2015-05-21,182.6199951171875,183.0399932861328,182.3600006103516,182.7899932861328,146.13096618652344,2724200
2015-05-22,182.50999450683597,182.7400054931641,182.0399932861328,182.25999450683597,145.70721435546875,2357000
2015-05-26,181.92999267578125,181.92999267578125,179.7899932861328,180.3699951171875,144.19622802734375,5529700
2015-05-27,180.7700042724609,181.7899932861328,180.4499969482422,181.5200042724609,145.1156768798828,3588200
2015-05-28,181.1100006103516,181.3300018310547,180.6499938964844,181.2899932861328,144.93174743652344,3660900
2015-05-29,181.1699981689453,181.19000244140625,179.6699981689453,180.11000061035156,143.9884490966797,4923700
2015-06-01,181.0,181.1499938964844,179.80999755859375,180.3999938964844,144.22027587890625,4349000
2015-06-02,180.0800018310547,180.9600067138672,179.27000427246094,180.1499938964844,144.02040100097656,5106200
2015-06-03,180.8500061035156,181.7400054931641,180.1199951171875,180.8800048828125,144.60403442382812,5481500
2015-06-04,180.17999267578125,180.9199981689453,178.77999877929688,179.2100067138672,143.26895141601562,7312500
2015-06-05,179.0800018310547,179.4600067138672,178.25,178.5,142.70140075683594,5228700
2015-06-08,178.50999450683594,178.60000610351562,177.67999267578125,177.80999755859375,142.1497039794922,4380500
2015-06-09,177.82000732421875,178.25999450683594,177.1999969482422,177.7100067138672,142.06973266601562,4722400
2015-06-10,178.3800048828125,180.5399932861328,178.3800048828125,180.05999755859375,143.94847106933594,5480900
2015-06-11,180.69000244140625,181.25999450683597,180.38999938964844,180.63999938964844,144.412109375,3714800
2015-06-12,179.86000061035156,180.05999755859375,178.72000122070312,179.1300048828125,143.2050018310547,4566800
2015-06-15,177.88999938964844,178.3699951171875,177.11000061035156,178.10000610351562,142.3815460205078,5502700
2015-06-16,178.07000732421875,179.36000061035156,177.8800048828125,179.2100067138672,143.26895141601562,3276900
2015-06-17,179.66000366210938,180.13999938964844,178.49000549316406,179.47999572753906,143.4847412109375,3650900
2015-06-18,180.2100067138672,181.94000244140625,180.13999938964844,181.3300018310547,144.96376037597656,6542800
2015-06-19,180.63999938964844,180.7400054931641,179.72999572753906,179.75999450683594,144.09010314941406,3964000
2015-06-22,181.02999877929688,181.5,180.6699981689453,180.9199981689453,145.01992797851562,4048300
2015-06-23,181.1199951171875,181.57000732421875,180.75,181.1199951171875,145.18019104003906,3116800
2015-06-24,180.55999755859372,180.97000122070312,179.38999938964844,179.41000366210938,143.8095245361328,4328900
2015-06-25,180.0500030517578,180.1199951171875,178.58999633789062,178.64999389648438,143.20022583007812,3602700
2015-06-26,179.2100067138672,179.8300018310547,178.67999267578125,179.1300048828125,143.58505249023438,4855500
2015-06-29,177.60000610351562,178.2100067138672,175.58999633789062,175.63999938964844,140.7875213623047,8888700
2015-06-30,177.0,177.00999450683594,175.4499969482422,175.82000732421875,140.93185424804688,9149800
2015-07-01,177.57000732421875,177.82000732421875,176.5800018310547,177.39999389648438,142.19834899902344,4135100
2015-07-02,177.7899932861328,178.0500030517578,176.64999389648438,177.0500030517578,141.9177703857422,4008600
2015-07-06,175.58999633789062,177.13999938964844,175.33999633789062,176.67999267578125,141.62118530273438,3748700
2015-07-07,176.8800048828125,177.72999572753906,174.44000244140625,177.6300048828125,142.3828125,7783800
2015-07-08,176.11000061035156,176.44000244140625,174.77999877929688,175.0,140.2745819091797,6849400
2015-07-09,177.14999389648438,177.47000122070312,175.2100067138672,175.25999450683594,140.48294067382812,4581400
2015-07-10,177.22000122070312,177.8000030517578,176.6199951171875,177.41000366210938,142.20635986328125,4504400
2015-07-13,178.8300018310547,179.6999969482422,178.8000030517578,179.60000610351562,143.9618682861328,3873800
2015-07-14,179.4499969482422,180.5399932861328,179.30999755859375,180.3300018310547,144.54689025878906,2757100
2015-07-15,180.32000732421875,180.72000122070312,179.89999389648438,180.33999633789065,144.55499267578125,3407900
2015-07-16,181.1999969482422,181.25,180.5,181.07000732421875,145.1401824951172,2495100
2015-07-17,180.4900054931641,180.6199951171875,180.00999450683594,180.5399932861328,144.85284423828125,2762300
2015-07-20,180.9499969482422,181.1000061035156,180.3600006103516,180.69000244140625,144.97325134277344,2961600
2015-07-21,179.69000244140625,179.7100067138672,178.42999267578125,178.97000122070312,143.5931854248047,5026700
2015-07-22,178.42999267578125,178.9199981689453,177.83999633789062,178.3000030517578,143.05572509765625,3811500
2015-07-23,178.3300018310547,178.3300018310547,176.8300018310547,177.16000366210938,142.14097595214844,4968600
2015-07-24,177.22999572753906,177.25,175.30999755859375,175.52000427246094,140.8252716064453,4591300
2015-07-27,174.47000122070312,174.77999877929688,173.77999877929688,174.22999572753906,139.7901611328125,5370200
2015-07-28,174.86000061035156,176.27999877929688,174.3000030517578,176.11000061035156,141.29855346679688,5625900
2015-07-29,176.3300018310547,177.55999755859375,176.1699981689453,177.25999450683594,142.22117614746094,4175900
2015-07-30,177.0399932861328,177.38999938964844,176.1300048828125,177.22000122070312,142.18911743164062,3659000
2015-07-31,177.6699981689453,177.72999572753906,176.49000549316406,176.67999267578125,141.7559051513672,4483800
2015-08-03,176.82000732421875,176.8699951171875,174.74000549316406,175.75,141.00975036621094,4530500
2015-08-04,175.7899932861328,176.1300048828125,174.8300018310547,175.32000732421875,140.66465759277344,4055700
2015-08-05,175.83999633789062,176.52000427246094,175.02999877929688,175.36000061035156,140.69680786132812,4565500
2015-08-06,175.47999572753906,175.64999389648438,173.64999389648438,174.22000122070312,139.78221130371094,5374100
2015-08-07,173.88999938964844,174.1199951171875,172.8000030517578,173.83999633789062,139.47731018066406,6158400
2015-08-10,174.8000030517578,176.32000732421875,174.8000030517578,176.19000244140625,141.36277770996094,4504000
2015-08-11,174.58999633789062,174.88999938964844,173.5800018310547,174.11000061035156,139.69387817382812,6761100
2015-08-12,172.8300018310547,174.39999389648438,171.39999389648438,174.2100067138672,139.7741241455078,8825600
2015-08-13,173.99000549316406,174.97000122070312,173.5500030517578,174.30999755859375,139.8544464111328,6562700
2015-08-14,174.1699981689453,175.0800018310547,174.05999755859375,174.89999389648438,140.3277587890625,3512200
2015-08-17,174.24000549316406,175.72999572753906,173.6199951171875,175.6999969482422,140.96957397460938,4055400
2015-08-18,175.27999877929688,175.92999267578125,175.0800018310547,175.3300018310547,140.6727294921875,4050400
2015-08-19,174.3300018310547,175.49000549316406,173.1199951171875,173.74000549316406,139.39700317382812,10988700
2015-08-20,172.25,172.5500030517578,170.22000122070312,170.22000122070312,136.57284545898438,12317200
2015-08-21,167.7899932861328,168.6699981689453,164.41000366210938,164.41000366210938,132.3389434814453,18858700
2015-08-24,155.89999389648438,163.4499969482422,150.57000732421875,158.3800048828125,127.48506927490234,35102400
2015-08-25,163.3300018310547,163.67999267578125,156.2899932861328,156.49000549316406,125.96380615234376,19357000
2015-08-26,160.38999938964844,162.89999389648438,157.6699981689453,162.66000366210938,130.9302978515625,19884300
2015-08-27,164.86000061035156,166.49000549316406,163.0399932861328,166.4499969482422,133.9810028076172,15223700
2015-08-28,165.72000122070312,166.6199951171875,165.24000549316406,166.3300018310547,133.8843231201172,8115700
2015-08-31,165.35000610351562,166.17999267578125,164.32000732421875,165.17999267578125,132.95860290527344,6363700
2015-09-01,161.39999389648438,162.6199951171875,159.74000549316406,160.4600067138672,129.15945434570312,14266900
2015-09-02,162.92999267578125,163.47999572753906,161.2899932861328,163.4600067138672,131.57415771484375,8260600
2015-09-03,164.3300018310547,165.49000549316406,163.1300048828125,163.6699981689453,131.74325561523438,8023700
2015-09-04,161.4199981689453,161.9499969482422,160.24000549316406,160.97000122070312,129.5699005126953,8651100
2015-09-08,163.80999755859375,165.02999877929688,163.27999877929688,164.91000366210938,132.7412872314453,6821700
2015-09-09,166.52999877929688,166.7100067138672,162.22999572753906,162.52000427246094,130.8175506591797,7865700
2015-09-10,162.5399932861328,164.5,162.14999389648438,163.38999938964844,131.51783752441406,8327000
2015-09-11,162.89999389648438,164.44000244140625,162.50999450683594,164.38999938964844,132.3227081298828,6202300
2015-09-14,164.4600067138672,164.5800018310547,163.3699951171875,163.77000427246094,131.82374572753906,4595600
2015-09-15,164.36000061035156,166.52999877929688,163.97000122070312,166.11000061035156,133.70726013183594,6516100
2015-09-16,166.4600067138672,167.64999389648438,166.0,167.50999450683594,134.8341827392578,5511700
2015-09-17,167.4199981689453,169.44000244140625,166.47999572753906,166.80999755859375,134.2707061767578,14270000
2015-09-18,164.0,165.24000549316406,163.1999969482422,163.5399932861328,131.8979949951172,10400500
2015-09-21,164.6699981689453,165.55999755859375,163.6699981689453,164.89999389648438,132.9948272705078,7762600
2015-09-22,162.6199951171875,163.36000061035156,161.97999572753906,163.0,131.46243286132812,8979600
2015-09-23,163.25999450683594,163.3800048828125,161.8800048828125,162.58999633789062,131.13172912597656,4554900
2015-09-24,161.1199951171875,162.24000549316406,159.92999267578125,161.8699951171875,130.5509796142578,8451800
2015-09-25,163.83999633789062,164.42999267578125,162.05999755859375,162.8800048828125,131.3656463623047,10474600
2015-09-28,162.0399932861328,162.05999755859375,159.5800018310547,159.7899932861328,128.87344360351562,10013100
2015-09-29,159.97999572753906,160.9600067138672,159.17999267578125,160.22999572753906,129.22836303710938,9906200
2015-09-30,162.0399932861328,162.75,161.0500030517578,162.6199951171875,131.15591430664062,7621400
2015-10-01,163.00999450683594,163.2899932861328,160.50999450683594,162.49000549316406,131.05111694335938,6862800
2015-10-02,160.35000610351562,164.5800018310547,159.92999267578125,164.5800018310547,132.73670959472656,11877500
2015-10-05,165.74000549316406,167.77999877929688,165.49000549316406,167.5800018310547,135.1562042236328,6342100
2015-10-06,167.74000549316406,168.42999267578125,167.25,167.69000244140625,135.24497985839844,6661000
2015-10-07,168.60000610351562,169.47999572753906,167.47000122070312,168.9499969482422,136.26126098632812,8832800
2015-10-08,168.6699981689453,170.66000366210938,168.42999267578125,170.3699951171875,137.40652465820312,8160300
2015-10-09,170.6199951171875,170.97000122070312,170.10000610351562,170.75999450683594,137.72105407714844,5006100
2015-10-12,170.72999572753906,171.22999572753906,170.47000122070312,171.1699981689453,138.05166625976562,2835800
2015-10-13,170.25,171.5800018310547,170.13999938964844,170.63999938964844,137.6241912841797,5909300
2015-10-14,170.5,170.9499969482422,168.72000122070312,169.07000732421875,136.3579864501953,5424000
2015-10-15,169.39999389648438,171.32000732421875,169.19000244140625,171.32000732421875,138.17254638671875,9637200
2015-10-16,171.44000244140625,171.9600067138672,170.82000732421875,171.8800048828125,138.68910217285156,8353700
2015-10-19,171.27999877929688,172.1300048828125,171.0399932861328,172.1199951171875,138.8826904296875,4859800
2015-10-20,171.58999633789062,172.38999938964844,171.24000549316406,172.00999450683594,138.79391479492188,4140900
2015-10-21,172.44000244140625,172.9499969482422,171.3300018310547,171.47999572753906,138.36627197265625,5801400
2015-10-22,172.55999755859375,174.91000366210938,172.47000122070312,174.8000030517578,141.0452117919922,8553100
2015-10-23,176.0,176.63999938964844,175.3699951171875,176.3699951171875,142.3119354248047,7642900
2015-10-26,176.24000549316406,176.4600067138672,175.8699951171875,176.02000427246094,142.0296630859375,3795900
2015-10-27,175.3300018310547,176.19000244140625,175.24000549316406,175.6699981689453,141.7471160888672,4696100
2015-10-28,176.00999450683594,177.67999267578125,175.36000061035156,177.67999267578125,143.3690643310547,7348500
2015-10-29,177.02999877929688,177.7100067138672,176.67999267578125,177.3800048828125,143.12701416015625,4726900
2015-10-30,177.63999938964844,177.8300018310547,176.4499969482422,176.49000549316406,142.4088592529297,6527500
2015-11-02,176.8699951171875,178.2899932861328,176.72999572753906,178.1199951171875,143.72406005859375,4178300
2015-11-03,177.9199981689453,179.60000610351562,177.8000030517578,179.07000732421875,144.49058532714844,4284900
2015-11-04,179.57000732421875,179.58999633789062,178.19000244140625,178.64999389648438,144.1517791748047,6870400
2015-11-05,178.75,179.25,177.72999572753906,178.63999938964844,144.14366149902344,5008100
2015-11-06,178.49000549316406,179.1699981689453,177.7100067138672,179.13999938964844,144.54714965820312,7642800
2015-11-09,178.5,178.60000610351562,176.72999572753906,177.4199981689453,143.15924072265625,7962300
2015-11-10,176.97999572753906,177.86000061035156,176.72999572753906,177.77999877929688,143.44969177246094,4837700
2015-11-11,178.1699981689453,178.24000549316406,177.11000061035156,177.2100067138672,142.98985290527344,2860300
2015-11-12,176.08999633789062,176.35000610351562,174.58999633789062,174.6699981689453,140.94027709960938,6164400
2015-11-13,174.07000732421875,174.5500030517578,172.5500030517578,172.61000061035156,139.278076171875,8011100
2015-11-16,172.5,175.05999755859375,172.14999389648438,175.02000427246094,141.22274780273438,5012900
2015-11-17,175.60000610351562,176.25,174.75999450683594,175.16000366210938,141.33558654785156,6612200
2015-11-18,175.67999267578125,177.83999633789062,175.6699981689453,177.72999572753906,143.40940856933594,6254400
2015-11-19,177.17999267578125,178.0500030517578,177.14999389648438,177.66000366210938,143.35293579101562,5457300
2015-11-20,178.1699981689453,178.97000122070312,177.66000366210938,178.05999755859375,144.1405792236328,7730000
2015-11-23,177.8800048828125,178.47999572753906,177.3000030517578,177.74000549316406,143.88153076171875,2597000
2015-11-24,176.6699981689453,178.41000366210938,176.61000061035156,177.97999572753906,144.0757598876953,4369900
2015-11-25,178.00999450683594,178.3300018310547,177.7899932861328,177.92999267578125,144.0352783203125,2227400
2015-11-27,177.8000030517578,178.17999267578125,177.36000061035156,177.89999389648438,144.0109405517578,2878200
2015-11-30,178.1300048828125,178.3300018310547,177.1300048828125,177.22999572753906,143.4686279296875,3578500
2015-12-01,177.9199981689453,178.89999389648438,177.63999938964844,178.80999755859375,144.74761962890625,6058300
2015-12-02,178.63999938964844,179.0399932861328,177.0800018310547,177.2899932861328,143.51718139648438,7427100
2015-12-03,177.66000366210938,177.83999633789062,174.25999450683594,174.8300018310547,141.52589416503906,7005500
2015-12-04,175.25,178.67999267578125,175.13999938964844,178.4199981689453,144.43202209472656,6251600
2015-12-07,178.02000427246094,178.0800018310547,176.4199981689453,177.33999633789062,143.5577392578125,5647000
2015-12-08,175.67999267578125,176.86000061035156,174.9199981689453,175.77000427246094,142.28672790527344,6890200
2015-12-09,175.44000244140625,177.75999450683594,174.0800018310547,174.99000549316406,141.65541076660156,9545800
2015-12-10,175.17999267578125,177.1300048828125,174.85000610351562,175.8800048828125,142.3758544921875,5613800
2015-12-11,173.64999389648438,174.3800048828125,172.4499969482422,172.72999572753906,139.82589721679688,8895600
2015-12-14,172.97000122070312,173.9499969482422,171.52000427246094,173.89999389648438,140.77297973632812,12321600
2015-12-15,174.91000366210938,176.4499969482422,174.91000366210938,175.4600067138672,142.03585815429688,8039800
2015-12-16,176.42999267578125,178.0,174.97000122070312,177.63999938964844,143.80059814453125,11286600
2015-12-17,178.14999389648438,178.19000244140625,175.08999633789062,175.10000610351562,141.7445068359375,8504100
2015-12-18,173.83999633789062,173.91000366210938,170.88999938964844,171.0,138.74871826171875,10946100
2015-12-21,172.27999877929688,172.55999755859375,170.91000366210938,172.25,139.76296997070312,6466700
2015-12-22,173.10000610351562,174.27999877929688,172.17999267578125,174.00999450683594,141.19105529785156,6003700
2015-12-23,175.22000122070312,175.82000732421875,174.75999450683594,175.80999755859375,142.6515350341797,6456600
2015-12-24,175.66000366210938,175.82000732421875,175.17999267578125,175.22000122070312,142.17279052734375,1765100
2015-12-28,174.49000549316406,175.1300048828125,174.1199951171875,174.97999572753906,141.9780731201172,2932200
2015-12-29,176.19000244140625,177.25,176.0,176.97999572753906,143.6009063720703,6145700
2015-12-30,176.57000732421875,176.72000122070312,175.6199951171875,175.8000030517578,142.64344787597656,2910000
2015-12-31,175.08999633789062,175.64999389648438,173.97000122070312,173.99000549316406,141.1748046875,5773400
2016-01-04,171.0500030517578,171.32000732421875,169.35000610351562,171.2899932861328,138.9840850830078,14350800
2016-01-05,171.69000244140625,171.74000549316406,170.1699981689453,171.38999938964844,139.06520080566406,9413000
2016-01-06,168.9199981689453,169.97000122070312,168.00999450683594,168.94000244140625,137.07730102539062,8713600
2016-01-07,165.9600067138672,167.94000244140625,164.47999572753906,164.9600067138672,133.84786987304688,15400600
2016-01-08,165.9600067138672,166.38999938964844,163.0,163.24000549316406,132.45225524902344,12512400
2016-01-11,164.16000366210938,164.5,162.14999389648438,163.8300018310547,132.93101501464844,12353700
2016-01-12,165.19000244140625,165.77999877929688,163.0500030517578,164.9499969482422,133.83981323242188,10250300
2016-01-13,165.5399932861328,165.83999633789062,161.07000732421875,161.35000610351562,130.9187469482422,16369400
2016-01-14,162.02000427246094,164.69000244140625,160.61000061035156,163.58999633789062,132.73629760742188,14749500
2016-01-15,159.25999450683594,160.5800018310547,158.22999572753906,159.67999267578125,129.63186645507812,19969100
2016-01-19,161.4499969482422,161.6199951171875,158.80999755859375,160.02000427246094,129.90794372558594,10233800
2016-01-20,157.25,158.8800048828125,154.3800048828125,157.61000061035156,127.95137786865234,16436000
2016-01-21,157.80999755859375,160.2899932861328,156.8800048828125,158.60000610351562,128.75506591796875,16782400
2016-01-22,160.91000366210938,161.24000549316406,159.6199951171875,160.7899932861328,130.53298950195312,7390600
2016-01-25,160.41000366210938,160.72000122070312,158.6699981689453,158.6999969482422,128.83624267578125,5782500
2016-01-26,159.5,161.72000122070312,159.49000549316406,161.5399932861328,131.141845703125,5945200
2016-01-27,160.57000732421875,162.22999572753906,158.61000061035156,159.3000030517578,129.32334899902344,10121900
2016-01-28,160.67999267578125,160.89999389648438,158.47000122070312,160.50999450683594,130.30563354492188,8613400
2016-01-29,161.61000061035156,164.42999267578125,161.3300018310547,164.3699951171875,133.43930053710938,6182800
2016-02-01,163.38999938964844,164.97000122070312,162.82000732421875,164.33999633789062,133.41490173339844,6977300
2016-02-02,162.6999969482422,162.6999969482422,160.94000244140625,161.41000366210938,131.03639221191406,7901000
2016-02-03,162.4199981689453,163.75,159.47999572753906,163.1999969482422,132.48948669433594,14249300
2016-02-04,162.82000732421875,164.8000030517578,162.5800018310547,164.13999938964844,133.25271606445312,11715800
2016-02-05,163.8699951171875,164.00999450683594,161.22000122070312,161.94000244140625,131.4665985107422,8292500
2016-02-08,160.11000061035156,160.80999755859375,158.0500030517578,160.35000610351562,130.17584228515625,13377600
2016-02-09,158.5399932861328,161.4600067138672,158.50999450683594,160.24000549316406,130.08653259277344,11449200
2016-02-10,160.97999572753906,162.3000030517578,159.22999572753906,159.38999938964844,129.39649963378906,8205700
2016-02-11,156.8000030517578,158.02000427246094,155.25999450683594,156.8000030517578,127.29380798339844,14806700
2016-02-12,158.16000366210938,159.97999572753906,157.66000366210938,159.97999572753906,129.8754425048828,7073000
2016-02-16,161.75999450683594,162.2899932861328,160.6199951171875,162.1999969482422,131.67774963378906,5451200
2016-02-17,163.42999267578125,165.25999450683594,163.3300018310547,164.92999267578125,133.89398193359375,5584200
2016-02-18,165.3300018310547,165.4499969482422,164.2899932861328,164.52000427246094,133.56114196777344,5187600
2016-02-19,163.17999267578125,163.80999755859375,162.58999633789062,163.6999969482422,133.39244079589844,4660600
2016-02-22,165.35000610351562,166.4600067138672,165.1300048828125,165.94000244140625,135.21775817871094,3450700
2016-02-23,165.61000061035156,165.75999450683594,163.83999633789062,164.14999389648438,133.7591094970703,6052800
2016-02-24,162.60000610351562,164.89999389648438,161.47000122070312,164.6699981689453,134.1829071044922,8003800
2016-02-25,165.02999877929688,166.83999633789062,164.39999389648438,166.83999633789062,135.95114135742188,5266900
2016-02-26,167.83999633789062,167.9499969482422,166.1199951171875,166.27999877929688,135.49481201171875,3798000
2016-02-29,166.16000366210938,167.2100067138672,164.9600067138672,164.9600067138672,134.4191436767578,3485000
2016-03-01,166.00999450683594,168.58999633789062,165.7100067138672,168.52000427246094,137.32009887695312,3914300
2016-03-02,168.02000427246094,168.92999267578125,167.5500030517578,168.88999938964844,137.6215057373047,3106200
2016-03-03,168.72999572753906,169.38999938964844,168.1199951171875,169.35000610351562,137.99636840820312,2968200
2016-03-04,169.52999877929688,170.5500030517578,168.9199981689453,170.02000427246094,138.54234313964844,3524900
2016-03-07,169.3699951171875,170.92999267578125,169.3000030517578,170.6199951171875,139.0313262939453,3236000
2016-03-08,169.8000030517578,170.75999450683594,169.22000122070312,169.6199951171875,138.2164306640625,2832700
2016-03-09,170.41000366210938,170.58999633789062,169.5399932861328,170.02000427246094,138.54234313964844,3584000
2016-03-10,170.6699981689453,171.39999389648438,168.3000030517578,170.05999755859375,138.57493591308594,4862300
2016-03-11,171.47000122070312,172.33999633789062,171.4199981689453,172.22999572753906,140.34323120117188,3674200
2016-03-14,171.6999969482422,172.88999938964844,171.6999969482422,172.41000366210938,140.48985290527344,2658400
2016-03-15,171.61000061035156,172.6699981689453,171.32000732421875,172.63999938964844,140.6772918701172,2431600
2016-03-16,172.2100067138672,173.94000244140625,172.1699981689453,173.47000122070312,141.3536376953125,3556200
2016-03-17,173.4600067138672,175.41000366210938,173.0800018310547,174.94000244140625,142.55149841308594,4070500
2016-03-18,175.27000427246094,175.9499969482422,175.0399932861328,175.69000244140625,143.4701385498047,5112000
2016-03-21,175.6199951171875,176.2100067138672,175.25,176.00999450683594,143.73153686523438,2884900
2016-03-22,175.3000030517578,176.25999450683594,175.14999389648438,175.6999969482422,143.4783477783203,3980100
2016-03-23,175.22000122070312,175.5500030517578,174.60000610351562,174.80999755859375,142.7515411376953,5039200
2016-03-24,173.85000610351562,174.94000244140625,173.6999969482422,174.94000244140625,142.85768127441406,5104900
2016-03-28,175.1300048828125,175.58999633789062,174.66000366210938,175.1199951171875,143.00474548339844,3098800
2016-03-29,174.49000549316406,176.17999267578125,174.05999755859375,176.07000732421875,143.780517578125,5584100
2016-03-30,177.11000061035156,177.64999389648438,176.50999450683594,176.88999938964844,144.45008850097656,3858000
2016-03-31,176.92999267578125,177.3000030517578,176.42999267578125,176.63999938964844,144.24598693847656,3155400
2016-04-01,175.7100067138672,177.85000610351562,175.41000366210938,177.72000122070312,145.12786865234375,4035200
2016-04-04,177.6300048828125,177.8800048828125,176.8800048828125,177.1199951171875,144.63787841796875,2318900
2016-04-05,176.0800018310547,176.9600067138672,175.57000732421875,175.82000732421875,143.57638549804688,5439600
2016-04-06,175.86000061035156,177.08999633789062,175.24000549316406,177.0399932861328,144.5725555419922,4086700
2016-04-07,175.77999877929688,176.22999572753906,174.67999267578125,175.2899932861328,143.1435546875,5251900
2016-04-08,176.25,176.80999755859375,175.11000061035156,175.66000366210938,143.44566345214844,2565300
2016-04-11,176.1199951171875,177.1699981689453,175.41000366210938,175.44000244140625,143.26596069335938,3237700
2016-04-12,175.72999572753906,177.27999877929688,175.36000061035156,177.08999633789062,144.61331176757812,3588400
2016-04-13,178.0,179.02000427246094,177.9199981689453,178.9199981689453,146.10784912109375,5400200
2016-04-14,179.02999877929688,179.5,178.75,179.11000061035156,146.26290893554688,3689700
2016-04-15,178.99000549316406,179.13999938964844,178.41000366210938,178.67999267578125,146.01783752441406,3799900
2016-04-18,178.1300048828125,179.8300018310547,178.10000610351562,179.77999877929688,146.91671752929688,2573700
2016-04-19,180.13999938964844,180.7700042724609,179.58999633789062,180.32000732421875,147.35806274414062,2992100
2016-04-20,180.0,181.4199981689453,180.0,180.75,147.7093963623047,2628900
2016-04-21,180.63999938964844,180.8800048828125,179.4199981689453,179.6999969482422,146.8513946533203,2760300
2016-04-22,179.61000061035156,180.0800018310547,178.8699951171875,179.89999389648438,147.01475524902344,2410500
2016-04-25,179.22999572753906,179.58999633789062,178.3300018310547,179.5399932861328,146.72056579589844,2485500
2016-04-26,179.83999633789062,180.25999450683597,179.11000061035156,179.63999938964844,146.8022918701172,2241000
2016-04-27,179.1199951171875,180.6499938964844,178.99000549316406,180.25,147.30078125,3569300
2016-04-28,179.05999755859375,180.1499938964844,177.74000549316406,178.1999969482422,145.62554931640625,3550700
2016-04-29,177.39999389648438,177.9499969482422,176.2899932861328,177.58999633789062,145.12709045410156,5496000
2016-05-02,178.0800018310547,178.91000366210938,177.50999450683594,178.6999969482422,146.03414916992188,2463100
2016-05-03,177.47999572753906,177.8300018310547,176.47999572753906,177.3000030517578,144.89013671875,4643200
2016-05-04,176.3800048828125,177.2100067138672,175.89999389648438,176.32000732421875,144.08912658691406,3446000
2016-05-05,176.8300018310547,177.22000122070312,176.0,176.44000244140625,144.18728637695312,1778800
2016-05-06,175.69000244140625,177.39999389648438,175.67999267578125,177.33999633789062,144.92274475097656,2940800
2016-05-09,177.25,177.75999450683594,176.6199951171875,176.97999572753906,144.62860107421875,1921700
2016-05-10,177.72000122070312,179.27000427246094,177.63999938964844,179.1999969482422,146.44273376464844,2867200
2016-05-11,178.6999969482422,178.94000244140625,177.25999450683594,177.3000030517578,144.89013671875,2697200
2016-05-12,177.80999755859375,178.1199951171875,176.39999389648438,177.4199981689453,144.9880828857422,2534900
2016-05-13,176.89999389648438,177.52000427246094,175.25999450683594,175.47999572753906,143.40274047851562,3336800
2016-05-16,175.69000244140625,177.6999969482422,175.5800018310547,177.25999450683594,144.85739135742188,2393500
2016-05-17,176.91000366210938,177.24000549316406,174.9199981689453,175.55999755859375,143.46807861328125,3349500
2016-05-18,175.0800018310547,176.72999572753906,174.52999877929688,175.6300048828125,143.52537536621094,4097800
2016-05-19,174.9499969482422,175.1999969482422,173.6699981689453,174.67999267578125,142.74903869628906,5090900
2016-05-20,174.72000122070312,175.5399932861328,174.50999450683594,174.75999450683594,143.31643676757812,2749700
2016-05-23,174.83999633789062,175.3300018310547,174.60000610351562,174.77999877929688,143.3328094482422,1736000
2016-05-24,175.75999450683594,177.22999572753906,175.64999389648438,176.86000061035156,145.0386199951172,2797000
2016-05-25,177.5,178.74000549316406,177.4499969482422,178.27999877929688,146.203125,2711900
2016-05-26,178.49000549316406,178.69000244140625,177.82000732421875,178.0800018310547,146.0391082763672,2263200
2016-05-27,178.22000122070312,178.58999633789062,178.05999755859375,178.5,146.3835906982422,1628300
2016-05-31,178.97999572753906,178.97999572753906,177.1300048828125,177.64999389648438,145.68653869628906,2395400
2016-06-01,176.97999572753906,177.97999572753906,176.5500030517578,177.72999572753906,145.7520294189453,2481200
2016-06-02,177.3000030517578,178.30999755859375,176.97999572753906,178.27999877929688,146.203125,1965900
2016-06-03,177.8699951171875,178.2899932861328,176.83999633789062,178.05999755859375,146.02276611328125,4367200
2016-06-06,178.49000549316406,179.4600067138672,178.41000366210938,179.17999267578125,146.9412384033203,2720300
2016-06-07,179.4600067138672,179.99000549316406,179.33999633789062,179.3800048828125,147.10533142089844,1572300
2016-06-08,179.6699981689453,180.17999267578125,179.5399932861328,180.05999755859375,147.66278076171875,1713500
2016-06-09,179.3699951171875,180.0399932861328,179.13999938964844,179.8800048828125,147.51522827148438,2141800
2016-06-10,178.6999969482422,179.24000549316406,178.11000061035156,178.7100067138672,146.5557098388672,4126600
2016-06-13,178.0,179.0,177.36000061035156,177.36000061035156,145.44863891601562,5111300
2016-06-14,177.0,177.4199981689453,176.0,176.80999755859375,144.99766540527344,3643400
2016-06-15,177.25,177.83999633789062,176.3800048828125,176.57000732421875,144.8008270263672,2470100
2016-06-16,175.72999572753906,177.6699981689453,174.8000030517578,177.4600067138672,145.5306396484375,5573700
2016-06-17,177.14999389648438,177.14999389648438,175.77000427246094,176.52000427246094,145.05007934570312,2748000
2016-06-20,178.39999389648438,179.22999572753906,177.75999450683594,177.8000030517578,146.10182189941406,2958400
2016-06-21,178.1199951171875,178.52999877929688,177.72999572753906,178.05999755859375,146.31546020507812,1854700
2016-06-22,178.22999572753906,178.9499969482422,177.42999267578125,177.57000732421875,145.9127655029297,2966200
2016-06-23,179.02000427246094,179.8300018310547,178.6699981689453,179.80999755859375,147.7534637451172,2949100
2016-06-24,174.5500030517578,176.67999267578125,173.3000030517578,173.6199951171875,142.6669921875,11377900
2016-06-27,172.47999572753906,172.47999572753906,170.3699951171875,171.1999969482422,140.67837524414062,7683900
2016-06-28,172.85000610351562,173.86000061035156,172.1999969482422,173.82000732421875,142.83126831054688,5642800
2016-06-29,175.16000366210938,176.82000732421875,175.0,176.63999938964844,145.14859008789062,5578200
2016-06-30,177.0500030517578,179.0800018310547,176.86000061035156,179.0,147.08787536621094,5069000
2016-07-01,178.77999877929688,179.8000030517578,178.77999877929688,179.30999755859375,147.34259033203125,3998200
2016-07-05,178.5800018310547,178.67999267578125,177.66000366210938,178.2100067138672,146.43869018554688,3233100
2016-07-06,177.61000061035156,179.10000610351562,176.9600067138672,178.97999572753906,147.07138061523438,5395400
2016-07-07,179.14999389648438,179.72000122070312,178.0399932861328,178.7899932861328,146.91526794433594,2343300
2016-07-08,180.00999450683594,181.55999755859372,179.97999572753906,181.3000030517578,148.977783203125,5177300
2016-07-11,181.8600006103516,182.72000122070312,181.77999877929688,182.1199951171875,149.6516571044922,2358700
2016-07-12,183.00999450683597,183.6199951171875,182.77999877929688,183.38999938964844,150.6951446533203,3128000
2016-07-13,183.67999267578125,183.8000030517578,183.0500030517578,183.6000061035156,150.86778259277344,2390500
2016-07-14,185.05999755859372,185.2700042724609,184.57000732421875,184.9600067138672,151.98526000976562,3354700
2016-07-15,185.3500061035156,185.5,184.4499969482422,184.8800048828125,152.0304718017578,3837200
2016-07-18,184.8300018310547,185.3800048828125,184.7100067138672,185.0800018310547,152.19491577148438,2134900
2016-07-19,185.00999450683597,185.4199981689453,184.82000732421875,185.4199981689453,152.474609375,2046300
2016-07-20,185.8999938964844,186.0800018310547,185.38999938964844,185.77999877929688,152.77052307128906,2159500
2016-07-21,185.5399932861328,185.72999572753903,184.5399932861328,184.97999572753903,152.1127471923828,2837700
2016-07-22,185.0,185.57000732421875,184.75999450683597,185.50999450683597,152.54852294921875,3078300
2016-07-25,185.2700042724609,185.3000030517578,184.3699951171875,184.80999755859372,151.97291564941406,2316600
2016-07-26,184.6100006103516,185.0200042724609,183.6999969482422,184.6000061035156,151.80026245117188,4744400
2016-07-27,185.13999938964844,185.27999877929688,184.1100006103516,184.5800018310547,151.7837371826172,4146700
2016-07-28,184.27999877929688,184.66000366210935,183.5200042724609,184.3800048828125,151.61935424804688,2906300
2016-07-29,183.8500061035156,184.5,183.5399932861328,184.1300048828125,151.4137420654297,4207300
2016-08-01,184.3500061035156,184.5200042724609,183.3800048828125,183.8699951171875,151.20005798339844,3295900
2016-08-02,183.6999969482422,183.8800048828125,182.30999755859372,182.97000122070312,150.4598388671875,5139500
2016-08-03,182.8500061035156,183.42999267578125,182.7100067138672,183.3600006103516,150.7804718017578,3008200
2016-08-04,183.5,183.88999938964844,183.1499938964844,183.4499969482422,150.8545379638672,2368900
2016-08-05,184.3999938964844,185.27999877929688,183.42999267578125,185.25999450683597,152.3429718017578,4187700
2016-08-08,185.5,185.6999969482422,185.0200042724609,185.27999877929688,152.35935974121094,2076700
2016-08-09,185.3800048828125,185.8600006103516,185.05999755859372,185.3500061035156,152.41697692871094,1903800
2016-08-10,185.3999938964844,185.77999877929688,184.83999633789065,185.1199951171875,152.2279510498047,1618300
2016-08-11,185.6999969482422,186.5800018310547,185.6000061035156,186.3000030517578,153.19821166992188,2188700
2016-08-12,186.13999938964844,186.25,185.5200042724609,185.8999938964844,152.86924743652344,2514300
2016-08-15,186.3999938964844,186.8800048828125,186.3300018310547,186.5200042724609,153.37918090820312,1561500
2016-08-16,186.1699981689453,186.3699951171875,185.72000122070312,185.75999450683597,152.75413513183594,1614100
2016-08-17,185.7700042724609,186.22999572753903,185.08999633789065,186.1000061035156,153.03378295898438,2952000
2016-08-18,185.97000122070312,186.41000366210935,185.72000122070312,186.33999633789065,153.23109436035156,2571800
2016-08-19,185.3000030517578,185.6499938964844,184.72000122070312,185.32000732421875,152.93067932128906,2368500
2016-08-22,184.9499969482422,185.50999450683597,184.4600067138672,185.1199951171875,152.7656707763672,3152400
2016-08-23,185.6999969482422,186.1300048828125,185.25,185.3000030517578,152.91419982910156,1647900
2016-08-24,185.05999755859372,185.1999969482422,184.2899932861328,184.66000366210935,152.3860626220703,1882900
2016-08-25,184.27999877929688,184.7899932861328,184.1000061035156,184.3699951171875,152.14669799804688,2034900
2016-08-26,184.6199951171875,185.5399932861328,183.13999938964844,183.82000732421875,151.69285583496094,3403500
2016-08-29,183.8300018310547,185.0399932861328,183.8300018310547,184.8300018310547,152.5262908935547,2229800
2016-08-30,184.92999267578125,185.1499938964844,184.0200042724609,184.50999450683597,152.26229858398438,1866700
2016-08-31,184.25,184.3600006103516,183.2700042724609,183.94000244140625,151.79193115234375,1876400
2016-09-01,183.72999572753903,184.27999877929688,182.8999938964844,184.1000061035156,151.9239044189453,3003500
2016-09-02,184.94000244140625,185.4199981689453,184.32000732421875,184.8600006103516,152.55108642578125,2652800
2016-09-06,185.1100006103516,185.4900054931641,184.4499969482422,185.32000732421875,152.93067932128906,2152300
2016-09-07,185.3699951171875,185.3999938964844,184.77999877929688,185.32000732421875,152.93067932128906,1803600
2016-09-08,184.67999267578125,185.1100006103516,184.47999572753903,184.82000732421875,152.51808166503906,2229900
2016-09-09,183.57000732421875,183.75,180.91000366210935,180.91000366210935,149.29136657714844,8242600
2016-09-12,180.08999633789062,183.63999938964844,179.92999267578125,183.3000030517578,151.2638397216797,7056100
2016-09-13,182.05999755859372,182.32000732421875,180.3800048828125,180.8000030517578,149.2007293701172,7477500
2016-09-14,180.83999633789065,181.7400054931641,180.00999450683594,180.42999267578125,148.89532470703125,2990400
2016-09-15,180.3699951171875,182.6199951171875,180.22999572753903,182.25999450683597,150.40553283691406,3932400
2016-09-16,181.5,181.5,180.44000244140625,180.97000122070312,149.63157653808594,2844300
2016-09-19,181.8800048828125,182.32000732421875,180.6699981689453,180.97999572753903,149.63986206054688,2260400
2016-09-20,181.80999755859372,182.0399932861328,181.02999877929688,181.0500030517578,149.69773864746094,1997800
2016-09-21,181.66000366210935,182.83999633789065,180.9600067138672,182.66000366210935,151.02891540527344,4496500
2016-09-22,183.66000366210935,184.25999450683597,183.32000732421875,183.66000366210935,151.85585021972656,2323500
2016-09-23,183.41000366210935,183.5200042724609,182.2899932861328,182.4199981689453,150.83047485351562,1741500
2016-09-26,181.50999450683597,181.5500030517578,180.5800018310547,180.75,149.44969177246094,2639800
2016-09-27,180.5800018310547,182.13999938964844,180.2400054931641,182.0,150.4832305908203,3717300
2016-09-28,182.3600006103516,183.22999572753903,181.5200042724609,183.1000061035156,151.39271545410156,6413000
2016-09-29,182.82000732421875,183.4199981689453,180.6499938964844,181.22000122070312,149.83836364746094,3376400
2016-09-30,182.1300048828125,183.44000244140625,181.97000122070312,182.77999877929688,151.1281280517578,4583000
2016-10-03,182.30999755859372,182.57000732421875,181.77999877929688,182.32000732421875,150.74781799316406,1987600
2016-10-04,182.6199951171875,182.92999267578125,180.94000244140625,181.47999572753903,150.0533447265625,2811200
2016-10-05,182.16000366210935,183.0200042724609,182.1100006103516,182.66000366210935,151.02891540527344,1818200
2016-10-06,182.33999633789065,182.7400054931641,181.47000122070312,182.5200042724609,150.9132537841797,2368100
2016-10-07,182.8000030517578,182.9900054931641,181.32000732421875,182.22000122070312,150.66510009765625,2527700
2016-10-10,182.22000122070312,183.8500061035156,182.22000122070312,183.1199951171875,151.40939331054688,1879100
2016-10-11,182.8600006103516,182.88999938964844,180.4499969482422,181.1999969482422,149.8218231201172,3949800
2016-10-12,181.0,181.8000030517578,180.66000366210935,181.3699951171875,149.9623565673828,1920200
2016-10-13,180.1300048828125,181.22000122070312,179.42999267578125,180.83999633789065,149.524169921875,3460100
2016-10-14,182.0,182.4600067138672,181.2100067138672,181.2899932861328,149.8961944580078,2698100
2016-10-17,181.1699981689453,181.50999450683597,180.4499969482422,180.72000122070312,149.4249267578125,1801800
2016-10-18,181.94000244140625,182.1000061035156,181.1199951171875,181.3699951171875,149.9623565673828,1720700
2016-10-19,181.8500061035156,182.41000366210935,181.57000732421875,182.0,150.4832305908203,1503700
2016-10-20,181.72000122070312,182.4499969482422,181.22000122070312,181.5399932861328,150.10292053222656,2359600
2016-10-21,180.6000061035156,181.4499969482422,180.22999572753903,181.22000122070312,149.98712158203125,5607600
2016-10-24,182.3600006103516,182.5,181.6499938964844,181.9600067138672,150.59950256347656,1905700
2016-10-25,181.82000732421875,182.1699981689453,181.25,181.47999572753903,150.2022705078125,3351100
2016-10-26,180.6000061035156,182.1199951171875,180.3500061035156,181.7700042724609,150.4421844482422,5375400
2016-10-27,182.3000030517578,182.3500061035156,181.22999572753903,181.52999877929688,150.24365234375,2027100
2016-10-28,181.82000732421875,182.32000732421875,180.6699981689453,181.3600006103516,150.10292053222656,3726600
2016-10-31,181.5800018310547,181.6999969482422,181.0500030517578,181.1699981689453,149.94569396972656,1415600
2016-11-01,181.5200042724609,181.5200042724609,179.13999938964844,180.1199951171875,149.07655334472656,3622300
2016-11-02,179.66000366210938,180.2100067138672,179.0500030517578,179.35000610351562,148.43930053710938,3552700
2016-11-03,179.6999969482422,179.88999938964844,178.83999633789062,179.11000061035156,148.24070739746094,1966900
2016-11-04,179.11000061035156,179.6699981689453,178.63999938964844,178.7100067138672,147.90963745117188,4337500
2016-11-07,181.1699981689453,182.4499969482422,181.0500030517578,182.3600006103516,150.93052673339844,3402400
2016-11-08,182.1999969482422,184.0399932861328,182.0200042724609,183.3800048828125,151.7747039794922,3437500
2016-11-09,181.92999267578125,186.5500030517578,181.75,185.9600067138672,153.91012573242188,8363900
2016-11-10,186.8300018310547,188.82000732421875,186.3500061035156,188.1300048828125,155.7061004638672,8748100
2016-11-11,187.9499969482422,188.6300048828125,187.41000366210935,188.47000122070312,155.9875030517578,5003800
2016-11-14,189.1100006103516,189.38999938964844,188.1999969482422,188.7700042724609,156.23583984375,4796400
2016-11-15,188.75999450683597,189.3500061035156,188.13999938964844,189.33999633789065,156.70755004882812,3750000
2016-11-16,188.7899932861328,189.17999267578125,188.52999877929688,188.97999572753903,156.4096221923828,3459100
2016-11-17,189.08999633789065,189.3300018310547,188.7400054931641,189.3000030517578,156.6743927001953,4211200
2016-11-18,188.8999938964844,188.9600067138672,188.32000732421875,188.4600067138672,156.419677734375,4359200
2016-11-21,188.8800048828125,189.41000366210935,188.6000061035156,189.33999633789065,157.1500244140625,2999100
2016-11-22,189.9199981689453,190.25,189.4199981689453,190.0200042724609,157.71450805664062,2756300
2016-11-23,189.92999267578125,190.63999938964844,189.8699951171875,190.58999633789065,158.1875,2465900
2016-11-25,191.08999633789065,191.33999633789065,190.97999572753903,191.3000030517578,158.77679443359375,1547100
2016-11-28,190.92999267578125,191.2100067138672,190.5200042724609,190.77999877929688,158.34524536132812,3159600
2016-11-29,190.8300018310547,191.4199981689453,190.67999267578125,191.19000244140625,158.6855010986328,2264900
2016-11-30,191.97000122070312,192.25,191.33999633789065,191.3999938964844,158.85987854003906,4774600
2016-12-01,191.83999633789065,192.16000366210935,191.57000732421875,191.8999938964844,159.2747802734375,8323900
2016-12-02,191.91000366210935,191.97999572753903,191.42999267578125,191.7400054931641,159.1420135498047,2773600
2016-12-05,192.47999572753903,192.77999877929688,191.88999938964844,192.22000122070312,159.54037475585938,2925600
2016-12-06,192.16000366210935,192.57000732421875,191.8699951171875,192.4900054931641,159.76451110839844,2669400
2016-12-07,192.47000122070312,195.69000244140625,192.4199981689453,195.47999572753903,162.24609375,7241300
2016-12-08,195.8300018310547,196.8000030517578,195.41000366210935,196.27999877929688,162.91018676757812,7032100
2016-12-09,196.44000244140625,197.72000122070312,196.3699951171875,197.69000244140625,164.08047485351562,4392300
2016-12-12,197.83999633789065,198.38999938964844,197.67999267578125,198.0800018310547,164.4041290283203,3791700
2016-12-13,198.9600067138672,199.72000122070312,198.63999938964844,199.22999572753903,165.3585968017578,5357500
2016-12-14,198.97000122070312,199.8300018310547,197.6100006103516,198.13999938964844,164.4539794921875,7456100
2016-12-15,198.5399932861328,199.67999267578125,198.33999633789065,198.66000366210935,164.8855438232422,6033000
2016-12-16,198.6999969482422,198.97000122070312,197.94000244140625,198.19000244140625,164.85391235351562,4467700
2016-12-19,198.3000030517578,198.8999938964844,198.2100067138672,198.6000061035156,165.1949462890625,2729400
2016-12-20,199.16000366210935,199.6100006103516,199.05999755859372,199.4199981689453,165.87701416015625,3062600
2016-12-21,199.42999267578125,199.6100006103516,199.13999938964844,199.16000366210935,165.6607666015625,2523500
2016-12-22,199.1000061035156,199.1699981689453,198.5800018310547,198.97000122070312,165.50277709960938,2250900
2016-12-23,198.9600067138672,199.05999755859372,198.72999572753903,199.0500030517578,165.56927490234375,1374200
2016-12-27,199.16000366210935,199.5399932861328,199.1300048828125,199.2100067138672,165.70237731933594,2340700
2016-12-28,199.5200042724609,199.55999755859372,198.0,198.0800018310547,164.76242065429688,3818100
2016-12-29,197.9900054931641,198.5200042724609,197.6300048828125,197.9900054931641,164.6875762939453,3018700
2016-12-30,198.25,198.2700042724609,196.9199981689453,197.50999450683597,164.28829956054688,4277400
2017-01-03,198.91000366210935,199.1000061035156,197.47999572753903,198.4199981689453,165.0452880859375,6669800
2017-01-04,198.75999450683597,199.3600006103516,198.6000061035156,199.1499938964844,165.65243530273438,4823200
2017-01-05,198.9499969482422,199.2700042724609,197.8999938964844,198.75,165.31971740722656,4124500
2017-01-06,198.72999572753903,199.8300018310547,198.1699981689453,199.50999450683597,165.95193481445312,4322600
2017-01-09,199.08999633789065,199.2700042724609,198.75,198.75999450683597,165.3280792236328,2303500
2017-01-10,198.72000122070312,199.41000366210935,198.2100067138672,198.3999938964844,165.0286102294922,3029200
2017-01-11,198.6300048828125,199.57000732421875,198.1499938964844,199.3300018310547,165.8022003173828,5209800
2017-01-12,198.8800048828125,198.91000366210935,197.52999877929688,198.75,165.31971740722656,3865200
2017-01-13,198.91000366210935,199.3500061035156,198.32000732421875,198.6999969482422,165.2781982421875,3468900
2017-01-17,198.2700042724609,198.6499938964844,197.58999633789065,198.08999633789065,164.770751953125,3329800
2017-01-18,198.0800018310547,198.22999572753903,197.3000030517578,197.9499969482422,164.65431213378906,4634800
2017-01-19,198.02999877929688,198.16000366210935,196.69000244140625,197.27999877929688,164.09703063964844,3050900
2017-01-20,197.52999877929688,198.1999969482422,197.30999755859372,197.9600067138672,164.82394409179688,6999000
2017-01-23,197.8600006103516,198.1100006103516,197.0399932861328,197.77999877929688,164.67398071289062,3249700
2017-01-24,197.7899932861328,199.22000122070312,197.6199951171875,198.83999633789065,165.55653381347656,5205800
2017-01-25,200.00999450683597,200.5500030517578,199.75,200.4199981689453,166.87213134765625,4880800
2017-01-26,200.6000061035156,200.97000122070312,200.4199981689453,200.72000122070312,167.12184143066406,3999700
2017-01-27,200.69000244140625,200.8699951171875,200.4499969482422,200.6300048828125,167.0469512939453,3576500
2017-01-30,199.8300018310547,199.8999938964844,198.4199981689453,199.3800048828125,166.0061798095703,4718000
2017-01-31,198.72000122070312,198.88999938964844,197.55999755859372,198.3600006103516,165.1568603515625,4628100
2017-02-01,199.1300048828125,199.3999938964844,198.1999969482422,198.6300048828125,165.3817596435547,3676900
2017-02-02,198.16000366210935,198.97000122070312,198.0200042724609,198.6100006103516,165.36505126953125,2640600
2017-02-03,199.5800018310547,200.57000732421875,199.44000244140625,200.3800048828125,166.83880615234375,4857300
2017-02-06,200.02999877929688,200.6999969482422,199.77999877929688,200.27999877929688,166.75558471679688,2770900
2017-02-07,200.88999938964844,201.3000030517578,200.42999267578125,200.5800018310547,167.00531005859375,2606300
2017-02-08,200.5,200.69000244140625,200.1499938964844,200.50999450683597,166.94699096679688,2291500
2017-02-09,200.82000732421875,202.1100006103516,200.7700042724609,201.72000122070312,167.95443725585938,3487600
2017-02-10,202.3000030517578,203.0,202.07000732421875,202.7400054931641,168.80377197265625,2880300
2017-02-13,203.32000732421875,204.47000122070312,203.32000732421875,204.1999969482422,170.01934814453125,2637400
2017-02-14,204.05999755859372,205.17999267578125,203.9499969482422,205.1699981689453,170.8269805908203,3586600
2017-02-15,205.38999938964844,206.4900054931641,205.2899932861328,206.3800048828125,171.83445739746094,3646000
2017-02-16,206.5500030517578,206.72000122070312,205.8500061035156,206.47999572753903,171.9177703857422,4589600
2017-02-17,205.02999877929688,205.9199981689453,205.0200042724609,205.8800048828125,171.88511657714844,5747700
2017-02-21,206.55999755859372,207.3000030517578,206.4199981689453,207.07000732421875,172.87864685058594,3076400
2017-02-22,206.72999572753903,207.52999877929688,206.63999938964844,207.4499969482422,173.19590759277344,2254400
2017-02-23,208.05999755859372,208.1499938964844,207.2100067138672,207.82000732421875,173.50482177734375,3179900
2017-02-24,207.0800018310547,207.9499969482422,207.07000732421875,207.92999267578125,173.59661865234375,3703900
2017-02-27,207.72999572753903,208.3699951171875,207.6100006103516,208.2899932861328,173.8971710205078,3433700
2017-02-28,208.1100006103516,208.30999755859372,207.67999267578125,207.97999572753903,173.63844299316406,2821900
2017-03-01,209.9199981689453,211.58999633789065,209.8800048828125,211.0200042724609,176.1764678955078,7846100
2017-03-02,211.19000244140625,211.19000244140625,209.83999633789065,209.88999938964844,175.23297119140625,3336900
2017-03-03,210.05999755859372,210.32000732421875,209.41000366210935,209.91000366210935,175.2496795654297,2589000
2017-03-06,209.25999450683597,209.7700042724609,209.0200042724609,209.47999572753903,174.89083862304688,2524700
2017-03-07,209.2100067138672,209.66000366210935,208.97999572753903,209.1699981689453,174.63182067871094,2741000
2017-03-08,209.5800018310547,209.6100006103516,208.42999267578125,208.6100006103516,174.16436767578125,3173100
2017-03-09,208.7400054931641,209.08999633789065,207.8699951171875,208.6699981689453,174.2144775390625,4430100
2017-03-10,209.69000244140625,209.6999969482422,208.3600006103516,209.1499938964844,174.61521911621094,3004000
2017-03-13,209.1300048828125,209.33999633789065,208.58999633789065,208.94000244140625,174.4398956298828,2261800
2017-03-14,208.57000732421875,208.8800048828125,207.97999572753903,208.5399932861328,174.10598754882812,4433000
2017-03-15,208.8300018310547,209.91000366210935,208.7100067138672,209.5800018310547,174.97415161132812,5737000
2017-03-16,210.1699981689453,210.1699981689453,209.0500030517578,209.44000244140625,174.85731506347656,3018400
2017-03-17,209.52999877929688,209.52999877929688,208.8300018310547,208.8600006103516,174.71347045898438,2873200
2017-03-20,208.8500061035156,209.2700042724609,208.55999755859372,208.80999755859372,174.6715850830078,3308600
2017-03-21,209.3300018310547,209.42999267578125,206.25,206.3500061035156,172.61380004882812,6192400
2017-03-22,205.9600067138672,206.57000732421875,205.5,206.41000366210935,172.66397094726562,3898500
2017-03-23,206.02999877929688,207.3000030517578,205.91000366210935,206.30999755859372,172.58035278320312,3840000
2017-03-24,206.5800018310547,206.8999938964844,205.0,205.75,172.1118927001953,4052700
2017-03-27,204.17999267578125,205.50999450683597,203.80999755859372,205.22999572753903,171.6769256591797,4559600
2017-03-28,205.0800018310547,207.07000732421875,204.91000366210935,206.75,172.9484100341797,3538000
2017-03-29,206.52999877929688,206.55999755859372,205.9499969482422,206.30999755859372,172.58035278320312,2323900
2017-03-30,206.3000030517578,207.25999450683597,206.1499938964844,206.9600067138672,173.1240997314453,2849200
2017-03-31,206.72000122070312,206.92999267578125,206.3000030517578,206.33999633789065,172.60549926757812,4179600
2017-04-03,206.5200042724609,206.6300048828125,204.8800048828125,206.25,172.53018188476562,4436100
2017-04-04,206.0200042724609,206.7700042724609,205.80999755859372,206.6499938964844,172.86468505859375,2555400
2017-04-05,207.58999633789065,208.6499938964844,206.16000366210935,206.25999450683597,172.53848266601562,4110400
2017-04-06,206.4499969482422,207.2899932861328,205.9199981689453,206.4499969482422,172.69740295410156,3186900
2017-04-07,206.19000244140625,207.07000732421875,205.88999938964844,206.3800048828125,172.63890075683594,2609300
2017-04-10,206.4900054931641,207.32000732421875,205.9499969482422,206.38999938964844,172.64724731445312,2395200
2017-04-11,206.22000122070312,206.4199981689453,204.94000244140625,206.3300018310547,172.5970458984375,3511500
2017-04-12,206.3000030517578,206.3000030517578,205.3500061035156,205.6699981689453,172.0448455810547,2181700
2017-04-13,205.33999633789065,205.94000244140625,204.3600006103516,204.3699951171875,170.95755004882812,3605200
2017-04-17,204.92999267578125,206.25999450683597,204.8600006103516,206.1699981689453,172.46327209472656,2260900
2017-04-18,205.3600006103516,205.80999755859372,204.4199981689453,205.0800018310547,171.55142211914062,2497900
2017-04-19,205.25999450683597,205.3000030517578,203.63999938964844,203.8500061035156,170.5225830078125,3606400
2017-04-20,204.3500061035156,206.2100067138672,204.1699981689453,205.6999969482422,172.0700225830078,3873700
2017-04-21,205.50999450683597,205.72999572753903,204.7700042724609,205.25,171.84573364257812,3034800
2017-04-24,207.3300018310547,207.6300048828125,207.02999877929688,207.3800048828125,173.62905883789062,3220200
2017-04-25,208.9499969482422,209.97999572753903,208.83999633789065,209.67999267578125,175.55462646484375,3483600
2017-04-26,209.80999755859372,210.42999267578125,209.44000244140625,209.47000122070312,175.37889099121094,2865300
2017-04-27,209.72999572753903,209.7700042724609,209.05999755859372,209.55999755859372,175.45428466796875,1951700
2017-04-28,209.6300048828125,209.6300048828125,208.97000122070312,209.0800018310547,175.05235290527344,1934000
2017-05-01,209.4900054931641,209.4900054931641,208.6999969482422,208.9199981689453,174.91842651367188,1886000
2017-05-02,209.1000061035156,209.3000030517578,208.75,209.1300048828125,175.09423828125,1359700
2017-05-03,209.1300048828125,209.47000122070312,208.47000122070312,209.22000122070312,175.16952514648438,1829400
2017-05-04,209.6499938964844,209.6499938964844,208.1999969482422,209.19000244140625,175.14450073242188,2640100
2017-05-05,209.07000732421875,209.77999877929688,208.75999450683597,209.7700042724609,175.63006591796875,1673800
2017-05-08,209.6999969482422,210.0200042724609,209.52999877929688,209.9199981689453,175.7556610107422,2311000
2017-05-09,210.13999938964844,210.32000732421875,209.22000122070312,209.6199951171875,175.5044708251953,1570100
2017-05-10,209.19000244140625,209.80999755859372,208.8999938964844,209.47999572753903,175.38731384277344,1394300
2017-05-11,209.13999938964844,209.4499969482422,208.1000061035156,209.27999877929688,175.21983337402344,3093700
2017-05-12,208.97000122070312,209.27999877929688,208.82000732421875,209.00999450683597,174.99371337890625,1575100
2017-05-15,209.3999938964844,210.1300048828125,209.3999938964844,209.92999267578125,175.76400756835938,1818500
2017-05-16,210.32000732421875,210.4600067138672,209.4600067138672,209.9499969482422,175.78076171875,1746600
2017-05-17,208.1199951171875,208.58999633789065,206.3699951171875,206.47000122070312,172.8671112060547,5717400
2017-05-18,206.02999877929688,207.9600067138672,205.8600006103516,206.9600067138672,173.2774200439453,6653800
2017-05-19,206.75,208.30999755859372,206.5800018310547,207.7700042724609,174.46812438964844,4892800
2017-05-22,208.32000732421875,208.8699951171875,208.32000732421875,208.6499938964844,175.20706176757812,2246200
2017-05-23,209.1000061035156,209.3500061035156,208.69000244140625,209.1199951171875,175.60182189941406,3457500
2017-05-24,209.32000732421875,209.9600067138672,209.0800018310547,209.82000732421875,176.18948364257812,3479500
2017-05-25,210.5200042724609,210.9199981689453,210.3000030517578,210.5800018310547,176.82774353027344,2198200
2017-05-26,210.5399932861328,210.72000122070312,210.32000732421875,210.5399932861328,176.794189453125,1152200
2017-05-30,210.2100067138672,210.5200042724609,209.97000122070312,210.2100067138672,176.5170135498047,1066600
2017-05-31,210.41000366210935,210.41000366210935,209.32000732421875,210.0,176.34068298339844,1577500
2017-06-01,210.2700042724609,211.3999938964844,209.91000366210935,211.3999938964844,177.51626586914062,1827900
2017-06-02,211.4499969482422,212.2100067138672,211.2700042724609,211.91000366210935,177.94454956054688,2314000
2017-06-05,211.8600006103516,212.2100067138672,211.63999938964844,211.8600006103516,177.90243530273438,1923000
2017-06-06,211.3300018310547,211.77999877929688,211.1699981689453,211.3699951171875,177.49102783203125,2094800
2017-06-07,211.69000244140625,211.9199981689453,211.13999938964844,211.72000122070312,177.7849578857422,1545800
2017-06-08,211.6199951171875,212.6999969482422,211.38999938964844,211.8600006103516,177.90243530273438,2030300
2017-06-09,212.1499938964844,213.07000732421875,211.58999633789065,212.6699981689453,178.58273315429688,4271100
2017-06-12,212.4600067138672,212.77999877929688,211.8800048828125,212.3999938964844,178.3560028076172,3682300
2017-06-13,212.8000030517578,213.38999938964844,212.75,213.3699951171875,179.17050170898438,2426500
2017-06-14,213.77999877929688,214.0,212.97999572753903,213.83999633789065,179.5651092529297,5423100
2017-06-15,212.88999938964844,213.8000030517578,212.75,213.69000244140625,179.43922424316406,2571800
2017-06-16,213.3300018310547,213.5800018310547,212.82000732421875,213.55999755859372,179.66131591796875,2372000
2017-06-19,214.3600006103516,215.00999450683597,214.0800018310547,214.9199981689453,180.80545043945312,2103300
2017-06-20,214.88999938964844,215.07000732421875,214.3699951171875,214.3999938964844,180.36798095703125,1762100
2017-06-21,214.6499938964844,214.6499938964844,213.63999938964844,213.88999938964844,179.93894958496094,2129400
2017-06-22,214.0800018310547,214.2899932861328,213.66000366210935,213.72999572753903,179.8043212890625,2697100
2017-06-23,213.44000244140625,213.9499969482422,213.05999755859372,213.7400054931641,179.81277465820312,1346800
2017-06-26,214.2899932861328,214.75999450683597,213.52999877929688,213.8699951171875,179.9221649169922,1940400
2017-06-27,213.7100067138672,214.1300048828125,212.8699951171875,212.92999267578125,179.1313018798828,1981600
2017-06-28,212.92999267578125,214.52999877929688,212.92999267578125,214.2400054931641,180.2333831787109,4693700
2017-06-29,214.5200042724609,214.5500030517578,211.6999969482422,212.6100006103516,178.86212158203125,4372600
2017-06-30,213.1499938964844,213.9900054931641,212.97000122070312,213.2400054931641,179.3921356201172,2216600
2017-07-03,213.9499969482422,215.3800048828125,213.8800048828125,214.4900054931641,180.44374084472656,2134700
2017-07-05,214.7400054931641,214.8300018310547,213.8300018310547,214.5800018310547,180.5194549560547,1799000
2017-07-06,214.08999633789065,214.25,212.94000244140625,213.13999938964844,179.30801391601562,2297500
2017-07-07,213.5399932861328,214.16000366210935,213.4199981689453,214.0500030517578,180.0735321044922,1326500
2017-07-10,213.67999267578125,214.3500061035156,213.5399932861328,213.9900054931641,180.02301025390625,1156300
2017-07-11,213.91000366210935,214.2899932861328,212.67999267578125,213.97999572753903,180.0146026611328,1577600
2017-07-12,214.97999572753903,215.6999969482422,214.88999938964844,215.22999572753903,181.0663299560547,2103300
2017-07-13,215.3000030517578,215.55999755859372,215.0,215.4600067138672,181.25978088378903,1587400
2017-07-14,215.3000030517578,216.67999267578125,215.1100006103516,216.25999450683597,181.9326629638672,2395500
2017-07-17,216.32000732421875,216.4900054931641,216.0399932861328,216.22000122070312,181.8990936279297,2291000
2017-07-18,215.66000366210935,215.80999755859372,214.6300048828125,215.6999969482422,181.4616241455078,2247500
2017-07-19,215.88999938964844,216.33999633789065,215.66000366210935,216.32000732421875,181.98321533203125,1785800
2017-07-20,216.57000732421875,216.5800018310547,215.7100067138672,216.19000244140625,181.8739013671875,1372000
2017-07-21,215.19000244140625,215.5500030517578,214.75999450683597,215.52999877929688,181.5167999267578,2217300
2017-07-24,215.50999450683597,215.50999450683597,214.67999267578125,215.08999633789065,181.14620971679688,1459600
2017-07-25,216.5,216.5200042724609,215.4900054931641,215.8600006103516,181.7947540283203,1924200
2017-07-26,216.80999755859372,217.16000366210935,216.55999755859372,216.80999755859372,182.5948638916016,2041000
2017-07-27,217.27999877929688,217.75,216.6300048828125,217.72000122070312,183.3612365722656,3202400
2017-07-28,217.52999877929688,218.16000366210935,217.3000030517578,218.0200042724609,183.61392211914065,2305000
2017-07-31,218.6499938964844,219.02999877929688,218.4900054931641,218.6999969482422,184.18655395507807,1765000
2017-08-01,219.7400054931641,219.8000030517578,219.1499938964844,219.3699951171875,184.75070190429688,2307100
2017-08-02,219.8300018310547,220.1300048828125,219.44000244140625,219.88999938964844,185.18870544433597,3063300
2017-08-03,219.92999267578125,220.22999572753903,219.72000122070312,220.05999755859372,185.33189392089844,2496400
2017-08-04,220.63999938964844,220.6699981689453,220.02999877929688,220.57000732421875,185.7614288330078,1877700
2017-08-07,220.75,220.97999572753903,220.6000061035156,220.8500061035156,185.9972381591797,1902800
2017-08-08,220.8000030517578,221.67999267578125,220.44000244140625,220.69000244140625,185.862548828125,3623900
2017-08-09,220.3300018310547,220.6100006103516,219.9600067138672,220.5,185.70252990722656,3555800
2017-08-10,219.80999755859372,219.8999938964844,218.5500030517578,218.6000061035156,184.10238647460935,7832600
2017-08-11,218.75999450683597,219.22000122070312,218.5200042724609,218.6999969482422,184.18655395507807,4944500
2017-08-14,219.8800048828125,220.2899932861328,219.80999755859372,219.97000122070312,185.2561187744141,2605000
2017-08-15,220.5800018310547,220.5800018310547,219.8600006103516,220.16000366210935,185.4160614013672,1835700
2017-08-16,220.6999969482422,221.1000061035156,220.27999877929688,220.47000122070312,185.6771697998047,2476100
2017-08-17,220.0,220.07000732421875,217.7700042724609,217.80999755859372,183.43695068359372,3535800
2017-08-18,216.9900054931641,217.66000366210935,216.1499938964844,216.52999877929688,182.80294799804688,4468500
2017-08-21,216.4600067138672,216.9199981689453,215.72999572753903,216.7400054931641,182.9802398681641,3467200
2017-08-22,217.41000366210935,218.8500061035156,217.3000030517578,218.69000244140625,184.6265563964844,2423200
2017-08-23,218.00999450683597,218.4600067138672,217.83999633789065,217.9199981689453,183.9765167236328,3660200
2017-08-24,218.5500030517578,218.5500030517578,217.4600067138672,217.66000366210935,183.75689697265625,1934400
2017-08-25,218.25999450683597,218.92999267578125,218.0,218.0399932861328,184.0776824951172,2373300
2017-08-28,218.5,218.5800018310547,217.52999877929688,217.94000244140625,183.9933624267578,1425000
2017-08-29,216.67999267578125,218.75999450683597,216.6199951171875,218.58999633789065,184.5421142578125,2013300
2017-08-30,218.75,219.16000366210935,218.38999938964844,218.92999267578125,184.82911682128903,1804100
2017-08-31,219.52999877929688,219.88999938964844,219.1199951171875,219.5200042724609,185.3271942138672,2173000
2017-09-01,220.1300048828125,220.41000366210935,219.8300018310547,219.9199981689453,185.66493225097656,2150200
2017-09-05,219.52999877929688,219.52999877929688,217.17999267578125,217.6699981689453,183.76541137695312,3828600
2017-09-06,218.5399932861328,218.6199951171875,218.0399932861328,218.25,184.25506591796875,1915500
2017-09-07,218.47000122070312,218.72000122070312,217.67999267578125,218.1100006103516,184.1368103027344,1982800
2017-09-08,217.6100006103516,218.66000366210935,217.5200042724609,218.2400054931641,184.24664306640625,2135800
2017-09-11,219.5800018310547,220.88999938964844,219.5800018310547,220.75999450683597,186.37403869628903,3019300
2017-09-12,221.3300018310547,221.57000732421875,221.07000732421875,221.4199981689453,186.93130493164065,2072900
2017-09-13,221.3500061035156,221.7899932861328,221.1999969482422,221.75999450683597,187.21829223632807,1720800
2017-09-14,221.6499938964844,222.42999267578125,221.6199951171875,222.32000732421875,187.69114685058597,1893700
2017-09-15,222.1300048828125,222.57000732421875,221.91000366210935,222.4499969482422,188.1885528564453,2377700
2017-09-18,222.9199981689453,223.38999938964844,222.6699981689453,223.16000366210935,188.78921508789065,1827300
2017-09-19,223.3699951171875,223.6699981689453,223.22999572753903,223.5800018310547,189.1445159912109,2042800
2017-09-20,223.57000732421875,223.9499969482422,222.9499969482422,223.8999938964844,189.41519165039065,1819900
2017-09-21,223.8999938964844,223.97000122070312,223.38999938964844,223.47000122070312,189.05137634277344,1741400
2017-09-22,223.22000122070312,223.4600067138672,222.82000732421875,223.1999969482422,188.8230438232422,2448400
2017-09-25,223.1100006103516,223.42999267578125,221.9900054931641,222.82000732421875,188.5015869140625,2844300
2017-09-26,223.05999755859372,223.5,222.6199951171875,222.69000244140625,188.3915557861328,1314500
2017-09-27,223.3999938964844,223.5200042724609,222.3500061035156,223.1199951171875,188.75534057617188,2381500
2017-09-28,222.97000122070312,223.7700042724609,222.6999969482422,223.6000061035156,189.1614227294922,1462800
2017-09-29,223.38999938964844,223.8699951171875,223.1300048828125,223.82000732421875,189.34750366210935,2415800
2017-10-02,224.19000244140625,225.38999938964844,224.0200042724609,225.2400054931641,190.5488128662109,2611200
2017-10-03,225.7400054931641,226.27999877929688,225.6100006103516,226.2400054931641,191.3947906494141,2510000
2017-10-04,226.38999938964844,226.67999267578125,226.17999267578125,226.41000366210935,191.5386199951172,1746900
2017-10-05,226.6100006103516,227.66000366210935,226.4499969482422,227.63999938964844,192.57916259765625,2258500
2017-10-06,227.33999633789065,227.6300048828125,227.22999572753903,227.5500030517578,192.50303649902344,2090300
2017-10-09,227.88999938964844,227.9600067138672,227.33999633789065,227.52999877929688,192.4861602783203,1006800
2017-10-10,228.2100067138672,228.42999267578125,227.63999938964844,228.25999450683597,193.1036834716797,1417700
2017-10-11,228.32000732421875,228.63999938964844,228.1699981689453,228.6100006103516,193.39979553222656,1423600
2017-10-12,228.4900054931641,228.80999755859372,228.1499938964844,228.3300018310547,193.1628570556641,1307300
2017-10-13,228.7100067138672,228.97000122070312,228.50999450683597,228.72999572753903,193.5012664794922,1744300
2017-10-16,229.07000732421875,229.52999877929688,228.80999755859372,229.4499969482422,194.11036682128903,2373400
2017-10-17,229.7100067138672,229.9600067138672,229.5200042724609,229.8500061035156,194.4488525390625,1838000
2017-10-18,231.0,231.67999267578125,230.91000366210935,231.4600067138672,195.8108367919922,2720500
2017-10-19,230.83999633789065,231.66000366210935,230.5200042724609,231.6499938964844,195.97152709960935,2305400
2017-10-20,232.47000122070312,233.1300048828125,231.88999938964844,233.1300048828125,197.37950134277344,3275700
2017-10-23,233.5800018310547,233.5800018310547,232.6100006103516,232.6499938964844,196.97317504882807,2325100
2017-10-24,234.1100006103516,234.6999969482422,233.9600067138672,234.2899932861328,198.36167907714844,3300500
2017-10-25,234.4499969482422,234.4499969482422,232.3500061035156,233.16000366210935,197.40496826171875,3813300
2017-10-26,233.91000366210935,234.4199981689453,233.75,233.8500061035156,197.98915100097656,2581500
2017-10-27,233.9499969482422,234.3300018310547,233.3600006103516,234.1699981689453,198.2600250244141,2944200
2017-10-30,233.5200042724609,234.13999938964844,233.1499938964844,233.3300018310547,197.548828125,2672500
2017-10-31,233.63999938964844,233.91000366210935,233.1999969482422,233.6300048828125,197.8029022216797,1772000
2017-11-01,234.6000061035156,235.0200042724609,233.72999572753903,234.19000244140625,198.2770233154297,2675700
2017-11-02,234.2100067138672,235.1699981689453,233.32000732421875,234.9600067138672,198.928955078125,2459400
2017-11-03,235.3600006103516,235.38999938964844,234.63999938964844,235.17999267578125,199.11517333984372,2574400
2017-11-06,235.22999572753903,235.58999633789065,235.08999633789065,235.41000366210935,199.3098602294922,2549900
2017-11-07,235.6999969482422,235.8800048828125,234.69000244140625,235.4199981689453,199.31842041015625,2390700
2017-11-08,235.3699951171875,235.6100006103516,234.97000122070312,235.4600067138672,199.35226440429688,1531900
2017-11-09,234.4900054931641,235.27999877929688,233.16000366210935,234.72000122070312,198.72576904296875,4225200
2017-11-10,234.4499969482422,234.6699981689453,234.1000061035156,234.42999267578125,198.48025512695312,2506600
2017-11-13,233.66000366210935,234.77999877929688,233.6300048828125,234.66000366210935,198.6749420166016,2452400
2017-11-14,233.97000122070312,234.3500061035156,232.91000366210935,234.27999877929688,198.3531646728516,2566500
2017-11-15,233.16000366210935,233.6699981689453,232.6499938964844,232.9600067138672,197.235595703125,2823600
2017-11-16,234.22000122070312,235.27999877929688,234.19000244140625,234.91000366210935,198.88658142089844,2933400
2017-11-17,233.7700042724609,233.97000122070312,233.3600006103516,233.38999938964844,198.07351684570312,3483300
2017-11-20,233.66000366210935,234.3699951171875,233.4199981689453,234.1499938964844,198.71856689453125,2056600
2017-11-21,235.1699981689453,235.9900054931641,235.1000061035156,235.72999572753903,200.05941772460935,2749900
2017-11-22,236.05999755859372,236.05999755859372,234.9499969482422,235.1699981689453,199.58421325683597,2860800
2017-11-24,235.55999755859372,235.8699951171875,235.41000366210935,235.47000122070312,199.8387756347656,1435500
2017-11-27,235.5,236.3300018310547,235.38999938964844,235.72999572753903,200.05941772460935,2329500
2017-11-28,236.32000732421875,238.44000244140625,236.22999572753903,238.33999633789065,202.2745056152344,4844500
2017-11-29,239.1499938964844,239.6499938964844,238.7700042724609,239.4199981689453,203.1911163330078,3376100
2017-11-30,240.67999267578125,243.4900054931641,240.41000366210935,242.83999633789065,206.09361267089844,6586400
2017-12-01,243.13999938964844,243.44000244140625,239.41000366210935,242.4499969482422,205.7625732421875,9772700
2017-12-04,245.00999450683597,245.57000732421875,243.07000732421875,243.1100006103516,206.3227081298828,6565800
2017-12-05,243.77999877929688,243.7899932861328,241.7700042724609,242.00999450683597,205.38917541503903,4925600
2017-12-06,241.72000122070312,242.50999450683597,241.5500030517578,241.6199951171875,205.05810546875,3976100
2017-12-07,241.2100067138672,242.8699951171875,241.1000061035156,242.3600006103516,205.6861724853516,2718300
2017-12-08,243.19000244140625,243.6300048828125,242.5800018310547,243.6199951171875,206.75559997558597,2704300
2017-12-11,243.7700042724609,244.2400054931641,243.5,244.1699981689453,207.22232055664065,1857800
2017-12-12,244.92999267578125,245.8699951171875,244.8000030517578,245.44000244140625,208.30015563964844,3282400
2017-12-13,245.69000244140625,246.9900054931641,245.6499938964844,246.3000030517578,209.03005981445312,3748700
2017-12-14,246.88999938964844,247.07000732421875,245.47000122070312,245.57000732421875,208.41050720214844,4713300
2017-12-15,246.2100067138672,246.6999969482422,245.82000732421875,246.25,209.46604919433597,5862800
2017-12-18,248.00999450683597,248.5399932861328,247.52999877929688,247.7899932861328,210.77603149414065,3285700
2017-12-19,248.30999755859372,248.33999633789065,246.94000244140625,247.3999938964844,210.4443206787109,2773600
2017-12-20,248.3300018310547,248.3999938964844,246.75999450683597,247.07000732421875,210.16360473632807,2401400
2017-12-21,247.72999572753903,248.2899932861328,247.4199981689453,247.66000366210935,210.6654815673828,2446700
2017-12-22,247.5800018310547,247.6100006103516,246.97000122070312,247.3999938964844,210.4443206787109,1847000
2017-12-26,246.94000244140625,247.58999633789065,246.8800048828125,247.25,210.3166656494141,2156700
2017-12-27,247.1499938964844,247.69000244140625,247.1000061035156,247.47999572753903,210.5123291015625,2930300
2017-12-28,247.94000244140625,248.19000244140625,247.7700042724609,248.1300048828125,211.06532287597656,2743300
2017-12-29,248.57000732421875,248.6100006103516,247.1699981689453,247.3800048828125,210.4273834228516,2951800
2018-01-02,248.33999633789065,248.47000122070312,247.22999572753903,248.0200042724609,210.9716796875,4454900
2018-01-03,248.32000732421875,249.22000122070312,248.07000732421875,248.9499969482422,211.7628326416016,5528600
2018-01-04,249.9600067138672,250.9199981689453,249.6199951171875,250.6000061035156,213.1662750244141,4932900
2018-01-05,251.3800048828125,252.8500061035156,250.97000122070312,252.72000122070312,214.9696502685547,3349200
2018-01-08,252.75,252.97000122070312,252.22000122070312,252.58999633789065,214.85903930664065,3847500
2018-01-09,253.1999969482422,254.2899932861328,252.72000122070312,253.82000732421875,215.9053192138672,5031400
2018-01-10,253.1699981689453,253.92999267578125,252.4499969482422,253.6199951171875,215.7352294921875,2357600
2018-01-11,254.0,255.6699981689453,253.8500061035156,255.6100006103516,217.4278259277344,2760400
2018-01-12,256.6300048828125,257.9700012207031,256.4800109863281,257.9100036621094,219.3843688964844,3678400
2018-01-16,260.2699890136719,260.75,256.9100036621094,257.8099975585937,219.29931640625,8102900
2018-01-17,259.260009765625,261.19000244140625,258.5400085449219,261.0799865722656,222.08084106445312,6144400
2018-01-18,261.239990234375,261.32000732421875,259.3800048828125,260.1600036621094,221.2983245849609,4860200
2018-01-19,260.04998779296875,260.54998779296875,259.2699890136719,260.5400085449219,221.74420166015625,4057600
2018-01-22,259.70001220703125,262.010009765625,259.6300048828125,261.9800109863281,222.96987915039065,3359900
2018-01-23,261.8299865722656,262.2900085449219,261.2699890136719,261.8699951171875,222.8761444091797,3483300
2018-01-24,263.0,263.760009765625,260.8699951171875,262.57000732421875,223.47201538085935,7106400
2018-01-25,263.5799865722656,264.3900146484375,262.4200134277344,263.75,224.47630310058597,5918900
2018-01-26,264.32000732421875,265.92999267578125,264.04998779296875,265.9100036621094,226.3146514892578,3861700
2018-01-29,265.5599975585937,265.8999938964844,264.1199951171875,264.1600036621094,224.8251800537109,4605600
2018-01-30,261.4800109863281,262.44000244140625,260.0899963378906,260.6199951171875,221.8123321533203,9409500
2018-01-31,263.0,263.1600036621094,260.2900085449219,261.44000244140625,222.51031494140625,5360500
2018-02-01,259.95001220703125,262.8999938964844,259.7699890136719,261.6199951171875,222.66346740722656,5182000
2018-02-02,259.6099853515625,259.8500061035156,254.72999572753903,254.92999267578125,216.9696502685547,9486600
2018-02-05,252.22000122070312,255.0200042724609,239.05999755859372,243.2700042724609,207.04583740234372,19888200
2018-02-06,238.32000732421875,249.3300018310547,237.5399932861328,248.9600067138672,211.8885955810547,20493100
2018-02-07,248.2400054931641,252.7899932861328,247.57000732421875,248.75999450683597,211.71832275390625,12657100
2018-02-08,248.9600067138672,249.0800018310547,238.5,238.6699981689453,203.1307830810547,15829100
2018-02-09,241.41000366210935,244.02999877929688,233.75999450683597,242.02999877929688,205.990478515625,19858000
2018-02-12,244.02999877929688,247.8500061035156,243.05999755859372,246.1699981689453,209.51402282714844,10458400
2018-02-13,244.72000122070312,247.25,244.3300018310547,246.57000732421875,209.8544921875,6234000
2018-02-14,245.1699981689453,249.4900054931641,245.0399932861328,249.3000030517578,212.17796325683597,5764000
2018-02-15,251.6199951171875,252.5,248.4900054931641,252.5,214.9015045166016,6111500
2018-02-16,251.42999267578125,254.1199951171875,251.1999969482422,251.9600067138672,214.9911193847656,6399000
2018-02-20,250.44000244140625,251.58999633789065,248.58999633789065,249.3500061035156,212.76405334472656,8685200
2018-02-21,249.6000061035156,252.50999450683597,247.7100067138672,247.72000122070312,211.3732147216797,5894800
2018-02-22,248.6300048828125,251.3600006103516,248.52999877929688,249.4900054931641,212.8834228515625,6342300
2018-02-23,250.7899932861328,252.9499969482422,250.0500030517578,252.91000366210935,215.8016815185547,5119000
2018-02-26,254.32000732421875,257.17999267578125,253.9600067138672,256.9200134277344,219.2232666015625,6120900
2018-02-27,257.1000061035156,257.8599853515625,253.9199981689453,253.9600067138672,216.6975555419922,7219200
2018-02-28,255.17999267578125,255.7700042724609,250.1999969482422,250.1999969482422,213.48919677734372,5299300
2018-03-01,250.2100067138672,251.8699951171875,244.3699951171875,245.97999572753903,209.8884429931641,8144800
2018-03-02,243.5500030517578,245.9199981689453,242.16000366210935,245.3500061035156,209.35089111328125,6393400
2018-03-05,243.83999633789065,249.6300048828125,243.8000030517578,248.83999633789065,212.32884216308597,4891000
2018-03-06,250.17999267578125,250.17999267578125,247.0500030517578,248.83999633789065,212.32884216308597,4408500
2018-03-07,245.8600006103516,248.5800018310547,245.3999938964844,248.1100006103516,211.7060394287109,5362600
2018-03-08,249.1300048828125,249.7100067138672,247.22000122070312,249.13999938964844,212.5847320556641,5846600
2018-03-09,250.94000244140625,253.55999755859372,250.33999633789065,253.55999755859372,216.35626220703125,3904000
2018-03-12,254.0500030517578,254.72000122070312,251.6999969482422,251.9600067138672,214.9911193847656,5512800
2018-03-13,253.1000061035156,253.97000122070312,249.6499938964844,250.22000122070312,213.50636291503903,6100900
2018-03-14,251.41000366210935,251.6199951171875,246.9199981689453,247.8800048828125,211.50973510742188,6222800
2018-03-15,248.83999633789065,250.8000030517578,247.8000030517578,249.0,212.4652862548828,5069600
2018-03-16,248.57000732421875,250.1300048828125,248.33999633789065,249.1000061035156,212.93898010253903,3430100
2018-03-19,248.3000030517578,248.3800048828125,244.32000732421875,245.91000366210935,210.2120361328125,5739500
2018-03-20,246.4900054931641,247.8500061035156,246.32000732421875,247.1000061035156,211.22933959960935,3258400
2018-03-21,247.13999938964844,249.6499938964844,246.32000732421875,246.6199951171875,210.81890869140625,4341400
2018-03-22,244.08999633789065,245.02999877929688,239.1699981689453,239.3600006103516,204.61282348632807,7449700
2018-03-23,239.97999572753903,240.8999938964844,234.8500061035156,235.1300048828125,200.99688720703125,7598700
2018-03-26,239.02999877929688,242.1499938964844,237.1999969482422,241.82000732421875,206.7157745361328,6589700
2018-03-27,243.0500030517578,244.25999450683597,236.8500061035156,238.2899932861328,203.69813537597656,6513100
2018-03-28,239.0399932861328,240.72000122070312,237.0500030517578,238.27999877929688,203.68963623046875,7983700
2018-03-29,239.57000732421875,242.94000244140625,239.05999755859372,241.3999938964844,206.356689453125,6614500
2018-04-02,240.3300018310547,241.02999877929688,233.1999969482422,236.1499938964844,201.86886596679688,9217400
2018-04-03,237.3800048828125,240.25,236.3999938964844,240.1499938964844,205.2882080078125,9874500
2018-04-04,235.0500030517578,242.8999938964844,234.94000244140625,242.4600067138672,207.2628936767578,6437500
2018-04-05,243.8000030517578,246.08999633789065,243.3800048828125,244.91000366210935,209.3572235107422,4786400
2018-04-06,242.3000030517578,244.25,237.2400054931641,239.1300048828125,204.41622924804688,6985500
2018-04-09,241.16000366210935,243.63999938964844,239.42999267578125,239.72999572753903,204.9290771484375,5052000
2018-04-10,243.3500061035156,245.0,242.1999969482422,244.00999450683597,208.58782958984372,5977500
2018-04-11,242.1300048828125,243.5800018310547,241.38999938964844,241.8800048828125,206.76708984375,4733100
2018-04-12,243.66000366210935,245.82000732421875,243.44000244140625,244.80999755859372,209.27171325683597,4742400
2018-04-13,246.4199981689453,246.4600067138672,242.3300018310547,243.5800018310547,208.2202606201172,5222500
2018-04-16,245.1199951171875,246.6699981689453,244.72000122070312,245.6199951171875,209.964111328125,4018400
2018-04-17,248.1499938964844,248.47999572753903,247.2700042724609,247.8000030517578,211.82763671875,3821900
2018-04-18,247.8800048828125,248.22000122070312,247.0800018310547,247.3800048828125,211.4686737060547,3645600
2018-04-19,246.9199981689453,247.5800018310547,245.4900054931641,246.57000732421875,210.77618408203125,3721800
2018-04-20,246.3699951171875,246.66000366210935,243.58999633789065,244.47999572753903,209.10150146484372,3396500
2018-04-23,245.05999755859372,245.17999267578125,243.13999938964844,244.3500061035156,208.9903564453125,2491000
2018-04-24,245.38999938964844,245.55999755859372,238.1199951171875,240.08999633789065,205.34678649902344,7088900
2018-04-25,240.2899932861328,241.3300018310547,238.08999633789065,240.6999969482422,205.8684844970703,5269200
2018-04-26,241.42999267578125,243.8800048828125,241.1199951171875,243.1199951171875,207.9383850097656,3845800
2018-04-27,242.97000122070312,243.44000244140625,241.7700042724609,242.9499969482422,207.79290771484372,3209800
2018-04-30,244.1000061035156,244.83999633789065,241.50999450683597,241.5399932861328,206.5870056152344,3475700
2018-05-01,240.69000244140625,240.88999938964844,237.91000366210935,240.75999450683597,205.9198455810547,4396600
2018-05-02,240.6100006103516,241.6999969482422,238.72000122070312,239.1100006103516,204.50857543945312,2729400
2018-05-03,237.9199981689453,239.8300018310547,235.1199951171875,239.1000061035156,204.5000457763672,6177500
2018-05-04,238.1100006103516,243.22000122070312,237.67999267578125,242.5200042724609,207.4252471923828,3600900
2018-05-07,243.5,244.6699981689453,242.4900054931641,243.4199981689453,208.1949615478516,2983800
2018-05-08,243.1699981689453,243.97999572753903,241.83999633789065,243.4199981689453,208.1949615478516,2927200
2018-05-09,244.22999572753903,245.8500061035156,243.2100067138672,245.3999938964844,209.8884429931641,3670500
2018-05-10,246.0,248.1100006103516,245.97000122070312,247.4600067138672,211.650390625,3877800
2018-05-11,247.6999969482422,248.94000244140625,247.3800048828125,248.5399932861328,212.5740509033203,3293500
2018-05-14,249.41000366210935,250.1999969482422,248.8500061035156,249.2700042724609,213.19839477539065,4286300
2018-05-15,248.07000732421875,248.17999267578125,246.4900054931641,247.30999755859372,211.5220184326172,4755900
2018-05-16,247.17999267578125,248.27999877929688,246.97000122070312,247.97000122070312,212.08653259277344,2034400
2018-05-17,247.8000030517578,248.88999938964844,246.8800048828125,247.7400054931641,211.8897399902344,2058200
2018-05-18,246.97000122070312,247.52999877929688,246.4199981689453,247.0,211.8530120849609,2408800
2018-05-21,249.22000122070312,250.6699981689453,249.2100067138672,249.94000244140625,214.3745880126953,4060300
2018-05-22,250.3699951171875,250.42999267578125,247.9199981689453,248.17999267578125,212.8649444580078,2329300
2018-05-23,246.8300018310547,248.6999969482422,246.47000122070312,248.6300048828125,213.2509613037109,3489400
2018-05-24,248.1300048828125,248.42999267578125,245.8500061035156,247.91000366210935,212.6333923339844,3448100
2018-05-25,247.41000366210935,248.1000061035156,246.7100067138672,247.3699951171875,212.1702423095703,4207000
2018-05-29,245.3800048828125,246.2100067138672,242.30999755859372,243.4499969482422,208.80812072753903,6439600
2018-05-30,245.1699981689453,247.16000366210935,244.5800018310547,246.6999969482422,211.5956115722656,4185900
2018-05-31,246.0,246.0200042724609,243.50999450683597,244.17999267578125,209.4342041015625,5357800
2018-06-01,246.13999938964844,246.8300018310547,245.6499938964844,246.3600006103516,211.30404663085935,3565300
2018-06-04,247.72000122070312,248.6699981689453,247.5399932861328,248.1999969482422,212.8822021484375,3062500
2018-06-05,248.16000366210935,248.47999572753903,247.16000366210935,248.1499938964844,212.83935546875,2816400
2018-06-06,249.2400054931641,251.52999877929688,248.5500030517578,251.5200042724609,215.7297515869141,4102500
2018-06-07,252.22000122070312,253.3699951171875,251.7400054931641,252.52999877929688,216.5960235595703,4286800
2018-06-08,251.9600067138672,253.41000366210935,251.7700042724609,253.2700042724609,217.230712890625,4451000
2018-06-11,253.6199951171875,254.16000366210935,253.0200042724609,253.38999938964844,217.33364868164065,4200200
2018-06-12,253.7400054931641,253.7700042724609,252.55999755859372,253.3000030517578,217.25650024414065,6531000
2018-06-13,253.4199981689453,253.75,252.02999877929688,252.17999267578125,216.2958831787109,3819000
2018-06-14,253.16000366210935,253.5200042724609,251.5399932861328,251.9900054931641,216.13287353515625,5007000
2018-06-15,250.2700042724609,251.1999969482422,248.7700042724609,250.7400054931641,215.3820953369141,6340800
2018-06-18,248.8000030517578,249.8999938964844,248.13999938964844,249.72999572753903,214.5145263671875,4075500
2018-06-19,246.6000061035156,247.22999572753903,245.52999877929688,246.8800048828125,212.06642150878903,5511100
2018-06-20,247.9600067138672,247.97999572753903,246.1199951171875,246.4600067138672,211.7056579589844,4711700
2018-06-21,245.8300018310547,245.94000244140625,243.92999267578125,244.5,210.02203369140625,4676600
2018-06-22,245.9199981689453,246.50999450683597,245.44000244140625,245.69000244140625,211.04429626464844,3584900
2018-06-25,244.17999267578125,244.3999938964844,240.6999969482422,242.30999755859372,208.1407928466797,9536000
2018-06-26,242.9199981689453,243.69000244140625,242.2700042724609,242.6699981689453,208.44998168945312,3829900
2018-06-27,243.2700042724609,245.5800018310547,241.00999450683597,241.1199951171875,207.1187286376953,6149300
2018-06-28,240.47000122070312,242.9600067138672,239.8300018310547,242.0800018310547,207.9432678222656,5524000
2018-06-29,243.47999572753903,244.9600067138672,242.58999633789065,242.72999572753903,208.5016021728516,3966200
2018-07-02,240.9199981689453,243.0399932861328,240.6199951171875,242.72999572753903,208.5016021728516,5700300
2018-07-03,244.05999755859372,244.3000030517578,241.3500061035156,241.66000366210935,207.58253479003903,3143800
2018-07-05,243.1300048828125,243.6699981689453,241.69000244140625,243.5500030517578,209.2059783935547,3294600
2018-07-06,243.30999755859372,245.1999969482422,242.80999755859372,244.6000061035156,210.1079559326172,3546000
2018-07-09,245.77999877929688,248.0,245.75999450683597,247.83999633789065,212.8910369873047,3679300
2018-07-10,248.5200042724609,249.47999572753903,248.4499969482422,249.22999572753903,214.0850982666016,3474700
2018-07-11,247.33999633789065,248.16000366210935,246.63999938964844,247.0800018310547,212.23829650878903,4409800
2018-07-12,249.07000732421875,249.44000244140625,248.1699981689453,249.3000030517578,214.14523315429688,3175400
2018-07-13,249.2400054931641,250.4600067138672,248.92999267578125,250.1999969482422,214.91824340820312,3018100
2018-07-16,250.38999938964844,250.75,249.8300018310547,250.6699981689453,215.32200622558597,1881400
2018-07-17,250.5500030517578,251.57000732421875,249.8999938964844,251.27999877929688,215.8459625244141,2960100
2018-07-18,251.38999938964844,252.1699981689453,251.0200042724609,252.02999877929688,216.490234375,2119600
2018-07-19,251.22000122070312,251.6199951171875,250.6100006103516,250.7899932861328,215.42501831054688,2537400
2018-07-20,249.82000732421875,251.0399932861328,249.67999267578125,250.44000244140625,215.3975372314453,2687800
2018-07-23,250.2100067138672,250.6000061035156,249.6199951171875,250.25999450683597,215.2427520751953,1792000
2018-07-24,251.25999450683597,252.66000366210935,251.05999755859372,252.2100067138672,216.91989135742188,5485300
2018-07-25,251.57000732421875,254.16000366210935,250.92999267578125,254.0200042724609,218.4766540527344,4687600
2018-07-26,254.5200042724609,255.67999267578125,254.4499969482422,255.1199951171875,219.42259216308597,4175000
2018-07-27,255.1100006103516,255.6000061035156,253.47999572753903,254.25999450683597,218.68299865722656,5852900
2018-07-30,254.52999877929688,254.7899932861328,252.6699981689453,252.8699951171875,217.4875030517578,4484200
2018-07-31,253.69000244140625,254.67999267578125,253.6000061035156,254.1699981689453,218.60557556152344,3743100
2018-08-01,253.8999938964844,254.63999938964844,252.55999755859372,253.1100006103516,217.69390869140625,3159000
2018-08-02,251.4499969482422,253.41000366210935,251.02999877929688,253.1000061035156,217.685302734375,4132600
2018-08-03,253.0399932861328,254.5,253.0399932861328,254.38999938964844,218.7949066162109,2469400
2018-08-06,254.22000122070312,255.2400054931641,253.6300048828125,254.8500061035156,219.19039916992188,2305400
2018-08-07,255.97999572753903,256.760009765625,255.6499938964844,256.1199951171875,220.28273010253903,2394500
2018-08-08,255.97000122070312,256.1199951171875,255.3800048828125,255.6199951171875,219.85272216796875,1876800
2018-08-09,255.75999450683597,256.2300109863281,255.0,255.16000366210935,219.4570770263672,1677300
2018-08-10,253.67999267578125,253.8999938964844,252.3999938964844,253.3000030517578,217.8574066162109,4796900
2018-08-13,253.57000732421875,253.9600067138672,251.6999969482422,252.0399932861328,216.773681640625,3686700
2018-08-14,252.75999450683597,253.5500030517578,252.22999572753903,253.2100067138672,217.7798767089844,2815800
2018-08-15,251.83999633789065,252.1999969482422,249.8600006103516,251.75999450683597,216.5327911376953,5804000
2018-08-16,254.3699951171875,256.4100036621094,254.27999877929688,255.94000244140625,220.12789916992188,7919200
2018-08-17,255.22999572753903,257.1199951171875,255.02999877929688,256.510009765625,221.0829162597656,3902500
2018-08-20,257.1099853515625,257.7200012207031,256.9700012207031,257.42999267578125,221.87586975097656,2930700
2018-08-21,257.92999267578125,258.70001220703125,257.760009765625,258.07000732421875,222.4275054931641,3290900
2018-08-22,258.0,258.20001220703125,257.04998779296875,257.17999267578125,221.660400390625,3850600
2018-08-23,256.79998779296875,257.5599975585937,255.97999572753903,256.489990234375,221.0657196044922,2811900
2018-08-24,257.239990234375,258.17999267578125,256.989990234375,257.8500061035156,222.2378692626953,3631500
2018-08-27,259.25,260.6499938964844,259.25,260.5799865722656,224.5907745361328,4111600
2018-08-28,261.29998779296875,261.32000732421875,260.3500061035156,260.6400146484375,224.6425323486328,2713600
2018-08-29,260.79998779296875,261.7699890136719,260.44000244140625,261.3299865722656,225.2372589111328,2433900
2018-08-30,260.739990234375,261.1499938964844,259.45001220703125,260.010009765625,224.09945678710935,3867200
2018-08-31,259.5899963378906,260.489990234375,258.9800109863281,259.8500061035156,223.9616851806641,3081800
2018-09-04,259.2200012207031,259.9200134277344,258.2099914550781,259.7300109863281,223.858154296875,2945000
2018-09-05,259.2200012207031,260.3099975585937,258.9200134277344,259.9200134277344,224.02203369140625,3282400
2018-09-06,260.1400146484375,261.04998779296875,259.0400085449219,260.2900085449219,224.3409576416016,3878500
2018-09-07,259.3299865722656,260.3399963378906,258.4599914550781,259.5400085449219,223.6944274902344,3796400
2018-09-10,260.5199890136719,260.6499938964844,258.8599853515625,258.94000244140625,223.17739868164065,2247600
2018-09-11,258.1000061035156,260.510009765625,257.82000732421875,260.0299987792969,224.11676025390625,3072900
2018-09-12,260.1499938964844,261.7699890136719,259.5799865722656,260.25,224.3064727783203,4971200
2018-09-13,261.4200134277344,262.2200012207031,260.989990234375,261.7799987792969,225.62515258789065,2472300
2018-09-14,262.010009765625,262.4700012207031,261.0199890136719,261.8900146484375,225.7198944091797,3077700
2018-09-17,261.7200012207031,262.19000244140625,260.6400146484375,260.9800109863281,224.93556213378903,2473500
2018-09-18,261.25,263.5299987792969,261.17999267578125,262.9100036621094,226.5989990234375,2998900
2018-09-19,263.1000061035156,264.989990234375,263.1000061035156,264.4200134277344,227.90057373046875,4001000
2018-09-20,266.0,267.3099975585937,265.989990234375,267.0400085449219,230.1586151123047,5247100
2018-09-21,267.54998779296875,267.6099853515625,266.5899963378906,267.1199951171875,230.6991729736328,3944500
2018-09-24,266.67999267578125,266.70001220703125,265.25,265.4200134277344,229.2310485839844,3778600
2018-09-25,266.0299987792969,266.1199951171875,264.5299987792969,264.7300109863281,228.63510131835935,1820400
2018-09-26,264.8099975585937,265.8399963378906,263.2699890136719,263.7799987792969,227.81463623046875,3365900
2018-09-27,264.25,265.3699951171875,263.5899963378906,264.25,228.22067260742188,2440100
2018-09-28,263.5599975585937,264.94000244140625,263.5,264.3999938964844,228.3500518798828,3288800
2018-10-01,266.1000061035156,267.1499938964844,265.739990234375,266.7300109863281,230.3624267578125,5828100
2018-10-02,266.1099853515625,268.0199890136719,266.04998779296875,267.57000732421875,231.08792114257807,4553400
2018-10-03,268.7699890136719,269.2799987792969,267.6700134277344,267.95001220703125,231.4160614013672,5827700
2018-10-04,267.69000244140625,267.7099914550781,264.5799865722656,266.25,229.94793701171875,8720900
2018-10-05,266.3399963378906,266.6199951171875,262.8999938964844,264.32000732421875,228.28099060058597,7477100
2018-10-08,263.25,265.2099914550781,262.0799865722656,264.8299865722656,228.7213897705078,6236400
2018-10-09,264.3800048828125,265.32000732421875,263.1400146484375,264.2300109863281,228.2032928466797,4559100
2018-10-10,264.0400085449219,264.1199951171875,255.8000030517578,256.0599975585937,221.1472320556641,12292000
2018-10-11,254.72999572753903,256.7300109863281,248.8600006103516,250.2700042724609,216.1466217041016,15270300
2018-10-12,254.3600006103516,254.6100006103516,249.92999267578125,253.3000030517578,218.7635803222656,8634400
2018-10-15,252.8699951171875,254.7400054931641,252.33999633789065,252.33999633789065,217.93443298339844,5500900
2018-10-16,254.6199951171875,258.1099853515625,253.97999572753903,257.9200134277344,222.75369262695312,7099800
2018-10-17,256.9200134277344,258.0199890136719,254.6699981689453,256.9700012207031,221.93312072753903,6822400
2018-10-18,256.1099853515625,256.8599853515625,252.32000732421875,253.67999267578125,219.0916748046875,8694600
2018-10-19,254.22999572753903,255.97999572753903,253.33999633789065,254.32000732421875,219.77874755859372,6618300
2018-10-22,255.07000732421875,255.44000244140625,252.1999969482422,253.0399932861328,218.67266845703125,4662600
2018-10-23,249.0399932861328,252.92999267578125,247.5200042724609,251.6699981689453,217.4886779785156,7360500
2018-10-24,252.3999938964844,252.88999938964844,245.17999267578125,245.63999938964844,212.27757263183597,7624300
2018-10-25,247.3300018310547,250.92999267578125,246.25,249.7700042724609,215.8467559814453,5920200
2018-10-26,247.3800048828125,249.0399932861328,244.30999755859372,246.52999877929688,213.04681396484372,5882900
2018-10-29,248.72000122070312,250.2400054931641,241.0500030517578,244.47000122070312,211.2666015625,6833300
2018-10-30,244.44000244140625,248.94000244140625,244.08999633789065,248.6999969482422,214.9220733642578,6151100
2018-10-31,250.94000244140625,253.22000122070312,250.38999938964844,251.19000244140625,217.0738983154297,5376400
2018-11-01,252.1499938964844,253.8300018310547,250.91000366210935,253.72999572753903,219.2689208984375,3267900
2018-11-02,255.3800048828125,255.6000061035156,250.5800018310547,252.4600067138672,218.17144775390625,6413400
2018-11-05,252.83999633789065,254.92999267578125,252.5,254.47999572753903,219.9170837402344,2833700
2018-11-06,254.52999877929688,256.3800048828125,254.3300018310547,256.2300109863281,221.4293365478516,2193300
2018-11-07,258.4599914550781,261.8599853515625,257.5,261.7799987792969,226.22560119628903,4462300
2018-11-08,261.5299987792969,262.9700012207031,260.9700012207031,262.1000061035156,226.50210571289065,4023400
2018-11-09,261.1600036621094,261.45001220703125,259.0400085449219,260.0899963378906,224.76513671875,4386500
2018-11-12,259.70001220703125,259.9200134277344,253.67999267578125,254.22000122070312,219.69235229492188,10153000
2018-11-13,253.8300018310547,255.3699951171875,252.22999572753903,253.05999755859372,218.68991088867188,3937900
2018-11-14,255.0200042724609,255.2899932861328,249.6699981689453,250.91000366210935,216.8318634033203,5610300
2018-11-15,250.1999969482422,254.0,248.3500061035156,253.22000122070312,218.8282012939453,5667000
2018-11-16,251.7899932861328,254.9600067138672,251.33999633789065,254.0500030517578,220.0677947998047,4529500
2018-11-19,253.6100006103516,253.77999877929688,248.83999633789065,249.8600006103516,216.43820190429688,4249600
2018-11-20,246.3600006103516,246.92999267578125,243.52999877929688,244.5,211.79515075683597,7341100
2018-11-21,245.83999633789065,246.6300048828125,244.5800018310547,244.6499938964844,211.9250640869141,4257600
2018-11-23,243.25,244.02999877929688,242.7100067138672,242.80999755859372,210.33123779296875,1928000
2018-11-26,244.8699951171875,246.72999572753903,244.67999267578125,246.38999938964844,213.43235778808597,3435500
2018-11-27,245.17999267578125,247.52999877929688,244.13999938964844,247.5,214.3938751220703,2932000
2018-11-28,249.1199951171875,253.83999633789065,248.58999633789065,253.83999633789065,219.8858795166016,5132500
2018-11-29,253.6000061035156,254.97000122070312,252.22000122070312,253.58999633789065,219.66921997070312,3471100
2018-11-30,253.1000061035156,255.83999633789065,252.8300018310547,255.50999450683597,221.33248901367188,2991800
2018-12-03,260.1700134277344,260.29998779296875,257.0199890136719,258.7300109863281,224.12179565429688,9544200
2018-12-04,257.6400146484375,258.0400085449219,250.3800048828125,250.72999572753903,217.1918182373047,5376900
2018-12-06,246.3600006103516,249.8699951171875,242.82000732421875,249.72000122070312,216.31692504882807,8232800
2018-12-07,249.66000366210935,251.41000366210935,243.2899932861328,244.30999755859372,211.630615234375,5963700
2018-12-10,243.94000244140625,245.4900054931641,239.25,244.7100067138672,211.97711181640625,6021000
2018-12-11,248.44000244140625,248.5,242.66000366210935,244.22999572753903,211.56137084960935,5646500
2018-12-12,247.38999938964844,248.75999450683597,245.6499938964844,245.8800048828125,212.99058532714844,3734800
2018-12-13,246.4199981689453,247.8600006103516,245.1699981689453,246.2700042724609,213.32843017578125,4455300
2018-12-14,244.05999755859372,244.8300018310547,240.82000732421875,241.4199981689453,209.1272430419922,6591200
2018-12-17,240.0399932861328,241.3999938964844,235.0500030517578,236.42999267578125,204.8046417236328,7036700
2018-12-18,238.44000244140625,239.80999755859372,235.6699981689453,237.3600006103516,205.61036682128903,5349600
2018-12-19,237.5500030517578,241.1999969482422,232.07000732421875,233.4199981689453,202.19729614257807,9545700
2018-12-20,232.58999633789065,233.3699951171875,226.9499969482422,228.88999938964844,198.2731475830078,11912800
2018-12-21,229.00999450683597,232.47000122070312,223.8500061035156,224.08999633789065,194.6391448974609,10242700
2018-12-24,222.5,223.30999755859372,217.8800048828125,218.1000061035156,189.4363555908203,7024000
2018-12-26,219.19000244140625,228.7400054931641,216.97000122070312,228.7100067138672,198.65188598632807,9761100
2018-12-27,225.5399932861328,231.3699951171875,222.52999877929688,231.25999450683597,200.86671447753903,7952000
2018-12-28,232.7100067138672,233.80999755859372,229.6699981689453,230.47999572753903,200.18931579589844,7266800
2018-12-31,232.3300018310547,233.25999450683597,231.0500030517578,233.1999969482422,202.55178833007807,5079600
2019-01-02,229.2700042724609,234.0,229.13999938964844,233.3600006103516,202.6909027099609,5319500
2019-01-03,231.25,231.4199981689453,226.3600006103516,226.72000122070312,196.9234771728516,7350200
2019-01-04,230.0,235.17999267578125,229.72999572753903,234.27999877929688,203.4898834228516,7343700
2019-01-07,234.83999633789065,236.8800048828125,232.9499969482422,235.3600006103516,204.427978515625,5101600
2019-01-08,237.94000244140625,238.66000366210935,235.7899932861328,237.9199981689453,206.65151977539065,4845800
2019-01-09,238.92999267578125,239.8800048828125,237.77999877929688,238.9199981689453,207.52003479003903,4872000
2019-01-10,237.63999938964844,240.16000366210935,237.0399932861328,240.0,208.45811462402344,3052200
2019-01-11,238.8699951171875,239.94000244140625,237.9600067138672,239.8800048828125,208.3539276123047,2047200
2019-01-14,237.92999267578125,239.6499938964844,237.63999938964844,238.94000244140625,207.53733825683597,2330700
2019-01-15,238.94000244140625,241.02999877929688,238.88999938964844,240.63999938964844,209.01402282714844,3940300
2019-01-16,241.3600006103516,242.8999938964844,241.13999938964844,241.8600006103516,210.07369995117188,3718500
2019-01-17,241.22999572753903,244.80999755859372,241.0399932861328,243.8000030517578,211.75872802734372,4108400
2019-01-18,245.6499938964844,247.3999938964844,244.50999450683597,247.0500030517578,214.7348480224609,5393200
2019-01-22,245.3500061035156,245.7400054931641,242.3500061035156,244.0,212.08384704589844,5218500
2019-01-23,246.1499938964844,246.9199981689453,242.97999572753903,245.72000122070312,213.57884216308597,4330300
2019-01-24,245.47000122070312,246.1999969482422,244.1300048828125,245.47000122070312,213.36160278320312,2840400
2019-01-25,247.38999938964844,248.5500030517578,246.67999267578125,247.38999938964844,215.0303955078125,4110600
2019-01-28,244.72999572753903,245.22999572753903,243.13999938964844,245.1000061035156,213.0398712158203,3560300
2019-01-29,245.3500061035156,246.6499938964844,244.9499969482422,245.7100067138672,213.57009887695312,2432900
2019-01-30,248.41000366210935,251.0,247.77999877929688,250.17999267578125,217.4554901123047,5686200
2019-01-31,248.9499969482422,250.42999267578125,248.33999633789065,250.1199951171875,217.4031982421875,5649600
2019-02-01,250.6699981689453,251.8500061035156,249.75,250.47999572753903,217.71615600585935,3971400
2019-02-04,250.42999267578125,252.3500061035156,249.67999267578125,252.32000732421875,219.31549072265625,2576100
2019-02-05,253.3600006103516,254.1999969482422,252.80999755859372,253.9600067138672,220.74107360839844,3090500
2019-02-06,253.6300048828125,254.3500061035156,253.0500030517578,253.8699951171875,220.66278076171875,1913500
2019-02-07,252.3999938964844,253.33999633789065,250.1699981689453,251.8999938964844,218.9505615234375,3884800
2019-02-08,250.50999450683597,251.3699951171875,249.1300048828125,251.32000732421875,218.4462890625,2942300
2019-02-11,252.1199951171875,252.32000732421875,250.3500061035156,250.94000244140625,218.1160430908203,2677600
2019-02-12,252.72000122070312,254.8800048828125,252.6699981689453,254.52999877929688,221.2364654541016,3080600
2019-02-13,255.52999877929688,256.5599975585937,255.1199951171875,255.8000030517578,222.34027099609372,2918200
2019-02-14,254.5399932861328,256.1700134277344,253.6199951171875,255.16000366210935,221.7840576171875,3811000
2019-02-15,256.1700134277344,258.67999267578125,256.1499938964844,258.6499938964844,225.4342193603516,4751100
2019-02-19,257.9599914550781,259.4800109863281,257.9599914550781,258.8099975585937,225.57359313964844,2744500
2019-02-20,258.82000732421875,259.760009765625,258.32000732421875,259.5,226.1750946044922,2454000
2019-02-21,258.94000244140625,259.239990234375,257.5,258.5299987792969,225.32960510253903,3197200
2019-02-22,259.260009765625,260.4100036621094,259.010009765625,260.1700134277344,226.75901794433597,3938500
2019-02-25,261.8500061035156,262.3599853515625,260.75,260.8900146484375,227.3865509033203,3585000
2019-02-26,259.9599914550781,261.5,259.6000061035156,260.5400085449219,227.08151245117188,3080200
2019-02-27,259.82000732421875,260.4200134277344,258.7699890136719,259.8699951171875,226.49752807617188,2777200
2019-02-28,259.8599853515625,260.3699951171875,259.0599975585937,259.2799987792969,225.9832305908203,2772900
2019-03-01,261.1499938964844,261.5400085449219,259.2300109863281,260.4200134277344,226.97689819335935,3676900
2019-03-04,261.5,261.67999267578125,256.20001220703125,258.2799987792969,225.1118011474609,4823900
2019-03-05,258.2200012207031,258.8599853515625,257.3900146484375,258.19000244140625,225.0332946777344,2107200
2019-03-06,258.239990234375,258.45001220703125,256.45001220703125,256.8699951171875,223.8828125,3222000
2019-03-07,256.3999938964844,256.489990234375,253.6100006103516,254.80999755859372,222.08741760253903,4104600
2019-03-08,252.8800048828125,254.8999938964844,252.7400054931641,254.7100067138672,222.00021362304688,5495800
2019-03-11,252.8500061035156,256.8299865722656,252.4600067138672,256.760009765625,223.7869415283203,5469400
2019-03-12,256.239990234375,256.9700012207031,255.42999267578125,255.8600006103516,223.0025177001953,6570500
2019-03-13,256.8399963378906,258.07000732421875,256.010009765625,257.3500061035156,224.30116271972656,5272800
2019-03-14,257.3299865722656,257.94000244140625,256.6199951171875,257.5400085449219,224.466796875,3409600
2019-03-15,257.5799865722656,259.1499938964844,256.3299865722656,258.3399963378906,225.6414794921875,4225100
2019-03-18,257.94000244140625,259.1199951171875,257.7099914550781,258.989990234375,226.2091827392578,2786200
2019-03-19,260.1099853515625,260.9599914550781,258.0,258.8800048828125,226.11317443847656,4761400
2019-03-20,258.4599914550781,259.1700134277344,256.54998779296875,257.2900085449219,224.7243804931641,4382600
2019-03-21,256.3800048828125,259.9700012207031,256.3500061035156,259.5799865722656,226.72462463378903,3800000
2019-03-22,257.9200134277344,258.6400146484375,254.8699951171875,254.9600067138672,222.68931579589844,6226500
2019-03-25,254.69000244140625,255.88999938964844,253.57000732421875,255.07000732421875,222.7854461669922,4982500
2019-03-26,257.04998779296875,257.8299865722656,255.3000030517578,256.4599914550781,223.99948120117188,3278700
2019-03-27,256.6300048828125,257.42999267578125,254.1000061035156,256.1099853515625,223.6938018798828,3166200
2019-03-28,256.9200134277344,257.2799987792969,255.58999633789065,257.0799865722656,224.541015625,2434400
2019-03-29,258.5799865722656,259.3399963378906,257.57000732421875,259.1300048828125,226.33154296875,4255900
2019-04-01,261.2300109863281,262.6600036621094,260.5799865722656,262.3900146484375,229.17893981933597,6051700
2019-04-02,262.0,262.07000732421875,261.0799865722656,261.69000244140625,228.5675506591797,2320000
2019-04-03,262.5799865722656,262.7200012207031,261.2200012207031,262.0,228.8382568359375,3265500
2019-04-04,262.2200012207031,263.94000244140625,262.1099853515625,263.7799987792969,230.39295959472656,4397000
2019-04-05,264.5599975585937,264.8399963378906,263.6099853515625,264.1600036621094,230.7248992919922,3112700
2019-04-08,262.8299865722656,263.3999938964844,262.3699951171875,263.2200012207031,229.9038848876953,3231700
2019-04-09,262.1199951171875,262.1400146484375,260.95001220703125,261.510009765625,228.4102935791016,4161200
2019-04-10,261.8999938964844,262.07000732421875,261.0,261.6000061035156,228.48887634277344,3602600
2019-04-11,261.9200134277344,262.25,260.5799865722656,261.3999938964844,228.3142242431641,2731700
2019-04-12,263.8699951171875,264.3900146484375,263.0799865722656,264.07000732421875,230.64622497558597,3395200
2019-04-15,264.0199890136719,264.19000244140625,263.1499938964844,263.8099975585937,230.4192352294922,2190300
2019-04-16,265.2799987792969,265.32000732421875,263.92999267578125,264.5299987792969,231.0480194091797,2536000
2019-04-17,265.1000061035156,265.19000244140625,263.9200134277344,264.5299987792969,231.0480194091797,2873600
2019-04-18,264.9800109863281,265.92999267578125,264.3599853515625,265.5599975585937,232.08624267578125,3469200
2019-04-22,264.6000061035156,265.44000244140625,264.44000244140625,265.07000732421875,231.6580047607422,1604200
2019-04-23,265.45001220703125,266.8599853515625,265.0599975585937,266.4800109863281,232.89036560058597,3399200
2019-04-24,266.3800048828125,266.70001220703125,265.7300109863281,265.9200134277344,232.40090942382807,1899800
2019-04-25,264.0599975585937,265.25,262.9800109863281,264.5299987792969,231.1861724853516,2333800
2019-04-26,264.4200134277344,265.3399963378906,263.8599853515625,265.3399963378906,231.89404296875,1883100
2019-04-29,265.32000732421875,265.9100036621094,265.0799865722656,265.44000244140625,231.9815216064453,1522500
2019-04-30,266.010009765625,266.0599975585937,264.1000061035156,265.7900085449219,232.28726196289065,2259200
2019-05-01,266.4700012207031,266.8099975585937,264.1400146484375,264.1499938964844,230.85403442382807,2902500
2019-05-02,263.760009765625,264.45001220703125,261.67999267578125,262.8800048828125,229.744140625,3660200
2019-05-03,264.32000732421875,265.25,263.6000061035156,264.9700012207031,231.57061767578125,2161600
2019-05-06,260.3500061035156,264.70001220703125,260.0799865722656,264.2699890136719,230.95899963378903,3282600
2019-05-07,261.9800109863281,262.489990234375,257.8099975585937,259.5199890136719,226.80764770507807,6758100
2019-05-08,259.4100036621094,261.1099853515625,258.8099975585937,259.6600036621094,226.93003845214844,4115200
2019-05-09,257.739990234375,259.0899963378906,255.3699951171875,258.44000244140625,225.86373901367188,7175400
2019-05-10,257.5799865722656,260.5400085449219,255.0399932861328,259.9200134277344,227.15725708007807,5456100
2019-05-13,254.6699981689453,255.6999969482422,252.58999633789065,253.47000122070312,221.52023315429688,6326000
2019-05-14,254.3999938964844,257.2300109863281,254.2400054931641,255.80999755859372,223.5652618408203,4308800
2019-05-15,254.1699981689453,257.6300048828125,253.7400054931641,256.9200134277344,224.53538513183597,4151400
2019-05-16,258.0,260.0799865722656,257.8500061035156,259.1600036621094,226.4930877685547,3889400
2019-05-17,256.3599853515625,259.3900146484375,256.2099914550781,257.44000244140625,225.55029296875,3652900
2019-05-20,256.2099914550781,257.4100036621094,255.4900054931641,256.6700134277344,224.875732421875,2613300
2019-05-21,258.20001220703125,258.8800048828125,257.67999267578125,258.7699890136719,226.71556091308597,2376700
2019-05-22,257.9100036621094,258.8599853515625,257.4700012207031,257.6000061035156,225.69046020507807,2942600
2019-05-23,255.32000732421875,255.3500061035156,253.27999877929688,254.75999450683597,223.2022857666016,4616900
2019-05-24,256.2099914550781,256.67999267578125,255.0200042724609,256.1199951171875,224.39376831054688,2258900
2019-05-28,256.1199951171875,257.2099914550781,253.4600067138672,253.47000122070312,222.0720672607422,4580100
2019-05-29,252.0800018310547,252.27999877929688,249.47999572753903,251.2700042724609,220.1446075439453,5192100
2019-05-30,251.7700042724609,252.33999633789065,250.82000732421875,251.8699951171875,220.6703338623047,3454700
2019-05-31,249.38999938964844,250.07000732421875,248.22000122070312,248.22000122070312,217.47247314453125,4891100
2019-06-03,248.33999633789065,249.6100006103516,247.0399932861328,248.5,217.7177581787109,5479600
2019-06-04,250.72999572753903,253.6999969482422,250.50999450683597,253.6499938964844,222.229736328125,3796100
2019-06-05,255.22000122070312,255.8000030517578,254.07000732421875,255.72999572753903,224.05218505859372,2792400
2019-06-06,256.1199951171875,258.3500061035156,255.52999877929688,257.7200012207031,225.7956695556641,2796200
2019-06-07,258.4599914550781,261.1199951171875,258.3999938964844,260.25,228.0122528076172,3124900
2019-06-10,261.8800048828125,262.5,260.94000244140625,260.989990234375,228.66058349609372,3495900
2019-06-11,262.6600036621094,262.8699951171875,256.95001220703125,260.8800048828125,228.564208984375,2792100
2019-06-12,260.79998779296875,261.260009765625,259.989990234375,260.45001220703125,228.1874542236328,1725500
2019-06-13,261.3399963378906,261.8800048828125,260.3699951171875,261.5599975585937,229.1599884033203,1882700
2019-06-14,261.239990234375,262.1300048828125,260.42999267578125,261.510009765625,229.11610412597656,2260900
2019-06-17,261.6400146484375,262.17999267578125,260.9700012207031,261.67999267578125,229.26515197753903,1319500
2019-06-18,263.2300109863281,265.79998779296875,262.94000244140625,265.3299865722656,232.46292114257807,6147700
2019-06-19,265.3999938964844,266.2099914550781,264.6300048828125,265.5599975585937,232.66444396972656,3920800
2019-06-20,268.04998779296875,268.5,265.8999938964844,268.0799865722656,234.87228393554688,3471800
2019-06-21,267.2900085449219,268.9599914550781,266.8999938964844,267.1000061035156,234.57102966308597,4446800
2019-06-24,267.3299865722656,267.9100036621094,267.1000061035156,267.1700134277344,234.6326141357422,1654200
2019-06-25,267.3900146484375,267.3999938964844,265.1300048828125,265.260009765625,232.95510864257807,7240300
2019-06-26,266.1199951171875,266.489990234375,265.2099914550781,265.2200012207031,232.91998291015625,2141400
2019-06-27,265.45001220703125,265.9100036621094,264.5,265.1499938964844,232.858642578125,1991500
2019-06-28,265.94000244140625,266.260009765625,265.07000732421875,265.8500061035156,233.4732360839844,2176200
2019-07-01,268.45001220703125,268.75,266.0,266.9700012207031,234.4569396972656,3970200
2019-07-02,266.8399963378906,267.7300109863281,266.1400146484375,267.6600036621094,235.0629730224609,2775300
2019-07-03,268.3399963378906,269.6000061035156,268.2799987792969,269.5599975585937,236.73150634765625,1262900
2019-07-05,268.7099914550781,269.4800109863281,267.32000732421875,269.2699890136719,236.47677612304688,2157000
2019-07-08,267.8999938964844,268.42999267578125,267.4700012207031,268.0599975585937,235.4141540527344,1423400
2019-07-09,266.7200012207031,268.1199951171875,266.69000244140625,267.8599853515625,235.23849487304688,1407000
2019-07-10,268.8399963378906,269.8800048828125,268.1700134277344,268.69000244140625,235.96739196777344,1978600
2019-07-11,269.6600036621094,270.9200134277344,269.2300109863281,270.9200134277344,237.9258575439453,2238500
2019-07-12,271.6600036621094,273.3900146484375,271.6000061035156,273.3900146484375,240.0949859619141,2411200
2019-07-15,273.54998779296875,273.6000061035156,272.9599914550781,273.6000061035156,240.27952575683597,2624500
2019-07-16,273.6199951171875,273.989990234375,272.8999938964844,273.4200134277344,240.12144470214844,1780400
2019-07-17,273.3399963378906,273.45001220703125,272.17999267578125,272.2799987792969,239.12017822265625,1550800
2019-07-18,271.6600036621094,272.75,270.75,272.2699890136719,239.11135864257807,2119000
2019-07-19,273.17999267578125,273.3399963378906,271.3599853515625,271.45001220703125,238.5866851806641,2364300
2019-07-22,271.7699890136719,272.1600036621094,270.79998779296875,271.6499938964844,238.7624969482422,1623500
2019-07-23,272.7900085449219,273.6099853515625,271.95001220703125,273.3500061035156,240.25665283203125,1722900
2019-07-24,272.25,272.8500061035156,271.8299865722656,272.6099853515625,239.60614013671875,2355400
2019-07-25,272.4800109863281,272.5799865722656,270.5199890136719,271.3900146484375,238.5340118408203,2348600
2019-07-26,271.6499938964844,272.04998779296875,271.1099853515625,271.8599853515625,238.94705200195312,1731300
2019-07-29,271.8599853515625,272.67999267578125,271.69000244140625,272.1300048828125,239.1844482421875,1346000
2019-07-30,271.0899963378906,272.1499938964844,270.6199951171875,271.9100036621094,238.9910125732422,1670600
2019-07-31,272.29998779296875,272.67999267578125,267.1000061035156,268.5199890136719,236.0113525390625,5058800
2019-08-01,268.82000732421875,271.7099914550781,265.3999938964844,265.760009765625,233.5855712890625,7225300
2019-08-02,265.2099914550781,265.6700134277344,262.42999267578125,264.8099975585937,232.75054931640625,5691500
2019-08-05,260.989990234375,261.1499938964844,255.1300048828125,257.1000061035156,225.97401428222656,6608200
2019-08-06,258.54998779296875,260.3599853515625,257.04998779296875,260.2900085449219,228.77789306640625,4991000
2019-08-07,257.1300048828125,260.69000244140625,254.3600006103516,260.239990234375,228.7338409423828,5089500
2019-08-08,261.4599914550781,264.1300048828125,260.5799865722656,264.1300048828125,232.1528778076172,3637100
2019-08-09,263.44000244140625,264.44000244140625,261.25,263.17999267578125,231.3179626464844,3773000
2019-08-12,261.4200134277344,262.1700134277344,258.5599975585937,259.3999938964844,227.9955139160156,3072700
2019-08-13,259.07000732421875,264.6300048828125,258.6300048828125,263.1700134277344,231.30909729003903,4326300
2019-08-14,259.17999267578125,259.7300109863281,255.05999755859372,255.0800018310547,224.1986846923828,6148000
2019-08-15,256.239990234375,256.95001220703125,253.92999267578125,256.3599853515625,225.32351684570312,4034800
2019-08-16,257.3900146484375,259.25,256.8699951171875,258.8800048828125,228.1382751464844,2743200
2019-08-19,262.0400085449219,262.25,260.82000732421875,261.3399963378906,230.3061370849609,1971800
2019-08-20,261.010009765625,261.5599975585937,259.4700012207031,259.69000244140625,228.85211181640625,1975200
2019-08-21,261.8299865722656,262.6600036621094,261.489990234375,262.0299987792969,230.9142303466797,2156300
2019-08-22,262.7099914550781,263.82000732421875,260.95001220703125,262.5599975585937,231.3813323974609,2329200
2019-08-23,261.2699890136719,263.19000244140625,255.0399932861328,256.2900085449219,225.85592651367188,6293900
2019-08-26,259.0,259.4200134277344,257.17999267578125,259.1000061035156,228.33221435546875,3145200
2019-08-27,260.510009765625,260.5599975585937,257.239990234375,257.79998779296875,227.18658447265625,3077200
2019-08-28,257.0199890136719,260.4599914550781,256.3399963378906,260.3900146484375,229.46905517578125,2741700
2019-08-29,262.94000244140625,264.239990234375,262.0,263.8999938964844,232.562255859375,3740600
2019-08-30,265.2699890136719,265.3999938964844,263.1700134277344,264.1300048828125,232.76483154296875,2442400
2019-09-03,262.07000732421875,262.20001220703125,260.0299987792969,261.4200134277344,230.37669372558597,3082900
2019-09-04,263.5799865722656,263.95001220703125,262.7699890136719,263.92999267578125,232.58868408203125,1963100
2019-09-05,266.7300109863281,268.7099914550781,266.70001220703125,267.67999267578125,235.89329528808597,3614800
2019-09-06,268.07000732421875,268.94000244140625,267.4100036621094,268.32000732421875,236.45736694335935,2470100
2019-09-09,268.8500061035156,269.3999938964844,268.0299987792969,268.79998779296875,236.8802490234375,2243400
2019-09-10,268.4800109863281,269.4200134277344,267.54998779296875,269.3900146484375,237.40032958984372,2654300
2019-09-11,269.7200012207031,271.739990234375,269.2200012207031,271.69000244140625,239.427001953125,1899800
2019-09-12,272.6199951171875,273.44000244140625,271.4599914550781,272.32000732421875,239.9822235107422,3272200
2019-09-13,273.0199890136719,273.2799987792969,272.4599914550781,272.6000061035156,240.2291259765625,2182700
2019-09-16,271.6000061035156,272.2099914550781,270.79998779296875,271.1700134277344,238.96896362304688,4077500
2019-09-17,270.5899963378906,271.5799865722656,270.3699951171875,271.5599975585937,239.31253051757807,1756200
2019-09-18,271.239990234375,272.1300048828125,269.4800109863281,271.9700012207031,239.67388916015625,3052600
2019-09-19,272.4700012207031,273.20001220703125,271.1300048828125,271.4200134277344,239.1892242431641,2965600
2019-09-20,271.3900146484375,271.760009765625,269.0899963378906,269.25,237.84381103515625,4076900
2019-09-23,268.25,269.9700012207031,268.07000732421875,269.3599853515625,237.94107055664065,1898300
2019-09-24,270.4200134277344,270.6099853515625,266.8800048828125,267.9700012207031,236.71316528320312,3733300
2019-09-25,268.3999938964844,270.1300048828125,267.4200134277344,269.5799865722656,238.1353912353516,3391800
2019-09-26,270.010009765625,270.010009765625,267.8999938964844,268.8800048828125,237.5170440673828,2401100
2019-09-27,269.5799865722656,269.9700012207031,267.0,267.989990234375,236.73074340820312,3171000
2019-09-30,268.510009765625,269.8299865722656,268.510009765625,269.17999267578125,237.78211975097656,2128800
2019-10-01,269.760009765625,270.2900085449219,265.45001220703125,265.5,234.53126525878903,3558400
2019-10-02,264.0599975585937,264.0599975585937,259.57000732421875,260.7200012207031,230.3087615966797,6690100
2019-10-03,260.3099975585937,262.0299987792969,257.3800048828125,262.010009765625,231.4483642578125,5610300
2019-10-04,262.8800048828125,265.8500061035156,262.7200012207031,265.6600036621094,234.672607421875,2937500
2019-10-07,264.9200134277344,266.5,264.19000244140625,264.739990234375,233.85986328125,2104200
2019-10-08,262.6400146484375,264.2099914550781,261.3500061035156,261.5799865722656,231.0685272216797,3505200
2019-10-09,263.44000244140625,264.239990234375,262.4800109863281,263.42999267578125,232.70274353027344,2020800
2019-10-10,263.2300109863281,266.0299987792969,263.1099853515625,265.010009765625,234.09844970703125,2100800
2019-10-11,267.7699890136719,270.1400146484375,267.6199951171875,268.1600036621094,236.8809356689453,4177000
2019-10-14,267.6000061035156,268.7300109863281,267.44000244140625,267.8599853515625,236.61590576171875,1194600
2019-10-15,269.1199951171875,271.19000244140625,268.8599853515625,270.2200012207031,238.70074462890625,3168900
2019-10-16,269.7900085449219,270.5599975585937,269.3999938964844,270.0799865722656,238.57696533203125,2415000
2019-10-17,270.6700134277344,271.1499938964844,269.7099914550781,270.3800048828125,238.842041015625,1883400
2019-10-18,269.6099853515625,275.0,267.6199951171875,267.6400146484375,236.57296752929688,2232400
2019-10-21,268.0599975585937,268.3699951171875,267.3999938964844,268.2099914550781,237.07687377929688,1379600
2019-10-22,268.4800109863281,269.3800048828125,267.760009765625,267.82000732421875,236.7321319580078,2534300
2019-10-23,268.1199951171875,268.8999938964844,267.3599853515625,268.239990234375,237.1034698486328,1693400
2019-10-24,269.0199890136719,269.1199951171875,267.0599975585937,267.9800109863281,236.87356567382807,1843700
2019-10-25,267.7200012207031,270.1199951171875,267.6300048828125,269.6000061035156,238.30552673339844,1825200
2019-10-28,270.7799987792969,271.5799865722656,270.19000244140625,270.8099975585937,239.37503051757807,1809600
2019-10-29,270.4700012207031,271.6000061035156,270.3099975585937,270.8699951171875,239.42796325683597,2884600
2019-10-30,270.8699951171875,271.989990234375,269.8800048828125,271.739990234375,240.19708251953125,2144700
2019-10-31,271.57000732421875,271.6600036621094,269.07000732421875,270.4800109863281,239.08335876464844,3021000
2019-11-01,271.8599853515625,273.3399963378906,271.69000244140625,273.3399963378906,241.61134338378903,2989400
2019-11-04,274.7300109863281,275.04998779296875,273.9599914550781,274.54998779296875,242.6808319091797,1543200
2019-11-05,275.0799865722656,275.510009765625,274.42999267578125,274.8099975585937,242.91079711914065,1706300
2019-11-06,275.0199890136719,275.2099914550781,273.989990234375,274.79998779296875,242.9019317626953,1605900
2019-11-07,276.5599975585937,278.04998779296875,276.5599975585937,277.04998779296875,244.8908233642578,3023800
2019-11-08,277.1600036621094,277.239990234375,276.04998779296875,277.07000732421875,244.90843200683597,1512000
2019-11-11,275.7900085449219,277.4100036621094,275.3900146484375,277.1600036621094,244.98797607421875,1729000
2019-11-12,277.42999267578125,277.989990234375,276.6400146484375,277.2900085449219,245.10292053222656,1694000
2019-11-13,276.3399963378906,278.3999938964844,276.1700134277344,278.04998779296875,245.77462768554688,2595600
2019-11-14,277.8800048828125,278.32000732421875,277.0899963378906,278.2300109863281,245.9337921142578,1582600
2019-11-15,278.8699951171875,279.95001220703125,278.5,279.94000244140625,247.9033966064453,2363300
2019-11-18,279.760009765625,280.3599853515625,279.6099853515625,280.2699890136719,248.1954803466797,1790500
2019-11-19,280.8299865722656,280.8399963378906,278.8699951171875,279.3299865722656,247.36309814453125,1928300
2019-11-20,278.6400146484375,278.8999938964844,276.7200012207031,278.20001220703125,246.36241149902344,2463600
2019-11-21,278.3299865722656,278.4200134277344,277.1600036621094,277.7200012207031,245.93728637695312,1382100
2019-11-22,278.3800048828125,279.0299987792969,277.7900085449219,278.8599853515625,246.9468536376953,1419300
2019-11-25,279.67999267578125,280.8099975585937,279.6400146484375,280.79998779296875,248.6647186279297,1811100
2019-11-26,281.07000732421875,281.5799865722656,280.6099853515625,281.3599853515625,249.16058349609372,1300300
2019-11-27,281.6099853515625,281.9100036621094,281.010009765625,281.9100036621094,249.6477813720703,1786300
2019-11-29,281.29998779296875,281.57000732421875,280.8399963378906,280.95001220703125,248.7976837158203,811900
2019-12-02,281.45001220703125,281.489990234375,278.20001220703125,278.20001220703125,246.36241149902344,2544300
2019-12-03,275.42999267578125,275.6400146484375,273.6199951171875,275.510009765625,243.98013305664065,3834300
2019-12-04,277.0,277.760009765625,276.6099853515625,277.04998779296875,245.34402465820312,1928500
2019-12-05,277.8599853515625,277.8599853515625,276.1499938964844,277.3599853515625,245.61846923828125,1453000
2019-12-06,279.45001220703125,280.94000244140625,279.3900146484375,280.70001220703125,248.5762481689453,2686400
2019-12-09,280.44000244140625,280.7200012207031,279.70001220703125,279.760009765625,247.74383544921875,1206100
2019-12-10,279.69000244140625,280.1400146484375,278.6300048828125,279.4599914550781,247.4781646728516,1406900
2019-12-11,279.1300048828125,279.8999938964844,278.6499938964844,279.7200012207031,247.70852661132807,1921700
2019-12-12,279.5199890136719,282.95001220703125,279.239990234375,281.95001220703125,249.68316650390625,3768600
2019-12-13,281.92999267578125,283.6099853515625,281.0,282.1099853515625,249.82485961914065,3065500
2019-12-16,282.92999267578125,284.1099853515625,282.92999267578125,283.07000732421875,250.6751708984375,2117200
2019-12-17,283.19000244140625,284.0,282.9100036621094,283.3999938964844,250.9674224853516,1697900
2019-12-18,283.7900085449219,283.9100036621094,283.1499938964844,283.2099914550781,250.79904174804688,1592600
2019-12-19,283.6499938964844,284.5400085449219,283.57000732421875,284.4599914550781,251.9060211181641,1815100
2019-12-20,284.760009765625,285.0599975585937,284.32000732421875,284.4599914550781,252.67526245117188,3637000
2019-12-23,285.3399963378906,285.6600036621094,285.1499938964844,285.3299865722656,253.4480133056641,2564700
2019-12-24,285.6300048828125,285.6300048828125,284.8699951171875,285.010009765625,253.16392517089844,611600
2019-12-26,285.2300109863281,286.1000061035156,285.20001220703125,286.0599975585937,254.0964813232422,931600
2019-12-27,286.8299865722656,286.8500061035156,285.8999938964844,286.3299865722656,254.33628845214844,1930200
2019-12-30,286.3399963378906,286.4100036621094,284.1199951171875,284.5299987792969,252.73741149902344,2552900
2019-12-31,283.9100036621094,285.3099975585937,283.5599975585937,285.1000061035156,253.2437896728516,1341300
2020-01-02,286.44000244140625,288.6300048828125,286.1499938964844,288.6199951171875,256.3704528808594,3865500
2020-01-03,285.3399963378906,287.1099853515625,285.17999267578125,286.32000732421875,254.327392578125,3296700
2020-01-06,284.2900085449219,287.0299987792969,284.1600036621094,286.9800109863281,254.91363525390625,1645100
2020-01-07,286.29998779296875,286.7900085449219,285.5799865722656,285.739990234375,253.81231689453125,1413000
2020-01-08,285.32000732421875,288.6700134277344,285.0799865722656,287.3999938964844,255.28662109375,3136700
2020-01-09,288.95001220703125,289.8399963378906,288.42999267578125,289.5599975585937,257.2055053710937,1783100
2020-01-10,289.9599914550781,290.0400085449219,287.8399963378906,288.239990234375,256.03289794921875,2989600
2020-01-13,288.7900085449219,289.0799865722656,288.1400146484375,289.0199890136719,256.7257080078125,1463300
2020-01-14,288.8699951171875,290.489990234375,288.7200012207031,289.2200012207031,256.9033203125,2198500
2020-01-15,289.010009765625,291.239990234375,288.95001220703125,290.3500061035156,257.906982421875,2195100
2020-01-16,291.6300048828125,292.9700012207031,291.4700012207031,292.92999267578125,260.1988220214844,2522000
2020-01-17,293.5199890136719,293.6099853515625,292.7900085449219,293.2699890136719,260.6235046386719,2147400
2020-01-21,292.44000244140625,293.2799987792969,291.3699951171875,291.8299865722656,259.3438720703125,4476900
2020-01-22,292.5,293.07000732421875,291.5799865722656,291.8099975585937,259.32598876953125,2077000
2020-01-23,290.75,291.8599853515625,289.6000061035156,291.5400085449219,259.08612060546875,1872600
2020-01-24,292.5400085449219,292.7699890136719,288.3399963378906,289.79998779296875,257.53985595703125,3612500
2020-01-27,284.8500061035156,286.6499938964844,283.8599853515625,285.3599853515625,253.5940704345703,4129100
2020-01-28,286.2200012207031,288.19000244140625,285.75,287.2900085449219,255.3093719482422,2999200
2020-01-29,288.989990234375,289.2799987792969,287.2099914550781,287.2900085449219,255.3093719482422,2126300
2020-01-30,285.6700134277344,288.7699890136719,284.8500061035156,288.5400085449219,256.42022705078125,3433200
2020-01-31,286.9599914550781,287.2300109863281,281.6099853515625,282.4200134277344,250.9813537597656,4885700
2020-02-03,283.69000244140625,286.260009765625,283.5,283.9800109863281,252.3677978515625,3157400
2020-02-04,287.67999267578125,289.0,287.4200134277344,288.0400085449219,255.97581481933597,3004100
2020-02-05,290.760009765625,293.0400085449219,289.95001220703125,292.8599853515625,260.2592163085937,3305900
2020-02-06,294.0199890136719,294.1400146484375,292.45001220703125,293.739990234375,261.0413513183594,2857200
2020-02-07,292.760009765625,292.8099975585937,290.6600036621094,291.19000244140625,258.7752380371094,3839300
2020-02-10,290.20001220703125,292.9599914550781,290.1600036621094,292.95001220703125,260.3392333984375,2877700
2020-02-11,294.3500061035156,294.4200134277344,292.2799987792969,292.94000244140625,260.3303527832031,1994500
2020-02-12,294.6300048828125,295.8699951171875,294.5299987792969,295.7200012207031,262.8008728027344,2804400
2020-02-13,294.3900146484375,295.8399963378906,293.9200134277344,294.82000732421875,262.0010681152344,2638000
2020-02-14,294.9700012207031,295.1300048828125,293.3999938964844,294.5400085449219,261.75225830078125,1861700
2020-02-18,293.1499938964844,293.8800048828125,291.760009765625,292.95001220703125,260.3392333984375,2397800
2020-02-19,293.7699890136719,294.7200012207031,293.3900146484375,294.1000061035156,261.36114501953125,1474400
2020-02-20,293.5599975585937,294.2900085449219,290.1700134277344,292.7799987792969,260.1881408691406,3493900
2020-02-21,290.79998779296875,291.04998779296875,288.75,289.739990234375,258.1955261230469,3271800
2020-02-24,280.3299865722656,282.7799987792969,278.9700012207031,279.5599975585937,249.12403869628903,6595200
2020-02-25,280.79998779296875,281.3599853515625,269.8800048828125,270.70001220703125,241.2283935546875,9903700
2020-02-26,271.989990234375,275.3099975585937,268.8299865722656,269.739990234375,240.37294006347656,7477600
2020-02-27,264.8599853515625,267.7300109863281,257.3900146484375,257.5,229.4655914306641,11188900
2020-02-28,250.5200042724609,255.1199951171875,247.0,254.55999755859372,226.8456115722656,17541400
2020-03-02,256.7099914550781,267.25,254.05999755859372,267.0299987792969,237.9579315185547,8544500
2020-03-03,267.79998779296875,271.0199890136719,257.17999267578125,259.29998779296875,231.0697021484375,11482600
2020-03-04,265.45001220703125,271.1099853515625,262.9599914550781,270.8900146484375,241.3978729248047,5408100
2020-03-05,264.2699890136719,266.5299987792969,259.5599975585937,261.4599914550781,232.99444580078125,5872900
2020-03-06,253.6699981689453,260.1000061035156,252.42999267578125,258.8500061035156,230.668701171875,7372400
2020-03-09,241.5,247.07000732421875,237.1699981689453,238.72000122070312,212.7301788330078,10406900
2020-03-10,247.2899932861328,250.5399932861328,237.08999633789065,250.47000122070312,223.20098876953125,9407100
2020-03-11,243.5399932861328,244.91000366210935,233.6000061035156,235.83999633789065,210.16372680664065,7687200
2020-03-12,220.5,229.0,211.8300018310547,212.1100006103516,189.0172576904297,17322600
2020-03-13,225.6499938964844,232.47999572753903,213.2899932861328,232.1100006103516,206.8398284912109,13676000
2020-03-16,206.5,218.30999755859372,201.50999450683597,202.4900054931641,180.4446563720703,12407000
2020-03-17,207.00999450683597,214.47000122070312,199.3500061035156,213.47000122070312,190.22921752929688,16128100
2020-03-18,199.07000732421875,205.44000244140625,189.6699981689453,199.38999938964844,177.6820831298828,13369800
2020-03-19,198.3699951171875,204.97999572753903,192.32000732421875,201.30999755859372,179.39309692382812,13532100
2020-03-20,203.2899932861328,205.2899932861328,191.0,191.8999938964844,171.52047729492188,12206000
2020-03-23,190.1300048828125,191.1999969482422,182.1000061035156,186.1300048828125,166.36326599121094,15712300
2020-03-24,196.2700042724609,207.2100067138672,196.2100067138672,206.63999938964844,184.69505310058597,14123600
2020-03-25,210.57000732421875,220.1699981689453,205.32000732421875,212.05999755859372,189.53948974609372,17556100
2020-03-26,214.42999267578125,225.8699951171875,214.00999450683597,225.07000732421875,201.1678771972656,16071900
2020-03-27,217.6100006103516,223.25999450683597,214.57000732421875,216.3500061035156,193.37387084960935,10545600
2020-03-30,217.3600006103516,223.72000122070312,215.1000061035156,223.1000061035156,199.4071044921875,7691800
2020-03-31,221.9499969482422,224.75,218.44000244140625,219.22999572753903,195.94808959960935,8426600
2020-04-01,210.6499938964844,214.77999877929688,207.7700042724609,209.3800048828125,187.14410400390625,8570300
2020-04-02,208.30999755859372,214.7899932861328,207.17999267578125,213.9600067138672,191.23780822753903,8231900
2020-04-03,212.72999572753903,214.5500030517578,208.69000244140625,210.6000061035156,188.23455810546875,6664500
2020-04-06,218.9499969482422,227.91000366210935,218.1199951171875,226.52999877929688,202.47280883789065,10322500
2020-04-07,235.4600067138672,236.16000366210935,226.4499969482422,226.6000061035156,202.53533935546875,10857700
2020-04-08,229.13999938964844,235.25,226.83999633789065,234.3300018310547,209.4445037841797,7010200
2020-04-09,237.83999633789065,240.19000244140625,235.1100006103516,237.13999938964844,211.95606994628903,9393200
2020-04-13,236.41000366210935,236.69000244140625,230.9600067138672,233.9600067138672,209.11376953125,6761900
2020-04-14,238.6999969482422,240.47000122070312,236.8800048828125,239.67999267578125,214.22630310058597,5391900
2020-04-15,234.47999572753903,236.5800018310547,232.38999938964844,235.0800018310547,210.1148681640625,6828000
2020-04-16,235.6999969482422,236.05999755859372,232.17999267578125,235.33999633789065,210.34722900390625,6126400
2020-04-17,241.6000061035156,242.66000366210935,238.25,242.42999267578125,216.80404663085935,5924500
2020-04-20,238.2400054931641,241.1100006103516,236.25999450683597,236.63999938964844,211.6260223388672,7357400
2020-04-21,231.3300018310547,233.33999633789065,229.41000366210935,230.22000122070312,205.88465881347656,6571400
2020-04-22,234.3999938964844,236.2700042724609,233.38999938964844,234.7700042724609,209.9537353515625,4318000
2020-04-23,235.50999450683597,238.9199981689453,234.8300018310547,235.07000732421875,210.22201538085935,6364800
2020-04-24,236.6100006103516,238.3300018310547,234.1999969482422,237.8300018310547,212.69024658203125,3568500
2020-04-27,239.1199951171875,242.19000244140625,238.4499969482422,241.32000732421875,215.81134033203125,3632500
2020-04-28,245.00999450683597,245.16000366210935,240.3600006103516,241.08999633789065,215.60565185546875,4709900
2020-04-29,245.47999572753903,247.6699981689453,244.1999969482422,246.4499969482422,220.3990478515625,5015300
2020-04-30,244.1999969482422,245.1699981689453,241.91000366210935,243.22000122070312,217.51046752929688,4928900
2020-05-01,239.5800018310547,240.3300018310547,236.5,237.27999877929688,212.1984100341797,4723500
2020-05-04,235.2100067138672,237.75,233.63999938964844,237.4199981689453,212.3236846923828,3845500
2020-05-05,240.0200042724609,241.7400054931641,238.6999969482422,238.8000030517578,213.55772399902344,3143500
2020-05-06,240.33999633789065,240.5399932861328,236.6000061035156,236.8600006103516,211.82276916503903,3082300
2020-05-07,239.2400054931641,241.17999267578125,238.5500030517578,238.91000366210935,213.6562042236328,3411500
2020-05-08,242.2700042724609,243.8000030517578,241.33999633789065,243.6199951171875,217.8682403564453,3894800
2020-05-11,241.67999267578125,243.94000244140625,241.0,242.55999755859372,216.92030334472656,2743000
2020-05-12,243.80999755859372,244.13999938964844,237.94000244140625,238.0800018310547,212.9138336181641,6433900
2020-05-13,236.9600067138672,237.5,231.0200042724609,232.82000732421875,208.20985412597656,7531300
2020-05-14,230.0800018310547,236.75999450683597,228.3000030517578,236.75,211.72439575195312,6964500
2020-05-15,234.16000366210935,237.25,233.41000366210935,236.91000366210935,212.28175354003903,4811100
2020-05-18,243.50999450683597,247.1999969482422,243.3600006103516,245.92999267578125,220.3641357421875,5207700
2020-05-19,245.4499969482422,246.0200042724609,242.07000732421875,242.22000122070312,217.0396728515625,4404700
2020-05-20,245.3999938964844,246.5800018310547,244.72999572753903,245.72999572753903,220.1848602294922,3280600
2020-05-21,245.5500030517578,247.3800048828125,243.8800048828125,245.0200042724609,219.5487060546875,3378200
2020-05-22,244.91000366210935,245.1000061035156,243.1699981689453,244.8800048828125,219.4232482910156,2521100
2020-05-26,250.83999633789065,252.0200042724609,249.8800048828125,250.25,224.2349853515625,4872300
2020-05-27,253.72999572753903,255.7899932861328,250.3300018310547,255.7700042724609,229.18116760253903,5326100
2020-05-28,257.8699951171875,257.94000244140625,253.88999938964844,254.3500061035156,227.90875244140625,4957600
2020-05-29,253.2700042724609,255.32000732421875,250.67999267578125,254.2899932861328,227.85508728027344,5082300
2020-06-01,253.77999877929688,255.5500030517578,252.6999969482422,255.2700042724609,228.7331085205078,2060800
2020-06-02,256.54998779296875,257.9200134277344,255.7100067138672,257.8500061035156,231.0450134277344,3045800
2020-06-03,260.3500061035156,264.0,259.6600036621094,263.1700134277344,235.8118896484375,5184500
2020-06-04,262.3699951171875,264.42999267578125,261.3900146484375,263.3299865722656,235.9552154541016,3937100
2020-06-05,270.3999938964844,273.95001220703125,269.7900085449219,271.5400085449219,243.31173706054688,7866800
2020-06-08,272.8999938964844,276.3800048828125,272.8999938964844,276.2799987792969,247.55905151367188,4667600
2020-06-09,273.239990234375,275.0199890136719,272.1300048828125,273.3800048828125,244.9604339599609,4632600
2020-06-10,273.20001220703125,274.17999267578125,270.010009765625,270.4599914550781,242.3440704345703,6531200
2020-06-11,262.1400146484375,263.510009765625,251.3800048828125,252.02999877929688,225.82994079589844,14257800
2020-06-12,259.0,260.32000732421875,251.42999267578125,256.739990234375,230.05029296875,9817200
2020-06-15,250.2899932861328,259.6000061035156,249.1000061035156,258.3500061035156,231.4929351806641,7421300
2020-06-16,267.0899963378906,267.1400146484375,258.69000244140625,263.82000732421875,236.39442443847656,9238000
2020-06-17,264.6099853515625,264.70001220703125,261.260009765625,261.82000732421875,234.60223388671875,3669300
2020-06-18,260.0400085449219,262.260009765625,259.1099853515625,261.45001220703125,234.27061462402344,3268700
2020-06-19,264.2099914550781,264.4599914550781,257.6099853515625,258.79998779296875,232.56597900390625,5852600
2020-06-22,257.8800048828125,260.5799865722656,256.67999267578125,260.32000732421875,233.9319610595703,2823500
2020-06-23,262.8299865722656,263.1499938964844,261.0199890136719,261.5,234.9922790527344,2948000
2020-06-24,259.2200012207031,259.5199890136719,252.94000244140625,254.6300048828125,228.81866455078125,5903500
2020-06-25,253.33999633789065,257.7099914550781,252.05999755859372,257.44000244140625,231.3438720703125,4312300
2020-06-26,255.6499938964844,256.04998779296875,249.6999969482422,250.3800048828125,224.99945068359372,5331400
2020-06-29,252.17999267578125,256.1199951171875,250.9499969482422,255.91000366210935,229.9689178466797,3759000
2020-06-30,255.07000732421875,259.04998779296875,254.72000122070312,257.8699951171875,231.73028564453125,3667900
2020-07-01,258.8699951171875,260.260009765625,257.1400146484375,257.3099975585937,231.2270050048828,3575300
2020-07-02,261.1499938964844,262.1700134277344,257.8800048828125,258.4200134277344,232.2245178222656,3830000
2020-07-06,262.1600036621094,263.04998779296875,260.8699951171875,263.0,236.3402404785156,2989100
2020-07-07,261.1000061035156,261.8500061035156,258.7799987792969,259.0400085449219,232.7816162109375,2828700
2020-07-08,259.6400146484375,261.19000244140625,258.25,260.7200012207031,234.29135131835935,2837800
2020-07-09,260.8699951171875,261.19000244140625,255.3500061035156,257.239990234375,231.16409301757807,3995600
2020-07-10,257.20001220703125,261.1600036621094,256.4599914550781,260.82000732421875,234.3811798095703,3110100
2020-07-13,263.0599975585937,266.5199890136719,260.5799865722656,261.0400085449219,234.5789794921875,4876000
2020-07-14,260.5400085449219,267.04998779296875,260.1000061035156,266.5899963378906,239.5663909912109,7614300
2020-07-15,270.4700012207031,270.5400085449219,267.04998779296875,268.9100036621094,241.6510772705078,5220600
2020-07-16,267.1600036621094,268.92999267578125,266.0199890136719,267.4700012207031,240.3570556640625,2478100
2020-07-17,267.95001220703125,268.07000732421875,266.1700134277344,266.739990234375,239.890380859375,3415100
2020-07-20,266.3900146484375,267.6400146484375,265.0299987792969,266.82000732421875,239.96237182617188,4017400
2020-07-21,268.82000732421875,270.2699890136719,267.6499938964844,268.3399963378906,241.32933044433597,3173200
2020-07-22,267.82000732421875,270.3500061035156,267.7699890136719,269.9800109863281,242.8042449951172,2039300
2020-07-23,269.6400146484375,269.7799987792969,265.6199951171875,266.69000244140625,239.84542846679688,2838000
2020-07-24,265.1499938964844,266.3399963378906,264.04998779296875,264.69000244140625,238.0467529296875,2637700
2020-07-27,264.7699890136719,266.3099975585937,264.3500061035156,265.95001220703125,239.17990112304688,2637900
2020-07-28,264.9200134277344,265.6099853515625,263.6300048828125,263.92999267578125,237.36325073242188,1989300
2020-07-29,264.19000244140625,266.07000732421875,263.79998779296875,265.5,238.77517700195312,1917900
2020-07-30,262.4800109863281,263.82000732421875,259.94000244140625,263.2799987792969,236.77859497070312,3055600
2020-07-31,263.760009765625,264.489990234375,260.17999267578125,264.3500061035156,237.7410125732422,3306800
2020-08-03,265.6700134277344,267.1499938964844,265.3500061035156,266.7200012207031,239.87229919433597,2569300
2020-08-04,266.2900085449219,268.4200134277344,266.0299987792969,268.4100036621094,241.3922882080078,1909800
2020-08-05,269.989990234375,272.2699890136719,269.8999938964844,272.0,244.62098693847656,2122900
2020-08-06,271.6300048828125,274.0299987792969,271.57000732421875,273.8999938964844,246.32962036132807,1948100
2020-08-07,273.2300109863281,274.82000732421875,272.4800109863281,274.6199951171875,246.97711181640625,2311300
2020-08-10,275.510009765625,278.2799987792969,275.4800109863281,278.1400146484375,250.14291381835935,2313900
2020-08-11,280.8999938964844,281.7799987792969,276.4700012207031,277.19000244140625,249.2884521484375,4546400
2020-08-12,279.8399963378906,280.739990234375,278.7200012207031,280.0400085449219,251.8516082763672,2641600
2020-08-13,279.1300048828125,280.2200012207031,278.2300109863281,279.4200134277344,251.2940368652344,1668300
2020-08-14,278.2300109863281,280.1600036621094,277.8999938964844,279.79998779296875,251.63580322265625,2247000
2020-08-17,280.1400146484375,280.25,278.5,278.95001220703125,250.87139892578125,2436900
2020-08-18,279.1000061035156,279.3699951171875,277.1099853515625,278.20001220703125,250.19680786132807,1678300
2020-08-19,278.67999267578125,279.739990234375,276.9700012207031,277.42999267578125,249.50428771972656,3374300
2020-08-20,276.0400085449219,278.3399963378906,275.8699951171875,277.8699951171875,249.8998565673828,2063700
2020-08-21,277.0400085449219,279.6099853515625,276.8599853515625,279.2900085449219,251.72427368164065,2601200
2020-08-24,281.7200012207031,283.25,280.4700012207031,283.17999267578125,255.230224609375,2622800
2020-08-25,284.2300109863281,284.2300109863281,281.0199890136719,282.6199951171875,254.7256622314453,3346000
2020-08-26,282.6099853515625,283.6099853515625,281.57000732421875,283.42999267578125,255.4556579589844,2647500
2020-08-27,284.44000244140625,286.45001220703125,283.67999267578125,285.0400085449219,256.90673828125,3432800
2020-08-28,286.2300109863281,287.45001220703125,285.0,286.70001220703125,258.4029541015625,2715500
2020-08-31,286.260009765625,286.3399963378906,283.8900146484375,284.2799987792969,256.2217102050781,4070100
2020-09-01,283.7300109863281,286.92999267578125,283.1700134277344,286.7900085449219,258.4840087890625,3023600
2020-09-02,288.0799865722656,292.0599975585937,287.6000061035156,291.2099914550781,262.4677429199219,3464300
2020-09-03,290.9700012207031,292.3599853515625,281.1000061035156,283.3399963378906,255.37457275390625,6118500
2020-09-04,284.9100036621094,285.7900085449219,277.010009765625,281.7699890136719,253.95947265625,7145800
2020-09-08,278.82000732421875,278.8299865722656,275.010009765625,275.4200134277344,248.23619079589844,4780100
2020-09-09,278.0899963378906,282.489990234375,277.3900146484375,279.8500061035156,252.22906494140625,3488900
2020-09-10,281.1300048828125,282.1700134277344,274.8500061035156,275.7900085449219,248.5697326660156,3455800
2020-09-11,276.95001220703125,278.82000732421875,274.9599914550781,277.0899963378906,249.7412872314453,2787500
2020-09-14,278.9200134277344,281.42999267578125,278.6700134277344,280.5299987792969,252.8418426513672,2371700
2020-09-15,282.4200134277344,282.8999938964844,279.8800048828125,280.5799865722656,252.88694763183597,2331800
2020-09-16,281.5400085449219,284.2300109863281,280.7799987792969,281.0299987792969,253.2924041748047,2651800
2020-09-17,277.69000244140625,281.1499938964844,277.0899963378906,279.57000732421875,251.9766998291016,3305300
2020-09-18,279.0199890136719,279.3999938964844,274.7699890136719,276.5199890136719,249.82369995117188,3156700
2020-09-21,271.5799865722656,272.1700134277344,267.04998779296875,271.44000244140625,245.2340545654297,5936900
2020-09-22,271.6700134277344,273.239990234375,269.7900085449219,272.8099975585937,246.47186279296875,3169800
2020-09-23,274.17999267578125,274.5899963378906,267.0799865722656,267.5799865722656,241.74679565429688,3575900
2020-09-24,266.8599853515625,270.8800048828125,265.2699890136719,268.1000061035156,242.2166290283203,4432100
2020-09-25,266.760009765625,272.3099975585937,266.2300109863281,271.70001220703125,245.46902465820312,3606800
2020-09-28,275.260009765625,277.1199951171875,274.7200012207031,275.8999938964844,249.2635803222656,2790200
2020-09-29,275.6000061035156,275.9800109863281,273.2900085449219,274.4200134277344,247.9265289306641,1971100
2020-09-30,275.0,280.1700134277344,275.0,277.5,250.7091217041016,4028500
2020-10-01,279.3299865722656,280.3500061035156,276.57000732421875,278.1400146484375,251.2873077392578,2968000
2020-10-02,274.1700134277344,278.510009765625,273.6000061035156,276.79998779296875,250.07659912109372,4771600
2020-10-05,278.7900085449219,281.5899963378906,278.75,281.510009765625,254.3318023681641,1862500
2020-10-06,282.5400085449219,283.5199890136719,277.239990234375,277.7200012207031,250.9079132080078,4364400
2020-10-07,280.2799987792969,283.6700134277344,280.2300109863281,282.9200134277344,255.6058349609375,2422600
2020-10-08,284.5199890136719,284.67999267578125,282.69000244140625,284.2900085449219,256.8434143066406,2148000
2020-10-09,285.6099853515625,286.8099975585937,284.4100036621094,285.92999267578125,258.32525634765625,2549100
2020-10-12,286.95001220703125,289.6099853515625,286.67999267578125,288.4599914550781,260.61090087890625,2534800
2020-10-13,287.6600036621094,288.1099853515625,286.0199890136719,286.739990234375,259.0570068359375,2430600
2020-10-14,287.2200012207031,287.95001220703125,284.5799865722656,285.1300048828125,257.6024169921875,2264000
2020-10-15,282.0299987792969,285.3999938964844,281.6600036621094,285.0400085449219,257.5210876464844,3128000
2020-10-16,286.239990234375,288.3699951171875,285.8900146484375,285.9700012207031,258.4674987792969,2409300
2020-10-19,286.6400146484375,287.0599975585937,281.2799987792969,282.0299987792969,254.90635681152344,2837600
2020-10-20,283.1600036621094,285.6600036621094,282.25,282.95001220703125,255.7378692626953,3339000
2020-10-21,282.5400085449219,284.4700012207031,281.8299865722656,281.9700012207031,254.85211181640625,2907100
2020-10-22,282.1000061035156,284.1600036621094,280.29998779296875,283.6499938964844,256.3705139160156,2324200
2020-10-23,284.45001220703125,284.5400085449219,281.510009765625,283.3399963378906,256.0904541015625,2161000
2020-10-26,280.1400146484375,280.3900146484375,273.70001220703125,277.0,250.36016845703125,5140600
2020-10-27,276.95001220703125,277.07000732421875,274.6000061035156,274.6600036621094,248.2451629638672,3029800
2020-10-28,269.0,270.75,265.0199890136719,265.4800109863281,239.9480133056641,5815200
2020-10-29,265.1300048828125,268.94000244140625,262.8099975585937,266.5899963378906,240.9512634277344,5479400
2020-10-30,265.0299987792969,266.32000732421875,261.4100036621094,265.0599975585937,239.56838989257807,5271200
2020-11-02,268.8999938964844,270.5,266.92999267578125,269.20001220703125,243.31027221679688,5062900
2020-11-03,272.6600036621094,276.42999267578125,272.20001220703125,274.6499938964844,248.23606872558597,4343000
2020-11-04,275.8999938964844,283.0599975585937,275.5599975585937,278.510009765625,251.7249298095703,6766400
2020-11-05,282.2900085449219,284.9599914550781,282.07000732421875,283.9100036621094,256.60546875,4316200
2020-11-06,283.95001220703125,284.3800048828125,281.8900146484375,283.2200012207031,255.9819183349609,3078200
2020-11-09,298.6099853515625,299.489990234375,291.3900146484375,291.7200012207031,263.6644592285156,10839300
2020-11-10,293.29998779296875,294.9599914550781,291.3999938964844,294.510009765625,266.1860656738281,4354500
2020-11-11,296.07000732421875,296.1400146484375,292.92999267578125,294.1099853515625,265.8245849609375,2910400
2020-11-12,292.2200012207031,293.32000732421875,289.19000244140625,291.04998779296875,263.0589294433594,4361900
2020-11-13,292.9700012207031,295.9200134277344,292.4200134277344,295.1499938964844,266.7645568847656,3090400
2020-11-16,299.2799987792969,300.0799865722656,297.57000732421875,299.9800109863281,271.13006591796875,4615000
2020-11-17,297.3099975585937,299.1499938964844,295.6000061035156,298.3099975585937,269.62060546875,4049200
2020-11-18,299.20001220703125,299.75,294.760009765625,294.760009765625,266.4119873046875,3566400
2020-11-19,294.0599975585937,295.8099975585937,292.8999938964844,295.3299865722656,266.92730712890625,3266600
2020-11-20,294.2200012207031,294.5899963378906,292.20001220703125,292.5299987792969,264.9815368652344,3090200
2020-11-23,294.260009765625,296.6499938964844,293.4800109863281,295.8900146484375,268.0251770019531,2855600
2020-11-24,298.94000244140625,301.1099853515625,298.29998779296875,300.42999267578125,272.13751220703125,4022700
2020-11-25,299.95001220703125,300.0400085449219,298.04998779296875,298.739990234375,270.6067199707031,2629200
2020-11-27,299.44000244140625,300.20001220703125,298.1700134277344,299.239990234375,271.0596008300781,1518000
2020-11-30,297.5199890136719,297.79998779296875,294.75,296.6199951171875,268.6864318847656,4159300
2020-12-01,299.7300109863281,301.010009765625,298.17999267578125,298.44000244140625,270.3349304199219,2841100
2020-12-02,297.1000061035156,299.3399963378906,296.3500061035156,299.17999267578125,271.0053100585937,2481700
2020-12-03,299.3800048828125,301.3999938964844,299.04998779296875,300.0599975585937,271.8024597167969,3140900
2020-12-04,300.739990234375,302.5899963378906,300.6000061035156,302.5899963378906,274.09423828125,2747300
2020-12-07,301.7699890136719,302.1600036621094,300.0,301.1000061035156,272.7445068359375,2589900
2020-12-08,300.010009765625,302.8699951171875,299.9800109863281,302.20001220703125,273.7409362792969,2205400
2020-12-09,303.2200012207031,303.6000061035156,299.9700012207031,300.8800048828125,272.5451965332031,3074500
2020-12-10,299.989990234375,301.1499938964844,299.20001220703125,300.5400085449219,272.2371520996094,2413000
2020-12-11,299.42999267578125,301.17999267578125,298.67999267578125,300.92999267578125,272.5905456542969,2454300
2020-12-14,303.0199890136719,303.79998779296875,299.0,299.1000061035156,270.9327697753906,3646100
2020-12-15,300.95001220703125,302.94000244140625,299.4800109863281,302.6199951171875,274.1213684082031,4211500
2020-12-16,302.5400085449219,302.8699951171875,301.32000732421875,302.1499938964844,273.6954650878906,1977300
2020-12-17,303.2200012207031,303.7099914550781,302.8500061035156,303.489990234375,274.9094543457031,3002900
2020-12-18,303.07000732421875,303.1400146484375,300.2300109863281,301.8999938964844,274.0000305175781,4442100
2020-12-21,298.7900085449219,302.9700012207031,297.4200134277344,302.1400146484375,274.2178649902344,6340800
2020-12-22,301.8399963378906,301.8800048828125,299.8599853515625,300.07000732421875,272.3390808105469,2698200
2020-12-23,301.20001220703125,302.7900085449219,301.1400146484375,301.2799987792969,273.43719482421875,2714400
2020-12-24,301.6600036621094,302.1000061035156,300.92999267578125,302.0199890136719,274.10888671875,1955700
2020-12-28,303.69000244140625,305.1499938964844,303.3500061035156,304.0,275.90594482421875,2382400
2020-12-29,305.42999267578125,305.70001220703125,302.6400146484375,303.4599914550781,275.4159545898437,2319600
2020-12-30,304.1099853515625,305.1300048828125,303.8599853515625,304.1300048828125,276.0238952636719,2081300
2020-12-31,304.0,306.2900085449219,303.3500061035156,305.7900085449219,277.53057861328125,2797000
2021-01-04,306.5899963378906,306.6600036621094,298.739990234375,302.32000732421875,274.3812255859375,5106600
2021-01-05,301.92999267578125,305.04998779296875,301.3800048828125,303.8399963378906,275.7606811523437,3355200
2021-01-06,303.75,310.239990234375,303.0599975585937,308.2099914550781,279.7267761230469,7290300
2021-01-07,309.7200012207031,311.9800109863281,309.0599975585937,310.5,281.8052062988281,4107900
2021-01-08,311.25,311.42999267578125,307.989990234375,311.0400085449219,282.2952880859375,3234900
2021-01-11,308.489990234375,311.0,308.4200134277344,310.1700134277344,281.5058288574219,2811400
2021-01-12,310.17999267578125,311.25,308.9100036621094,310.739990234375,282.023193359375,2290900
2021-01-13,310.6300048828125,311.6000061035156,309.9200134277344,310.6300048828125,281.9232482910156,1854400
2021-01-14,311.5899963378906,312.2699890136719,309.8900146484375,310.04998779296875,281.3968200683594,3232400
2021-01-15,308.010009765625,309.32000732421875,306.0299987792969,308.1199951171875,279.7606506347656,4009100
2021-01-19,310.3599853515625,310.739990234375,308.6000061035156,309.32000732421875,280.85015869140625,2781700
2021-01-20,310.42999267578125,312.3399963378906,309.94000244140625,311.7699890136719,283.07470703125,2398400
2021-01-21,312.010009765625,312.7099914550781,311.20001220703125,311.8699951171875,283.1654357910156,1930000
2021-01-22,309.8599853515625,311.0199890136719,309.0899963378906,309.9700012207031,281.4403381347656,2049700
2021-01-25,308.989990234375,309.7799987792969,305.6199951171875,309.6499938964844,281.14996337890625,4546400
2021-01-26,310.5400085449219,311.19000244140625,309.2099914550781,309.3900146484375,280.913818359375,2256100
2021-01-27,306.5400085449219,306.7200012207031,302.1000061035156,303.260009765625,275.3480529785156,5743100
2021-01-28,304.9800109863281,309.4200134277344,304.8299865722656,306.07000732421875,277.8994140625,6392100
2021-01-29,303.9200134277344,304.7799987792969,298.5899963378906,299.8099975585937,272.2154541015625,5929900
2021-02-01,302.2799987792969,303.3500061035156,300.1400146484375,302.0199890136719,274.2221069335937,3138600
2021-02-02,304.5400085449219,308.42999267578125,304.5199890136719,306.82000732421875,278.5802917480469,3090500
2021-02-03,306.1000061035156,307.94000244140625,305.17999267578125,307.260009765625,278.9798889160156,2087800
2021-02-04,307.8500061035156,310.6700134277344,307.7699890136719,310.6700134277344,282.0761108398437,2638800
2021-02-05,312.3599853515625,312.54998779296875,310.8699951171875,311.5400085449219,282.8658752441406,1955600
2021-02-08,312.70001220703125,313.8900146484375,312.4100036621094,313.8900146484375,284.99969482421875,1690000
2021-02-09,313.260009765625,314.5,312.57000732421875,313.9200134277344,285.0267333984375,1798700
2021-02-10,315.1700134277344,315.239990234375,312.29998779296875,314.5,285.55340576171875,3048000
2021-02-11,315.0899963378906,315.760009765625,312.79998779296875,314.67999267578125,285.716796875,1937100
2021-02-12,314.2799987792969,315.1400146484375,313.8299865722656,315.0400085449219,286.0437927246094,2479500
2021-02-16,316.3299865722656,316.5400085449219,314.8699951171875,315.5799865722656,286.5339660644531,1836300
2021-02-17,314.69000244140625,316.9100036621094,313.8699951171875,316.6000061035156,287.4599914550781,2007400
2021-02-18,314.75,316.0,313.3800048828125,315.5599975585937,286.5158996582031,2609600
2021-02-19,315.6099853515625,316.3399963378906,314.5799865722656,314.9200134277344,286.48052978515625,2314900
2021-02-22,312.8999938964844,316.489990234375,312.7699890136719,315.2099914550781,286.74432373046875,2978000
2021-02-23,314.7699890136719,316.489990234375,311.6000061035156,315.3900146484375,286.9080505371094,5723400
2021-02-24,314.67999267578125,320.0400085449219,314.17999267578125,319.5299987792969,290.67413330078125,4290300
2021-02-25,319.7099914550781,319.9200134277344,312.9599914550781,313.9800109863281,285.6253662109375,7648600
2021-02-26,314.4200134277344,314.44000244140625,308.7799987792969,309.45001220703125,281.5044250488281,7925600
2021-03-01,313.4800109863281,316.9200134277344,313.45001220703125,315.5899963378906,287.0899658203125,4749700
2021-03-02,315.7200012207031,316.42999267578125,314.010009765625,314.19000244140625,285.8163757324219,4075700
2021-03-03,313.94000244140625,315.8699951171875,312.8299865722656,312.989990234375,284.7245788574219,5148100
2021-03-04,313.19000244140625,314.9200134277344,305.67999267578125,309.5799865722656,281.6226806640625,8577600
2021-03-05,312.5,316.04998779296875,307.8999938964844,315.239990234375,286.7715148925781,7016100
2021-03-08,316.75,321.7300109863281,315.8299865722656,318.25,289.50982666015625,8230700
2021-03-09,319.4700012207031,321.7699890136719,318.44000244140625,318.6099853515625,289.8372802734375,5829900
2021-03-10,320.5299987792969,324.3099975585937,320.4700012207031,323.3299865722656,294.1309509277344,6472200
2021-03-11,324.7099914550781,326.9700012207031,323.8299865722656,325.3299865722656,295.9502258300781,5745900
2021-03-12,325.6700134277344,328.489990234375,325.5,328.3099975585937,298.6610717773437,4257200
2021-03-15,329.17999267578125,330.239990234375,326.8099975585937,330.0899963378906,300.2803955078125,4456000
2021-03-16,329.8500061035156,330.0,328.32000732421875,328.8599853515625,299.1615905761719,3270600
2021-03-17,329.2099914550781,331.0299987792969,328.3800048828125,330.7699890136719,300.899169921875,4338200
2021-03-18,330.29998779296875,332.8599853515625,328.7699890136719,329.3599853515625,299.6162109375,5376500
2021-03-19,328.0899963378906,328.17999267578125,324.9800109863281,326.010009765625,297.1742553710937,5628800
2021-03-22,325.54998779296875,327.9800109863281,325.0299987792969,327.239990234375,298.2955017089844,3807600
2021-03-23,326.32000732421875,327.4800109863281,323.44000244140625,324.0599975585937,295.3968811035156,5068400
2021-03-24,325.2799987792969,327.7300109863281,324.0799865722656,324.0799865722656,295.4150390625,6099000
2021-03-25,322.7099914550781,326.6199951171875,320.6199951171875,326.19000244140625,297.33837890625,5557900
2021-03-26,327.6000061035156,330.8900146484375,326.67999267578125,330.6099853515625,301.36737060546875,4956600
2021-03-29,329.2900085449219,332.4599914550781,328.8999938964844,331.6600036621094,302.3244934082031,5200900
2021-03-30,331.04998779296875,331.6000061035156,329.7799987792969,330.82000732421875,301.5588684082031,4568800
2021-03-31,330.6099853515625,331.6199951171875,329.94000244140625,330.17999267578125,300.9754943847656,3763700
2021-04-01,330.7799987792969,331.6000061035156,329.7200012207031,331.45001220703125,302.1331787109375,5936100
2021-04-05,333.94000244140625,336.1499938964844,333.9100036621094,335.20001220703125,305.5514831542969,5632700
2021-04-06,334.69000244140625,335.4200134277344,333.7799987792969,334.3699951171875,304.7949523925781,2987500
2021-04-07,334.1400146484375,335.1700134277344,333.44000244140625,334.3699951171875,304.7949523925781,2658500
2021-04-08,334.29998779296875,335.1499938964844,333.42999267578125,335.1300048828125,305.48760986328125,2665000
2021-04-09,335.7200012207031,338.0799865722656,335.3599853515625,337.8599853515625,307.97625732421875,3034700
2021-04-12,337.260009765625,337.8599853515625,336.6499938964844,337.54998779296875,307.69354248046875,2951500
2021-04-13,336.6300048828125,337.4200134277344,335.489990234375,336.7900085449219,307.0008239746094,3391700
2021-04-14,336.8099975585937,339.1099853515625,336.739990234375,337.5299987792969,307.6755065917969,3966800
2021-04-15,338.8299865722656,340.7200012207031,338.8299865722656,340.44000244140625,310.3280334472656,3881800
2021-04-16,341.7300109863281,342.42999267578125,340.9800109863281,341.8599853515625,311.7248840332031,3748900
2021-04-19,341.07000732421875,341.3099975585937,339.6499938964844,340.75,310.7127990722656,3222800
2021-04-20,339.3999938964844,339.8599853515625,336.75,338.1199951171875,308.3144836425781,3762900
2021-04-21,337.6300048828125,341.5400085449219,337.5599975585937,341.29998779296875,311.2143859863281,4191200
2021-04-22,341.1199951171875,341.2099914550781,337.0899963378906,338.1199951171875,308.3144836425781,4962500
2021-04-23,337.75,341.5899963378906,337.1300048828125,340.42999267578125,310.42108154296875,3613900
2021-04-26,341.1499938964844,341.4800109863281,339.3900146484375,339.8699951171875,309.91046142578125,2090900
2021-04-27,339.6000061035156,340.42999267578125,338.70001220703125,339.8299865722656,309.8738708496094,2732700
2021-04-28,339.2300109863281,339.489990234375,338.0599975585937,338.3699951171875,308.5425109863281,3025100
2021-04-29,339.8900146484375,340.8599853515625,337.3699951171875,340.57000732421875,310.5487060546875,3688400
2021-04-30,338.9200134277344,339.6499938964844,337.8500061035156,338.94000244140625,309.0622863769531,2909600
2021-05-03,340.7900085449219,342.17999267578125,340.54998779296875,341.1099853515625,311.0410461425781,2698400
2021-05-04,339.989990234375,341.5299987792969,337.6199951171875,341.489990234375,311.3875732421875,4478300
2021-05-05,342.25,343.29998779296875,340.3699951171875,342.2799987792969,312.1080017089844,3506100
2021-05-06,342.92999267578125,345.6400146484375,341.9100036621094,345.510009765625,315.0531921386719,4276700
2021-05-07,345.1700134277344,348.2900085449219,344.8099975585937,347.8800048828125,317.21441650390625,3526500
2021-05-10,349.260009765625,351.0899963378906,347.5899963378906,347.739990234375,317.08660888671875,6092500
2021-05-11,344.989990234375,345.2200012207031,340.8900146484375,342.9100036621094,312.68243408203125,8396400
2021-05-12,341.54998779296875,342.2300109863281,335.7099914550781,336.0,306.3815612792969,7034100
2021-05-13,336.29998779296875,342.0400085449219,336.2699890136719,340.45001220703125,310.439208984375,5741300
2021-05-14,342.3099975585937,344.92999267578125,341.8800048828125,344.260009765625,313.9133605957031,4677300
2021-05-17,343.3299865722656,345.1300048828125,342.0400085449219,343.6499938964844,313.3571472167969,3262200
2021-05-18,343.8500061035156,344.5,340.8699951171875,341.1099853515625,311.0410461425781,3462300
2021-05-19,337.5599975585937,339.5599975585937,335.20001220703125,339.44000244140625,309.518310546875,7223900
2021-05-20,339.739990234375,342.94000244140625,339.3399963378906,341.5199890136719,311.4148864746094,4532800
2021-05-21,342.2900085449219,344.07000732421875,341.2799987792969,342.0400085449219,312.53240966796875,4481000
2021-05-24,343.3699951171875,344.69000244140625,343.04998779296875,343.9599914550781,314.2867126464844,2531800
2021-05-25,344.67999267578125,345.0,342.6600036621094,343.17999267578125,313.5740661621094,2623200
2021-05-26,343.5599975585937,344.1199951171875,342.6700134277344,343.2699890136719,313.6561889648437,2064500
2021-05-27,345.3500061035156,346.1600036621094,343.8699951171875,344.6000061035156,314.8714904785156,3026200
2021-05-28,346.3800048828125,346.4800109863281,345.3500061035156,345.6400146484375,315.82177734375,2641400
2021-06-01,348.5400085449219,348.6499938964844,345.6000061035156,345.8699951171875,316.031982421875,2584300
2021-06-02,346.75,347.3500061035156,345.75,346.3599853515625,316.47967529296875,2576700
2021-06-03,344.6099853515625,346.9599914550781,343.5599975585937,346.0199890136719,316.16912841796875,4436400
2021-06-04,347.07000732421875,347.989990234375,346.5400085449219,347.8999938964844,317.8869323730469,2594200
2021-06-07,348.5,348.5400085449219,346.0199890136719,346.5899963378906,316.6899108886719,2224300
2021-06-08,346.69000244140625,346.9100036621094,344.75,346.3399963378906,316.46142578125,2748700
2021-06-09,346.5400085449219,346.8800048828125,344.69000244140625,344.7900085449219,315.045166015625,2591200
2021-06-10,346.5400085449219,347.7300109863281,344.79998779296875,344.9800109863281,315.2189025878906,3089400
2021-06-11,346.0299987792969,346.54998779296875,343.57000732421875,345.1199951171875,315.3466186523437,3003000
2021-06-14,344.8299865722656,344.8699951171875,342.4700012207031,344.29998779296875,314.59735107421875,2527000
2021-06-15,344.510009765625,344.5299987792969,342.3699951171875,343.4100036621094,313.7842712402344,2138500
2021-06-16,343.4100036621094,343.6400146484375,339.489990234375,340.760009765625,311.3628234863281,4032000
2021-06-17,340.5599975585937,341.2799987792969,336.6199951171875,338.6499938964844,309.43487548828125,5169100
2021-06-18,334.3500061035156,335.25,332.67999267578125,332.9599914550781,304.6792907714844,7126600
2021-06-21,335.260009765625,339.0899963378906,334.4100036621094,338.7799987792969,310.0049133300781,5435700
2021-06-22,338.7300109863281,340.4100036621094,337.45001220703125,339.45001220703125,310.6180419921875,4042100
2021-06-23,339.5899963378906,340.1600036621094,338.67999267578125,338.7799987792969,310.0049133300781,3082700
2021-06-24,340.6700134277344,342.32000732421875,340.3699951171875,341.9800109863281,312.93310546875,3704700
2021-06-25,343.69000244140625,344.9800109863281,343.0899963378906,344.45001220703125,315.1935119628906,3638000
2021-06-28,344.3299865722656,344.4200134277344,341.82000732421875,342.79998779296875,313.6835632324219,3606300
2021-06-29,343.9800109863281,344.7300109863281,342.6099853515625,342.8599853515625,313.7383728027344,2375800
2021-06-30,342.3800048828125,345.510009765625,342.3500061035156,344.95001220703125,315.65087890625,3778900
2021-07-01,345.7799987792969,346.3999938964844,344.9200134277344,346.3599853515625,316.9412841796875,3606900
2021-07-02,347.0400085449219,348.2900085449219,346.17999267578125,347.94000244140625,318.38690185546875,3013500
2021-07-06,347.75,348.1099853515625,343.6000061035156,345.82000732421875,316.4471130371094,3910600
2021-07-07,345.6499938964844,347.1400146484375,344.42999267578125,346.9200134277344,317.45361328125,3347000
2021-07-08,342.5599975585937,345.0,341.5299987792969,344.3800048828125,315.1293029785156,6379900
2021-07-09,346.57000732421875,349.07000732421875,345.8399963378906,348.7300109863281,319.1098022460937,5063100
2021-07-12,348.010009765625,350.2900085449219,347.3699951171875,350.0299987792969,320.2994384765625,3999800
2021-07-13,349.5299987792969,350.25,348.8500061035156,349.0,319.3568420410156,3310200
2021-07-14,350.19000244140625,350.69000244140625,348.3599853515625,349.4100036621094,319.7320861816406,3933300
2021-07-15,347.8999938964844,350.0,347.6400146484375,349.94000244140625,320.2170715332031,5082600
2021-07-16,350.7200012207031,350.739990234375,346.3399963378906,346.739990234375,317.4766540527344,5710400
2021-07-19,341.7900085449219,350.0299987792969,337.3800048828125,339.8800048828125,311.1956787109375,9715300
2021-07-20,340.2900085449219,346.1199951171875,339.75,345.0799865722656,315.9566955566406,5802200
2021-07-21,346.9700012207031,348.1499938964844,346.3699951171875,347.989990234375,318.6211853027344,3056800
2021-07-22,347.7699890136719,348.8099975585937,346.67999267578125,348.260009765625,318.8683776855469,2429300
2021-07-23,350.0,350.989990234375,349.2099914550781,350.57000732421875,320.9834899902344,4142300
2021-07-26,350.0,351.45001220703125,349.489990234375,351.4100036621094,321.7525634765625,2466600
2021-07-27,350.0199890136719,350.67999267578125,348.7300109863281,350.6199951171875,321.0291442871094,3902600
2021-07-28,351.0199890136719,351.2300109863281,348.7099914550781,349.3599853515625,319.87548828125,3697700
2021-07-29,350.95001220703125,351.7099914550781,350.3800048828125,350.82000732421875,321.2122497558594,2425700
2021-07-30,349.8800048828125,351.010009765625,348.6700134277344,349.4800109863281,319.9853210449219,3576700
2021-08-02,350.45001220703125,351.9100036621094,348.0599975585937,348.3500061035156,318.95068359375,2827100
2021-08-03,349.0899963378906,351.19000244140625,347.1099853515625,351.0899963378906,321.4595642089844,3819300
2021-08-04,349.5899963378906,350.0799865722656,347.8800048828125,347.989990234375,318.6211853027344,3118500
2021-08-05,348.8500061035156,350.6499938964844,348.6700134277344,350.6099853515625,321.02001953125,2261400
2021-08-06,351.6199951171875,352.489990234375,351.4599914550781,352.0899963378906,322.3751220703125,2123700
2021-08-09,351.6000061035156,352.0599975585937,350.54998779296875,351.1499938964844,321.5144348144531,2322500
2021-08-10,351.4100036621094,352.94000244140625,351.010009765625,352.7300109863281,322.9610595703125,2841000
2021-08-11,353.94000244140625,355.1199951171875,353.70001220703125,354.94000244140625,324.9846496582031,3422500
2021-08-12,355.19000244140625,355.25,353.739990234375,355.2300109863281,325.2501525878906,3118600
2021-08-13,355.8500061035156,356.3699951171875,355.0,355.3900146484375,325.3966369628906,2414900
2021-08-16,354.4100036621094,356.6000061035156,352.6600036621094,356.57000732421875,326.4770812988281,3634600
2021-08-17,353.9100036621094,354.6700134277344,351.510009765625,353.8299865722656,323.9681701660156,5019600
2021-08-18,352.6199951171875,354.0400085449219,349.8900146484375,350.1199951171875,320.57135009765625,4038000
2021-08-19,347.3299865722656,350.4800109863281,347.3099975585937,349.4800109863281,319.9853210449219,5442200
2021-08-20,348.9800109863281,351.75,348.5299987792969,351.1600036621094,322.086669921875,3394800
2021-08-23,352.9599914550781,354.3099975585937,352.9200134277344,353.45001220703125,324.1871032714844,3569200
2021-08-24,354.0799865722656,354.489990234375,353.6199951171875,353.739990234375,324.4531555175781,1981400
2021-08-25,353.7799987792969,355.0400085449219,352.9200134277344,354.17999267578125,324.85662841796875,2434700
2021-08-26,354.4700012207031,355.0,352.07000732421875,352.1600036621094,323.0039367675781,3008900
2021-08-27,352.6499938964844,354.8500061035156,352.6499938964844,354.57000732421875,325.2143249511719,3163700
2021-08-30,354.9599914550781,355.2200012207031,353.8800048828125,354.0799865722656,324.7649841308594,2482000
2021-08-31,353.79998779296875,354.79998779296875,353.17999267578125,353.9200134277344,324.6182861328125,2913800
2021-09-01,354.2900085449219,354.3500061035156,353.2900085449219,353.54998779296875,324.2787475585937,2739200
2021-09-02,354.7799987792969,355.17999267578125,353.9200134277344,354.8699951171875,325.48956298828125,2390000
2021-09-03,353.67999267578125,354.6499938964844,353.0899963378906,354.1400146484375,324.8200378417969,2465400
2021-09-07,353.6400146484375,353.69000244140625,350.989990234375,351.44000244140625,322.3436584472656,3168500
2021-09-08,350.82000732421875,352.1700134277344,349.6400146484375,350.7300109863281,321.69244384765625,3075700
2021-09-09,350.5599975585937,352.510009765625,348.9200134277344,349.3099975585937,320.3899841308594,3484700
2021-09-10,351.25,351.6600036621094,346.57000732421875,346.70001220703125,317.99591064453125,4539000
2021-09-13,348.9100036621094,349.94000244140625,347.4700012207031,349.29998779296875,320.3807373046875,5439700
2021-09-14,350.3999938964844,350.57000732421875,345.7099914550781,346.4700012207031,317.7851257324219,3902200
2021-09-15,346.4100036621094,349.4599914550781,345.7799987792969,348.82000732421875,319.94049072265625,3267300
2021-09-16,348.9100036621094,350.0799865722656,346.0,348.17999267578125,319.3533630371094,3646000
2021-09-17,346.8500061035156,347.70001220703125,345.0599975585937,345.6400146484375,317.69512939453125,5380900
2021-09-20,340.2200012207031,342.1600036621094,335.989990234375,339.3999938964844,311.9598083496094,10010600
2021-09-21,341.4100036621094,343.07000732421875,339.010009765625,339.1099853515625,311.6932678222656,6071100
2021-09-22,341.1600036621094,344.3299865722656,340.44000244140625,342.5,314.80908203125,6862700
2021-09-23,344.8099975585937,348.6700134277344,344.5299987792969,347.5599975585937,319.4601135253906,5592200
2021-09-24,346.5,348.42999267578125,346.3099975585937,347.8699951171875,319.7449645996094,3121600
2021-09-27,348.2900085449219,350.5,348.1700134277344,348.6099853515625,320.4251403808594,3426000
2021-09-28,347.3099975585937,347.82000732421875,342.4100036621094,342.9200134277344,315.1953125,7493800
2021-09-29,343.8699951171875,345.6700134277344,342.8800048828125,343.7699890136719,315.9764709472656,4116600
2021-09-30,345.0799865722656,345.44000244140625,338.1099853515625,338.2900085449219,310.9396057128906,7926000
2021-10-01,340.0299987792969,344.7799987792969,337.67999267578125,343.17999267578125,315.4342041015625,6219800
2021-10-04,342.6099853515625,344.0299987792969,338.07000732421875,340.010009765625,312.5205383300781,7037700
2021-10-05,341.1300048828125,344.8699951171875,340.4700012207031,343.1300048828125,315.38818359375,3826100
2021-10-06,340.4800109863281,344.29998779296875,338.4700012207031,344.1199951171875,316.2982482910156,6276300
2021-10-07,346.8699951171875,349.7699890136719,346.7699890136719,347.6300048828125,319.5244140625,5310400
2021-10-08,347.9200134277344,348.4599914550781,346.5799865722656,347.5299987792969,319.4324951171875,3658300
2021-10-11,347.6600036621094,349.5599975585937,344.8599853515625,344.9800109863281,317.0887756347656,4098400
2021-10-12,345.489990234375,346.1000061035156,343.19000244140625,343.7799987792969,315.9857177734375,5100300
2021-10-13,343.95001220703125,344.5599975585937,341.1199951171875,343.8900146484375,316.0868225097656,4189100
2021-10-14,347.2099914550781,349.2200012207031,346.6000061035156,349.1300048828125,320.90313720703125,4473900
2021-10-15,351.6499938964844,353.0799865722656,350.9200134277344,352.8500061035156,324.4311828613281,4206800
2021-10-18,351.3399963378906,353.1300048828125,350.25,352.5,324.1092529296875,3310600
2021-10-19,353.6700134277344,354.510009765625,352.79998779296875,354.4599914550781,325.91143798828125,2380900
2021-10-20,354.510009765625,356.5799865722656,354.3699951171875,356.0299987792969,327.3549499511719,2873800
2021-10-21,355.3900146484375,356.0899963378906,354.29998779296875,355.9599914550781,327.2905578613281,2243800
2021-10-22,355.9700012207031,357.6199951171875,355.32000732421875,356.739990234375,328.0077514648437,3872300
2021-10-25,357.3599853515625,357.8900146484375,356.2900085449219,357.54998779296875,328.7525634765625,2518200
2021-10-26,358.5599975585937,358.92999267578125,357.3699951171875,357.5,328.70654296875,3182200
2021-10-27,358.0899963378906,358.29998779296875,354.9599914550781,354.9800109863281,326.3895263671875,3542100
2021-10-28,355.75,357.3800048828125,355.75,357.29998779296875,328.52276611328125,2490500
2021-10-29,356.6499938964844,358.5199890136719,356.3900146484375,358.2300109863281,329.3778076171875,2979600
2021-11-01,359.45001220703125,360.04998779296875,357.9800109863281,359.1300048828125,330.2052001953125,2548400
2021-11-02,359.4100036621094,360.8800048828125,358.7900085449219,360.5700073242188,331.5293273925781,2629000
2021-11-03,359.9100036621094,361.8399963378906,358.8999938964844,361.55999755859375,332.4396667480469,3557400
2021-11-04,361.3399963378906,361.6499938964844,359.8699951171875,361.3500061035156,332.2466125488281,3870900
2021-11-05,362.9599914550781,364.9400024414063,361.8900146484375,363.2999877929688,334.0394287109375,4489000
2021-11-08,365.05999755859375,365.6400146484375,363.3299865722656,364.3200073242188,334.9773864746094,3056000
2021-11-09,364.1900024414063,364.2999877929688,361.8200073242188,363.2799987792969,334.0210876464844,3680600
2021-11-10,362.5199890136719,363.7300109863281,360.2799987792969,361.0700073242188,331.9889831542969,3529000
2021-11-11,361.1900024414063,361.260009765625,359.3800048828125,359.4599914550781,330.5087890625,2461200
2021-11-12,360.6900024414063,361.739990234375,359.5799865722656,361.2799987792969,332.18218994140625,3099800
2021-11-15,362.6000061035156,362.7300109863281,360.6700134277344,361.239990234375,332.14520263671875,2555000
2021-11-16,361.8200073242188,363.5400085449219,361.7000122070313,361.9299926757813,332.77978515625,2728600
2021-11-17,361.4400024414063,361.5799865722656,359.5400085449219,359.8500061035156,330.8673095703125,2976000
2021-11-18,360.0299987792969,360.04998779296875,357.1300048828125,359.3500061035156,330.4075927734375,3438100
2021-11-19,357.8900146484375,357.8900146484375,355.3800048828125,355.9100036621094,327.8842163085937,3542200
2021-11-22,357.4800109863281,359.239990234375,356.0899963378906,356.20001220703125,328.1513366699219,4929200
2021-11-23,356.2799987792969,358.3699951171875,355.3399963378906,358.0199890136719,329.8280639648437,5789300
2021-11-24,356.0599975585937,358.20001220703125,355.79998779296875,358.0299987792969,329.8373718261719,4246700
2021-11-26,350.3299865722656,351.4599914550781,347.3599853515625,349.0199890136719,321.5368957519531,9075000
2021-11-29,352.5899963378906,352.7699890136719,348.9200134277344,351.19000244140625,323.5359191894531,5243000
2021-11-30,348.70001220703125,350.010009765625,344.3599853515625,344.8999938964844,317.74127197265625,9543500
2021-12-01,348.0400085449219,350.3800048828125,340.32000732421875,340.4599914550781,313.6508178710937,8415000
2021-12-02,341.8099975585937,347.95001220703125,341.1700134277344,346.6099853515625,319.3166198730469,8326400
2021-12-03,347.8599853515625,348.5,343.0799865722656,346.239990234375,318.9757385253906,11365300
2021-12-06,349.260009765625,354.0199890136719,348.8299865722656,352.82000732421875,325.03759765625,7026500
2021-12-07,355.92999267578125,358.6099853515625,355.7900085449219,357.739990234375,329.57012939453125,5271500
2021-12-08,358.1700134277344,358.8699951171875,356.4200134277344,357.989990234375,329.80047607421875,3355600
2021-12-09,356.75,359.17999267578125,356.3500061035156,358.1099853515625,329.9110412597656,3774500
2021-12-10,359.5899963378906,360.3299865722656,357.6099853515625,360.2300109863281,331.8641967773437,3855200
2021-12-13,359.42999267578125,359.989990234375,356.6099853515625,357.0400085449219,328.9252319335937,4563000
2021-12-14,355.7099914550781,358.4100036621094,354.9700012207031,356.1700134277344,328.1239318847656,4079700
2021-12-15,355.8299865722656,359.9700012207031,354.44000244140625,359.8099975585937,331.47735595703125,9274900
2021-12-16,361.2699890136719,362.510009765625,358.3099975585937,359.44000244140625,331.1363525390625,9493700
2021-12-17,356.29998779296875,356.92999267578125,352.7099914550781,353.6300048828125,326.38494873046875,10638300
2021-12-20,349.3800048828125,349.6400146484375,346.5400085449219,349.2699890136719,322.3608093261719,7303400
2021-12-21,352.1600036621094,354.9800109863281,351.510009765625,354.9100036621094,327.5662841796875,4693300
2021-12-22,354.95001220703125,357.5599975585937,354.1700134277344,357.3900146484375,329.8551940917969,2999500
2021-12-23,358.3900146484375,360.5,358.1600036621094,359.3599853515625,331.6734924316406,2655000
2021-12-27,360.0599975585937,362.9599914550781,359.70001220703125,362.9200134277344,334.9591979980469,2594300
2021-12-28,363.1099853515625,365.1199951171875,362.8900146484375,363.989990234375,335.9466552734375,3048500
2021-12-29,363.8999938964844,365.6400146484375,363.7900085449219,364.8399963378906,336.7312316894531,3012200
2021-12-30,365.6900024414063,366.7200012207031,363.6000061035156,364.0700073242188,336.02056884765625,2863200
2021-12-31,363.510009765625,364.739990234375,362.9100036621094,363.3200073242188,335.3283386230469,3133800
2022-01-03,364.3399963378906,365.8500061035156,362.2999877929688,365.6799926757813,337.5066833496094,5624100
2022-01-04,367.3399963378906,369.2099914550781,367.2099914550781,367.8699951171875,339.5279235839844,5462200
2022-01-05,367.7099914550781,369.5,363.9800109863281,364.0899963378906,336.03912353515625,7638000
2022-01-06,364.1099853515625,364.6499938964844,361.9599914550781,362.3900146484375,334.47003173828125,7019800
2022-01-07,361.8900146484375,363.8699951171875,361.1300048828125,362.30999755859375,334.3961486816406,5806300
2022-01-10,361.0700073242188,361.2200012207031,356.44000244140625,360.7900085449219,332.993408203125,8091800
2022-01-11,360.6900024414063,362.75,357.70001220703125,362.5400085449219,334.6083679199219,7310900
2022-01-12,363.7300109863281,364.55999755859375,361.6700134277344,362.9500122070313,334.9869079589844,4493200
2022-01-13,364.2099914550781,365.1300048828125,360.4500122070313,361.2000122070313,333.3717346191406,6418100
2022-01-14,358.2099914550781,359.79998779296875,356.3999938964844,359.1400146484375,331.47039794921875,8575400
2022-01-18,355.3299865722656,355.3599853515625,352.6199951171875,353.8500061035156,326.58795166015625,8166100
2022-01-19,354.9100036621094,355.54998779296875,350.2099914550781,350.3500061035156,323.3576354980469,7386500
2022-01-20,351.4800109863281,355.04998779296875,346.8099975585937,347.3299865722656,320.5702819824219,8968700
2022-01-21,347.0899963378906,348.8500061035156,342.1400146484375,342.3500061035156,316.2088928222656,16301600
2022-01-24,338.42999267578125,344.1199951171875,331.3500061035156,343.8099975585937,317.5573425292969,29707000
2022-01-25,340.260009765625,345.7900085449219,335.3399963378906,342.9599914550781,316.7723388671875,18657900
2022-01-26,346.0400085449219,348.0,338.5299987792969,341.4599914550781,315.3868408203125,19047300
2022-01-27,344.3999938964844,347.6300048828125,339.8900146484375,341.54998779296875,315.4698791503906,12854100
2022-01-28,341.8599853515625,347.17999267578125,337.8999938964844,347.1099853515625,320.6053771972656,12008900
2022-01-31,345.7799987792969,351.3599853515625,344.7200012207031,351.0799865722656,324.2723083496094,8379100
2022-02-01,351.6600036621094,354.2699890136719,349.67999267578125,353.94000244140625,326.9139099121094,7636000
2022-02-02,353.5899963378906,356.6600036621094,352.760009765625,356.0299987792969,328.84442138671875,8856400
2022-02-03,354.82000732421875,355.2200012207031,350.5799865722656,350.9800109863281,324.179931640625,9339900
2022-02-04,350.3999938964844,353.25,347.82000732421875,350.8699951171875,324.07843017578125,8532300
2022-02-07,351.260009765625,353.1600036621094,349.8299865722656,350.8999938964844,324.10601806640625,4746200
2022-02-08,351.6000061035156,355.3500061035156,350.7900085449219,354.5400085449219,327.4679870605469,4568400
2022-02-09,357.3500061035156,358.1000061035156,356.6600036621094,357.6700134277344,330.3591003417969,4781700
2022-02-10,354.7799987792969,358.0599975585937,351.0299987792969,352.54998779296875,325.62994384765625,10298500
2022-02-11,352.4599914550781,354.4200134277344,346.2300109863281,347.2900085449219,320.77166748046875,8211500
2022-02-14,346.7200012207031,347.54998779296875,343.20001220703125,345.8900146484375,319.4786071777344,7315100
2022-02-15,348.92999267578125,350.760009765625,348.3500061035156,350.2200012207031,323.4779052734375,4932200
2022-02-16,348.760009765625,350.7200012207031,346.7099914550781,349.6700134277344,322.969970703125,4496500
2022-02-17,347.42999267578125,347.7099914550781,342.8599853515625,343.67999267578125,317.43731689453125,4433500
2022-02-18,342.8999938964844,344.20001220703125,339.6700134277344,340.9800109863281,315.4197692871094,6193700
2022-02-22,338.7900085449219,340.260009765625,333.5799865722656,336.010009765625,310.8224182128906,7942700
2022-02-23,338.1600036621094,338.260009765625,330.82000732421875,331.5199890136719,306.6689758300781,5732600
2022-02-24,322.82000732421875,332.739990234375,322.69000244140625,332.3399963378906,307.4274597167969,14167100
2022-02-25,333.67999267578125,341.0199890136719,333.0599975585937,340.5400085449219,315.0127868652344,9496300
2022-02-28,335.95001220703125,339.82000732421875,334.7900085449219,339.3399963378906,313.9026794433594,8217300
2022-03-01,337.2699890136719,339.0199890136719,331.3299865722656,333.1600036621094,308.1859436035156,8532900
2022-03-02,335.2699890136719,340.45001220703125,334.69000244140625,339.0,313.58819580078125,6836200
2022-03-03,340.7099914550781,342.0899963378906,336.67999267578125,338.1300048828125,312.78338623046875,7790700
2022-03-04,334.6099853515625,336.8699951171875,332.79998779296875,336.4700012207031,311.2478942871094,6025000
2022-03-07,335.20001220703125,335.3299865722656,328.3399963378906,328.4700012207031,303.8476257324219,6590800
2022-03-08,328.489990234375,334.3999938964844,326.0599975585937,326.5299987792969,302.0528869628906,8209800
2022-03-09,333.1199951171875,335.0400085449219,331.57000732421875,333.3999938964844,308.407958984375,4669200
2022-03-10,329.32000732421875,332.8500061035156,328.67999267578125,332.1099853515625,307.2148132324219,3317400
2022-03-11,334.1000061035156,335.7300109863281,329.69000244140625,330.0199890136719,305.28131103515625,6923400
2022-03-14,331.75,334.6000061035156,328.7900085449219,330.07000732421875,305.3276062011719,5640600
2022-03-15,332.0,336.8500061035156,331.1099853515625,336.19000244140625,310.9889831542969,6648500
2022-03-16,339.19000244140625,341.4200134277344,334.5400085449219,341.3599853515625,315.7713928222656,9577100
2022-03-17,339.94000244140625,345.5899963378906,339.6099853515625,345.45001220703125,319.5547790527344,6032900
2022-03-18,343.6199951171875,347.44000244140625,342.6499938964844,347.19000244140625,321.8837280273437,5903900
2022-03-21,346.6099853515625,347.92999267578125,343.29998779296875,345.44000244140625,320.2611083984375,4329900
2022-03-22,347.1199951171875,348.7200012207031,346.8599853515625,348.1400146484375,322.764404296875,4430800
2022-03-23,345.75,346.44000244140625,343.3500061035156,343.4100036621094,318.3791809082031,4098700
2022-03-24,344.489990234375,347.0599975585937,343.44000244140625,347.0599975585937,321.7631530761719,3550000
2022-03-25,347.79998779296875,349.32000732421875,346.19000244140625,348.5400085449219,323.1353759765625,3206200
2022-03-28,347.75,349.489990234375,345.3800048828125,349.489990234375,324.0160522460937,2962400
2022-03-29,352.6600036621094,353.7099914550781,350.1300048828125,352.9700012207031,327.2423400878906,4711800
2022-03-30,352.1499938964844,353.4700012207031,350.44000244140625,352.1199951171875,326.4542236328125,3909800
2022-03-31,351.07000732421875,351.57000732421875,346.760009765625,346.8299865722656,321.5499267578125,3978900
2022-04-01,348.1499938964844,348.3500061035156,345.239990234375,348.010009765625,322.6439208984375,3560200
2022-04-04,347.6400146484375,349.2799987792969,346.0299987792969,349.239990234375,323.7842712402344,3829900
2022-04-05,347.82000732421875,351.04998779296875,345.5,346.3399963378906,321.0955810546875,4331700
2022-04-06,343.5899963378906,346.0599975585937,342.70001220703125,344.75,319.6215209960937,5431300
2022-04-07,343.7699890136719,347.1000061035156,341.8900146484375,345.9700012207031,320.75244140625,4599900
2022-04-08,345.7099914550781,349.1199951171875,344.6499938964844,347.3699951171875,322.050537109375,4535900
2022-04-11,345.3599853515625,347.0799865722656,342.739990234375,343.20001220703125,318.1845092773437,5344400
2022-04-12,344.4100036621094,346.75,341.0,342.2200012207031,317.2758483886719,4501400
2022-04-13,341.69000244140625,346.04998779296875,341.5400085449219,345.760009765625,320.5578918457031,3605000
2022-04-14,346.7099914550781,348.7300109863281,344.25,344.2900085449219,319.3114013671875,4179600
2022-04-18,343.8699951171875,346.07000732421875,342.6300048828125,344.1000061035156,319.1351013183594,3939000
2022-04-19,344.2900085449219,349.739990234375,344.25,349.1199951171875,323.7909240722656,4261200
2022-04-20,351.0599975585937,353.07000732421875,350.2799987792969,351.5299987792969,326.02606201171875,5677000
2022-04-21,353.9599914550781,354.8800048828125,347.17999267578125,347.7099914550781,322.48321533203125,5369600
2022-04-22,346.3399963378906,346.4100036621094,337.739990234375,338.2699890136719,313.7281799316406,6855100
2022-04-25,336.45001220703125,341.0799865722656,333.20001220703125,340.5599975585937,315.8519897460937,6806600
2022-04-26,338.0299987792969,339.04998779296875,332.2699890136719,332.45001220703125,308.3302917480469,7619800
2022-04-27,333.8800048828125,337.0,331.0799865722656,333.0299987792969,308.8683166503906,6894400
2022-04-28,335.239990234375,340.5400085449219,332.489990234375,339.2900085449219,314.6741027832031,5976600
2022-04-29,337.6199951171875,339.2300109863281,329.1000061035156,329.69000244140625,305.770751953125,6495600
2022-05-02,330.3500061035156,332.3399963378906,324.4599914550781,330.739990234375,306.7443542480469,9221700
2022-05-03,331.17999267578125,333.4200134277344,329.1099853515625,331.25,307.2174377441406,6051000
2022-05-04,331.79998779296875,341.1700134277344,330.20001220703125,340.5899963378906,315.87969970703125,10569700
2022-05-05,337.8299865722656,338.239990234375,326.8900146484375,330.239990234375,306.28076171875,9101200
2022-05-06,327.739990234375,330.6499938964844,324.75,329.07000732421875,305.1954345703125,10644200
2022-05-09,324.9800109863281,326.3699951171875,321.3699951171875,322.6000061035156,299.1950988769531,7817200
2022-05-10,326.5,327.6099853515625,319.0599975585937,321.8299865722656,298.4809265136719,7716500
2022-05-11,321.739990234375,326.07000732421875,318.1600036621094,318.4599914550781,295.3553771972656,9374700
2022-05-12,316.6000061035156,319.42999267578125,312.5299987792969,317.6400146484375,294.59490966796875,6790800
2022-05-13,320.3299865722656,323.0299987792969,318.8500061035156,322.2300109863281,298.85186767578125,4236700
2022-05-16,321.7099914550781,325.57000732421875,319.70001220703125,322.7799987792969,299.3619689941406,3692600
2022-05-17,326.8299865722656,327.3699951171875,323.4599914550781,327.1000061035156,303.3685913085937,3316800
2022-05-18,324.2099914550781,324.3900146484375,314.42999267578125,315.54998779296875,292.65643310546875,3659000
2022-05-19,312.1199951171875,316.3500061035156,310.8299865722656,313.17999267578125,290.4584045410156,3836700
2022-05-20,314.7900085449219,315.07000732421875,306.2799987792969,312.4200134277344,290.4444885253906,4654000
2022-05-23,315.32000732421875,319.6499938964844,314.7799987792969,318.8399963378906,296.4129333496094,4484600
2022-05-24,316.57000732421875,320.1499938964844,313.6199951171875,319.3900146484375,296.92431640625,5260500
2022-05-25,317.9800109863281,322.5400085449219,317.45001220703125,321.2799987792969,298.68121337890625,4612800
2022-05-26,322.95001220703125,327.7699890136719,322.8999938964844,326.45001220703125,303.4875793457031,3270200
2022-05-27,327.04998779296875,332.1300048828125,326.82000732421875,332.07000732421875,308.7122497558594,2773100
2022-05-31,330.1700134277344,332.54998779296875,327.6600036621094,330.20001220703125,306.9739074707031,4354000
2022-06-01,332.4100036621094,332.95001220703125,326.1000061035156,328.3599853515625,305.26324462890625,3721400
2022-06-02,328.54998779296875,332.7799987792969,325.3599853515625,332.7699890136719,309.36297607421875,3718800
2022-06-03,329.8699951171875,331.7300109863281,328.7300109863281,329.3500061035156,306.1836242675781,4150900
2022-06-06,331.5899963378906,332.739990234375,328.5299987792969,329.45001220703125,306.276611328125,1957600
2022-06-07,326.82000732421875,332.4700012207031,326.82000732421875,332.1700134277344,308.8052062988281,2424000
2022-06-08,330.5599975585937,331.92999267578125,328.5599975585937,329.3800048828125,306.21148681640625,2032900
2022-06-09,328.1600036621094,329.989990234375,323.0,323.0,300.2801818847656,2591500
2022-06-10,318.3099975585937,318.7699890136719,314.32000732421875,314.3699951171875,292.2573547363281,4484700
2022-06-13,307.5,309.6199951171875,304.1600036621094,305.5799865722656,284.0856018066406,6317200
2022-06-14,306.6099853515625,307.42999267578125,301.92999267578125,304.29998779296875,282.8955383300781,3724000
2022-06-15,306.3999938964844,310.67999267578125,302.260009765625,307.2300109863281,285.6196594238281,7060900
2022-06-16,301.3699951171875,301.6600036621094,298.0199890136719,299.8999938964844,278.8050231933594,4943500
2022-06-17,298.2699890136719,301.5799865722656,296.3900146484375,298.7200012207031,278.35040283203125,4738000
2022-06-21,303.0799865722656,306.4700012207031,302.6199951171875,305.2900085449219,284.47235107421875,3246500
2022-06-22,301.5299987792969,307.67999267578125,301.3299865722656,304.6099853515625,283.8388061523437,6361200
2022-06-23,305.6700134277344,307.0599975585937,302.7799987792969,306.739990234375,285.82354736328125,3582600
2022-06-24,309.20001220703125,315.1199951171875,309.1199951171875,315.0199890136719,293.5389404296875,3314800
2022-06-27,315.3999938964844,315.8900146484375,313.3800048828125,314.3599853515625,292.9239501953125,1896500
2022-06-28,316.0,318.75,309.2300109863281,309.3399963378906,288.2462158203125,3025900
2022-06-29,310.3999938964844,311.4800109863281,308.8299865722656,310.04998779296875,288.9078063964844,2462800
2022-06-30,306.75,309.82000732421875,304.25,307.82000732421875,286.8297424316406,4117800
2022-07-01,307.3999938964844,311.3099975585937,304.7699890136719,310.8500061035156,289.6532592773437,3315000
2022-07-05,306.6000061035156,309.760009765625,303.5799865722656,309.7099914550781,288.5910339355469,3767700
2022-07-06,310.0,312.2900085449219,307.94000244140625,310.4100036621094,289.2432556152344,2493300
2022-07-07,312.5400085449219,314.2699890136719,311.6099853515625,313.95001220703125,292.54180908203125,2267500
2022-07-08,313.5,315.1400146484375,312.1700134277344,313.4599914550781,292.0853576660156,2094300
2022-07-11,311.6600036621094,313.739990234375,311.1700134277344,311.70001220703125,290.4453125,2633200
2022-07-12,310.5599975585937,313.54998779296875,308.6000061035156,309.9700012207031,288.8333435058594,2806000
2022-07-13,306.19000244140625,309.94000244140625,305.1099853515625,307.75,286.7646179199219,3481200
2022-07-14,302.6600036621094,306.8599853515625,301.4700012207031,306.3999938964844,285.5067138671875,2893100
2022-07-15,310.8099975585937,312.7799987792969,309.1499938964844,312.6600036621094,291.46160888671875,3027500
2022-07-18,315.760009765625,316.3500061035156,309.7300109863281,310.6499938964844,289.5878295898437,2344900
2022-07-19,313.07000732421875,318.3999938964844,312.6600036621094,318.1099853515625,296.5421142578125,3004900
2022-07-20,318.239990234375,319.42999267578125,316.45001220703125,318.739990234375,297.1293640136719,3243000
2022-07-21,317.6300048828125,320.4599914550781,315.3800048828125,320.4100036621094,298.6861267089844,2159800
2022-07-22,321.760009765625,322.20001220703125,317.3399963378906,319.0599975585937,297.4276428222656,3264100
2022-07-25,320.07000732421875,320.3900146484375,318.25,319.9599914550781,298.2665710449219,4002500
2022-07-26,318.8900146484375,319.4800109863281,317.1000061035156,317.5400085449219,296.01080322265625,2101700
2022-07-27,318.8800048828125,323.44000244140625,318.0400085449219,322.010009765625,300.1777038574219,3338100
2022-07-28,322.45001220703125,326.1199951171875,319.8099975585937,325.2300109863281,303.1794128417969,2688400
2022-07-29,325.5199890136719,329.2699890136719,324.9200134277344,328.6600036621094,306.3768310546875,3225600
2022-08-01,326.9100036621094,329.7200012207031,326.45001220703125,328.0400085449219,305.7987365722656,2745500
2022-08-02,326.9700012207031,327.7799987792969,323.8999938964844,324.0400085449219,302.0699462890625,5394600
2022-08-03,325.70001220703125,329.1400146484375,325.1400146484375,328.1600036621094,305.91070556640625,2564600
2022-08-04,327.69000244140625,328.3599853515625,326.54998779296875,327.3599853515625,305.1649169921875,2426400
2022-08-05,325.07000732421875,328.19000244140625,324.92999267578125,327.9700012207031,305.7336730957031,2672400
2022-08-08,329.8099975585937,331.1199951171875,327.7099914550781,328.4200134277344,306.153076171875,2528800
2022-08-09,328.2799987792969,328.94000244140625,327.19000244140625,327.9100036621094,305.677734375,1655100
2022-08-10,332.6000061035156,333.8299865722656,331.9599914550781,333.20001220703125,310.6089782714844,2934400
2022-08-11,335.82000732421875,336.79998779296875,333.17999267578125,333.7099914550781,311.0844116210937,2401600
2022-08-12,334.79998779296875,337.9200134277344,334.19000244140625,337.8299865722656,314.9250793457031,2606900
2022-08-15,336.1099853515625,339.8500061035156,336.0599975585937,339.3699951171875,316.3607177734375,1936500
2022-08-16,338.82000732421875,343.0899963378906,338.75,341.739990234375,318.5700378417969,3897100
2022-08-17,339.6700134277344,342.0599975585937,338.70001220703125,340.20001220703125,317.1344299316406,2960300
2022-08-18,340.20001220703125,341.0,338.9700012207031,340.5799865722656,317.4887084960937,1850900
2022-08-19,338.3500061035156,338.6600036621094,336.260009765625,337.0400085449219,314.7949523925781,2010300
2022-08-22,333.1099853515625,333.5199890136719,330.1600036621094,330.760009765625,308.929443359375,2684500
2022-08-23,330.3099975585937,331.45001220703125,328.6400146484375,329.1099853515625,307.3885192871094,2897200
2022-08-24,328.92999267578125,331.0299987792969,328.3299865722656,329.8599853515625,308.0889587402344,2581700
2022-08-25,330.0899963378906,333.1499938964844,329.0,333.1499938964844,311.16180419921875,2498900
2022-08-26,333.489990234375,333.6700134277344,322.82000732421875,322.92999267578125,301.6163024902344,4191000
2022-08-29,320.5400085449219,323.3299865722656,319.75,321.1000061035156,299.9071044921875,2896900
2022-08-30,322.0899963378906,322.1700134277344,316.57000732421875,318.0400085449219,297.0489501953125,2926300
2022-08-31,318.4599914550781,320.1700134277344,315.6000061035156,315.6499938964844,294.8167419433594,2981600
2022-09-01,314.2900085449219,317.25,312.70001220703125,317.0599975585937,296.1337585449219,3228000
2022-09-02,319.7699890136719,320.75,312.3099975585937,313.760009765625,293.0514831542969,3826200
2022-09-06,314.54998779296875,315.20001220703125,310.92999267578125,312.20001220703125,291.5944519042969,3320400
2022-09-07,311.6400146484375,316.94000244140625,311.45001220703125,316.3299865722656,295.4517517089844,2520200
2022-09-08,314.69000244140625,318.3999938964844,313.67999267578125,318.239990234375,297.2358093261719,3301100
2022-09-09,320.0799865722656,322.94000244140625,319.5,322.2799987792969,301.0092163085937,2479300
2022-09-12,323.2900085449219,325.67999267578125,323.2099914550781,324.57000732421875,303.1481018066406,2486900
2022-09-13,318.79998779296875,319.5899963378906,310.8299865722656,311.7300109863281,291.15557861328125,4301200
2022-09-14,312.3599853515625,313.4800109863281,309.5299987792969,312.0599975585937,291.46368408203125,2868800
2022-09-15,311.6300048828125,313.5199890136719,309.5299987792969,310.3599853515625,289.8759460449219,3294600
2022-09-16,305.9599914550781,308.5799865722656,305.3500061035156,308.04998779296875,288.4833679199219,4071000
2022-09-19,305.3699951171875,310.19000244140625,305.2900085449219,310.1499938964844,290.4499206542969,2730000
2022-09-20,307.69000244140625,307.989990234375,304.5799865722656,307.0199890136719,287.5188293457031,2822800
2022-09-21,308.5199890136719,310.2699890136719,301.7200012207031,301.8099975585937,282.6396789550781,5110700
2022-09-22,301.5599975585937,302.9700012207031,299.8900146484375,300.5199890136719,281.4316101074219,3492500
2022-09-23,297.82000732421875,298.0,292.3999938964844,295.8599853515625,277.0675964355469,4949300
2022-09-26,294.6000061035156,296.239990234375,291.5,292.7200012207031,274.1271057128906,4143400
2022-09-27,294.7799987792969,296.5299987792969,289.5,291.29998779296875,272.7972717285156,3681000
2022-09-28,292.3500061035156,298.0299987792969,291.04998779296875,296.7300109863281,277.8822631835937,3995700
2022-09-29,294.7699890136719,294.8500061035156,289.8500061035156,292.2099914550781,273.6495056152344,3351100
2022-09-30,291.2099914550781,293.4599914550781,287.0400085449219,287.29998779296875,269.05133056640625,3827200
2022-10-03,290.5599975585937,296.3699951171875,289.4700012207031,294.7900085449219,276.0654602050781,3457600
2022-10-04,298.6099853515625,303.17999267578125,298.44000244140625,303.1400146484375,283.8851928710937,4163800
2022-10-05,299.7300109863281,304.54998779296875,298.79998779296875,302.7900085449219,283.55743408203125,2746900
2022-10-06,301.4700012207031,303.3099975585937,298.6099853515625,299.2300109863281,280.2235717773437,3081700
2022-10-07,296.7300109863281,296.8900146484375,291.44000244140625,292.9700012207031,274.3612976074219,3029300
2022-10-10,294.2799987792969,294.9200134277344,290.0899963378906,291.9599914550781,273.415283203125,3154500
2022-10-11,291.17999267578125,296.1400146484375,290.7200012207031,292.2900085449219,273.72442626953125,3849900
2022-10-12,292.4599914550781,294.57000732421875,291.3699951171875,292.1600036621094,273.6026611328125,4378700
2022-10-13,287.1400146484375,301.7300109863281,286.6199951171875,300.5599975585937,281.4690856933594,7389600
2022-10-14,302.5400085449219,304.3599853515625,296.19000244140625,296.82000732421875,277.96661376953125,5519400
2022-10-17,300.8900146484375,303.2099914550781,299.9800109863281,302.0599975585937,282.8738098144531,3555700
2022-10-18,308.260009765625,308.3800048828125,303.0400085449219,305.4700012207031,286.0671691894531,4685500
2022-10-19,304.3399963378906,306.6499938964844,302.2900085449219,304.3500061035156,285.0184020996094,2939800
2022-10-20,304.8299865722656,308.3699951171875,302.739990234375,303.3099975585937,284.0444030761719,3574700
2022-10-21,303.0799865722656,311.20001220703125,302.010009765625,310.8800048828125,291.3083801269531,5357200
2022-10-24,312.5299987792969,316.0,311.6000061035156,315.04998779296875,295.21588134765625,4331700
2022-10-25,314.3500061035156,318.7799987792969,314.1099853515625,318.489990234375,298.43927001953125,6024800
2022-10-26,317.9800109863281,321.7200012207031,317.7699890136719,318.3800048828125,298.33624267578125,4991800
2022-10-27,321.5599975585937,323.8699951171875,319.9200134277344,320.4599914550781,300.2852478027344,4262200
2022-10-28,321.7699890136719,328.8900146484375,321.4599914550781,328.5799865722656,307.89404296875,5251400
2022-10-31,326.9200134277344,328.82000732421875,325.8599853515625,327.4200134277344,306.8070983886719,5128200
2022-11-01,329.3699951171875,329.8299865722656,324.79998779296875,326.4100036621094,305.8606262207031,4376400
2022-11-02,325.4599914550781,330.75,321.32000732421875,321.3599853515625,301.12860107421875,7110300
2022-11-03,319.3500061035156,321.8500061035156,317.17999267578125,319.8699951171875,299.732421875,4112700
2022-11-04,323.6099853515625,326.1400146484375,319.3399963378906,324.1400146484375,303.733642578125,6263700
2022-11-07,325.1400146484375,328.95001220703125,324.1499938964844,328.4200134277344,307.7442626953125,4518300
2022-11-08,329.4700012207031,333.5599975585937,328.2900085449219,331.7099914550781,310.8270568847656,6349000
2022-11-09,329.7099914550781,330.8699951171875,324.9599914550781,325.3399963378906,304.85809326171875,4799200
2022-11-10,334.2200012207031,337.489990234375,331.8800048828125,337.260009765625,316.0275573730469,6002300
2022-11-11,337.8999938964844,338.3699951171875,334.1400146484375,337.7900085449219,316.5243225097656,5190700
2022-11-14,336.7099914550781,339.8699951171875,335.5599975585937,335.7699890136719,314.6314697265625,3303300
2022-11-15,338.489990234375,340.1199951171875,333.4200134277344,336.2099914550781,315.04376220703125,4824100
2022-11-16,335.6700134277344,337.25,335.54998779296875,336.07000732421875,314.9125061035156,3085500
2022-11-17,332.7300109863281,336.7799987792969,332.7300109863281,336.1000061035156,314.940673828125,3606500
2022-11-18,337.4599914550781,338.1499938964844,335.260009765625,337.3699951171875,316.7725830078125,3659100
2022-11-21,337.6600036621094,338.6499938964844,335.5299987792969,337.04998779296875,316.4721069335937,2304100
2022-11-22,338.8900146484375,341.1199951171875,338.3900146484375,340.9599914550781,320.143310546875,4389400
2022-11-23,340.6099853515625,342.5799865722656,339.989990234375,341.95001220703125,321.07281494140625,3108500
2022-11-25,342.0899963378906,343.79998779296875,342.0299987792969,343.5199890136719,322.5469970703125,1498300
2022-11-28,341.69000244140625,342.9800109863281,337.95001220703125,338.489990234375,317.8240966796875,3089800
2022-11-29,337.92999267578125,339.3699951171875,336.6099853515625,338.4800109863281,317.8147888183594,2943600
2022-11-30,338.6499938964844,346.19000244140625,336.17999267578125,346.1499938964844,325.0165100097656,6940400
2022-12-01,346.75,346.760009765625,341.69000244140625,344.4100036621094,323.3826599121094,5325900
2022-12-02,340.8599853515625,345.4100036621094,340.8599853515625,344.739990234375,323.69256591796875,3736500
2022-12-05,342.45001220703125,343.3099975585937,339.0299987792969,340.0299987792969,319.27020263671875,3827200
2022-12-06,339.7699890136719,340.6499938964844,334.7200012207031,336.4599914550781,315.9180603027344,5516300
2022-12-07,336.1400146484375,338.3299865722656,335.5400085449219,336.44000244140625,315.8993530273437,3577100
2022-12-08,337.739990234375,339.6499938964844,337.0599975585937,338.4599914550781,317.7960205078125,3278400
2022-12-09,337.6700134277344,339.1099853515625,335.25,335.3699951171875,314.8946838378906,3815500
2022-12-12,336.1400146484375,340.6499938964844,336.0599975585937,340.6199951171875,319.8241882324219,5017300
2022-12-13,348.17999267578125,348.2200012207031,339.5,341.8099975585937,320.9414978027344,5274300
2022-12-14,341.7799987792969,344.6600036621094,337.6400146484375,340.2200012207031,319.4483947753906,5498400
2022-12-15,336.5799865722656,337.3699951171875,330.7799987792969,332.79998779296875,312.4815368652344,5865600
2022-12-16,329.2900085449219,330.5,326.45001220703125,328.9700012207031,309.5830383300781,6672200
2022-12-19,328.8699951171875,330.3299865722656,325.7099914550781,327.3800048828125,308.08673095703125,3709600
2022-12-20,327.5899963378906,329.8699951171875,326.4100036621094,328.3800048828125,309.02789306640625,4721700
2022-12-21,331.5400085449219,334.3299865722656,331.1199951171875,333.6000061035156,313.9402160644531,5086800
2022-12-22,331.5,331.8500061035156,325.6499938964844,330.260009765625,310.797119140625,4876900
2022-12-23,329.6199951171875,332.19000244140625,328.0599975585937,331.92999267578125,312.3686828613281,3997900
2022-12-27,332.3399963378906,333.82000732421875,330.57000732421875,332.3699951171875,312.7826232910156,3098900
2022-12-28,332.69000244140625,333.739990234375,328.57000732421875,328.57000732421875,309.20660400390625,3102400
2022-12-29,330.5299987792969,332.8500061035156,330.1300048828125,332.0599975585937,312.49102783203125,2458800
2022-12-30,330.6199951171875,331.3999938964844,328.3500061035156,331.3299865722656,311.803955078125,3881800
2023-01-03,332.4200134277344,333.8299865722656,328.3500061035156,331.2200012207031,311.7004699707031,3910700
2023-01-04,332.5599975585937,334.0400085449219,330.20001220703125,332.5599975585937,312.96148681640625,4137300
2023-01-05,330.9700012207031,331.1499938964844,328.1000061035156,329.2200012207031,309.818359375,4350100
2023-01-06,332.17999267578125,337.1199951171875,329.9100036621094,336.2799987792969,316.4622497558594,4800800
2023-01-09,337.69000244140625,339.4100036621094,334.9200134277344,335.2900085449219,315.53057861328125,3864000
2023-01-10,334.95001220703125,337.3299865722656,334.2900085449219,337.2300109863281,317.3562927246094,2277500
2023-01-11,338.3999938964844,339.8099975585937,337.1300048828125,339.760009765625,319.7371520996094,3265800
2023-01-12,340.8800048828125,343.0,337.95001220703125,342.0,321.8450622558594,4332600
2023-01-13,339.1600036621094,343.489990234375,339.1099853515625,343.0400085449219,322.82391357421875,3473400
2023-01-17,342.3599853515625,342.75,338.6300048828125,339.1600036621094,319.1725158691406,3929700
2023-01-18,339.57000732421875,340.20001220703125,332.70001220703125,332.9700012207031,313.3473205566406,5164300
2023-01-19,331.0599975585937,332.4599914550781,329.9700012207031,330.6300048828125,311.1451110839844,3454200
2023-01-20,330.82000732421875,333.7300109863281,329.3500061035156,333.6700134277344,314.2721862792969,4120200
2023-01-23,334.69000244140625,337.75,333.04998779296875,336.1700134277344,316.6268005371094,3985300
2023-01-24,334.9599914550781,337.7200012207031,333.70001220703125,337.1000061035156,317.5028991699219,3360900
2023-01-25,334.239990234375,337.6400146484375,332.54998779296875,337.32000732421875,317.7099914550781,4318600
2023-01-26,338.45001220703125,339.4599914550781,336.20001220703125,339.3599853515625,319.6314392089844,2930900
2023-01-27,339.3999938964844,341.5400085449219,338.1600036621094,339.6099853515625,319.8669128417969,2907400
2023-01-30,338.4599914550781,340.42999267578125,336.8500061035156,337.0599975585937,317.4651794433594,3032700
2023-01-31,337.6000061035156,340.8599853515625,336.510009765625,340.8299865722656,321.0158996582031,2593500
2023-02-01,339.1199951171875,343.2699890136719,335.5799865722656,340.8699951171875,321.0536804199219,6175400
2023-02-02,341.510009765625,341.510009765625,338.010009765625,340.42999267578125,320.6391906738281,5169400
2023-02-03,338.7699890136719,341.6700134277344,337.9599914550781,338.9800109863281,319.27349853515625,6504300
2023-02-06,337.6499938964844,339.5599975585937,336.69000244140625,338.4800109863281,318.8027038574219,2708400
2023-02-07,336.95001220703125,342.3099975585937,336.19000244140625,341.5199890136719,321.6659240722656,4969600
2023-02-08,340.3699951171875,341.4599914550781,338.8399963378906,339.4200134277344,319.6878967285156,2769500
2023-02-09,341.75,342.5599975585937,336.0599975585937,337.0799865722656,317.4839782714844,3094700
2023-02-10,336.739990234375,339.010009765625,335.95001220703125,338.7300109863281,319.0380249023437,2523900
2023-02-13,338.8800048828125,342.5599975585937,338.8800048828125,342.54998779296875,322.6358947753906,2653900
2023-02-14,341.5199890136719,343.5299987792969,338.4100036621094,341.1400146484375,321.3079528808594,3501100
2023-02-15,339.4599914550781,341.6700134277344,338.6300048828125,341.6600036621094,321.7976989746094,1967700
2023-02-16,338.5,340.8900146484375,337.3099975585937,337.3900146484375,317.77587890625,3229600
2023-02-17,335.7200012207031,338.42999267578125,335.0799865722656,338.2900085449219,319.145751953125,3034200
2023-02-21,334.7200012207031,335.94000244140625,331.1000061035156,331.25,312.5041809082031,3142900
2023-02-22,331.75,332.42999267578125,329.45001220703125,330.5199890136719,311.81549072265625,2896400
2023-02-23,331.8500061035156,332.75,327.9800109863281,331.6700134277344,312.9004211425781,5999600
2023-02-24,327.8299865722656,329.1400146484375,326.42999267578125,328.1199951171875,309.55133056640625,3764700
2023-02-27,330.7300109863281,331.9800109863281,328.20001220703125,329.0599975585937,310.4382019042969,2887300
2023-02-28,328.8699951171875,328.8699951171875,326.510009765625,326.57000732421875,308.0889892578125,3155300
2023-03-01,326.0400085449219,327.82000732421875,325.29998779296875,327.0,308.49462890625,3317500
2023-03-02,327.57000732421875,331.20001220703125,326.79998779296875,330.44000244140625,311.7399597167969,3047500
2023-03-03,331.5199890136719,334.42999267578125,330.4200134277344,334.2099914550781,315.29656982421875,3033500
2023-03-06,334.6300048828125,336.1199951171875,334.17999267578125,334.67999267578125,315.7400817871094,2641700
2023-03-07,334.6700134277344,334.9200134277344,328.7200012207031,328.8699951171875,310.2589416503906,5009200
2023-03-08,328.9200134277344,329.5,326.6000061035156,328.489990234375,309.9003601074219,3169600
2023-03-09,329.7200012207031,330.44000244140625,322.3999938964844,323.0799865722656,304.7966003417969,4760900
2023-03-10,322.5400085449219,324.8699951171875,318.42999267578125,319.7300109863281,301.6361389160156,7741600
2023-03-13,316.760009765625,323.1700134277344,316.6600036621094,318.82000732421875,300.77764892578125,6831600
2023-03-14,322.2099914550781,323.7099914550781,318.7099914550781,322.19000244140625,303.9568786621094,4760500
2023-03-15,316.8999938964844,319.8099975585937,314.9700012207031,319.5400085449219,301.4569091796875,6518000
2023-03-16,317.6600036621094,323.57000732421875,316.42999267578125,323.25,304.9569091796875,6569900
2023-03-17,320.7200012207031,321.0899963378906,317.1600036621094,318.5,301.2753601074219,5314900
2023-03-20,319.3299865722656,322.75,319.3299865722656,322.29998779296875,304.86981201171875,4695000
2023-03-21,325.4200134277344,325.8399963378906,323.3399963378906,325.6199951171875,308.01043701171875,3527300
2023-03-22,325.6499938964844,327.5599975585937,320.0599975585937,320.17999267578125,302.86456298828125,4378700
2023-03-23,321.3299865722656,325.0199890136719,318.5,320.8399963378906,303.4889221191406,4772600
2023-03-24,319.45001220703125,322.4599914550781,317.9100036621094,322.32000732421875,304.8888244628906,4484900
2023-03-27,324.5899963378906,325.57000732421875,323.29998779296875,324.3099975585937,306.7711181640625,3550900
2023-03-28,323.989990234375,325.6499938964844,322.8399963378906,323.8099975585937,306.2982482910156,2536500
2023-03-29,326.5799865722656,327.1700134277344,325.2900085449219,327.0799865722656,309.3913879394531,2531700
2023-03-30,328.8800048828125,328.95001220703125,326.7200012207031,328.4800109863281,310.7157287597656,2487000
2023-03-31,329.5899963378906,332.8099975585937,329.510009765625,332.6199951171875,314.6318054199219,2837300
2023-04-03,333.5899963378906,336.25,333.510009765625,335.9100036621094,317.74395751953125,3450700
2023-04-04,335.9100036621094,336.260009765625,332.6300048828125,333.94000244140625,315.8804016113281,2449900
2023-04-05,334.0,335.45001220703125,333.760009765625,334.82000732421875,316.7127990722656,2566600
2023-04-06,334.3500061035156,335.3099975585937,333.2799987792969,334.8999938964844,316.7884521484375,2333300
2023-04-10,334.0,335.9599914550781,333.42999267578125,335.9599914550781,317.7911682128906,2834200
2023-04-11,336.3099975585937,337.8699951171875,336.010009765625,336.8999938964844,318.6803894042969,2343100
2023-04-12,338.6099853515625,339.010009765625,335.9599914550781,336.6099853515625,318.4059753417969,3363800
2023-04-13,337.07000732421875,340.5799865722656,336.07000732421875,340.3699951171875,321.9626770019531,3040900
2023-04-14,339.94000244140625,340.8500061035156,337.3099975585937,338.8399963378906,320.515380859375,3107900
2023-04-17,339.1199951171875,339.92999267578125,337.989990234375,339.9200134277344,321.5370788574219,2226400
2023-04-18,339.94000244140625,340.2200012207031,337.8999938964844,339.79998779296875,321.42340087890625,2191100
2023-04-19,339.1099853515625,339.6300048828125,338.19000244140625,338.989990234375,320.65728759765625,2854700
2023-04-20,337.42999267578125,338.8500061035156,336.8500061035156,337.95001220703125,319.6736145019531,2179300
2023-04-21,338.260009765625,338.5799865722656,336.8099975585937,338.1099853515625,319.9990539550781,2470100
2023-04-24,337.9100036621094,338.9100036621094,337.2099914550781,338.75,320.6048278808594,2288800
2023-04-25,338.1700134277344,338.67999267578125,335.20001220703125,335.3299865722656,317.36798095703125,2745300
2023-04-26,335.6000061035156,336.4599914550781,332.3099975585937,332.95001220703125,315.11553955078125,3588400
2023-04-27,334.17999267578125,338.5799865722656,333.8299865722656,338.20001220703125,320.0843200683594,3066600
2023-04-28,337.19000244140625,341.0400085449219,337.1300048828125,341.0299987792969,322.7627258300781,3651100
2023-05-01,341.1000061035156,342.5899963378906,340.260009765625,340.3599853515625,322.1285095214844,2296200
2023-05-02,339.94000244140625,340.0,334.3099975585937,336.8699951171875,318.82550048828125,3275800
2023-05-03,337.1300048828125,338.17999267578125,333.92999267578125,334.1099853515625,316.2132873535156,3924100
2023-05-04,333.2799987792969,333.5899963378906,329.3699951171875,331.3299865722656,313.5823059082031,3576800
2023-05-05,334.260009765625,337.5,333.94000244140625,336.7300109863281,318.6930236816406,3542700
2023-05-08,337.1700134277344,337.3900146484375,335.0899963378906,336.2200012207031,318.2103881835937,1789900
2023-05-09,335.4100036621094,336.67999267578125,335.1499938964844,335.7699890136719,317.78448486328125,1924900
2023-05-10,337.3999938964844,337.8500061035156,332.489990234375,335.489990234375,317.5195007324219,3365500
2023-05-11,333.739990234375,333.8699951171875,331.4700012207031,333.3299865722656,315.4751892089844,2744700
2023-05-12,334.4200134277344,334.45001220703125,331.3099975585937,333.20001220703125,315.3521728515625,2636400
2023-05-15,333.510009765625,334.260009765625,331.8599853515625,333.7699890136719,315.8915710449219,2171000
2023-05-16,332.7099914550781,333.07000732421875,330.2799987792969,330.3500061035156,312.6546630859375,2265200
2023-05-17,332.1400146484375,335.1700134277344,330.8900146484375,334.6099853515625,316.68670654296875,3068800
2023-05-18,333.8999938964844,336.44000244140625,332.75,336.0599975585937,318.0588684082031,3553500
2023-05-19,335.9599914550781,336.45001220703125,333.2200012207031,334.19000244140625,316.97381591796875,3706700
2023-05-22,334.1199951171875,335.1499938964844,332.0199890136719,332.8999938964844,315.7503356933594,2555100
2023-05-23,331.760009765625,333.1000061035156,330.0799865722656,330.6099853515625,313.5782470703125,2526200
2023-05-24,330.0,330.239990234375,327.4800109863281,328.010009765625,311.1122436523437,2978300
2023-05-25,328.07000732421875,328.7300109863281,325.82000732421875,327.75,310.8655700683594,3499900
2023-05-26,328.1300048828125,331.6199951171875,327.9200134277344,330.8399963378906,313.7964172363281,3580000
2023-05-30,330.6499938964844,331.32000732421875,328.9200134277344,330.5199890136719,313.4927978515625,3474500
2023-05-31,329.45001220703125,330.1700134277344,327.70001220703125,329.5199890136719,312.5443725585937,3067600
2023-06-01,328.9100036621094,331.9800109863281,327.32000732421875,330.94000244140625,313.891357421875,3081300
2023-06-02,333.239990234375,338.5,333.1099853515625,338.07000732421875,320.6539306640625,5584700
2023-06-05,338.2099914550781,338.4800109863281,335.9599914550781,336.1300048828125,318.8139953613281,3415600
2023-06-06,336.0299987792969,336.739990234375,334.4700012207031,336.1700134277344,318.85186767578125,2824900
2023-06-07,336.5400085449219,337.5199890136719,335.92999267578125,337.1700134277344,319.8003234863281,2739000
2023-06-08,337.2300109863281,339.260009765625,336.75,338.8099975585937,321.3558044433594,2700300
2023-06-09,338.57000732421875,340.260009765625,338.32000732421875,339.2699890136719,321.792236328125,3162300
2023-06-12,339.739990234375,341.29998779296875,339.2300109863281,341.1700134277344,323.5942077636719,2035500
2023-06-13,341.739990234375,343.6300048828125,341.6000061035156,342.6199951171875,324.969482421875,3259300
2023-06-14,341.3900146484375,342.0400085449219,338.3399963378906,340.4200134277344,322.88299560546875,3766000
2023-06-15,340.3500061035156,345.5799865722656,340.17999267578125,344.7699890136719,327.0088195800781,4722500
2023-06-16,345.3500061035156,345.7300109863281,342.7200012207031,342.95001220703125,326.0163269042969,5576800
2023-06-20,341.29998779296875,341.6099853515625,339.0,340.4599914550781,323.6493225097656,3387200
2023-06-21,339.6199951171875,340.9100036621094,338.67999267578125,339.42999267578125,322.670166015625,3050700
2023-06-22,338.94000244140625,339.92999267578125,338.239990234375,339.3399963378906,322.58465576171875,2605500
2023-06-23,337.1199951171875,338.19000244140625,336.2200012207031,337.1600036621094,320.5122375488281,3721600
2023-06-26,336.79998779296875,338.0799865722656,335.95001220703125,337.1400146484375,320.4932861328125,2301900
2023-06-27,337.1000061035156,339.6499938964844,337.1000061035156,339.2300109863281,322.4800720214844,1778800
2023-06-28,338.7300109863281,338.94000244140625,337.42999267578125,338.6300048828125,321.90972900390625,2305000
2023-06-29,338.4100036621094,341.3900146484375,338.1099853515625,341.1600036621094,324.31475830078125,2902700
2023-06-30,343.2200012207031,344.5799865722656,342.760009765625,343.8500061035156,326.8719482421875,3027500
2023-07-03,343.0,344.5299987792969,342.7799987792969,344.07000732421875,327.0811462402344,1698400
2023-07-05,342.3800048828125,343.739990234375,342.25,342.8099975585937,325.88330078125,2717000
2023-07-06,340.239990234375,340.8699951171875,337.70001220703125,339.2300109863281,322.4800720214844,3742400
2023-07-07,337.9700012207031,340.3999938964844,337.19000244140625,337.42999267578125,320.7689514160156,2852200
2023-07-10,337.3999938964844,339.6499938964844,337.1700134277344,339.5799865722656,322.81280517578125,2560200
2023-07-11,340.739990234375,342.9200134277344,339.95001220703125,342.6400146484375,325.7217102050781,2477100
2023-07-12,344.9100036621094,345.8999938964844,343.1499938964844,343.6300048828125,326.6627197265625,4140200
2023-07-13,344.3399963378906,344.8800048828125,343.70001220703125,343.9200134277344,326.9385070800781,2472300
2023-07-14,345.7099914550781,345.9200134277344,344.510009765625,345.1700134277344,328.12677001953125,3293400
2023-07-17,344.5599975585937,346.70001220703125,344.2200012207031,345.8500061035156,328.7732238769531,2860000
2023-07-18,345.6499938964844,349.9100036621094,345.25,349.5799865722656,332.31903076171875,4617200
2023-07-19,350.3999938964844,352.45001220703125,350.3999938964844,350.69000244140625,333.37420654296875,5864300
2023-07-20,351.45001220703125,353.8900146484375,351.3500061035156,352.42999267578125,335.0282592773437,4561300
2023-07-21,352.8099975585937,353.32000732421875,351.7099914550781,352.1400146484375,335.0074157714844,2971700
2023-07-24,352.7099914550781,354.57000732421875,352.5299987792969,354.07000732421875,336.8433837890625,3073700
2023-07-25,353.79998779296875,355.17999267578125,353.54998779296875,354.32000732421875,337.081298828125,2548700
2023-07-26,353.1400146484375,356.2799987792969,353.1199951171875,355.25,337.96600341796875,3084700
2023-07-27,355.8599853515625,356.3599853515625,352.0400085449219,352.7699890136719,335.6067199707031,4771000
2023-07-28,354.510009765625,355.54998779296875,353.42999267578125,354.4800109863281,337.2334899902344,3219000
2023-07-31,354.57000732421875,355.6000061035156,354.19000244140625,355.57000732421875,338.2704162597656,2201400
2023-08-01,355.2699890136719,356.70001220703125,355.1400146484375,356.20001220703125,338.8697814941406,2581900
2023-08-02,354.4800109863281,355.20001220703125,352.1099853515625,352.739990234375,335.5780639648437,5061000
2023-08-03,351.6000061035156,353.3900146484375,351.1199951171875,351.989990234375,334.8647155761719,3307000
2023-08-04,353.1199951171875,354.9599914550781,350.20001220703125,350.6499938964844,333.58984375,4269400
2023-08-07,352.0400085449219,354.8699951171875,351.8800048828125,354.6199951171875,337.3666076660156,2390800
2023-08-08,352.4200134277344,353.3500061035156,349.9200134277344,353.0199890136719,335.8445129394531,3033600
2023-08-09,352.8699951171875,353.67999267578125,350.5400085449219,351.2799987792969,334.1891784667969,2873300
2023-08-10,353.1499938964844,355.9200134277344,351.19000244140625,351.8900146484375,334.7696228027344,4133500
2023-08-11,351.19000244140625,353.7200012207031,350.6099853515625,353.0,335.8255615234375,2602600
2023-08-14,352.7300109863281,353.5,351.7699890136719,353.2099914550781,336.0252380371094,3134100
2023-08-15,351.6700134277344,352.0199890136719,349.17999267578125,349.6099853515625,332.6004943847656,2818700
2023-08-16,349.29998779296875,351.5199890136719,347.7099914550781,347.7699890136719,330.84991455078125,3586800
2023-08-17,348.95001220703125,349.32000732421875,344.82000732421875,345.0599975585937,328.27178955078125,4804100
2023-08-18,342.95001220703125,345.9100036621094,342.67999267578125,345.1199951171875,328.81494140625,3525400
2023-08-21,345.29998779296875,345.7200012207031,342.489990234375,344.6700134277344,328.3861389160156,3176500
2023-08-22,344.7900085449219,345.1400146484375,342.57000732421875,342.9599914550781,326.75689697265625,2816000
2023-08-23,343.5299987792969,345.3999938964844,343.25,344.8299865722656,328.5386047363281,2605400
2023-08-24,344.32000732421875,346.9700012207031,340.9700012207031,341.0299987792969,324.9182434082031,3840800
2023-08-25,342.4599914550781,344.54998779296875,340.3500061035156,343.5,327.2714538574219,3868500
2023-08-28,345.2099914550781,346.6700134277344,344.5,345.7099914550781,329.3770446777344,2382700
2023-08-29,345.5599975585937,348.75,345.3999938964844,348.6199951171875,332.1495056152344,3107700
2023-08-30,349.1000061035156,350.7300109863281,348.5199890136719,349.3999938964844,332.8926696777344,2792900
2023-08-31,350.9200134277344,351.2799987792969,347.739990234375,347.8099975585937,331.3778686523437,2901400
2023-09-01,349.92999267578125,350.3599853515625,347.75,348.9800109863281,332.4925231933594,2533200
2023-09-05,349.0799865722656,349.2799987792969,346.8999938964844,346.9800109863281,330.5870056152344,1906900
2023-09-06,346.45001220703125,346.510009765625,343.4599914550781,345.0,328.7005615234375,2748400
2023-09-07,344.4599914550781,346.239990234375,344.3500061035156,345.69000244140625,329.3579406738281,2378600
2023-09-08,345.7699890136719,347.0400085449219,345.4800109863281,346.510009765625,330.1393127441406,1665900
2023-09-11,348.0199890136719,348.5899963378906,346.510009765625,347.3699951171875,330.9586486816406,1722900
2023-09-12,346.6400146484375,349.29998779296875,346.3599853515625,347.2099914550781,330.8060913085937,1813800
2023-09-13,347.5599975585937,348.510009765625,345.82000732421875,346.54998779296875,330.17730712890625,2025200
2023-09-14,348.6600036621094,350.6300048828125,347.7300109863281,349.94000244140625,333.4072570800781,3489400
2023-09-15,348.260009765625,348.8500061035156,345.6000061035156,346.1400146484375,330.6589050292969,3581700
2023-09-18,346.2799987792969,347.1300048828125,345.3099975585937,346.1499938964844,330.6684265136719,2122800
2023-09-19,345.4700012207031,345.8099975585937,342.9800109863281,345.07000732421875,329.6367492675781,2740900
2023-09-20,346.0400085449219,347.6600036621094,344.20001220703125,344.32000732421875,328.9202575683594,3411400
2023-09-21,343.1700134277344,343.6499938964844,340.4700012207031,340.5799865722656,325.3475952148437,3483700
2023-09-22,340.69000244140625,341.42999267578125,339.32000732421875,339.5799865722656,324.39227294921875,3376400
2023-09-25,338.7300109863281,340.07000732421875,337.69000244140625,339.9800109863281,324.7743225097656,3104700
2023-09-26,337.8699951171875,338.739990234375,335.54998779296875,336.0400085449219,321.0106201171875,4657300
2023-09-27,336.8800048828125,337.1499938964844,332.92999267578125,335.42999267578125,320.4278259277344,4442200
2023-09-28,335.32000732421875,337.6700134277344,334.57000732421875,336.6199951171875,321.5646057128906,4053600
2023-09-29,338.7799987792969,338.8299865722656,333.9100036621094,334.95001220703125,319.9693603515625,3786500
2023-10-02,334.2900085449219,335.0199890136719,332.0799865722656,334.0899963378906,319.14776611328125,4192600
2023-10-03,332.8399963378906,333.8800048828125,329.0400085449219,329.9800109863281,315.2216186523437,4871100
2023-10-04,330.1300048828125,331.4599914550781,328.6099853515625,330.989990234375,316.1864318847656,4877100
2023-10-05,330.82000732421875,331.75,329.3900146484375,331.1700134277344,316.35845947265625,3172200
2023-10-06,330.3500061035156,335.6400146484375,328.4800109863281,334.1000061035156,319.157470703125,4491300
2023-10-09,332.95001220703125,336.3800048828125,332.5899963378906,336.0899963378906,321.05828857421875,3756300
2023-10-10,337.20001220703125,339.010009765625,336.0299987792969,337.45001220703125,322.35760498046875,3769400
2023-10-11,338.19000244140625,338.8399963378906,336.1600036621094,338.0299987792969,322.9116516113281,2773900
2023-10-12,338.7699890136719,338.7699890136719,334.57000732421875,336.2699890136719,321.2303161621094,3315000
2023-10-13,337.4800109863281,339.6099853515625,335.5199890136719,336.67999267578125,321.6220397949219,5154600
2023-10-16,338.7699890136719,340.9100036621094,338.4100036621094,339.8900146484375,324.6884155273437,3969300
2023-10-17,338.3299865722656,341.5199890136719,338.2699890136719,339.989990234375,324.783935546875,3777800
2023-10-18,339.739990234375,339.9700012207031,336.0,336.6300048828125,321.5741271972656,4141200
2023-10-19,336.69000244140625,338.6199951171875,333.760009765625,334.1199951171875,319.1764221191406,5201800
2023-10-20,333.3800048828125,334.2300109863281,331.1300048828125,331.19000244140625,316.5546875,3960800
2023-10-23,329.8999938964844,332.3299865722656,328.8800048828125,329.32000732421875,314.7674255371094,3898300
2023-10-24,331.0,332.70001220703125,329.8500061035156,331.44000244140625,316.7936096191406,3583900
2023-10-25,332.2200012207031,332.69000244140625,329.8299865722656,330.3500061035156,315.7518005371094,3836300
2023-10-26,330.1600036621094,331.0199890136719,327.3599853515625,327.82000732421875,313.3336181640625,4882600
2023-10-27,327.8399963378906,327.8800048828125,323.2099914550781,324.19000244140625,309.86407470703125,4757300
2023-10-30,326.3900146484375,330.0199890136719,326.3699951171875,329.2300109863281,314.68133544921875,4617200
2023-10-31,329.17999267578125,330.67999267578125,327.8399963378906,330.4800109863281,315.8760681152344,3645800
2023-11-01,330.9200134277344,333.3599853515625,330.1000061035156,332.67999267578125,317.9788513183594,4546200
2023-11-02,334.7799987792969,338.5199890136719,334.4100036621094,338.3900146484375,323.4365234375,5356300
2023-11-03,340.1199951171875,341.6199951171875,339.3900146484375,340.6099853515625,325.5583801269531,4046900
2023-11-06,340.8599853515625,341.6400146484375,339.8900146484375,341.0400085449219,325.9694519042969,2766000
2023-11-07,340.7300109863281,342.07000732421875,340.29998779296875,341.5400085449219,326.4472961425781,2793700
2023-11-08,342.1000061035156,342.5899963378906,339.94000244140625,341.1199951171875,326.0458984375,2787900
2023-11-09,342.010009765625,342.04998779296875,338.7699890136719,339.1099853515625,324.1246337890625,3940700
2023-11-10,340.8099975585937,343.29998779296875,339.2699890136719,343.010009765625,327.8523254394531,3268600
2023-11-13,342.3800048828125,344.29998779296875,342.2300109863281,343.57000732421875,328.3876037597656,2624500
2023-11-14,347.5199890136719,349.5199890136719,346.6700134277344,348.4200134277344,333.02325439453125,4815500
2023-11-15,349.2900085449219,350.7799987792969,348.9800109863281,350.2699890136719,334.7915954589844,3149400
2023-11-16,349.5799865722656,350.79998779296875,348.75,350.0199890136719,334.55255126953125,3848000
2023-11-17,349.7799987792969,350.2200012207031,348.7300109863281,349.42999267578125,334.6646423339844,2059200
2023-11-20,349.1000061035156,352.239990234375,349.07000732421875,351.5199890136719,336.66619873046875,2904300
2023-11-21,351.1099853515625,351.2099914550781,350.3599853515625,350.82000732421875,335.99591064453125,1849500
2023-11-22,351.8900146484375,353.1400146484375,351.5,352.5599975585937,337.6623840332031,3486200
2023-11-24,353.1600036621094,353.95001220703125,353.0400085449219,353.79998779296875,338.8500061035156,1245100
2023-11-27,353.6300048828125,354.1400146484375,352.7799987792969,353.32000732421875,338.3902893066406,2532400
2023-11-28,353.489990234375,355.1400146484375,353.0899963378906,354.1099853515625,339.1469421386719,2759600
2023-11-29,354.9700012207031,356.1300048828125,354.3699951171875,354.6499938964844,339.6639709472656,2736300
2023-11-30,356.7099914550781,360.17999267578125,356.45001220703125,360.0,344.7879943847656,4094300
2023-12-01,360.0199890136719,363.25,359.8599853515625,363.0499877929688,347.7090759277344,5852500
2023-12-04,361.1499938964844,362.9500122070313,361.0199890136719,362.6400146484375,347.3163757324219,4211000
2023-12-05,361.8599853515625,362.260009765625,360.7000122070313,361.9100036621094,346.6172180175781,5372700
2023-12-06,362.80999755859375,363.5499877929688,360.8299865722656,361.2200012207031,345.9564514160156,5583700
2023-12-07,361.9599914550781,362.3599853515625,360.9299926757813,361.8299865722656,346.5406188964844,3295600
2023-12-08,361.760009765625,363.6799926757813,361.3800048828125,363.1199951171875,347.776123046875,2930400
2023-12-11,363.6000061035156,364.8699951171875,363.0,364.6900024414063,349.27978515625,3673200
2023-12-12,365.4100036621094,366.6799926757813,364.4299926757813,366.4100036621094,350.9271545410156,3239600
2023-12-13,366.6000061035156,371.739990234375,366.0,371.739990234375,356.0318603515625,4304800
2023-12-14,372.7099914550781,373.6700134277344,371.260009765625,373.3299865722656,357.5547180175781,5507000
2023-12-15,371.739990234375,373.3900146484375,371.3299865722656,372.6300048828125,357.6824035644531,6948400
2023-12-18,373.2900085449219,373.8699951171875,372.760009765625,372.9800109863281,358.018310546875,3403200
2023-12-19,373.239990234375,375.55999755859375,373.1199951171875,375.5,360.437255859375,3749200
2023-12-20,374.6700134277344,376.3399963378906,370.6099853515625,370.7999877929688,355.92578125,4564700
2023-12-21,372.8900146484375,374.1300048828125,371.1600036621094,373.8800048828125,358.8822021484375,3837500
2023-12-22,373.6400146484375,375.30999755859375,372.5799865722656,373.7999877929688,358.805419921875,3330700
2023-12-26,373.6799926757813,376.0899963378906,373.5799865722656,375.3500061035156,360.2933044433594,2217800
2023-12-27,375.1000061035156,376.7900085449219,374.75,376.55999755859375,361.4546813964844,3061200
2023-12-28,376.5199890136719,377.6900024414063,376.5199890136719,377.0299987792969,361.9058837890625,2620400
2023-12-29,376.9500122070313,377.4599914550781,375.2699890136719,376.8699951171875,361.7523193359375,3364400
2024-01-02,374.7999877929688,377.8200073242188,374.7999877929688,377.0899963378906,361.9634704589844,5776300
2024-01-03,375.5700073242188,376.1199951171875,373.8999938964844,374.2099914550781,359.1990051269531,6393600
2024-01-04,374.8399963378906,377.2200012207031,374.3999938964844,374.5400085449219,359.515869140625,4251900
2024-01-05,374.4299926757813,376.25,373.2099914550781,374.6400146484375,359.61181640625,5381700
2024-01-08,373.3999938964844,376.9700012207031,372.4700012207031,376.8399963378906,361.7234802246094,4604900
2024-01-09,374.7999877929688,375.6000061035156,373.75,375.1799926757813,360.1300964355469,3230900
2024-01-10,375.5499877929688,377.4700012207031,375.2900085449219,376.9500122070313,361.8290100097656,2718700
2024-01-11,377.7699890136719,378.1199951171875,374.25,377.1700134277344,362.0402526855469,4095700
2024-01-12,377.4800109863281,378.25,374.7300109863281,375.9100036621094,360.8308715820313,3816700
2024-01-16,374.9700012207031,375.5299987792969,372.0400085449219,373.6600036621094,358.67108154296875,4471600
2024-01-17,371.75,373.75,371.3399963378906,372.7200012207031,357.7688293457031,4361000
2024-01-18,372.2300109863281,375.3299865722656,371.3599853515625,374.80999755859375,359.77490234375,3953400
2024-01-19,375.7799987792969,379.3699951171875,374.4599914550781,378.6000061035156,363.61956787109375,5218600
2024-01-22,379.6900024414063,381.0799865722656,379.0799865722656,380.0700073242188,365.03131103515625,5433400
2024-01-23,379.3599853515625,379.8500061035156,377.9800109863281,379.0400085449219,364.0420837402344,3110100
2024-01-24,380.2099914550781,380.6199951171875,377.9400024414063,378.0899963378906,363.1297607421875,3967200
2024-01-25,379.0700073242188,380.55999755859375,377.9200134277344,380.4800109863281,365.4251708984375,3539100
2024-01-26,379.9800109863281,382.1300048828125,379.9500122070313,381.0899963378906,366.0110473632813,3221000
2024-01-29,381.0,383.4100036621094,380.5400085449219,383.30999755859375,368.1431274414063,2730900
2024-01-30,382.8200073242188,384.9500122070313,382.489990234375,384.489990234375,369.2764587402344,2747900
2024-01-31,385.2099914550781,385.8200073242188,381.3399963378906,381.3699951171875,366.2799377441406,4476600
2024-02-01,381.3999938964844,385.1499938964844,380.9700012207031,385.1000061035156,369.8623046875,3652500
2024-02-02,383.989990234375,387.7799987792969,383.239990234375,386.4200134277344,371.1302490234375,3344800
2024-02-05,385.989990234375,385.989990234375,382.1199951171875,383.5799865722656,368.40240478515625,3761600
2024-02-06,383.9200134277344,385.3699951171875,383.5,385.0799865722656,369.8431396484375,2507800
2024-02-07,386.3900146484375,387.4500122070313,385.6499938964844,386.6700134277344,371.3702087402344,2797600
2024-02-08,387.4700012207031,387.6600036621094,385.510009765625,387.3500061035156,372.0232849121094,2549800
2024-02-09,387.1900024414063,387.5,385.760009765625,386.7200012207031,371.4183044433594,3526300
2024-02-12,386.489990234375,389.4100036621094,386.4400024414063,388.1099853515625,372.7532348632813,2412200
2024-02-13,385.0700073242188,385.1600036621094,380.4599914550781,382.8200073242188,367.6725769042969,5325300
2024-02-14,384.0,384.5499877929688,382.0700073242188,384.2900085449219,369.08447265625,3465200
2024-02-15,385.1900024414063,388.3299865722656,384.8800048828125,388.25,372.88763427734375,3497200
2024-02-16,387.1700134277344,388.25,385.7000122070313,386.1900024414063,371.494873046875,3772300
2024-02-20,385.510009765625,386.5700073242188,384.5400085449219,385.6900024414063,371.0138549804688,3295700
2024-02-21,384.9599914550781,386.1700134277344,383.3200073242188,386.0499877929688,371.3601684570313,3027600
2024-02-22,388.3599853515625,391.4700012207031,387.9100036621094,390.5400085449219,375.6792602539063,4990700
2024-02-23,391.7699890136719,392.8399963378906,390.9200134277344,391.2799987792969,376.3911743164063,3451600
2024-02-26,391.4500122070313,392.4100036621094,390.239990234375,390.7099914550781,375.84271240234375,1914100
2024-02-27,390.3599853515625,390.4500122070313,388.75,389.6600036621094,374.8327941894531,2370900
2024-02-28,387.9400024414063,389.739990234375,387.6000061035156,389.6000061035156,374.7749633789063,3313900
2024-02-29,390.6900024414063,391.1099853515625,388.4500122070313,389.9500122070313,375.1117248535156,3026900
2024-03-01,389.8500061035156,391.6099853515625,388.8800048828125,391.30999755859375,376.41998291015625,3857500
2024-03-04,389.3500061035156,391.25,389.3500061035156,390.2300109863281,375.3810119628906,3048500
2024-03-05,388.989990234375,389.2900085449219,384.9200134277344,386.1900024414063,371.494873046875,4132400
2024-03-06,388.489990234375,389.1300048828125,386.1300048828125,387.1799926757813,372.447021484375,3039100
2024-03-07,389.0700073242188,389.7200012207031,387.8299865722656,388.4500122070313,373.6688232421875,2965700
2024-03-08,388.239990234375,390.4200134277344,387.7099914550781,387.989990234375,373.2262573242188,4256900
2024-03-11,386.9200134277344,388.6499938964844,385.5,388.4200134277344,373.6398315429688,3396000
2024-03-12,389.239990234375,391.4400024414063,387.8399963378906,390.7900085449219,375.919677734375,3275800
2024-03-13,391.6900024414063,392.7900085449219,390.05999755859375,391.2200012207031,376.3334655761719,2788700
2024-03-14,392.1700134277344,392.4100036621094,387.8399963378906,390.0700073242188,375.2272033691406,4471900
2024-03-15,387.739990234375,389.260009765625,386.0400085449219,387.0,373.1665649414063,4372300
2024-03-18,388.3500061035156,388.8599853515625,387.4800109863281,387.7300109863281,373.87054443359375,2060600
2024-03-19,388.1600036621094,391.0899963378906,387.4700012207031,390.8999938964844,376.9271545410156,3303800
2024-03-20,390.1499938964844,395.2200012207031,389.8900146484375,394.989990234375,380.8709716796875,4823900
2024-03-21,396.30999755859375,398.8200073242188,395.80999755859375,397.75,383.5323486328125,4348400
2024-03-22,397.760009765625,398.05999755859375,394.489990234375,394.5299987792969,380.4273071289063,3156100
2024-03-25,393.9200134277344,394.1499938964844,392.8200073242188,392.9500122070313,378.9037780761719,2535600
2024-03-26,393.6799926757813,394.2699890136719,392.6300048828125,392.8500061035156,378.8074340820313,3395400
2024-03-27,395.0,397.5799865722656,394.4700012207031,397.55999755859375,383.3489990234375,4427300
2024-03-28,398.05999755859375,398.55999755859375,397.0400085449219,397.760009765625,383.5419921875,3155000
2024-04-01,397.8200073242188,398.0499877929688,394.7300109863281,395.3299865722656,381.1988220214844,3825200
2024-04-02,391.9700012207031,392.1400146484375,390.2799987792969,391.6300048828125,377.631103515625,4034900
2024-04-03,391.6799926757813,392.9200134277344,389.989990234375,391.260009765625,377.2742614746094,3547000
2024-04-04,394.0299987792969,394.239990234375,385.6000061035156,386.0199890136719,372.2215576171875,5041200
2024-04-05,386.3500061035156,390.4500122070313,386.0799865722656,388.8599853515625,374.9600830078125,4423500
2024-04-08,389.0499877929688,390.1400146484375,388.5700073242188,389.1000061035156,375.19146728515625,2431300
2024-04-09,389.6199951171875,389.9800109863281,385.7300109863281,388.8399963378906,374.9407348632813,4003900
2024-04-10,384.9200134277344,385.9700012207031,383.0299987792969,384.510009765625,370.7655334472656,5173100
2024-04-11,385.4700012207031,386.0799865722656,382.0,384.5400085449219,370.7944641113281,3972800
2024-04-12,382.30999755859375,382.9299926757813,378.80999755859375,379.8699951171875,366.29144287109375,5305100
2024-04-15,383.3299865722656,383.8200073242188,376.6000061035156,377.30999755859375,363.8228759765625,4870700
2024-04-16,379.739990234375,379.9299926757813,377.0400085449219,377.9800109863281,364.4689025878906,4383500
2024-04-17,379.2099914550781,380.1900024414063,376.1400146484375,377.4500122070313,363.9579162597656,4584900
2024-04-18,379.0499877929688,380.9299926757813,376.8500061035156,377.8399963378906,364.3339538574219,4579200
2024-04-19,378.6900024414063,381.0299987792969,377.9200134277344,379.7999877929688,366.4159240722656,5078600
2024-04-22,381.7300109863281,384.4400024414063,379.80999755859375,382.3699951171875,368.8952026367188,4129000
2024-04-23,383.6900024414063,385.5899963378906,382.9100036621094,385.0199890136719,371.4519348144531,3126400
2024-04-24,384.8699951171875,385.4700012207031,383.0199890136719,384.4400024414063,370.8923950195313,3575800
2024-04-25,379.7900085449219,381.5499877929688,377.4800109863281,380.9200134277344,367.4964294433594,4682800
2024-04-26,380.75,383.3399963378906,380.5299987792969,382.30999755859375,368.83740234375,4252400
2024-04-29,383.1000061035156,384.0299987792969,382.0700073242188,383.7999877929688,370.2750549316406,3265900
2024-04-30,382.4599914550781,382.75,378.0799865722656,378.1300048828125,364.8048095703125,3463600
2024-05-01,378.3800048828125,383.4800109863281,377.9800109863281,378.8900146484375,365.5379943847656,5731600
2024-05-02,381.1499938964844,382.9100036621094,378.8999938964844,382.2300109863281,368.7602844238281,3535600
2024-05-03,387.1400146484375,387.989990234375,385.05999755859375,386.7699890136719,373.1403503417969,4471100
2024-05-06,388.3200073242188,388.739990234375,386.8299865722656,388.4500122070313,374.7611389160156,2596100
2024-05-07,389.1700134277344,389.75,388.3399963378906,388.739990234375,375.0408935546875,2428600
2024-05-08,388.3399963378906,390.9100036621094,388.1900024414063,390.4800109863281,376.7196044921875,2855100
2024-05-09,390.1099853515625,394.260009765625,390.010009765625,394.0,380.1155090332031,4141200
2024-05-10,395.25,395.8999938964844,394.1000061035156,395.1799926757813,381.2539367675781,3505600
2024-05-13,396.3800048828125,396.6099853515625,394.0700073242188,394.4599914550781,380.5592651367188,2635800
2024-05-14,394.5400085449219,396.25,393.80999755859375,395.5799865722656,381.6398620605469,2702700
2024-05-15,397.239990234375,399.5,396.9400024414063,399.2799987792969,385.20947265625,3421200
2024-05-16,399.75,401.0,399.1300048828125,399.2099914550781,385.14202880859375,2877200
2024-05-17,399.1099853515625,400.0199890136719,398.4400024414063,399.9500122070313,386.4308166503906,2702900
2024-05-20,399.7699890136719,400.7200012207031,397.8399963378906,398.1000061035156,384.6432495117188,2094800
2024-05-21,398.3200073242188,399.05999755859375,397.7699890136719,398.7799987792969,385.3003234863281,1618300
2024-05-22,397.9500122070313,398.8500061035156,395.510009765625,396.6600036621094,383.2520751953125,2647200
2024-05-23,397.05999755859375,397.0899963378906,390.25,390.6600036621094,377.454833984375,3361200
2024-05-24,391.2200012207031,392.25,390.1600036621094,390.6400146484375,377.435546875,2072200
2024-05-28,389.80999755859375,390.2200012207031,387.0199890136719,388.6000061035156,375.4644470214844,2176100
2024-05-29,385.30999755859375,385.7200012207031,384.239990234375,384.5799865722656,371.5803833007813,2715000
2024-05-30,381.3699951171875,382.3999938964844,380.4100036621094,381.4800109863281,368.5851745605469,4063400
2024-05-31,381.9800109863281,387.6099853515625,381.2699890136719,387.5299987792969,374.4306640625,4748400
2024-06-03,387.8699951171875,387.8900146484375,382.9299926757813,386.239990234375,373.1842346191406,3614300
2024-06-04,385.0,388.3800048828125,384.5400085449219,387.510009765625,374.411376953125,2822500
2024-06-05,388.6000061035156,388.9700012207031,385.9700012207031,388.5299987792969,375.3968200683594,2181400
2024-06-06,388.80999755859375,390.5899963378906,387.7900085449219,389.3299865722656,376.1697692871094,2241900
2024-06-07,388.8800048828125,391.6199951171875,387.8900146484375,388.489990234375,375.3582763671875,1952000
2024-06-10,388.0299987792969,389.3599853515625,387.1900024414063,389.2900085449219,376.1311645507813,1380600
2024-06-11,387.6600036621094,388.2000122070313,384.8999938964844,387.9700012207031,374.855712890625,2522600
2024-06-12,391.5799865722656,391.9100036621094,386.6900024414063,387.6900024414063,374.5851745605469,3866700
2024-06-13,386.8200073242188,387.6700134277344,384.5899963378906,386.8800048828125,373.8025817871094,3136100
2024-06-14,384.6199951171875,386.5400085449219,383.6300048828125,386.4599914550781,373.3967895507813,2884300
2024-06-17,385.25,389.2099914550781,384.9800109863281,388.5799865722656,375.44525146484375,2025300
2024-06-18,388.9100036621094,390.1900024414063,388.0199890136719,389.1400146484375,375.9862365722656,1848700
2024-06-20,388.739990234375,393.1099853515625,388.3800048828125,392.0700073242188,378.8172302246094,3588000
2024-06-21,391.6700134277344,392.4700012207031,390.4599914550781,391.3399963378906,378.9565734863281,2592100
2024-06-24,392.4700012207031,395.5899963378906,391.8999938964844,393.9800109863281,381.5130920410156,3096600
2024-06-25,393.55999755859375,394.1099853515625,389.8200073242188,391.0199890136719,378.6467895507813,2879100
2024-06-26,390.0899963378906,391.7300109863281,389.010009765625,391.239990234375,378.85980224609375,1501900
2024-06-27,390.6099853515625,392.3900146484375,390.1600036621094,391.55999755859375,379.1697387695313,1601100
2024-06-28,391.3699951171875,394.3200073242188,389.2000122070313,391.1300048828125,378.7533264160156,3624400
2024-07-01,392.0799865722656,394.2900085449219,390.260009765625,391.4599914550781,379.0728759765625,2536500
2024-07-02,390.7900085449219,393.2900085449219,390.6900024414063,393.2900085449219,380.8449401855469,1711600
2024-07-03,393.7300109863281,394.05999755859375,392.1400146484375,392.8299865722656,380.39947509765625,2319100
2024-07-05,393.1900024414063,394.0,391.6499938964844,393.7000122070313,381.241943359375,2011000
2024-07-08,394.4100036621094,396.7300109863281,392.7799987792969,393.4599914550781,381.0095520019531,3374500
2024-07-09,393.2200012207031,395.0400085449219,391.4700012207031,392.9400024414063,380.5060119628906,3821600
2024-07-10,392.9400024414063,397.4599914550781,392.6300048828125,397.260009765625,384.6893005371094,4234300
2024-07-11,397.5,398.8900146484375,396.30999755859375,397.6300048828125,385.0475769042969,4020700
2024-07-12,398.8599853515625,402.6900024414063,398.1199951171875,400.3200073242188,387.6524353027344,4711800
2024-07-15,402.4700012207031,403.5799865722656,401.3999938964844,402.3599853515625,389.62786865234375,4433500
2024-07-16,403.8599853515625,409.989990234375,403.8500061035156,409.6600036621094,396.6968688964844,6547600
2024-07-17,408.55999755859375,412.3399963378906,408.55999755859375,411.9299926757813,398.8950500488281,4490600
2024-07-18,410.6799926757813,413.8599853515625,406.0499877929688,406.7200012207031,393.8499450683594,4922200
2024-07-19,405.3699951171875,406.05999755859375,401.9500122070313,402.9500122070313,390.3854370117188,4284500
2024-07-22,404.0400085449219,404.7300109863281,402.2200012207031,404.1499938964844,391.5481567382813,2314000
2024-07-23,404.2900085449219,405.2900085449219,403.2200012207031,403.489990234375,390.90863037109375,1693500
2024-07-24,401.7300109863281,402.6300048828125,398.0799865722656,398.6700134277344,386.2389221191406,3701300
2024-07-25,398.6300048828125,404.3900146484375,398.3699951171875,399.489990234375,387.03326416015625,4179800
2024-07-26,401.80999755859375,407.6199951171875,401.7099914550781,405.9700012207031,393.3112487792969,2810600
2024-07-29,406.8599853515625,407.0,403.9599914550781,405.510009765625,392.8655700683594,2039000
2024-07-30,405.8699951171875,408.7200012207031,405.2799987792969,407.4100036621094,394.70648193359375,2576400
2024-07-31,407.4599914550781,412.010009765625,406.489990234375,408.489990234375,395.7528076171875,5634800
2024-08-01,409.7000122070313,410.9299926757813,400.9599914550781,403.2300109863281,390.6567687988281,5497900
2024-08-02,399.9299926757813,400.3800048828125,393.55999755859375,397.1300048828125,384.7469482421875,4844900
2024-08-05,386.5199890136719,390.2999877929688,384.9299926757813,386.80999755859375,374.748779296875,8680200
2024-08-06,387.55999755859375,394.5199890136719,386.260009765625,389.9599914550781,377.8005065917969,4058000
2024-08-07,392.6300048828125,394.7900085449219,387.2799987792969,387.7699890136719,375.67877197265625,3969400
2024-08-08,389.510009765625,395.1400146484375,389.239990234375,394.5199890136719,382.2183227539063,2993500
2024-08-09,394.1799926757813,396.489990234375,392.4200134277344,395.1499938964844,382.8287048339844,3380200
2024-08-12,395.9500122070313,396.0400085449219,392.6099853515625,393.7699890136719,381.4915771484375,1902000
2024-08-13,395.0700073242188,398.1300048828125,394.0700073242188,397.7900085449219,385.3863525390625,3510800
2024-08-14,397.739990234375,400.8800048828125,397.510009765625,400.0899963378906,387.6146240234375,5230400
2024-08-15,404.739990234375,406.1400146484375,403.1799926757813,405.8800048828125,393.22412109375,3764100
2024-08-16,405.0299987792969,407.3699951171875,404.6000061035156,406.739990234375,394.375,2789200
2024-08-19,407.3599853515625,409.3200073242188,407.260009765625,409.1099853515625,396.6729431152344,2012400
2024-08-20,408.6199951171875,409.3500061035156,407.7799987792969,408.55999755859375,396.13970947265625,1999600
2024-08-21,409.3200073242188,409.989990234375,407.5899963378906,408.989990234375,396.5566101074219,1439000
2024-08-22,409.7000122070313,410.5,406.0199890136719,407.4800109863281,395.0925598144531,2353500
2024-08-23,409.2900085449219,412.3200073242188,408.55999755859375,411.8299865722656,399.3103637695313,3818300
2024-08-26,412.6400146484375,414.5199890136719,411.6499938964844,412.7200012207031,400.1733093261719,3145000
2024-08-27,412.2900085449219,413.0700073242188,411.3599853515625,412.8900146484375,400.3380737304688,1710200
2024-08-28,412.6600036621094,413.9299926757813,408.7099914550781,411.3399963378906,398.8351745605469,2732600
2024-08-29,414.3699951171875,416.2999877929688,411.2999877929688,413.9100036621094,401.3270263671875,5024800
2024-08-30,414.510009765625,416.5499877929688,412.1199951171875,416.2099914550781,403.55712890625,2283800
2024-09-03,414.1900024414063,415.1799926757813,408.6199951171875,410.25,397.7783508300781,3754700
2024-09-04,409.9700012207031,412.5499877929688,409.2300109863281,410.4200134277344,397.9430847167969,2131200
2024-09-05,411.3399963378906,411.6600036621094,405.9800109863281,408.4599914550781,396.0426940917969,2234700
2024-09-06,408.9599914550781,411.0,403.7799987792969,404.4700012207031,392.1740417480469,3351000
2024-09-09,407.3599853515625,410.8900146484375,406.1099853515625,409.0499877929688,396.6147766113281,3038200
2024-09-10,410.1000061035156,410.1300048828125,404.9700012207031,408.260009765625,395.8487854003906,1970500
2024-09-11,407.1499938964844,409.9299926757813,400.80999755859375,409.2699890136719,396.828125,3134600
2024-09-12,409.7000122070313,412.0,407.4800109863281,411.9700012207031,399.4459838867188,3131600
2024-09-13,412.5899963378906,416.30999755859375,412.3500061035156,414.9400024414063,402.32568359375,5210300
2024-09-16,416.4500122070313,418.5499877929688,415.6499938964844,417.3800048828125,404.6914978027344,3881100
2024-09-17,418.2900085449219,419.489990234375,415.80999755859375,417.260009765625,404.5751953125,2561700
2024-09-18,417.5,421.0,415.5499877929688,416.1900024414063,403.5377807617188,3173600
2024-09-19,421.9800109863281,422.7799987792969,419.3800048828125,421.4100036621094,408.5990905761719,4073000
2024-09-20,419.3800048828125,421.2999877929688,418.5,420.5700073242188,408.995849609375,2902200
2024-09-23,421.1199951171875,421.7000122070313,420.0,421.1099853515625,409.52093505859375,2318700
2024-09-24,421.6700134277344,422.6499938964844,420.3800048828125,422.1300048828125,410.5129089355469,2790700
2024-09-25,422.4400024414063,422.9400024414063,418.3800048828125,419.1199951171875,407.5857849121094,2048000
2024-09-26,421.239990234375,422.1199951171875,420.2000122070313,421.6199951171875,410.0169372558594,2703700
2024-09-27,422.5899963378906,426.2000122070313,422.239990234375,422.9500122070313,411.3103332519531,3667700
2024-09-30,422.4200134277344,423.2999877929688,419.0799865722656,423.1199951171875,411.4756774902344,3819800
2024-10-01,422.4200134277344,423.1499938964844,419.2900085449219,421.5,409.9002380371094,5101300
2024-10-02,421.8299865722656,422.5,419.5799865722656,421.9100036621094,410.29888916015625,2599600
2024-10-03,420.3399963378906,421.1199951171875,418.2799987792969,419.9800109863281,408.422119140625,2534400
2024-10-04,422.3699951171875,423.6099853515625,419.6600036621094,423.4100036621094,411.7576293945313,2520900
2024-10-07,422.1099853515625,422.9299926757813,418.260009765625,419.6099853515625,408.062255859375,2632600
2024-10-08,420.510009765625,421.2799987792969,418.7099914550781,420.7999877929688,409.2195434570313,1872900
2024-10-09,420.8900146484375,425.6600036621094,420.0299987792969,425.0499877929688,413.3525695800781,3935100
2024-10-10,425.0,425.0700073242188,423.0400085449219,424.6600036621094,412.9733581542969,2179000
2024-10-11,425.2799987792969,429.0700073242188,425.010009765625,428.7300109863281,416.9313049316406,3753500
2024-10-14,428.3200073242188,431.4200134277344,427.1900024414063,430.8900146484375,419.0317687988281,2180600
2024-10-15,429.3299865722656,430.1300048828125,427.0299987792969,427.5400085449219,415.7740173339844,3291200
2024-10-16,427.1799926757813,431.0799865722656,426.9200134277344,430.7200012207031,418.8665161132813,2583700
2024-10-17,432.5400085449219,432.8900146484375,431.2000122070313,432.4500122070313,420.54888916015625,3462800
2024-10-18,432.260009765625,433.2000122070313,430.3299865722656,432.6400146484375,420.878662109375,2303700
2024-10-21,432.4299926757813,433.0400085449219,428.760009765625,429.3699951171875,417.6975708007813,2702600
2024-10-22,427.6400146484375,430.4200134277344,427.1600036621094,429.30999755859375,417.6392517089844,2306100
2024-10-23,427.0299987792969,427.760009765625,422.9200134277344,425.1600036621094,413.60198974609375,4006500
2024-10-24,424.3200073242188,424.6700134277344,421.9400024414063,423.7799987792969,412.2596740722656,1936600
2024-10-25,425.4500122070313,426.0,420.4700012207031,421.1400146484375,409.6913757324219,2518800
2024-10-28,423.5499877929688,424.8200073242188,423.2699890136719,424.0700073242188,412.5416564941406,2912000
2024-10-29,422.2300109863281,424.9700012207031,421.760009765625,422.5,411.0142517089844,2697700
2024-10-30,422.0199890136719,424.6499938964844,421.4500122070313,421.75,410.2847290039063,2933600
2024-10-31,419.2300109863281,419.9299926757813,417.0199890136719,417.6700134277344,406.3157043457031,4297100
2024-11-01,419.6700134277344,423.2999877929688,419.30999755859375,420.4200134277344,408.9909057617188,3856400
2024-11-04,419.8399963378906,420.2999877929688,416.4400024414063,418.0499877929688,406.6852416992188,3125400
2024-11-05,418.2699890136719,422.6199951171875,417.7099914550781,422.2999877929688,410.81982421875,3093100
2024-11-06,434.6600036621094,437.7900085449219,433.7099914550781,437.2300109863281,425.3438415527344,7271800
2024-11-07,437.5299987792969,438.25,436.4299926757813,437.3900146484375,425.4996337890625,4267900
2024-11-08,438.2999877929688,441.7000122070313,437.3999938964844,440.1099853515625,428.1456298828125,5014300
2024-11-11,441.8800048828125,444.8699951171875,441.8200073242188,443.010009765625,430.96685791015625,4065100
2024-11-12,443.5799865722656,444.2200012207031,439.0499877929688,439.3900146484375,427.4452819824219,3483000
2024-11-13,439.9100036621094,441.5499877929688,438.4400024414063,439.80999755859375,427.8538818359375,2631000
2024-11-14,440.5899963378906,440.9400024414063,437.1000061035156,437.7000122070313,425.8010864257813,2528300
2024-11-15,435.8399963378906,436.510009765625,433.5199890136719,434.510009765625,422.9549255371094,3486900
2024-11-18,434.1700134277344,435.3299865722656,433.1900024414063,434.1900024414063,422.6433715820313,2243000
2024-11-19,430.7300109863281,434.1199951171875,429.6400146484375,432.8399963378906,421.3294067382813,3202500
2024-11-20,433.5499877929688,434.9100036621094,430.9200134277344,434.2900085449219,422.74072265625,3956000
2024-11-21,435.8599853515625,440.5400085449219,433.6300048828125,438.9700012207031,427.2962951660156,7558000
2024-11-22,439.5899963378906,443.5700073242188,439.3200073242188,443.1600036621094,431.3749084472656,5492800
2024-11-25,446.6099853515625,448.3999938964844,445.3999938964844,447.55999755859375,435.6578979492188,2976100
2024-11-26,446.55999755859375,449.3299865722656,444.6600036621094,448.8800048828125,436.9427795410156,4126500
2024-11-27,449.1799926757813,450.6400146484375,447.3699951171875,447.739990234375,435.83306884765625,2985900
2024-11-29,448.2999877929688,451.2799987792969,448.239990234375,450.0899963378906,438.1205749511719,3474100
2024-12-02,450.6099853515625,451.0,447.9299926757813,448.739990234375,436.8064575195313,2661200
2024-12-03,449.1499938964844,449.6000061035156,446.6099853515625,447.8900146484375,435.9790954589844,1697400
2024-12-04,449.8500061035156,451.5499877929688,448.7799987792969,450.9400024414063,438.9479675292969,3694400
2024-12-05,450.4800109863281,451.4800109863281,448.3500061035156,448.6700134277344,436.7383117675781,1917600
2024-12-06,449.489990234375,449.9599914550781,446.7799987792969,447.1499938964844,435.2587890625,1973900
2024-12-09,447.6499938964844,448.2799987792969,444.7999877929688,445.0799865722656,433.2438354492188,1998600
2024-12-10,444.510009765625,445.7999877929688,442.9500122070313,443.6900024414063,431.8908081054688,2461000
2024-12-11,444.1099853515625,444.739990234375,442.3800048828125,442.510009765625,430.7421569824219,2084300
2024-12-12,442.489990234375,443.1199951171875,440.0499877929688,440.2699890136719,428.561767578125,3585300
2024-12-13,440.8599853515625,441.5299987792969,438.9200134277344,439.3699951171875,427.6856689453125,2548400
2024-12-16,439.6499938964844,440.6700134277344,437.9500122070313,438.3699951171875,426.7122802734375,1987500
2024-12-17,436.1799926757813,436.8299865722656,434.4299926757813,435.5700073242188,423.9867248535156,3130300
2024-12-18,435.9800109863281,438.0400085449219,423.9800109863281,424.2200012207031,412.9386291503906,6135700
2024-12-19,427.510009765625,428.9700012207031,424.4500122070313,424.5299987792969,413.2403869628906,4948000
2024-12-20,422.05999755859375,432.0799865722656,421.7200012207031,428.5400085449219,418.3489074707031,6069600
2024-12-23,427.2999877929688,429.4400024414063,424.9800109863281,428.8900146484375,418.69049072265625,2602700
2024-12-24,428.8900146484375,432.6300048828125,428.2799987792969,432.5,422.2146911621094,1431700
2024-12-26,430.9700012207031,433.6700134277344,430.9200134277344,433.2099914550781,422.9077758789063,1867400
2024-12-27,430.5799865722656,432.2900085449219,427.4299926757813,430.0,419.7741088867188,2429100
2024-12-30,425.4700012207031,427.6600036621094,422.5199890136719,425.7699890136719,415.6447143554688,3858300
2024-12-31,426.9100036621094,427.739990234375,424.0400085449219,425.5,415.3810729980469,2442700
2025-01-02,428.3399963378906,428.9599914550781,421.5899963378906,423.7999877929688,413.7215881347656,4231500
2025-01-03,425.8500061035156,427.7699890136719,424.2000122070313,427.1600036621094,417.0016479492188,2203200
2025-01-06,428.8599853515625,431.1199951171875,426.0799865722656,427.1300048828125,416.9724426269531,3463300
2025-01-07,428.8999938964844,429.3200073242188,423.8599853515625,425.3299865722656,415.215087890625,2053900
2025-01-08,425.4100036621094,426.55999755859375,423.260009765625,426.1300048828125,415.99615478515625,2020200
2025-01-10,424.2799987792969,424.3299865722656,418.7999877929688,419.3299865722656,409.3577880859375,3415500
2025-01-13,418.760009765625,423.239990234375,418.510009765625,422.9599914550781,412.9015808105469,2608100
2025-01-14,424.8800048828125,425.510009765625,421.5499877929688,425.1499938964844,415.03948974609375,2643300
2025-01-15,431.55999755859375,433.2799987792969,430.5,432.239990234375,421.9608459472656,4059800
2025-01-16,432.0899963378906,432.9100036621094,430.760009765625,431.55999755859375,421.2969970703125,2532500
2025-01-17,434.5400085449219,436.3900146484375,433.9700012207031,434.7200012207031,424.541259765625,2771000
2025-01-21,436.3500061035156,440.4299926757813,436.30999755859375,440.1000061035156,429.7953796386719,2113800
2025-01-22,441.489990234375,442.0,440.3500061035156,441.2799987792969,430.9476318359375,3724100
2025-01-23,441.5199890136719,445.4500122070313,441.5199890136719,445.3800048828125,434.9516906738281,2352500
2025-01-24,444.7999877929688,445.4800109863281,443.3399963378906,444.1199951171875,433.7211608886719,2022000
2025-01-27,440.6400146484375,447.30999755859375,440.5400085449219,447.1199951171875,436.65087890625,3822400
2025-01-28,447.2000122070313,449.739990234375,446.1799926757813,448.4100036621094,437.9106750488281,2233500
2025-01-29,448.2099914550781,449.6099853515625,445.7699890136719,447.1799926757813,436.70947265625,2225100
2025-01-30,446.5400085449219,450.1099853515625,446.3500061035156,448.8200073242188,438.3111267089844,2322600
2025-01-31,450.0299987792969,450.3599853515625,445.0400085449219,445.3900146484375,434.9614562988281,3085400
2025-02-03,439.6099853515625,445.8999938964844,438.7000122070313,444.2699890136719,433.86767578125,4527700
2025-02-04,444.2300109863281,446.0,443.2699890136719,445.5299987792969,435.0982360839844,1890500
2025-02-05,445.7200012207031,448.8500061035156,443.4100036621094,448.6700134277344,438.1645812988281,2273400
2025-02-06,449.3500061035156,449.7300109863281,445.3900146484375,447.3599853515625,436.8852844238281,1867200
2025-02-07,447.7799987792969,448.489990234375,442.7999877929688,443.1199951171875,432.7445983886719,2259200
2025-02-10,445.8200073242188,446.2699890136719,443.1000061035156,444.7799987792969,434.3656921386719,1858100
2025-02-11,443.3399963378906,446.5400085449219,443.2300109863281,446.1099853515625,435.66455078125,1436200
2025-02-12,442.3399963378906,444.7900085449219,441.0700073242188,443.6300048828125,433.2426452636719,2444500
2025-02-13,445.3299865722656,447.8500061035156,443.7000122070313,447.260009765625,436.7876586914063,2961500
2025-02-14,447.1000061035156,448.0400085449219,445.3500061035156,445.7900085449219,435.3520202636719,2005400
2025-02-18,445.2799987792969,446.0,443.6300048828125,445.9200134277344,435.4789733886719,2451200
2025-02-19,444.7799987792969,446.7999877929688,443.5499877929688,446.6700134277344,436.2114562988281,2239400
2025-02-20,445.2699890136719,445.55999755859375,439.9700012207031,442.3900146484375,432.0316467285156,2960000
2025-02-21,439.1000061035156,439.3900146484375,433.3500061035156,434.1499938964844,424.6170349121094,3842200
2025-02-24,435.8299865722656,436.8999938964844,433.3500061035156,434.5299987792969,424.9888000488281,3629300
2025-02-25,435.5400085449219,437.5400085449219,432.6499938964844,436.1300048828125,426.55364990234375,2953100
2025-02-26,436.4400024414063,438.5199890136719,433.0,434.3399963378906,424.8029479980469,2427800
2025-02-27,434.4400024414063,438.75,432.1000061035156,432.3500061035156,422.8566589355469,3296900
2025-02-28,433.05999755859375,438.8200073242188,431.0199890136719,438.3699951171875,428.7444763183594,3249900
2025-03-03,439.5400085449219,440.6900024414063,429.4800109863281,432.0899963378906,422.6023559570313,3925200
2025-03-04,429.6799926757813,431.0899963378906,423.8500061035156,425.5700073242188,416.2254638671875,3586900
2025-03-05,425.2099914550781,431.6000061035156,424.4500122070313,430.4700012207031,421.0178833007813,3018300
2025-03-06,426.1700134277344,430.1199951171875,424.0400085449219,425.8999938964844,416.54833984375,2824100
2025-03-07,424.1000061035156,429.3200073242188,421.9800109863281,428.260009765625,418.8564453125,3719500
2025-03-10,423.3900146484375,426.0499877929688,416.6199951171875,419.489990234375,410.2790222167969,3442800
2025-03-11,418.4700012207031,419.0299987792969,412.25,414.739990234375,405.63330078125,3893400
2025-03-12,416.9599914550781,417.5700073242188,410.55999755859375,413.9500122070313,404.8606872558594,2960500
2025-03-13,413.3500061035156,414.1900024414063,407.25,408.7799987792969,399.80419921875,2557200
2025-03-14,410.8299865722656,415.9100036621094,409.9100036621094,415.3599853515625,406.2396240234375,2422700
2025-03-17,414.9400024414063,420.7799987792969,414.8399963378906,419.2099914550781,410.0051574707031,2141000
2025-03-18,418.4200134277344,418.6700134277344,414.8800048828125,416.5299987792969,407.3839721679688,1844100
2025-03-19,417.6099853515625,422.489990234375,416.7999877929688,420.4200134277344,411.1885681152344,1813800
2025-03-20,417.9200134277344,423.1400146484375,417.6400146484375,420.1199951171875,410.8952026367188,1646500
2025-03-21,416.0499877929688,420.010009765625,414.1900024414063,419.6199951171875,411.190185546875,2485700
2025-03-24,423.3500061035156,426.2300109863281,422.7900085449219,425.489990234375,416.9422302246094,2474900
2025-03-25,426.3200073242188,426.8399963378906,424.3599853515625,425.8200073242188,417.2655944824219,3997600
2025-03-26,426.3299865722656,428.1400146484375,423.1400146484375,424.2300109863281,415.7075500488281,2442100
2025-03-27,423.6799926757813,425.0899963378906,421.4599914550781,422.9400024414063,414.44342041015625,1646000
2025-03-28,421.9800109863281,422.3800048828125,415.2000122070313,415.6199951171875,407.2705078125,2600600
2025-03-31,412.2000122070313,421.3599853515625,411.4400024414063,419.8800048828125,411.4449462890625,2985300
2025-04-01,418.4100036621094,421.2799987792969,415.0,419.5899963378906,411.1607360839844,2384800
2025-04-02,416.3699951171875,423.6499938964844,416.1799926757813,422.0299987792969,413.5517578125,2299800
2025-04-03,410.9200134277344,411.6099853515625,405.0,405.2200012207031,397.0794067382813,7440100
2025-04-04,394.9299926757813,396.6499938964844,382.6799926757813,383.2200012207031,375.5213928222656,8667200
2025-04-07,371.3800048828125,392.2099914550781,366.3200073242188,379.5700073242188,371.9447326660156,12718200
2025-04-08,393.4800109863281,394.3599853515625,371.0299987792969,376.4800109863281,368.9168395996094,7283000
2025-04-09,372.0400085449219,407.7900085449219,372.0400085449219,406.0799865722656,397.9220581054688,9861100
2025-04-10,399.6000061035156,400.1900024414063,384.30999755859375,395.6799926757813,387.7310791015625,6624200
2025-04-11,394.4400024414063,404.0899963378906,392.6900024414063,401.9100036621094,393.8359375,3789900
2025-04-14,407.4800109863281,407.8599853515625,401.7099914550781,405.4200134277344,397.2753601074219,2286200
2025-04-15,405.7900085449219,408.0199890136719,403.5299987792969,403.7099914550781,395.5997924804688,2387300
2025-04-16,402.30999755859375,404.2900085449219,394.0400085449219,396.7699890136719,388.7991943359375,3004400
2025-04-17,391.4800109863281,394.4200134277344,389.510009765625,391.3599853515625,383.68841552734375,4537500
2025-04-21,388.4599914550781,388.7000122070313,378.3500061035156,381.6199951171875,374.1392822265625,2881800
2025-04-22,386.0700073242188,392.6600036621094,385.2000122070313,391.8699951171875,384.1883850097656,3308100
2025-04-23,399.2900085449219,403.75,394.8999938964844,395.9100036621094,388.1492614746094,4049200
2025-04-24,395.510009765625,401.6799926757813,393.7999877929688,400.9800109863281,393.1197814941406,4010500
2025-04-25,399.8800048828125,401.3699951171875,397.1400146484375,401.0199890136719,393.1589965820313,1790800
2025-04-28,401.7999877929688,404.1700134277344,398.7200012207031,402.2699890136719,394.3845520019531,1534700
2025-04-29,402.3999938964844,406.3200073242188,402.2000122070313,405.2099914550781,397.266845703125,1888100
2025-04-30,402.4299926757813,407.7799987792969,397.4100036621094,406.3399963378906,398.3747253417969,2487400
2025-05-01,408.5499877929688,410.9299926757813,407.0199890136719,407.4200134277344,399.4335632324219,1917600
2025-05-02,411.7799987792969,413.8699951171875,410.3299865722656,413.0400085449219,404.94342041015625,2277700
2025-05-05,410.8200073242188,414.4400024414063,410.4599914550781,412.260009765625,404.1786193847656,3866000
2025-05-06,408.4700012207031,411.739990234375,407.510009765625,408.239990234375,400.2374572753906,1745600
2025-05-07,409.8599853515625,412.7999877929688,408.1499938964844,411.0499877929688,402.9923400878906,2420600
2025-05-08,413.1000061035156,417.75,411.5700073242188,413.8800048828125,405.7669372558594,2001000
2025-05-09,414.4400024414063,415.1700134277344,411.5700073242188,412.4200134277344,404.3355102539063,1789200
2025-05-12,422.9599914550781,424.2999877929688,421.0899963378906,424.2300109863281,415.9140319824219,2398600
2025-05-13,422.6799926757813,423.989990234375,421.4200134277344,421.510009765625,413.2473449707031,3018000
2025-05-14,422.0799865722656,422.6600036621094,419.6099853515625,420.5499877929688,412.3061218261719,3064800
2025-05-15,418.5400085449219,423.6799926757813,418.489990234375,423.4800109863281,415.1786804199219,3927000
2025-05-16,423.739990234375,426.7799987792969,422.5,426.5499877929688,418.5068054199219,2430300
2025-05-19,423.7000122070313,428.6600036621094,423.6300048828125,428.0400085449219,419.9686279296875,3121500
2025-05-20,427.3999938964844,428.2000122070313,425.0299987792969,426.9700012207031,418.91888427734375,1971000
2025-05-21,423.0899963378906,424.5700073242188,418.0899963378906,418.75,410.8538513183594,3624800
2025-05-22,417.8699951171875,421.1499938964844,417.3699951171875,418.8200073242188,410.9225158691406,2638600
2025-05-23,413.9400024414063,418.1700134277344,413.8299865722656,416.3299865722656,408.4794616699219,3117800
2025-05-27,420.7000122070313,423.8599853515625,419.1900024414063,423.8500061035156,415.8576049804688,3126600
2025-05-28,423.7300109863281,424.8299865722656,420.739990234375,421.4200134277344,413.4735107421875,1790900
2025-05-29,422.4599914550781,423.0199890136719,418.5799865722656,422.4599914550781,414.493896484375,2751400
2025-05-30,422.1600036621094,424.2699890136719,419.510009765625,422.8500061035156,414.8765258789063,2957500
2025-06-02,421.30999755859375,423.8500061035156,419.0799865722656,423.7099914550781,415.7203063964844,2636100
2025-06-03,423.0700073242188,426.3699951171875,422.4700012207031,426.010009765625,417.97698974609375,2332600
2025-06-04,426.3800048828125,427.1600036621094,424.8599853515625,424.9400024414063,416.9271240234375,2163300
2025-06-05,425.9500122070313,426.8200073242188,422.8599853515625,423.9700012207031,415.9754638671875,3018800
2025-06-06,427.7799987792969,430.0899963378906,426.5499877929688,428.3800048828125,420.3022766113281,3081100
2025-06-09,428.5199890136719,429.7200012207031,426.4299926757813,428.3599853515625,420.2826232910156,2680200
2025-06-10,428.2699890136719,430.1000061035156,427.8699951171875,429.6099853515625,421.509033203125,2022600
2025-06-11,429.8599853515625,432.05999755859375,428.1700134277344,429.6000061035156,421.4992980957031,3025000
2025-06-12,428.2000122070313,430.5499877929688,426.9700012207031,430.489990234375,422.3724365234375,2587700
2025-06-13,426.1099853515625,426.9200134277344,421.6000061035156,422.80999755859375,414.8372802734375,4826100
2025-06-16,425.0499877929688,428.2000122070313,424.8800048828125,426.2799987792969,418.2419128417969,3177100
2025-06-17,424.4599914550781,426.4200134277344,422.3599853515625,423.1099853515625,415.1316223144531,2450200
2025-06-18,423.6700134277344,426.2099914550781,422.2300109863281,422.8399963378906,414.86669921875,2786700
2025-06-20,423.3699951171875,424.1499938964844,420.7200012207031,421.760009765625,414.9837951660156,3810500
2025-06-23,422.0,425.9599914550781,419.6199951171875,425.7200012207031,418.8801574707031,4315000
2025-06-24,428.5299987792969,431.7300109863281,427.6799926757813,430.7900085449219,423.8687438964844,4958200
2025-06-25,430.75,430.9100036621094,428.510009765625,429.8599853515625,422.9536437988281,3265500
2025-06-26,430.8200073242188,434.1900024414063,430.7999877929688,433.9299926757813,426.9582824707031,2444800
2025-06-27,435.1499938964844,439.55999755859375,435.1000061035156,438.0,430.9629211425781,3621000
2025-06-30,440.4500122070313,441.260009765625,438.6600036621094,440.6499938964844,433.5703430175781,2827800
2025-07-01,440.1900024414063,445.9700012207031,440.0,444.8900146484375,437.7422180175781,4520300
2025-07-02,444.6799926757813,445.3999938964844,443.3699951171875,444.7099914550781,437.5650939941406,3141700
2025-07-03,445.6700134277344,448.8599853515625,445.5700073242188,448.0899963378906,440.8907165527344,2807100
2025-07-07,447.3800048828125,447.8399963378906,441.55999755859375,444.0,436.8665161132813,3657500
2025-07-08,443.6900024414063,444.3800048828125,442.0499877929688,442.3800048828125,435.2725524902344,3563200
2025-07-09,444.3900146484375,445.6000061035156,442.2799987792969,444.5199890136719,437.3781127929688,3251900
2025-07-10,444.3800048828125,447.80999755859375,443.7000122070313,446.5,439.3262939453125,2262600
2025-07-11,443.6700134277344,444.4599914550781,442.760009765625,443.5700073242188,436.4433898925781,3345500
2025-07-14,443.1099853515625,444.760009765625,442.4800109863281,444.5799865722656,437.4371643066406,2244700
2025-07-15,444.5799865722656,445.1700134277344,440.1400146484375,440.1499938964844,433.078369140625,3810700
2025-07-16,441.8599853515625,442.6099853515625,437.6400146484375,442.3599853515625,435.2528381347656,4230300
2025-07-17,442.0499877929688,445.6099853515625,441.9800109863281,445.2200012207031,438.0669250488281,3790800
2025-07-18,445.7300109863281,445.7799987792969,442.1199951171875,443.260009765625,436.3158264160156,3901900
2025-07-21,444.2000122070313,446.010009765625,443.1400146484375,443.4400024414063,436.4929809570313,2548800
2025-07-22,442.8599853515625,445.4500122070313,442.8399963378906,444.9599914550781,437.9891662597656,3091600
2025-07-23,447.25,450.25,446.3500061035156,450.2099914550781,443.1569213867188,5486500
2025-07-24,447.010009765625,449.1300048828125,446.75,447.1099853515625,440.1054382324219,5078300
2025-07-25,447.5299987792969,449.4100036621094,446.4100036621094,449.0199890136719,441.9855651855469,3710600
2025-07-28,448.6600036621094,449.4800109863281,447.3800048828125,448.3399963378906,441.3162231445313,2864200
2025-07-29,448.6300048828125,448.8500061035156,445.6499938964844,446.4800109863281,439.4853820800781,3146200
2025-07-30,446.7099914550781,447.3800048828125,442.6099853515625,444.760009765625,437.7923278808594,3765000
2025-07-31,445.2699890136719,446.2000122070313,440.5,441.3299865722656,434.416015625,4223300
2025-08-01,437.75,437.760009765625,433.3999938964844,435.7200012207031,428.8938903808594,5980000
2025-08-04,437.8800048828125,441.8999938964844,437.5899963378906,441.80999755859375,434.8885498046875,5065800
2025-08-05,441.7999877929688,443.0,439.2099914550781,441.1400146484375,434.2290344238281,4081600
2025-08-06,442.1099853515625,442.9500122070313,440.1300048828125,441.9700012207031,435.0459899902344,2975300
2025-08-07,444.2699890136719,445.010009765625,437.9800109863281,439.7200012207031,432.8312072753906,5205100
2025-08-08,440.80999755859375,442.8800048828125,440.30999755859375,441.9200134277344,434.9967956542969,3684500
2025-08-11,442.3299865722656,442.8699951171875,439.2300109863281,440.010009765625,433.11669921875,3538100
2025-08-12,441.6900024414063,445.1499938964844,441.1400146484375,444.6799926757813,437.7135314941406,5012600
2025-08-13,446.4400024414063,449.6499938964844,446.0499877929688,449.4200134277344,442.3793029785156,6203200
2025-08-14,447.739990234375,449.6400146484375,446.9800109863281,449.1600036621094,442.1233520507813,4553200
2025-08-15,451.8999938964844,452.0499877929688,448.9700012207031,449.5299987792969,442.749755859375,5584400
2025-08-18,449.3500061035156,449.9700012207031,448.6300048828125,449.0499877929688,442.2769470214844,3809100
2025-08-19,449.8500061035156,452.1499938964844,448.2099914550781,449.2900085449219,442.513427734375,5794900
2025-08-20,449.7900085449219,450.5199890136719,447.6700134277344,449.3599853515625,442.5823059082031,4731400
2025-08-21,447.7200012207031,449.0700073242188,445.8800048828125,447.9500122070313,441.193603515625,3780700
2025-08-22,450.4200134277344,457.8699951171875,450.2900085449219,456.6400146484375,449.7525939941406,8534700
2025-08-25,455.6400146484375,456.1900024414063,453.0299987792969,453.0700073242188,446.2363586425781,3898200
2025-08-26,452.7900085449219,454.75,452.5400085449219,454.489990234375,447.6349487304688,3190500
2025-08-27,454.2799987792969,456.6400146484375,454.2099914550781,456.0299987792969,449.1517639160156,2943900
2025-08-28,456.5299987792969,457.2000122070313,454.7900085449219,456.7900085449219,449.9002685546875,3576500
2025-08-29,456.1199951171875,456.8399963378906,454.2799987792969,456.0899963378906,449.2107543945313,3605900
2025-09-02,451.989990234375,453.7000122070313,450.1600036621094,453.6099853515625,446.7681884765625,6009200
2025-09-03,452.8800048828125,453.739990234375,450.5299987792969,453.260009765625,446.4234924316406,3948200
2025-09-04,453.5499877929688,457.260009765625,452.55999755859375,457.0499877929688,450.15625,4524200
2025-09-05,457.1199951171875,458.6700134277344,452.9800109863281,454.989990234375,448.12744140625,5828200
2025-09-08,455.3800048828125,456.2900085449219,453.6300048828125,456.2000122070313,449.3192138671875,4395200
2025-09-09,455.9599914550781,458.5499877929688,455.2200012207031,458.010009765625,451.1018981933594,5979400
2025-09-10,457.7099914550781,457.8999938964844,454.7099914550781,455.9299926757813,449.05322265625,5412200
2025-09-11,456.8500061035156,462.3200073242188,456.6000061035156,461.9200134277344,454.9529418945313,6352100
2025-09-12,461.25,461.6900024414063,459.0700073242188,459.3200073242188,452.3921508789063,3784600
2025-09-15,460.010009765625,460.9100036621094,458.8299865722656,460.0700073242188,453.13079833984375,4862200
2025-09-16,460.1099853515625,460.7999877929688,457.7799987792969,458.7799987792969,451.8602294921875,4526100
2025-09-17,459.7900085449219,463.8500061035156,457.9599914550781,461.260009765625,454.3028564453125,5998000
2025-09-18,461.2900085449219,464.3699951171875,460.6600036621094,462.6300048828125,455.6521911621094,6681000
2025-09-19,462.7200012207031,463.7799987792969,460.8699951171875,462.9400024414063,457.2601623535156,5871400
2025-09-22,461.1600036621094,464.2900085449219,460.1600036621094,463.6700134277344,457.9812622070313,4074900
2025-09-23,464.2200012207031,467.0,462.0299987792969,462.8699951171875,457.1910705566406,5904600
2025-09-24,463.4500122070313,464.4200134277344,460.7999877929688,461.0199890136719,455.3637390136719,4588800
2025-09-25,459.8999938964844,461.0799865722656,457.7099914550781,459.4299926757813,453.7932434082031,4767200
2025-09-26,461.2699890136719,463.4100036621094,460.3200073242188,462.2799987792969,456.6082763671875,4167200
2025-09-29,463.760009765625,463.7799987792969,461.30999755859375,463.0400085449219,457.3589782714844,3752700
2025-09-30,462.6199951171875,464.0899963378906,460.8399963378906,463.739990234375,458.05029296875,4253300
2025-10-01,462.5700073242188,465.1400146484375,462.5499877929688,464.260009765625,458.5640563964844,4551600
2025-10-02,464.30999755859375,465.7699890136719,462.6199951171875,465.1099853515625,459.4035949707031,5458300
2025-10-03,465.7900085449219,470.3800048828125,465.6799926757813,467.510009765625,461.7741394042969,9693900
2025-10-06,468.3200073242188,468.4700012207031,464.2300109863281,466.8399963378906,461.1123352050781,7405400
2025-10-07,467.5499877929688,468.6099853515625,464.3900146484375,465.9700012207031,460.2530212402344,7368700
2025-10-08,467.3200073242188,468.1300048828125,464.9299926757813,466.0700073242188,460.3517761230469,4621200
2025-10-09,466.1700134277344,466.7799987792969,462.6099853515625,463.5,457.8133544921875,5411000
2025-10-10,465.1199951171875,466.5,454.7200012207031,454.8699951171875,449.2892150878906,9309100
2025-10-13,458.2300109863281,461.55999755859375,458.05999755859375,460.6799926757813,455.0278930664063,6272500
2025-10-14,457.0299987792969,465.2200012207031,454.55999755859375,462.7099914550781,457.0329895019531,7827400
2025-10-15,464.6700134277344,466.9400024414063,460.25,462.7099914550781,457.0329895019531,6187100
2025-10-16,463.3699951171875,464.2699890136719,457.8399963378906,459.55999755859375,453.9216918945313,8149500
2025-10-17,459.2999877929688,463.1099853515625,458.9200134277344,461.7799987792969,456.268310546875,8439900
2025-10-20,463.4500122070313,467.5299987792969,463.4299926757813,467.0199890136719,461.4457702636719,4556600
2025-10-21,467.0700073242188,471.25,466.9100036621094,469.2200012207031,463.6195068359375,5951600
2025-10-22,469.2099914550781,469.239990234375,464.4800109863281,465.7799987792969,460.2205810546875,7604700
2025-10-23,465.5499877929688,467.9700012207031,464.8599853515625,467.2900085449219,461.7125549316406,5144200
2025-10-24,470.0199890136719,473.239990234375,469.2799987792969,472.2099914550781,466.5738525390625,7228900
2025-10-27,474.760009765625,475.6199951171875,473.7099914550781,475.3500061035156,469.6763305664063,4720200
2025-10-28,478.7999877929688,479.4100036621094,476.8200073242188,477.1499938964844,471.4548645019531,9435500
2025-10-29,478.6499938964844,480.3900146484375,474.489990234375,476.3699951171875,470.6841735839844,10006500
2025-10-30,474.1000061035156,480.1499938964844,473.9100036621094,475.010009765625,469.3404541015625,9338300
2025-10-31,475.8599853515625,477.1600036621094,473.4200134277344,475.6700134277344,469.9925537109375,7990900
2025-11-03,476.1600036621094,476.2999877929688,471.2999877929688,473.4700012207031,467.8188171386719,4858700
2025-11-04,470.4200134277344,472.7099914550781,468.7999877929688,470.8999938964844,465.2794494628906,6013300
2025-11-05,470.7999877929688,474.55999755859375,470.3999938964844,473.1099853515625,467.4630737304688,7030200
2025-11-06,472.0899963378906,473.4400024414063,467.8500061035156,469.2799987792969,463.6788330078125,7125200
2025-11-07,468.2799987792969,469.9500122070313,464.8599853515625,469.8599853515625,464.2518615722656,8604400
2025-11-10,471.8999938964844,474.2000122070313,469.4500122070313,473.8200073242188,468.1646118164063,5636600
2025-11-11,474.260009765625,479.8599853515625,474.0,479.4100036621094,473.6878967285156,4839100
2025-11-12,480.489990234375,484.3999938964844,480.489990234375,482.760009765625,476.9979248046875,7066900
2025-11-13,481.3999938964844,482.4100036621094,474.2200012207031,474.739990234375,469.0736083984375,8722300
2025-11-14,471.3800048828125,474.0499877929688,468.8699951171875,471.7999877929688,466.1687316894531,10940200
2025-11-17,470.8699951171875,472.3599853515625,464.5400085449219,466.3200073242188,460.754150390625,7599500
2025-11-18,462.1700134277344,464.1000061035156,459.5299987792969,461.2999877929688,455.7940368652344,12817500
2025-11-19,461.510009765625,463.3999938964844,459.4200134277344,461.760009765625,456.24853515625,5833400
2025-11-20,466.6400146484375,469.0299987792969,457.7099914550781,458.1000061035156,452.63226318359375,13414200
2025-11-21,459.5400085449219,465.8200073242188,457.8500061035156,462.5700073242188,457.624267578125,11821400
2025-11-24,463.75,465.8699951171875,461.010009765625,464.4400024414063,459.4743041992188,6206800
2025-11-25,465.5799865722656,471.8999938964844,463.4500122070313,471.1799926757813,466.1422424316406,7203600
2025-11-26,472.2000122070313,475.7900085449219,471.9299926757813,474.3500061035156,469.2783203125,5689100
2025-11-28,474.8200073242188,477.6099853515625,474.8200073242188,477.1799926757813,472.0780944824219,2281800
2025-12-01,474.3399963378906,476.9500122070313,472.9500122070313,473.3200073242188,468.2593688964844,4413900
2025-12-02,474.2099914550781,476.4599914550781,473.1199951171875,475.260009765625,470.17864990234375,5233500
2025-12-03,474.8299865722656,480.1799926757813,474.6700134277344,479.4100036621094,474.28424072265625,5994200
2025-12-04,479.7099914550781,481.2300109863281,477.5,479.0700073242188,473.9479064941406,4003800
2025-12-05,479.4800109863281,481.9299926757813,479.2900085449219,480.0299987792969,474.8976440429688,4596600
2025-12-08,480.489990234375,480.5199890136719,476.8399963378906,478.1499938964844,473.0377197265625,4427600
2025-12-09,478.0700073242188,480.2799987792969,476.0899963378906,476.4200134277344,471.3262023925781,4266900
2025-12-10,476.1300048828125,482.75,475.3599853515625,481.3500061035156,476.2034912109375,5476200
2025-12-11,482.2000122070313,488.3800048828125,481.9599914550781,487.8699951171875,482.6537780761719,6972300
2025-12-12,488.7000122070313,489.6600036621094,484.1700134277344,485.3999938964844,480.2101745605469,7089900
2025-12-15,487.5799865722656,487.7300109863281,483.7099914550781,485.1700134277344,479.9826965332031,4891300
2025-12-16,484.4599914550781,485.4800109863281,480.3299865722656,481.9800109863281,476.8267517089844,5373200
2025-12-17,482.80999755859375,484.7900085449219,479.489990234375,479.7999877929688,474.6700744628906,6381600
2025-12-18,482.1799926757813,484.6300048828125,479.4100036621094,480.510009765625,475.3725280761719,6422800
2025-12-19,480.6199951171875,482.7999877929688,480.4299926757813,481.1499938964844,477.0421142578125,6439100
2025-12-22,481.8599853515625,484.4299926757813,481.8599853515625,483.4599914550781,479.3323974609375,4162000
2025-12-23,482.1799926757813,485.1199951171875,482.1799926757813,484.2300109863281,480.0958251953125,3677800
2025-12-24,484.1900024414063,487.5700073242188,483.5899963378906,487.010009765625,482.85205078125,1544000
2025-12-26,486.8399963378906,487.6199951171875,485.7300109863281,487.0299987792969,482.8719177246094,2711500
2025-12-29,485.8900146484375,486.9100036621094,483.75,484.5899963378906,480.4527282714844,3390100
2025-12-30,484.6199951171875,484.6700134277344,482.8200073242188,483.5899963378906,479.4613037109375,3042700
2025-12-31,483.6499938964844,483.80999755859375,480.3599853515625,480.5700073242188,476.4670715332031,3441900
2026-01-02,481.8500061035156,483.9500122070313,478.3800048828125,483.6300048828125,479.5009460449219,7021100
2026-01-05,484.4100036621094,492.0400085449219,484.25,489.7699890136719,485.5885009765625,7574400
2026-01-06,489.3299865722656,495.1199951171875,488.9599914550781,494.6099853515625,490.3871765136719,6061400
2026-01-07,495.6499938964844,496.25,489.5,489.9599914550781,485.77685546875,5603700
2026-01-08,487.80999755859375,493.5199890136719,487.80999755859375,492.5299987792969,488.3249816894531,6544800
2026-01-09,492.8599853515625,495.7000122070313,491.9100036621094,495.0199890136719,490.793701171875,6004600
2026-01-12,492.3299865722656,496.3399963378906,490.0499877929688,495.8999938964844,491.6661682128906,5722400
2026-01-13,495.5499877929688,495.9599914550781,490.6300048828125,491.9400024414063,487.7399597167969,5966400
2026-01-14,490.6600036621094,491.9400024414063,488.5499877929688,491.5799865722656,487.3830871582031,6767800
2026-01-15,492.3699951171875,495.8299865722656,492.2099914550781,494.4800109863281,490.2583618164063,8519900
2026-01-16,494.5,496.0,492.2699890136719,493.4200134277344,489.384521484375,5845500
2026-01-20,486.1700134277344,489.05999755859375,484.25,484.8800048828125,480.9143676757813,7416300
2026-01-21,485.6700134277344,492.9100036621094,485.55999755859375,490.7999877929688,486.7859191894531,6718600
2026-01-22,493.4700012207031,496.010009765625,492.4599914550781,493.6900024414063,489.6523132324219,5087200
2026-01-23,491.8200073242188,492.1300048828125,489.55999755859375,490.9299926757813,486.9148864746094,4915700
2026-01-26,491.9100036621094,494.8500061035156,491.4700012207031,494.05999755859375,490.0192565917969,3722800
2026-01-27,490.6900024414063,491.5899963378906,488.55999755859375,490.05999755859375,486.0519714355469,5971400
2026-01-28,490.2799987792969,491.3900146484375,488.9299926757813,490.1300048828125,486.1213684082031,4726500
2026-01-29,490.0799865722656,492.9500122070313,485.8900146484375,490.2099914550781,486.2007446289063,9706500
2026-01-30,489.1099853515625,490.4800109863281,484.55999755859375,489.0299987792969,485.0303955078125,8112100
2026-02-02,488.8699951171875,494.80999755859375,486.9800109863281,494.0299987792969,489.9895324707031,5584500
2026-02-03,493.1400146484375,496.5199890136719,488.2799987792969,492.30999755859375,488.2835998535156,8799100
2026-02-04,493.9200134277344,496.5,491.1099853515625,494.75,490.7036437988281,8797100
2026-02-05,492.510009765625,493.4400024414063,488.2300109863281,488.9100036621094,484.9114074707031,7767500
2026-02-06,492.3699951171875,501.6700134277344,492.1300048828125,501.0299987792969,496.9322509765625,10635300
2026-02-09,500.1099853515625,502.1600036621094,498.30999755859375,501.2200012207031,497.1206970214844,6414800
2026-02-10,502.3399963378906,505.2999877929688,501.260009765625,501.8999938964844,497.7951354980469,8163100
2026-02-11,504.2099914550781,505.1199951171875,499.1300048828125,501.3299865722656,497.2297668457031,5743800
2026-02-12,503.1300048828125,504.5400085449219,494.3200073242188,494.6700134277344,490.624267578125,9160300
2026-02-13,495.0400085449219,497.7799987792969,491.2000122070313,495.2799987792969,491.2293090820313,8378100
2026-02-17,495.3299865722656,497.5700073242188,492.1099853515625,495.8500061035156,491.7946166992188,6779400
2026-02-18,496.7799987792969,499.3399963378906,494.6499938964844,497.0,492.9352722167969,4454300
2026-02-19,495.55999755859375,496.489990234375,492.4100036621094,494.3800048828125,490.336669921875,4625400
2026-02-20,492.5400085449219,497.0,491.3900146484375,496.0799865722656,492.6335754394531,6086800
2026-02-23,494.5,496.989990234375,487.1499938964844,488.010009765625,484.61962890625,8269200
2026-02-24,488.3900146484375,492.8500061035156,487.4500122070313,491.7900085449219,488.3734130859375,5335000
2026-02-25,493.6300048828125,495.1300048828125,491.8999938964844,494.8200073242188,491.3823547363281,4446200
2026-02-26,497.0,498.2099914550781,492.239990234375,494.8599853515625,491.4220581054688,6467000
2026-02-27,489.6300048828125,490.9500122070313,486.760009765625,489.6600036621094,486.2582092285156,7198400
2026-03-02,484.3399963378906,490.9800109863281,484.1499938964844,489.1799926757813,485.781494140625,7218500
2026-03-03,480.1600036621094,487.3900146484375,476.7300109863281,485.5199890136719,482.14691162109375,11570700
2026-03-04,486.55999755859375,489.0299987792969,483.9500122070313,487.739990234375,484.35150146484375,7590700
2026-03-05,483.8200073242188,485.489990234375,476.1499938964844,479.8399963378906,476.5064392089844,8758600
2026-03-06,473.7200012207031,476.2300109863281,470.4599914550781,475.2300109863281,471.928466796875,8206100
2026-03-09,470.8800048828125,479.3800048828125,466.6799926757813,477.8800048828125,474.55999755859375,10305600
2026-03-10,477.739990234375,482.8699951171875,475.010009765625,477.7000122070313,474.38128662109375,6265600
2026-03-11,477.3999938964844,477.7699890136719,472.4599914550781,474.80999755859375,471.5113525390625,6701700
2026-03-12,470.3399963378906,471.4800109863281,467.4100036621094,467.4800109863281,464.2323303222656,8000200
2026-03-13,469.9400024414063,472.1000061035156,465.7799987792969,466.4100036621094,463.1697387695313,7471700
2026-03-16,470.0700073242188,472.7000122070313,468.9800109863281,470.2999877929688,467.0326843261719,7059900
2026-03-17,473.3800048828125,475.1300048828125,470.6300048828125,470.8999938964844,467.6285095214844,6189400
2026-03-18,468.7699890136719,469.75,462.760009765625,463.0,459.783447265625,7090700
2026-03-19,459.9700012207031,463.3699951171875,458.1600036621094,461.05999755859375,457.85687255859375,7882800
2026-03-20,458.7300109863281,460.5700073242188,453.5400085449219,455.8900146484375,453.7009582519531,10543300
2026-03-23,463.2999877929688,467.0400085449219,460.9200134277344,461.9700012207031,459.751708984375,9978100
2026-03-24,458.4200134277344,463.9400024414063,457.4400024414063,461.1700134277344,458.9555969238281,8188000
2026-03-25,465.7300109863281,467.239990234375,461.7999877929688,464.1400146484375,461.9113464355469,7019700
2026-03-26,461.5400085449219,465.4299926757813,458.9400024414063,459.30999755859375,457.1045227050781,8284000
2026-03-27,457.3599853515625,457.5,450.489990234375,451.3900146484375,449.22259521484375,6938500
2026-03-30,455.6000061035156,456.1199951171875,450.4400024414063,452.05999755859375,449.8893127441406,9181600
2026-03-31,456.80999755859375,463.8200073242188,454.6700134277344,463.1900024414063,460.96588134765625,11656300
2026-04-01,466.0,467.8999938964844,464.5,465.4800109863281,463.2449340820313,7790300
2026-04-02,460.1600036621094,467.5199890136719,458.8800048828125,465.05999755859375,462.8268737792969,3955900
2026-04-06,464.1600036621094,467.0199890136719,463.4599914550781,466.7699890136719,464.5286865234375,2905300
2026-04-07,465.75,466.30999755859375,462.1099853515625,465.8800048828125,463.6429443359375,3943200
2026-04-08,478.8800048828125,480.2000122070313,475.55999755859375,479.1600036621094,476.8592224121094,4697500
2026-04-09,477.489990234375,483.2699890136719,477.010009765625,481.8999938964844,479.5860290527344,4213700
2026-04-10,482.2000122070313,482.3999938964844,478.6300048828125,479.25,476.9487915039063,2659000
2026-04-13,476.1000061035156,482.2799987792969,475.1499938964844,482.1300048828125,479.8149108886719,3768700
2026-04-14,482.4100036621094,485.9700012207031,481.8599853515625,485.489990234375,483.1587829589844,4217900
2026-04-15,486.510009765625,487.0799865722656,482.8599853515625,484.7200012207031,482.39251708984375,3474500
2026-04-16,485.8200073242188,486.7799987792969,483.3500061035156,485.6300048828125,483.2981262207031,4111500
2026-04-17,490.6700134277344,497.0400085449219,490.3599853515625,494.2200012207031,492.0556335449219,10238700
2026-04-20,493.4500122070313,494.7799987792969,492.30999755859375,494.3299865722656,492.1651306152344,3764000
2026-04-21,497.239990234375,498.3800048828125,490.3200073242188,491.3599853515625,489.2080993652344,4322200
2026-04-22,495.3200073242188,496.1400146484375,493.2300109863281,494.760009765625,492.5932922363281,4022400
2026-04-23,492.5499877929688,495.1300048828125,488.510009765625,493.0,490.8409423828125,4077300
2026-04-24,493.0499877929688,493.489990234375,490.7699890136719,492.2099914550781,490.0544128417969,3372300
2026-04-27,491.6000061035156,493.5499877929688,490.2900085449219,491.8299865722656,489.6761169433594,2132100
2026-04-28,493.4599914550781,493.8200073242188,490.7699890136719,491.4200134277344,489.2679138183594,3057100
2026-04-29,490.9500122070313,491.489990234375,487.0,488.6700134277344,486.5299377441406,3322300
2026-04-30,490.9800109863281,497.5799865722656,490.3900146484375,496.6499938964844,494.4749755859375,5352300
2026-05-01,498.8399963378906,499.9299926757813,494.9100036621094,495.0199890136719,492.8521118164063,4402600
2026-05-04,493.5,494.3299865722656,489.0,489.55999755859375,487.4160461425781,3310400
2026-05-05,491.8900146484375,493.5899963378906,490.0299987792969,492.9599914550781,490.8011169433594,3386200
2026-05-06,496.9800109863281,500.0799865722656,496.8999938964844,499.0499877929688,496.8644714355469,4317300
2026-05-07,500.510009765625,501.2000122070313,494.7699890136719,495.9100036621094,493.73822021484375,4490500
2026-05-08,498.4800109863281,498.5499877929688,494.9299926757813,496.1300048828125,493.957275390625,3495200
2026-05-11,495.7999877929688,497.8399963378906,494.760009765625,497.1099853515625,494.9329223632813,4249100
2026-05-12,496.510009765625,498.4100036621094,493.1900024414063,497.8900146484375,495.7095642089844,7445700
2026-05-13,496.1600036621094,497.6099853515625,494.6400146484375,497.1400146484375,494.9628601074219,3256800
2026-05-14,501.3900146484375,502.1600036621094,498.8500061035156,500.7999877929688,498.6068115234375,4920500
2026-05-15,497.3200073242188,497.739990234375,495.0799865722656,495.3699951171875,493.4725341796875,5300700
2026-05-18,495.6499938964844,497.6400146484375,493.6000061035156,497.010009765625,495.1062622070313,5496200
2026-05-19,494.8299865722656,496.3399963378906,492.5799865722656,493.9800109863281,492.0878601074219,5361300
2026-05-20,495.8699951171875,500.9299926757813,492.489990234375,500.239990234375,498.3238525390625,6516100
2026-05-21,498.7799987792969,504.0499877929688,497.2099914550781,503.1099853515625,501.1828918457031,6576000
2026-05-22,507.010009765625,508.739990234375,505.6900024414063,506.1199951171875,504.181396484375,5172200
2026-05-26,507.5700073242188,508.239990234375,503.9700012207031,505.25,503.314697265625,3897800
2026-05-27,505.9299926757813,508.7000122070313,505.80999755859375,506.8800048828125,504.9384765625,4247800
2026-05-28,505.3399963378906,508.2099914550781,503.6400146484375,507.0499877929688,505.1077880859375,3709600
2026-05-29,507.8999938964844,511.30999755859375,507.2000122070313,510.7799987792969,508.823486328125,5346700
2026-06-01,509.8500061035156,511.8599853515625,508.3299865722656,511.4400024414063,509.4809875488281,4424800
2026-06-02,509.0799865722656,514.489990234375,508.9299926757813,514.0499877929688,512.0809936523438,5078000
2026-06-03,511.1700134277344,512.8499755859375,507.989990234375,508.260009765625,506.3132019042969,4098000
2026-06-04,513.6900024414062,517.5800170898438,512.6799926757812,516.7000122070312,514.7208862304688,6390700
2026-06-05,517.7100219726562,517.75,508.75,509.7000122070313,507.7476501464844,6610700
2026-06-08,510.7699890136719,513.760009765625,508.3200073242188,508.9100036621094,506.960693359375,4825700
2026-06-09,511.4800109863281,513.5399780273438,503.0799865722656,509.4100036621094,507.458740234375,6249400
2026-06-10,507.489990234375,508.739990234375,500.1000061035156,500.25,498.3338317871094,5153400
2026-06-11,503.1900024414063,510.760009765625,501.5700073242188,509.3599853515625,507.408935546875,6353900
2026-06-12,512.8900146484375,515.2999877929688,509.4800109863281,513.0599975585938,511.09478759765625,8384500
2026-06-15,519.22998046875,520.8400268554688,517.8699951171875,518.4400024414062,516.4542236328125,5379400
2026-06-16,520.3200073242188,523.2999877929688,520.0599975585938,521.4400024414062,519.4426879882812,4812600
2026-06-17,521.260009765625,524.1699829101562,515.2999877929688,516.2999877929688,514.3223266601562,6563500
2026-06-18,518.4299926757812,519.52001953125,515.4299926757812,515.52001953125,514.9467163085938,7134400
2026-06-22,516.8400268554688,518.9099731445312,515.989990234375,517.0800170898438,516.5050048828125,6552200
2026-06-23,514.6799926757812,518.719970703125,512.969970703125,516.6199951171875,516.0454711914062,5039200
2026-06-24,516.1900024414062,522.4299926757812,516.010009765625,518.52001953125,517.943359375,4395900
2026-06-25,521.1900024414062,526.5700073242188,518.5499877929688,519.260009765625,518.6825561523438,5357500
2026-06-26,517.0,521.280029296875,516.0999755859375,517.75,517.1741943359375,3823600
2026-06-29,520.6300048828125,522.97998046875,519.4000244140625,521.6799926757812,521.0997924804688,5733400
2026-06-30,522.3499755859375,523.1400146484375,519.5900268554688,522.3900146484375,521.8090209960938,3607900
2026-07-01,521.4299926757812,526.719970703125,519.6199951171875,522.4000244140625,521.8190307617188,3438400
2026-07-02,525.489990234375,528.260009765625,523.72998046875,527.8800048828125,527.29296875,3518700
2026-07-06,528.719970703125,530.0900268554688,525.8499755859375,530.0900268554688,529.50048828125,3236900
2026-07-07,532.510009765625,532.5399780273438,527.1099853515625,528.4500122070312,527.8623046875,4489200
2026-07-08,523.3400268554688,524.4600219726562,520.030029296875,522.77001953125,522.1885986328125,3575000
2026-07-09,523.6500244140625,525.1500244140625,522.1400146484375,524.1900024414062,523.6070556640625,3056400
2026-07-10,525.6400146484375,526.469970703125,521.739990234375,525.780029296875,525.1952514648438,3469400
2026-07-13,525.8400268554688,527.8599853515625,522.9000244140625,524.469970703125,523.88671875,2723800
2026-07-14,523.3200073242188,526.719970703125,522.5599975585938,524.6900024414062,524.1064453125,3664000
2026-07-15,525.9000244140625,527.72998046875,523.7000122070312,525.9500122070312,525.3651123046875,3246900
2026-07-16,526.8099975585938,527.9299926757812,523.0700073242188,524.8300170898438,524.246337890625,3173300
2026-07-17,519.6400146484375,525.3599853515625,518.9000244140625,520.8099975585938,520.3785400390625,4741300
2026-07-20,522.0399780273438,523.4000244140625,517.1599731445312,517.9400024414062,517.5109252929688,2336600
2026-07-21,519.6300048828125,523.010009765625,518.1199951171875,521.510009765625,521.0779418945312,3240700
2026-07-22,521.6300048828125,524.3699951171875,521.010009765625,521.469970703125,521.0379638671875,3204100
2026-07-23,515.0700073242188,518.1699829101562,514.719970703125,516.260009765625,515.8323364257812,4305100
2026-07-24,517.280029296875,520.5599975585938,516.27001953125,518.760009765625,518.3302612304688,3328400
2026-07-27,524.7000122070312,525.3400268554688,519.2899780273438,521.260009765625,520.8281860351562,3355200
2026-07-28,526.1900024414062,528.469970703125,523.6699829101562,526.8900146484375,526.4534912109375,5157900
2026-07-29,522.4600219726562,523.1699829101562,514.8200073242188,515.4099731445312,514.9829711914062,7369400
2026-07-30,518.8400268554688,521.97998046875,515.8699951171875,521.510009765625,521.0779418945312,3225300
2026-07-31,524.0800170898438,525.6099853515625,519.25,524.3200073242188,523.8856201171875,3981100
2026-08-03,529.5499877929688,531.6500244140625,528.6900024414062,531.219970703125,530.7799072265625,4328000
2026-08-04,537.9000244140625,542.0900268554688,536.0,540.4299926757812,539.9822998046875,6705400
2026-08-05,543.2999877929688,546.75,542.6500244140625,542.8099975585938,542.3602905273438,5256700
2026-08-06,543.7999877929688,544.5700073242188,537.6900024414062,538.1900024414062,537.744140625,3651800
2026-08-07,538.7100219726562,540.219970703125,537.4299926757812,539.6199951171875,539.1729736328125,2230100
2026-08-10,538.7000122070312,540.02001953125,537.8800048828125,538.989990234375,538.54345703125,3408900
2026-08-11,539.9099731445312,541.719970703125,536.9099731445312,537.280029296875,536.8348999023438,2826800
2026-08-12,539.010009765625,539.1900024414062,536.8599853515625,537.1500244140625,536.7050170898438,3167600
2026-08-13,538.7000122070312,539.969970703125,535.6900024414062,537.9099731445312,537.46435546875,2033100
2026-08-14,537.4099731445312,538.280029296875,536.2000122070312,536.7999877929688,536.3552856445312,2089100
2026-08-17,534.5,535.97998046875,533.489990234375,534.1900024414062,533.7474365234375,2668100
2026-08-18,533.3800048828125,534.260009765625,532.02001953125,532.9099731445312,532.468505859375,3825700
2026-08-19,535.3300170898438,536.6799926757812,533.5800170898438,534.27001953125,533.827392578125,3062700
2026-08-20,530.3499755859375,531.780029296875,527.2000122070312,527.510009765625,527.072998046875,2868500
2026-08-21,530.030029296875,532.9099731445312,529.4299926757812,532.219970703125,532.219970703125,3034400
2026-08-24,531.8300170898438,534.47998046875,531.8300170898438,533.6500244140625,533.6500244140625,4587500
2026-08-25,536.3699951171875,536.52001953125,533.1900024414062,535.239990234375,535.239990234375,2443900
2026-08-26,535.3400268554688,535.9500122070312,533.3099975585938,534.22998046875,534.22998046875,1761300
2026-08-27,533.5599975585938,536.6300048828125,532.9199829101562,535.219970703125,535.219970703125,2500300
2026-08-28,536.530029296875,537.72998046875,534.4000244140625,535.0599975585938,535.0599975585938,2655400
2026-08-31,533.5599975585938,533.5599975585938,530.780029296875,531.5700073242188,531.5700073242188,1744800
2026-09-01,528.6699829101562,531.6500244140625,526.8400268554688,527.75,527.75,3189300
2026-09-02,529.510009765625,532.1699829101562,529.239990234375,530.6199951171875,530.6199951171875,3114500
2026-09-03,534.0399780273438,537.6199951171875,532.9400024414062,536.9299926757812,536.9299926757812,4590004
2026-09-04,552.14,556.55,547.72,552.14,552.14,4869408
