,Open,High,Low,Close,Adj Close,Volume
2000-01-03,3.44,3.46,3.41,3.44,3.44,5358801
2000-01-04,3.39,3.42,3.36,3.39,3.39,2541461
2000-01-05,3.41,3.43,3.38,3.41,3.41,9458631
2000-01-06,3.43,3.46,3.41,3.43,3.43,4430585
2000-01-07,3.38,3.4,3.35,3.38,3.38,4525722
2000-01-10,3.33,3.36,3.3,3.33,3.33,6808796
2000-01-11,3.27,3.29,3.24,3.27,3.27,7303760
2000-01-12,3.24,3.26,3.21,3.24,3.24,3481364
2000-01-13,3.26,3.29,3.24,3.26,3.26,7972016
2000-01-14,3.23,3.26,3.21,3.23,3.23,8643866
2000-01-17,3.16,3.19,3.14,3.16,3.16,10646118
2000-01-18,3.11,3.14,3.09,3.11,3.11,6078337
2000-01-19,3.14,3.17,3.12,3.14,3.14,2353759
2000-01-20,3.09,3.12,3.07,3.09,3.09,7887709
2000-01-21,3.02,3.04,2.99,3.02,3.02,2411803
2000-01-24,2.99,3.01,2.97,2.99,2.99,4928145
2000-01-25,2.96,2.99,2.94,2.96,2.96,7936512
2000-01-26,2.96,2.98,2.93,2.96,2.96,8055942
2000-01-27,3.01,3.04,2.99,3.01,3.01,11559837
2000-01-28,3.03,3.06,3.01,3.03,3.03,2582374
2000-01-31,3.04,3.07,3.02,3.04,3.04,4431562
2000-02-01,3.07,3.1,3.05,3.07,3.07,4525755
2000-02-02,3.07,3.09,3.04,3.07,3.07,5300225
2000-02-03,3.07,3.1,3.05,3.07,3.07,4627261
2000-02-04,3.07,3.09,3.05,3.07,3.07,10278253
2000-02-07,3.05,3.08,3.03,3.05,3.05,3773189
2000-02-08,3.03,3.06,3.01,3.03,3.03,4693535
2000-02-09,3.06,3.08,3.04,3.06,3.06,4568465
2000-02-10,3.09,3.11,3.06,3.09,3.09,5427797
2000-02-11,3.13,3.15,3.1,3.13,3.13,4007977
2000-02-14,3.11,3.14,3.09,3.11,3.11,6759053
2000-02-15,3.13,3.16,3.11,3.13,3.13,9024848
2000-02-16,3.07,3.09,3.04,3.07,3.07,4432782
2000-02-17,3.09,3.12,3.07,3.09,3.09,7803632
2000-02-18,3.07,3.09,3.04,3.07,3.07,5542439
2000-02-21,3.1,3.13,3.08,3.1,3.1,4793820
2000-02-22,3.11,3.14,3.09,3.11,3.11,13140297
2000-02-23,3.05,3.07,3.02,3.05,3.05,4232161
2000-02-24,3.0,3.02,2.98,3.0,3.0,8399212
2000-02-25,2.94,2.97,2.92,2.94,2.94,7798727
2000-02-28,2.9,2.92,2.88,2.9,2.9,5919960
2000-02-29,2.92,2.95,2.9,2.92,2.92,4012651
2000-03-01,2.94,2.96,2.92,2.94,2.94,5493083
2000-03-02,2.97,3.0,2.95,2.97,2.97,4801414
2000-03-03,2.96,2.98,2.93,2.96,2.96,7832108
2000-03-06,2.91,2.93,2.88,2.91,2.91,4456341
2000-03-07,2.92,2.94,2.89,2.92,2.92,7199422
2000-03-08,2.93,2.95,2.91,2.93,2.93,6668560
2000-03-09,2.89,2.91,2.87,2.89,2.89,5102862
2000-03-10,2.79,2.81,2.77,2.79,2.79,8655554
2000-03-13,2.77,2.8,2.75,2.77,2.77,4391157
2000-03-14,2.71,2.73,2.69,2.71,2.71,8785034
2000-03-15,2.77,2.79,2.75,2.77,2.77,3884323
2000-03-16,2.74,2.77,2.72,2.74,2.74,4936917
2000-03-17,2.77,2.79,2.75,2.77,2.77,3195613
2000-03-20,2.84,2.86,2.82,2.84,2.84,3417766
2000-03-21,2.81,2.83,2.79,2.81,2.81,3004266
2000-03-22,2.88,2.9,2.86,2.88,2.88,4170196
2000-03-23,2.89,2.91,2.87,2.89,2.89,9317992
2000-03-24,2.92,2.94,2.9,2.92,2.92,6747081
2000-03-27,2.93,2.95,2.9,2.93,2.93,8276234
2000-03-28,2.95,2.98,2.93,2.95,2.95,10398181
2000-03-29,2.94,2.97,2.92,2.94,2.94,7184280
2000-03-30,2.97,2.99,2.95,2.97,2.97,6155974
2000-03-31,3.03,3.05,3.01,3.03,3.03,4721347
2000-04-03,3.02,3.04,2.99,3.02,3.02,3265261
2000-04-04,3.05,3.07,3.02,3.05,3.05,5097008
2000-04-05,3.04,3.07,3.02,3.04,3.04,6152956
2000-04-06,3.11,3.13,3.08,3.11,3.11,7993959
2000-04-07,3.12,3.14,3.09,3.12,3.12,2341137
2000-04-10,3.1,3.12,3.08,3.1,3.1,10101776
2000-04-11,3.13,3.16,3.11,3.13,3.13,5027208
2000-04-12,3.12,3.14,3.09,3.12,3.12,6704171
2000-04-13,3.13,3.15,3.1,3.13,3.13,5380665
2000-04-14,3.12,3.14,3.09,3.12,3.12,9166147
2000-04-17,3.15,3.18,3.13,3.15,3.15,7761203
2000-04-18,3.11,3.13,3.08,3.11,3.11,6251498
2000-04-19,3.1,3.13,3.08,3.1,3.1,8548170
2000-04-20,3.19,3.22,3.17,3.19,3.19,6416624
2000-04-21,3.25,3.28,3.22,3.25,3.25,8572119
2000-04-24,3.3,3.32,3.27,3.3,3.3,6466445
2000-04-25,3.23,3.26,3.2,3.23,3.23,5981409
2000-04-26,3.31,3.34,3.28,3.31,3.31,5991030
2000-04-27,3.33,3.35,3.3,3.33,3.33,7361280
2000-04-28,3.32,3.35,3.29,3.32,3.32,8827814
2000-05-01,3.31,3.33,3.28,3.31,3.31,3637068
2000-05-02,3.34,3.37,3.31,3.34,3.34,3109779
2000-05-03,3.41,3.44,3.39,3.41,3.41,4197094
2000-05-04,3.34,3.36,3.31,3.34,3.34,3063056
2000-05-05,3.41,3.44,3.38,3.41,3.41,5435035
2000-05-08,3.4,3.42,3.37,3.4,3.4,7467516
2000-05-09,3.4,3.42,3.37,3.4,3.4,10115103
2000-05-10,3.42,3.45,3.39,3.42,3.42,5651540
2000-05-11,3.44,3.47,3.41,3.44,3.44,3196729
2000-05-12,3.43,3.46,3.4,3.43,3.43,5459765
2000-05-15,3.43,3.46,3.4,3.43,3.43,4787365
2000-05-16,3.33,3.35,3.3,3.33,3.33,2432492
2000-05-17,3.3,3.33,3.28,3.3,3.3,7503195
2000-05-18,3.32,3.35,3.3,3.32,3.32,5602071
2000-05-19,3.33,3.35,3.3,3.33,3.33,8415456
2000-05-22,3.29,3.31,3.26,3.29,3.29,4601912
2000-05-23,3.25,3.28,3.22,3.25,3.25,5536023
2000-05-24,3.33,3.36,3.3,3.33,3.33,2359110
2000-05-25,3.35,3.38,3.33,3.35,3.35,2036633
2000-05-26,3.31,3.34,3.28,3.31,3.31,12372683
2000-05-29,3.27,3.3,3.25,3.27,3.27,3147928
2000-05-30,3.27,3.3,3.25,3.27,3.27,4541078
2000-05-31,3.18,3.21,3.16,3.18,3.18,2902770
2000-06-01,3.21,3.23,3.18,3.21,3.21,3684920
2000-06-02,3.25,3.28,3.23,3.25,3.25,11532479
2000-06-05,3.23,3.26,3.21,3.23,3.23,3764766
2000-06-06,3.19,3.22,3.17,3.19,3.19,4854479
2000-06-07,3.29,3.32,3.26,3.29,3.29,3714647
2000-06-08,3.34,3.36,3.31,3.34,3.34,11221042
2000-06-09,3.37,3.4,3.35,3.37,3.37,3590729
2000-06-12,3.4,3.43,3.37,3.4,3.4,10620037
2000-06-13,3.37,3.4,3.35,3.37,3.37,5973557
2000-06-14,3.45,3.48,3.42,3.45,3.45,6995489
2000-06-15,3.54,3.57,3.52,3.54,3.54,6368918
2000-06-16,3.55,3.58,3.53,3.55,3.55,5381102
2000-06-19,3.57,3.6,3.54,3.57,3.57,7725191
2000-06-20,3.54,3.57,3.51,3.54,3.54,3999029
2000-06-21,3.59,3.62,3.56,3.59,3.59,5565873
2000-06-22,3.58,3.6,3.55,3.58,3.58,4849332
2000-06-23,3.54,3.57,3.51,3.54,3.54,7397778
2000-06-26,3.5,3.53,3.47,3.5,3.5,5808976
2000-06-27,3.52,3.55,3.49,3.52,3.52,2330076
2000-06-28,3.44,3.47,3.41,3.44,3.44,8461846
2000-06-29,3.42,3.45,3.39,3.42,3.42,9791304
2000-06-30,3.41,3.44,3.39,3.41,3.41,5008975
2000-07-03,3.5,3.52,3.47,3.5,3.5,6513696
2000-07-04,3.42,3.45,3.39,3.42,3.42,7166807
2000-07-05,3.47,3.49,3.44,3.47,3.47,3865082
2000-07-06,3.4,3.43,3.37,3.4,3.4,7777254
2000-07-07,3.41,3.44,3.38,3.41,3.41,5057332
2000-07-10,3.45,3.48,3.42,3.45,3.45,9872208
2000-07-11,3.39,3.41,3.36,3.39,3.39,5186555
2000-07-12,3.37,3.4,3.34,3.37,3.37,6418654
2000-07-13,3.27,3.3,3.24,3.27,3.27,5985154
2000-07-14,3.19,3.22,3.17,3.19,3.19,1988581
2000-07-17,3.15,3.18,3.13,3.15,3.15,4060220
2000-07-18,3.1,3.12,3.07,3.1,3.1,8999353
2000-07-19,3.15,3.17,3.12,3.15,3.15,9566635
2000-07-20,3.15,3.17,3.12,3.15,3.15,10081928
2000-07-21,3.16,3.19,3.14,3.16,3.16,6071778
2000-07-24,3.13,3.16,3.11,3.13,3.13,11477951
2000-07-25,3.22,3.25,3.2,3.22,3.22,5612729
2000-07-26,3.23,3.26,3.21,3.23,3.23,10172149
2000-07-27,3.25,3.28,3.23,3.25,3.25,4122993
2000-07-28,3.15,3.18,3.13,3.15,3.15,7032482
2000-07-31,3.18,3.21,3.16,3.18,3.18,9735565
2000-08-01,3.3,3.33,3.27,3.3,3.3,2788253
2000-08-02,3.26,3.29,3.23,3.26,3.26,6739714
2000-08-03,3.35,3.37,3.32,3.35,3.35,4541301
2000-08-04,3.41,3.44,3.39,3.41,3.41,6141565
2000-08-07,3.53,3.56,3.5,3.53,3.53,3719669
2000-08-08,3.57,3.59,3.54,3.57,3.57,4693603
2000-08-09,3.59,3.62,3.57,3.59,3.59,5071105
2000-08-10,3.61,3.64,3.58,3.61,3.61,3893199
2000-08-11,3.62,3.65,3.59,3.62,3.62,2014683
2000-08-14,3.63,3.66,3.61,3.63,3.63,7290921
2000-08-15,3.68,3.71,3.65,3.68,3.68,3595941
2000-08-16,3.62,3.65,3.59,3.62,3.62,11184719
2000-08-17,3.6,3.63,3.58,3.6,3.6,6924466
2000-08-18,3.63,3.66,3.6,3.63,3.63,4615803
2000-08-21,3.61,3.64,3.58,3.61,3.61,7353370
2000-08-22,3.67,3.7,3.64,3.67,3.67,4419739
2000-08-23,3.71,3.74,3.68,3.71,3.71,3712602
2000-08-24,3.69,3.72,3.66,3.69,3.69,7521642
2000-08-25,3.69,3.72,3.66,3.69,3.69,5964641
2000-08-28,3.68,3.71,3.65,3.68,3.68,5639226
2000-08-29,3.75,3.78,3.72,3.75,3.75,5134886
2000-08-30,3.66,3.69,3.63,3.66,3.66,9516162
2000-08-31,3.69,3.72,3.66,3.69,3.69,6203589
2000-09-01,3.66,3.69,3.63,3.66,3.66,3141632
2000-09-04,3.67,3.7,3.64,3.67,3.67,6327470
2000-09-05,3.67,3.7,3.64,3.67,3.67,9822122
2000-09-06,3.7,3.73,3.67,3.7,3.7,2670232
2000-09-07,3.74,3.77,3.71,3.74,3.74,10391580
2000-09-08,3.73,3.76,3.7,3.73,3.73,4694868
2000-09-11,3.67,3.7,3.64,3.67,3.67,6240127
2000-09-12,3.64,3.67,3.61,3.64,3.64,6678396
2000-09-13,3.68,3.71,3.65,3.68,3.68,3271528
2000-09-14,3.65,3.68,3.62,3.65,3.65,5027773
2000-09-15,3.59,3.62,3.56,3.59,3.59,7953520
2000-09-18,3.59,3.62,3.57,3.59,3.59,8252256
2000-09-19,3.6,3.63,3.57,3.6,3.6,6716025
2000-09-20,3.51,3.54,3.48,3.51,3.51,11676660
2000-09-21,3.59,3.61,3.56,3.59,3.59,6167420
2000-09-22,3.55,3.58,3.53,3.55,3.55,6436277
2000-09-25,3.43,3.46,3.41,3.43,3.43,9971462
2000-09-26,3.43,3.46,3.4,3.43,3.43,5793148
2000-09-27,3.38,3.41,3.35,3.38,3.38,9325491
2000-09-28,3.43,3.46,3.4,3.43,3.43,5004123
2000-09-29,3.53,3.55,3.5,3.53,3.53,4629001
2000-10-02,3.47,3.5,3.44,3.47,3.47,10822506
2000-10-03,3.4,3.43,3.37,3.4,3.4,10294289
2000-10-04,3.45,3.48,3.42,3.45,3.45,15184324
2000-10-05,3.45,3.48,3.43,3.45,3.45,6889042
2000-10-06,3.47,3.5,3.45,3.47,3.47,3513324
2000-10-09,3.55,3.57,3.52,3.55,3.55,3853836
2000-10-10,3.58,3.61,3.56,3.58,3.58,5719647
2000-10-11,3.56,3.59,3.53,3.56,3.56,5335199
2000-10-12,3.69,3.72,3.66,3.69,3.69,3701836
2000-10-13,3.67,3.7,3.64,3.67,3.67,4147473
2000-10-16,3.67,3.7,3.64,3.67,3.67,4373588
2000-10-17,3.77,3.8,3.74,3.77,3.77,5097692
2000-10-18,3.86,3.89,3.83,3.86,3.86,6299155
2000-10-19,3.85,3.88,3.82,3.85,3.85,8983779
2000-10-20,3.95,3.98,3.91,3.95,3.95,4146479
2000-10-23,3.91,3.94,3.87,3.91,3.91,4460748
2000-10-24,3.93,3.96,3.9,3.93,3.93,3270378
2000-10-25,3.95,3.98,3.92,3.95,3.95,5552780
2000-10-26,4.06,4.09,4.03,4.06,4.06,3690823
2000-10-27,4.03,4.06,4.0,4.03,4.03,3732363
2000-10-30,4.07,4.1,4.03,4.07,4.07,3463597
2000-10-31,4.09,4.12,4.06,4.09,4.09,2894072
2000-11-01,4.1,4.14,4.07,4.1,4.1,4633206
2000-11-02,4.12,4.15,4.08,4.12,4.12,4916616
2000-11-03,3.95,3.99,3.92,3.95,3.95,3655885
2000-11-06,4.13,4.16,4.1,4.13,4.13,4688377
2000-11-07,4.04,4.07,4.01,4.04,4.04,5994929
2000-11-08,4.02,4.05,3.99,4.02,4.02,2290349
2000-11-09,4.05,4.08,4.02,4.05,4.05,13567579
2000-11-10,3.98,4.01,3.95,3.98,3.98,5474580
2000-11-13,3.94,3.97,3.9,3.94,3.94,7025222
2000-11-14,3.92,3.95,3.89,3.92,3.92,3306665
2000-11-15,3.89,3.92,3.86,3.89,3.89,4505921
2000-11-16,3.92,3.95,3.89,3.92,3.92,6533393
2000-11-17,4.0,4.03,3.97,4.0,4.0,6654148
2000-11-20,4.02,4.05,3.98,4.02,4.02,8291430
2000-11-21,3.99,4.02,3.95,3.99,3.99,3339735
2000-11-22,4.03,4.06,4.0,4.03,4.03,7522413
2000-11-23,3.96,3.99,3.93,3.96,3.96,8111042
2000-11-24,3.98,4.01,3.94,3.98,3.98,9516395
2000-11-27,3.96,3.99,3.93,3.96,3.96,5769851
2000-11-28,3.84,3.87,3.81,3.84,3.84,2704380
2000-11-29,3.81,3.84,3.78,3.81,3.81,5857878
2000-11-30,3.82,3.85,3.79,3.82,3.82,2290122
2000-12-01,3.79,3.82,3.76,3.79,3.79,4814739
2000-12-04,3.78,3.81,3.75,3.78,3.78,2444802
2000-12-05,3.85,3.88,3.82,3.85,3.85,4122452
2000-12-06,3.79,3.82,3.76,3.79,3.79,6631598
2000-12-07,3.77,3.8,3.74,3.77,3.77,4905291
2000-12-08,3.8,3.83,3.77,3.8,3.8,3296186
2000-12-11,3.78,3.81,3.75,3.78,3.78,10236519
2000-12-12,3.85,3.88,3.81,3.85,3.85,9357672
2000-12-13,3.9,3.93,3.87,3.9,3.9,9163554
2000-12-14,3.84,3.87,3.81,3.84,3.84,3279784
2000-12-15,3.97,4.0,3.94,3.97,3.97,8629561
2000-12-18,3.93,3.96,3.9,3.93,3.93,4196724
2000-12-19,3.93,3.97,3.9,3.93,3.93,4747499
2000-12-20,3.96,3.99,3.92,3.96,3.96,3371817
2000-12-21,4.01,4.04,3.98,4.01,4.01,3037662
2000-12-22,4.05,4.09,4.02,4.05,4.05,5571098
2000-12-25,3.99,4.02,3.96,3.99,3.99,10100487
2000-12-26,3.96,3.99,3.93,3.96,3.96,2803665
2000-12-27,4.01,4.04,3.97,4.01,4.01,5824268
2000-12-28,3.93,3.96,3.9,3.93,3.93,9034122
2000-12-29,3.87,3.9,3.84,3.87,3.87,5857779
2001-01-01,3.89,3.93,3.86,3.89,3.89,5567729
2001-01-02,3.85,3.88,3.82,3.85,3.85,5225984
2001-01-03,4.04,4.07,4.0,4.04,4.04,3043567
2001-01-04,4.13,4.16,4.09,4.13,4.13,8723311
2001-01-05,4.07,4.1,4.04,4.07,4.07,3308260
2001-01-08,4.04,4.07,4.01,4.04,4.04,6344325
2001-01-09,3.97,4.0,3.94,3.97,3.97,16002815
2001-01-10,3.9,3.94,3.87,3.9,3.9,6864959
2001-01-11,3.91,3.94,3.88,3.91,3.91,5733519
2001-01-12,3.91,3.95,3.88,3.91,3.91,7973850
2001-01-15,3.97,4.0,3.94,3.97,3.97,13043605
2001-01-16,3.93,3.96,3.9,3.93,3.93,4132967
2001-01-17,3.95,3.98,3.92,3.95,3.95,5014334
2001-01-18,4.03,4.06,4.0,4.03,4.03,7654094
2001-01-19,4.03,4.07,4.0,4.03,4.03,4904667
2001-01-22,4.08,4.11,4.04,4.08,4.08,5213760
2001-01-23,3.99,4.03,3.96,3.99,3.99,7449238
2001-01-24,3.96,3.99,3.93,3.96,3.96,5871985
2001-01-25,3.94,3.98,3.91,3.94,3.94,8462080
2001-01-26,4.08,4.11,4.04,4.08,4.08,5493101
2001-01-29,4.13,4.17,4.1,4.13,4.13,7460869
2001-01-30,4.08,4.12,4.05,4.08,4.08,2640956
2001-01-31,4.12,4.15,4.08,4.12,4.12,3695979
2001-02-01,4.22,4.26,4.19,4.22,4.22,6252147
2001-02-02,4.39,4.42,4.35,4.39,4.39,7102529
2001-02-05,4.41,4.45,4.38,4.41,4.41,4682099
2001-02-06,4.36,4.39,4.32,4.36,4.36,8722988
2001-02-07,4.34,4.37,4.3,4.34,4.34,2727142
2001-02-08,4.34,4.37,4.3,4.34,4.34,5188737
2001-02-09,4.4,4.44,4.37,4.4,4.4,9518613
2001-02-12,4.45,4.49,4.42,4.45,4.45,6205447
2001-02-13,4.49,4.53,4.46,4.49,4.49,4453539
2001-02-14,4.55,4.58,4.51,4.55,4.55,4055148
2001-02-15,4.63,4.67,4.6,4.63,4.63,3471354
2001-02-16,4.69,4.73,4.66,4.69,4.69,6929083
2001-02-19,4.59,4.62,4.55,4.59,4.59,5258625
2001-02-20,4.65,4.69,4.62,4.65,4.65,4954472
2001-02-21,4.74,4.78,4.71,4.74,4.74,8100351
2001-02-22,4.65,4.68,4.61,4.65,4.65,3513687
2001-02-23,4.73,4.77,4.69,4.73,4.73,5418415
2001-02-26,4.79,4.83,4.75,4.79,4.79,4484165
2001-02-27,4.96,5.0,4.92,4.96,4.96,2886835
2001-02-28,5.04,5.08,5.0,5.04,5.04,4130401
2001-03-01,5.13,5.17,5.09,5.13,5.13,5210558
2001-03-02,5.12,5.16,5.08,5.12,5.12,5696001
2001-03-05,5.14,5.18,5.1,5.14,5.14,7549304
2001-03-06,5.16,5.2,5.12,5.16,5.16,8762294
2001-03-07,5.21,5.25,5.16,5.21,5.21,3485376
2001-03-08,5.3,5.34,5.25,5.3,5.3,7892954
2001-03-09,5.09,5.13,5.05,5.09,5.09,7127302
2001-03-12,5.1,5.15,5.06,5.1,5.1,3323822
2001-03-13,5.17,5.21,5.13,5.17,5.17,8411310
2001-03-14,5.3,5.34,5.26,5.3,5.3,5076955
2001-03-15,5.21,5.25,5.17,5.21,5.21,6217373
2001-03-16,5.2,5.24,5.16,5.2,5.2,6519771
2001-03-19,5.36,5.4,5.32,5.36,5.36,3803242
2001-03-20,5.35,5.4,5.31,5.35,5.35,8509981
2001-03-21,5.3,5.34,5.25,5.3,5.3,5385062
2001-03-22,5.32,5.36,5.27,5.32,5.32,6850079
2001-03-23,5.41,5.45,5.36,5.41,5.41,7454804
2001-03-26,5.51,5.55,5.46,5.51,5.51,5536565
2001-03-27,5.39,5.43,5.35,5.39,5.39,6020460
2001-03-28,5.45,5.5,5.41,5.45,5.45,5724550
2001-03-29,5.53,5.57,5.48,5.53,5.53,5208719
2001-03-30,5.46,5.5,5.41,5.46,5.46,4833262
2001-04-02,5.63,5.67,5.58,5.63,5.63,6227435
2001-04-03,5.63,5.68,5.59,5.63,5.63,5990579
2001-04-04,5.75,5.79,5.7,5.75,5.75,5492016
2001-04-05,5.7,5.75,5.65,5.7,5.7,4276347
2001-04-06,5.79,5.83,5.74,5.79,5.79,4973202
2001-04-09,5.75,5.8,5.71,5.75,5.75,7050419
2001-04-10,5.64,5.68,5.59,5.64,5.64,5113248
2001-04-11,5.55,5.6,5.51,5.55,5.55,4329775
2001-04-12,5.5,5.55,5.46,5.5,5.5,9548364
2001-04-13,5.57,5.61,5.52,5.57,5.57,4740488
2001-04-16,5.69,5.74,5.65,5.69,5.69,2395942
2001-04-17,5.75,5.8,5.7,5.75,5.75,2826282
2001-04-18,5.61,5.66,5.57,5.61,5.61,6253815
2001-04-19,5.58,5.63,5.54,5.58,5.58,2852763
2001-04-20,5.71,5.75,5.66,5.71,5.71,10620276
2001-04-23,5.75,5.8,5.7,5.75,5.75,7616392
2001-04-24,5.75,5.8,5.71,5.75,5.75,3636642
2001-04-25,5.74,5.79,5.7,5.74,5.74,6910663
2001-04-26,5.71,5.76,5.67,5.71,5.71,8588116
2001-04-27,5.83,5.88,5.78,5.83,5.83,4081531
2001-04-30,5.72,5.76,5.67,5.72,5.72,7641645
2001-05-01,5.75,5.8,5.71,5.75,5.75,3206304
2001-05-02,5.66,5.71,5.62,5.66,5.66,5112523
2001-05-03,5.58,5.62,5.53,5.58,5.58,5280594
2001-05-04,5.59,5.64,5.55,5.59,5.59,8096167
2001-05-07,5.7,5.75,5.65,5.7,5.7,5179910
2001-05-08,5.76,5.81,5.71,5.76,5.76,9315733
2001-05-09,5.82,5.86,5.77,5.82,5.82,4288094
2001-05-10,5.75,5.79,5.7,5.75,5.75,6402046
2001-05-11,5.69,5.74,5.65,5.69,5.69,3042452
2001-05-14,5.7,5.75,5.65,5.7,5.7,8372627
2001-05-15,5.85,5.9,5.8,5.85,5.85,3073824
2001-05-16,5.87,5.92,5.83,5.87,5.87,2260777
2001-05-17,5.83,5.88,5.78,5.83,5.83,3964051
2001-05-18,5.79,5.84,5.75,5.79,5.79,6781608
2001-05-21,5.76,5.81,5.71,5.76,5.76,4769045
2001-05-22,5.82,5.87,5.78,5.82,5.82,4357410
2001-05-23,5.83,5.88,5.78,5.83,5.83,3600998
2001-05-24,5.94,5.99,5.89,5.94,5.94,5450499
2001-05-25,5.98,6.02,5.93,5.98,5.98,7837126
2001-05-28,6.08,6.13,6.03,6.08,6.08,4476993
2001-05-29,5.93,5.98,5.88,5.93,5.93,3604306
2001-05-30,5.9,5.95,5.85,5.9,5.9,5814633
2001-05-31,5.78,5.83,5.73,5.78,5.78,3359264
2001-06-01,5.77,5.81,5.72,5.77,5.77,4840611
2001-06-04,5.84,5.89,5.8,5.84,5.84,6944287
2001-06-05,5.87,5.91,5.82,5.87,5.87,7751585
2001-06-06,6.0,6.05,5.95,6.0,6.0,2757289
2001-06-07,6.01,6.06,5.96,6.01,6.01,4152396
2001-06-08,5.96,6.01,5.91,5.96,5.96,3010903
2001-06-11,6.03,6.08,5.99,6.03,6.03,5923757
2001-06-12,5.96,6.01,5.92,5.96,5.96,6961368
2001-06-13,6.03,6.08,5.98,6.03,6.03,5532422
2001-06-14,6.01,6.06,5.96,6.01,6.01,3914014
2001-06-15,6.14,6.19,6.09,6.14,6.14,3180493
2001-06-18,6.37,6.42,6.32,6.37,6.37,2065094
2001-06-19,6.33,6.38,6.28,6.33,6.33,5235613
2001-06-20,6.38,6.43,6.33,6.38,6.38,4891791
2001-06-21,6.2,6.25,6.15,6.2,6.2,5144345
2001-06-22,6.28,6.33,6.23,6.28,6.28,6095834
2001-06-25,6.2,6.25,6.15,6.2,6.2,4345434
2001-06-26,6.13,6.18,6.08,6.13,6.13,4253819
2001-06-27,6.37,6.42,6.32,6.37,6.37,5744607
2001-06-28,6.39,6.44,6.34,6.39,6.39,6193141
2001-06-29,6.21,6.26,6.16,6.21,6.21,4041324
2001-07-02,6.16,6.21,6.11,6.16,6.16,7905932
2001-07-03,5.97,6.02,5.93,5.97,5.97,8315154
2001-07-04,5.9,5.95,5.85,5.9,5.9,5644288
2001-07-05,5.9,5.95,5.85,5.9,5.9,4311134
2001-07-06,5.96,6.0,5.91,5.96,5.96,5678042
2001-07-09,6.0,6.05,5.96,6.0,6.0,10013346
2001-07-10,6.08,6.13,6.03,6.08,6.08,3867445
2001-07-11,6.06,6.11,6.01,6.06,6.06,10034027
2001-07-12,6.07,6.12,6.02,6.07,6.07,7227107
2001-07-13,6.23,6.28,6.18,6.23,6.23,3006945
2001-07-16,6.25,6.3,6.2,6.25,6.25,7045990
2001-07-17,6.28,6.33,6.23,6.28,6.28,9092514
2001-07-18,6.26,6.31,6.21,6.26,6.26,3481952
2001-07-19,6.22,6.27,6.17,6.22,6.22,6628667
2001-07-20,6.21,6.26,6.16,6.21,6.21,6110475
2001-07-23,6.17,6.22,6.13,6.17,6.17,7517858
2001-07-24,6.26,6.31,6.21,6.26,6.26,3483046
2001-07-25,6.36,6.41,6.31,6.36,6.36,5229644
2001-07-26,6.34,6.39,6.29,6.34,6.34,4601760
2001-07-27,6.34,6.39,6.28,6.34,6.34,4772822
2001-07-30,6.39,6.44,6.34,6.39,6.39,7601150
2001-07-31,6.36,6.41,6.31,6.36,6.36,6311168
2001-08-01,6.33,6.38,6.28,6.33,6.33,6751244
2001-08-02,6.45,6.51,6.4,6.45,6.45,3463294
2001-08-03,6.38,6.43,6.33,6.38,6.38,4135808
2001-08-06,6.34,6.39,6.29,6.34,6.34,4767145
2001-08-07,6.44,6.49,6.39,6.44,6.44,5328740
2001-08-08,6.39,6.44,6.34,6.39,6.39,5097937
2001-08-09,6.44,6.49,6.39,6.44,6.44,4659172
2001-08-10,6.33,6.38,6.28,6.33,6.33,5829299
2001-08-13,6.23,6.28,6.18,6.23,6.23,9507836
2001-08-14,6.32,6.37,6.27,6.32,6.32,12694157
2001-08-15,6.27,6.32,6.22,6.27,6.27,4642459
2001-08-16,6.29,6.34,6.24,6.29,6.29,6466953
2001-08-17,6.35,6.4,6.3,6.35,6.35,9186244
2001-08-20,6.42,6.47,6.36,6.42,6.42,2717451
2001-08-21,6.59,6.64,6.54,6.59,6.59,2847646
2001-08-22,6.7,6.76,6.65,6.7,6.7,5471516
2001-08-23,6.78,6.83,6.72,6.78,6.78,9926400
2001-08-24,6.86,6.91,6.8,6.86,6.86,8505788
2001-08-27,6.91,6.97,6.86,6.91,6.91,6634717
2001-08-28,6.93,6.98,6.87,6.93,6.93,8587432
2001-08-29,6.97,7.03,6.92,6.97,6.97,7043249
2001-08-30,6.82,6.87,6.76,6.82,6.82,4854607
2001-08-31,6.88,6.93,6.82,6.88,6.88,2860567
2001-09-03,6.86,6.92,6.81,6.86,6.86,6994824
2001-09-04,6.91,6.96,6.85,6.91,6.91,6155836
2001-09-05,6.86,6.91,6.81,6.86,6.86,3502355
2001-09-06,6.89,6.95,6.84,6.89,6.89,5582867
2001-09-07,6.92,6.97,6.86,6.92,6.92,12622374
2001-09-10,6.82,6.88,6.77,6.82,6.82,7682241
2001-09-11,6.82,6.87,6.76,6.82,6.82,10340708
2001-09-12,6.94,6.99,6.88,6.94,6.94,7135113
2001-09-13,6.86,6.91,6.8,6.86,6.86,3990402
2001-09-14,6.88,6.93,6.82,6.88,6.88,8612746
2001-09-17,6.88,6.93,6.82,6.88,6.88,6412792
2001-09-18,6.94,6.99,6.88,6.94,6.94,7916325
2001-09-19,6.81,6.86,6.75,6.81,6.81,2340776
2001-09-20,6.85,6.91,6.8,6.85,6.85,5565851
2001-09-21,6.79,6.84,6.73,6.79,6.79,3566868
2001-09-24,6.84,6.9,6.79,6.84,6.84,9769077
2001-09-25,6.82,6.87,6.76,6.82,6.82,5118966
2001-09-26,6.87,6.92,6.81,6.87,6.87,8977465
2001-09-27,6.98,7.03,6.92,6.98,6.98,5969175
2001-09-28,6.85,6.91,6.8,6.85,6.85,3279978
2001-10-01,6.8,6.86,6.75,6.8,6.8,6365952
2001-10-02,6.78,6.84,6.73,6.78,6.78,5910673
2001-10-03,6.72,6.77,6.67,6.72,6.72,4098763
2001-10-04,6.69,6.74,6.63,6.69,6.69,9481182
2001-10-05,6.66,6.71,6.61,6.66,6.66,5289656
2001-10-08,6.41,6.46,6.35,6.41,6.41,3526195
2001-10-09,6.3,6.36,6.25,6.3,6.3,5431776
2001-10-10,6.27,6.32,6.22,6.27,6.27,5719000
2001-10-11,6.36,6.41,6.31,6.36,6.36,3225928
2001-10-12,6.54,6.59,6.49,6.54,6.54,3799035
2001-10-15,6.62,6.67,6.57,6.62,6.62,3269895
2001-10-16,6.59,6.65,6.54,6.59,6.59,8756945
2001-10-17,6.45,6.5,6.4,6.45,6.45,3755419
2001-10-18,6.31,6.36,6.25,6.31,6.31,4495265
2001-10-19,6.27,6.32,6.22,6.27,6.27,6004916
2001-10-22,6.14,6.19,6.09,6.14,6.14,3639795
2001-10-23,6.23,6.28,6.18,6.23,6.23,3271087
2001-10-24,6.3,6.35,6.25,6.3,6.3,8296638
2001-10-25,6.3,6.35,6.25,6.3,6.3,5813464
2001-10-26,6.22,6.27,6.17,6.22,6.22,7358883
2001-10-29,6.25,6.3,6.2,6.25,6.25,2990376
2001-10-30,6.19,6.24,6.14,6.19,6.19,4887271
2001-10-31,6.3,6.35,6.25,6.3,6.3,5505140
2001-11-01,6.44,6.49,6.39,6.44,6.44,5287460
2001-11-02,6.3,6.35,6.25,6.3,6.3,4257419
2001-11-05,6.27,6.32,6.22,6.27,6.27,6783042
2001-11-06,6.21,6.26,6.16,6.21,6.21,4072209
2001-11-07,6.19,6.24,6.14,6.19,6.19,1836000
2001-11-08,6.2,6.25,6.15,6.2,6.2,4170080
2001-11-09,6.27,6.32,6.22,6.27,6.27,2930836
2001-11-12,6.34,6.39,6.29,6.34,6.34,2736690
2001-11-13,6.29,6.34,6.24,6.29,6.29,7575865
2001-11-14,6.27,6.32,6.22,6.27,6.27,5477864
2001-11-15,6.31,6.36,6.26,6.31,6.31,4831523
2001-11-16,6.44,6.49,6.39,6.44,6.44,2523547
2001-11-19,6.68,6.73,6.62,6.68,6.68,7976555
2001-11-20,6.54,6.6,6.49,6.54,6.54,2935373
2001-11-21,6.45,6.5,6.39,6.45,6.45,5888494
2001-11-22,6.47,6.52,6.42,6.47,6.47,6563434
2001-11-23,6.61,6.66,6.55,6.61,6.61,3386765
2001-11-26,6.61,6.67,6.56,6.61,6.61,6763243
2001-11-27,6.33,6.38,6.28,6.33,6.33,7976166
2001-11-28,6.38,6.44,6.33,6.38,6.38,5610936
2001-11-29,6.5,6.55,6.45,6.5,6.5,5663712
2001-11-30,6.54,6.59,6.48,6.54,6.54,8541754
2001-12-03,6.68,6.73,6.62,6.68,6.68,5514416
2001-12-04,6.56,6.61,6.51,6.56,6.56,3870021
2001-12-05,6.45,6.5,6.4,6.45,6.45,3873997
2001-12-06,6.4,6.45,6.35,6.4,6.4,7539313
2001-12-07,6.46,6.52,6.41,6.46,6.46,3182712
2001-12-10,6.43,6.48,6.38,6.43,6.43,7356775
2001-12-11,6.4,6.45,6.35,6.4,6.4,9390063
2001-12-12,6.42,6.47,6.37,6.42,6.42,8250726
2001-12-13,6.38,6.44,6.33,6.38,6.38,8328497
2001-12-14,6.27,6.32,6.21,6.27,6.27,5380804
2001-12-17,6.17,6.22,6.12,6.17,6.17,3660027
2001-12-18,6.26,6.31,6.21,6.26,6.26,4561804
2001-12-19,6.19,6.24,6.14,6.19,6.19,4989070
2001-12-20,6.16,6.21,6.11,6.16,6.16,3681674
2001-12-21,6.06,6.11,6.01,6.06,6.06,6390978
2001-12-24,6.09,6.14,6.04,6.09,6.09,4201808
2001-12-25,6.21,6.26,6.16,6.21,6.21,5502356
2001-12-26,6.18,6.23,6.13,6.18,6.18,6752329
2001-12-27,5.99,6.04,5.94,5.99,5.99,5186745
2001-12-28,6.01,6.06,5.96,6.01,6.01,13994397
2001-12-31,6.15,6.2,6.1,6.15,6.15,6829391
2002-01-01,6.15,6.2,6.1,6.15,6.15,4793049
2002-01-02,6.12,6.17,6.07,6.12,6.12,4618081
2002-01-03,6.16,6.21,6.11,6.16,6.16,6137520
2002-01-04,6.28,6.33,6.23,6.28,6.28,9193053
2002-01-07,6.25,6.3,6.2,6.25,6.25,4084781
2002-01-08,6.2,6.25,6.15,6.2,6.2,11088618
2002-01-09,6.28,6.33,6.23,6.28,6.28,4061510
2002-01-10,6.26,6.31,6.21,6.26,6.26,7665650
2002-01-11,6.1,6.15,6.05,6.1,6.1,8201235
2002-01-14,5.9,5.94,5.85,5.9,5.9,4946417
2002-01-15,5.92,5.97,5.87,5.92,5.92,3802289
2002-01-16,6.02,6.07,5.97,6.02,6.02,5159714
2002-01-17,6.0,6.05,5.95,6.0,6.0,7110852
2002-01-18,6.16,6.2,6.11,6.16,6.16,6034989
2002-01-21,6.06,6.11,6.01,6.06,6.06,2772727
2002-01-22,6.07,6.12,6.02,6.07,6.07,7403726
2002-01-23,6.05,6.09,6.0,6.05,6.05,5138572
2002-01-24,6.05,6.1,6.0,6.05,6.05,6033618
2002-01-25,6.14,6.19,6.09,6.14,6.14,7514575
2002-01-28,6.13,6.18,6.08,6.13,6.13,5214433
2002-01-29,6.11,6.16,6.06,6.11,6.11,4825960
2002-01-30,5.99,6.04,5.94,5.99,5.99,7600988
2002-01-31,5.95,6.0,5.91,5.95,5.95,2771192
2002-02-01,5.87,5.92,5.82,5.87,5.87,4914414
2002-02-04,5.87,5.92,5.82,5.87,5.87,7376215
2002-02-05,5.81,5.86,5.76,5.81,5.81,4995571
2002-02-06,5.82,5.87,5.78,5.82,5.82,9065219
2002-02-07,5.94,5.99,5.9,5.94,5.94,5283025
2002-02-08,6.05,6.09,6.0,6.05,6.05,11121135
2002-02-11,6.05,6.1,6.0,6.05,6.05,3428518
2002-02-12,6.18,6.23,6.13,6.18,6.18,4846999
2002-02-13,6.36,6.41,6.3,6.36,6.36,7025118
2002-02-14,6.42,6.48,6.37,6.42,6.42,3725857
2002-02-15,6.47,6.52,6.41,6.47,6.47,4876547
2002-02-18,6.31,6.36,6.26,6.31,6.31,5898394
2002-02-19,6.27,6.32,6.22,6.27,6.27,5487166
2002-02-20,6.3,6.35,6.25,6.3,6.3,12242560
2002-02-21,6.36,6.41,6.31,6.36,6.36,10057888
2002-02-22,6.3,6.35,6.25,6.3,6.3,8719841
2002-02-25,6.33,6.38,6.28,6.33,6.33,4331882
2002-02-26,6.49,6.54,6.44,6.49,6.49,5175020
2002-02-27,6.62,6.67,6.57,6.62,6.62,8040230
2002-02-28,6.62,6.67,6.56,6.62,6.62,4348144
2002-03-01,6.63,6.68,6.57,6.63,6.63,7353636
2002-03-04,6.67,6.72,6.62,6.67,6.67,5763414
2002-03-05,6.73,6.78,6.68,6.73,6.73,9786932
2002-03-06,6.77,6.83,6.72,6.77,6.77,2820379
2002-03-07,6.83,6.88,6.77,6.83,6.83,6399251
2002-03-08,6.85,6.9,6.79,6.85,6.85,6861677
2002-03-11,6.91,6.96,6.85,6.91,6.91,9848698
2002-03-12,6.83,6.88,6.78,6.83,6.83,4822069
2002-03-13,6.77,6.82,6.72,6.77,6.77,10115653
2002-03-14,6.88,6.93,6.82,6.88,6.88,4301852
2002-03-15,6.99,7.04,6.93,6.99,6.99,5222601
2002-03-18,6.97,7.02,6.91,6.97,6.97,2270281
2002-03-19,6.95,7.0,6.89,6.95,6.95,4252950
2002-03-20,6.93,6.99,6.88,6.93,6.93,4968881
2002-03-21,6.98,7.03,6.92,6.98,6.98,5242492
2002-03-22,6.79,6.85,6.74,6.79,6.79,6639481
2002-03-25,6.77,6.82,6.72,6.77,6.77,4398907
2002-03-26,6.61,6.66,6.55,6.61,6.61,5199783
2002-03-27,6.83,6.89,6.78,6.83,6.83,8110544
2002-03-28,6.72,6.77,6.66,6.72,6.72,4723331
2002-03-29,6.96,7.01,6.9,6.96,6.96,5423466
2002-04-01,6.95,7.01,6.9,6.95,6.95,2740075
2002-04-02,6.87,6.92,6.81,6.87,6.87,3854307
2002-04-03,6.79,6.84,6.73,6.79,6.79,4512677
2002-04-04,6.68,6.73,6.62,6.68,6.68,4901604
2002-04-05,6.94,6.99,6.88,6.94,6.94,9051625
2002-04-08,7.18,7.24,7.12,7.18,7.18,8529299
2002-04-09,7.28,7.34,7.22,7.28,7.28,2184732
2002-04-10,7.16,7.21,7.1,7.16,7.16,8107099
2002-04-11,7.13,7.19,7.07,7.13,7.13,9427822
2002-04-12,7.22,7.28,7.17,7.22,7.22,10004960
2002-04-15,7.21,7.26,7.15,7.21,7.21,6158369
2002-04-16,7.08,7.13,7.02,7.08,7.08,4849082
2002-04-17,6.99,7.05,6.94,6.99,6.99,6602577
2002-04-18,7.05,7.11,7.0,7.05,7.05,6389592
2002-04-19,7.11,7.17,7.06,7.11,7.11,2514469
2002-04-22,7.32,7.38,7.26,7.32,7.32,6860653
2002-04-23,7.38,7.44,7.32,7.38,7.38,6242392
2002-04-24,7.28,7.34,7.22,7.28,7.28,6675162
2002-04-25,7.17,7.22,7.11,7.17,7.17,5089637
2002-04-26,6.91,6.97,6.86,6.91,6.91,7199215
2002-04-29,6.93,6.98,6.87,6.93,6.93,8078647
2002-04-30,6.92,6.97,6.86,6.92,6.92,6518326
2002-05-01,7.14,7.2,7.08,7.14,7.14,5033236
2002-05-02,7.03,7.09,6.98,7.03,7.03,7916809
2002-05-03,6.96,7.02,6.91,6.96,6.96,5519190
2002-05-06,6.7,6.75,6.65,6.7,6.7,14067946
2002-05-07,6.51,6.56,6.46,6.51,6.51,2667389
2002-05-08,6.49,6.54,6.44,6.49,6.49,7689276
2002-05-09,6.63,6.69,6.58,6.63,6.63,5863473
2002-05-10,6.68,6.73,6.62,6.68,6.68,5760009
2002-05-13,6.55,6.6,6.49,6.55,6.55,12888241
2002-05-14,6.55,6.6,6.5,6.55,6.55,6152752
2002-05-15,6.55,6.6,6.49,6.55,6.55,3335825
2002-05-16,6.54,6.59,6.48,6.54,6.54,3524465
2002-05-17,6.53,6.58,6.48,6.53,6.53,5397401
2002-05-20,6.42,6.47,6.37,6.42,6.42,12690036
2002-05-21,6.35,6.4,6.3,6.35,6.35,4329125
2002-05-22,6.36,6.41,6.31,6.36,6.36,8112013
2002-05-23,6.31,6.36,6.26,6.31,6.31,3917408
2002-05-24,6.24,6.29,6.19,6.24,6.24,6569406
2002-05-27,6.29,6.34,6.24,6.29,6.29,1778745
2002-05-28,6.38,6.43,6.33,6.38,6.38,4343721
2002-05-29,6.49,6.54,6.44,6.49,6.49,5732687
2002-05-30,6.39,6.44,6.33,6.39,6.39,6507069
2002-05-31,6.43,6.48,6.38,6.43,6.43,4441382
2002-06-03,6.59,6.64,6.53,6.59,6.59,4389426
2002-06-04,6.73,6.79,6.68,6.73,6.73,5533238
2002-06-05,6.6,6.65,6.54,6.6,6.6,7523649
2002-06-06,6.55,6.6,6.5,6.55,6.55,2499234
2002-06-07,6.53,6.58,6.48,6.53,6.53,3521822
2002-06-10,6.62,6.67,6.57,6.62,6.62,3850166
2002-06-11,6.62,6.67,6.57,6.62,6.62,2867332
2002-06-12,6.64,6.69,6.58,6.64,6.64,4094811
2002-06-13,6.46,6.51,6.41,6.46,6.46,7113207
2002-06-14,6.67,6.72,6.61,6.67,6.67,2337914
2002-06-17,6.79,6.85,6.74,6.79,6.79,4405793
2002-06-18,6.75,6.81,6.7,6.75,6.75,6883523
2002-06-19,6.89,6.94,6.83,6.89,6.89,9231203
2002-06-20,6.92,6.97,6.86,6.92,6.92,5150425
2002-06-21,6.99,7.05,6.94,6.99,6.99,6001220
2002-06-24,7.02,7.07,6.96,7.02,7.02,2313742
2002-06-25,7.05,7.11,6.99,7.05,7.05,4822578
2002-06-26,7.1,7.15,7.04,7.1,7.1,3688005
2002-06-27,7.17,7.23,7.11,7.17,7.17,6545946
2002-06-28,7.09,7.14,7.03,7.09,7.09,11955206
2002-07-01,6.98,7.04,6.93,6.98,6.98,5196595
2002-07-02,7.13,7.19,7.07,7.13,7.13,4027024
2002-07-03,7.09,7.15,7.04,7.09,7.09,3307247
2002-07-04,6.95,7.01,6.9,6.95,6.95,6716437
2002-07-05,7.01,7.06,6.95,7.01,7.01,4310092
2002-07-08,6.97,7.03,6.92,6.97,6.97,4479588
2002-07-09,7.04,7.1,6.98,7.04,7.04,6231450
2002-07-10,6.84,6.89,6.78,6.84,6.84,4923314
2002-07-11,7.01,7.07,6.96,7.01,7.01,5265026
2002-07-12,7.03,7.09,6.97,7.03,7.03,2298956
2002-07-15,7.17,7.22,7.11,7.17,7.17,7304103
2002-07-16,7.15,7.21,7.09,7.15,7.15,5961100
2002-07-17,7.09,7.15,7.03,7.09,7.09,9259450
2002-07-18,7.05,7.1,6.99,7.05,7.05,4849878
2002-07-19,6.98,7.03,6.92,6.98,6.98,8503741
2002-07-22,7.07,7.13,7.02,7.07,7.07,11540709
2002-07-23,6.92,6.98,6.86,6.92,6.92,3897143
2002-07-24,6.71,6.77,6.66,6.71,6.71,6895454
2002-07-25,6.68,6.73,6.62,6.68,6.68,3933206
2002-07-26,6.71,6.77,6.66,6.71,6.71,5238833
2002-07-29,6.69,6.75,6.64,6.69,6.69,7203283
2002-07-30,6.56,6.61,6.51,6.56,6.56,4251477
2002-07-31,6.53,6.59,6.48,6.53,6.53,4134670
2002-08-01,6.7,6.75,6.65,6.7,6.7,6321936
2002-08-02,6.75,6.8,6.69,6.75,6.75,7967620
2002-08-05,6.57,6.62,6.51,6.57,6.57,5096925
2002-08-06,6.39,6.45,6.34,6.39,6.39,3411929
2002-08-07,6.28,6.33,6.23,6.28,6.28,6134613
2002-08-08,6.23,6.28,6.18,6.23,6.23,3380396
2002-08-09,6.25,6.3,6.2,6.25,6.25,4939471
2002-08-12,6.17,6.22,6.12,6.17,6.17,3607088
2002-08-13,6.22,6.27,6.17,6.22,6.22,5312090
2002-08-14,6.27,6.32,6.22,6.27,6.27,10837495
2002-08-15,6.28,6.33,6.23,6.28,6.28,4850851
2002-08-16,6.25,6.3,6.2,6.25,6.25,4314602
2002-08-19,6.43,6.48,6.38,6.43,6.43,3606378
2002-08-20,6.49,6.54,6.44,6.49,6.49,5698205
2002-08-21,6.47,6.53,6.42,6.47,6.47,2743474
2002-08-22,6.42,6.48,6.37,6.42,6.42,3399412
2002-08-23,6.38,6.43,6.33,6.38,6.38,4743517
2002-08-26,6.32,6.37,6.27,6.32,6.32,8249137
2002-08-27,6.24,6.29,6.19,6.24,6.24,3739565
2002-08-28,6.41,6.46,6.36,6.41,6.41,4242384
2002-08-29,6.36,6.41,6.31,6.36,6.36,5280247
2002-08-30,6.43,6.48,6.38,6.43,6.43,14092064
2002-09-02,6.36,6.41,6.3,6.36,6.36,5039787
2002-09-03,6.31,6.36,6.26,6.31,6.31,4571187
2002-09-04,6.22,6.27,6.17,6.22,6.22,3337441
2002-09-05,6.04,6.09,5.99,6.04,6.04,4167875
2002-09-06,5.98,6.02,5.93,5.98,5.98,4766466
2002-09-09,5.9,5.95,5.86,5.9,5.9,5481395
2002-09-10,5.91,5.96,5.86,5.91,5.91,8771598
2002-09-11,5.94,5.99,5.9,5.94,5.94,8037514
2002-09-12,5.9,5.95,5.85,5.9,5.9,8067671
2002-09-13,5.78,5.83,5.74,5.78,5.78,4204308
2002-09-16,5.67,5.71,5.62,5.67,5.67,4139910
2002-09-17,5.88,5.93,5.84,5.88,5.88,7869789
2002-09-18,5.88,5.92,5.83,5.88,5.88,5055282
2002-09-19,5.75,5.8,5.7,5.75,5.75,3110751
2002-09-20,5.69,5.74,5.64,5.69,5.69,5583411
2002-09-23,5.62,5.66,5.57,5.62,5.62,4155843
2002-09-24,5.54,5.58,5.49,5.54,5.54,3100060
2002-09-25,5.39,5.43,5.35,5.39,5.39,3651294
2002-09-26,5.42,5.46,5.38,5.42,5.42,4972420
2002-09-27,5.3,5.34,5.25,5.3,5.3,6585408
2002-09-30,5.26,5.31,5.22,5.26,5.26,7322982
2002-10-01,5.19,5.23,5.15,5.19,5.19,4121753
2002-10-02,5.21,5.25,5.17,5.21,5.21,5971686
2002-10-03,5.25,5.29,5.21,5.25,5.25,4249021
2002-10-04,5.16,5.2,5.11,5.16,5.16,7834203
2002-10-07,5.29,5.34,5.25,5.29,5.29,7348139
2002-10-08,5.32,5.36,5.27,5.32,5.32,5111925
2002-10-09,5.22,5.26,5.18,5.22,5.22,2408905
2002-10-10,5.23,5.27,5.19,5.23,5.23,3614918
2002-10-11,5.34,5.38,5.29,5.34,5.34,2523888
2002-10-14,5.45,5.49,5.41,5.45,5.45,12709439
2002-10-15,5.43,5.47,5.38,5.43,5.43,5908826
2002-10-16,5.43,5.48,5.39,5.43,5.43,5384037
2002-10-17,5.43,5.48,5.39,5.43,5.43,6889133
2002-10-18,5.42,5.46,5.38,5.42,5.42,3500218
2002-10-21,5.44,5.49,5.4,5.44,5.44,4347205
2002-10-22,5.55,5.6,5.51,5.55,5.55,7583279
2002-10-23,5.51,5.55,5.46,5.51,5.51,4452486
2002-10-24,5.43,5.47,5.38,5.43,5.43,3510237
2002-10-25,5.4,5.44,5.35,5.4,5.4,5340022
2002-10-28,5.45,5.49,5.41,5.45,5.45,4241991
2002-10-29,5.46,5.5,5.42,5.46,5.46,3914876
2002-10-30,5.34,5.38,5.3,5.34,5.34,11422748
2002-10-31,5.34,5.38,5.3,5.34,5.34,4250626
2002-11-01,5.38,5.42,5.33,5.38,5.38,3212935
2002-11-04,5.22,5.26,5.18,5.22,5.22,4783010
2002-11-05,5.12,5.16,5.08,5.12,5.12,5909079
2002-11-06,5.14,5.18,5.1,5.14,5.14,4521023
2002-11-07,5.19,5.23,5.14,5.19,5.19,6489660
2002-11-08,5.14,5.18,5.1,5.14,5.14,9449990
2002-11-11,5.11,5.15,5.07,5.11,5.11,5804105
2002-11-12,5.17,5.21,5.13,5.17,5.17,5726290
2002-11-13,5.26,5.3,5.22,5.26,5.26,7774895
2002-11-14,5.31,5.36,5.27,5.31,5.31,5603464
2002-11-15,5.48,5.52,5.43,5.48,5.48,7557306
2002-11-18,5.39,5.43,5.34,5.39,5.39,5154018
2002-11-19,5.36,5.4,5.31,5.36,5.36,7402432
2002-11-20,5.31,5.35,5.27,5.31,5.31,7313803
2002-11-21,5.27,5.31,5.22,5.27,5.27,3429507
2002-11-22,5.13,5.17,5.09,5.13,5.13,3261425
2002-11-25,5.07,5.11,5.03,5.07,5.07,4372612
2002-11-26,4.95,4.99,4.91,4.95,4.95,6460233
2002-11-27,4.86,4.9,4.82,4.86,4.86,5072782
2002-11-28,4.86,4.9,4.82,4.86,4.86,5479064
2002-11-29,4.94,4.98,4.9,4.94,4.94,2858925
2002-12-02,5.03,5.07,4.99,5.03,5.03,3730771
2002-12-03,5.07,5.11,5.03,5.07,5.07,7119054
2002-12-04,5.16,5.2,5.12,5.16,5.16,3542962
2002-12-05,5.13,5.17,5.09,5.13,5.13,9166604
2002-12-06,5.09,5.13,5.05,5.09,5.09,4115331
2002-12-09,5.08,5.13,5.04,5.08,5.08,8178956
2002-12-10,5.13,5.17,5.09,5.13,5.13,7513450
2002-12-11,5.01,5.05,4.97,5.01,5.01,7207339
2002-12-12,5.09,5.13,5.05,5.09,5.09,6983109
2002-12-13,5.09,5.13,5.05,5.09,5.09,4481824
2002-12-16,5.04,5.08,5.0,5.04,5.04,6530605
2002-12-17,5.04,5.08,5.0,5.04,5.04,6864719
2002-12-18,5.07,5.11,5.03,5.07,5.07,3669118
2002-12-19,5.29,5.33,5.24,5.29,5.29,6500646
2002-12-20,5.45,5.49,5.41,5.45,5.45,7560727
2002-12-23,5.44,5.48,5.4,5.44,5.44,6036813
2002-12-24,5.58,5.62,5.53,5.58,5.58,3751883
2002-12-25,5.61,5.65,5.56,5.61,5.61,5262172
2002-12-26,5.67,5.72,5.63,5.67,5.67,4995221
2002-12-27,5.65,5.69,5.6,5.65,5.65,7907778
2002-12-30,5.42,5.46,5.38,5.42,5.42,3282534
2002-12-31,5.6,5.64,5.55,5.6,5.6,7262821
2003-01-01,5.51,5.55,5.46,5.51,5.51,4923025
2003-01-02,5.72,5.77,5.68,5.72,5.72,8988220
2003-01-03,5.65,5.69,5.6,5.65,5.65,8090650
2003-01-06,5.68,5.73,5.64,5.68,5.68,5024597
2003-01-07,5.72,5.77,5.68,5.72,5.72,3085217
2003-01-08,5.88,5.93,5.83,5.88,5.88,2697744
2003-01-09,5.83,5.88,5.79,5.83,5.83,4012690
2003-01-10,5.83,5.88,5.79,5.83,5.83,3880337
2003-01-13,5.91,5.96,5.86,5.91,5.91,7065967
2003-01-14,6.2,6.25,6.15,6.2,6.2,6664701
2003-01-15,6.12,6.17,6.08,6.12,6.12,4539880
2003-01-16,5.97,6.01,5.92,5.97,5.97,8234716
2003-01-17,6.07,6.11,6.02,6.07,6.07,5732861
2003-01-20,5.99,6.04,5.94,5.99,5.99,11105497
2003-01-21,5.96,6.0,5.91,5.96,5.96,4951732
2003-01-22,5.97,6.02,5.92,5.97,5.97,6279664
2003-01-23,5.72,5.76,5.67,5.72,5.72,3892378
2003-01-24,5.68,5.72,5.63,5.68,5.68,4225117
2003-01-27,5.68,5.73,5.64,5.68,5.68,5334819
2003-01-28,5.72,5.76,5.67,5.72,5.72,5211886
2003-01-29,5.75,5.79,5.7,5.75,5.75,7520270
2003-01-30,5.78,5.83,5.73,5.78,5.78,4139748
2003-01-31,5.94,5.99,5.89,5.94,5.94,5219302
2003-02-03,5.94,5.99,5.89,5.94,5.94,5012433
2003-02-04,6.01,6.06,5.96,6.01,6.01,6755032
2003-02-05,5.98,6.03,5.93,5.98,5.98,4127868
2003-02-06,5.94,5.99,5.9,5.94,5.94,6939859
2003-02-07,6.01,6.06,5.96,6.01,6.01,4368446
2003-02-10,6.01,6.06,5.96,6.01,6.01,11275392
2003-02-11,5.91,5.96,5.86,5.91,5.91,4066398
2003-02-12,5.82,5.87,5.77,5.82,5.82,4862871
2003-02-13,5.72,5.77,5.68,5.72,5.72,11631451
2003-02-14,5.77,5.81,5.72,5.77,5.77,2630863
2003-02-17,5.97,6.02,5.93,5.97,5.97,4250503
2003-02-18,6.02,6.07,5.97,6.02,6.02,3640342
2003-02-19,6.18,6.23,6.13,6.18,6.18,4044194
2003-02-20,6.14,6.19,6.09,6.14,6.14,3033414
2003-02-21,6.15,6.2,6.1,6.15,6.15,3795929
2003-02-24,6.14,6.19,6.09,6.14,6.14,5280407
2003-02-25,6.2,6.25,6.15,6.2,6.2,4546565
2003-02-26,6.17,6.22,6.12,6.17,6.17,6212565
2003-02-27,6.11,6.16,6.06,6.11,6.11,5379628
2003-02-28,6.11,6.15,6.06,6.11,6.11,6079091
2003-03-03,6.2,6.25,6.15,6.2,6.2,5029613
2003-03-04,6.15,6.2,6.1,6.15,6.15,2914244
2003-03-05,6.04,6.09,6.0,6.04,6.04,3458297
2003-03-06,6.08,6.12,6.03,6.08,6.08,4310576
2003-03-07,6.3,6.35,6.25,6.3,6.3,7042299
2003-03-10,6.36,6.41,6.31,6.36,6.36,3893837
2003-03-11,6.39,6.44,6.34,6.39,6.39,2593202
2003-03-12,6.35,6.4,6.3,6.35,6.35,5085068
2003-03-13,6.33,6.38,6.28,6.33,6.33,7497913
2003-03-14,6.38,6.43,6.33,6.38,6.38,7668956
2003-03-17,6.36,6.42,6.31,6.36,6.36,6026146
2003-03-18,6.38,6.43,6.33,6.38,6.38,3886818
2003-03-19,6.34,6.39,6.29,6.34,6.34,3203648
2003-03-20,6.29,6.34,6.24,6.29,6.29,3360938
2003-03-21,6.18,6.23,6.13,6.18,6.18,8640378
2003-03-24,6.27,6.32,6.22,6.27,6.27,4193325
2003-03-25,6.21,6.26,6.16,6.21,6.21,5166537
2003-03-26,6.21,6.26,6.16,6.21,6.21,3135762
2003-03-27,6.16,6.21,6.11,6.16,6.16,11041087
2003-03-28,6.23,6.28,6.18,6.23,6.23,5503602
2003-03-31,6.3,6.35,6.25,6.3,6.3,4019256
2003-04-01,6.32,6.37,6.27,6.32,6.32,5980527
2003-04-02,6.21,6.26,6.16,6.21,6.21,7704222
2003-04-03,6.29,6.34,6.24,6.29,6.29,4429371
2003-04-04,6.25,6.3,6.2,6.25,6.25,3705072
2003-04-07,6.32,6.37,6.27,6.32,6.32,4090808
2003-04-08,6.35,6.4,6.3,6.35,6.35,7266707
2003-04-09,6.22,6.27,6.17,6.22,6.22,4679184
2003-04-10,6.24,6.29,6.19,6.24,6.24,6793664
2003-04-11,6.2,6.25,6.15,6.2,6.2,2843138
2003-04-14,6.12,6.17,6.07,6.12,6.12,6942117
2003-04-15,6.07,6.11,6.02,6.07,6.07,3143734
2003-04-16,6.26,6.31,6.21,6.26,6.26,11070185
2003-04-17,6.21,6.26,6.16,6.21,6.21,6174645
2003-04-18,6.36,6.41,6.31,6.36,6.36,4487344
2003-04-21,6.39,6.44,6.34,6.39,6.39,5828447
2003-04-22,6.31,6.36,6.26,6.31,6.31,5334646
2003-04-23,6.36,6.41,6.31,6.36,6.36,4926149
2003-04-24,6.29,6.34,6.24,6.29,6.29,3313576
2003-04-25,6.39,6.44,6.34,6.39,6.39,4088664
2003-04-28,6.67,6.73,6.62,6.67,6.67,7244033
2003-04-29,6.76,6.81,6.7,6.76,6.76,6815650
2003-04-30,6.77,6.83,6.72,6.77,6.77,6979431
2003-05-01,6.69,6.75,6.64,6.69,6.69,3700267
2003-05-02,6.79,6.85,6.74,6.79,6.79,5013404
2003-05-05,6.75,6.81,6.7,6.75,6.75,6184237
2003-05-06,6.73,6.79,6.68,6.73,6.73,5320927
2003-05-07,6.58,6.63,6.53,6.58,6.58,3927493
2003-05-08,6.7,6.76,6.65,6.7,6.7,3004176
2003-05-09,6.64,6.69,6.59,6.64,6.64,7452375
2003-05-12,6.85,6.91,6.8,6.85,6.85,9979857
2003-05-13,6.85,6.91,6.8,6.85,6.85,5565400
2003-05-14,6.78,6.83,6.72,6.78,6.78,6222352
2003-05-15,6.74,6.79,6.68,6.74,6.74,4115502
2003-05-16,6.88,6.94,6.82,6.88,6.88,3176561
2003-05-19,7.06,7.11,7.0,7.06,7.06,7816471
2003-05-20,7.04,7.09,6.98,7.04,7.04,3304920
2003-05-21,7.03,7.09,6.97,7.03,7.03,7097366
2003-05-22,7.21,7.27,7.16,7.21,7.21,3387991
2003-05-23,7.43,7.48,7.37,7.43,7.43,3024083
2003-05-26,7.28,7.33,7.22,7.28,7.28,5035349
2003-05-27,7.15,7.2,7.09,7.15,7.15,4415590
2003-05-28,7.05,7.11,6.99,7.05,7.05,7738837
2003-05-29,7.03,7.09,6.97,7.03,7.03,7836158
2003-05-30,6.91,6.96,6.85,6.91,6.91,7863005
2003-06-02,6.86,6.92,6.81,6.86,6.86,5488860
2003-06-03,6.86,6.92,6.81,6.86,6.86,7394873
2003-06-04,6.81,6.87,6.76,6.81,6.81,5931426
2003-06-05,6.91,6.97,6.86,6.91,6.91,4007287
2003-06-06,7.02,7.07,6.96,7.02,7.02,7152061
2003-06-09,7.06,7.12,7.01,7.06,7.06,2099710
2003-06-10,7.19,7.25,7.14,7.19,7.19,4274407
2003-06-11,7.3,7.36,7.24,7.3,7.3,4482415
2003-06-12,7.28,7.34,7.22,7.28,7.28,5686335
2003-06-13,7.17,7.23,7.12,7.17,7.17,2656632
2003-06-16,7.19,7.24,7.13,7.19,7.19,4617439
2003-06-17,7.16,7.22,7.11,7.16,7.16,10428867
2003-06-18,7.07,7.13,7.01,7.07,7.07,10248802
2003-06-19,7.1,7.15,7.04,7.1,7.1,2594060
2003-06-20,7.0,7.05,6.94,7.0,7.0,3326905
2003-06-23,7.07,7.12,7.01,7.07,7.07,5140246
2003-06-24,6.98,7.03,6.92,6.98,6.98,5388051
2003-06-25,7.03,7.09,6.98,7.03,7.03,4605112
2003-06-26,7.08,7.14,7.02,7.08,7.08,3808663
2003-06-27,7.11,7.16,7.05,7.11,7.11,3545522
2003-06-30,7.18,7.24,7.12,7.18,7.18,5080784
2003-07-01,7.17,7.23,7.12,7.17,7.17,3185097
2003-07-02,7.37,7.43,7.32,7.37,7.37,5295759
2003-07-03,7.21,7.27,7.15,7.21,7.21,2686271
2003-07-04,7.14,7.19,7.08,7.14,7.14,5717938
2003-07-07,7.3,7.36,7.24,7.3,7.3,6722546
2003-07-08,7.45,7.51,7.39,7.45,7.45,3289467
2003-07-09,7.26,7.31,7.2,7.26,7.26,8624057
2003-07-10,7.18,7.24,7.13,7.18,7.18,4875819
2003-07-11,7.11,7.17,7.05,7.11,7.11,10122872
2003-07-14,7.06,7.11,7.0,7.06,7.06,8200028
2003-07-15,7.13,7.19,7.08,7.13,7.13,5842484
2003-07-16,7.02,7.08,6.97,7.02,7.02,3312583
2003-07-17,7.15,7.21,7.09,7.15,7.15,4382858
2003-07-18,7.33,7.39,7.27,7.33,7.33,3657354
2003-07-21,7.5,7.56,7.44,7.5,7.5,7172762
2003-07-22,7.39,7.45,7.33,7.39,7.39,4461420
2003-07-23,7.49,7.55,7.43,7.49,7.49,2300080
2003-07-24,7.66,7.72,7.6,7.66,7.66,2961255
2003-07-25,7.61,7.67,7.55,7.61,7.61,6095583
2003-07-28,7.68,7.74,7.62,7.68,7.68,6888664
2003-07-29,7.59,7.65,7.52,7.59,7.59,7481471
2003-07-30,7.49,7.55,7.43,7.49,7.49,5400320
2003-07-31,7.5,7.56,7.44,7.5,7.5,4817694
2003-08-01,7.47,7.53,7.41,7.47,7.47,7223339
2003-08-04,7.38,7.44,7.32,7.38,7.38,13177188
2003-08-05,7.43,7.49,7.37,7.43,7.43,5838465
2003-08-06,7.44,7.5,7.38,7.44,7.44,5950075
2003-08-07,7.35,7.41,7.29,7.35,7.35,4617516
2003-08-08,7.37,7.43,7.31,7.37,7.37,5021758
2003-08-11,7.36,7.42,7.3,7.36,7.36,7476069
2003-08-12,7.53,7.59,7.47,7.53,7.53,7008798
2003-08-13,7.55,7.61,7.49,7.55,7.55,8845830
2003-08-14,7.64,7.7,7.58,7.64,7.64,4885887
2003-08-15,7.71,7.77,7.65,7.71,7.71,3133610
2003-08-18,7.81,7.88,7.75,7.81,7.81,5877731
2003-08-19,7.97,8.03,7.9,7.97,7.97,4499262
2003-08-20,8.07,8.13,8.01,8.07,8.07,4543107
2003-08-21,8.35,8.42,8.29,8.35,8.35,5225019
2003-08-22,8.27,8.33,8.2,8.27,8.27,4321055
2003-08-25,8.3,8.37,8.23,8.3,8.3,3343794
2003-08-26,8.35,8.42,8.29,8.35,8.35,4578719
2003-08-27,8.35,8.42,8.29,8.35,8.35,4389499
2003-08-28,8.32,8.39,8.26,8.32,8.32,8668996
2003-08-29,8.37,8.43,8.3,8.37,8.37,5371886
2003-09-01,8.07,8.14,8.01,8.07,8.07,7599438
2003-09-02,8.05,8.11,7.98,8.05,8.05,9098857
2003-09-03,8.02,8.08,7.95,8.02,8.02,6278203
2003-09-04,7.78,7.85,7.72,7.78,7.78,7168523
2003-09-05,7.86,7.92,7.8,7.86,7.86,6045763
2003-09-08,7.9,7.97,7.84,7.9,7.9,5389229
2003-09-09,7.69,7.75,7.63,7.69,7.69,3058786
2003-09-10,7.55,7.62,7.49,7.55,7.55,6136858
2003-09-11,7.49,7.55,7.43,7.49,7.49,5879289
2003-09-12,7.59,7.65,7.53,7.59,7.59,2244812
2003-09-15,7.48,7.54,7.42,7.48,7.48,7371580
2003-09-16,7.45,7.51,7.39,7.45,7.45,7225543
2003-09-17,7.42,7.48,7.36,7.42,7.42,5706347
2003-09-18,7.51,7.57,7.45,7.51,7.51,2897216
2003-09-19,7.55,7.61,7.49,7.55,7.55,5651054
2003-09-22,7.8,7.87,7.74,7.8,7.8,6262931
2003-09-23,8.04,8.1,7.97,8.04,8.04,4390472
2003-09-24,8.16,8.22,8.09,8.16,8.16,5629521
2003-09-25,8.01,8.08,7.95,8.01,8.01,12900989
2003-09-26,7.89,7.95,7.82,7.89,7.89,8972380
2003-09-29,7.99,8.06,7.93,7.99,7.99,7196046
2003-09-30,7.96,8.02,7.89,7.96,7.96,13069756
2003-10-01,8.03,8.09,7.96,8.03,8.03,3346727
2003-10-02,8.09,8.15,8.02,8.09,8.09,9658996
2003-10-03,8.35,8.42,8.28,8.35,8.35,6852311
2003-10-06,8.52,8.59,8.45,8.52,8.52,4059547
2003-10-07,8.55,8.62,8.48,8.55,8.55,7508193
2003-10-08,8.43,8.49,8.36,8.43,8.43,8677585
2003-10-09,8.23,8.3,8.17,8.23,8.23,8676894
2003-10-10,8.3,8.36,8.23,8.3,8.3,5368759
2003-10-13,8.3,8.37,8.23,8.3,8.3,9724672
2003-10-14,8.31,8.38,8.25,8.31,8.31,5083865
2003-10-15,8.31,8.38,8.25,8.31,8.31,4454788
2003-10-16,8.31,8.37,8.24,8.31,8.31,4097778
2003-10-17,8.22,8.28,8.15,8.22,8.22,4571799
2003-10-20,7.97,8.03,7.91,7.97,7.97,3023308
2003-10-21,7.92,7.98,7.86,7.92,7.92,3098849
2003-10-22,7.96,8.02,7.89,7.96,7.96,5644062
2003-10-23,7.83,7.89,7.76,7.83,7.83,8249091
2003-10-24,7.94,8.0,7.88,7.94,7.94,4230562
2003-10-27,7.99,8.05,7.93,7.99,7.99,4956952
2003-10-28,7.83,7.9,7.77,7.83,7.83,3685619
2003-10-29,7.69,7.75,7.63,7.69,7.69,3885211
2003-10-30,7.64,7.7,7.58,7.64,7.64,4087094
2003-10-31,7.74,7.8,7.68,7.74,7.74,2966659
2003-11-03,7.81,7.87,7.74,7.81,7.81,6045102
2003-11-04,7.95,8.01,7.88,7.95,7.95,10591736
2003-11-05,8.16,8.22,8.09,8.16,8.16,11152624
2003-11-06,8.04,8.11,7.98,8.04,8.04,6131269
2003-11-07,8.09,8.15,8.02,8.09,8.09,3264416
2003-11-10,8.21,8.28,8.14,8.21,8.21,5142705
2003-11-11,7.99,8.05,7.92,7.99,7.99,14431711
2003-11-12,8.06,8.13,8.0,8.06,8.06,9470821
2003-11-13,8.13,8.19,8.06,8.13,8.13,4261071
2003-11-14,8.15,8.22,8.09,8.15,8.15,4749197
2003-11-17,8.23,8.3,8.17,8.23,8.23,3482246
2003-11-18,8.3,8.37,8.24,8.3,8.3,4875371
2003-11-19,8.65,8.72,8.58,8.65,8.65,10337591
2003-11-20,8.59,8.66,8.52,8.59,8.59,5182041
2003-11-21,8.44,8.5,8.37,8.44,8.44,2644436
2003-11-24,8.37,8.44,8.3,8.37,8.37,4510357
2003-11-25,8.43,8.5,8.36,8.43,8.43,3477367
2003-11-26,8.43,8.5,8.36,8.43,8.43,2544074
2003-11-27,8.54,8.61,8.47,8.54,8.54,7915941
2003-11-28,8.59,8.66,8.52,8.59,8.59,3205358
2003-12-01,8.41,8.48,8.35,8.41,8.41,5309715
2003-12-02,8.54,8.6,8.47,8.54,8.54,2907931
2003-12-03,8.71,8.78,8.64,8.71,8.71,6357233
2003-12-04,8.47,8.54,8.4,8.47,8.47,4125065
2003-12-05,8.51,8.58,8.45,8.51,8.51,3784734
2003-12-08,8.51,8.58,8.44,8.51,8.51,4149474
2003-12-09,8.5,8.56,8.43,8.5,8.5,11077294
2003-12-10,8.43,8.5,8.36,8.43,8.43,4461195
2003-12-11,8.36,8.43,8.29,8.36,8.36,10992401
2003-12-12,8.35,8.41,8.28,8.35,8.35,6203800
2003-12-15,8.44,8.5,8.37,8.44,8.44,10639018
2003-12-16,8.23,8.3,8.17,8.23,8.23,9097820
2003-12-17,8.29,8.36,8.22,8.29,8.29,6503516
2003-12-18,8.27,8.34,8.21,8.27,8.27,6586650
2003-12-19,8.36,8.42,8.29,8.36,8.36,6950982
2003-12-22,8.57,8.64,8.51,8.57,8.57,3878981
2003-12-23,8.5,8.56,8.43,8.5,8.5,4883077
2003-12-24,8.54,8.61,8.47,8.54,8.54,4438588
2003-12-25,8.43,8.5,8.36,8.43,8.43,6728894
2003-12-26,8.44,8.51,8.37,8.44,8.44,3987344
2003-12-29,8.44,8.5,8.37,8.44,8.44,6652616
2003-12-30,8.35,8.42,8.28,8.35,8.35,5948212
2003-12-31,8.32,8.38,8.25,8.32,8.32,4748345
2004-01-01,8.34,8.41,8.28,8.34,8.34,5014488
2004-01-02,8.33,8.4,8.26,8.33,8.33,10187592
2004-01-05,8.28,8.35,8.22,8.28,8.28,5481713
2004-01-06,8.01,8.08,7.95,8.01,8.01,3272296
2004-01-07,8.27,8.34,8.21,8.27,8.27,5651074
2004-01-08,8.2,8.26,8.13,8.2,8.2,5517197
2004-01-09,8.22,8.28,8.15,8.22,8.22,5934343
2004-01-12,8.37,8.44,8.3,8.37,8.37,8908263
2004-01-13,8.52,8.59,8.45,8.52,8.52,7679669
2004-01-14,8.59,8.66,8.52,8.59,8.59,3733146
2004-01-15,8.71,8.78,8.64,8.71,8.71,3680965
2004-01-16,8.74,8.81,8.67,8.74,8.74,4651355
2004-01-19,8.68,8.75,8.61,8.68,8.68,1990700
2004-01-20,8.8,8.87,8.73,8.8,8.8,3095247
2004-01-21,8.93,9.0,8.85,8.93,8.93,3407835
2004-01-22,8.79,8.86,8.72,8.79,8.79,7225365
2004-01-23,8.93,9.0,8.86,8.93,8.93,5648125
2004-01-26,8.96,9.03,8.89,8.96,8.96,7240419
2004-01-27,8.99,9.06,8.92,8.99,8.99,5328122
2004-01-28,8.99,9.07,8.92,8.99,8.99,11167722
2004-01-29,8.87,8.94,8.8,8.87,8.87,4652191
2004-01-30,8.9,8.97,8.83,8.9,8.9,3430864
2004-02-02,8.96,9.03,8.89,8.96,8.96,5516465
2004-02-03,8.97,9.04,8.9,8.97,8.97,4366494
2004-02-04,8.87,8.95,8.8,8.87,8.87,4749562
2004-02-05,9.03,9.1,8.96,9.03,9.03,7220194
2004-02-06,8.92,8.99,8.84,8.92,8.92,6505702
2004-02-09,8.88,8.95,8.81,8.88,8.88,4997981
2004-02-10,8.88,8.95,8.81,8.88,8.88,5060930
2004-02-11,8.88,8.95,8.81,8.88,8.88,3949803
2004-02-12,8.75,8.82,8.68,8.75,8.75,4237636
2004-02-13,8.57,8.64,8.5,8.57,8.57,10685166
2004-02-16,8.65,8.72,8.58,8.65,8.65,3425812
2004-02-17,8.71,8.78,8.64,8.71,8.71,4894906
2004-02-18,8.59,8.66,8.53,8.59,8.59,5794485
2004-02-19,8.66,8.73,8.6,8.66,8.66,4401955
2004-02-20,8.59,8.65,8.52,8.59,8.59,7507121
2004-02-23,8.82,8.89,8.75,8.82,8.82,4260773
2004-02-24,8.8,8.87,8.73,8.8,8.8,3904709
2004-02-25,8.88,8.95,8.81,8.88,8.88,5126248
2004-02-26,9.15,9.22,9.08,9.15,9.15,3813075
2004-02-27,9.1,9.17,9.03,9.1,9.1,6656551
2004-03-01,9.03,9.11,8.96,9.03,9.03,3770238
2004-03-02,9.13,9.2,9.05,9.13,9.13,6049680
2004-03-03,9.11,9.18,9.04,9.11,9.11,8485399
2004-03-04,9.32,9.39,9.25,9.32,9.32,3969802
2004-03-05,9.21,9.29,9.14,9.21,9.21,1878540
2004-03-08,9.37,9.44,9.29,9.37,9.37,11553339
2004-03-09,9.38,9.45,9.3,9.38,9.38,4926484
2004-03-10,9.14,9.22,9.07,9.14,9.14,7268847
2004-03-11,9.08,9.15,9.0,9.08,9.08,6952614
2004-03-12,9.03,9.1,8.96,9.03,9.03,2403262
2004-03-15,9.11,9.18,9.04,9.11,9.11,5314479
2004-03-16,9.36,9.44,9.29,9.36,9.36,3403175
2004-03-17,9.42,9.5,9.35,9.42,9.42,7698841
2004-03-18,9.71,9.79,9.64,9.71,9.71,4170734
2004-03-19,9.69,9.77,9.61,9.69,9.69,3485004
2004-03-22,9.45,9.53,9.37,9.45,9.45,4315217
2004-03-23,9.51,9.59,9.44,9.51,9.51,4963968
2004-03-24,9.69,9.77,9.61,9.69,9.69,4515841
2004-03-25,9.45,9.52,9.37,9.45,9.45,8760923
2004-03-26,9.3,9.37,9.22,9.3,9.3,7291471
2004-03-29,9.33,9.41,9.26,9.33,9.33,8696506
2004-03-30,9.23,9.3,9.15,9.23,9.23,6571082
2004-03-31,9.16,9.24,9.09,9.16,9.16,5434723
2004-04-01,9.27,9.34,9.19,9.27,9.27,4359476
2004-04-02,9.03,9.1,8.96,9.03,9.03,5950848
2004-04-05,9.27,9.34,9.19,9.27,9.27,4233720
2004-04-06,9.26,9.33,9.18,9.26,9.26,2817645
2004-04-07,9.44,9.51,9.36,9.44,9.44,4735749
2004-04-08,9.47,9.54,9.39,9.47,9.47,9505725
2004-04-09,9.65,9.73,9.57,9.65,9.65,3957532
2004-04-12,9.56,9.63,9.48,9.56,9.56,4118924
2004-04-13,9.65,9.72,9.57,9.65,9.65,3998250
2004-04-14,9.61,9.69,9.53,9.61,9.61,6593033
2004-04-15,9.62,9.7,9.54,9.62,9.62,4314835
2004-04-16,9.64,9.72,9.57,9.64,9.64,8367156
2004-04-19,9.45,9.52,9.37,9.45,9.45,7388136
2004-04-20,9.33,9.4,9.25,9.33,9.33,6024731
2004-04-21,9.22,9.3,9.15,9.22,9.22,4896880
2004-04-22,9.31,9.39,9.24,9.31,9.31,3551021
2004-04-23,9.3,9.38,9.23,9.3,9.3,6013172
2004-04-26,8.96,9.03,8.89,8.96,8.96,2953508
2004-04-27,9.02,9.09,8.95,9.02,9.02,6412869
2004-04-28,9.02,9.09,8.95,9.02,9.02,10189198
2004-04-29,9.0,9.07,8.93,9.0,9.0,8000796
2004-04-30,8.66,8.73,8.59,8.66,8.66,6065893
2004-05-03,8.62,8.68,8.55,8.62,8.62,4181300
2004-05-04,8.76,8.84,8.69,8.76,8.76,6493849
2004-05-05,8.92,9.0,8.85,8.92,8.92,11423387
2004-05-06,9.02,9.1,8.95,9.02,9.02,4751198
2004-05-07,9.05,9.12,8.97,9.05,9.05,4970236
2004-05-10,9.04,9.11,8.96,9.04,9.04,6470974
2004-05-11,9.04,9.11,8.97,9.04,9.04,7787701
2004-05-12,9.2,9.28,9.13,9.2,9.2,10200551
2004-05-13,9.09,9.16,9.02,9.09,9.09,4848056
2004-05-14,9.03,9.1,8.96,9.03,9.03,10279333
2004-05-17,8.94,9.01,8.87,8.94,8.94,4198153
2004-05-18,8.87,8.94,8.8,8.87,8.87,4108335
2004-05-19,8.81,8.88,8.74,8.81,8.81,5297328
2004-05-20,8.6,8.67,8.53,8.6,8.6,7408774
2004-05-21,8.63,8.69,8.56,8.63,8.63,3592774
2004-05-24,8.45,8.52,8.38,8.45,8.45,3204198
2004-05-25,8.62,8.69,8.55,8.62,8.62,3643920
2004-05-26,8.63,8.7,8.56,8.63,8.63,6044111
2004-05-27,8.54,8.6,8.47,8.54,8.54,6732118
2004-05-28,8.77,8.84,8.7,8.77,8.77,3307494
2004-05-31,8.77,8.84,8.7,8.77,8.77,6246674
2004-06-01,8.54,8.61,8.47,8.54,8.54,3770883
2004-06-02,8.56,8.63,8.49,8.56,8.56,5618764
2004-06-03,8.74,8.81,8.67,8.74,8.74,5020925
2004-06-04,8.93,9.0,8.86,8.93,8.93,4794497
2004-06-07,8.95,9.02,8.87,8.95,8.95,5995512
2004-06-08,9.09,9.16,9.02,9.09,9.09,6135168
2004-06-09,9.15,9.22,9.07,9.15,9.15,2554918
2004-06-10,8.98,9.05,8.9,8.98,8.98,5525892
2004-06-11,9.02,9.09,8.94,9.02,9.02,4631008
2004-06-14,9.01,9.09,8.94,9.01,9.01,7544655
2004-06-15,8.98,9.05,8.91,8.98,8.98,8033426
2004-06-16,9.14,9.21,9.06,9.14,9.14,6105429
2004-06-17,9.15,9.23,9.08,9.15,9.15,6033363
2004-06-18,9.32,9.39,9.25,9.32,9.32,2381836
2004-06-21,9.24,9.31,9.17,9.24,9.24,2652426
2004-06-22,9.04,9.11,8.96,9.04,9.04,3070607
2004-06-23,9.07,9.14,9.0,9.07,9.07,9153894
2004-06-24,9.14,9.21,9.07,9.14,9.14,5278844
2004-06-25,9.16,9.23,9.08,9.16,9.16,3221648
2004-06-28,9.49,9.57,9.42,9.49,9.49,5916005
2004-06-29,9.53,9.61,9.45,9.53,9.53,4720899
2004-06-30,9.44,9.51,9.36,9.44,9.44,8529465
2004-07-01,9.65,9.73,9.58,9.65,9.65,5289423
2004-07-02,9.83,9.91,9.75,9.83,9.83,5272332
2004-07-05,9.61,9.69,9.53,9.61,9.61,9587159
2004-07-06,9.81,9.89,9.73,9.81,9.81,8158775
2004-07-07,9.66,9.74,9.59,9.66,9.66,4538492
2004-07-08,9.65,9.72,9.57,9.65,9.65,6465968
2004-07-09,9.72,9.8,9.65,9.72,9.72,3351641
2004-07-12,9.8,9.88,9.72,9.8,9.8,8408800
2004-07-13,9.77,9.85,9.69,9.77,9.77,6106498
2004-07-14,9.67,9.74,9.59,9.67,9.67,5706553
2004-07-15,9.56,9.63,9.48,9.56,9.56,13400978
2004-07-16,9.78,9.85,9.7,9.78,9.78,3324506
2004-07-19,9.5,9.58,9.42,9.5,9.5,4679553
2004-07-20,9.51,9.58,9.43,9.51,9.51,3479926
2004-07-21,9.33,9.4,9.25,9.33,9.33,3821674
2004-07-22,9.52,9.6,9.45,9.52,9.52,4162292
2004-07-23,9.76,9.84,9.68,9.76,9.76,7562241
2004-07-26,9.73,9.81,9.65,9.73,9.73,5751009
2004-07-27,9.67,9.74,9.59,9.67,9.67,6167580
2004-07-28,9.72,9.8,9.64,9.72,9.72,2737868
2004-07-29,9.46,9.54,9.39,9.46,9.46,4959470
2004-07-30,9.42,9.49,9.34,9.42,9.42,4998098
2004-08-02,9.49,9.57,9.41,9.49,9.49,3890249
2004-08-03,9.41,9.48,9.33,9.41,9.41,4902005
2004-08-04,9.46,9.53,9.38,9.46,9.46,9073391
2004-08-05,9.29,9.37,9.22,9.29,9.29,3548963
2004-08-06,9.14,9.21,9.07,9.14,9.14,9013345
2004-08-09,9.03,9.1,8.96,9.03,9.03,5259845
2004-08-10,8.89,8.96,8.82,8.89,8.89,4058492
2004-08-11,8.92,8.99,8.85,8.92,8.92,4418346
2004-08-12,8.96,9.03,8.89,8.96,8.96,3576307
2004-08-13,9.22,9.29,9.15,9.22,9.22,5072313
2004-08-16,9.08,9.15,9.0,9.08,9.08,4401874
2004-08-17,9.33,9.4,9.25,9.33,9.33,2394400
2004-08-18,9.38,9.46,9.31,9.38,9.38,5241970
2004-08-19,9.37,9.44,9.29,9.37,9.37,10807468
2004-08-20,9.28,9.35,9.2,9.28,9.28,3409916
2004-08-23,9.53,9.6,9.45,9.53,9.53,8413243
2004-08-24,9.5,9.57,9.42,9.5,9.5,8331594
2004-08-25,9.66,9.74,9.58,9.66,9.66,3128129
2004-08-26,9.68,9.76,9.6,9.68,9.68,7114872
2004-08-27,9.83,9.9,9.75,9.83,9.83,8346841
2004-08-30,10.04,10.12,9.96,10.04,10.04,7523616
2004-08-31,10.08,10.16,10.0,10.08,10.08,5994909
2004-09-01,10.27,10.35,10.19,10.27,10.27,7266516
2004-09-02,10.26,10.34,10.18,10.26,10.26,5819148
2004-09-03,10.4,10.48,10.32,10.4,10.4,3674100
2004-09-06,10.53,10.62,10.45,10.53,10.53,5561687
2004-09-07,10.61,10.69,10.52,10.61,10.61,4714210
2004-09-08,10.61,10.7,10.53,10.61,10.61,8109465
2004-09-09,10.45,10.53,10.37,10.45,10.45,3889938
2004-09-10,10.11,10.19,10.03,10.11,10.11,9145692
2004-09-13,10.38,10.46,10.29,10.38,10.38,6880196
2004-09-14,10.27,10.36,10.19,10.27,10.27,4780561
2004-09-15,9.83,9.91,9.75,9.83,9.83,3124330
2004-09-16,9.79,9.87,9.71,9.79,9.79,8324989
2004-09-17,10.12,10.2,10.04,10.12,10.12,4923685
2004-09-20,10.17,10.25,10.09,10.17,10.17,4475035
2004-09-21,10.2,10.28,10.11,10.2,10.2,1756545
2004-09-22,10.37,10.46,10.29,10.37,10.37,1764373
2004-09-23,10.23,10.31,10.15,10.23,10.23,5102294
2004-09-24,10.19,10.27,10.11,10.19,10.19,3783168
2004-09-27,10.23,10.31,10.15,10.23,10.23,5263055
2004-09-28,10.12,10.2,10.04,10.12,10.12,4081644
2004-09-29,10.04,10.12,9.96,10.04,10.04,3873543
2004-09-30,10.03,10.11,9.95,10.03,10.03,3248309
2004-10-01,10.28,10.36,10.2,10.28,10.28,1802732
2004-10-04,10.33,10.41,10.25,10.33,10.33,2590362
2004-10-05,10.43,10.51,10.34,10.43,10.43,5843208
2004-10-06,10.41,10.49,10.32,10.41,10.41,3004346
2004-10-07,10.57,10.65,10.48,10.57,10.57,7533123
2004-10-08,10.79,10.88,10.71,10.79,10.79,2119830
2004-10-11,10.54,10.62,10.46,10.54,10.54,5520124
2004-10-12,10.62,10.71,10.54,10.62,10.62,4842203
2004-10-13,10.5,10.59,10.42,10.5,10.5,9266247
2004-10-14,10.34,10.42,10.26,10.34,10.34,11215941
2004-10-15,10.62,10.7,10.53,10.62,10.62,7190208
2004-10-18,10.59,10.67,10.5,10.59,10.59,6679445
2004-10-19,10.5,10.58,10.41,10.5,10.5,3553353
2004-10-20,10.51,10.59,10.42,10.51,10.51,4552488
2004-10-21,10.62,10.71,10.54,10.62,10.62,6063223
2004-10-22,10.92,11.0,10.83,10.92,10.92,4542388
2004-10-25,10.79,10.88,10.71,10.79,10.79,6805971
2004-10-26,10.77,10.86,10.69,10.77,10.77,4015327
2004-10-27,10.94,11.02,10.85,10.94,10.94,7211523
2004-10-28,10.69,10.78,10.6,10.69,10.69,9091271
2004-10-29,10.34,10.43,10.26,10.34,10.34,3898419
2004-11-01,10.52,10.61,10.44,10.52,10.52,7663473
2004-11-02,10.54,10.63,10.46,10.54,10.54,8918135
2004-11-03,10.53,10.62,10.45,10.53,10.53,5868788
2004-11-04,10.56,10.64,10.47,10.56,10.56,4821796
2004-11-05,10.5,10.58,10.41,10.5,10.5,5048327
2004-11-08,10.52,10.61,10.44,10.52,10.52,6321742
2004-11-09,10.61,10.69,10.52,10.61,10.61,7326583
2004-11-10,10.36,10.45,10.28,10.36,10.36,5224140
2004-11-11,10.14,10.22,10.06,10.14,10.14,4319722
2004-11-12,10.31,10.39,10.22,10.31,10.31,3343056
2004-11-15,10.32,10.41,10.24,10.32,10.32,4096779
2004-11-16,10.37,10.45,10.28,10.37,10.37,8268188
2004-11-17,10.45,10.54,10.37,10.45,10.45,8707620
2004-11-18,10.62,10.7,10.53,10.62,10.62,5262811
2004-11-19,10.67,10.75,10.58,10.67,10.67,5113356
2004-11-22,10.69,10.78,10.6,10.69,10.69,4943784
2004-11-23,10.7,10.78,10.61,10.7,10.7,8365041
2004-11-24,10.45,10.53,10.36,10.45,10.45,9885669
2004-11-25,10.51,10.59,10.42,10.51,10.51,5397025
2004-11-26,10.4,10.48,10.31,10.4,10.4,8328493
2004-11-29,10.48,10.56,10.4,10.48,10.48,4920451
2004-11-30,10.4,10.49,10.32,10.4,10.4,4349204
2004-12-01,10.61,10.7,10.53,10.61,10.61,10172517
2004-12-02,10.31,10.39,10.22,10.31,10.31,5398618
2004-12-03,10.12,10.2,10.04,10.12,10.12,5438517
2004-12-06,10.04,10.13,9.96,10.04,10.04,6854526
2004-12-07,9.9,9.98,9.83,9.9,9.9,5453118
2004-12-08,9.98,10.06,9.9,9.98,9.98,5693172
2004-12-09,9.89,9.97,9.81,9.89,9.89,11555810
2004-12-10,10.01,10.09,9.93,10.01,10.01,2231210
2004-12-13,10.08,10.16,10.0,10.08,10.08,3802932
2004-12-14,9.96,10.04,9.88,9.96,9.96,3868287
2004-12-15,10.0,10.08,9.92,10.0,10.0,6161455
2004-12-16,9.7,9.78,9.62,9.7,9.7,1697067
2004-12-17,9.92,10.0,9.84,9.92,9.92,9607880
2004-12-20,9.78,9.86,9.71,9.78,9.78,11642095
2004-12-21,9.82,9.9,9.74,9.82,9.82,2610195
2004-12-22,9.45,9.52,9.37,9.45,9.45,3182127
2004-12-23,9.39,9.47,9.32,9.39,9.39,10812090
2004-12-24,9.47,9.55,9.39,9.47,9.47,6788464
2004-12-27,9.42,9.5,9.35,9.42,9.42,10332525
2004-12-28,9.57,9.64,9.49,9.57,9.57,6233679
2004-12-29,9.82,9.9,9.74,9.82,9.82,4402105
2004-12-30,9.95,10.03,9.87,9.95,9.95,5530557
2004-12-31,9.99,10.07,9.91,9.99,9.99,4478248
2005-01-03,10.03,10.11,9.95,10.03,10.03,8602258
2005-01-04,9.96,10.04,9.88,9.96,9.96,4237727
2005-01-05,9.89,9.97,9.81,9.89,9.89,1672381
2005-01-06,10.13,10.21,10.05,10.13,10.13,6992276
2005-01-07,9.86,9.94,9.78,9.86,9.86,5529583
2005-01-10,9.71,9.79,9.64,9.71,9.71,4345101
2005-01-11,9.66,9.74,9.59,9.66,9.66,6231883
2005-01-12,9.75,9.83,9.68,9.75,9.75,2931155
2005-01-13,9.72,9.8,9.64,9.72,9.72,6947947
2005-01-14,9.59,9.66,9.51,9.59,9.59,2387141
2005-01-17,9.42,9.5,9.35,9.42,9.42,4095365
2005-01-18,9.52,9.6,9.44,9.52,9.52,4039343
2005-01-19,9.36,9.44,9.29,9.36,9.36,8833290
2005-01-20,9.49,9.57,9.41,9.49,9.49,3492293
2005-01-21,9.45,9.53,9.38,9.45,9.45,6927964
2005-01-24,9.43,9.51,9.36,9.43,9.43,7086128
2005-01-25,9.46,9.53,9.38,9.46,9.46,3319042
2005-01-26,9.81,9.88,9.73,9.81,9.81,3221473
2005-01-27,9.94,10.02,9.86,9.94,9.94,3326799
2005-01-28,10.11,10.19,10.03,10.11,10.11,8065096
2005-01-31,10.11,10.19,10.03,10.11,10.11,6595037
2005-02-01,10.18,10.26,10.1,10.18,10.18,5437519
2005-02-02,10.24,10.32,10.16,10.24,10.24,4990296
2005-02-03,10.37,10.46,10.29,10.37,10.37,3569506
2005-02-04,10.41,10.49,10.32,10.41,10.41,4827022
2005-02-07,10.41,10.49,10.33,10.41,10.41,6063562
2005-02-08,10.29,10.37,10.21,10.29,10.29,4586997
2005-02-09,10.32,10.41,10.24,10.32,10.32,4502554
2005-02-10,10.11,10.19,10.03,10.11,10.11,4430288
2005-02-11,10.34,10.43,10.26,10.34,10.34,4995310
2005-02-14,10.44,10.53,10.36,10.44,10.44,4978129
2005-02-15,10.32,10.4,10.23,10.32,10.32,5067728
2005-02-16,10.37,10.45,10.29,10.37,10.37,5955143
2005-02-17,10.43,10.52,10.35,10.43,10.43,4700642
2005-02-18,10.33,10.41,10.24,10.33,10.33,6041940
2005-02-21,10.29,10.38,10.21,10.29,10.29,6357313
2005-02-22,10.16,10.25,10.08,10.16,10.16,7748843
2005-02-23,10.15,10.23,10.07,10.15,10.15,3494595
2005-02-24,10.22,10.3,10.14,10.22,10.22,7414291
2005-02-25,10.48,10.56,10.39,10.48,10.48,5768360
2005-02-28,10.36,10.44,10.27,10.36,10.36,11109597
2005-03-01,10.71,10.8,10.62,10.71,10.71,3623153
2005-03-02,10.69,10.78,10.61,10.69,10.69,5203861
2005-03-03,10.57,10.66,10.49,10.57,10.57,2550571
2005-03-04,10.6,10.69,10.52,10.6,10.6,8322666
2005-03-07,10.55,10.64,10.47,10.55,10.55,6532992
2005-03-08,10.34,10.42,10.26,10.34,10.34,6642429
2005-03-09,10.44,10.52,10.36,10.44,10.44,3733299
2005-03-10,10.45,10.53,10.36,10.45,10.45,2240438
2005-03-11,10.11,10.19,10.03,10.11,10.11,11988561
2005-03-14,10.12,10.2,10.04,10.12,10.12,7690644
2005-03-15,9.99,10.07,9.91,9.99,9.99,2880333
2005-03-16,10.15,10.23,10.06,10.15,10.15,3220335
2005-03-17,10.02,10.1,9.94,10.02,10.02,5985610
2005-03-18,9.85,9.93,9.77,9.85,9.85,7653764
2005-03-21,9.75,9.83,9.67,9.75,9.75,4017816
2005-03-22,9.56,9.63,9.48,9.56,9.56,9085397
2005-03-23,9.49,9.56,9.41,9.49,9.49,7090990
2005-03-24,9.6,9.67,9.52,9.6,9.6,4198297
2005-03-25,9.68,9.76,9.61,9.68,9.68,4025899
2005-03-28,9.85,9.93,9.77,9.85,9.85,4708641
2005-03-29,9.91,9.99,9.83,9.91,9.91,8147474
2005-03-30,9.69,9.77,9.62,9.69,9.69,7409575
2005-03-31,9.92,9.99,9.84,9.92,9.92,5633067
2005-04-01,10.0,10.08,9.92,10.0,10.0,10262764
2005-04-04,9.88,9.96,9.8,9.88,9.88,12100329
2005-04-05,10.02,10.1,9.94,10.02,10.02,15486030
2005-04-06,10.06,10.14,9.98,10.06,10.06,5206397
2005-04-07,10.27,10.36,10.19,10.27,10.27,5136272
2005-04-08,10.27,10.35,10.18,10.27,10.27,3853238
2005-04-11,10.6,10.68,10.51,10.6,10.6,4491797
2005-04-12,10.41,10.49,10.33,10.41,10.41,6392652
2005-04-13,10.56,10.65,10.48,10.56,10.56,2879595
2005-04-14,10.33,10.42,10.25,10.33,10.33,12355769
2005-04-15,10.23,10.31,10.15,10.23,10.23,7793434
2005-04-18,10.06,10.14,9.98,10.06,10.06,8673731
2005-04-19,10.07,10.15,9.99,10.07,10.07,4254705
2005-04-20,10.05,10.13,9.97,10.05,10.05,5307354
2005-04-21,10.14,10.22,10.06,10.14,10.14,8142775
2005-04-22,10.27,10.35,10.19,10.27,10.27,6871365
2005-04-25,10.26,10.34,10.18,10.26,10.26,4233327
2005-04-26,10.17,10.25,10.08,10.17,10.17,3792873
2005-04-27,10.15,10.23,10.07,10.15,10.15,4302077
2005-04-28,10.01,10.09,9.93,10.01,10.01,3537774
2005-04-29,10.2,10.28,10.12,10.2,10.2,4494387
2005-05-02,10.04,10.12,9.96,10.04,10.04,5066936
2005-05-03,10.19,10.27,10.11,10.19,10.19,8092860
2005-05-04,9.84,9.92,9.76,9.84,9.84,2787234
2005-05-05,9.82,9.9,9.74,9.82,9.82,6173682
2005-05-06,9.88,9.96,9.8,9.88,9.88,3584326
2005-05-09,9.93,10.01,9.85,9.93,9.93,5627017
2005-05-10,10.03,10.11,9.95,10.03,10.03,8839738
2005-05-11,9.99,10.07,9.91,9.99,9.99,3818042
2005-05-12,10.04,10.12,9.96,10.04,10.04,4159118
2005-05-13,9.99,10.07,9.91,9.99,9.99,6506769
2005-05-16,9.92,10.0,9.84,9.92,9.92,7201396
2005-05-17,10.14,10.22,10.05,10.14,10.14,7033224
2005-05-18,10.19,10.27,10.11,10.19,10.19,2145379
2005-05-19,10.03,10.11,9.95,10.03,10.03,5386330
2005-05-20,10.22,10.3,10.14,10.22,10.22,5460888
2005-05-23,10.36,10.44,10.28,10.36,10.36,8693080
2005-05-24,10.35,10.43,10.26,10.35,10.35,4413407
2005-05-25,10.49,10.57,10.41,10.49,10.49,6146792
2005-05-26,10.61,10.7,10.53,10.61,10.61,5217103
2005-05-27,10.42,10.5,10.33,10.42,10.42,8368218
2005-05-30,10.56,10.65,10.48,10.56,10.56,5761302
2005-05-31,10.57,10.66,10.49,10.57,10.57,4967560
2005-06-01,10.99,11.08,10.9,10.99,10.99,4230164
2005-06-02,11.02,11.11,10.94,11.02,11.02,6001397
2005-06-03,11.22,11.31,11.13,11.22,11.22,5596164
2005-06-06,11.13,11.22,11.04,11.13,11.13,11018402
2005-06-07,11.31,11.4,11.22,11.31,11.31,4747178
2005-06-08,11.21,11.3,11.12,11.21,11.21,2960530
2005-06-09,11.34,11.43,11.25,11.34,11.34,5957088
2005-06-10,11.42,11.51,11.32,11.42,11.42,5297160
2005-06-13,11.31,11.4,11.22,11.31,11.31,8982155
2005-06-14,11.18,11.27,11.09,11.18,11.18,5538244
2005-06-15,11.3,11.39,11.21,11.3,11.3,7155028
2005-06-16,11.52,11.61,11.43,11.52,11.52,4790481
2005-06-17,11.46,11.55,11.36,11.46,11.46,6280973
2005-06-20,11.35,11.44,11.26,11.35,11.35,13855521
2005-06-21,11.53,11.63,11.44,11.53,11.53,7416093
2005-06-22,11.6,11.69,11.51,11.6,11.6,3761559
2005-06-23,11.74,11.83,11.65,11.74,11.74,7606894
2005-06-24,11.69,11.79,11.6,11.69,11.69,4377385
2005-06-27,11.57,11.66,11.48,11.57,11.57,8362013
2005-06-28,11.71,11.8,11.62,11.71,11.71,8218024
2005-06-29,11.68,11.77,11.58,11.68,11.68,5178278
2005-06-30,11.85,11.95,11.76,11.85,11.85,5390307
2005-07-01,11.72,11.81,11.62,11.72,11.72,6255731
2005-07-04,11.75,11.85,11.66,11.75,11.75,5377005
2005-07-05,11.77,11.87,11.68,11.77,11.77,5644205
2005-07-06,11.98,12.07,11.88,11.98,11.98,9317628
2005-07-07,11.79,11.89,11.7,11.79,11.79,3039542
2005-07-08,12.09,12.19,11.99,12.09,12.09,8085828
2005-07-11,12.23,12.33,12.13,12.23,12.23,4912616
2005-07-12,12.09,12.19,11.99,12.09,12.09,3617741
2005-07-13,12.06,12.16,11.97,12.06,12.06,8032667
2005-07-14,12.38,12.48,12.28,12.38,12.38,4992718
2005-07-15,12.61,12.71,12.51,12.61,12.61,8856077
2005-07-18,12.59,12.7,12.49,12.59,12.59,10570146
2005-07-19,12.37,12.47,12.27,12.37,12.37,7881555
2005-07-20,12.51,12.61,12.41,12.51,12.51,4523880
2005-07-21,12.41,12.51,12.31,12.41,12.41,2944953
2005-07-22,12.16,12.25,12.06,12.16,12.16,6801456
2005-07-25,11.83,11.92,11.73,11.83,11.83,8266441
2005-07-26,11.95,12.04,11.85,11.95,11.95,4404801
2005-07-27,11.99,12.09,11.9,11.99,11.99,5553187
2005-07-28,11.93,12.03,11.84,11.93,11.93,5281855
2005-07-29,12.22,12.32,12.12,12.22,12.22,8256635
2005-08-01,12.11,12.21,12.01,12.11,12.11,3397552
2005-08-02,12.22,12.32,12.12,12.22,12.22,10120045
2005-08-03,12.51,12.61,12.41,12.51,12.51,5510274
2005-08-04,12.43,12.53,12.33,12.43,12.43,2938506
2005-08-05,12.43,12.53,12.33,12.43,12.43,5837284
2005-08-08,12.6,12.7,12.5,12.6,12.6,8264399
2005-08-09,12.74,12.84,12.63,12.74,12.74,7309214
2005-08-10,13.1,13.2,13.0,13.1,13.1,7031665
2005-08-11,13.0,13.11,12.9,13.0,13.0,12521813
2005-08-12,13.42,13.53,13.31,13.42,13.42,8375972
2005-08-15,13.64,13.75,13.53,13.64,13.64,7394330
2005-08-16,13.87,13.99,13.76,13.87,13.87,9759145
2005-08-17,13.94,14.05,13.83,13.94,13.94,3704225
2005-08-18,13.84,13.95,13.73,13.84,13.84,6887906
2005-08-19,13.68,13.79,13.57,13.68,13.68,9572907
2005-08-22,13.56,13.67,13.45,13.56,13.56,5006335
2005-08-23,13.5,13.61,13.39,13.5,13.5,4879900
2005-08-24,13.17,13.27,13.06,13.17,13.17,5821585
2005-08-25,13.37,13.48,13.26,13.37,13.37,6791505
2005-08-26,13.53,13.64,13.42,13.53,13.53,4012750
2005-08-29,13.36,13.47,13.25,13.36,13.36,8337352
2005-08-30,13.49,13.6,13.39,13.49,13.49,4086516
2005-08-31,13.53,13.63,13.42,13.53,13.53,9555898
2005-09-01,13.35,13.46,13.24,13.35,13.35,3126067
2005-09-02,13.62,13.73,13.51,13.62,13.62,5994610
2005-09-05,13.9,14.01,13.79,13.9,13.9,4498393
2005-09-06,13.75,13.86,13.64,13.75,13.75,1669887
2005-09-07,14.16,14.27,14.04,14.16,14.16,3310745
2005-09-08,14.22,14.33,14.1,14.22,14.22,3392304
2005-09-09,14.25,14.37,14.14,14.25,14.25,7771323
2005-09-12,14.1,14.21,13.99,14.1,14.1,6497778
2005-09-13,13.75,13.86,13.64,13.75,13.75,5628589
2005-09-14,13.87,13.98,13.76,13.87,13.87,4700029
2005-09-15,13.93,14.04,13.82,13.93,13.93,2998349
2005-09-16,13.83,13.94,13.72,13.83,13.83,6198279
2005-09-19,13.68,13.79,13.57,13.68,13.68,2470385
2005-09-20,13.76,13.87,13.65,13.76,13.76,4296969
2005-09-21,13.75,13.86,13.64,13.75,13.75,2191375
2005-09-22,13.88,13.99,13.77,13.88,13.88,2757848
2005-09-23,13.95,14.06,13.84,13.95,13.95,18443513
2005-09-26,13.81,13.92,13.7,13.81,13.81,5493815
2005-09-27,13.76,13.87,13.65,13.76,13.76,10784137
2005-09-28,13.86,13.97,13.75,13.86,13.86,11825039
2005-09-29,14.25,14.37,14.14,14.25,14.25,4746270
2005-09-30,14.12,14.23,14.01,14.12,14.12,5656732
2005-10-03,14.54,14.65,14.42,14.54,14.54,8627834
2005-10-04,14.3,14.42,14.19,14.3,14.3,10244987
2005-10-05,14.16,14.27,14.04,14.16,14.16,8993756
2005-10-06,13.98,14.09,13.87,13.98,13.98,2989907
2005-10-07,14.27,14.38,14.16,14.27,14.27,4986467
2005-10-10,14.18,14.29,14.07,14.18,14.18,4930763
2005-10-11,14.13,14.24,14.02,14.13,14.13,4028944
2005-10-12,14.06,14.17,13.95,14.06,14.06,6598418
2005-10-13,13.95,14.06,13.83,13.95,13.95,4066925
2005-10-14,14.08,14.19,13.97,14.08,14.08,3709963
2005-10-17,14.43,14.55,14.32,14.43,14.43,7276114
2005-10-18,14.1,14.21,13.99,14.1,14.1,4323470
2005-10-19,14.26,14.37,14.14,14.26,14.26,5114109
2005-10-20,14.52,14.63,14.4,14.52,14.52,4710813
2005-10-21,14.83,14.95,14.71,14.83,14.83,8202301
2005-10-24,15.03,15.15,14.91,15.03,15.03,6560383
2005-10-25,14.95,15.07,14.83,14.95,14.95,7909666
2005-10-26,14.84,14.95,14.72,14.84,14.84,12324264
2005-10-27,14.65,14.77,14.53,14.65,14.65,4623284
2005-10-28,14.48,14.6,14.37,14.48,14.48,4286325
2005-10-31,14.12,14.24,14.01,14.12,14.12,4323544
2005-11-01,13.88,14.0,13.77,13.88,13.88,8386055
2005-11-02,14.0,14.11,13.88,14.0,14.0,5442058
2005-11-03,13.63,13.74,13.52,13.63,13.63,8148954
2005-11-04,13.59,13.7,13.48,13.59,13.59,10401952
2005-11-07,13.57,13.67,13.46,13.57,13.57,11155284
2005-11-08,13.44,13.55,13.33,13.44,13.44,5461403
2005-11-09,13.63,13.74,13.52,13.63,13.63,4508487
2005-11-10,13.49,13.6,13.38,13.49,13.49,7682836
2005-11-11,13.65,13.76,13.54,13.65,13.65,4611185
2005-11-14,13.65,13.76,13.54,13.65,13.65,5911163
2005-11-15,13.56,13.67,13.46,13.56,13.56,3707746
2005-11-16,13.69,13.8,13.58,13.69,13.69,7804389
2005-11-17,13.66,13.77,13.55,13.66,13.66,3531258
2005-11-18,13.82,13.93,13.71,13.82,13.82,4981932
2005-11-21,14.28,14.4,14.17,14.28,14.28,9418412
2005-11-22,14.45,14.57,14.34,14.45,14.45,4546085
2005-11-23,14.62,14.74,14.5,14.62,14.62,9062971
2005-11-24,14.65,14.76,14.53,14.65,14.65,9301985
2005-11-25,14.84,14.96,14.72,14.84,14.84,5190195
2005-11-28,14.99,15.11,14.87,14.99,14.99,6324000
2005-11-29,15.08,15.2,14.96,15.08,15.08,4885544
2005-11-30,14.98,15.1,14.86,14.98,14.98,2975315
2005-12-01,15.16,15.28,15.04,15.16,15.16,3866114
2005-12-02,15.03,15.15,14.91,15.03,15.03,6463302
2005-12-05,14.81,14.93,14.69,14.81,14.81,4195208
2005-12-06,14.93,15.05,14.81,14.93,14.93,3951941
2005-12-07,15.11,15.23,14.98,15.11,15.11,4124762
2005-12-08,15.2,15.33,15.08,15.2,15.2,9931724
2005-12-09,15.09,15.22,14.97,15.09,15.09,4538051
2005-12-12,15.27,15.39,15.15,15.27,15.27,11197837
2005-12-13,15.58,15.7,15.45,15.58,15.58,4303889
2005-12-14,15.08,15.2,14.96,15.08,15.08,4026167
2005-12-15,14.63,14.75,14.52,14.63,14.63,4150041
2005-12-16,14.89,15.01,14.77,14.89,14.89,4051738
2005-12-19,14.64,14.76,14.52,14.64,14.64,7004973
2005-12-20,14.69,14.8,14.57,14.69,14.69,3164048
2005-12-21,14.93,15.04,14.81,14.93,14.93,7853131
2005-12-22,14.86,14.98,14.74,14.86,14.86,5385701
2005-12-23,15.25,15.37,15.12,15.25,15.25,6484321
2005-12-26,15.16,15.28,15.03,15.16,15.16,3215259
2005-12-27,14.9,15.02,14.78,14.9,14.9,3397114
2005-12-28,15.25,15.37,15.13,15.25,15.25,5965513
2005-12-29,15.24,15.36,15.12,15.24,15.24,3687497
2005-12-30,15.11,15.24,14.99,15.11,15.11,9716711
2006-01-02,15.16,15.29,15.04,15.16,15.16,5749046
2006-01-03,15.09,15.21,14.97,15.09,15.09,4700649
2006-01-04,15.01,15.13,14.89,15.01,15.01,5401205
2006-01-05,14.88,15.0,14.76,14.88,14.88,5082639
2006-01-06,14.9,15.02,14.78,14.9,14.9,4766566
2006-01-09,14.91,15.03,14.79,14.91,14.91,7116859
2006-01-10,15.17,15.29,15.05,15.17,15.17,3069991
2006-01-11,14.69,14.8,14.57,14.69,14.69,4050276
2006-01-12,14.61,14.72,14.49,14.61,14.61,8261047
2006-01-13,14.98,15.1,14.86,14.98,14.98,4453648
2006-01-16,15.0,15.12,14.88,15.0,15.0,11956348
2006-01-17,14.42,14.54,14.31,14.42,14.42,5367705
2006-01-18,14.36,14.48,14.25,14.36,14.36,1905671
2006-01-19,14.57,14.69,14.45,14.57,14.57,2806678
2006-01-20,14.59,14.71,14.48,14.59,14.59,4433388
2006-01-23,14.19,14.31,14.08,14.19,14.19,4666983
2006-01-24,14.52,14.64,14.41,14.52,14.52,4882133
2006-01-25,14.73,14.85,14.62,14.73,14.73,9806444
2006-01-26,14.81,14.93,14.7,14.81,14.81,5440362
2006-01-27,14.38,14.5,14.27,14.38,14.38,7204282
2006-01-30,14.51,14.63,14.39,14.51,14.51,2763261
2006-01-31,14.49,14.61,14.38,14.49,14.49,5366464
2006-02-01,14.55,14.66,14.43,14.55,14.55,2746455
2006-02-02,14.52,14.64,14.41,14.52,14.52,3067526
2006-02-03,14.2,14.31,14.08,14.2,14.2,9755962
2006-02-06,14.17,14.29,14.06,14.17,14.17,7898045
2006-02-07,14.1,14.22,13.99,14.1,14.1,3705465
2006-02-08,13.94,14.05,13.83,13.94,13.94,6830680
2006-02-09,14.23,14.35,14.12,14.23,14.23,4075109
2006-02-10,14.32,14.44,14.21,14.32,14.32,5047752
2006-02-13,14.27,14.38,14.15,14.27,14.27,4754558
2006-02-14,14.69,14.81,14.57,14.69,14.69,2299794
2006-02-15,14.56,14.68,14.45,14.56,14.56,2936574
2006-02-16,14.36,14.48,14.25,14.36,14.36,5942177
2006-02-17,14.31,14.42,14.2,14.31,14.31,6901453
2006-02-20,14.7,14.81,14.58,14.7,14.7,4631041
2006-02-21,14.66,14.78,14.54,14.66,14.66,4256976
2006-02-22,14.56,14.67,14.44,14.56,14.56,4599706
2006-02-23,15.05,15.17,14.93,15.05,15.05,6071936
2006-02-24,15.82,15.95,15.69,15.82,15.82,6172522
2006-02-27,15.96,16.09,15.83,15.96,15.96,7042498
2006-02-28,16.08,16.21,15.96,16.08,16.08,5646963
2006-03-01,15.93,16.06,15.8,15.93,15.93,6380153
2006-03-02,16.17,16.3,16.04,16.17,16.17,4000447
2006-03-03,16.37,16.5,16.24,16.37,16.37,7411119
2006-03-06,16.56,16.69,16.43,16.56,16.56,7345772
2006-03-07,16.51,16.65,16.38,16.51,16.51,3881497
2006-03-08,16.93,17.06,16.79,16.93,16.93,6815077
2006-03-09,16.91,17.05,16.78,16.91,16.91,3783001
2006-03-10,16.85,16.98,16.71,16.85,16.85,7545224
2006-03-13,17.2,17.33,17.06,17.2,17.2,4389982
2006-03-14,16.87,17.01,16.74,16.87,16.87,5754534
2006-03-15,16.7,16.83,16.57,16.7,16.7,7796084
2006-03-16,16.76,16.9,16.63,16.76,16.76,4287053
2006-03-17,16.56,16.69,16.43,16.56,16.56,7411882
2006-03-20,16.39,16.52,16.26,16.39,16.39,5139391
2006-03-21,16.24,16.36,16.11,16.24,16.24,2379597
2006-03-22,16.42,16.56,16.29,16.42,16.42,3828471
2006-03-23,16.08,16.21,15.95,16.08,16.08,7010807
2006-03-24,15.86,15.99,15.73,15.86,15.86,3913151
2006-03-27,15.93,16.06,15.8,15.93,15.93,3413458
2006-03-28,16.04,16.17,15.91,16.04,16.04,8030532
2006-03-29,15.82,15.94,15.69,15.82,15.82,12738523
2006-03-30,15.95,16.07,15.82,15.95,15.95,10876964
2006-03-31,15.79,15.92,15.67,15.79,15.79,4049097
2006-04-03,16.03,16.16,15.91,16.03,16.03,5494764
2006-04-04,16.14,16.27,16.01,16.14,16.14,8057982
2006-04-05,16.24,16.37,16.11,16.24,16.24,7060752
2006-04-06,16.56,16.69,16.43,16.56,16.56,6545755
2006-04-07,16.77,16.9,16.63,16.77,16.77,4511932
2006-04-10,16.74,16.88,16.61,16.74,16.74,4535048
2006-04-11,16.93,17.07,16.8,16.93,16.93,4403583
2006-04-12,16.44,16.57,16.31,16.44,16.44,3534849
2006-04-13,16.73,16.86,16.6,16.73,16.73,5021288
2006-04-14,16.51,16.64,16.38,16.51,16.51,2306065
2006-04-17,16.12,16.25,15.99,16.12,16.12,6028425
2006-04-18,16.57,16.71,16.44,16.57,16.57,12546443
2006-04-19,16.24,16.37,16.11,16.24,16.24,5192575
2006-04-20,16.05,16.18,15.93,16.05,16.05,3052884
2006-04-21,15.99,16.12,15.86,15.99,15.99,7192976
2006-04-24,15.89,16.02,15.77,15.89,15.89,4168264
2006-04-25,15.72,15.85,15.59,15.72,15.72,4453992
2006-04-26,15.99,16.11,15.86,15.99,15.99,7165493
2006-04-27,16.17,16.3,16.04,16.17,16.17,4771054
2006-04-28,15.59,15.71,15.46,15.59,15.59,9121469
2006-05-01,16.05,16.18,15.93,16.05,16.05,4376400
2006-05-02,16.25,16.38,16.12,16.25,16.25,4905724
2006-05-03,16.06,16.19,15.93,16.06,16.06,3573326
2006-05-04,16.17,16.3,16.05,16.17,16.17,8649987
2006-05-05,16.44,16.58,16.31,16.44,16.44,9465127
2006-05-08,16.65,16.79,16.52,16.65,16.65,6206704
2006-05-09,16.57,16.7,16.44,16.57,16.57,4773558
2006-05-10,16.76,16.9,16.63,16.76,16.76,8177039
2006-05-11,16.33,16.46,16.2,16.33,16.33,8084440
2006-05-12,16.24,16.37,16.11,16.24,16.24,4412335
2006-05-15,16.35,16.48,16.22,16.35,16.35,7286381
2006-05-16,16.5,16.64,16.37,16.5,16.5,2891874
2006-05-17,16.25,16.38,16.12,16.25,16.25,2767972
2006-05-18,16.33,16.47,16.2,16.33,16.33,5989116
2006-05-19,16.38,16.51,16.25,16.38,16.38,2976185
2006-05-22,16.56,16.7,16.43,16.56,16.56,7475612
2006-05-23,16.5,16.64,16.37,16.5,16.5,3559431
2006-05-24,16.84,16.98,16.71,16.84,16.84,10582729
2006-05-25,16.75,16.88,16.62,16.75,16.75,5339054
2006-05-26,17.06,17.2,16.92,17.06,17.06,6975237
2006-05-29,16.82,16.95,16.68,16.82,16.82,5077850
2006-05-30,17.03,17.16,16.89,17.03,17.03,4440830
2006-05-31,17.08,17.21,16.94,17.08,17.08,7764131
2006-06-01,17.15,17.29,17.01,17.15,17.15,5582955
2006-06-02,17.66,17.8,17.52,17.66,17.66,6325686
2006-06-05,17.71,17.85,17.57,17.71,17.71,5678299
2006-06-06,17.46,17.6,17.32,17.46,17.46,5966525
2006-06-07,17.76,17.9,17.62,17.76,17.76,3434494
2006-06-08,17.42,17.56,17.28,17.42,17.42,3252473
2006-06-09,17.52,17.66,17.38,17.52,17.52,4787962
2006-06-12,18.23,18.37,18.08,18.23,18.23,6087136
2006-06-13,18.2,18.34,18.05,18.2,18.2,3910526
2006-06-14,18.73,18.88,18.58,18.73,18.73,4021294
2006-06-15,18.44,18.59,18.3,18.44,18.44,9475991
2006-06-16,18.65,18.79,18.5,18.65,18.65,2281099
2006-06-19,19.07,19.22,18.92,19.07,19.07,3653620
2006-06-20,19.05,19.2,18.89,19.05,19.05,11256997
2006-06-21,18.91,19.06,18.76,18.91,18.91,4979964
2006-06-22,18.53,18.67,18.38,18.53,18.53,4311635
2006-06-23,18.65,18.8,18.5,18.65,18.65,8776134
2006-06-26,18.59,18.74,18.45,18.59,18.59,6129879
2006-06-27,18.38,18.52,18.23,18.38,18.38,8977820
2006-06-28,18.41,18.56,18.27,18.41,18.41,9523059
2006-06-29,18.44,18.59,18.3,18.44,18.44,7656645
2006-06-30,18.6,18.75,18.45,18.6,18.6,6958717
2006-07-03,18.34,18.48,18.19,18.34,18.34,8292094
2006-07-04,18.72,18.87,18.57,18.72,18.72,2526516
2006-07-05,19.17,19.32,19.01,19.17,19.17,6133624
2006-07-06,19.14,19.29,18.99,19.14,19.14,4433321
2006-07-07,18.82,18.97,18.67,18.82,18.82,3890270
2006-07-10,18.74,18.89,18.59,18.74,18.74,9740227
2006-07-11,18.53,18.68,18.39,18.53,18.53,4813874
2006-07-12,18.57,18.72,18.42,18.57,18.57,6257574
2006-07-13,18.41,18.56,18.26,18.41,18.41,8308554
2006-07-14,18.19,18.34,18.05,18.19,18.19,7140610
2006-07-17,18.26,18.41,18.12,18.26,18.26,3773055
2006-07-18,18.25,18.4,18.1,18.25,18.25,5631683
2006-07-19,18.18,18.32,18.03,18.18,18.18,8372153
2006-07-20,18.32,18.47,18.18,18.32,18.32,9888617
2006-07-21,18.28,18.43,18.14,18.28,18.28,3632651
2006-07-24,18.34,18.48,18.19,18.34,18.34,5679688
2006-07-25,17.76,17.9,17.62,17.76,17.76,8249330
2006-07-26,18.02,18.17,17.88,18.02,18.02,5919611
2006-07-27,18.22,18.37,18.08,18.22,18.22,6703977
2006-07-28,17.99,18.13,17.84,17.99,17.99,11710786
2006-07-31,18.11,18.25,17.96,18.11,18.11,3888080
2006-08-01,18.32,18.47,18.18,18.32,18.32,4593339
2006-08-02,18.88,19.04,18.73,18.88,18.88,6577559
2006-08-03,19.01,19.16,18.86,19.01,19.01,3666412
2006-08-04,19.86,20.02,19.7,19.86,19.86,5232117
2006-08-07,19.88,20.04,19.72,19.88,19.88,4113041
2006-08-08,20.15,20.31,19.98,20.15,20.15,2887803
2006-08-09,20.54,20.71,20.38,20.54,20.54,1804730
2006-08-10,20.43,20.6,20.27,20.43,20.43,3720429
2006-08-11,20.95,21.12,20.78,20.95,20.95,5556687
2006-08-14,21.19,21.36,21.02,21.19,21.19,6068422
2006-08-15,21.44,21.62,21.27,21.44,21.44,7944982
2006-08-16,22.07,22.24,21.89,22.07,22.07,2540245
2006-08-17,22.1,22.27,21.92,22.1,22.1,3804882
2006-08-18,21.89,22.06,21.71,21.89,21.89,4135595
2006-08-21,21.56,21.73,21.39,21.56,21.56,8122047
2006-08-22,21.34,21.51,21.17,21.34,21.34,4795586
2006-08-23,21.67,21.85,21.5,21.67,21.67,3739328
2006-08-24,21.67,21.84,21.49,21.67,21.67,7403391
2006-08-25,21.61,21.78,21.44,21.61,21.61,5860653
2006-08-28,22.0,22.18,21.83,22.0,22.0,5036304
2006-08-29,22.47,22.65,22.29,22.47,22.47,3665246
2006-08-30,22.44,22.62,22.26,22.44,22.44,8357712
2006-08-31,22.38,22.56,22.2,22.38,22.38,5182010
2006-09-01,22.27,22.45,22.09,22.27,22.27,5101186
2006-09-04,22.19,22.37,22.01,22.19,22.19,4398494
2006-09-05,21.78,21.95,21.6,21.78,21.78,4286545
2006-09-06,21.9,22.07,21.72,21.9,21.9,3983033
2006-09-07,21.9,22.07,21.72,21.9,21.9,9082568
2006-09-08,22.52,22.7,22.34,22.52,22.52,4198775
2006-09-11,22.56,22.74,22.38,22.56,22.56,6487539
2006-09-12,22.42,22.6,22.24,22.42,22.42,6410795
2006-09-13,22.33,22.51,22.15,22.33,22.33,4997346
2006-09-14,22.02,22.19,21.84,22.02,22.02,8201299
2006-09-15,22.42,22.6,22.24,22.42,22.42,5111109
2006-09-18,22.14,22.32,21.97,22.14,22.14,4653193
2006-09-19,22.14,22.32,21.96,22.14,22.14,4920712
2006-09-20,22.13,22.31,21.96,22.13,22.13,6084354
2006-09-21,22.64,22.82,22.45,22.64,22.64,3942665
2006-09-22,23.09,23.27,22.9,23.09,23.09,2919487
2006-09-25,22.86,23.04,22.68,22.86,22.86,3606539
2006-09-26,22.97,23.16,22.79,22.97,22.97,2994946
2006-09-27,23.03,23.21,22.84,23.03,23.03,4797875
2006-09-28,22.53,22.71,22.35,22.53,22.53,8899778
2006-09-29,22.14,22.32,21.97,22.14,22.14,2738501
2006-10-02,22.43,22.61,22.25,22.43,22.43,5368474
2006-10-03,22.28,22.45,22.1,22.28,22.28,3607749
2006-10-04,21.84,22.02,21.67,21.84,21.84,4331806
2006-10-05,22.13,22.3,21.95,22.13,22.13,6437968
2006-10-06,21.9,22.07,21.72,21.9,21.9,7599711
2006-10-09,22.11,22.29,21.93,22.11,22.11,9334461
2006-10-10,22.3,22.48,22.12,22.3,22.3,8275083
2006-10-11,21.79,21.96,21.62,21.79,21.79,3259801
2006-10-12,21.68,21.85,21.5,21.68,21.68,6012624
2006-10-13,21.25,21.42,21.08,21.25,21.25,6096444
2006-10-16,21.08,21.25,20.92,21.08,21.08,4061259
2006-10-17,21.5,21.67,21.33,21.5,21.5,2756630
2006-10-18,21.63,21.81,21.46,21.63,21.63,4979875
2006-10-19,21.31,21.48,21.14,21.31,21.31,5439614
2006-10-20,21.7,21.87,21.52,21.7,21.7,3128369
2006-10-23,21.09,21.26,20.93,21.09,21.09,4765629
2006-10-24,20.84,21.01,20.67,20.84,20.84,4371024
2006-10-25,20.71,20.87,20.54,20.71,20.71,9845565
2006-10-26,20.71,20.88,20.55,20.71,20.71,8356976
2006-10-27,20.79,20.96,20.63,20.79,20.79,5669619
2006-10-30,20.86,21.02,20.69,20.86,20.86,3102814
2006-10-31,20.93,21.09,20.76,20.93,20.93,4075990
2006-11-01,21.08,21.25,20.91,21.08,21.08,4542805
2006-11-02,20.96,21.12,20.79,20.96,20.96,3093572
2006-11-03,21.45,21.62,21.28,21.45,21.45,5411368
2006-11-06,21.56,21.73,21.39,21.56,21.56,2443480
2006-11-07,22.02,22.2,21.85,22.02,22.02,6921846
2006-11-08,21.22,21.39,21.05,21.22,21.22,5507128
2006-11-09,21.46,21.63,21.28,21.46,21.46,3345464
2006-11-10,21.27,21.44,21.1,21.27,21.27,6429859
2006-11-13,20.44,20.61,20.28,20.44,20.44,4399037
2006-11-14,20.04,20.2,19.88,20.04,20.04,2350946
2006-11-15,19.99,20.15,19.83,19.99,19.99,5897247
2006-11-16,19.42,19.57,19.26,19.42,19.42,5664785
2006-11-17,19.22,19.37,19.06,19.22,19.22,15361004
2006-11-20,19.74,19.9,19.59,19.74,19.74,5072786
2006-11-21,19.64,19.8,19.48,19.64,19.64,6692130
2006-11-22,19.75,19.9,19.59,19.75,19.75,2908549
2006-11-23,19.79,19.94,19.63,19.79,19.79,4513811
2006-11-24,19.91,20.07,19.75,19.91,19.91,6438222
2006-11-27,20.13,20.29,19.97,20.13,20.13,6348812
2006-11-28,20.31,20.48,20.15,20.31,20.31,3729370
2006-11-29,21.16,21.33,21.0,21.16,21.16,6142664
2006-11-30,21.21,21.38,21.04,21.21,21.21,3964072
2006-12-01,21.43,21.6,21.25,21.43,21.43,3287229
2006-12-04,20.98,21.15,20.81,20.98,20.98,3916201
2006-12-05,20.93,21.1,20.77,20.93,20.93,6677071
2006-12-06,20.98,21.15,20.82,20.98,20.98,5230668
2006-12-07,21.36,21.53,21.19,21.36,21.36,3754738
2006-12-08,21.73,21.91,21.56,21.73,21.73,3233431
2006-12-11,22.44,22.62,22.26,22.44,22.44,9289713
2006-12-12,22.78,22.96,22.6,22.78,22.78,5153330
2006-12-13,22.26,22.43,22.08,22.26,22.26,6767338
2006-12-14,22.34,22.52,22.17,22.34,22.34,1916511
2006-12-15,22.5,22.68,22.32,22.5,22.5,5655161
2006-12-18,22.49,22.67,22.31,22.49,22.49,4594790
2006-12-19,22.17,22.34,21.99,22.17,22.17,4972046
2006-12-20,22.48,22.66,22.3,22.48,22.48,4034480
2006-12-21,22.19,22.37,22.01,22.19,22.19,6734146
2006-12-22,22.59,22.77,22.41,22.59,22.59,5053725
2006-12-25,22.5,22.68,22.32,22.5,22.5,5892024
2006-12-26,22.55,22.73,22.37,22.55,22.55,3584331
2006-12-27,22.63,22.81,22.45,22.63,22.63,4032693
2006-12-28,22.6,22.78,22.42,22.6,22.6,2429474
2006-12-29,22.2,22.38,22.02,22.2,22.2,5116022
2007-01-01,22.31,22.49,22.14,22.31,22.31,1737417
2007-01-02,21.98,22.15,21.8,21.98,21.98,8628955
2007-01-03,22.43,22.61,22.25,22.43,22.43,11708721
2007-01-04,21.91,22.08,21.73,21.91,21.91,5594246
2007-01-05,21.67,21.85,21.5,21.67,21.67,7138341
2007-01-08,21.47,21.65,21.3,21.47,21.47,4286441
2007-01-09,21.84,22.02,21.67,21.84,21.84,5600559
2007-01-10,21.94,22.12,21.77,21.94,21.94,4435184
2007-01-11,22.37,22.55,22.19,22.37,22.37,13121905
2007-01-12,22.16,22.33,21.98,22.16,22.16,8570369
2007-01-15,21.56,21.73,21.39,21.56,21.56,4444597
2007-01-16,21.08,21.25,20.91,21.08,21.08,6663840
2007-01-17,20.76,20.92,20.59,20.76,20.76,11661812
2007-01-18,21.05,21.22,20.88,21.05,21.05,3659465
2007-01-19,20.9,21.06,20.73,20.9,20.9,7744818
2007-01-22,20.86,21.03,20.7,20.86,20.86,9680224
2007-01-23,20.79,20.95,20.62,20.79,20.79,5021340
2007-01-24,20.32,20.48,20.16,20.32,20.32,6060398
2007-01-25,20.04,20.2,19.88,20.04,20.04,3870812
2007-01-26,20.14,20.3,19.98,20.14,20.14,11142482
2007-01-29,20.19,20.35,20.03,20.19,20.19,2894555
2007-01-30,20.44,20.61,20.28,20.44,20.44,8300036
2007-01-31,20.29,20.45,20.13,20.29,20.29,9073675
2007-02-01,20.38,20.54,20.21,20.38,20.38,3868656
2007-02-02,20.44,20.6,20.27,20.44,20.44,3789375
2007-02-05,20.37,20.53,20.2,20.37,20.37,7183976
2007-02-06,20.49,20.65,20.32,20.49,20.49,4100898
2007-02-07,20.47,20.63,20.3,20.47,20.47,5126792
2007-02-08,19.95,20.1,19.79,19.95,19.95,8979084
2007-02-09,19.69,19.85,19.53,19.69,19.69,6633609
2007-02-12,19.82,19.98,19.66,19.82,19.82,2957722
2007-02-13,19.1,19.25,18.94,19.1,19.1,6150890
2007-02-14,19.55,19.71,19.4,19.55,19.55,9070308
2007-02-15,19.82,19.98,19.66,19.82,19.82,8846251
2007-02-16,20.07,20.23,19.91,20.07,20.07,6681857
2007-02-19,20.3,20.46,20.14,20.3,20.3,6735611
2007-02-20,20.12,20.29,19.96,20.12,20.12,9620444
2007-02-21,20.27,20.44,20.11,20.27,20.27,3204613
2007-02-22,20.37,20.53,20.21,20.37,20.37,3032543
2007-02-23,20.49,20.65,20.33,20.49,20.49,5302711
2007-02-26,20.62,20.78,20.45,20.62,20.62,2774593
2007-02-27,20.0,20.16,19.84,20.0,20.0,6371289
2007-02-28,20.28,20.44,20.12,20.28,20.28,5646806
2007-03-01,20.0,20.16,19.84,20.0,20.0,15008087
2007-03-02,20.17,20.33,20.01,20.17,20.17,4515419
2007-03-05,19.87,20.03,19.71,19.87,19.87,4830849
2007-03-06,19.79,19.94,19.63,19.79,19.79,5228229
2007-03-07,19.45,19.61,19.3,19.45,19.45,5244917
2007-03-08,19.36,19.52,19.21,19.36,19.36,5200860
2007-03-09,19.59,19.75,19.43,19.59,19.59,5210125
2007-03-12,19.51,19.67,19.36,19.51,19.51,6974264
2007-03-13,19.09,19.25,18.94,19.09,19.09,6234551
2007-03-14,19.39,19.55,19.24,19.39,19.39,8905109
2007-03-15,19.82,19.98,19.66,19.82,19.82,6589804
2007-03-16,19.76,19.92,19.6,19.76,19.76,4508130
2007-03-19,19.45,19.61,19.29,19.45,19.45,4619254
2007-03-20,19.85,20.01,19.69,19.85,19.85,4033620
2007-03-21,19.97,20.13,19.81,19.97,19.97,4138991
2007-03-22,19.76,19.92,19.6,19.76,19.76,5407924
2007-03-23,20.2,20.36,20.04,20.2,20.2,6784855
2007-03-26,19.88,20.04,19.72,19.88,19.88,6791820
2007-03-27,19.52,19.67,19.36,19.52,19.52,5084103
2007-03-28,20.01,20.17,19.85,20.01,20.01,8969081
2007-03-29,19.59,19.75,19.43,19.59,19.59,8177885
2007-03-30,19.87,20.03,19.71,19.87,19.87,7518733
2007-04-02,19.68,19.84,19.53,19.68,19.68,5891222
2007-04-03,20.04,20.2,19.88,20.04,20.04,3463501
2007-04-04,19.73,19.89,19.57,19.73,19.73,7063300
2007-04-05,19.77,19.92,19.61,19.77,19.77,4282380
2007-04-06,19.45,19.6,19.29,19.45,19.45,3521982
2007-04-09,19.39,19.55,19.24,19.39,19.39,5935709
2007-04-10,19.21,19.37,19.06,19.21,19.21,8944122
2007-04-11,19.62,19.77,19.46,19.62,19.62,4978675
2007-04-12,20.25,20.41,20.09,20.25,20.25,7597962
2007-04-13,20.58,20.75,20.42,20.58,20.58,3479490
2007-04-16,20.53,20.69,20.36,20.53,20.53,4055670
2007-04-17,20.51,20.68,20.35,20.51,20.51,11550582
2007-04-18,20.69,20.86,20.53,20.69,20.69,5161108
2007-04-19,21.27,21.45,21.1,21.27,21.27,4364321
2007-04-20,21.3,21.47,21.13,21.3,21.3,5780227
2007-04-23,22.02,22.19,21.84,22.02,22.02,7235837
2007-04-24,22.04,22.22,21.87,22.04,22.04,7922793
2007-04-25,21.93,22.1,21.75,21.93,21.93,5777325
2007-04-26,21.78,21.95,21.6,21.78,21.78,5357446
2007-04-27,21.63,21.8,21.46,21.63,21.63,5228522
2007-04-30,21.74,21.92,21.57,21.74,21.74,7656421
2007-05-01,21.68,21.86,21.51,21.68,21.68,3723685
2007-05-02,21.45,21.62,21.27,21.45,21.45,6254478
2007-05-03,21.11,21.28,20.94,21.11,21.11,3680909
2007-05-04,20.63,20.8,20.47,20.63,20.63,13630938
2007-05-07,20.71,20.87,20.54,20.71,20.71,4472364
2007-05-08,20.72,20.88,20.55,20.72,20.72,5641807
2007-05-09,20.94,21.1,20.77,20.94,20.94,8588073
2007-05-10,21.18,21.35,21.01,21.18,21.18,12225676
2007-05-11,21.37,21.55,21.2,21.37,21.37,5006962
2007-05-14,21.3,21.47,21.13,21.3,21.3,2488088
2007-05-15,21.06,21.22,20.89,21.06,21.06,4787115
2007-05-16,21.12,21.28,20.95,21.12,21.12,14627589
2007-05-17,21.75,21.93,21.58,21.75,21.75,1958923
2007-05-18,21.56,21.73,21.38,21.56,21.56,4490750
2007-05-21,21.39,21.56,21.22,21.39,21.39,3732109
2007-05-22,21.73,21.91,21.56,21.73,21.73,2480926
2007-05-23,21.34,21.51,21.17,21.34,21.34,6358134
2007-05-24,21.47,21.64,21.3,21.47,21.47,8557672
2007-05-25,21.93,22.11,21.76,21.93,21.93,5114469
2007-05-28,21.68,21.85,21.5,21.68,21.68,6938335
2007-05-29,21.42,21.59,21.25,21.42,21.42,10361400
2007-05-30,21.42,21.59,21.25,21.42,21.42,5319220
2007-05-31,21.69,21.86,21.52,21.69,21.69,3263430
2007-06-01,21.98,22.15,21.8,21.98,21.98,8093584
2007-06-04,21.55,21.72,21.38,21.55,21.55,10651735
2007-06-05,21.61,21.78,21.44,21.61,21.61,5345650
2007-06-06,21.57,21.74,21.39,21.57,21.57,5110830
2007-06-07,21.02,21.19,20.85,21.02,21.02,4267935
2007-06-08,20.88,21.05,20.71,20.88,20.88,6220863
2007-06-11,20.84,21.0,20.67,20.84,20.84,3209072
2007-06-12,20.43,20.6,20.27,20.43,20.43,3551845
2007-06-13,20.49,20.65,20.33,20.49,20.49,11922687
2007-06-14,20.47,20.63,20.3,20.47,20.47,4038783
2007-06-15,20.83,21.0,20.66,20.83,20.83,4211020
2007-06-18,21.11,21.28,20.94,21.11,21.11,3472680
2007-06-19,21.08,21.25,20.91,21.08,21.08,7492246
2007-06-20,21.32,21.49,21.15,21.32,21.32,4721097
2007-06-21,21.26,21.43,21.09,21.26,21.26,4938208
2007-06-22,21.41,21.58,21.24,21.41,21.41,3330608
2007-06-25,21.07,21.24,20.91,21.07,21.07,2826713
2007-06-26,21.41,21.58,21.24,21.41,21.41,8082117
2007-06-27,21.18,21.35,21.01,21.18,21.18,7417396
2007-06-28,21.39,21.56,21.21,21.39,21.39,3997975
2007-06-29,21.7,21.88,21.53,21.7,21.7,4552702
2007-07-02,21.31,21.48,21.14,21.31,21.31,5622938
2007-07-03,21.18,21.34,21.01,21.18,21.18,3891676
2007-07-04,20.73,20.89,20.56,20.73,20.73,6432888
2007-07-05,20.54,20.7,20.37,20.54,20.54,4995590
2007-07-06,20.46,20.62,20.29,20.46,20.46,4027296
2007-07-09,20.41,20.58,20.25,20.41,20.41,5596475
2007-07-10,20.2,20.36,20.04,20.2,20.2,4817625
2007-07-11,19.75,19.91,19.59,19.75,19.75,3963928
2007-07-12,19.58,19.74,19.42,19.58,19.58,4725985
2007-07-13,19.66,19.81,19.5,19.66,19.66,7170601
2007-07-16,19.97,20.13,19.81,19.97,19.97,5510743
2007-07-17,19.97,20.13,19.81,19.97,19.97,5947307
2007-07-18,19.97,20.13,19.81,19.97,19.97,10739085
2007-07-19,19.63,19.79,19.47,19.63,19.63,7347594
2007-07-20,20.17,20.33,20.01,20.17,20.17,5229247
2007-07-23,19.66,19.82,19.5,19.66,19.66,5379236
2007-07-24,19.14,19.29,18.99,19.14,19.14,6060211
2007-07-25,19.3,19.45,19.14,19.3,19.3,4162513
2007-07-26,19.28,19.43,19.12,19.28,19.28,2759627
2007-07-27,18.92,19.08,18.77,18.92,18.92,3392951
2007-07-30,18.74,18.89,18.59,18.74,18.74,3636158
2007-07-31,19.16,19.32,19.01,19.16,19.16,3716830
2007-08-01,18.93,19.08,18.78,18.93,18.93,3503113
2007-08-02,19.57,19.73,19.42,19.57,19.57,2738790
2007-08-03,20.01,20.17,19.85,20.01,20.01,6569004
2007-08-06,19.86,20.02,19.7,19.86,19.86,5119492
2007-08-07,19.92,20.08,19.76,19.92,19.92,9709724
2007-08-08,19.76,19.91,19.6,19.76,19.76,4744769
2007-08-09,20.12,20.28,19.96,20.12,20.12,1701501
2007-08-10,20.06,20.22,19.9,20.06,20.06,5555206
2007-08-13,19.51,19.67,19.35,19.51,19.51,2756608
2007-08-14,18.9,19.05,18.75,18.9,18.9,4835077
2007-08-15,18.88,19.03,18.72,18.88,18.88,5017464
2007-08-16,19.38,19.53,19.22,19.38,19.38,4328966
2007-08-17,19.63,19.79,19.48,19.63,19.63,5089475
2007-08-20,19.91,20.07,19.75,19.91,19.91,7126389
2007-08-21,20.01,20.17,19.85,20.01,20.01,3538920
2007-08-22,19.83,19.98,19.67,19.83,19.83,4583271
2007-08-23,19.34,19.49,19.18,19.34,19.34,7799328
2007-08-24,18.93,19.08,18.78,18.93,18.93,6358380
2007-08-27,18.72,18.87,18.57,18.72,18.72,6222761
2007-08-28,19.2,19.35,19.04,19.2,19.2,5157934
2007-08-29,18.91,19.06,18.75,18.91,18.91,2106743
2007-08-30,19.03,19.18,18.88,19.03,19.03,6197686
2007-08-31,19.08,19.23,18.93,19.08,19.08,2353333
2007-09-03,19.19,19.34,19.03,19.19,19.19,2506712
2007-09-04,19.13,19.28,18.98,19.13,19.13,4381936
2007-09-05,18.9,19.05,18.75,18.9,18.9,7416389
2007-09-06,19.13,19.28,18.97,19.13,19.13,4078409
2007-09-07,19.3,19.45,19.14,19.3,19.3,9648679
2007-09-10,18.99,19.14,18.84,18.99,18.99,9064644
2007-09-11,18.98,19.14,18.83,18.98,18.98,1917109
2007-09-12,19.17,19.33,19.02,19.17,19.17,9721387
2007-09-13,19.27,19.42,19.11,19.27,19.27,6797493
2007-09-14,19.17,19.32,19.02,19.17,19.17,5169371
2007-09-17,19.19,19.34,19.04,19.19,19.19,2775630
2007-09-18,19.48,19.64,19.33,19.48,19.48,4048781
2007-09-19,19.3,19.46,19.15,19.3,19.3,7024600
2007-09-20,20.01,20.17,19.85,20.01,20.01,3462002
2007-09-21,20.45,20.61,20.28,20.45,20.45,6661675
2007-09-24,20.7,20.86,20.53,20.7,20.7,7870796
2007-09-25,20.59,20.76,20.43,20.59,20.59,7316675
2007-09-26,20.79,20.96,20.62,20.79,20.79,11058282
2007-09-27,20.67,20.83,20.5,20.67,20.67,7682693
2007-09-28,20.6,20.76,20.43,20.6,20.6,4923545
2007-10-01,20.05,20.21,19.89,20.05,20.05,5909243
2007-10-02,20.12,20.28,19.95,20.12,20.12,2660059
2007-10-03,20.35,20.51,20.18,20.35,20.35,4951845
2007-10-04,20.69,20.86,20.53,20.69,20.69,7453878
2007-10-05,20.96,21.12,20.79,20.96,20.96,7893624
2007-10-08,21.35,21.52,21.18,21.35,21.35,4758365
2007-10-09,21.99,22.16,21.81,21.99,21.99,6441934
2007-10-10,22.51,22.69,22.33,22.51,22.51,6363520
2007-10-11,22.64,22.82,22.46,22.64,22.64,6560105
2007-10-12,22.95,23.14,22.77,22.95,22.95,4490888
2007-10-15,22.55,22.73,22.37,22.55,22.55,2809877
2007-10-16,22.23,22.41,22.06,22.23,22.23,8060343
2007-10-17,21.83,22.01,21.66,21.83,21.83,6981410
2007-10-18,21.84,22.02,21.67,21.84,21.84,4932036
2007-10-19,22.19,22.37,22.01,22.19,22.19,3330320
2007-10-22,22.1,22.27,21.92,22.1,22.1,5631882
2007-10-23,22.0,22.18,21.82,22.0,22.0,6051959
2007-10-24,21.95,22.12,21.77,21.95,21.95,7000926
2007-10-25,21.68,21.85,21.5,21.68,21.68,4336548
2007-10-26,21.72,21.9,21.55,21.72,21.72,4672180
2007-10-29,21.59,21.76,21.42,21.59,21.59,3232602
2007-10-30,21.36,21.54,21.19,21.36,21.36,3295793
2007-10-31,21.23,21.4,21.07,21.23,21.23,9331507
2007-11-01,20.78,20.95,20.61,20.78,20.78,4765406
2007-11-02,20.61,20.77,20.44,20.61,20.61,2190170
2007-11-05,20.78,20.94,20.61,20.78,20.78,4113490
2007-11-06,20.8,20.97,20.64,20.8,20.8,4821298
2007-11-07,20.69,20.86,20.52,20.69,20.69,9061265
2007-11-08,20.84,21.01,20.67,20.84,20.84,6152932
2007-11-09,20.86,21.03,20.69,20.86,20.86,5257179
2007-11-12,20.87,21.04,20.71,20.87,20.87,7657401
2007-11-13,20.74,20.91,20.58,20.74,20.74,2622675
2007-11-14,20.53,20.69,20.37,20.53,20.53,4638639
2007-11-15,20.48,20.65,20.32,20.48,20.48,5968629
2007-11-16,20.71,20.88,20.55,20.71,20.71,3357000
2007-11-19,20.52,20.69,20.36,20.52,20.52,5984811
2007-11-20,20.47,20.64,20.31,20.47,20.47,8869283
2007-11-21,20.38,20.54,20.21,20.38,20.38,4519364
2007-11-22,20.79,20.95,20.62,20.79,20.79,7887525
2007-11-23,21.58,21.75,21.41,21.58,21.58,7247149
2007-11-26,21.68,21.86,21.51,21.68,21.68,11303688
2007-11-27,21.92,22.09,21.74,21.92,21.92,7961438
2007-11-28,22.12,22.3,21.94,22.12,22.12,4833035
2007-11-29,22.29,22.47,22.11,22.29,22.29,3092165
2007-11-30,22.48,22.66,22.3,22.48,22.48,6945119
2007-12-03,22.32,22.5,22.14,22.32,22.32,10463368
2007-12-04,22.45,22.63,22.27,22.45,22.45,5235672
2007-12-05,22.62,22.8,22.43,22.62,22.62,4433132
2007-12-06,22.86,23.04,22.67,22.86,22.86,4582909
2007-12-07,22.67,22.86,22.49,22.67,22.67,2499984
2007-12-10,22.55,22.73,22.37,22.55,22.55,4383229
2007-12-11,22.77,22.95,22.59,22.77,22.77,7557253
2007-12-12,22.94,23.13,22.76,22.94,22.94,6427183
2007-12-13,22.68,22.86,22.5,22.68,22.68,7852808
2007-12-14,22.84,23.02,22.65,22.84,22.84,4802864
2007-12-17,22.84,23.03,22.66,22.84,22.84,4064493
2007-12-18,23.18,23.36,22.99,23.18,23.18,7010303
2007-12-19,22.91,23.09,22.73,22.91,22.91,9907331
2007-12-20,23.22,23.41,23.04,23.22,23.22,3350506
2007-12-21,23.58,23.77,23.39,23.58,23.58,4588360
2007-12-24,22.99,23.18,22.81,22.99,22.99,6655577
2007-12-25,22.92,23.1,22.74,22.92,22.92,5753700
2007-12-26,23.13,23.31,22.94,23.13,23.13,12464266
2007-12-27,23.32,23.5,23.13,23.32,23.32,4341371
2007-12-28,23.48,23.66,23.29,23.48,23.48,4429181
2007-12-31,23.43,23.62,23.24,23.43,23.43,3700866
2008-01-01,23.35,23.53,23.16,23.35,23.35,5806891
2008-01-02,23.3,23.48,23.11,23.3,23.3,3392352
2008-01-03,23.59,23.78,23.4,23.59,23.59,3972568
2008-01-04,23.13,23.32,22.95,23.13,23.13,7213605
2008-01-07,22.78,22.96,22.6,22.78,22.78,3625885
2008-01-08,22.06,22.24,21.89,22.06,22.06,5324447
2008-01-09,22.77,22.96,22.59,22.77,22.77,4276952
2008-01-10,22.43,22.61,22.25,22.43,22.43,4193402
2008-01-11,21.88,22.06,21.71,21.88,21.88,3934764
2008-01-14,22.11,22.28,21.93,22.11,22.11,6826526
2008-01-15,22.44,22.62,22.26,22.44,22.44,3992608
2008-01-16,22.11,22.28,21.93,22.11,22.11,5965851
2008-01-17,22.29,22.47,22.11,22.29,22.29,1718597
2008-01-18,22.51,22.69,22.33,22.51,22.51,5885854
2008-01-21,22.76,22.94,22.57,22.76,22.76,6587781
2008-01-22,22.55,22.73,22.37,22.55,22.55,8661554
2008-01-23,22.81,22.99,22.63,22.81,22.81,8592807
2008-01-24,22.32,22.49,22.14,22.32,22.32,6867849
2008-01-25,22.49,22.67,22.31,22.49,22.49,4643972
2008-01-28,22.59,22.77,22.41,22.59,22.59,10413486
2008-01-29,22.06,22.24,21.89,22.06,22.06,4770140
2008-01-30,21.82,21.99,21.64,21.82,21.82,5436584
2008-01-31,21.95,22.13,21.77,21.95,21.95,3513544
2008-02-01,21.76,21.93,21.58,21.76,21.76,7223099
2008-02-04,22.08,22.26,21.9,22.08,22.08,6604891
2008-02-05,22.55,22.73,22.37,22.55,22.55,4569071
2008-02-06,22.15,22.32,21.97,22.15,22.15,6113314
2008-02-07,22.09,22.26,21.91,22.09,22.09,4889629
2008-02-08,21.85,22.02,21.67,21.85,21.85,5301640
2008-02-11,22.19,22.36,22.01,22.19,22.19,6197309
2008-02-12,22.07,22.25,21.9,22.07,22.07,4880499
2008-02-13,21.92,22.09,21.74,21.92,21.92,3848928
2008-02-14,22.11,22.29,21.93,22.11,22.11,6923074
2008-02-15,21.83,22.01,21.66,21.83,21.83,6583885
2008-02-18,21.61,21.78,21.44,21.61,21.61,4012372
2008-02-19,21.94,22.11,21.76,21.94,21.94,5338175
2008-02-20,21.88,22.06,21.71,21.88,21.88,4004503
2008-02-21,21.7,21.88,21.53,21.7,21.7,4468096
2008-02-22,21.68,21.85,21.51,21.68,21.68,3911889
2008-02-25,21.74,21.91,21.57,21.74,21.74,4482835
2008-02-26,21.99,22.17,21.81,21.99,21.99,1972035
2008-02-27,22.29,22.47,22.11,22.29,22.29,4762807
2008-02-28,22.12,22.3,21.94,22.12,22.12,3735283
2008-02-29,22.23,22.4,22.05,22.23,22.23,3305966
2008-03-03,22.69,22.87,22.51,22.69,22.69,4743268
2008-03-04,23.07,23.26,22.89,23.07,23.07,2500937
2008-03-05,22.98,23.17,22.8,22.98,22.98,2550902
2008-03-06,22.86,23.05,22.68,22.86,22.86,6671683
2008-03-07,23.19,23.38,23.01,23.19,23.19,6830136
2008-03-10,23.06,23.24,22.87,23.06,23.06,5952418
2008-03-11,23.39,23.58,23.2,23.39,23.39,2574846
2008-03-12,23.35,23.53,23.16,23.35,23.35,5722477
2008-03-13,23.26,23.45,23.08,23.26,23.26,4102440
2008-03-14,23.28,23.47,23.09,23.28,23.28,6632072
2008-03-17,23.58,23.77,23.39,23.58,23.58,2281700
2008-03-18,23.71,23.9,23.52,23.71,23.71,4285609
2008-03-19,23.49,23.67,23.3,23.49,23.49,2176710
2008-03-20,23.48,23.67,23.29,23.48,23.48,3132409
2008-03-21,22.96,23.15,22.78,22.96,22.96,4594038
2008-03-24,23.06,23.24,22.87,23.06,23.06,6997406
2008-03-25,23.16,23.35,22.98,23.16,23.16,12345265
2008-03-26,23.09,23.27,22.91,23.09,23.09,3767746
2008-03-27,23.4,23.59,23.21,23.4,23.4,6481038
2008-03-28,22.88,23.07,22.7,22.88,22.88,5107848
2008-03-31,22.6,22.78,22.42,22.6,22.6,5989560
2008-04-01,22.28,22.46,22.1,22.28,22.28,5053787
2008-04-02,22.48,22.66,22.3,22.48,22.48,2815319
2008-04-03,22.04,22.21,21.86,22.04,22.04,4793412
2008-04-04,22.82,23.01,22.64,22.82,22.82,6728253
2008-04-07,22.45,22.63,22.27,22.45,22.45,3943251
2008-04-08,22.74,22.93,22.56,22.74,22.74,4760635
2008-04-09,22.37,22.55,22.2,22.37,22.37,5643574
2008-04-10,21.73,21.9,21.56,21.73,21.73,8654688
2008-04-11,21.77,21.94,21.59,21.77,21.77,5599794
2008-04-14,21.9,22.07,21.72,21.9,21.9,6326024
2008-04-15,22.05,22.22,21.87,22.05,22.05,4686388
2008-04-16,21.6,21.78,21.43,21.6,21.6,4537253
2008-04-17,21.6,21.78,21.43,21.6,21.6,6797788
2008-04-18,21.65,21.82,21.48,21.65,21.65,2171447
2008-04-21,21.72,21.89,21.54,21.72,21.72,4219895
2008-04-22,21.86,22.04,21.69,21.86,21.86,4395351
2008-04-23,21.45,21.62,21.28,21.45,21.45,3045975
2008-04-24,20.88,21.05,20.72,20.88,20.88,7620831
2008-04-25,21.0,21.17,20.83,21.0,21.0,3452185
2008-04-28,21.11,21.28,20.94,21.11,21.11,4158344
2008-04-29,20.86,21.03,20.7,20.86,20.86,5863795
2008-04-30,20.92,21.08,20.75,20.92,20.92,8567038
2008-05-01,20.51,20.68,20.35,20.51,20.51,4124389
2008-05-02,21.16,21.33,20.99,21.16,21.16,10789656
2008-05-05,20.85,21.02,20.68,20.85,20.85,6601930
2008-05-06,20.75,20.92,20.59,20.75,20.75,3067656
2008-05-07,20.2,20.36,20.04,20.2,20.2,4316643
2008-05-08,20.51,20.67,20.34,20.51,20.51,6016875
2008-05-09,20.57,20.73,20.41,20.57,20.57,3465770
2008-05-12,20.68,20.85,20.52,20.68,20.68,3765182
2008-05-13,20.17,20.33,20.01,20.17,20.17,10551117
2008-05-14,20.0,20.16,19.84,20.0,20.0,4880080
2008-05-15,20.03,20.19,19.87,20.03,20.03,9849758
2008-05-16,20.2,20.36,20.04,20.2,20.2,5358149
2008-05-19,20.26,20.43,20.1,20.26,20.26,6983018
2008-05-20,20.3,20.46,20.14,20.3,20.3,7228415
2008-05-21,20.44,20.61,20.28,20.44,20.44,3354939
2008-05-22,20.73,20.89,20.56,20.73,20.73,4545163
2008-05-23,20.15,20.31,19.99,20.15,20.15,9210665
2008-05-26,20.42,20.59,20.26,20.42,20.42,6676660
2008-05-27,20.82,20.98,20.65,20.82,20.82,7418240
2008-05-28,21.17,21.34,21.0,21.17,21.17,5892241
2008-05-29,21.34,21.51,21.17,21.34,21.34,4576099
2008-05-30,20.82,20.99,20.66,20.82,20.82,7474625
2008-06-02,20.94,21.11,20.77,20.94,20.94,4875227
2008-06-03,20.82,20.99,20.66,20.82,20.82,5362238
2008-06-04,21.2,21.37,21.03,21.2,21.2,12304663
2008-06-05,21.37,21.54,21.2,21.37,21.37,4644474
2008-06-06,21.15,21.32,20.98,21.15,21.15,6061047
2008-06-09,20.94,21.1,20.77,20.94,20.94,7879290
2008-06-10,20.6,20.77,20.44,20.6,20.6,6059170
2008-06-11,20.13,20.3,19.97,20.13,20.13,3765974
2008-06-12,20.26,20.42,20.1,20.26,20.26,4061383
2008-06-13,20.87,21.04,20.7,20.87,20.87,6180683
2008-06-16,20.71,20.87,20.54,20.71,20.71,3405038
2008-06-17,21.03,21.2,20.86,21.03,21.03,6292616
2008-06-18,21.27,21.44,21.1,21.27,21.27,2118596
2008-06-19,21.16,21.33,20.99,21.16,21.16,4986702
2008-06-20,20.87,21.03,20.7,20.87,20.87,5272918
2008-06-23,21.41,21.58,21.24,21.41,21.41,4722113
2008-06-24,21.61,21.78,21.44,21.61,21.61,5505201
2008-06-25,21.57,21.75,21.4,21.57,21.57,4355310
2008-06-26,21.37,21.54,21.2,21.37,21.37,4500831
2008-06-27,21.19,21.36,21.02,21.19,21.19,9087771
2008-06-30,21.14,21.31,20.97,21.14,21.14,4465358
2008-07-01,20.59,20.76,20.43,20.59,20.59,3415610
2008-07-02,20.4,20.56,20.24,20.4,20.4,9320140
2008-07-03,20.96,21.13,20.79,20.96,20.96,5087562
2008-07-04,20.34,20.51,20.18,20.34,20.34,7237073
2008-07-07,20.39,20.55,20.23,20.39,20.39,5796312
2008-07-08,20.71,20.88,20.55,20.71,20.71,4776928
2008-07-09,20.73,20.9,20.57,20.73,20.73,7302871
2008-07-10,20.99,21.15,20.82,20.99,20.99,3065615
2008-07-11,20.97,21.14,20.81,20.97,20.97,4397438
2008-07-14,21.0,21.16,20.83,21.0,21.0,3952686
2008-07-15,21.46,21.63,21.28,21.46,21.46,6476444
2008-07-16,21.03,21.2,20.86,21.03,21.03,4259040
2008-07-17,21.31,21.48,21.14,21.31,21.31,7319211
2008-07-18,20.93,21.09,20.76,20.93,20.93,7346799
2008-07-21,21.64,21.81,21.46,21.64,21.64,4893224
2008-07-22,21.88,22.05,21.7,21.88,21.88,3008569
2008-07-23,22.19,22.37,22.01,22.19,22.19,5074279
2008-07-24,22.21,22.39,22.03,22.21,22.21,5462838
2008-07-25,22.48,22.66,22.3,22.48,22.48,7786286
2008-07-28,22.4,22.58,22.22,22.4,22.4,3913954
2008-07-29,22.54,22.72,22.35,22.54,22.54,1980328
2008-07-30,22.5,22.68,22.32,22.5,22.5,3736947
2008-07-31,22.06,22.23,21.88,22.06,22.06,13185409
2008-08-01,21.68,21.85,21.5,21.68,21.68,9044276
2008-08-04,21.87,22.05,21.7,21.87,21.87,2682354
2008-08-05,21.78,21.95,21.6,21.78,21.78,4154915
2008-08-06,21.56,21.74,21.39,21.56,21.56,4925994
2008-08-07,20.87,21.04,20.7,20.87,20.87,7778864
2008-08-08,20.53,20.7,20.37,20.53,20.53,5623851
2008-08-11,20.02,20.18,19.86,20.02,20.02,4922081
2008-08-12,19.83,19.99,19.68,19.83,19.83,6491243
2008-08-13,20.12,20.28,19.96,20.12,20.12,8698443
2008-08-14,20.69,20.86,20.53,20.69,20.69,12859555
2008-08-15,20.98,21.15,20.81,20.98,20.98,5836120
2008-08-18,20.98,21.15,20.81,20.98,20.98,8689899
2008-08-19,20.97,21.14,20.81,20.97,20.97,4620796
2008-08-20,21.5,21.67,21.33,21.5,21.5,7552421
2008-08-21,21.35,21.53,21.18,21.35,21.35,3709511
2008-08-22,21.19,21.36,21.02,21.19,21.19,4589575
2008-08-25,21.08,21.25,20.91,21.08,21.08,5951872
2008-08-26,20.83,21.0,20.67,20.83,20.83,3368638
2008-08-27,21.12,21.29,20.95,21.12,21.12,9884076
2008-08-28,20.54,20.7,20.37,20.54,20.54,4030423
2008-08-29,20.39,20.56,20.23,20.39,20.39,5536464
2008-09-01,20.18,20.34,20.02,20.18,20.18,5817546
2008-09-02,20.03,20.19,19.86,20.03,20.03,6580584
2008-09-03,20.34,20.5,20.18,20.34,20.34,2973837
2008-09-04,20.59,20.75,20.43,20.59,20.59,7691324
2008-09-05,20.27,20.43,20.11,20.27,20.27,5748295
2008-09-08,20.73,20.9,20.57,20.73,20.73,4858490
2008-09-09,20.77,20.93,20.6,20.77,20.77,6838867
2008-09-10,21.06,21.23,20.89,21.06,21.06,3084822
2008-09-11,20.74,20.91,20.58,20.74,20.74,2798793
2008-09-12,21.14,21.31,20.98,21.14,21.14,9263651
2008-09-15,21.47,21.64,21.3,21.47,21.47,7591156
2008-09-16,21.56,21.73,21.38,21.56,21.56,5948710
2008-09-17,21.82,21.99,21.64,21.82,21.82,4528756
2008-09-18,21.3,21.47,21.13,21.3,21.3,2233573
2008-09-19,21.03,21.19,20.86,21.03,21.03,6494029
2008-09-22,21.28,21.46,21.11,21.28,21.28,3604269
2008-09-23,20.64,20.81,20.48,20.64,20.64,5949316
2008-09-24,20.85,21.02,20.68,20.85,20.85,5221384
2008-09-25,20.76,20.92,20.59,20.76,20.76,6042340
2008-09-26,20.67,20.84,20.51,20.67,20.67,5461832
2008-09-29,21.02,21.19,20.85,21.02,21.02,9909375
2008-09-30,21.31,21.48,21.14,21.31,21.31,6483926
2008-10-01,21.37,21.54,21.19,21.37,21.37,3454243
2008-10-02,21.07,21.24,20.9,21.07,21.07,3870361
2008-10-03,21.18,21.35,21.01,21.18,21.18,5509348
2008-10-06,20.94,21.11,20.77,20.94,20.94,4293515
2008-10-07,21.27,21.44,21.1,21.27,21.27,1572331
2008-10-08,21.72,21.9,21.55,21.72,21.72,6053629
2008-10-09,21.88,22.06,21.71,21.88,21.88,2468646
2008-10-10,21.93,22.11,21.76,21.93,21.93,5089312
2008-10-13,22.0,22.18,21.82,22.0,22.0,5280961
2008-10-14,22.08,22.26,21.91,22.08,22.08,5150350
2008-10-15,22.38,22.56,22.2,22.38,22.38,2571589
2008-10-16,22.45,22.63,22.27,22.45,22.45,3808053
2008-10-17,22.91,23.09,22.73,22.91,22.91,6454973
2008-10-20,23.37,23.56,23.19,23.37,23.37,8829723
2008-10-21,23.59,23.77,23.4,23.59,23.59,6294154
2008-10-22,23.28,23.47,23.1,23.28,23.28,5694188
2008-10-23,22.77,22.96,22.59,22.77,22.77,3129580
2008-10-24,23.1,23.28,22.91,23.1,23.1,7088515
2008-10-27,22.69,22.87,22.51,22.69,22.69,6072576
2008-10-28,22.84,23.02,22.66,22.84,22.84,5788585
2008-10-29,23.47,23.66,23.28,23.47,23.47,3592535
2008-10-30,23.2,23.38,23.01,23.2,23.2,4263232
2008-10-31,23.11,23.3,22.93,23.11,23.11,5108792
2008-11-03,22.68,22.86,22.5,22.68,22.68,2784125
2008-11-04,22.7,22.88,22.52,22.7,22.7,6890613
2008-11-05,22.82,23.01,22.64,22.82,22.82,6035983
2008-11-06,22.77,22.96,22.59,22.77,22.77,4871220
2008-11-07,22.14,22.32,21.97,22.14,22.14,4765922
2008-11-10,22.87,23.05,22.69,22.87,22.87,3439031
2008-11-11,22.95,23.14,22.77,22.95,22.95,14418181
2008-11-12,22.87,23.05,22.69,22.87,22.87,8005094
2008-11-13,22.65,22.84,22.47,22.65,22.65,5965417
2008-11-14,22.64,22.83,22.46,22.64,22.64,2934920
2008-11-17,22.14,22.32,21.96,22.14,22.14,3317099
2008-11-18,21.73,21.91,21.56,21.73,21.73,4830473
2008-11-19,21.87,22.05,21.7,21.87,21.87,7864773
2008-11-20,22.09,22.26,21.91,22.09,22.09,2740022
2008-11-21,22.28,22.45,22.1,22.28,22.28,5918237
2008-11-24,22.51,22.69,22.33,22.51,22.51,6787117
2008-11-25,22.24,22.42,22.07,22.24,22.24,6205738
2008-11-26,21.93,22.11,21.76,21.93,21.93,7528674
2008-11-27,22.04,22.22,21.87,22.04,22.04,5435814
2008-11-28,22.02,22.19,21.84,22.02,22.02,5466035
2008-12-01,21.83,22.01,21.66,21.83,21.83,4642679
2008-12-02,21.58,21.75,21.41,21.58,21.58,7584618
2008-12-03,21.67,21.85,21.5,21.67,21.67,5503330
2008-12-04,21.45,21.62,21.28,21.45,21.45,4158448
2008-12-05,21.28,21.45,21.11,21.28,21.28,7819836
2008-12-08,20.94,21.11,20.77,20.94,20.94,4211936
2008-12-09,20.69,20.86,20.53,20.69,20.69,5869026
2008-12-10,20.67,20.84,20.51,20.67,20.67,4391065
2008-12-11,20.97,21.13,20.8,20.97,20.97,7853055
2008-12-12,20.86,21.03,20.69,20.86,20.86,5227069
2008-12-15,21.03,21.2,20.87,21.03,21.03,3720605
2008-12-16,21.2,21.37,21.03,21.2,21.2,5047597
2008-12-17,20.96,21.13,20.8,20.96,20.96,7086850
2008-12-18,21.05,21.22,20.88,21.05,21.05,5410947
2008-12-19,20.95,21.12,20.79,20.95,20.95,3402315
2008-12-22,21.2,21.37,21.03,21.2,21.2,10724868
2008-12-23,21.23,21.4,21.06,21.23,21.23,2714102
2008-12-24,21.43,21.6,21.26,21.43,21.43,7147519
2008-12-25,21.28,21.45,21.11,21.28,21.28,7477755
2008-12-26,21.57,21.74,21.4,21.57,21.57,4301111
2008-12-29,21.88,22.06,21.71,21.88,21.88,5732529
2008-12-30,21.0,21.16,20.83,21.0,21.0,4494129
2008-12-31,21.23,21.4,21.06,21.23,21.23,13354418
2009-01-01,21.56,21.73,21.39,21.56,21.56,4105783
2009-01-02,21.68,21.85,21.5,21.68,21.68,4030364
2009-01-05,21.98,22.15,21.8,21.98,21.98,2830913
2009-01-06,21.6,21.77,21.42,21.6,21.6,4271401
2009-01-07,21.94,22.11,21.76,21.94,21.94,8060979
2009-01-08,21.83,22.0,21.65,21.83,21.83,6645324
2009-01-09,21.6,21.78,21.43,21.6,21.6,11061885
2009-01-12,20.83,21.0,20.66,20.83,20.83,5490586
2009-01-13,20.93,21.1,20.77,20.93,20.93,4114129
2009-01-14,20.73,20.9,20.56,20.73,20.73,5032724
2009-01-15,20.13,20.29,19.97,20.13,20.13,6132375
2009-01-16,20.13,20.3,19.97,20.13,20.13,4712395
2009-01-19,19.74,19.9,19.58,19.74,19.74,3857397
2009-01-20,19.4,19.56,19.25,19.4,19.4,4056709
2009-01-21,19.38,19.53,19.22,19.38,19.38,5859888
2009-01-22,19.61,19.77,19.45,19.61,19.61,4224305
2009-01-23,19.46,19.61,19.3,19.46,19.46,7773630
2009-01-26,19.64,19.79,19.48,19.64,19.64,5382438
2009-01-27,19.59,19.74,19.43,19.59,19.59,4648868
2009-01-28,19.51,19.66,19.35,19.51,19.51,5054795
2009-01-29,18.95,19.1,18.8,18.95,18.95,6250990
2009-01-30,18.96,19.11,18.81,18.96,18.96,5862421
2009-02-02,18.92,19.07,18.77,18.92,18.92,6008037
2009-02-03,19.17,19.32,19.01,19.17,19.17,6308588
2009-02-04,19.5,19.66,19.35,19.5,19.5,2690395
2009-02-05,19.27,19.43,19.12,19.27,19.27,3855204
2009-02-06,19.25,19.41,19.1,19.25,19.25,6093387
2009-02-09,18.88,19.03,18.73,18.88,18.88,7603661
2009-02-10,18.81,18.96,18.66,18.81,18.81,6118532
2009-02-11,18.14,18.29,18.0,18.14,18.14,6356353
2009-02-12,18.1,18.24,17.95,18.1,18.1,5276265
2009-02-13,17.63,17.78,17.49,17.63,17.63,2804044
2009-02-16,17.61,17.75,17.47,17.61,17.61,8435038
2009-02-17,17.76,17.9,17.61,17.76,17.76,2386871
2009-02-18,17.71,17.85,17.57,17.71,17.71,11042638
2009-02-19,17.88,18.02,17.74,17.88,17.88,5678848
2009-02-20,18.41,18.55,18.26,18.41,18.41,5961422
2009-02-23,17.88,18.02,17.73,17.88,17.88,4083637
2009-02-24,17.82,17.96,17.68,17.82,17.82,6729453
2009-02-25,17.91,18.05,17.76,17.91,17.91,9155323
2009-02-26,17.59,17.73,17.45,17.59,17.59,6281830
2009-02-27,17.77,17.91,17.63,17.77,17.77,6756951
2009-03-02,18.07,18.21,17.92,18.07,18.07,4119570
2009-03-03,18.28,18.43,18.13,18.28,18.28,3979418
2009-03-04,17.8,17.95,17.66,17.8,17.8,10848802
2009-03-05,17.91,18.06,17.77,17.91,17.91,3958632
2009-03-06,17.48,17.62,17.34,17.48,17.48,2824100
2009-03-09,17.81,17.95,17.67,17.81,17.81,3946873
2009-03-10,17.55,17.69,17.41,17.55,17.55,3479310
2009-03-11,17.42,17.56,17.28,17.42,17.42,7114142
2009-03-12,17.45,17.59,17.31,17.45,17.45,6558528
2009-03-13,17.7,17.84,17.56,17.7,17.7,5965102
2009-03-16,17.9,18.04,17.75,17.9,17.9,5889871
2009-03-17,17.96,18.1,17.81,17.96,17.96,4270242
2009-03-18,17.93,18.08,17.79,17.93,17.93,5411004
2009-03-19,17.61,17.75,17.46,17.61,17.61,5539421
2009-03-20,17.49,17.63,17.35,17.49,17.49,5798445
2009-03-23,17.16,17.29,17.02,17.16,17.16,6829709
2009-03-24,16.97,17.11,16.84,16.97,16.97,2866891
2009-03-25,17.32,17.46,17.19,17.32,17.32,2282598
2009-03-26,17.4,17.54,17.26,17.4,17.4,6845160
2009-03-27,17.7,17.84,17.56,17.7,17.7,7548842
2009-03-30,18.08,18.22,17.93,18.08,18.08,10447735
2009-03-31,17.9,18.05,17.76,17.9,17.9,2988006
2009-04-01,17.96,18.11,17.82,17.96,17.96,6268356
2009-04-02,17.62,17.76,17.48,17.62,17.62,5185855
2009-04-03,17.77,17.92,17.63,17.77,17.77,6508018
2009-04-06,17.98,18.12,17.84,17.98,17.98,4357627
2009-04-07,17.9,18.04,17.76,17.9,17.9,3153777
2009-04-08,18.16,18.3,18.01,18.16,18.16,3238810
2009-04-09,17.94,18.08,17.8,17.94,17.94,2350293
2009-04-10,17.77,17.91,17.63,17.77,17.77,3647962
2009-04-13,18.05,18.19,17.9,18.05,18.05,3517000
2009-04-14,17.95,18.09,17.81,17.95,17.95,4661791
2009-04-15,18.13,18.27,17.98,18.13,18.13,6836730
2009-04-16,17.82,17.97,17.68,17.82,17.82,3625452
2009-04-17,17.38,17.52,17.24,17.38,17.38,12778688
2009-04-20,17.33,17.47,17.2,17.33,17.33,6096697
2009-04-21,17.74,17.89,17.6,17.74,17.74,2408282
2009-04-22,17.77,17.91,17.63,17.77,17.77,7790393
2009-04-23,17.51,17.65,17.37,17.51,17.51,4114088
2009-04-24,17.37,17.51,17.23,17.37,17.37,4597167
2009-04-27,17.17,17.3,17.03,17.17,17.17,7330762
2009-04-28,17.39,17.53,17.25,17.39,17.39,4442117
2009-04-29,17.34,17.48,17.2,17.34,17.34,5390058
2009-04-30,17.29,17.43,17.15,17.29,17.29,4465237
2009-05-01,17.27,17.41,17.13,17.27,17.27,4897897
2009-05-04,16.91,17.05,16.78,16.91,16.91,5027837
2009-05-05,16.68,16.82,16.55,16.68,16.68,3745574
2009-05-06,16.8,16.94,16.67,16.8,16.8,14973139
2009-05-07,16.64,16.77,16.51,16.64,16.64,7378957
2009-05-08,16.77,16.91,16.64,16.77,16.77,3565393
2009-05-11,17.06,17.2,16.93,17.06,17.06,6340064
2009-05-12,17.14,17.28,17.0,17.14,17.14,4345503
2009-05-13,16.8,16.93,16.66,16.8,16.8,4774385
2009-05-14,16.55,16.69,16.42,16.55,16.55,6267778
2009-05-15,16.07,16.2,15.94,16.07,16.07,5431497
2009-05-18,16.12,16.25,15.99,16.12,16.12,4386557
2009-05-19,16.43,16.57,16.3,16.43,16.43,3371585
2009-05-20,16.54,16.67,16.4,16.54,16.54,9977488
2009-05-21,16.51,16.65,16.38,16.51,16.51,6311972
2009-05-22,16.37,16.5,16.24,16.37,16.37,4795309
2009-05-25,16.59,16.73,16.46,16.59,16.59,3867791
2009-05-26,16.4,16.53,16.27,16.4,16.4,7136200
2009-05-27,16.35,16.48,16.22,16.35,16.35,5698452
2009-05-28,16.74,16.87,16.6,16.74,16.74,6068460
2009-05-29,16.83,16.96,16.7,16.83,16.83,6773737
2009-06-01,16.83,16.96,16.7,16.83,16.83,5441915
2009-06-02,16.38,16.51,16.25,16.38,16.38,4412267
2009-06-03,16.01,16.14,15.89,16.01,16.01,3837337
2009-06-04,16.01,16.14,15.89,16.01,16.01,8771556
2009-06-05,16.44,16.58,16.31,16.44,16.44,4632613
2009-06-08,16.27,16.4,16.14,16.27,16.27,7155168
2009-06-09,16.11,16.24,15.98,16.11,16.11,7976670
2009-06-10,16.0,16.12,15.87,16.0,16.0,5905649
2009-06-11,16.17,16.3,16.04,16.17,16.17,3682740
2009-06-12,15.83,15.96,15.71,15.83,15.83,3791864
2009-06-15,15.97,16.1,15.85,15.97,15.97,7852223
2009-06-16,15.53,15.66,15.41,15.53,15.53,4948748
2009-06-17,15.12,15.24,15.0,15.12,15.12,3939910
2009-06-18,14.96,15.08,14.84,14.96,14.96,2358328
2009-06-19,15.12,15.24,15.0,15.12,15.12,2570178
2009-06-22,15.11,15.23,14.98,15.11,15.11,5528816
2009-06-23,15.28,15.4,15.15,15.28,15.28,10868636
2009-06-24,15.31,15.43,15.18,15.31,15.31,3203880
2009-06-25,15.4,15.52,15.28,15.4,15.4,5158120
2009-06-26,15.42,15.54,15.3,15.42,15.42,5005632
2009-06-29,15.58,15.7,15.46,15.58,15.58,4091992
2009-06-30,15.79,15.92,15.67,15.79,15.79,6981982
2009-07-01,15.82,15.95,15.7,15.82,15.82,6244564
2009-07-02,15.84,15.96,15.71,15.84,15.84,4389925
2009-07-03,15.78,15.91,15.65,15.78,15.78,6693535
2009-07-06,15.9,16.03,15.78,15.9,15.9,6773344
2009-07-07,15.7,15.83,15.58,15.7,15.7,4002299
2009-07-08,15.83,15.96,15.71,15.83,15.83,7604821
2009-07-09,16.11,16.23,15.98,16.11,16.11,12603042
2009-07-10,15.65,15.78,15.53,15.65,15.65,10464784
2009-07-13,15.69,15.81,15.56,15.69,15.69,3669425
2009-07-14,15.59,15.71,15.46,15.59,15.59,5696478
2009-07-15,15.52,15.64,15.4,15.52,15.52,6163708
2009-07-16,15.29,15.41,15.17,15.29,15.29,12279013
2009-07-17,15.3,15.43,15.18,15.3,15.3,6903095
2009-07-20,15.35,15.47,15.23,15.35,15.35,11516882
2009-07-21,15.56,15.68,15.43,15.56,15.56,8726825
2009-07-22,15.29,15.41,15.17,15.29,15.29,4042984
2009-07-23,15.21,15.33,15.09,15.21,15.21,7723159
2009-07-24,15.3,15.43,15.18,15.3,15.3,7028101
2009-07-27,15.02,15.14,14.9,15.02,15.02,7408210
2009-07-28,15.19,15.31,15.07,15.19,15.19,6038234
2009-07-29,15.11,15.23,14.99,15.11,15.11,3650104
2009-07-30,14.85,14.97,14.73,14.85,14.85,5302790
2009-07-31,15.23,15.36,15.11,15.23,15.23,11461786
2009-08-03,15.47,15.6,15.35,15.47,15.47,5234488
2009-08-04,15.58,15.71,15.46,15.58,15.58,4409160
2009-08-05,15.5,15.63,15.38,15.5,15.5,6946449
2009-08-06,15.53,15.65,15.4,15.53,15.53,4922674
2009-08-07,15.72,15.84,15.59,15.72,15.72,4492663
2009-08-10,15.61,15.74,15.49,15.61,15.61,6479728
2009-08-11,15.54,15.67,15.42,15.54,15.54,5275852
2009-08-12,15.42,15.54,15.29,15.42,15.42,2491845
2009-08-13,15.56,15.68,15.43,15.56,15.56,6423435
2009-08-14,15.7,15.82,15.57,15.7,15.7,3518526
2009-08-17,15.52,15.64,15.39,15.52,15.52,5352626
2009-08-18,15.46,15.58,15.33,15.46,15.46,5547291
2009-08-19,15.8,15.93,15.68,15.8,15.8,5194801
2009-08-20,15.62,15.75,15.5,15.62,15.62,7120527
2009-08-21,15.91,16.04,15.78,15.91,15.91,8357278
2009-08-24,15.85,15.98,15.73,15.85,15.85,7330806
2009-08-25,15.95,16.07,15.82,15.95,15.95,5077048
2009-08-26,16.06,16.19,15.93,16.06,16.06,10963044
2009-08-27,16.33,16.46,16.2,16.33,16.33,5615755
2009-08-28,16.12,16.25,15.99,16.12,16.12,3720333
2009-08-31,16.08,16.21,15.95,16.08,16.08,4905057
2009-09-01,16.14,16.26,16.01,16.14,16.14,5994625
2009-09-02,16.33,16.46,16.2,16.33,16.33,7900967
2009-09-03,16.32,16.45,16.19,16.32,16.32,4135735
2009-09-04,16.89,17.03,16.76,16.89,16.89,7198548
2009-09-07,16.63,16.76,16.5,16.63,16.63,7039302
2009-09-08,16.7,16.84,16.57,16.7,16.7,3407448
2009-09-09,16.63,16.76,16.5,16.63,16.63,11951335
2009-09-10,16.68,16.81,16.54,16.68,16.68,5846785
2009-09-11,16.99,17.12,16.85,16.99,16.99,5180000
2009-09-14,16.81,16.94,16.68,16.81,16.81,3376196
2009-09-15,16.47,16.61,16.34,16.47,16.47,5924751
2009-09-16,16.74,16.87,16.61,16.74,16.74,5999671
2009-09-17,17.11,17.25,16.98,17.11,17.11,4198525
2009-09-18,16.75,16.88,16.61,16.75,16.75,5866081
2009-09-21,16.56,16.69,16.43,16.56,16.56,4757555
2009-09-22,16.45,16.58,16.32,16.45,16.45,2577036
2009-09-23,16.1,16.23,15.98,16.1,16.1,7532248
2009-09-24,15.74,15.86,15.61,15.74,15.74,4626110
2009-09-25,15.7,15.82,15.57,15.7,15.7,12880359
2009-09-28,15.31,15.43,15.19,15.31,15.31,4222295
2009-09-29,15.5,15.63,15.38,15.5,15.5,3543437
2009-09-30,15.66,15.79,15.53,15.66,15.66,6397548
2009-10-01,15.61,15.74,15.49,15.61,15.61,4473717
2009-10-02,15.82,15.95,15.69,15.82,15.82,6424779
2009-10-05,15.62,15.75,15.5,15.62,15.62,6412961
2009-10-06,16.01,16.14,15.88,16.01,16.01,3704979
2009-10-07,16.16,16.29,16.03,16.16,16.16,6885872
2009-10-08,15.87,16.0,15.75,15.87,15.87,6101880
2009-10-09,15.34,15.46,15.21,15.34,15.34,5554395
2009-10-12,15.48,15.6,15.35,15.48,15.48,3168934
2009-10-13,15.28,15.4,15.16,15.28,15.28,5118444
2009-10-14,15.58,15.7,15.45,15.58,15.58,13086411
2009-10-15,15.56,15.69,15.44,15.56,15.56,2933053
2009-10-16,15.38,15.51,15.26,15.38,15.38,3660494
2009-10-19,15.87,16.0,15.74,15.87,15.87,4154979
2009-10-20,15.68,15.81,15.56,15.68,15.68,4348031
2009-10-21,15.88,16.0,15.75,15.88,15.88,5144445
2009-10-22,16.02,16.15,15.89,16.02,16.02,4963525
2009-10-23,16.02,16.15,15.89,16.02,16.02,4549649
2009-10-26,15.91,16.04,15.79,15.91,15.91,4001368
2009-10-27,16.07,16.2,15.95,16.07,16.07,3971920
2009-10-28,16.17,16.3,16.05,16.17,16.17,3739232
2009-10-29,16.11,16.24,15.98,16.11,16.11,5092590
2009-10-30,16.7,16.84,16.57,16.7,16.7,3943330
2009-11-02,16.91,17.05,16.78,16.91,16.91,8813465
2009-11-03,17.2,17.34,17.07,17.2,17.2,4890180
2009-11-04,17.71,17.85,17.57,17.71,17.71,8769844
2009-11-05,17.73,17.87,17.59,17.73,17.73,6034257
2009-11-06,17.89,18.03,17.75,17.89,17.89,5073237
2009-11-09,17.6,17.74,17.46,17.6,17.6,7380291
2009-11-10,17.57,17.71,17.43,17.57,17.57,9938354
2009-11-11,17.61,17.75,17.47,17.61,17.61,5895312
2009-11-12,17.22,17.36,17.08,17.22,17.22,2061950
2009-11-13,16.99,17.12,16.85,16.99,16.99,3786350
2009-11-16,16.93,17.06,16.79,16.93,16.93,5771868
2009-11-17,17.26,17.4,17.13,17.26,17.26,8212323
2009-11-18,17.42,17.56,17.28,17.42,17.42,2285255
2009-11-19,17.23,17.37,17.09,17.23,17.23,6410791
2009-11-20,17.49,17.63,17.35,17.49,17.49,10714173
2009-11-23,17.33,17.46,17.19,17.33,17.33,6738343
2009-11-24,17.48,17.62,17.34,17.48,17.48,9210279
2009-11-25,17.58,17.72,17.44,17.58,17.58,4355085
2009-11-26,17.47,17.61,17.33,17.47,17.47,3704001
2009-11-27,17.2,17.34,17.06,17.2,17.2,7080573
2009-11-30,17.32,17.46,17.19,17.32,17.32,3339461
2009-12-01,17.36,17.49,17.22,17.36,17.36,5563196
2009-12-02,17.51,17.65,17.37,17.51,17.51,5831276
2009-12-03,17.89,18.04,17.75,17.89,17.89,3573937
2009-12-04,17.73,17.87,17.59,17.73,17.73,3647698
2009-12-07,17.9,18.04,17.76,17.9,17.9,4571543
2009-12-08,18.02,18.17,17.88,18.02,18.02,3736149
2009-12-09,17.92,18.06,17.77,17.92,17.92,6444474
2009-12-10,17.95,18.09,17.8,17.95,17.95,5810075
2009-12-11,18.52,18.67,18.37,18.52,18.52,9388456
2009-12-14,18.7,18.85,18.55,18.7,18.7,5881579
2009-12-15,18.68,18.83,18.54,18.68,18.68,12319117
2009-12-16,18.3,18.45,18.15,18.3,18.3,5731867
2009-12-17,18.58,18.72,18.43,18.58,18.58,4197232
2009-12-18,18.81,18.96,18.66,18.81,18.81,3761564
2009-12-21,18.81,18.96,18.66,18.81,18.81,8767738
2009-12-22,18.79,18.94,18.64,18.79,18.79,5844779
2009-12-23,18.67,18.82,18.52,18.67,18.67,4085601
2009-12-24,18.5,18.65,18.35,18.5,18.5,2972465
2009-12-25,18.19,18.34,18.05,18.19,18.19,4046303
2009-12-28,18.34,18.49,18.19,18.34,18.34,4096277
2009-12-29,18.15,18.29,18.0,18.15,18.15,11301105
2009-12-30,18.58,18.73,18.43,18.58,18.58,9344810
2009-12-31,18.66,18.81,18.51,18.66,18.66,3415468
2010-01-01,19.15,19.3,19.0,19.15,19.15,5395756
2010-01-04,19.01,19.16,18.86,19.01,19.01,4446760
2010-01-05,18.94,19.09,18.79,18.94,18.94,5206088
2010-01-06,19.18,19.33,19.02,19.18,19.18,4908114
2010-01-07,19.4,19.55,19.24,19.4,19.4,9385516
2010-01-08,19.02,19.17,18.87,19.02,19.02,8439016
2010-01-11,19.31,19.46,19.16,19.31,19.31,4726721
2010-01-12,19.73,19.89,19.57,19.73,19.73,5566628
2010-01-13,20.2,20.36,20.04,20.2,20.2,6710702
2010-01-14,20.21,20.37,20.05,20.21,20.21,6262738
2010-01-15,20.3,20.46,20.14,20.3,20.3,3522668
2010-01-18,20.04,20.2,19.88,20.04,20.04,2644506
2010-01-19,20.49,20.66,20.33,20.49,20.49,7725425
2010-01-20,20.95,21.12,20.78,20.95,20.95,5285581
2010-01-21,21.08,21.24,20.91,21.08,21.08,3560789
2010-01-22,21.41,21.58,21.24,21.41,21.41,9871227
2010-01-25,21.79,21.96,21.62,21.79,21.79,4710998
2010-01-26,22.13,22.3,21.95,22.13,22.13,7725360
2010-01-27,22.58,22.76,22.4,22.58,22.58,4151285
2010-01-28,22.41,22.59,22.23,22.41,22.41,9156484
2010-01-29,22.61,22.79,22.43,22.61,22.61,4545171
2010-02-01,22.81,22.99,22.63,22.81,22.81,4929934
2010-02-02,22.81,22.99,22.63,22.81,22.81,11205520
2010-02-03,23.01,23.19,22.83,23.01,23.01,8740303
2010-02-04,23.17,23.36,22.98,23.17,23.17,3579751
2010-02-05,23.47,23.66,23.28,23.47,23.47,6008803
2010-02-08,23.5,23.68,23.31,23.5,23.5,4981177
2010-02-09,23.23,23.42,23.05,23.23,23.23,4324106
2010-02-10,23.41,23.59,23.22,23.41,23.41,4296208
2010-02-11,23.85,24.04,23.66,23.85,23.85,5906289
2010-02-12,23.74,23.93,23.55,23.74,23.74,5928229
2010-02-15,23.74,23.93,23.55,23.74,23.74,7268782
2010-02-16,23.3,23.48,23.11,23.3,23.3,3051360
2010-02-17,23.27,23.46,23.09,23.27,23.27,5110061
2010-02-18,23.39,23.58,23.21,23.39,23.39,2890057
2010-02-19,23.28,23.47,23.09,23.28,23.28,2942754
2010-02-22,22.94,23.12,22.76,22.94,22.94,5984002
2010-02-23,23.75,23.94,23.56,23.75,23.75,2125111
2010-02-24,23.55,23.74,23.36,23.55,23.55,2971220
2010-02-25,23.54,23.73,23.35,23.54,23.54,4456146
2010-02-26,23.65,23.84,23.46,23.65,23.65,4729193
2010-03-01,23.59,23.78,23.4,23.59,23.59,2671336
2010-03-02,23.26,23.45,23.08,23.26,23.26,8797792
2010-03-03,23.26,23.45,23.08,23.26,23.26,5660910
2010-03-04,23.14,23.33,22.96,23.14,23.14,8275553
2010-03-05,22.76,22.94,22.58,22.76,22.76,5484550
2010-03-08,22.55,22.73,22.37,22.55,22.55,4226467
2010-03-09,22.57,22.75,22.39,22.57,22.57,6504064
2010-03-10,22.28,22.46,22.1,22.28,22.28,6165126
2010-03-11,22.15,22.33,21.98,22.15,22.15,5066987
2010-03-12,22.15,22.33,21.98,22.15,22.15,4633073
2010-03-15,22.01,22.19,21.83,22.01,22.01,5947749
2010-03-16,21.61,21.78,21.43,21.61,21.61,3827324
2010-03-17,21.45,21.63,21.28,21.45,21.45,2008185
2010-03-18,20.98,21.15,20.82,20.98,20.98,8253508
2010-03-19,20.97,21.14,20.8,20.97,20.97,7257071
2010-03-22,20.95,21.12,20.78,20.95,20.95,6236559
2010-03-23,20.83,21.0,20.66,20.83,20.83,7320391
2010-03-24,20.92,21.08,20.75,20.92,20.92,6496092
2010-03-25,20.36,20.53,20.2,20.36,20.36,5405926
2010-03-26,20.53,20.69,20.36,20.53,20.53,9916396
2010-03-29,20.13,20.29,19.97,20.13,20.13,2683633
2010-03-30,19.96,20.12,19.8,19.96,19.96,4555894
2010-03-31,19.99,20.15,19.83,19.99,19.99,9118658
2010-04-01,19.81,19.97,19.65,19.81,19.81,3309144
2010-04-02,19.65,19.81,19.49,19.65,19.65,4783993
2010-04-05,19.39,19.55,19.24,19.39,19.39,11071478
2010-04-06,19.41,19.57,19.26,19.41,19.41,6622225
2010-04-07,19.56,19.72,19.41,19.56,19.56,5502659
2010-04-08,19.74,19.89,19.58,19.74,19.74,10728291
2010-04-09,19.7,19.86,19.54,19.7,19.7,4453268
2010-04-12,20.32,20.48,20.15,20.32,20.32,8576870
2010-04-13,20.08,20.24,19.91,20.08,20.08,3808639
2010-04-14,19.6,19.76,19.45,19.6,19.6,7036241
2010-04-15,19.67,19.83,19.51,19.67,19.67,6083153
2010-04-16,19.78,19.94,19.62,19.78,19.78,7734329
2010-04-19,20.36,20.53,20.2,20.36,20.36,2191310
2010-04-20,20.63,20.79,20.46,20.63,20.63,9041846
2010-04-21,20.85,21.02,20.68,20.85,20.85,3674234
2010-04-22,20.81,20.98,20.64,20.81,20.81,6071407
2010-04-23,20.67,20.83,20.5,20.67,20.67,5513157
2010-04-26,20.43,20.59,20.27,20.43,20.43,3315406
2010-04-27,20.59,20.75,20.43,20.59,20.59,6392177
2010-04-28,20.01,20.17,19.85,20.01,20.01,3285263
2010-04-29,20.0,20.16,19.84,20.0,20.0,3015115
2010-04-30,20.36,20.52,20.2,20.36,20.36,6346621
2010-05-03,20.12,20.28,19.96,20.12,20.12,6288278
2010-05-04,19.73,19.89,19.58,19.73,19.73,4199993
2010-05-05,19.73,19.89,19.58,19.73,19.73,5210584
2010-05-06,20.26,20.43,20.1,20.26,20.26,4081232
2010-05-07,20.49,20.65,20.32,20.49,20.49,3679003
2010-05-10,20.6,20.77,20.44,20.6,20.6,7610469
2010-05-11,20.05,20.21,19.89,20.05,20.05,3921238
2010-05-12,19.71,19.87,19.56,19.71,19.71,6497122
2010-05-13,19.41,19.56,19.25,19.41,19.41,4551190
2010-05-14,19.45,19.61,19.3,19.45,19.45,5409790
2010-05-17,19.41,19.56,19.25,19.41,19.41,8199447
2010-05-18,19.3,19.46,19.15,19.3,19.3,9024866
2010-05-19,19.0,19.15,18.85,19.0,19.0,5096174
2010-05-20,18.85,19.0,18.7,18.85,18.85,5859507
2010-05-21,19.26,19.41,19.11,19.26,19.26,5683123
2010-05-24,19.15,19.31,19.0,19.15,19.15,7822591
2010-05-25,18.78,18.93,18.63,18.78,18.78,7997700
2010-05-26,18.83,18.98,18.68,18.83,18.83,1848673
2010-05-27,18.63,18.78,18.48,18.63,18.63,3856059
2010-05-28,19.45,19.61,19.3,19.45,19.45,2622587
2010-05-31,19.85,20.01,19.69,19.85,19.85,2901057
2010-06-01,19.93,20.09,19.77,19.93,19.93,8484992
2010-06-02,19.81,19.97,19.65,19.81,19.81,4445629
2010-06-03,19.97,20.13,19.81,19.97,19.97,3725837
2010-06-04,20.03,20.19,19.87,20.03,20.03,4739017
2010-06-07,20.09,20.25,19.93,20.09,20.09,7807979
2010-06-08,20.63,20.8,20.47,20.63,20.63,8743616
2010-06-09,21.05,21.21,20.88,21.05,21.05,6883521
2010-06-10,21.1,21.27,20.93,21.1,21.1,4940521
2010-06-11,20.88,21.05,20.71,20.88,20.88,8261185
2010-06-14,21.05,21.22,20.88,21.05,21.05,4915555
2010-06-15,21.06,21.23,20.9,21.06,21.06,3355438
2010-06-16,21.43,21.6,21.26,21.43,21.43,5750564
2010-06-17,21.22,21.39,21.05,21.22,21.22,4027215
2010-06-18,21.22,21.39,21.05,21.22,21.22,5172126
2010-06-21,21.0,21.16,20.83,21.0,21.0,2127011
2010-06-22,20.87,21.04,20.7,20.87,20.87,2839523
2010-06-23,20.66,20.83,20.5,20.66,20.66,3991699
2010-06-24,20.58,20.75,20.42,20.58,20.58,2914000
2010-06-25,20.77,20.94,20.61,20.77,20.77,3388176
2010-06-28,20.5,20.67,20.34,20.5,20.5,5893377
2010-06-29,20.47,20.63,20.31,20.47,20.47,4685927
2010-06-30,20.28,20.44,20.12,20.28,20.28,3582802
2010-07-01,20.96,21.13,20.79,20.96,20.96,7848288
2010-07-02,20.64,20.8,20.47,20.64,20.64,4005183
2010-07-05,20.48,20.65,20.32,20.48,20.48,4810008
2010-07-06,20.7,20.87,20.54,20.7,20.7,3741193
2010-07-07,20.42,20.58,20.25,20.42,20.42,7701976
2010-07-08,21.19,21.36,21.02,21.19,21.19,9573435
2010-07-09,20.93,21.1,20.76,20.93,20.93,5046934
2010-07-12,21.09,21.25,20.92,21.09,21.09,6865243
2010-07-13,21.16,21.33,20.99,21.16,21.16,7886675
2010-07-14,21.3,21.47,21.13,21.3,21.3,6310493
2010-07-15,20.98,21.15,20.81,20.98,20.98,5653373
2010-07-16,21.08,21.25,20.91,21.08,21.08,7928461
2010-07-19,21.52,21.69,21.34,21.52,21.52,6661438
2010-07-20,21.13,21.3,20.96,21.13,21.13,1896020
2010-07-21,21.0,21.17,20.83,21.0,21.0,6345143
2010-07-22,20.88,21.05,20.72,20.88,20.88,3377605
2010-07-23,21.91,22.09,21.74,21.91,21.91,7942259
2010-07-26,21.96,22.14,21.79,21.96,21.96,5937536
2010-07-27,21.89,22.06,21.71,21.89,21.89,10361558
2010-07-28,22.31,22.49,22.14,22.31,22.31,5319002
2010-07-29,21.99,22.16,21.81,21.99,21.99,7139213
2010-07-30,22.1,22.28,21.93,22.1,22.1,5685574
2010-08-02,22.12,22.3,21.94,22.12,22.12,7577107
2010-08-03,22.06,22.24,21.89,22.06,22.06,3789281
2010-08-04,21.91,22.08,21.73,21.91,21.91,13994213
2010-08-05,22.26,22.44,22.08,22.26,22.26,6752920
2010-08-06,22.35,22.53,22.17,22.35,22.35,4717545
2010-08-09,22.22,22.4,22.04,22.22,22.22,5658212
2010-08-10,22.28,22.46,22.1,22.28,22.28,8137372
2010-08-11,22.66,22.84,22.48,22.66,22.66,5093845
2010-08-12,23.17,23.36,22.99,23.17,23.17,7835742
2010-08-13,23.16,23.34,22.97,23.16,23.16,5114763
2010-08-16,23.8,23.99,23.61,23.8,23.8,10736149
2010-08-17,24.57,24.76,24.37,24.57,24.57,3594291
2010-08-18,24.98,25.18,24.78,24.98,24.98,3051419
2010-08-19,24.77,24.97,24.57,24.77,24.77,4963850
2010-08-20,24.83,25.03,24.63,24.83,24.83,5989021
2010-08-23,24.29,24.48,24.1,24.29,24.29,7024376
2010-08-24,24.68,24.88,24.49,24.68,24.68,2412952
2010-08-25,24.65,24.85,24.46,24.65,24.65,5812249
2010-08-26,24.25,24.45,24.06,24.25,24.25,3330156
2010-08-27,24.89,25.09,24.69,24.89,24.89,8876910
2010-08-30,25.07,25.27,24.87,25.07,25.07,4613532
2010-08-31,25.47,25.67,25.26,25.47,25.47,4653971
2010-09-01,26.08,26.29,25.88,26.08,26.08,7499251
2010-09-02,25.92,26.13,25.71,25.92,25.92,5759931
2010-09-03,26.0,26.2,25.79,26.0,26.0,7174003
2010-09-06,25.21,25.42,25.01,25.21,25.21,8888290
2010-09-07,25.01,25.21,24.81,25.01,25.01,13487698
2010-09-08,24.82,25.02,24.62,24.82,24.82,4050895
2010-09-09,24.76,24.96,24.56,24.76,24.76,4134085
2010-09-10,25.18,25.38,24.98,25.18,25.18,7433499
2010-09-13,25.19,25.39,24.99,25.19,25.19,8077170
2010-09-14,25.35,25.55,25.15,25.35,25.35,5878191
2010-09-15,25.5,25.71,25.3,25.5,25.5,6734481
2010-09-16,25.0,25.2,24.8,25.0,25.0,9190728
2010-09-17,25.4,25.6,25.2,25.4,25.4,7344026
2010-09-20,25.59,25.8,25.39,25.59,25.59,6532944
2010-09-21,25.94,26.15,25.73,25.94,25.94,4441867
2010-09-22,26.71,26.93,26.5,26.71,26.71,4837184
2010-09-23,26.79,27.01,26.58,26.79,26.79,4019042
2010-09-24,26.44,26.66,26.23,26.44,26.44,5422309
2010-09-27,26.96,27.17,26.74,26.96,26.96,2790380
2010-09-28,26.69,26.9,26.48,26.69,26.69,2492994
2010-09-29,27.44,27.66,27.22,27.44,27.44,8035516
2010-09-30,27.42,27.64,27.2,27.42,27.42,3703726
2010-10-01,27.69,27.91,27.46,27.69,27.69,5686854
2010-10-04,27.91,28.13,27.69,27.91,27.91,3477043
2010-10-05,27.41,27.63,27.19,27.41,27.41,5490288
2010-10-06,26.86,27.07,26.64,26.86,26.86,8839813
2010-10-07,26.87,27.09,26.66,26.87,26.87,6900039
2010-10-08,27.03,27.25,26.81,27.03,27.03,8801175
2010-10-11,26.88,27.09,26.66,26.88,26.88,7749484
2010-10-12,27.5,27.72,27.28,27.5,27.5,6723348
2010-10-13,26.85,27.07,26.64,26.85,26.85,6578295
2010-10-14,26.7,26.91,26.49,26.7,26.7,6371556
2010-10-15,26.44,26.65,26.23,26.44,26.44,4415231
2010-10-18,26.09,26.3,25.88,26.09,26.09,4340799
2010-10-19,25.86,26.07,25.66,25.86,25.86,3226058
2010-10-20,25.69,25.89,25.48,25.69,25.69,3660571
2010-10-21,25.28,25.48,25.08,25.28,25.28,3973980
2010-10-22,25.01,25.21,24.81,25.01,25.01,13371555
2010-10-25,24.87,25.07,24.67,24.87,24.87,11682091
2010-10-26,24.95,25.15,24.75,24.95,24.95,2913528
2010-10-27,25.21,25.41,25.01,25.21,25.21,5183574
2010-10-28,25.46,25.66,25.25,25.46,25.46,8838672
2010-10-29,25.18,25.39,24.98,25.18,25.18,3782171
2010-11-01,25.01,25.21,24.81,25.01,25.01,7877388
2010-11-02,24.72,24.92,24.52,24.72,24.72,4163933
2010-11-03,24.26,24.45,24.06,24.26,24.26,10451765
2010-11-04,24.53,24.73,24.33,24.53,24.53,5760424
2010-11-05,24.67,24.87,24.47,24.67,24.67,4456891
2010-11-08,24.41,24.61,24.22,24.41,24.41,6989727
2010-11-09,24.96,25.16,24.76,24.96,24.96,4150447
2010-11-10,24.94,25.14,24.74,24.94,24.94,7774954
2010-11-11,25.7,25.9,25.49,25.7,25.7,5917104
2010-11-12,25.68,25.88,25.47,25.68,25.68,3848269
2010-11-15,24.79,24.99,24.59,24.79,24.79,5992210
2010-11-16,24.56,24.76,24.36,24.56,24.56,10560246
2010-11-17,24.42,24.61,24.22,24.42,24.42,8645817
2010-11-18,24.82,25.02,24.62,24.82,24.82,7795874
2010-11-19,24.48,24.67,24.28,24.48,24.48,10014343
2010-11-22,24.33,24.53,24.14,24.33,24.33,5934750
2010-11-23,24.65,24.84,24.45,24.65,24.65,5348775
2010-11-24,24.61,24.8,24.41,24.61,24.61,6992833
2010-11-25,24.76,24.96,24.56,24.76,24.76,11988383
2010-11-26,25.2,25.4,25.0,25.2,25.2,7263865
2010-11-29,25.49,25.69,25.28,25.49,25.49,4007941
2010-11-30,25.21,25.42,25.01,25.21,25.21,9854545
2010-12-01,25.53,25.74,25.33,25.53,25.53,10102108
2010-12-02,25.41,25.61,25.21,25.41,25.41,4340414
2010-12-03,25.15,25.35,24.94,25.15,25.15,4798982
2010-12-06,24.64,24.84,24.44,24.64,24.64,5249284
2010-12-07,24.8,25.0,24.6,24.8,24.8,7192492
2010-12-08,24.81,25.01,24.61,24.81,24.81,9047769
2010-12-09,24.5,24.7,24.3,24.5,24.5,7219557
2010-12-10,24.63,24.83,24.43,24.63,24.63,10682638
2010-12-13,24.41,24.6,24.21,24.41,24.41,6206525
2010-12-14,23.68,23.87,23.5,23.68,23.68,7323124
2010-12-15,23.56,23.75,23.37,23.56,23.56,3944232
2010-12-16,23.33,23.52,23.15,23.33,23.33,4981946
2010-12-17,23.26,23.44,23.07,23.26,23.26,3354694
2010-12-20,23.46,23.65,23.27,23.46,23.46,5117812
2010-12-21,23.95,24.14,23.76,23.95,23.95,4299511
2010-12-22,23.92,24.11,23.72,23.92,23.92,4076279
2010-12-23,23.51,23.69,23.32,23.51,23.51,4090105
2010-12-24,23.61,23.79,23.42,23.61,23.61,6464937
2010-12-27,23.73,23.92,23.54,23.73,23.73,5412498
2010-12-28,23.82,24.01,23.63,23.82,23.82,4827377
2010-12-29,23.83,24.02,23.64,23.83,23.83,4130643
2010-12-30,23.84,24.04,23.65,23.84,23.84,5580266
2010-12-31,23.69,23.88,23.5,23.69,23.69,5362203
2011-01-03,23.37,23.56,23.18,23.37,23.37,5924932
2011-01-04,23.85,24.04,23.66,23.85,23.85,3777015
2011-01-05,24.41,24.6,24.21,24.41,24.41,11353990
2011-01-06,24.45,24.64,24.25,24.45,24.45,5341589
2011-01-07,24.88,25.08,24.68,24.88,24.88,5111300
2011-01-10,25.18,25.38,24.98,25.18,25.18,5275168
2011-01-11,25.1,25.3,24.9,25.1,25.1,8364132
2011-01-12,25.15,25.35,24.95,25.15,25.15,7950676
2011-01-13,25.22,25.42,25.01,25.22,25.22,5005953
2011-01-14,25.14,25.34,24.94,25.14,25.14,5602883
2011-01-17,25.19,25.39,24.99,25.19,25.19,2694153
2011-01-18,25.43,25.63,25.23,25.43,25.43,3402934
2011-01-19,25.34,25.54,25.13,25.34,25.34,6262402
2011-01-20,25.18,25.38,24.97,25.18,25.18,5167253
2011-01-21,25.45,25.65,25.24,25.45,25.45,8257993
2011-01-24,25.61,25.81,25.41,25.61,25.61,5418330
2011-01-25,25.62,25.83,25.42,25.62,25.62,11231463
2011-01-26,25.72,25.93,25.52,25.72,25.72,3113375
2011-01-27,25.99,26.2,25.78,25.99,25.99,12293594
2011-01-28,26.37,26.58,26.16,26.37,26.37,4249946
2011-01-31,27.51,27.73,27.29,27.51,27.51,5863774
2011-02-01,27.57,27.79,27.35,27.57,27.57,7119178
2011-02-02,27.34,27.56,27.12,27.34,27.34,7450137
2011-02-03,27.31,27.53,27.09,27.31,27.31,4914224
2011-02-04,27.16,27.38,26.95,27.16,27.16,4111555
2011-02-07,27.29,27.51,27.07,27.29,27.29,3901340
2011-02-08,26.2,26.41,25.99,26.2,26.2,3654891
2011-02-09,26.55,26.76,26.33,26.55,26.55,8798837
2011-02-10,26.58,26.79,26.37,26.58,26.58,2570981
2011-02-11,25.28,25.49,25.08,25.28,25.28,7666106
2011-02-14,25.82,26.03,25.62,25.82,25.82,4865774
2011-02-15,25.35,25.55,25.15,25.35,25.35,4689220
2011-02-16,25.94,26.14,25.73,25.94,25.94,5700538
2011-02-17,26.52,26.73,26.3,26.52,26.52,7474193
2011-02-18,26.7,26.91,26.48,26.7,26.7,3373380
2011-02-21,26.95,27.16,26.73,26.95,26.95,11704406
2011-02-22,26.61,26.82,26.4,26.61,26.61,5119049
2011-02-23,26.19,26.4,25.99,26.19,26.19,14455962
2011-02-24,26.24,26.45,26.03,26.24,26.24,4282461
2011-02-25,25.88,26.08,25.67,25.88,25.88,10302310
2011-02-28,25.25,25.45,25.05,25.25,25.25,5396663
2011-03-01,24.74,24.94,24.54,24.74,24.74,4095041
2011-03-02,24.81,25.01,24.61,24.81,24.81,7280109
2011-03-03,24.73,24.93,24.53,24.73,24.73,7481578
2011-03-04,24.63,24.83,24.43,24.63,24.63,4572883
2011-03-07,25.15,25.36,24.95,25.15,25.15,3806361
2011-03-08,25.66,25.87,25.46,25.66,25.66,6195447
2011-03-09,25.84,26.05,25.63,25.84,25.84,3934079
2011-03-10,25.65,25.86,25.45,25.65,25.65,10451997
2011-03-11,25.53,25.74,25.33,25.53,25.53,8223776
2011-03-14,24.83,25.03,24.63,24.83,24.83,7259718
2011-03-15,24.42,24.62,24.23,24.42,24.42,8038292
2011-03-16,24.75,24.95,24.55,24.75,24.75,3811260
2011-03-17,25.12,25.32,24.92,25.12,25.12,5807819
2011-03-18,24.84,25.04,24.64,24.84,24.84,7248033
2011-03-21,24.72,24.92,24.52,24.72,24.72,1967619
2011-03-22,24.94,25.14,24.74,24.94,24.94,6996115
2011-03-23,23.88,24.07,23.69,23.88,23.88,4699791
2011-03-24,24.32,24.52,24.13,24.32,24.32,10561854
2011-03-25,24.53,24.73,24.34,24.53,24.53,4716467
2011-03-28,24.93,25.13,24.74,24.93,24.93,4243949
2011-03-29,25.22,25.43,25.02,25.22,25.22,2710838
2011-03-30,25.32,25.52,25.12,25.32,25.32,4373126
2011-03-31,25.48,25.69,25.28,25.48,25.48,4313665
2011-04-01,25.32,25.52,25.12,25.32,25.32,6997572
2011-04-04,25.55,25.75,25.34,25.55,25.55,2635894
2011-04-05,25.4,25.6,25.2,25.4,25.4,3794194
2011-04-06,25.68,25.88,25.47,25.68,25.68,6516556
2011-04-07,25.85,26.06,25.65,25.85,25.85,3457381
2011-04-08,25.87,26.08,25.67,25.87,25.87,10897091
2011-04-11,25.71,25.92,25.51,25.71,25.71,7183533
2011-04-12,25.56,25.76,25.36,25.56,25.56,7055608
2011-04-13,25.37,25.57,25.16,25.37,25.37,3637909
2011-04-14,25.0,25.2,24.8,25.0,25.0,6838589
2011-04-15,25.25,25.45,25.05,25.25,25.25,5667200
2011-04-18,25.49,25.69,25.28,25.49,25.49,7063346
2011-04-19,25.71,25.92,25.51,25.71,25.71,2909317
2011-04-20,25.64,25.85,25.44,25.64,25.64,7521764
2011-04-21,25.42,25.63,25.22,25.42,25.42,4225592
2011-04-22,25.09,25.3,24.89,25.09,25.09,9113655
2011-04-25,24.97,25.17,24.77,24.97,24.97,5534659
2011-04-26,24.87,25.07,24.67,24.87,24.87,3122057
2011-04-27,24.94,25.14,24.74,24.94,24.94,7482923
2011-04-28,24.46,24.66,24.27,24.46,24.46,2893742
2011-04-29,24.78,24.98,24.58,24.78,24.78,4050350
2011-05-02,24.66,24.86,24.46,24.66,24.66,4465162
2011-05-03,24.58,24.77,24.38,24.58,24.58,5094428
2011-05-04,25.09,25.29,24.88,25.09,25.09,4843132
2011-05-05,24.88,25.08,24.68,24.88,24.88,3259364
2011-05-06,24.31,24.51,24.12,24.31,24.31,4733751
2011-05-09,24.24,24.44,24.05,24.24,24.24,3129792
2011-05-10,24.29,24.49,24.1,24.29,24.29,6614424
2011-05-11,24.05,24.25,23.86,24.05,24.05,3284216
2011-05-12,23.96,24.15,23.77,23.96,23.96,5840451
2011-05-13,23.79,23.98,23.6,23.79,23.79,5472951
2011-05-16,23.84,24.03,23.65,23.84,23.84,6380777
2011-05-17,23.99,24.18,23.8,23.99,23.99,4692602
2011-05-18,24.28,24.48,24.09,24.28,24.28,5585635
2011-05-19,24.61,24.81,24.41,24.61,24.61,6153788
2011-05-20,24.22,24.42,24.03,24.22,24.22,3595484
2011-05-23,24.8,25.0,24.6,24.8,24.8,4971210
2011-05-24,25.21,25.41,25.01,25.21,25.21,5559047
2011-05-25,25.3,25.5,25.1,25.3,25.3,8274196
2011-05-26,25.05,25.25,24.85,25.05,25.05,6931748
2011-05-27,24.77,24.97,24.57,24.77,24.77,5284280
2011-05-30,24.68,24.87,24.48,24.68,24.68,8342351
2011-05-31,24.5,24.7,24.31,24.5,24.5,3098966
2011-06-01,24.75,24.95,24.55,24.75,24.75,3656852
2011-06-02,25.08,25.28,24.88,25.08,25.08,4084666
2011-06-03,24.11,24.3,23.91,24.11,24.11,3954335
2011-06-06,23.39,23.58,23.21,23.39,23.39,5238391
2011-06-07,23.37,23.55,23.18,23.37,23.37,10309462
2011-06-08,23.6,23.79,23.42,23.6,23.6,8466224
2011-06-09,23.36,23.55,23.18,23.36,23.36,7383666
2011-06-10,23.13,23.31,22.94,23.13,23.13,6087636
2011-06-13,23.38,23.56,23.19,23.38,23.38,11277617
2011-06-14,23.23,23.42,23.04,23.23,23.23,4527572
2011-06-15,23.07,23.25,22.88,23.07,23.07,6310474
2011-06-16,23.19,23.37,23.0,23.19,23.19,6568039
2011-06-17,23.35,23.54,23.17,23.35,23.35,4618990
2011-06-20,23.79,23.98,23.6,23.79,23.79,4078335
2011-06-21,24.28,24.47,24.08,24.28,24.28,3595158
2011-06-22,24.08,24.27,23.88,24.08,24.08,5133086
2011-06-23,23.64,23.83,23.45,23.64,23.64,5254333
2011-06-24,23.63,23.82,23.44,23.63,23.63,5211639
2011-06-27,23.56,23.75,23.37,23.56,23.56,4805513
2011-06-28,23.62,23.81,23.43,23.62,23.62,5355302
2011-06-29,24.34,24.54,24.15,24.34,24.34,6047991
2011-06-30,23.92,24.11,23.73,23.92,23.92,13101571
2011-07-01,23.84,24.03,23.64,23.84,23.84,7474520
2011-07-04,24.05,24.24,23.86,24.05,24.05,3248299
2011-07-05,24.26,24.46,24.07,24.26,24.26,4205339
2011-07-06,24.52,24.71,24.32,24.52,24.52,2515350
2011-07-07,24.58,24.77,24.38,24.58,24.58,5473933
2011-07-08,24.44,24.63,24.24,24.44,24.44,4965763
2011-07-11,23.97,24.17,23.78,23.97,23.97,6882795
2011-07-12,24.25,24.44,24.05,24.25,24.25,9781476
2011-07-13,24.58,24.78,24.39,24.58,24.58,4392406
2011-07-14,23.93,24.12,23.74,23.93,23.93,4216962
2011-07-15,23.63,23.82,23.44,23.63,23.63,4168661
2011-07-18,23.56,23.74,23.37,23.56,23.56,9117751
2011-07-19,24.21,24.41,24.02,24.21,24.21,4939728
2011-07-20,24.12,24.32,23.93,24.12,24.12,4664040
2011-07-21,24.24,24.44,24.05,24.24,24.24,5495405
2011-07-22,23.84,24.03,23.65,23.84,23.84,7412432
2011-07-25,24.04,24.23,23.84,24.04,24.04,4777164
2011-07-26,24.15,24.34,23.96,24.15,24.15,5407124
2011-07-27,23.92,24.12,23.73,23.92,23.92,6107194
2011-07-28,23.85,24.04,23.66,23.85,23.85,4491043
2011-07-29,23.84,24.03,23.65,23.84,23.84,3412027
2011-08-01,24.07,24.26,23.88,24.07,24.07,6765845
2011-08-02,23.83,24.02,23.64,23.83,23.83,7314155
2011-08-03,23.43,23.62,23.25,23.43,23.43,4806620
2011-08-04,23.65,23.84,23.46,23.65,23.65,17037712
2011-08-05,24.29,24.49,24.1,24.29,24.29,4163392
2011-08-08,24.25,24.45,24.06,24.25,24.25,3517808
2011-08-09,24.37,24.56,24.17,24.37,24.37,3257906
2011-08-10,25.14,25.34,24.94,25.14,25.14,3490070
2011-08-11,24.47,24.67,24.28,24.47,24.47,6649278
2011-08-12,24.67,24.87,24.48,24.67,24.67,4112474
2011-08-15,24.61,24.8,24.41,24.61,24.61,3496871
2011-08-16,24.88,25.08,24.68,24.88,24.88,3546255
2011-08-17,25.2,25.4,25.0,25.2,25.2,4139763
2011-08-18,24.95,25.15,24.75,24.95,24.95,9437908
2011-08-19,25.06,25.26,24.86,25.06,25.06,7184769
2011-08-22,24.9,25.1,24.7,24.9,24.9,3776489
2011-08-23,24.15,24.34,23.96,24.15,24.15,8141417
2011-08-24,23.94,24.13,23.75,23.94,23.94,4826522
2011-08-25,24.54,24.73,24.34,24.54,24.54,4207123
2011-08-26,24.36,24.56,24.17,24.36,24.36,5209251
2011-08-29,24.73,24.93,24.53,24.73,24.73,4906818
2011-08-30,24.5,24.7,24.3,24.5,24.5,6581776
2011-08-31,24.81,25.01,24.61,24.81,24.81,10178093
2011-09-01,24.95,25.15,24.75,24.95,24.95,6854668
2011-09-02,24.69,24.89,24.49,24.69,24.69,4339559
2011-09-05,24.44,24.64,24.24,24.44,24.44,8101667
2011-09-06,24.84,25.04,24.64,24.84,24.84,5195815
2011-09-07,24.29,24.49,24.1,24.29,24.29,6732306
2011-09-08,24.27,24.46,24.08,24.27,24.27,1571775
2011-09-09,24.86,25.06,24.66,24.86,24.86,3604934
2011-09-12,25.17,25.37,24.97,25.17,25.17,5267530
2011-09-13,25.24,25.44,25.04,25.24,25.24,4763580
2011-09-14,24.98,25.18,24.78,24.98,24.98,6005246
2011-09-15,24.75,24.95,24.55,24.75,24.75,3115151
2011-09-16,25.12,25.32,24.92,25.12,25.12,4579983
2011-09-19,25.23,25.43,25.03,25.23,25.23,4142328
2011-09-20,25.16,25.36,24.96,25.16,25.16,7191229
2011-09-21,24.7,24.9,24.5,24.7,24.7,2962680
2011-09-22,24.63,24.83,24.44,24.63,24.63,3652896
2011-09-23,24.66,24.86,24.46,24.66,24.66,7293389
2011-09-26,24.85,25.05,24.65,24.85,24.85,9098115
2011-09-27,24.76,24.96,24.56,24.76,24.76,3156740
2011-09-28,25.48,25.68,25.27,25.48,25.48,3469244
2011-09-29,26.58,26.79,26.37,26.58,26.58,5053728
2011-09-30,26.66,26.88,26.45,26.66,26.66,3272504
2011-10-03,26.72,26.94,26.51,26.72,26.72,4509878
2011-10-04,26.8,27.01,26.58,26.8,26.8,3504121
2011-10-05,25.89,26.09,25.68,25.89,25.89,6964303
2011-10-06,25.38,25.58,25.17,25.38,25.38,3649868
2011-10-07,25.7,25.91,25.5,25.7,25.7,5670471
2011-10-10,25.68,25.88,25.47,25.68,25.68,5639740
2011-10-11,25.51,25.72,25.31,25.51,25.51,11356216
2011-10-12,25.43,25.63,25.22,25.43,25.43,10569983
2011-10-13,25.25,25.45,25.05,25.25,25.25,4471772
2011-10-14,24.64,24.84,24.44,24.64,24.64,11709812
2011-10-17,24.64,24.84,24.44,24.64,24.64,4288253
2011-10-18,25.0,25.2,24.8,25.0,25.0,6139319
2011-10-19,25.63,25.83,25.42,25.63,25.63,6902226
2011-10-20,25.53,25.74,25.33,25.53,25.53,4669779
2011-10-21,24.92,25.12,24.72,24.92,24.92,6773101
2011-10-24,24.46,24.65,24.26,24.46,24.46,9687085
2011-10-25,24.87,25.07,24.67,24.87,24.87,5327405
2011-10-26,25.09,25.29,24.89,25.09,25.09,4216829
2011-10-27,24.81,25.01,24.61,24.81,24.81,10650453
2011-10-28,25.0,25.2,24.8,25.0,25.0,13809479
2011-10-31,24.65,24.85,24.45,24.65,24.65,6424237
2011-11-01,24.69,24.89,24.49,24.69,24.69,11435322
2011-11-02,24.84,25.04,24.64,24.84,24.84,2213937
2011-11-03,25.36,25.57,25.16,25.36,25.36,7068056
2011-11-04,24.65,24.85,24.46,24.65,24.65,8310806
2011-11-07,24.45,24.64,24.25,24.45,24.45,4401841
2011-11-08,24.71,24.91,24.51,24.71,24.71,5124634
2011-11-09,24.49,24.69,24.3,24.49,24.49,7612661
2011-11-10,23.96,24.15,23.77,23.96,23.96,3756472
2011-11-11,23.44,23.63,23.25,23.44,23.44,7301369
2011-11-14,23.49,23.68,23.3,23.49,23.49,6838839
2011-11-15,23.6,23.79,23.41,23.6,23.6,7179599
2011-11-16,23.39,23.57,23.2,23.39,23.39,2951542
2011-11-17,23.73,23.92,23.54,23.73,23.73,5719340
2011-11-18,24.58,24.78,24.38,24.58,24.58,4927193
2011-11-21,24.28,24.47,24.08,24.28,24.28,6441179
2011-11-22,24.31,24.51,24.12,24.31,24.31,8896137
2011-11-23,23.98,24.17,23.79,23.98,23.98,3268192
2011-11-24,24.29,24.48,24.09,24.29,24.29,3241044
2011-11-25,24.95,25.15,24.75,24.95,24.95,5607873
2011-11-28,25.13,25.33,24.93,25.13,25.13,3860501
2011-11-29,25.11,25.31,24.91,25.11,25.11,4590697
2011-11-30,25.43,25.64,25.23,25.43,25.43,7291768
2011-12-01,26.13,26.34,25.92,26.13,26.13,3551014
2011-12-02,26.23,26.44,26.02,26.23,26.23,5392751
2011-12-05,25.64,25.85,25.44,25.64,25.64,5262730
2011-12-06,25.53,25.74,25.33,25.53,25.53,10297605
2011-12-07,26.27,26.48,26.06,26.27,26.27,6042591
2011-12-08,25.49,25.7,25.29,25.49,25.49,2665876
2011-12-09,24.88,25.08,24.68,24.88,24.88,8258301
2011-12-12,24.33,24.52,24.13,24.33,24.33,8958252
2011-12-13,24.22,24.41,24.02,24.22,24.22,8697826
2011-12-14,24.19,24.39,24.0,24.19,24.19,8693095
2011-12-15,24.3,24.5,24.11,24.3,24.3,11416625
2011-12-16,24.19,24.38,23.99,24.19,24.19,6014748
2011-12-19,24.75,24.95,24.55,24.75,24.75,5391528
2011-12-20,24.39,24.58,24.19,24.39,24.39,3307778
2011-12-21,24.64,24.83,24.44,24.64,24.64,4264774
2011-12-22,24.19,24.38,23.99,24.19,24.19,3663729
2011-12-23,24.28,24.47,24.08,24.28,24.28,5746400
2011-12-26,23.78,23.97,23.59,23.78,23.78,11839951
2011-12-27,24.22,24.41,24.02,24.22,24.22,3769634
2011-12-28,23.67,23.85,23.48,23.67,23.67,6425696
2011-12-29,24.22,24.41,24.02,24.22,24.22,5448385
2011-12-30,24.48,24.68,24.29,24.48,24.48,6203307
2012-01-02,24.67,24.86,24.47,24.67,24.67,5789860
2012-01-03,24.66,24.86,24.47,24.66,24.66,6685259
2012-01-04,25.57,25.78,25.37,25.57,25.57,6688986
2012-01-05,25.05,25.25,24.85,25.05,25.05,9092505
2012-01-06,25.42,25.63,25.22,25.42,25.42,5332807
2012-01-09,24.8,25.0,24.6,24.8,24.8,3583784
2012-01-10,25.21,25.42,25.01,25.21,25.21,5899960
2012-01-11,25.43,25.63,25.22,25.43,25.43,6577955
2012-01-12,26.45,26.66,26.24,26.45,26.45,5567769
2012-01-13,26.13,26.33,25.92,26.13,26.13,5814649
2012-01-16,26.21,26.42,26.0,26.21,26.21,6025946
2012-01-17,26.63,26.84,26.41,26.63,26.63,7074803
2012-01-18,26.3,26.51,26.09,26.3,26.3,6107090
2012-01-19,25.63,25.83,25.42,25.63,25.63,1576611
2012-01-20,26.02,26.23,25.81,26.02,26.02,5427024
2012-01-23,26.24,26.45,26.03,26.24,26.24,9747543
2012-01-24,26.08,26.29,25.87,26.08,26.08,4118834
2012-01-25,26.06,26.27,25.86,26.06,26.06,3080277
2012-01-26,26.47,26.68,26.26,26.47,26.47,10650830
2012-01-27,26.44,26.65,26.23,26.44,26.44,7786518
2012-01-30,26.52,26.73,26.3,26.52,26.52,6485513
2012-01-31,26.81,27.02,26.59,26.81,26.81,2568427
2012-02-01,27.19,27.41,26.98,27.19,27.19,2959333
2012-02-02,26.52,26.73,26.31,26.52,26.52,6071439
2012-02-03,26.88,27.1,26.67,26.88,26.88,6234453
2012-02-06,26.31,26.52,26.1,26.31,26.31,4754267
2012-02-07,26.46,26.67,26.24,26.46,26.46,4020709
2012-02-08,26.45,26.66,26.24,26.45,26.45,7235030
2012-02-09,26.93,27.15,26.72,26.93,26.93,2468143
2012-02-10,26.73,26.95,26.52,26.73,26.73,5578169
2012-02-13,26.76,26.97,26.54,26.76,26.76,3360313
2012-02-14,27.03,27.24,26.81,27.03,27.03,2700906
2012-02-15,27.26,27.48,27.04,27.26,27.26,3778786
2012-02-16,27.15,27.36,26.93,27.15,27.15,6025008
2012-02-17,27.16,27.38,26.94,27.16,27.16,2349975
2012-02-20,27.14,27.36,26.92,27.14,27.14,5109955
2012-02-21,26.59,26.8,26.37,26.59,26.59,6447697
2012-02-22,26.59,26.8,26.37,26.59,26.59,6843804
2012-02-23,26.54,26.76,26.33,26.54,26.54,11677168
2012-02-24,27.41,27.63,27.19,27.41,27.41,5932830
2012-02-27,27.69,27.91,27.47,27.69,27.69,6449204
2012-02-28,27.95,28.17,27.73,27.95,27.95,2775907
2012-02-29,28.47,28.69,28.24,28.47,28.47,5242769
2012-03-01,28.23,28.46,28.01,28.23,28.23,6825616
2012-03-02,28.94,29.18,28.71,28.94,28.94,4317432
2012-03-05,28.74,28.97,28.51,28.74,28.74,4529862
2012-03-06,28.94,29.17,28.71,28.94,28.94,7931970
2012-03-07,28.28,28.5,28.05,28.28,28.28,4583609
2012-03-08,28.02,28.24,27.79,28.02,28.02,8709971
2012-03-09,27.65,27.87,27.43,27.65,27.65,4623547
2012-03-12,28.04,28.27,27.82,28.04,28.04,5880948
2012-03-13,28.87,29.1,28.64,28.87,28.87,7546883
2012-03-14,28.73,28.96,28.5,28.73,28.73,2611923
2012-03-15,29.27,29.5,29.03,29.27,29.27,7760903
2012-03-16,28.83,29.06,28.6,28.83,28.83,2418794
2012-03-19,28.66,28.89,28.43,28.66,28.66,3038310
2012-03-20,28.42,28.64,28.19,28.42,28.42,7256195
2012-03-21,28.58,28.81,28.35,28.58,28.58,8436731
2012-03-22,28.05,28.27,27.83,28.05,28.05,7444704
2012-03-23,27.88,28.1,27.66,27.88,27.88,3958840
2012-03-26,27.14,27.36,26.92,27.14,27.14,9627358
2012-03-27,27.24,27.45,27.02,27.24,27.24,4756041
2012-03-28,26.39,26.61,26.18,26.39,26.39,3774919
2012-03-29,26.38,26.59,26.17,26.38,26.38,7862261
2012-03-30,25.94,26.15,25.73,25.94,25.94,5064110
2012-04-02,26.05,26.25,25.84,26.05,26.05,7254983
2012-04-03,26.34,26.55,26.13,26.34,26.34,5605599
2012-04-04,26.25,26.46,26.04,26.25,26.25,14252346
2012-04-05,25.85,26.06,25.65,25.85,25.85,5596944
2012-04-06,25.53,25.73,25.33,25.53,25.53,4573054
2012-04-09,25.27,25.47,25.07,25.27,25.27,6589182
2012-04-10,25.56,25.76,25.36,25.56,25.56,3005414
2012-04-11,25.85,26.06,25.65,25.85,25.85,8985637
2012-04-12,26.18,26.39,25.97,26.18,26.18,4340485
2012-04-13,26.08,26.29,25.87,26.08,26.08,10374556
2012-04-16,25.82,26.03,25.62,25.82,25.82,7588010
2012-04-17,26.07,26.28,25.86,26.07,26.07,6292034
2012-04-18,26.11,26.32,25.9,26.11,26.11,7320300
2012-04-19,26.15,26.36,25.95,26.15,26.15,6468597
2012-04-20,25.43,25.63,25.23,25.43,25.43,7810907
2012-04-23,25.58,25.79,25.38,25.58,25.58,5346092
2012-04-24,25.8,26.01,25.59,25.8,25.8,5101527
2012-04-25,26.04,26.25,25.83,26.04,26.04,3593292
2012-04-26,26.18,26.38,25.97,26.18,26.18,5660719
2012-04-27,26.61,26.83,26.4,26.61,26.61,5908678
2012-04-30,26.78,27.0,26.57,26.78,26.78,4829163
2012-05-01,27.34,27.56,27.12,27.34,27.34,5280860
2012-05-02,27.3,27.51,27.08,27.3,27.3,3081797
2012-05-03,27.52,27.74,27.3,27.52,27.52,3976315
2012-05-04,27.38,27.6,27.16,27.38,27.38,11152579
2012-05-07,27.54,27.76,27.32,27.54,27.54,7042235
2012-05-08,27.97,28.2,27.75,27.97,27.97,2386782
2012-05-09,27.76,27.98,27.53,27.76,27.76,6099187
2012-05-10,28.06,28.28,27.83,28.06,28.06,4405587
2012-05-11,28.5,28.73,28.28,28.5,28.5,9531710
2012-05-14,28.19,28.42,27.97,28.19,28.19,11945736
2012-05-15,27.44,27.66,27.22,27.44,27.44,3788458
2012-05-16,27.46,27.68,27.24,27.46,27.46,6667495
2012-05-17,27.83,28.05,27.61,27.83,27.83,3319752
2012-05-18,28.34,28.56,28.11,28.34,28.34,7306821
2012-05-21,27.63,27.85,27.41,27.63,27.63,3449648
2012-05-22,27.84,28.06,27.61,27.84,27.84,7730031
2012-05-23,27.9,28.13,27.68,27.9,27.9,5441205
2012-05-24,27.68,27.9,27.46,27.68,27.68,4177985
2012-05-25,28.21,28.44,27.98,28.21,28.21,2197174
2012-05-28,28.53,28.76,28.3,28.53,28.53,5924772
2012-05-29,28.89,29.12,28.66,28.89,28.89,3336026
2012-05-30,29.09,29.32,28.86,29.09,29.09,8863958
2012-05-31,28.95,29.19,28.72,28.95,28.95,3479653
2012-06-01,29.13,29.36,28.9,29.13,29.13,7046611
2012-06-04,28.51,28.74,28.28,28.51,28.51,7432949
2012-06-05,28.55,28.78,28.32,28.55,28.55,6056868
2012-06-06,28.99,29.23,28.76,28.99,28.99,3790221
2012-06-07,29.52,29.75,29.28,29.52,29.52,5248119
2012-06-08,28.52,28.75,28.3,28.52,28.52,3678673
2012-06-11,28.08,28.3,27.86,28.08,28.08,3083624
2012-06-12,27.77,27.99,27.54,27.77,27.77,5450264
2012-06-13,27.77,27.99,27.54,27.77,27.77,5845436
2012-06-14,27.67,27.89,27.45,27.67,27.67,7498847
2012-06-15,27.67,27.9,27.45,27.67,27.67,5656887
2012-06-18,27.42,27.64,27.2,27.42,27.42,2998496
2012-06-19,27.09,27.31,26.88,27.09,27.09,6853723
2012-06-20,27.05,27.27,26.84,27.05,27.05,5413796
2012-06-21,26.91,27.13,26.7,26.91,26.91,1954653
2012-06-22,28.05,28.28,27.83,28.05,28.05,5758527
2012-06-25,27.06,27.28,26.85,27.06,27.06,9605604
2012-06-26,27.32,27.54,27.1,27.32,27.32,4344688
2012-06-27,27.6,27.82,27.38,27.6,27.6,5634187
2012-06-28,27.81,28.03,27.59,27.81,27.81,3707512
2012-06-29,28.75,28.98,28.52,28.75,28.75,5989215
2012-07-02,29.01,29.24,28.78,29.01,29.01,6860178
2012-07-03,28.86,29.09,28.63,28.86,28.86,6465727
2012-07-04,28.53,28.76,28.3,28.53,28.53,6638158
2012-07-05,28.84,29.07,28.61,28.84,28.84,4978629
2012-07-06,28.77,29.0,28.54,28.77,28.77,7108304
2012-07-09,28.07,28.3,27.85,28.07,28.07,4126773
2012-07-10,27.95,28.17,27.72,27.95,27.95,3458503
2012-07-11,27.92,28.15,27.7,27.92,27.92,3888328
2012-07-12,28.1,28.32,27.87,28.1,28.1,11154345
2012-07-13,28.31,28.53,28.08,28.31,28.31,3685415
2012-07-16,29.07,29.31,28.84,29.07,29.07,7275424
2012-07-17,28.93,29.16,28.7,28.93,28.93,9412338
2012-07-18,28.11,28.34,27.89,28.11,28.11,3477857
2012-07-19,27.62,27.84,27.4,27.62,27.62,3866123
2012-07-20,27.79,28.01,27.57,27.79,27.79,8247232
2012-07-23,28.07,28.3,27.85,28.07,28.07,4137738
2012-07-24,28.08,28.31,27.86,28.08,28.08,5633982
2012-07-25,27.65,27.87,27.43,27.65,27.65,4094208
2012-07-26,27.27,27.49,27.06,27.27,27.27,4271344
2012-07-27,27.36,27.58,27.14,27.36,27.36,3654939
2012-07-30,27.94,28.16,27.72,27.94,27.94,4699205
2012-07-31,27.46,27.68,27.24,27.46,27.46,3724193
2012-08-01,27.42,27.64,27.2,27.42,27.42,7606779
2012-08-02,27.37,27.59,27.15,27.37,27.37,5653831
2012-08-03,27.38,27.6,27.16,27.38,27.38,2754929
2012-08-06,28.39,28.62,28.16,28.39,28.39,9381005
2012-08-07,28.39,28.62,28.16,28.39,28.39,5273604
2012-08-08,28.21,28.43,27.98,28.21,28.21,5263557
2012-08-09,27.87,28.1,27.65,27.87,27.87,6879105
2012-08-10,28.09,28.31,27.86,28.09,28.09,6713035
2012-08-13,28.52,28.75,28.29,28.52,28.52,4034228
2012-08-14,29.01,29.24,28.77,29.01,29.01,8420375
2012-08-15,28.82,29.05,28.59,28.82,28.82,4212155
2012-08-16,28.66,28.89,28.43,28.66,28.66,6814321
2012-08-17,28.07,28.3,27.85,28.07,28.07,2817995
2012-08-20,28.34,28.56,28.11,28.34,28.34,5630546
2012-08-21,29.01,29.24,28.78,29.01,29.01,3357698
2012-08-22,28.88,29.11,28.65,28.88,28.88,4376635
2012-08-23,28.88,29.11,28.65,28.88,28.88,1927806
2012-08-24,28.83,29.06,28.6,28.83,28.83,7169500
2012-08-27,29.17,29.4,28.93,29.17,29.17,2614060
2012-08-28,29.17,29.41,28.94,29.17,29.17,3600732
2012-08-29,28.87,29.1,28.64,28.87,28.87,4438521
2012-08-30,28.67,28.9,28.44,28.67,28.67,6983323
2012-08-31,28.77,29.0,28.54,28.77,28.77,7736395
2012-09-03,29.22,29.45,28.98,29.22,29.22,3774280
2012-09-04,29.28,29.51,29.04,29.28,29.28,7237707
2012-09-05,29.34,29.57,29.1,29.34,29.34,4306866
2012-09-06,28.47,28.7,28.24,28.47,28.47,4805307
2012-09-07,28.67,28.9,28.44,28.67,28.67,3910919
2012-09-10,28.97,29.2,28.74,28.97,28.97,6642051
2012-09-11,28.86,29.09,28.63,28.86,28.86,3470272
2012-09-12,29.48,29.72,29.25,29.48,29.48,3569383
2012-09-13,29.05,29.28,28.81,29.05,29.05,7303163
2012-09-14,29.83,30.06,29.59,29.83,29.83,5354050
2012-09-17,30.18,30.42,29.94,30.18,30.18,4025333
2012-09-18,30.24,30.48,30.0,30.24,30.24,5643249
2012-09-19,30.17,30.42,29.93,30.17,30.17,7625344
2012-09-20,29.78,30.02,29.54,29.78,29.78,4643600
2012-09-21,30.22,30.46,29.98,30.22,30.22,6095141
2012-09-24,29.53,29.77,29.29,29.53,29.53,10371170
2012-09-25,30.21,30.45,29.97,30.21,30.21,4804457
2012-09-26,30.19,30.43,29.95,30.19,30.19,6031627
2012-09-27,30.56,30.8,30.31,30.56,30.56,8296428
2012-09-28,30.53,30.78,30.29,30.53,30.53,5725625
2012-10-01,30.64,30.89,30.4,30.64,30.64,6416671
2012-10-02,31.19,31.44,30.94,31.19,31.19,8002274
2012-10-03,31.03,31.28,30.78,31.03,31.03,11043381
2012-10-04,31.42,31.68,31.17,31.42,31.42,10728981
2012-10-05,31.53,31.78,31.28,31.53,31.53,3242962
2012-10-08,31.63,31.89,31.38,31.63,31.63,4403327
2012-10-09,31.59,31.84,31.34,31.59,31.59,4940591
2012-10-10,31.47,31.72,31.21,31.47,31.47,4935250
2012-10-11,31.6,31.86,31.35,31.6,31.6,6495851
2012-10-12,32.11,32.37,31.86,32.11,32.11,3213813
2012-10-15,31.87,32.12,31.61,31.87,31.87,6566443
2012-10-16,32.19,32.45,31.93,32.19,32.19,3929301
2012-10-17,32.1,32.36,31.85,32.1,32.1,6807545
2012-10-18,32.69,32.95,32.43,32.69,32.69,8008234
2012-10-19,32.52,32.78,32.26,32.52,32.52,14333222
2012-10-22,32.7,32.96,32.43,32.7,32.7,8182461
2012-10-23,33.57,33.84,33.3,33.57,33.57,5720610
2012-10-24,33.4,33.67,33.13,33.4,33.4,5342394
2012-10-25,32.49,32.75,32.23,32.49,32.49,4120718
2012-10-26,31.05,31.3,30.8,31.05,31.05,5098884
2012-10-29,31.26,31.51,31.01,31.26,31.26,5316023
2012-10-30,31.04,31.29,30.79,31.04,31.04,9966726
2012-10-31,31.49,31.75,31.24,31.49,31.49,5817980
2012-11-01,31.62,31.88,31.37,31.62,31.62,9537518
2012-11-02,32.87,33.13,32.61,32.87,32.87,6494055
2012-11-05,32.87,33.13,32.61,32.87,32.87,6968152
2012-11-06,33.24,33.51,32.97,33.24,33.24,5212477
2012-11-07,33.88,34.15,33.6,33.88,33.88,4166221
2012-11-08,34.27,34.54,33.99,34.27,34.27,4414107
2012-11-09,34.08,34.35,33.81,34.08,34.08,4288936
2012-11-12,33.76,34.03,33.49,33.76,33.76,6600570
2012-11-13,34.11,34.38,33.84,34.11,34.11,6472559
2012-11-14,34.37,34.65,34.1,34.37,34.37,4712256
2012-11-15,34.18,34.46,33.91,34.18,34.18,6009397
2012-11-16,34.66,34.94,34.38,34.66,34.66,6007819
2012-11-19,35.06,35.34,34.77,35.06,35.06,16308911
2012-11-20,35.63,35.91,35.34,35.63,35.63,7938531
2012-11-21,35.42,35.7,35.14,35.42,35.42,4625211
2012-11-22,35.35,35.63,35.07,35.35,35.35,7402559
2012-11-23,34.8,35.08,34.52,34.8,34.8,6961109
2012-11-26,34.52,34.8,34.25,34.52,34.52,3063718
2012-11-27,34.11,34.39,33.84,34.11,34.11,3072863
2012-11-28,34.27,34.55,34.0,34.27,34.27,4307961
2012-11-29,34.12,34.4,33.85,34.12,34.12,3677617
2012-11-30,34.62,34.9,34.34,34.62,34.62,5313681
2012-12-03,34.67,34.95,34.39,34.67,34.67,7639727
2012-12-04,34.57,34.85,34.29,34.57,34.57,7485272
2012-12-05,34.76,35.04,34.48,34.76,34.76,5900353
2012-12-06,34.82,35.1,34.54,34.82,34.82,4766515
2012-12-07,35.14,35.42,34.86,35.14,35.14,15017189
2012-12-10,34.96,35.24,34.68,34.96,34.96,4777235
2012-12-11,34.85,35.13,34.57,34.85,34.85,4966656
2012-12-12,35.71,36.0,35.43,35.71,35.71,6378947
2012-12-13,35.22,35.51,34.94,35.22,35.22,4064040
2012-12-14,35.33,35.61,35.04,35.33,35.33,4626723
2012-12-17,36.61,36.9,36.31,36.61,36.61,3867100
2012-12-18,36.46,36.75,36.16,36.46,36.46,4907135
2012-12-19,36.42,36.72,36.13,36.42,36.42,5667218
2012-12-20,36.46,36.75,36.17,36.46,36.46,4958680
2012-12-21,36.87,37.16,36.57,36.87,36.87,4222605
2012-12-24,37.08,37.37,36.78,37.08,37.08,6595818
2012-12-25,36.73,37.02,36.44,36.73,36.73,5412096
2012-12-26,36.75,37.04,36.45,36.75,36.75,5188932
2012-12-27,35.94,36.23,35.65,35.94,35.94,4330820
2012-12-28,37.11,37.41,36.81,37.11,37.11,8388159
2012-12-31,37.58,37.88,37.28,37.58,37.58,7664766
2013-01-01,36.69,36.98,36.39,36.69,36.69,3056111
2013-01-02,36.67,36.96,36.38,36.67,36.67,11096399
2013-01-03,37.35,37.65,37.05,37.35,37.35,3412840
2013-01-04,36.91,37.2,36.61,36.91,36.91,1889369
2013-01-07,37.04,37.34,36.74,37.04,37.04,9126194
2013-01-08,37.46,37.76,37.16,37.46,37.46,6422444
2013-01-09,37.07,37.37,36.77,37.07,37.07,6621849
2013-01-10,36.23,36.52,35.94,36.23,36.23,4112070
2013-01-11,36.27,36.56,35.98,36.27,36.27,6254137
2013-01-14,35.47,35.76,35.19,35.47,35.47,6146329
2013-01-15,35.09,35.37,34.81,35.09,35.09,6685593
2013-01-16,35.76,36.04,35.47,35.76,35.76,7562562
2013-01-17,36.31,36.6,36.02,36.31,36.31,4298316
2013-01-18,36.23,36.52,35.94,36.23,36.23,6041579
2013-01-21,35.5,35.79,35.22,35.5,35.5,4813809
2013-01-22,34.48,34.76,34.21,34.48,34.48,11471045
2013-01-23,33.96,34.23,33.69,33.96,33.96,6955162
2013-01-24,34.13,34.41,33.86,34.13,34.13,4999150
2013-01-25,33.99,34.26,33.72,33.99,33.99,4061349
2013-01-28,33.93,34.21,33.66,33.93,33.93,6998555
2013-01-29,33.21,33.47,32.94,33.21,33.21,3281796
2013-01-30,34.32,34.59,34.04,34.32,34.32,2613972
2013-01-31,34.09,34.36,33.82,34.09,34.09,2900967
2013-02-01,33.91,34.18,33.64,33.91,33.91,5122593
2013-02-04,34.18,34.46,33.91,34.18,34.18,4237779
2013-02-05,34.07,34.34,33.8,34.07,34.07,3800364
2013-02-06,34.62,34.9,34.35,34.62,34.62,3571117
2013-02-07,35.07,35.35,34.79,35.07,35.07,5019948
2013-02-08,34.93,35.21,34.66,34.93,34.93,6294508
2013-02-11,35.07,35.35,34.79,35.07,35.07,5673351
2013-02-12,35.18,35.46,34.9,35.18,35.18,5020544
2013-02-13,35.2,35.48,34.92,35.2,35.2,2629261
2013-02-14,34.81,35.09,34.53,34.81,34.81,11317024
2013-02-15,34.44,34.71,34.16,34.44,34.44,3426305
2013-02-18,33.38,33.64,33.11,33.38,33.38,3626875
2013-02-19,34.22,34.49,33.95,34.22,34.22,4209932
2013-02-20,33.85,34.12,33.58,33.85,33.85,2463213
2013-02-21,33.51,33.77,33.24,33.51,33.51,7268635
2013-02-22,33.46,33.73,33.19,33.46,33.46,7490305
2013-02-25,32.9,33.17,32.64,32.9,32.9,3900128
2013-02-26,33.15,33.42,32.89,33.15,33.15,5899128
2013-02-27,33.56,33.83,33.29,33.56,33.56,5071119
2013-02-28,33.14,33.41,32.88,33.14,33.14,5539401
2013-03-01,33.18,33.45,32.92,33.18,33.18,4719443
2013-03-04,32.7,32.96,32.44,32.7,32.7,7148267
2013-03-05,32.66,32.92,32.39,32.66,32.66,2854843
2013-03-06,32.28,32.54,32.02,32.28,32.28,5484898
2013-03-07,32.27,32.53,32.02,32.27,32.27,14924126
2013-03-08,32.32,32.58,32.06,32.32,32.32,5123768
2013-03-11,32.74,33.0,32.48,32.74,32.74,7826208
2013-03-12,31.81,32.06,31.56,31.81,31.81,4594518
2013-03-13,31.1,31.35,30.85,31.1,31.1,7307758
2013-03-14,30.35,30.59,30.1,30.35,30.35,5821901
2013-03-15,30.0,30.24,29.76,30.0,30.0,4591535
2013-03-18,30.8,31.05,30.56,30.8,30.8,4395648
2013-03-19,31.12,31.37,30.87,31.12,31.12,3644877
2013-03-20,30.79,31.04,30.55,30.79,30.79,9296071
2013-03-21,30.48,30.73,30.24,30.48,30.48,5836051
2013-03-22,30.66,30.9,30.41,30.66,30.66,5146728
2013-03-25,31.05,31.29,30.8,31.05,31.05,6509058
2013-03-26,30.38,30.62,30.13,30.38,30.38,3118231
2013-03-27,30.29,30.53,30.05,30.29,30.29,6823262
2013-03-28,30.56,30.81,30.32,30.56,30.56,8704398
2013-03-29,30.24,30.48,30.0,30.24,30.24,5014908
2013-04-01,29.46,29.7,29.22,29.46,29.46,4946581
2013-04-02,29.9,30.14,29.66,29.9,29.9,5612216
2013-04-03,30.31,30.55,30.07,30.31,30.31,10016783
2013-04-04,29.81,30.05,29.57,29.81,29.81,3398664
2013-04-05,30.34,30.58,30.09,30.34,30.34,6633389
2013-04-08,30.91,31.15,30.66,30.91,30.91,14332435
2013-04-09,31.7,31.95,31.44,31.7,31.7,9717957
2013-04-10,32.1,32.36,31.84,32.1,32.1,6322580
2013-04-11,31.6,31.86,31.35,31.6,31.6,3858061
2013-04-12,31.18,31.43,30.93,31.18,31.18,4685784
2013-04-15,31.71,31.97,31.46,31.71,31.71,10568905
2013-04-16,31.67,31.92,31.41,31.67,31.67,2950866
2013-04-17,32.21,32.46,31.95,32.21,32.21,3223577
2013-04-18,32.99,33.25,32.72,32.99,32.99,3362301
2013-04-19,32.69,32.96,32.43,32.69,32.69,6457038
2013-04-22,33.34,33.6,33.07,33.34,33.34,4086137
2013-04-23,33.1,33.36,32.83,33.1,33.1,5508532
2013-04-24,32.27,32.52,32.01,32.27,32.27,6704607
2013-04-25,32.27,32.53,32.02,32.27,32.27,5271449
2013-04-26,32.07,32.33,31.82,32.07,32.07,9528549
2013-04-29,32.05,32.3,31.79,32.05,32.05,4517055
2013-04-30,31.86,32.11,31.6,31.86,31.86,5737826
2013-05-01,31.56,31.82,31.31,31.56,31.56,4476623
2013-05-02,31.7,31.95,31.45,31.7,31.7,5730719
2013-05-03,31.26,31.51,31.01,31.26,31.26,4899143
2013-05-06,30.85,31.09,30.6,30.85,30.85,3782021
2013-05-07,30.09,30.34,29.85,30.09,30.09,4516521
2013-05-08,29.87,30.11,29.63,29.87,29.87,3850818
2013-05-09,30.11,30.35,29.87,30.11,30.11,4863416
2013-05-10,30.28,30.53,30.04,30.28,30.28,5007330
2013-05-13,29.73,29.97,29.49,29.73,29.73,7060651
2013-05-14,30.01,30.25,29.77,30.01,30.01,8402118
2013-05-15,29.54,29.78,29.31,29.54,29.54,3244146
2013-05-16,29.26,29.49,29.02,29.26,29.26,9187517
2013-05-17,28.66,28.89,28.43,28.66,28.66,7963313
2013-05-20,28.55,28.78,28.32,28.55,28.55,7956409
2013-05-21,28.34,28.56,28.11,28.34,28.34,5887259
2013-05-22,28.33,28.55,28.1,28.33,28.33,6623703
2013-05-23,28.52,28.75,28.29,28.52,28.52,5977465
2013-05-24,28.93,29.16,28.7,28.93,28.93,4508907
2013-05-27,29.19,29.42,28.95,29.19,29.19,7061678
2013-05-28,29.56,29.79,29.32,29.56,29.56,5455614
2013-05-29,29.88,30.12,29.64,29.88,29.88,4601789
2013-05-30,30.02,30.26,29.78,30.02,30.02,3116531
2013-05-31,29.77,30.01,29.53,29.77,29.77,10606571
2013-06-03,29.36,29.59,29.12,29.36,29.36,8739266
2013-06-04,28.46,28.69,28.23,28.46,28.46,6551515
2013-06-05,27.33,27.54,27.11,27.33,27.33,6807446
2013-06-06,27.96,28.19,27.74,27.96,27.96,4447269
2013-06-07,27.41,27.63,27.19,27.41,27.41,8865720
2013-06-10,27.72,27.94,27.5,27.72,27.72,5324979
2013-06-11,28.07,28.29,27.84,28.07,28.07,8003133
2013-06-12,28.18,28.4,27.95,28.18,28.18,8632207
2013-06-13,27.74,27.96,27.52,27.74,27.74,7178248
2013-06-14,28.18,28.41,27.96,28.18,28.18,12152952
2013-06-17,28.09,28.31,27.86,28.09,28.09,10219973
2013-06-18,28.3,28.53,28.08,28.3,28.3,4254503
2013-06-19,27.81,28.03,27.58,27.81,27.81,8116687
2013-06-20,27.82,28.04,27.6,27.82,27.82,4366688
2013-06-21,27.56,27.78,27.34,27.56,27.56,6909347
2013-06-24,28.33,28.56,28.11,28.33,28.33,6223245
2013-06-25,27.88,28.1,27.66,27.88,27.88,5665277
2013-06-26,27.41,27.63,27.19,27.41,27.41,8275991
2013-06-27,27.35,27.56,27.13,27.35,27.35,3674308
2013-06-28,27.24,27.46,27.02,27.24,27.24,5935240
2013-07-01,26.92,27.14,26.71,26.92,26.92,4160029
2013-07-02,27.0,27.22,26.79,27.0,27.0,10144898
2013-07-03,26.38,26.59,26.17,26.38,26.38,4017983
2013-07-04,26.91,27.12,26.69,26.91,26.91,8540974
2013-07-05,26.98,27.19,26.76,26.98,26.98,3164783
2013-07-08,26.75,26.97,26.54,26.75,26.75,8314755
2013-07-09,26.74,26.95,26.53,26.74,26.74,7334039
2013-07-10,27.36,27.58,27.14,27.36,27.36,3555888
2013-07-11,26.37,26.58,26.16,26.37,26.37,6025919
2013-07-12,26.49,26.7,26.28,26.49,26.49,4441174
2013-07-15,26.32,26.53,26.11,26.32,26.32,4837263
2013-07-16,26.9,27.12,26.69,26.9,26.9,12429379
2013-07-17,26.89,27.11,26.68,26.89,26.89,3424271
2013-07-18,27.11,27.32,26.89,27.11,27.11,3861583
2013-07-19,26.71,26.92,26.49,26.71,26.71,5180325
2013-07-22,26.79,27.0,26.57,26.79,26.79,5883256
2013-07-23,27.26,27.48,27.04,27.26,27.26,5810507
2013-07-24,26.98,27.19,26.76,26.98,26.98,3600977
2013-07-25,26.93,27.14,26.71,26.93,26.93,3375563
2013-07-26,26.98,27.2,26.77,26.98,26.98,15821507
2013-07-29,26.53,26.74,26.31,26.53,26.53,4698966
2013-07-30,26.9,27.12,26.69,26.9,26.9,8962046
2013-07-31,27.29,27.51,27.07,27.29,27.29,4136983
2013-08-01,27.96,28.18,27.74,27.96,27.96,3187717
2013-08-02,27.52,27.74,27.3,27.52,27.52,5251648
2013-08-05,27.52,27.74,27.3,27.52,27.52,4550788
2013-08-06,26.66,26.87,26.44,26.66,26.66,3174921
2013-08-07,26.9,27.12,26.69,26.9,26.9,2004493
2013-08-08,27.7,27.92,27.48,27.7,27.7,6107482
2013-08-09,27.91,28.13,27.69,27.91,27.91,3621871
2013-08-12,28.16,28.39,27.94,28.16,28.16,2765758
2013-08-13,28.09,28.32,27.87,28.09,28.09,6317179
2013-08-14,28.01,28.23,27.78,28.01,28.01,5154762
2013-08-15,27.8,28.02,27.58,27.8,27.8,4888015
2013-08-16,27.84,28.06,27.61,27.84,27.84,12790052
2013-08-19,27.89,28.12,27.67,27.89,27.89,3578775
2013-08-20,27.87,28.09,27.65,27.87,27.87,5428926
2013-08-21,27.31,27.53,27.09,27.31,27.31,4728217
2013-08-22,26.98,27.2,26.77,26.98,26.98,11011135
2013-08-23,27.55,27.77,27.33,27.55,27.55,2541657
2013-08-26,27.04,27.25,26.82,27.04,27.04,2523544
2013-08-27,27.09,27.31,26.87,27.09,27.09,15469031
2013-08-28,27.56,27.78,27.34,27.56,27.56,5598075
2013-08-29,27.01,27.23,26.8,27.01,27.01,10632390
2013-08-30,27.47,27.69,27.25,27.47,27.47,7347318
2013-09-02,27.2,27.42,26.98,27.2,27.2,6158572
2013-09-03,27.67,27.89,27.45,27.67,27.67,5996860
2013-09-04,27.85,28.07,27.62,27.85,27.85,2987064
2013-09-05,28.37,28.6,28.15,28.37,28.37,5919293
2013-09-06,27.92,28.15,27.7,27.92,27.92,5203259
2013-09-09,28.39,28.62,28.17,28.39,28.39,9609757
2013-09-10,27.84,28.06,27.62,27.84,27.84,9758494
2013-09-11,27.39,27.61,27.17,27.39,27.39,8538852
2013-09-12,27.63,27.85,27.41,27.63,27.63,6546397
2013-09-13,26.7,26.92,26.49,26.7,26.7,6083306
2013-09-16,26.04,26.25,25.83,26.04,26.04,3798887
2013-09-17,25.44,25.65,25.24,25.44,25.44,6601518
2013-09-18,25.55,25.76,25.35,25.55,25.55,6081012
2013-09-19,25.47,25.67,25.27,25.47,25.47,11984853
2013-09-20,25.66,25.87,25.46,25.66,25.66,4886462
2013-09-23,26.05,26.26,25.84,26.05,26.05,3532794
2013-09-24,25.8,26.0,25.59,25.8,25.8,3684604
2013-09-25,26.47,26.68,26.25,26.47,26.47,2674742
2013-09-26,25.99,26.2,25.78,25.99,25.99,2932081
2013-09-27,25.33,25.53,25.13,25.33,25.33,4451734
2013-09-30,25.43,25.63,25.22,25.43,25.43,7772112
2013-10-01,25.62,25.82,25.41,25.62,25.62,4989073
2013-10-02,25.59,25.8,25.39,25.59,25.59,3125245
2013-10-03,25.47,25.68,25.27,25.47,25.47,3952369
2013-10-04,25.85,26.05,25.64,25.85,25.85,6327072
2013-10-07,25.79,26.0,25.58,25.79,25.79,3844436
2013-10-08,25.49,25.69,25.28,25.49,25.49,6106681
2013-10-09,24.89,25.09,24.69,24.89,24.89,11683922
2013-10-10,24.88,25.08,24.68,24.88,24.88,4724312
2013-10-11,25.3,25.5,25.1,25.3,25.3,7273991
2013-10-14,24.84,25.04,24.65,24.84,24.84,6405854
2013-10-15,24.77,24.97,24.57,24.77,24.77,7511570
2013-10-16,24.28,24.47,24.08,24.28,24.28,4214830
2013-10-17,24.37,24.56,24.17,24.37,24.37,3429613
2013-10-18,24.31,24.51,24.12,24.31,24.31,8180074
2013-10-21,24.91,25.11,24.72,24.91,24.91,5571184
2013-10-22,25.49,25.69,25.29,25.49,25.49,5281926
2013-10-23,25.53,25.74,25.33,25.53,25.53,6906195
2013-10-24,25.86,26.07,25.65,25.86,25.86,6053121
2013-10-25,26.09,26.3,25.88,26.09,26.09,4912246
2013-10-28,26.47,26.68,26.25,26.47,26.47,3779104
2013-10-29,26.06,26.27,25.85,26.06,26.06,5247859
2013-10-30,26.48,26.7,26.27,26.48,26.48,8436012
2013-10-31,26.6,26.81,26.39,26.6,26.6,4327652
2013-11-01,26.54,26.76,26.33,26.54,26.54,6746731
2013-11-04,26.85,27.06,26.63,26.85,26.85,4970994
2013-11-05,26.25,26.46,26.04,26.25,26.25,5124775
2013-11-06,25.95,26.16,25.74,25.95,25.95,5755231
2013-11-07,26.14,26.35,25.94,26.14,26.14,1716503
2013-11-08,26.15,26.36,25.94,26.15,26.15,4526718
2013-11-11,25.68,25.89,25.47,25.68,25.68,3942125
2013-11-12,26.18,26.39,25.97,26.18,26.18,6589368
2013-11-13,25.47,25.67,25.26,25.47,25.47,4369387
2013-11-14,25.24,25.44,25.03,25.24,25.24,4677013
2013-11-15,25.21,25.41,25.01,25.21,25.21,5576470
2013-11-18,25.04,25.24,24.84,25.04,25.04,4839361
2013-11-19,24.34,24.53,24.15,24.34,24.34,3554001
2013-11-20,24.61,24.81,24.42,24.61,24.61,8361002
2013-11-21,24.42,24.61,24.22,24.42,24.42,6825711
2013-11-22,24.15,24.34,23.96,24.15,24.15,7036659
2013-11-25,24.08,24.27,23.88,24.08,24.08,4217487
2013-11-26,24.22,24.41,24.03,24.22,24.22,2652430
2013-11-27,24.07,24.26,23.88,24.07,24.07,7884061
2013-11-28,24.56,24.75,24.36,24.56,24.56,7956280
2013-11-29,24.5,24.69,24.3,24.5,24.5,5191061
2013-12-02,24.89,25.09,24.69,24.89,24.89,9253946
2013-12-03,24.97,25.17,24.77,24.97,24.97,4376539
2013-12-04,25.14,25.34,24.94,25.14,25.14,9759224
2013-12-05,25.47,25.67,25.26,25.47,25.47,9476766
2013-12-06,26.34,26.55,26.13,26.34,26.34,5320817
2013-12-09,26.7,26.92,26.49,26.7,26.7,4923431
2013-12-10,26.79,27.01,26.58,26.79,26.79,5986433
2013-12-11,27.3,27.52,27.08,27.3,27.3,5150894
2013-12-12,27.46,27.68,27.24,27.46,27.46,3283014
2013-12-13,27.84,28.07,27.62,27.84,27.84,4109703
2013-12-16,27.1,27.31,26.88,27.1,27.1,5756921
2013-12-17,27.5,27.72,27.28,27.5,27.5,4293412
2013-12-18,27.47,27.69,27.25,27.47,27.47,3108981
2013-12-19,28.08,28.3,27.85,28.08,28.08,3670929
2013-12-20,27.89,28.11,27.66,27.89,27.89,4326156
2013-12-23,28.4,28.63,28.18,28.4,28.4,12518868
2013-12-24,29.09,29.32,28.85,29.09,29.09,8106056
2013-12-25,29.12,29.35,28.89,29.12,29.12,2969075
2013-12-26,29.21,29.45,28.98,29.21,29.21,6441061
2013-12-27,30.62,30.87,30.38,30.62,30.62,7730617
2013-12-30,30.71,30.96,30.47,30.71,30.71,7449126
2013-12-31,30.4,30.65,30.16,30.4,30.4,5704178
2014-01-01,30.38,30.62,30.14,30.38,30.38,4660281
2014-01-02,30.1,30.34,29.86,30.1,30.1,6431084
2014-01-03,30.41,30.66,30.17,30.41,30.41,5397097
2014-01-06,30.69,30.93,30.44,30.69,30.69,3539443
2014-01-07,31.4,31.65,31.15,31.4,31.4,3807248
2014-01-08,31.87,32.12,31.61,31.87,31.87,4292832
2014-01-09,32.38,32.64,32.12,32.38,32.38,5734415
2014-01-10,32.31,32.56,32.05,32.31,32.31,4691231
2014-01-13,32.58,32.84,32.31,32.58,32.58,5503449
2014-01-14,32.42,32.67,32.16,32.42,32.42,6180239
2014-01-15,32.61,32.87,32.35,32.61,32.61,3367266
2014-01-16,31.96,32.21,31.7,31.96,31.96,9006740
2014-01-17,32.37,32.63,32.11,32.37,32.37,11899508
2014-01-20,32.77,33.04,32.51,32.77,32.77,7265450
2014-01-21,33.47,33.74,33.2,33.47,33.47,2750659
2014-01-22,33.39,33.66,33.13,33.39,33.39,15916230
2014-01-23,32.64,32.9,32.37,32.64,32.64,5020862
2014-01-24,33.39,33.66,33.12,33.39,33.39,5890201
2014-01-27,33.51,33.78,33.25,33.51,33.51,5014151
2014-01-28,33.88,34.15,33.61,33.88,33.88,6141748
2014-01-29,34.06,34.33,33.78,34.06,34.06,7542681
2014-01-30,34.84,35.12,34.56,34.84,34.84,5754369
2014-01-31,34.7,34.98,34.43,34.7,34.7,4467510
2014-02-03,34.42,34.7,34.15,34.42,34.42,12346007
2014-02-04,33.58,33.85,33.31,33.58,33.58,4066054
2014-02-05,33.18,33.44,32.91,33.18,33.18,7038691
2014-02-06,33.46,33.73,33.19,33.46,33.46,3723931
2014-02-07,33.77,34.04,33.5,33.77,33.77,2719049
2014-02-10,32.92,33.19,32.66,32.92,32.92,4909829
2014-02-11,33.15,33.42,32.88,33.15,33.15,4402976
2014-02-12,32.7,32.96,32.43,32.7,32.7,5170185
2014-02-13,32.91,33.17,32.65,32.91,32.91,4733661
2014-02-14,32.97,33.24,32.71,32.97,32.97,4100774
2014-02-17,32.58,32.84,32.32,32.58,32.58,4049341
2014-02-18,33.12,33.38,32.85,33.12,33.12,4811388
2014-02-19,33.48,33.74,33.21,33.48,33.48,6422102
2014-02-20,34.47,34.74,34.19,34.47,34.47,4304905
2014-02-21,34.23,34.5,33.95,34.23,34.23,4466406
2014-02-24,34.49,34.76,34.21,34.49,34.49,5191298
2014-02-25,34.79,35.07,34.52,34.79,34.79,5051577
2014-02-26,34.3,34.58,34.03,34.3,34.3,4019451
2014-02-27,35.49,35.78,35.21,35.49,35.49,5601517
2014-02-28,36.52,36.81,36.23,36.52,36.52,5174420
2014-03-03,36.33,36.62,36.04,36.33,36.33,2583589
2014-03-04,36.02,36.31,35.73,36.02,36.02,7044443
2014-03-05,36.08,36.37,35.79,36.08,36.08,6482634
2014-03-06,35.85,36.14,35.57,35.85,35.85,3677321
2014-03-07,35.47,35.75,35.18,35.47,35.47,3652716
2014-03-10,35.85,36.14,35.56,35.85,35.85,8314859
2014-03-11,35.35,35.63,35.07,35.35,35.35,5455386
2014-03-12,35.49,35.78,35.21,35.49,35.49,3447617
2014-03-13,35.55,35.84,35.27,35.55,35.55,3441305
2014-03-14,35.71,35.99,35.42,35.71,35.71,3184169
2014-03-17,36.6,36.89,36.3,36.6,36.6,7058276
2014-03-18,36.01,36.3,35.72,36.01,36.01,3790371
2014-03-19,36.51,36.81,36.22,36.51,36.51,7463435
2014-03-20,36.59,36.89,36.3,36.59,36.59,7317023
2014-03-21,35.6,35.89,35.32,35.6,35.6,3726629
2014-03-24,35.94,36.23,35.65,35.94,35.94,5871184
2014-03-25,36.07,36.36,35.78,36.07,36.07,2768242
2014-03-26,35.76,36.04,35.47,35.76,35.76,3277381
2014-03-27,35.57,35.86,35.29,35.57,35.57,6355038
2014-03-28,35.58,35.87,35.3,35.58,35.58,5726648
2014-03-31,35.16,35.45,34.88,35.16,35.16,11566339
2014-04-01,34.34,34.61,34.07,34.34,34.34,7866342
2014-04-02,34.52,34.8,34.24,34.52,34.52,4435186
2014-04-03,34.72,35.0,34.44,34.72,34.72,7022386
2014-04-04,35.31,35.59,35.02,35.31,35.31,3928839
2014-04-07,35.05,35.33,34.77,35.05,35.05,2853858
2014-04-08,34.71,34.99,34.43,34.71,34.71,8856755
2014-04-09,35.1,35.38,34.82,35.1,35.1,5894995
2014-04-10,36.16,36.45,35.87,36.16,36.16,7143755
2014-04-11,36.65,36.94,36.35,36.65,36.65,7623354
2014-04-14,37.6,37.9,37.3,37.6,37.6,6299425
2014-04-15,37.99,38.29,37.69,37.99,37.99,4261243
2014-04-16,37.72,38.02,37.42,37.72,37.72,6084754
2014-04-17,38.11,38.41,37.8,38.11,38.11,11618812
2014-04-18,38.18,38.48,37.87,38.18,38.18,5420385
2014-04-21,37.85,38.16,37.55,37.85,37.85,8357208
2014-04-22,37.87,38.17,37.57,37.87,37.87,5283823
2014-04-23,36.73,37.03,36.44,36.73,36.73,4386117
2014-04-24,36.68,36.97,36.38,36.68,36.68,3928471
2014-04-25,36.64,36.93,36.34,36.64,36.64,4481388
2014-04-28,36.53,36.82,36.24,36.53,36.53,6241846
2014-04-29,35.33,35.61,35.04,35.33,35.33,5649299
2014-04-30,34.84,35.12,34.57,34.84,34.84,6907874
2014-05-01,35.88,36.16,35.59,35.88,35.88,7920970
2014-05-02,35.73,36.02,35.45,35.73,35.73,2859740
2014-05-05,35.14,35.42,34.86,35.14,35.14,5171362
2014-05-06,34.87,35.15,34.59,34.87,34.87,5413974
2014-05-07,34.58,34.85,34.3,34.58,34.58,14729446
2014-05-08,34.88,35.16,34.6,34.88,34.88,6843138
2014-05-09,34.71,34.99,34.43,34.71,34.71,5974247
2014-05-12,34.85,35.12,34.57,34.85,34.85,2182102
2014-05-13,35.65,35.94,35.37,35.65,35.65,8880347
2014-05-14,35.64,35.92,35.35,35.64,35.64,5305476
2014-05-15,34.85,35.13,34.57,34.85,34.85,6718760
2014-05-16,34.58,34.86,34.3,34.58,34.58,7283393
2014-05-19,34.87,35.15,34.59,34.87,34.87,6175200
2014-05-20,34.61,34.89,34.33,34.61,34.61,5794480
2014-05-21,34.56,34.84,34.29,34.56,34.56,5821010
2014-05-22,33.99,34.27,33.72,33.99,33.99,7777727
2014-05-23,34.04,34.31,33.77,34.04,34.04,5827337
2014-05-26,34.3,34.58,34.03,34.3,34.3,5256365
2014-05-27,34.34,34.61,34.06,34.34,34.34,5879049
2014-05-28,34.22,34.5,33.95,34.22,34.22,9434812
2014-05-29,34.87,35.15,34.59,34.87,34.87,8077509
2014-05-30,35.6,35.89,35.32,35.6,35.6,5186344
2014-06-02,35.59,35.88,35.31,35.59,35.59,6432860
2014-06-03,35.75,36.04,35.46,35.75,35.75,8463383
2014-06-04,35.18,35.46,34.89,35.18,35.18,12218255
2014-06-05,34.97,35.25,34.69,34.97,34.97,6453016
2014-06-06,36.04,36.33,35.75,36.04,36.04,4431532
2014-06-09,36.15,36.44,35.86,36.15,36.15,8066824
2014-06-10,35.71,36.0,35.43,35.71,35.71,8994953
2014-06-11,35.08,35.36,34.8,35.08,35.08,7166086
2014-06-12,35.34,35.63,35.06,35.34,35.34,7455112
2014-06-13,35.57,35.86,35.29,35.57,35.57,3791929
2014-06-16,35.63,35.91,35.34,35.63,35.63,3359830
2014-06-17,36.24,36.53,35.95,36.24,36.24,3935468
2014-06-18,36.44,36.73,36.14,36.44,36.44,4641964
2014-06-19,36.71,37.0,36.41,36.71,36.71,11641806
2014-06-20,37.1,37.4,36.81,37.1,37.1,4875095
2014-06-23,37.43,37.73,37.13,37.43,37.43,2622115
2014-06-24,37.48,37.78,37.18,37.48,37.48,6183042
2014-06-25,38.0,38.3,37.69,38.0,38.0,2192306
2014-06-26,37.99,38.3,37.69,37.99,37.99,3682429
2014-06-27,38.28,38.59,37.97,38.28,38.28,4780106
2014-06-30,38.2,38.51,37.9,38.2,38.2,6456627
2014-07-01,37.6,37.9,37.3,37.6,37.6,3238546
2014-07-02,37.88,38.19,37.58,37.88,37.88,3028061
2014-07-03,37.9,38.21,37.6,37.9,37.9,9767935
2014-07-04,38.0,38.3,37.7,38.0,38.0,6353396
2014-07-07,38.92,39.24,38.61,38.92,38.92,4212139
2014-07-08,38.5,38.81,38.2,38.5,38.5,4157705
2014-07-09,37.98,38.28,37.68,37.98,37.98,4755208
2014-07-10,38.31,38.62,38.0,38.31,38.31,3100772
2014-07-11,39.07,39.38,38.76,39.07,39.07,6657464
2014-07-14,39.45,39.76,39.13,39.45,39.45,6611256
2014-07-15,39.55,39.87,39.23,39.55,39.55,3102679
2014-07-16,39.34,39.65,39.02,39.34,39.34,5229528
2014-07-17,39.08,39.39,38.77,39.08,39.08,5053561
2014-07-18,38.59,38.9,38.28,38.59,38.59,5345427
2014-07-21,38.82,39.13,38.51,38.82,38.82,4063491
2014-07-22,39.4,39.72,39.09,39.4,39.4,5976685
2014-07-23,38.82,39.13,38.51,38.82,38.82,3487519
2014-07-24,39.23,39.54,38.92,39.23,39.23,6312521
2014-07-25,38.87,39.18,38.56,38.87,38.87,5938018
2014-07-28,38.98,39.29,38.67,38.98,38.98,5318528
2014-07-29,38.56,38.87,38.25,38.56,38.56,3402939
2014-07-30,39.19,39.5,38.87,39.19,39.19,4022174
2014-07-31,38.46,38.77,38.16,38.46,38.46,9794725
2014-08-01,38.83,39.14,38.52,38.83,38.83,4748030
2014-08-04,38.13,38.43,37.82,38.13,38.13,7661290
2014-08-05,37.92,38.22,37.61,37.92,37.92,4466846
2014-08-06,38.14,38.44,37.83,38.14,38.14,3700367
2014-08-07,37.99,38.29,37.68,37.99,37.99,9165047
2014-08-08,37.39,37.68,37.09,37.39,37.39,3896126
2014-08-11,38.5,38.81,38.19,38.5,38.5,4243965
2014-08-12,39.21,39.53,38.9,39.21,39.21,5933410
2014-08-13,39.45,39.76,39.13,39.45,39.45,6167056
2014-08-14,40.28,40.6,39.96,40.28,40.28,3525872
2014-08-15,39.03,39.35,38.72,39.03,39.03,4373827
2014-08-18,38.48,38.79,38.17,38.48,38.48,3598881
2014-08-19,38.77,39.08,38.46,38.77,38.77,7987474
2014-08-20,39.26,39.58,38.95,39.26,39.26,3782961
2014-08-21,39.9,40.22,39.58,39.9,39.9,8690639
2014-08-22,39.13,39.44,38.82,39.13,39.13,3156871
2014-08-25,39.51,39.83,39.2,39.51,39.51,7995842
2014-08-26,38.4,38.71,38.09,38.4,38.4,4096321
2014-08-27,38.55,38.86,38.24,38.55,38.55,4931914
2014-08-28,40.11,40.43,39.79,40.11,40.11,14729101
2014-08-29,39.68,40.0,39.36,39.68,39.68,4718047
2014-09-01,39.65,39.96,39.33,39.65,39.65,5410481
2014-09-02,39.06,39.38,38.75,39.06,39.06,5426233
2014-09-03,39.48,39.79,39.16,39.48,39.48,6154111
2014-09-04,39.62,39.94,39.3,39.62,39.62,2641516
2014-09-05,38.92,39.23,38.61,38.92,38.92,2970670
2014-09-08,39.25,39.57,38.94,39.25,39.25,9052132
2014-09-09,38.65,38.96,38.35,38.65,38.65,4430305
2014-09-10,38.51,38.82,38.2,38.51,38.51,4939229
2014-09-11,39.16,39.48,38.85,39.16,39.16,5594187
2014-09-12,38.45,38.75,38.14,38.45,38.45,4409467
2014-09-15,39.25,39.56,38.93,39.25,39.25,5626079
2014-09-16,39.78,40.1,39.46,39.78,39.78,3728682
2014-09-17,40.06,40.38,39.74,40.06,40.06,4428804
2014-09-18,41.07,41.4,40.74,41.07,41.07,4441464
2014-09-19,40.39,40.72,40.07,40.39,40.39,5727916
2014-09-22,41.29,41.62,40.96,41.29,41.29,4714776
2014-09-23,41.09,41.42,40.76,41.09,41.09,6007896
2014-09-24,41.06,41.39,40.73,41.06,41.06,9956769
2014-09-25,41.21,41.54,40.88,41.21,41.21,8195127
2014-09-26,41.43,41.76,41.1,41.43,41.43,3414843
2014-09-29,41.8,42.13,41.46,41.8,41.8,5243531
2014-09-30,42.33,42.67,41.99,42.33,42.33,3444834
2014-10-01,43.84,44.19,43.49,43.84,43.84,5628291
2014-10-02,43.51,43.85,43.16,43.51,43.51,5970864
2014-10-03,43.3,43.64,42.95,43.3,43.3,5096458
2014-10-06,42.78,43.12,42.43,42.78,42.78,3769797
2014-10-07,43.1,43.45,42.76,43.1,43.1,4835666
2014-10-08,43.46,43.81,43.11,43.46,43.46,8809209
2014-10-09,43.32,43.67,42.97,43.32,43.32,4674979
2014-10-10,42.12,42.45,41.78,42.12,42.12,5669270
2014-10-13,42.21,42.54,41.87,42.21,42.21,7676253
2014-10-14,41.12,41.45,40.79,41.12,41.12,3881306
2014-10-15,41.3,41.63,40.97,41.3,41.3,5061316
2014-10-16,40.63,40.95,40.3,40.63,40.63,5381581
2014-10-17,40.38,40.7,40.06,40.38,40.38,3387360
2014-10-20,39.81,40.13,39.49,39.81,39.81,4130485
2014-10-21,39.7,40.02,39.39,39.7,39.7,4836639
2014-10-22,39.89,40.21,39.57,39.89,39.89,7389164
2014-10-23,40.46,40.79,40.14,40.46,40.46,3613757
2014-10-24,40.73,41.05,40.4,40.73,40.73,5926446
2014-10-27,39.54,39.86,39.22,39.54,39.54,6612032
2014-10-28,38.94,39.25,38.63,38.94,38.94,6072171
2014-10-29,37.89,38.19,37.59,37.89,37.89,7833050
2014-10-30,37.79,38.09,37.48,37.79,37.79,7742629
2014-10-31,38.91,39.22,38.6,38.91,38.91,5235612
2014-11-03,38.22,38.53,37.92,38.22,38.22,11779667
2014-11-04,37.9,38.2,37.59,37.9,37.9,3517974
2014-11-05,38.91,39.22,38.6,38.91,38.91,5460473
2014-11-06,39.69,40.01,39.37,39.69,39.69,5743984
2014-11-07,39.83,40.15,39.51,39.83,39.83,11384616
2014-11-10,40.05,40.37,39.73,40.05,40.05,11704279
2014-11-11,40.23,40.55,39.9,40.23,40.23,4186280
2014-11-12,39.92,40.24,39.6,39.92,39.92,3080077
2014-11-13,39.39,39.7,39.07,39.39,39.39,3342635
2014-11-14,39.63,39.95,39.32,39.63,39.63,6729834
2014-11-17,39.69,40.0,39.37,39.69,39.69,4935779
2014-11-18,40.33,40.65,40.0,40.33,40.33,4979673
2014-11-19,39.37,39.69,39.06,39.37,39.37,4572007
2014-11-20,39.6,39.91,39.28,39.6,39.6,6071417
2014-11-21,38.82,39.13,38.51,38.82,38.82,9124011
2014-11-24,38.56,38.87,38.25,38.56,38.56,3537204
2014-11-25,38.46,38.76,38.15,38.46,38.46,4946296
2014-11-26,37.54,37.84,37.24,37.54,37.54,9228013
2014-11-27,37.46,37.76,37.16,37.46,37.46,6813707
2014-11-28,37.63,37.94,37.33,37.63,37.63,2023563
2014-12-01,36.9,37.2,36.61,36.9,36.9,7599372
2014-12-02,35.98,36.27,35.69,35.98,35.98,6048384
2014-12-03,36.19,36.48,35.9,36.19,36.19,7048228
2014-12-04,36.88,37.17,36.58,36.88,36.88,6699755
2014-12-05,37.12,37.41,36.82,37.12,37.12,11140844
2014-12-08,38.04,38.35,37.74,38.04,38.04,5791209
2014-12-09,37.36,37.66,37.06,37.36,37.36,6933788
2014-12-10,37.37,37.67,37.07,37.37,37.37,5092468
2014-12-11,36.74,37.04,36.45,36.74,36.74,5263411
2014-12-12,36.2,36.49,35.91,36.2,36.2,5929665
2014-12-15,36.45,36.74,36.16,36.45,36.45,10976869
2014-12-16,34.97,35.25,34.69,34.97,34.97,3281544
2014-12-17,35.26,35.55,34.98,35.26,35.26,10873261
2014-12-18,35.43,35.71,35.15,35.43,35.43,5016428
2014-12-19,34.91,35.19,34.63,34.91,34.91,3010059
2014-12-22,35.57,35.85,35.28,35.57,35.57,3261651
2014-12-23,36.31,36.6,36.02,36.31,36.31,6506874
2014-12-24,36.18,36.47,35.89,36.18,36.18,5616256
2014-12-25,36.3,36.59,36.01,36.3,36.3,6453609
2014-12-26,36.38,36.67,36.09,36.38,36.38,4452074
2014-12-29,36.17,36.46,35.88,36.17,36.17,6933329
2014-12-30,36.57,36.86,36.27,36.57,36.57,4088317
2014-12-31,36.11,36.4,35.82,36.11,36.11,4141856
2015-01-01,35.95,36.23,35.66,35.95,35.95,4178793
2015-01-02,36.66999816894531,37.15999984741211,36.11000061035156,36.36000061035156,27.896459579467773,23605600
2015-01-05,36.20000076293945,36.45000076293945,35.939998626708984,35.95000076293945,27.58189392089844,32785000
2015-01-06,36.08000183105469,36.22999954223633,35.2599983215332,35.279998779296875,27.06784439086914,30847600
2015-01-07,35.63999938964844,36.06999969482422,35.27000045776367,36.02000045776367,27.63560485839844,27725200
2015-01-08,36.369998931884766,37.0,36.2599983215332,36.68999862670898,28.14964866638184,31765400
2015-01-09,36.77000045776367,37.11000061035156,36.400001525878906,36.7599983215332,28.203350067138672,22850500
2015-01-12,36.900001525878906,37.0,36.22999954223633,36.59999847412109,28.080596923828125,29400800
2015-01-13,36.869998931884766,37.4900016784668,36.290000915527344,36.5,28.003875732421875,31478000
2015-01-14,36.33000183105469,36.90999984741211,35.90999984741211,36.34999847412109,27.888782501220703,34250300
2015-01-15,36.52999877929688,36.880001068115234,36.02999877929688,36.18999862670898,27.76602363586425,47181800
2015-01-16,36.119998931884766,36.65999984741211,35.5099983215332,36.45000076293945,27.965499877929688,62812200
2015-01-20,36.09999847412109,36.459999084472656,35.56999969482422,36.09000015258789,27.68930625915528,35929400
2015-01-21,35.849998474121094,36.68000030517578,35.77000045776367,36.47999954223633,27.988525390625,27442600
2015-01-22,36.560001373291016,37.0,36.13999938964844,36.90999984741211,28.318435668945312,31809900
2015-01-23,36.959999084472656,37.02999877929688,36.380001068115234,36.45000076293945,27.965499877929688,27427100
2015-01-26,36.18999862670898,36.29999923706055,35.56999969482422,35.810001373291016,27.474485397338867,30906800
2015-01-27,34.400001525878906,34.720001220703125,33.54999923706055,34.189998626708984,26.231569290161133,58456200
2015-01-28,34.470001220703125,34.70000076293945,33.720001220703125,33.779998779296875,25.917001724243164,34929100
2015-01-29,33.84000015258789,34.279998779296875,33.459999084472656,34.209999084472656,26.24690818786621,29569400
2015-01-30,33.70000076293945,33.9900016784668,33.0,33.040000915527344,25.34925842285156,38719700
2015-02-02,33.060001373291016,33.75,32.650001525878906,33.650001525878906,25.817270278930664,38733800
2015-02-03,33.779998779296875,34.04999923706055,32.61000061035156,33.70000076293945,25.85562324523925,36038300
2015-02-04,33.66999816894531,33.84000015258789,33.29999923706055,33.599998474121094,25.963809967041016,25052800
2015-02-05,33.68000030517578,33.9900016784668,33.45000076293945,33.939998626708984,26.226537704467773,20491400
2015-02-06,33.91999816894531,34.0,33.13999938964844,33.29999923706055,25.731990814208984,29342400
2015-02-09,33.0,33.2400016784668,32.66999816894531,32.93000030517578,25.446081161499023,28705500
2015-02-10,33.20000076293945,33.72999954223633,33.04999923706055,33.70000076293945,26.04108047485352,20200000
2015-02-11,33.66999816894531,33.7599983215332,33.31999969482422,33.54999923706055,25.9251708984375,18364200
2015-02-12,33.97999954223633,34.130001068115234,33.7599983215332,34.130001068115234,26.37335968017578,20056700
2015-02-13,34.25,34.369998931884766,33.95000076293945,34.36000061035156,26.55109214782715,18037900
2015-02-17,34.400001525878906,34.75,34.2599983215332,34.7400016784668,26.8447265625,19374100
2015-02-18,34.650001525878906,34.709999084472656,34.189998626708984,34.27000045776367,26.48154258728028,19992900
2015-02-19,34.25,34.41999816894531,34.04999923706055,34.209999084472656,26.435171127319336,11017500
2015-02-20,34.150001525878906,34.56999969482422,33.90999984741211,34.40999984741211,26.58972549438477,20955600
2015-02-23,34.400001525878906,34.5,33.58000183105469,33.7599983215332,26.08744430541992,25565500
2015-02-24,33.61000061035156,34.4900016784668,33.5099983215332,34.40999984741211,26.58972549438477,29607500
2015-02-25,34.029998779296875,34.150001525878906,33.72999954223633,33.95000076293945,26.234270095825195,24686300
2015-02-26,33.619998931884766,33.880001068115234,33.43000030517578,33.650001525878906,26.002450942993164,25928400
2015-02-27,33.630001068115234,33.63999938964844,33.209999084472656,33.25,25.69335556030273,24427300
2015-03-02,33.290000915527344,34.130001068115234,33.119998931884766,34.060001373291016,26.31926918029785,25406400
2015-03-03,33.95000076293945,34.380001068115234,33.90999984741211,34.099998474121094,26.350173950195312,27332000
2015-03-04,33.86000061035156,34.40999984741211,33.720001220703125,34.119998931884766,26.365629196166992,23005800
2015-03-05,34.2599983215332,34.5,33.59000015258789,33.72999954223633,26.06426429748535,21225800
2015-03-06,33.540000915527344,33.68000030517578,33.08000183105469,33.189998626708984,25.64698600769043,32373100
2015-03-09,33.20000076293945,33.27000045776367,32.47999954223633,32.720001220703125,25.28380012512207,33058800
2015-03-10,32.2400016784668,32.40999984741211,31.5,31.700000762939453,24.495620727539062,50278900
2015-03-11,31.96999931335449,32.959999084472656,31.950000762939453,32.33000183105469,24.98244857788086,49683600
2015-03-12,31.01000022888184,31.600000381469727,30.57999992370605,30.799999237060547,23.800159454345703,107402400
2015-03-13,30.6299991607666,30.979999542236328,30.36000061035156,30.93000030517578,23.900615692138672,47954700
2015-03-16,30.93000030517578,31.11000061035156,30.64999961853028,30.82999992370605,23.823341369628903,33074600
2015-03-17,30.57999992370605,30.729999542236328,30.40999984741211,30.59000015258789,23.637882232666016,29215600
2015-03-18,30.40999984741211,31.200000762939453,30.299999237060547,30.88999938964844,23.869705200195312,39834100
2015-03-19,30.780000686645508,31.100000381469727,30.690000534057617,30.739999771118164,23.753801345825195,27414200
2015-03-20,30.989999771118164,31.6200008392334,30.93000030517578,31.309999465942383,24.19425392150879,64777100
2015-03-23,31.290000915527344,31.790000915527344,31.200000762939453,31.200000762939453,24.109254837036133,29694000
2015-03-24,31.15999984741211,31.31999969482422,30.739999771118164,30.790000915527344,23.79243469238281,28471400
2015-03-25,30.809999465942383,30.88999938964844,29.86000061035156,29.88999938964844,23.09697151184082,37691000
2015-03-26,29.5,30.39999961853028,29.309999465942383,30.07999992370605,23.24378967285156,45450100
2015-03-27,30.01000022888184,33.0,29.850000381469727,32.0,24.72743797302246,73857200
2015-03-30,31.65999984741211,32.099998474121094,31.299999237060547,31.459999084472656,24.31016731262207,51391500
2015-03-31,31.43000030517578,31.93000030517578,31.200000762939453,31.270000457763672,24.1633415222168,32098500
2015-04-01,31.1299991607666,31.31999969482422,30.64999961853028,30.809999465942383,23.807886123657227,31532100
2015-04-02,30.799999237060547,31.229999542236328,30.670000076293945,30.809999465942383,23.807886123657227,20909600
2015-04-06,30.809999465942383,31.25,30.450000762939453,31.040000915527344,23.985620498657227,21490900
2015-04-07,31.06999969482422,31.59000015258789,31.0,31.26000022888184,24.15561866760254,23258300
2015-04-08,31.229999542236328,31.559999465942383,31.059999465942383,31.309999465942383,24.19425392150879,18250300
2015-04-09,30.68000030517578,31.6200008392334,30.56999969482422,31.239999771118164,24.14015769958496,34167600
2015-04-10,31.32999992370605,31.940000534057617,31.32999992370605,31.93000030517578,24.67333984375,28084900
2015-04-13,31.809999465942383,32.04999923706055,31.709999084472656,31.729999542236328,24.518798828125,23489000
2015-04-14,31.68000030517578,31.940000534057617,31.270000457763672,31.489999771118164,24.333345413208008,39754000
2015-04-15,32.2599983215332,32.9900016784668,32.06999969482422,32.83000183105469,25.368810653686523,61083500
2015-04-16,32.849998474121094,32.9900016784668,32.70000076293945,32.869998931884766,25.39971351623535,28903200
2015-04-17,32.5099983215332,32.70000076293945,32.220001220703125,32.470001220703125,25.09062767028809,30593600
2015-04-20,32.61000061035156,32.790000915527344,32.529998779296875,32.72999954223633,25.29153823852539,20649300
2015-04-21,32.93000030517578,32.970001220703125,32.279998779296875,32.43000030517578,25.059711456298828,19023800
2015-04-22,32.40999984741211,32.720001220703125,32.029998779296875,32.70000076293945,25.26834487915039,21144200
2015-04-23,32.040000915527344,32.40999984741211,32.0099983215332,32.349998474121094,24.99789428710937,23775300
2015-04-24,32.40999984741211,32.47999954223633,32.02000045776367,32.08000183105469,24.78926467895508,22759900
2015-04-27,32.08000183105469,32.689998626708984,32.08000183105469,32.5,25.11380386352539,25869600
2015-04-28,32.29999923706055,33.040000915527344,32.22999954223633,33.02000045776367,25.51562690734864,29572800
2015-04-29,32.560001373291016,33.0,32.54999923706055,32.88999938964844,25.41516876220703,21819000
2015-04-30,32.709999084472656,32.849998474121094,32.29999923706055,32.54999923706055,25.152442932128903,22013300
2015-05-01,32.630001068115234,33.4900016784668,32.619998931884766,33.41999816894531,25.8247127532959,27091200
2015-05-04,33.27000045776367,33.5,33.220001220703125,33.43000030517578,25.832443237304688,21397300
2015-05-05,33.0,33.099998474121094,32.56999969482422,32.63999938964844,25.404375076293945,29779200
2015-05-06,32.5,32.790000915527344,31.93000030517578,32.220001220703125,25.077482223510746,31985400
2015-05-07,32.27000045776367,32.630001068115234,32.18000030517578,32.2400016784668,25.09304428100586,21475300
2015-05-08,32.5099983215332,32.880001068115234,32.34000015258789,32.79999923706055,25.52890396118164,26926500
2015-05-11,32.68000030517578,32.709999084472656,32.43000030517578,32.689998626708984,25.443288803100582,18358600
2015-05-12,32.439998626708984,32.5,32.0,32.25,25.10082244873047,24530200
2015-05-13,32.27000045776367,32.900001525878906,32.27000045776367,32.63999938964844,25.404375076293945,20470800
2015-05-14,32.86000061035156,33.130001068115234,32.77000045776367,32.970001220703125,25.66122055053711,21098900
2015-05-15,33.09000015258789,33.119998931884766,32.75,32.9900016784668,25.67678642272949,17149700
2015-05-18,32.97999954223633,33.40999984741211,32.849998474121094,33.40999984741211,26.0036735534668,23689500
2015-05-19,33.36000061035156,33.380001068115234,32.9900016784668,33.150001525878906,25.801307678222656,21867100
2015-05-20,33.060001373291016,33.5,33.0099983215332,33.369998931884766,25.97254753112793,21359800
2015-05-21,33.209999084472656,33.560001373291016,33.06999969482422,33.54999923706055,26.112642288208008,21269800
2015-05-22,33.470001220703125,33.5099983215332,33.31999969482422,33.45000076293945,26.034812927246094,20845000
2015-05-26,33.27000045776367,33.290000915527344,32.84000015258789,33.099998474121094,25.76239776611328,28594500
2015-05-27,33.20000076293945,33.849998474121094,33.130001068115234,33.709999084472656,26.237178802490234,30172700
2015-05-28,33.7400016784668,34.150001525878906,33.68000030517578,34.0099983215332,26.47066879272461,27065700
2015-05-29,34.2400016784668,34.75,34.209999084472656,34.459999084472656,26.82090950012207,43545500
2015-06-01,34.369998931884766,34.59000015258789,33.68000030517578,33.90999984741211,26.392837524414062,46734500
2015-06-02,33.63999938964844,33.75,33.13999938964844,33.27000045776367,25.89471435546875,36351100
2015-06-03,33.16999816894531,33.2400016784668,32.59000015258789,32.72999954223633,25.474422454833984,38138700
2015-06-04,32.5099983215332,32.720001220703125,32.20000076293945,32.310001373291016,25.14752960205078,33761800
2015-06-05,32.279998779296875,32.29999923706055,31.82999992370605,31.84000015258789,24.781715393066406,27778500
2015-06-08,31.809999465942383,31.950000762939453,31.209999084472656,31.299999237060547,24.36141967773437,38171600
2015-06-09,31.32999992370605,31.65999984741211,31.14999961853028,31.25,24.32250595092773,33976700
2015-06-10,31.459999084472656,32.15999984741211,31.3700008392334,31.81999969482422,24.766149520874023,33336800
2015-06-11,31.950000762939453,32.099998474121094,31.84000015258789,31.850000381469727,24.78949737548828,24293600
2015-06-12,31.71999931335449,32.099998474121094,31.200000762939453,31.31999969482422,24.376983642578125,31629800
2015-06-15,31.1200008392334,31.51000022888184,30.940000534057617,31.38999938964844,24.431468963623047,23175000
2015-06-16,31.26000022888184,31.76000022888184,31.1299991607666,31.63999938964844,24.626049041748047,20254500
2015-06-17,31.75,32.09000015258789,31.690000534057617,31.950000762939453,24.867334365844727,28194200
2015-06-18,32.08000183105469,32.5,32.0,32.380001068115234,25.202009201049805,27722400
2015-06-19,32.400001525878906,32.56999969482422,31.959999084472656,32.06999969482422,24.96072006225586,39008400
2015-06-22,32.2599983215332,32.38999938964844,32.08000183105469,32.2599983215332,25.10860824584961,23608400
2015-06-23,32.310001373291016,32.34000015258789,31.93000030517578,32.09000015258789,24.976295471191406,17995900
2015-06-24,32.150001525878906,32.150001525878906,31.8799991607666,31.90999984741211,24.836196899414062,23313900
2015-06-25,32.02000045776367,32.31999969482422,31.989999771118164,31.989999771118164,24.898462295532227,22743300
2015-06-26,31.51000022888184,31.530000686645508,30.76000022888184,31.020000457763672,24.14349174499512,62157200
2015-06-29,30.700000762939453,30.979999542236328,30.309999465942383,30.38999938964844,23.65315055847168,35194500
2015-06-30,30.6299991607666,30.690000534057617,30.14999961853028,30.420000076293945,23.676496505737305,34412200
2015-07-01,30.489999771118164,30.549999237060547,30.01000022888184,30.18000030517578,23.489707946777344,27178900
2015-07-02,30.18000030517578,30.920000076293945,30.100000381469727,30.559999465942383,23.785457611083984,27105200
2015-07-06,30.239999771118164,30.450000762939453,29.84000015258789,30.040000915527344,23.380735397338867,32468100
2015-07-07,29.8700008392334,29.93000030517578,29.09000015258789,29.89999961853028,23.271772384643555,43833700
2015-07-08,29.39999961853028,29.670000076293945,29.14999961853028,29.5,22.960447311401367,45223800
2015-07-09,29.71999931335449,29.88999938964844,28.81999969482422,28.93000030517578,22.51680374145508,47167800
2015-07-10,29.200000762939453,29.350000381469727,28.940000534057617,29.170000076293945,22.703598022460938,31423800
2015-07-13,29.270000457763672,29.81999969482422,29.190000534057617,29.729999542236328,23.139461517333984,26452400
2015-07-14,29.65999984741211,30.11000061035156,29.440000534057617,29.64999961853028,23.07719612121582,39778300
2015-07-15,29.64999961853028,29.989999771118164,29.46999931335449,29.690000534057617,23.10832595825196,47852500
2015-07-16,30.46999931335449,30.479999542236328,29.100000381469727,29.89999961853028,23.271772384643555,81166700
2015-07-17,29.65999984741211,29.799999237060547,29.100000381469727,29.46999931335449,22.937089920043945,43697600
2015-07-20,29.6200008392334,29.6200008392334,29.06999969482422,29.100000381469727,22.64911651611328,33812900
2015-07-21,28.959999084472656,29.26000022888184,28.670000076293945,28.71999931335449,22.35335731506348,45191000
2015-07-22,28.56999969482422,28.850000381469727,28.43000030517578,28.61000061035156,22.267742156982425,36387200
2015-07-23,28.65999984741211,28.96999931335449,28.43000030517578,28.600000381469727,22.25995635986328,33775200
2015-07-24,28.530000686645508,28.63999938964844,28.059999465942383,28.059999465942383,21.839662551879883,31621000
2015-07-27,28.06999969482422,28.420000076293945,27.6200008392334,28.350000381469727,22.06538200378418,42161100
2015-07-28,28.51000022888184,29.18000030517578,28.440000534057617,28.959999084472656,22.540151596069336,33182400
2015-07-29,28.950000762939453,29.1299991607666,28.790000915527344,29.01000022888184,22.579071044921875,26470200
2015-07-30,29.100000381469727,29.450000762939453,28.850000381469727,28.90999984741211,22.5012321472168,26582400
2015-07-31,29.1200008392334,29.1200008392334,28.770000457763672,28.950000762939453,22.53236961364746,27158800
2015-08-03,29.0,29.350000381469727,28.89999961853028,29.049999237060547,22.61019897460937,26213600
2015-08-04,28.979999542236328,29.14999961853028,28.86000061035156,29.1299991607666,22.67246055603028,25741700
2015-08-05,29.190000534057617,29.38999938964844,29.020000457763672,29.1200008392334,22.85296630859375,23622700
2015-08-06,29.15999984741211,29.229999542236328,28.850000381469727,29.01000022888184,22.766639709472656,27958200
2015-08-07,28.799999237060547,28.959999084472656,28.690000534057617,28.8799991607666,22.66461753845215,25606100
2015-08-10,29.06999969482422,29.68000030517578,29.059999465942383,29.63999938964844,23.26105117797852,22807400
2015-08-11,29.46999931335449,29.479999542236328,28.959999084472656,28.96999931335449,22.735252380371094,23758900
2015-08-12,28.65999984741211,29.56999969482422,28.65999984741211,29.459999084472656,23.11978912353516,33589100
2015-08-13,29.39999961853028,29.450000762939453,28.8700008392334,28.8700008392334,22.65677261352539,18821900
2015-08-14,28.920000076293945,29.040000915527344,28.81999969482422,29.020000457763672,22.77448844909668,14302700
2015-08-17,28.82999992370605,29.200000762939453,28.709999084472656,29.07999992370605,22.82158088684082,15548300
2015-08-18,28.950000762939453,29.049999237060547,28.799999237060547,28.90999984741211,22.68816375732422,19182600
2015-08-19,28.64999961853028,28.799999237060547,28.280000686645508,28.36000061035156,22.256526947021484,30530100
2015-08-20,28.030000686645508,28.239999771118164,27.530000686645508,27.530000686645508,21.60515785217285,31936600
2015-08-21,27.32999992370605,27.6299991607666,26.559999465942383,26.559999465942383,20.84391021728516,52288400
2015-08-24,25.200000762939453,27.6299991607666,24.8700008392334,26.25,20.600631713867188,83234200
2015-08-25,27.040000915527344,27.14999961853028,25.8700008392334,25.8700008392334,20.30241584777832,59371900
2015-08-26,26.51000022888184,27.34000015258789,26.07999992370605,27.299999237060547,21.42465782165528,47386700
2015-08-27,27.71999931335449,27.90999984741211,27.01000022888184,27.71999931335449,21.754268646240234,38649400
2015-08-28,27.670000076293945,28.61000061035156,27.450000762939453,28.420000076293945,22.303613662719727,43452400
2015-08-31,28.32999992370605,29.1299991607666,28.15999984741211,28.540000915527344,22.397794723510746,42401800
2015-09-01,27.90999984741211,28.170000076293945,27.65999984741211,27.81999969482422,21.83274269104004,44144000
2015-09-02,28.350000381469727,28.600000381469727,28.13999938964844,28.600000381469727,22.44487953186035,34618800
2015-09-03,28.799999237060547,29.420000076293945,28.690000534057617,29.07999992370605,22.82158088684082,38665900
2015-09-04,28.56999969482422,28.89999961853028,28.40999984741211,28.520000457763672,22.38209724426269,29116500
2015-09-08,28.979999542236328,29.5,28.950000762939453,29.5,23.151185989379883,27805000
2015-09-09,29.71999931335449,30.1200008392334,29.170000076293945,29.239999771118164,22.9471435546875,30774100
2015-09-10,29.18000030517578,29.65999984741211,28.89999961853028,29.270000457763672,22.97068214416504,25195800
2015-09-11,29.07999992370605,29.520000457763672,29.040000915527344,29.46999931335449,23.12764358520508,21786900
2015-09-14,29.46999931335449,29.530000686645508,29.09000015258789,29.38999938964844,23.064855575561523,24065100
2015-09-15,29.559999465942383,29.940000534057617,29.479999542236328,29.729999542236328,23.331682205200195,29819000
2015-09-16,29.6200008392334,29.790000915527344,29.39999961853028,29.770000457763672,23.36307716369629,25957800
2015-09-17,29.6200008392334,30.200000762939453,29.549999237060547,29.709999084472656,23.31599235534668,29805200
2015-09-18,29.21999931335449,29.420000076293945,28.809999465942383,29.020000457763672,22.77448844909668,60693400
2015-09-21,29.09000015258789,29.34000015258789,28.940000534057617,29.15999984741211,22.88435935974121,24417100
2015-09-22,28.670000076293945,28.89999961853028,28.479999542236328,28.670000076293945,22.49981689453125,28576200
2015-09-23,29.020000457763672,29.09000015258789,28.59000015258789,28.739999771118164,22.55474281311035,25984000
2015-09-24,28.3799991607666,28.670000076293945,27.8700008392334,28.479999542236328,22.3507022857666,32754700
2015-09-25,28.940000534057617,29.1200008392334,28.6299991607666,28.809999465942383,22.60968017578125,29192300
2015-09-28,28.68000030517578,29.36000061035156,28.63999938964844,28.76000022888184,22.570446014404297,42291000
2015-09-29,28.82999992370605,29.350000381469727,28.76000022888184,29.239999771118164,22.9471435546875,34169600
2015-09-30,29.559999465942383,30.31999969482422,29.540000915527344,30.13999938964844,23.65345001220703,41051700
2015-10-01,30.209999084472656,30.280000686645508,29.459999084472656,30.0,23.5435791015625,29832800
2015-10-02,29.670000076293945,30.530000686645508,29.530000686645508,30.51000022888184,23.943819046020508,27901500
2015-10-05,30.729999542236328,31.3799991607666,30.559999465942383,31.209999084472656,24.49317169189453,34842500
2015-10-06,31.15999984741211,31.850000381469727,31.11000061035156,31.739999771118164,24.90911102294922,34899800
2015-10-07,32.0,32.41999816894531,31.71999931335449,32.31999969482422,25.36427879333496,36930100
2015-10-08,32.22999954223633,32.599998474121094,31.979999542236328,32.52000045776367,25.521238327026367,27794600
2015-10-09,32.369998931884766,32.54999923706055,31.940000534057617,32.13999938964844,25.223018646240234,24209900
2015-10-12,32.15999984741211,32.31999969482422,32.0,32.209999084472656,25.277956008911133,18795000
2015-10-13,32.029998779296875,32.47999954223633,31.979999542236328,32.040000915527344,25.144540786743164,35588600
2015-10-14,31.38999938964844,32.93000030517578,30.850000381469727,32.79999923706055,25.74098014831543,75954800
2015-10-15,32.84000015258789,33.060001373291016,32.459999084472656,32.75,25.70173454284668,37634800
2015-10-16,32.75,33.20000076293945,32.47999954223633,33.040000915527344,25.929330825805664,29371300
2015-10-19,32.880001068115234,33.619998931884766,32.869998931884766,33.59000015258789,26.360963821411133,37624000
2015-10-20,33.400001525878906,33.70000076293945,33.310001373291016,33.439998626708984,26.24324607849121,24416100
2015-10-21,33.66999816894531,34.04999923706055,33.31999969482422,33.369998931884766,26.18831253051757,31928800
2015-10-22,33.70000076293945,34.5,33.59000015258789,34.400001525878906,26.996639251708984,39572600
2015-10-23,34.540000915527344,35.029998779296875,34.400001525878906,34.900001525878906,27.38903045654297,42796600
2015-10-26,34.77000045776367,34.959999084472656,34.54999923706055,34.59000015258789,27.14574432373047,22646900
2015-10-27,34.40999984741211,34.54999923706055,34.310001373291016,34.470001220703125,27.051572799682617,22630100
2015-10-28,34.470001220703125,34.709999084472656,34.119998931884766,34.709999084472656,27.23991584777832,21908400
2015-10-29,34.20000076293945,34.290000915527344,33.77000045776367,34.029998779296875,26.706262588500977,21325200
2015-10-30,34.099998474121094,34.290000915527344,33.86000061035156,33.86000061035156,26.57285118103028,24693900
2015-11-02,33.72999954223633,34.279998779296875,33.63999938964844,34.11000061035156,26.769052505493164,21743100
2015-11-03,34.0,34.40999984741211,33.97999954223633,34.310001373291016,26.926006317138672,18167000
2015-11-04,34.27000045776367,34.27000045776367,33.900001525878906,34.150001525878906,26.98923683166504,20762100
2015-11-05,34.099998474121094,34.20000076293945,33.72999954223633,34.0,26.870683670043945,16486100
2015-11-06,33.93000030517578,33.970001220703125,33.40999984741211,33.84000015258789,26.74424171447754,23701700
2015-11-09,33.599998474121094,33.83000183105469,33.08000183105469,33.349998474121094,26.356979370117188,24168700
2015-11-10,33.16999816894531,33.27000045776367,32.810001373291016,33.209999084472656,26.24633979797364,22451700
2015-11-11,33.15999984741211,33.380001068115234,32.79999923706055,32.86000061035156,25.969730377197266,19864700
2015-11-12,32.709999084472656,32.91999816894531,32.38999938964844,32.400001525878906,25.606178283691406,23265400
2015-11-13,32.27000045776367,32.380001068115234,31.959999084472656,32.11000061035156,25.37698745727539,23673200
2015-11-16,32.09000015258789,32.2599983215332,31.93000030517578,32.099998474121094,25.36908531188965,29899700
2015-11-17,32.150001525878906,32.880001068115234,32.0099983215332,32.63999938964844,25.79585266113281,22636400
2015-11-18,32.72999954223633,33.2400016784668,32.619998931884766,33.15999984741211,26.206823348999023,18619800
2015-11-19,33.220001220703125,34.72999954223633,33.130001068115234,34.29999923706055,27.107778549194336,45381600
2015-11-20,34.47999954223633,35.290000915527344,34.47999954223633,34.65999984741211,27.392290115356445,41137700
2015-11-23,34.65999984741211,34.849998474121094,34.40999984741211,34.47999954223633,27.25003433227539,20152900
2015-11-24,34.33000183105469,34.439998626708984,33.900001525878906,34.36000061035156,27.155197143554688,21413500
2015-11-25,34.2599983215332,34.7400016784668,34.13999938964844,34.45000076293945,27.22632598876953,17939400
2015-11-27,34.540000915527344,34.68000030517578,34.400001525878906,34.459999084472656,27.23422813415528,6620900
2015-11-30,34.54999923706055,34.900001525878906,34.43000030517578,34.77000045776367,27.479228973388672,21785800
2015-12-01,35.0,35.20000076293945,34.709999084472656,35.09000015258789,27.73213005065918,23560200
2015-12-02,35.09000015258789,35.40999984741211,34.810001373291016,34.83000183105469,27.526647567749023,18688200
2015-12-03,34.970001220703125,34.9900016784668,34.0,34.040000915527344,26.90229225158692,30131100
2015-12-04,34.11000061035156,35.029998779296875,34.0,34.939998626708984,27.61357688903809,24901000
2015-12-07,34.790000915527344,35.16999816894531,34.75,34.9900016784668,27.653100967407227,17731900
2015-12-08,34.66999816894531,34.95000076293945,34.41999816894531,34.75,27.463415145874023,13380200
2015-12-09,34.880001068115234,35.220001220703125,34.5099983215332,34.810001373291016,27.51084518432617,22548300
2015-12-10,34.849998474121094,35.06999969482422,34.65999984741211,34.77000045776367,27.479228973388672,17400700
2015-12-11,34.310001373291016,34.650001525878906,34.20000076293945,34.27000045776367,27.08407020568848,21251400
2015-12-14,34.380001068115234,34.47999954223633,33.880001068115234,34.470001220703125,27.24213409423828,19357100
2015-12-15,34.650001525878906,35.349998474121094,34.63999938964844,35.18000030517578,27.803253173828125,24365900
2015-12-16,35.36000061035156,35.470001220703125,34.77000045776367,35.29999923706055,27.898090362548828,23257900
2015-12-17,35.31999969482422,35.369998931884766,34.7599983215332,34.90999984741211,27.58986473083496,24963600
2015-12-18,34.72999954223633,34.75,33.86000061035156,33.869998931884766,26.7679386138916,41336600
2015-12-21,34.11000061035156,34.29999923706055,33.81999969482422,34.2400016784668,27.06035423278809,18006800
2015-12-22,34.36000061035156,34.779998779296875,34.27000045776367,34.72999954223633,27.447608947753903,18422000
2015-12-23,34.95000076293945,35.04999923706055,34.779998779296875,35.0,27.660993576049805,12526500
2015-12-24,35.06999969482422,35.2599983215332,34.959999084472656,34.97999954223633,27.64519119262696,5893800
2015-12-28,34.95000076293945,35.0,34.56999969482422,34.93000030517578,27.60568046569824,9449400
2015-12-29,35.0099983215332,35.59000015258789,35.0099983215332,35.439998626708984,28.00873374938965,14188600
2015-12-30,35.380001068115234,35.45000076293945,34.95000076293945,34.9900016784668,27.653100967407227,11566800
2015-12-31,34.81999969482422,34.959999084472656,34.439998626708984,34.45000076293945,27.22632598876953,14736700
2016-01-04,33.880001068115234,34.0099983215332,33.459999084472656,33.9900016784668,26.86277961730957,27882200
2016-01-05,33.959999084472656,34.0,33.529998779296875,33.83000183105469,26.736328125,16709500
2016-01-06,33.25,33.52000045776367,32.79999923706055,33.08000183105469,26.143592834472656,25491300
2016-01-07,32.279998779296875,33.0099983215332,31.84000015258789,31.84000015258789,25.16360664367676,37680500
2016-01-08,32.09000015258789,32.220001220703125,31.43000030517578,31.51000022888184,24.902801513671875,29953800
2016-01-11,31.809999465942383,32.220001220703125,31.68000030517578,32.060001373291016,25.337474822998047,27732400
2016-01-12,32.7599983215332,32.88999938964844,32.27000045776367,32.68000030517578,25.82747459411621,28587700
2016-01-13,32.7599983215332,32.93000030517578,31.82999992370605,31.90999984741211,25.21892738342285,34445700
2016-01-14,31.96999931335449,32.869998931884766,31.799999237060547,32.7400016784668,25.874889373779297,48728200
2016-01-15,29.729999542236328,30.5,29.450000762939453,29.76000022888184,23.51975440979004,76373900
2016-01-19,29.979999542236328,30.059999465942383,29.479999542236328,29.799999237060547,23.55136489868164,28878100
2016-01-20,29.350000381469727,29.8700008392334,29.209999084472656,29.59000015258789,23.385400772094727,39598200
2016-01-21,29.64999961853028,30.030000686645508,29.239999771118164,29.65999984741211,23.44072151184082,30157400
2016-01-22,30.1200008392334,30.239999771118164,29.51000022888184,29.93000030517578,23.65410423278809,25326500
2016-01-25,29.989999771118164,30.21999931335449,29.56999969482422,29.600000381469727,23.393293380737305,26441000
2016-01-26,29.61000061035156,30.049999237060547,29.61000061035156,29.940000534057617,23.662010192871094,24754900
2016-01-27,29.8799991607666,30.21999931335449,29.63999938964844,29.809999465942383,23.55926513671875,26384100
2016-01-28,30.020000457763672,30.18000030517578,29.75,29.96999931335449,23.685710906982425,22028100
2016-01-29,30.209999084472656,31.030000686645508,30.100000381469727,31.020000457763672,24.51554679870605,38311400
2016-02-01,30.71999931335449,31.1200008392334,30.63999938964844,30.81999969482422,24.35748672485352,19015100
2016-02-02,30.450000762939453,30.489999771118164,29.6299991607666,29.799999237060547,23.55136489868164,24994300
2016-02-03,29.71999931335449,29.71999931335449,28.520000457763672,29.34000015258789,23.391904830932617,44660100
2016-02-04,29.13999938964844,29.8799991607666,29.11000061035156,29.770000457763672,23.7347354888916,29257800
2016-02-05,29.57999992370605,29.76000022888184,28.90999984741211,29.040000915527344,23.152729034423828,27957500
2016-02-08,28.739999771118164,28.979999542236328,28.299999237060547,28.81999969482422,22.97732734680176,28725900
2016-02-09,28.489999771118164,29.14999961853028,28.40999984741211,28.809999465942383,22.969356536865234,22902600
2016-02-10,28.8799991607666,29.0,28.190000534057617,28.229999542236328,22.506940841674805,27267800
2016-02-11,27.82999992370605,28.40999984741211,27.68000030517578,28.21999931335449,22.498966217041016,28450200
2016-02-12,28.56999969482422,28.700000762939453,28.13999938964844,28.63999938964844,22.833816528320312,19699000
2016-02-16,28.75,28.950000762939453,28.36000061035156,28.780000686645508,22.945432662963867,30705200
2016-02-17,28.86000061035156,29.6200008392334,28.729999542236328,29.46999931335449,23.495555877685547,27691700
2016-02-18,29.530000686645508,29.76000022888184,29.3799991607666,29.420000076293945,23.4556884765625,20623300
2016-02-19,29.200000762939453,29.32999992370605,28.709999084472656,28.709999084472656,22.889633178710938,42056700
2016-02-22,29.11000061035156,29.540000915527344,29.0,29.350000381469727,23.399883270263672,23893100
2016-02-23,29.299999237060547,29.350000381469727,28.600000381469727,28.799999237060547,22.96138381958008,26638200
2016-02-24,28.520000457763672,29.299999237060547,28.3799991607666,29.190000534057617,23.272321701049805,21593600
2016-02-25,29.31999969482422,29.6200008392334,28.950000762939453,29.6200008392334,23.61514663696289,17571400
2016-02-26,29.8799991607666,30.07999992370605,29.700000762939453,29.799999237060547,23.75865364074707,19902200
2016-02-29,29.71999931335449,30.13999938964844,29.57999992370605,29.59000015258789,23.59123039245605,22903100
2016-03-01,29.93000030517578,30.530000686645508,29.75,30.3700008392334,24.213098526000977,25502600
2016-03-02,30.299999237060547,30.8700008392334,30.1200008392334,30.540000915527344,24.348630905151367,23779800
2016-03-03,31.1299991607666,31.350000381469727,30.540000915527344,30.57999992370605,24.38051986694336,25625200
2016-03-04,30.5,30.86000061035156,30.049999237060547,30.6299991607666,24.420387268066406,20356800
2016-03-07,30.59000015258789,31.1200008392334,30.5,30.940000534057617,24.66754722595215,18858200
2016-03-08,30.82999992370605,30.8799991607666,30.3799991607666,30.559999465942383,24.36457633972168,19104900
2016-03-09,30.82999992370605,31.040000915527344,30.670000076293945,30.8700008392334,24.61172866821289,14707800
2016-03-10,31.13999938964844,31.39999961853028,30.3799991607666,31.25,24.914697647094727,29584800
2016-03-11,31.670000076293945,31.790000915527344,31.530000686645508,31.76000022888184,25.3213005065918,22811200
2016-03-14,31.65999984741211,31.690000534057617,31.299999237060547,31.43000030517578,25.058198928833008,17438600
2016-03-15,31.34000015258789,31.64999961853028,31.059999465942383,31.64999961853028,25.23360061645508,16927700
2016-03-16,31.489999771118164,31.799999237060547,31.170000076293945,31.690000534057617,25.2655029296875,26298400
2016-03-17,31.76000022888184,32.16999816894531,31.700000762939453,31.979999542236328,25.4966983795166,22865300
2016-03-18,32.15999984741211,32.689998626708984,32.060001373291016,32.68000030517578,26.05479621887207,49934200
2016-03-21,32.22999954223633,32.41999816894531,31.950000762939453,32.34000015258789,25.78372383117676,21760900
2016-03-22,32.15999984741211,32.459999084472656,31.950000762939453,32.31999969482422,25.76777076721192,22200400
2016-03-23,32.470001220703125,32.470001220703125,31.979999542236328,32.0,25.51264762878418,18765300
2016-03-24,31.8700008392334,31.950000762939453,31.700000762939453,31.8799991607666,25.41697120666504,14211900
2016-03-28,31.8700008392334,32.0,31.6200008392334,31.89999961853028,25.43292236328125,11433000
2016-03-29,31.93000030517578,32.439998626708984,31.729999542236328,32.380001068115234,25.815614700317383,15313200
2016-03-30,32.45000076293945,32.75,32.290000915527344,32.709999084472656,26.078706741333008,16598000
2016-03-31,32.529998779296875,32.65999984741211,32.31999969482422,32.349998474121094,25.79169273376465,17880000
2016-04-01,32.27000045776367,32.470001220703125,32.099998474121094,32.45000076293945,25.87141990661621,18049700
2016-04-04,32.20000076293945,32.380001068115234,31.739999771118164,32.0,25.51264762878418,21581600
2016-04-05,31.88999938964844,32.119998931884766,31.71999931335449,31.89999961853028,25.43292236328125,20080000
2016-04-06,31.96999931335449,32.22999954223633,31.770000457763672,32.08000183105469,25.57642936706543,15740600
2016-04-07,31.88999938964844,31.89999961853028,31.350000381469727,31.549999237060547,25.15387916564941,23738200
2016-04-08,31.76000022888184,32.02000045776367,31.479999542236328,31.6299991607666,25.217653274536133,17031900
2016-04-11,31.89999961853028,32.34000015258789,31.65999984741211,31.670000076293945,25.24955368041992,19707700
2016-04-12,31.8799991607666,31.940000534057617,31.3799991607666,31.86000061035156,25.401029586791992,16774200
2016-04-13,31.96999931335449,32.18000030517578,31.950000762939453,32.130001068115234,25.61629867553711,19968100
2016-04-14,31.780000686645508,31.88999938964844,31.549999237060547,31.799999237060547,25.353195190429688,21620900
2016-04-15,31.790000915527344,31.88999938964844,31.3799991607666,31.459999084472656,25.082120895385746,28782800
2016-04-18,31.43000030517578,31.71999931335449,31.3799991607666,31.64999961853028,25.23360061645508,21566600
2016-04-19,31.700000762939453,31.809999465942383,31.39999961853028,31.600000381469727,25.19374084472656,33619300
2016-04-20,31.31999969482422,32.2599983215332,31.25,32.0,25.51264762878418,57629800
2016-04-21,31.940000534057617,32.060001373291016,31.809999465942383,31.96999931335449,25.48872947692871,28431400
2016-04-22,31.739999771118164,31.86000061035156,31.21999931335449,31.63999938964844,25.225631713867188,29625600
2016-04-25,31.36000061035156,31.5,31.200000762939453,31.38999938964844,25.02631568908692,19315700
2016-04-26,31.38999938964844,31.700000762939453,31.170000076293945,31.39999961853028,25.03428649902344,20976400
2016-04-27,31.25,31.799999237060547,31.190000534057617,31.75,25.31332969665528,20006200
2016-04-28,31.450000762939453,31.709999084472656,31.030000686645508,31.11000061035156,24.80307579040528,25146400
2016-04-29,30.86000061035156,30.8700008392334,30.100000381469727,30.280000686645508,24.141345977783203,36443700
2016-05-02,30.450000762939453,30.690000534057617,30.36000061035156,30.61000061035156,24.404443740844727,21086600
2016-05-03,30.40999984741211,30.559999465942383,30.09000015258789,30.36000061035156,24.20512962341309,27111100
2016-05-04,30.170000076293945,30.209999084472656,29.700000762939453,29.850000381469727,24.004085540771484,23278800
2016-05-05,29.8700008392334,30.020000457763672,29.75,29.89999961853028,24.04429244995117,23393300
2016-05-06,29.61000061035156,30.11000061035156,29.520000457763672,30.040000915527344,24.15687370300293,19632200
2016-05-09,30.07999992370605,30.170000076293945,29.76000022888184,29.799999237060547,23.963876724243164,16888300
2016-05-10,30.0,30.18000030517578,29.81999969482422,30.13999938964844,24.237289428710938,17013800
2016-05-11,30.15999984741211,30.25,29.96999931335449,30.059999465942383,24.172956466674805,15754200
2016-05-12,30.11000061035156,30.239999771118164,29.56999969482422,29.76000022888184,23.93170928955078,20826700
2016-05-13,29.86000061035156,30.200000762939453,29.84000015258789,29.90999984741211,24.05233192443848,19999600
2016-05-16,29.89999961853028,30.559999465942383,29.8799991607666,30.38999938964844,24.43832778930664,21826100
2016-05-17,30.56999969482422,30.56999969482422,29.86000061035156,29.979999542236328,24.108627319335938,25709900
2016-05-18,30.030000686645508,30.25,29.780000686645508,29.989999771118164,24.11666679382324,22469900
2016-05-19,29.770000457763672,29.93000030517578,29.5,29.6299991607666,23.8271713256836,21740900
2016-05-20,29.729999542236328,30.3799991607666,29.700000762939453,30.14999961853028,24.24532890319824,22777300
2016-05-23,30.229999542236328,30.479999542236328,30.1299991607666,30.229999542236328,24.30966758728028,20881900
2016-05-24,30.5,31.1200008392334,30.450000762939453,31.059999465942383,24.97711753845215,23699200
2016-05-25,31.200000762939453,31.56999969482422,31.14999961853028,31.38999938964844,25.242488861083984,18359600
2016-05-26,31.489999771118164,31.6299991607666,31.39999961853028,31.489999771118164,25.322904586791992,12692300
2016-05-27,31.600000381469727,31.64999961853028,31.450000762939453,31.56999969482422,25.38723564147949,13341300
2016-05-31,31.51000022888184,31.64999961853028,31.309999465942383,31.59000015258789,25.40331649780273,23040200
2016-06-01,31.6200008392334,31.71999931335449,31.46999931335449,31.65999984741211,25.45960807800293,17753500
2016-06-02,31.559999465942383,31.76000022888184,31.450000762939453,31.76000022888184,25.54002571105957,14140100
2016-06-03,31.739999771118164,31.739999771118164,31.39999961853028,31.6200008392334,25.427446365356445,15777500
2016-06-06,31.63999938964844,31.81999969482422,31.57999992370605,31.68000030517578,25.47568893432617,15139600
2016-06-07,31.75,32.02000045776367,31.700000762939453,31.8799991607666,25.63651657104492,19339100
2016-06-08,31.799999237060547,32.0,31.790000915527344,31.88999938964844,25.644567489624023,12732100
2016-06-09,31.68000030517578,32.0,31.68000030517578,31.940000534057617,25.684778213500977,11276800
2016-06-10,31.700000762939453,32.2400016784668,31.64999961853028,32.040000915527344,25.765193939208984,35749100
2016-06-13,32.04999923706055,32.5,32.040000915527344,32.16999816894531,25.869733810424805,23004800
2016-06-14,32.0099983215332,32.2400016784668,31.790000915527344,32.13999938964844,25.845603942871094,18754300
2016-06-15,32.25,32.2599983215332,31.59000015258789,31.61000061035156,25.41940116882324,23783300
2016-06-16,31.440000534057617,31.770000457763672,31.21999931335449,31.690000534057617,25.48373985290528,18547900
2016-06-17,31.729999542236328,31.809999465942383,31.46999931335449,31.76000022888184,25.54002571105957,27047900
2016-06-20,32.06999969482422,32.439998626708984,32.0099983215332,32.16999816894531,25.869733810424805,21961600
2016-06-21,32.2599983215332,32.380001068115234,32.09000015258789,32.31999969482422,25.9903507232666,15476500
2016-06-22,32.29999923706055,32.630001068115234,32.25,32.290000915527344,25.96622657775879,18304800
2016-06-23,32.58000183105469,33.0,32.5,32.9900016784668,26.529136657714844,22048800
2016-06-24,31.799999237060547,32.31999969482422,31.39999961853028,31.549999237060547,25.37115478515625,38094300
2016-06-27,31.40999984741211,31.40999984741211,30.440000534057617,30.71999931335449,24.70369911193848,34965100
2016-06-28,30.96999931335449,31.200000762939453,30.809999465942383,31.190000534057617,25.081661224365234,23693900
2016-06-29,31.350000381469727,31.979999542236328,31.309999465942383,31.93000030517578,25.676738739013672,22771100
2016-06-30,32.0,32.880001068115234,31.96999931335449,32.79999923706055,26.37635040283203,34528900
2016-07-01,32.63999938964844,32.88999938964844,32.470001220703125,32.75,26.33613967895508,17084600
2016-07-05,32.5,32.72999954223633,32.459999084472656,32.68000030517578,26.27985382080078,20107200
2016-07-06,32.79999923706055,33.0,32.380001068115234,32.970001220703125,26.513059616088867,21070200
2016-07-07,32.959999084472656,33.54999923706055,32.959999084472656,33.20000076293945,26.698013305664062,26119400
2016-07-08,33.650001525878906,34.0,33.5,34.0,27.34132957458496,23341900
2016-07-11,34.040000915527344,34.5,34.040000915527344,34.380001068115234,27.64692115783692,23820700
2016-07-12,34.5099983215332,34.970001220703125,34.47999954223633,34.939998626708984,28.097240447998047,28064100
2016-07-13,35.040000915527344,35.25,34.880001068115234,35.0099983215332,28.15353775024414,29120900
2016-07-14,35.130001068115234,35.29999923706055,34.959999084472656,35.20000076293945,28.30632781982422,25296400
2016-07-15,35.2599983215332,35.290000915527344,34.900001525878906,35.06999969482422,28.20178604125977,23661900
2016-07-18,35.18000030517578,35.20000076293945,34.95000076293945,35.04999923706055,28.185705184936523,19347200
2016-07-19,34.88999938964844,35.15999984741211,34.849998474121094,35.150001525878906,28.2661190032959,20395400
2016-07-20,35.29999923706055,35.93000030517578,35.060001373291016,35.689998626708984,28.70035743713379,42994200
2016-07-21,34.33000183105469,34.4900016784668,33.86000061035156,34.27000045776367,27.55845642089844,63708600
2016-07-22,34.380001068115234,34.70000076293945,34.2599983215332,34.65999984741211,27.872079849243164,33033700
2016-07-25,34.619998931884766,34.7599983215332,34.56999969482422,34.689998626708984,27.896215438842773,20277700
2016-07-26,34.75,35.22999954223633,34.70000076293945,35.09000015258789,28.217872619628903,29644400
2016-07-27,35.0,35.279998779296875,34.630001068115234,34.83000183105469,28.00878524780273,23601800
2016-07-28,34.83000183105469,34.83000183105469,34.52000045776367,34.77000045776367,27.960542678833008,21667400
2016-07-29,34.77000045776367,34.91999816894531,34.599998474121094,34.86000061035156,28.032915115356445,18171200
2016-08-01,34.81999969482422,34.90999984741211,34.560001373291016,34.849998474121094,28.02486801147461,18824400
2016-08-02,34.810001373291016,34.869998931884766,34.33000183105469,34.560001373291016,27.791667938232425,20057300
2016-08-03,34.099998474121094,34.279998779296875,33.9900016784668,34.25,27.751150131225582,18388800
2016-08-04,34.290000915527344,34.619998931884766,34.220001220703125,34.58000183105469,28.018539428710938,16362600
2016-08-05,34.79999923706055,35.130001068115234,34.70000076293945,34.97999954223633,28.342639923095703,20046200
2016-08-08,34.900001525878906,35.16999816894531,34.86000061035156,35.040000915527344,28.391252517700195,19497300
2016-08-09,35.040000915527344,35.15999984741211,34.84000015258789,34.91999816894531,28.29401969909668,12578900
2016-08-10,35.0,35.0,34.5,34.529998779296875,27.978025436401367,19579000
2016-08-11,34.65999984741211,34.7400016784668,34.4900016784668,34.68000030517578,28.09955787658692,16364100
2016-08-12,34.52000045776367,34.7599983215332,34.439998626708984,34.56999969482422,28.010433197021484,15708300
2016-08-15,34.70000076293945,35.15999984741211,34.630001068115234,34.90999984741211,28.285926818847656,18931100
2016-08-16,34.77000045776367,35.209999084472656,34.77000045776367,35.209999084472656,28.528987884521484,16320900
2016-08-17,35.16999816894531,35.209999084472656,34.77000045776367,35.02000045776367,28.37504768371582,18221600
2016-08-18,34.959999084472656,35.09000015258789,34.75,34.970001220703125,28.33452796936035,16085200
2016-08-19,34.84000015258789,35.27000045776367,34.7400016784668,35.2400016784668,28.55330467224121,16417600
2016-08-22,35.20000076293945,35.45000076293945,35.119998931884766,35.36000061035156,28.650541305541992,14941400
2016-08-23,35.5,35.689998626708984,35.29999923706055,35.400001525878906,28.68294334411621,18316000
2016-08-24,35.31999969482422,35.40999984741211,35.02000045776367,35.150001525878906,28.48038101196289,16343500
2016-08-25,35.04999923706055,35.220001220703125,34.900001525878906,35.09000015258789,28.431760787963867,12428000
2016-08-26,35.11000061035156,35.58000183105469,35.04999923706055,35.2599983215332,28.56951141357422,14469900
2016-08-29,35.47999954223633,35.66999816894531,35.150001525878906,35.54999923706055,28.80449104309082,15264300
2016-08-30,35.59000015258789,35.7400016784668,35.52000045776367,35.70000076293945,28.926013946533203,15183200
2016-08-31,35.619998931884766,35.900001525878906,35.58000183105469,35.88999938964844,29.07996368408203,20562700
2016-09-01,35.9900016784668,36.040000915527344,35.58000183105469,36.02000045776367,29.18529891967773,18925800
2016-09-02,36.209999084472656,36.33000183105469,35.95000076293945,36.08000183105469,29.23391342163086,16726700
2016-09-06,36.380001068115234,36.59999847412109,36.16999816894531,36.56999969482422,29.630931854248047,22337800
2016-09-07,36.650001525878906,36.650001525878906,36.380001068115234,36.459999084472656,29.54181289672852,18495600
2016-09-08,36.34999847412109,36.59000015258789,36.119998931884766,36.43999862670898,29.525598526000977,20356500
2016-09-09,36.09999847412109,36.38999938964844,35.439998626708984,35.439998626708984,28.715347290039062,29457900
2016-09-12,35.189998626708984,36.119998931884766,35.060001373291016,36.08000183105469,29.23391342163086,22796600
2016-09-13,35.75,35.880001068115234,35.31999969482422,35.61000061035156,28.85309219360352,23591300
2016-09-14,35.5099983215332,35.81999969482422,35.400001525878906,35.619998931884766,28.8612003326416,14074500
2016-09-15,35.7400016784668,36.650001525878906,35.540000915527344,36.560001373291016,29.62283706665039,23736000
2016-09-16,37.720001220703125,38.04999923706055,37.25,37.66999816894531,30.5222110748291,74577900
2016-09-19,37.68999862670898,38.02000045776367,37.09000015258789,37.15999984741211,30.108985900878903,30531700
2016-09-20,37.41999816894531,37.43000030517578,36.93999862670898,37.13999938964844,30.092782974243164,24796900
2016-09-21,37.209999084472656,37.459999084472656,36.86000061035156,37.45000076293945,30.343955993652344,21233700
2016-09-22,37.59999847412109,37.83000183105469,37.43999862670898,37.54999923706055,30.42498207092285,17013400
2016-09-23,37.45000076293945,37.650001525878906,37.119998931884766,37.18999862670898,30.13329124450684,18062500
2016-09-26,36.91999816894531,36.93999862670898,36.59999847412109,36.650001525878906,29.69576072692871,25518800
2016-09-27,36.900001525878906,37.220001220703125,36.630001068115234,37.18000030517578,30.12519073486328,22391600
2016-09-28,37.310001373291016,37.5,37.150001525878906,37.43999862670898,30.33585357666016,19020800
2016-09-29,37.4900016784668,37.52999877929688,37.0,37.31999969482422,30.23862838745117,17675000
2016-09-30,37.470001220703125,37.91999816894531,37.43999862670898,37.75,30.5870361328125,24279300
2016-10-03,37.68999862670898,37.95000076293945,37.52999877929688,37.65999984741211,30.514116287231445,14113600
2016-10-04,37.77000045776367,37.93999862670898,37.33000183105469,37.540000915527344,30.416889190673828,14393100
2016-10-05,37.75,38.310001373291016,37.63999938964844,37.9900016784668,30.781492233276367,22420800
2016-10-06,37.84000015258789,38.15999984741211,37.58000183105469,38.06999969482422,30.84632110595703,15171400
2016-10-07,38.08000183105469,38.220001220703125,37.77999877929688,38.09999847412109,30.87061882019043,16942500
2016-10-10,38.25,38.36000061035156,37.900001525878906,38.02000045776367,30.80580711364746,14954300
2016-10-11,37.90999984741211,38.0,36.81999969482422,37.27000045776367,30.1981201171875,27650500
2016-10-12,37.20000076293945,37.25,36.810001373291016,37.130001068115234,30.08467674255371,14053900
2016-10-13,36.84999847412109,37.130001068115234,36.459999084472656,36.970001220703125,29.95503616333008,16936000
2016-10-14,37.18999862670898,37.70000076293945,37.15999984741211,37.45000076293945,30.343955993652344,19123900
2016-10-17,37.54999923706055,37.720001220703125,37.2400016784668,37.290000915527344,30.21432113647461,15788100
2016-10-18,37.970001220703125,38.04999923706055,37.52999877929688,37.75,30.5870361328125,42907800
2016-10-19,36.06999969482422,36.09000015258789,35.22999954223633,35.5099983215332,28.77206420898437,75229000
2016-10-20,35.40999984741211,35.66999816894531,35.099998474121094,35.43000030517578,28.707250595092773,25669500
2016-10-21,35.209999084472656,35.400001525878906,34.810001373291016,35.150001525878906,28.48038101196289,20813200
2016-10-24,35.43000030517578,35.4900016784668,35.11000061035156,35.2599983215332,28.56951141357422,21524700
2016-10-25,35.13999938964844,35.25,35.0099983215332,35.099998474121094,28.43986320495605,17860300
2016-10-26,35.040000915527344,35.209999084472656,34.7400016784668,34.91999816894531,28.29401969909668,19977600
2016-10-27,35.099998474121094,35.22999954223633,34.75,34.810001373291016,28.204893112182617,14634700
2016-10-28,34.869998931884766,35.16999816894531,34.709999084472656,34.7400016784668,28.148170471191406,22296400
2016-10-31,34.91999816894531,35.08000183105469,34.84000015258789,34.869998931884766,28.25349998474121,19188600
2016-11-01,34.900001525878906,35.15999984741211,34.27000045776367,34.52000045776367,27.96991920471192,25368200
2016-11-02,34.599998474121094,34.900001525878906,34.470001220703125,34.599998474121094,28.03474235534668,21416400
2016-11-03,34.45000076293945,34.52000045776367,33.869998931884766,33.93000030517578,27.70001983642578,19400000
2016-11-04,33.529998779296875,33.93000030517578,33.41999816894531,33.61000061035156,27.438777923583984,21914700
2016-11-07,34.2400016784668,34.75,34.150001525878906,34.689998626708984,28.32047843933105,19296600
2016-11-08,34.599998474121094,34.95000076293945,34.4900016784668,34.7400016784668,28.361297607421875,14833100
2016-11-09,34.130001068115234,34.849998474121094,33.66999816894531,34.75,28.36945343017578,25999400
2016-11-10,34.95000076293945,34.95000076293945,34.029998779296875,34.5,28.165361404418945,28249900
2016-11-11,34.56999969482422,34.869998931884766,34.34000015258789,34.61000061035156,28.255165100097656,22665000
2016-11-14,34.560001373291016,34.72999954223633,34.20000076293945,34.47999954223633,28.149036407470703,22558900
2016-11-15,34.63999938964844,35.290000915527344,34.61000061035156,34.90999984741211,28.500076293945312,20676100
2016-11-16,34.900001525878906,34.91999816894531,34.540000915527344,34.84000015258789,28.44293212890625,18565500
2016-11-17,34.810001373291016,35.02000045776367,34.630001068115234,35.02000045776367,28.589881896972656,15748500
2016-11-18,34.900001525878906,35.0,34.63999938964844,34.95000076293945,28.5327377319336,16806900
2016-11-21,35.099998474121094,35.20000076293945,34.84000015258789,34.97999954223633,28.55722427368164,14259500
2016-11-22,35.18000030517578,35.5,35.11000061035156,35.47999954223633,28.96542358398437,22327400
2016-11-23,35.47999954223633,35.52000045776367,35.099998474121094,35.20000076293945,28.73683738708496,15843100
2016-11-25,35.11000061035156,35.45000076293945,35.11000061035156,35.439998626708984,28.93276023864746,6372800
2016-11-28,35.43000030517578,35.65999984741211,35.209999084472656,35.5099983215332,28.989913940429688,13549000
2016-11-29,35.63999938964844,35.63999938964844,35.27000045776367,35.310001373291016,28.826635360717773,19581000
2016-11-30,35.20000076293945,35.29999923706055,34.70000076293945,34.70000076293945,28.328643798828125,27016100
2016-12-01,34.86000061035156,34.93000030517578,33.560001373291016,33.7599983215332,27.561235427856445,29618700
2016-12-02,33.720001220703125,34.2599983215332,33.599998474121094,34.15999984741211,27.88778114318848,21492500
2016-12-05,34.310001373291016,34.41999816894531,33.970001220703125,34.38999938964844,28.075563430786133,14462000
2016-12-06,34.38999938964844,34.75,34.29999923706055,34.720001220703125,28.344970703125,15297700
2016-12-07,34.66999816894531,35.56999969482422,34.45000076293945,35.5,28.981748580932617,21710300
2016-12-08,35.47999954223633,36.02999877929688,35.220001220703125,35.70000076293945,29.1450252532959,19966500
2016-12-09,35.75,35.900001525878906,35.59000015258789,35.7599983215332,29.194005966186523,16326900
2016-12-12,35.779998779296875,36.09000015258789,35.66999816894531,35.970001220703125,29.36545753479004,21985800
2016-12-13,36.0099983215332,36.88999938964844,35.93000030517578,36.79999923706055,30.043052673339844,35773600
2016-12-14,36.70000076293945,36.88999938964844,36.459999084472656,36.54999923706055,29.83894920349121,30819400
2016-12-15,36.7400016784668,37.15999984741211,36.52999877929688,36.790000915527344,30.034887313842773,23721500
2016-12-16,36.720001220703125,36.869998931884766,36.09000015258789,36.310001373291016,29.643022537231445,38212800
2016-12-19,36.34000015258789,36.95000076293945,36.27000045776367,36.88999938964844,30.11653709411621,18744300
2016-12-20,36.95000076293945,37.2400016784668,36.88999938964844,37.209999084472656,30.37777328491211,18551800
2016-12-21,37.25,37.34999847412109,36.90999984741211,36.97999954223633,30.190004348754883,14323600
2016-12-22,37.22999954223633,37.2400016784668,36.810001373291016,36.93000030517578,30.14918327331543,10793900
2016-12-23,36.93000030517578,36.97999954223633,36.77000045776367,36.970001220703125,30.181840896606445,6287300
2016-12-27,36.90999984741211,37.33000183105469,36.90999984741211,37.06999969482422,30.26346969604492,9033700
2016-12-28,37.09999847412109,37.20000076293945,36.58000183105469,36.630001068115234,29.90427017211914,12868600
2016-12-29,36.5099983215332,36.720001220703125,36.43000030517578,36.65999984741211,29.92876243591309,8447300
2016-12-30,36.790000915527344,36.79999923706055,36.20000076293945,36.27000045776367,29.610370635986328,17468000
2017-01-03,36.61000061035156,36.93000030517578,36.27000045776367,36.59999847412109,29.879770278930664,20196500
2017-01-04,36.709999084472656,36.77000045776367,36.34000015258789,36.40999984741211,29.72466468811035,15915700
2017-01-05,36.45000076293945,36.720001220703125,36.310001373291016,36.34999847412109,29.67567443847656,13986000
2017-01-06,36.59000015258789,36.68000030517578,36.18999862670898,36.47999954223633,29.78180694580078,15114000
2017-01-09,36.47999954223633,36.88999938964844,36.47999954223633,36.61000061035156,29.88793563842773,19461400
2017-01-10,36.54999923706055,36.93000030517578,36.52999877929688,36.540000915527344,29.830787658691406,15918800
2017-01-11,36.5099983215332,37.0,36.5099983215332,36.95000076293945,30.165515899658203,22398400
2017-01-12,36.83000183105469,36.83000183105469,36.31999969482422,36.709999084472656,29.96957397460937,20391900
2017-01-13,36.709999084472656,36.86000061035156,36.619998931884766,36.790000915527344,30.034887313842773,15072200
2017-01-17,36.66999816894531,36.83000183105469,36.59000015258789,36.79999923706055,30.043052673339844,20195200
2017-01-18,36.88999938964844,37.0099983215332,36.61000061035156,36.7599983215332,30.010387420654297,15382500
2017-01-19,36.5099983215332,36.90999984741211,36.5099983215332,36.56999969482422,29.85527992248535,13654500
2017-01-20,36.7599983215332,37.02999877929688,36.58000183105469,36.93999862670898,30.157339096069336,23950900
2017-01-23,37.06999969482422,37.209999084472656,36.54999923706055,36.77000045776367,30.018569946289062,27752600
2017-01-24,36.84000015258789,37.7400016784668,36.810001373291016,37.619998931884766,30.712495803833008,35140900
2017-01-25,37.869998931884766,38.0,37.52000045776367,37.79999923706055,30.859437942504883,32276400
2017-01-26,37.81999969482422,37.91999816894531,37.41999816894531,37.560001373291016,30.66351318359375,34144800
2017-01-27,38.0,38.45000076293945,37.810001373291016,37.97999954223633,31.00639533996582,44368600
2017-01-30,37.7400016784668,37.84000015258789,37.33000183105469,37.41999816894531,30.549213409423828,23954700
2017-01-31,37.220001220703125,37.369998931884766,36.63999938964844,36.81999969482422,30.059385299682617,27059100
2017-02-01,36.81999969482422,36.95000076293945,36.02000045776367,36.52000045776367,29.814462661743164,28380600
2017-02-02,36.2599983215332,36.70000076293945,36.20000076293945,36.68000030517578,29.945087432861328,31916900
2017-02-03,36.68999862670898,36.81999969482422,36.45000076293945,36.52000045776367,30.027307510375977,21038100
2017-02-06,36.5099983215332,36.5099983215332,36.150001525878906,36.27000045776367,29.82175636291504,21427000
2017-02-07,36.45000076293945,36.52000045776367,36.2400016784668,36.34999847412109,29.887527465820312,18581900
2017-02-08,36.34000015258789,36.650001525878906,36.13999938964844,36.380001068115234,29.91220092773437,20807400
2017-02-09,36.5,36.5,35.400001525878906,35.459999084472656,29.155750274658203,47802700
2017-02-10,35.2599983215332,35.43000030517578,34.84000015258789,35.34000015258789,29.05709457397461,44106500
2017-02-13,35.56999969482422,35.849998474121094,35.34000015258789,35.79999923706055,29.4353084564209,28180600
2017-02-14,35.84000015258789,35.959999084472656,35.529998779296875,35.93000030517578,29.542198181152344,25734800
2017-02-15,35.97999954223633,36.060001373291016,35.66999816894531,36.04999923706055,29.64085578918457,18452200
2017-02-16,36.18000030517578,36.560001373291016,36.09999847412109,36.40999984741211,29.936857223510746,21317500
2017-02-17,36.31999969482422,36.47999954223633,36.09999847412109,36.47999954223633,29.994421005249023,18909900
2017-02-21,36.52999877929688,36.650001525878906,36.33000183105469,36.52000045776367,30.027307510375977,20556000
2017-02-22,36.34000015258789,36.400001525878906,35.790000915527344,36.06999969482422,29.657302856445312,29904400
2017-02-23,36.2400016784668,36.29999923706055,35.900001525878906,36.18000030517578,29.74774742126465,22775000
2017-02-24,36.13999938964844,36.52999877929688,35.95000076293945,36.52999877929688,30.0355281829834,18617600
2017-02-27,36.41999816894531,36.68000030517578,36.27000045776367,36.5099983215332,30.01908493041992,14065200
2017-02-28,36.41999816894531,36.459999084472656,36.0,36.20000076293945,29.764209747314453,24977000
2017-03-01,35.849998474121094,36.09999847412109,35.439998626708984,35.93000030517578,29.542198181152344,34085900
2017-03-02,35.93000030517578,36.02000045776367,35.650001525878906,35.90999984741211,29.525754928588867,23602100
2017-03-03,35.939998626708984,36.09000015258789,35.66999816894531,35.900001525878906,29.517539978027344,17538100
2017-03-06,35.790000915527344,35.79999923706055,35.41999816894531,35.56999969482422,29.24619674682617,24416700
2017-03-07,35.540000915527344,35.79999923706055,35.38999938964844,35.79999923706055,29.4353084564209,23434900
2017-03-08,35.66999816894531,35.900001525878906,35.529998779296875,35.619998931884766,29.28731346130371,20920100
2017-03-09,35.599998474121094,35.939998626708984,35.5,35.81999969482422,29.45175170898437,23616800
2017-03-10,36.119998931884766,36.29999923706055,35.779998779296875,35.90999984741211,29.525754928588867,25402300
2017-03-13,35.849998474121094,36.040000915527344,34.939998626708984,35.15999984741211,28.909093856811523,53582900
2017-03-14,35.060001373291016,35.22999954223633,34.65999984741211,35.18000030517578,28.92553901672364,28586900
2017-03-15,34.939998626708984,35.16999816894531,34.68000030517578,35.099998474121094,28.859760284423828,27996100
2017-03-16,35.16999816894531,35.36000061035156,35.06999969482422,35.13999938964844,28.89265251159668,19616100
2017-03-17,35.310001373291016,35.33000183105469,35.099998474121094,35.27000045776367,28.99954032897949,30778900
2017-03-20,35.369998931884766,35.630001068115234,35.2599983215332,35.43000030517578,29.131092071533203,17322300
2017-03-21,35.59000015258789,35.599998474121094,35.0,35.040000915527344,28.810420989990234,22814500
2017-03-22,35.220001220703125,35.459999084472656,35.0,35.369998931884766,29.081758499145508,19144500
2017-03-23,35.4900016784668,35.4900016784668,35.02000045776367,35.27000045776367,28.99954032897949,20640400
2017-03-24,35.650001525878906,35.72999954223633,35.119998931884766,35.15999984741211,28.909093856811523,22188000
2017-03-27,35.06999969482422,35.5,34.939998626708984,35.38999938964844,29.09819602966309,16992200
2017-03-28,35.34000015258789,35.709999084472656,35.209999084472656,35.599998474121094,29.2708683013916,18398100
2017-03-29,35.52000045776367,35.70000076293945,35.439998626708984,35.56999969482422,29.24619674682617,17202600
2017-03-30,35.58000183105469,35.88999938964844,35.52000045776367,35.75,29.39420318603516,16433000
2017-03-31,35.75,36.25,35.7400016784668,36.06999969482422,29.657302856445312,21438400
2017-04-03,36.18999862670898,36.7400016784668,36.119998931884766,36.15999984741211,29.731306076049805,32013600
2017-04-04,36.119998931884766,36.380001068115234,35.9900016784668,36.27999877929688,29.829984664916992,18918000
2017-04-05,36.43000030517578,36.7599983215332,36.16999816894531,36.220001220703125,29.780641555786133,22455500
2017-04-06,36.130001068115234,36.27999877929688,36.02999877929688,36.02999877929688,29.62441635131836,20198200
2017-04-07,36.06999969482422,36.31999969482422,35.9900016784668,36.02999877929688,29.62441635131836,15689500
2017-04-10,36.02000045776367,36.09000015258789,35.61000061035156,35.79999923706055,29.4353084564209,19973700
2017-04-11,35.77000045776367,35.790000915527344,35.209999084472656,35.7400016784668,29.38597679138184,22711800
2017-04-12,35.869998931884766,36.0099983215332,35.5,35.630001068115234,29.2955322265625,19289800
2017-04-13,35.54999923706055,35.7599983215332,35.25,35.25,28.98309326171875,15764000
2017-04-17,35.439998626708984,35.59000015258789,35.33000183105469,35.47999954223633,29.172195434570312,12560700
2017-04-18,35.43000030517578,35.810001373291016,35.29999923706055,35.77000045776367,29.410654067993164,12321100
2017-04-19,35.970001220703125,36.220001220703125,35.88999938964844,35.90999984741211,29.525754928588867,16594600
2017-04-20,36.18000030517578,36.27000045776367,35.86000061035156,36.18000030517578,29.74774742126465,22968300
2017-04-21,36.20000076293945,36.41999816894531,35.849998474121094,36.31999969482422,29.862869262695312,20390500
2017-04-24,36.66999816894531,36.84999847412109,36.459999084472656,36.75,30.216421127319336,26305800
2017-04-25,36.77000045776367,37.0,36.65999984741211,36.869998931884766,30.31507873535156,22066800
2017-04-26,36.77999877929688,37.22999954223633,36.77999877929688,36.93000030517578,30.36441421508789,27241000
2017-04-27,36.869998931884766,37.5,36.77999877929688,37.43000030517578,30.77552032470703,39890000
2017-04-28,36.09999847412109,36.4900016784668,35.880001068115234,36.150001525878906,29.723087310791016,56769300
2017-05-01,36.11000061035156,36.400001525878906,35.939998626708984,36.310001373291016,29.854639053344727,24825600
2017-05-02,36.369998931884766,37.02999877929688,36.34999847412109,36.970001220703125,30.397300720214844,35813000
2017-05-03,36.720001220703125,37.16999816894531,36.619998931884766,36.97999954223633,30.631725311279297,22040300
2017-05-04,36.9900016784668,37.11000061035156,36.63999938964844,36.84999847412109,30.524030685424805,16437100
2017-05-05,36.86000061035156,36.93000030517578,36.5,36.81999969482422,30.499187469482425,18119200
2017-05-08,36.72999954223633,36.84999847412109,36.47999954223633,36.540000915527344,30.26725578308105,17660200
2017-05-09,36.47999954223633,36.75,36.27999877929688,36.369998931884766,30.126440048217773,17819100
2017-05-10,36.27000045776367,36.380001068115234,35.93000030517578,36.0099983215332,29.828243255615234,25133800
2017-05-11,35.90999984741211,36.0,35.45000076293945,35.689998626708984,29.563173294067383,21508900
2017-05-12,35.720001220703125,35.7400016784668,35.400001525878906,35.529998779296875,29.430635452270508,19730800
2017-05-15,35.529998779296875,35.720001220703125,35.41999816894531,35.630001068115234,29.513473510742188,22120100
2017-05-16,35.75,35.88999938964844,35.41999816894531,35.81999969482422,29.670848846435547,22291800
2017-05-17,35.66999816894531,35.9900016784668,35.02000045776367,35.040000915527344,29.02475357055664,26670200
2017-05-18,35.189998626708984,35.470001220703125,35.08000183105469,35.220001220703125,29.17386245727539,17171900
2017-05-19,35.150001525878906,35.54999923706055,35.130001068115234,35.400001525878906,29.322954177856445,18340100
2017-05-22,35.47999954223633,36.11000061035156,35.380001068115234,35.77000045776367,29.62944984436035,14638100
2017-05-23,35.869998931884766,35.9900016784668,35.560001373291016,35.86000061035156,29.70398330688477,16903700
2017-05-24,35.97999954223633,36.18000030517578,35.88999938964844,36.119998931884766,29.919357299804688,20640600
2017-05-25,36.119998931884766,36.38999938964844,36.060001373291016,36.2599983215332,30.03532791137696,13148500
2017-05-26,36.2599983215332,36.33000183105469,36.130001068115234,36.2599983215332,30.03532791137696,11145500
2017-05-30,36.27000045776367,36.43999862670898,36.09000015258789,36.18000030517578,29.969051361083984,13026900
2017-05-31,36.310001373291016,36.380001068115234,35.869998931884766,36.11000061035156,29.91107177734375,17741900
2017-06-01,36.119998931884766,36.130001068115234,35.79999923706055,36.119998931884766,29.919357299804688,17510900
2017-06-02,36.27000045776367,36.33000183105469,36.0,36.31999969482422,30.085023880004883,19127400
2017-06-05,36.29999923706055,36.5,36.20000076293945,36.34000015258789,30.1015853881836,11685700
2017-06-06,36.15999984741211,36.45000076293945,35.97999954223633,36.130001068115234,29.92763900756836,18420900
2017-06-07,36.130001068115234,36.56999969482422,36.09999847412109,36.2599983215332,30.03532791137696,17192000
2017-06-08,36.34000015258789,36.52999877929688,36.15999984741211,36.47999954223633,30.21755599975586,17154200
2017-06-09,36.5,36.560001373291016,35.310001373291016,35.709999084472656,29.579730987548828,33322100
2017-06-12,35.59000015258789,36.0099983215332,35.40999984741211,35.72999954223633,29.59630584716797,28488300
2017-06-13,35.68000030517578,35.95000076293945,35.529998779296875,35.880001068115234,29.72055053710937,20588200
2017-06-14,35.9900016784668,36.04999923706055,35.220001220703125,35.529998779296875,29.430635452270508,19149000
2017-06-15,35.209999084472656,35.47999954223633,35.13999938964844,35.310001373291016,29.24840545654297,20410000
2017-06-16,35.279998779296875,35.33000183105469,35.0099983215332,35.209999084472656,29.16557502746582,30762800
2017-06-19,35.61000061035156,35.61000061035156,35.31999969482422,35.5099983215332,29.41406440734864,21583800
2017-06-20,35.45000076293945,35.45000076293945,34.84000015258789,34.86000061035156,28.875661849975582,21536500
2017-06-21,34.33000183105469,34.599998474121094,34.09000015258789,34.58000183105469,28.64372444152832,27138500
2017-06-22,34.560001373291016,34.630001068115234,34.290000915527344,34.36000061035156,28.46149444580078,24602900
2017-06-23,34.209999084472656,34.54999923706055,34.099998474121094,34.189998626708984,28.320680618286133,29260900
2017-06-26,34.2599983215332,34.5099983215332,34.029998779296875,34.06999969482422,28.221281051635746,18854800
2017-06-27,34.0,34.150001525878906,33.650001525878906,33.650001525878906,27.873380661010746,27078900
2017-06-28,33.77000045776367,34.2400016784668,33.7400016784668,34.20000076293945,28.32895851135254,25940100
2017-06-29,33.91999816894531,34.099998474121094,33.34000015258789,33.540000915527344,27.78226089477539,25215700
2017-06-30,33.869998931884766,33.93000030517578,33.529998779296875,33.7400016784668,27.947927474975582,24432000
2017-07-03,33.5099983215332,34.029998779296875,33.43000030517578,33.459999084472656,27.71599197387696,12676900
2017-07-05,33.52000045776367,34.43000030517578,33.4900016784668,34.34000015258789,28.444923400878903,30010800
2017-07-06,34.119998931884766,34.290000915527344,33.560001373291016,33.630001068115234,27.856809616088867,20733200
2017-07-07,33.70000076293945,34.119998931884766,33.70000076293945,33.880001068115234,28.06389617919922,18304500
2017-07-10,33.25,33.7400016784668,33.22999954223633,33.650001525878906,27.873380661010746,29918400
2017-07-11,33.63999938964844,33.93000030517578,33.43000030517578,33.91999816894531,28.09703063964844,25737500
2017-07-12,34.279998779296875,34.38999938964844,33.939998626708984,34.25,28.37037467956543,23768300
2017-07-13,34.33000183105469,34.400001525878906,34.119998931884766,34.2400016784668,28.36210060119629,15046200
2017-07-14,34.47999954223633,34.709999084472656,34.27000045776367,34.68000030517578,28.72655868530273,16316400
2017-07-17,34.7400016784668,34.7400016784668,34.36000061035156,34.470001220703125,28.5526123046875,21044400
2017-07-18,34.43000030517578,34.58000183105469,34.25,34.529998779296875,28.60230827331543,14362800
2017-07-19,34.68000030517578,34.68000030517578,34.459999084472656,34.560001373291016,28.627161026000977,17036200
2017-07-20,34.540000915527344,34.84000015258789,34.47999954223633,34.75,28.784536361694336,17506200
2017-07-21,34.540000915527344,34.81999969482422,34.400001525878906,34.72999954223633,28.76797866821289,22245000
2017-07-24,34.72999954223633,34.79999923706055,34.380001068115234,34.5,28.57745742797852,16146300
2017-07-25,34.54999923706055,34.7400016784668,34.400001525878906,34.66999816894531,28.718271255493164,18096700
2017-07-26,34.70000076293945,34.970001220703125,34.59000015258789,34.75,28.784536361694336,15499300
2017-07-27,34.779998779296875,35.25,34.66999816894531,34.970001220703125,28.966773986816406,43062800
2017-07-28,35.130001068115234,35.86000061035156,35.0,35.310001373291016,29.24840545654297,36291500
2017-07-31,35.470001220703125,35.7400016784668,35.31999969482422,35.470001220703125,29.380935668945312,27057000
2017-08-01,35.65999984741211,36.43000030517578,35.56999969482422,36.34999847412109,30.109872817993164,38710200
2017-08-02,36.33000183105469,36.66999816894531,36.060001373291016,36.63999938964844,30.3501033782959,35004300
2017-08-03,36.54999923706055,36.59000015258789,36.150001525878906,36.4900016784668,30.45273208618164,26611300
2017-08-04,36.45000076293945,36.560001373291016,36.09999847412109,36.29999923706055,30.294170379638672,20520300
2017-08-07,36.38999938964844,36.54999923706055,36.220001220703125,36.43000030517578,30.402666091918945,18169300
2017-08-08,36.369998931884766,36.70000076293945,36.29999923706055,36.40999984741211,30.38597679138184,22819900
2017-08-09,36.27999877929688,36.65999984741211,36.02000045776367,36.59000015258789,30.53619766235352,22796800
2017-08-10,36.400001525878906,36.560001373291016,36.11000061035156,36.13999938964844,30.16064643859864,22693300
2017-08-11,36.2599983215332,36.400001525878906,35.790000915527344,35.869998931884766,29.93531608581543,19275100
2017-08-14,36.119998931884766,36.470001220703125,36.08000183105469,36.34000015258789,30.32755851745605,18469400
2017-08-15,36.29999923706055,36.31999969482422,35.81999969482422,36.0,30.04380989074707,21706600
2017-08-16,35.97999954223633,36.06999969482422,35.560001373291016,35.810001373291016,29.88525009155273,22014000
2017-08-17,35.599998474121094,35.68000030517578,35.16999816894531,35.16999816894531,29.35112571716309,19525000
2017-08-18,35.290000915527344,35.310001373291016,34.9900016784668,35.0099983215332,29.21759986877441,16231400
2017-08-21,35.09000015258789,35.279998779296875,34.70000076293945,34.91999816894531,29.142498016357425,26493300
2017-08-22,35.02000045776367,35.189998626708984,34.619998931884766,34.650001525878906,28.91716766357422,26097800
2017-08-23,34.540000915527344,34.810001373291016,34.380001068115234,34.65999984741211,28.925518035888672,19648100
2017-08-24,34.70000076293945,34.88999938964844,34.54999923706055,34.709999084472656,28.967235565185547,14301900
2017-08-25,34.81999969482422,34.93000030517578,34.58000183105469,34.66999816894531,28.93385887145996,14726800
2017-08-28,34.779998779296875,34.79999923706055,34.59000015258789,34.650001525878906,28.91716766357422,20712900
2017-08-29,34.5099983215332,34.75,34.459999084472656,34.72999954223633,28.983932495117188,15843700
2017-08-30,34.75,34.959999084472656,34.630001068115234,34.88999938964844,29.117456436157227,18565000
2017-08-31,34.939998626708984,35.18000030517578,34.869998931884766,35.06999969482422,29.267677307128903,16366800
2017-09-01,35.2400016784668,35.38999938964844,35.06999969482422,35.09000015258789,29.284364700317383,12822000
2017-09-05,35.02000045776367,35.33000183105469,34.93000030517578,35.02000045776367,29.2259521484375,18772000
2017-09-06,35.220001220703125,35.939998626708984,35.11000061035156,35.7599983215332,29.84351348876953,28076400
2017-09-07,35.880001068115234,35.95000076293945,35.33000183105469,35.540000915527344,29.659910202026367,16297100
2017-09-08,35.41999816894531,35.540000915527344,35.08000183105469,35.189998626708984,29.36782455444336,14125000
2017-09-11,35.4900016784668,36.0,35.13999938964844,35.77000045776367,29.85187530517578,20037600
2017-09-12,35.880001068115234,36.34000015258789,35.7400016784668,36.09000015258789,30.118921279907227,19489900
2017-09-13,36.0,36.400001525878906,35.970001220703125,36.33000183105469,30.31921768188477,15509800
2017-09-14,36.18999862670898,36.70000076293945,36.15999984741211,36.47999954223633,30.44439697265625,18093900
2017-09-15,36.54999923706055,37.08000183105469,36.220001220703125,37.0,30.878358840942383,33596100
2017-09-18,37.0,37.33000183105469,36.79999923706055,37.0,30.878358840942383,19393800
2017-09-19,37.20000076293945,37.29999923706055,37.02000045776367,37.22999954223633,31.07030296325684,23850500
2017-09-20,37.22999954223633,37.290000915527344,36.65999984741211,37.06999969482422,30.9367790222168,23957500
2017-09-21,36.9900016784668,37.27000045776367,36.84999847412109,37.20000076293945,31.045270919799805,22954200
2017-09-22,36.95000076293945,37.220001220703125,36.95000076293945,37.18000030517578,31.028583526611328,21631800
2017-09-25,37.04999923706055,37.22999954223633,36.84999847412109,37.15999984741211,31.01189422607422,23180800
2017-09-26,37.209999084472656,37.63999938964844,37.0,37.470001220703125,31.270601272583008,29790400
2017-09-27,37.619998931884766,37.68999862670898,37.09999847412109,37.540000915527344,31.32902336120605,25981400
2017-09-28,37.31999969482422,37.880001068115234,37.290000915527344,37.83000183105469,31.57103729248047,21171400
2017-09-29,37.84000015258789,38.150001525878906,37.70000076293945,38.08000183105469,31.77967643737793,23217300
2017-10-02,38.119998931884766,39.09000015258789,38.08000183105469,39.040000915527344,32.580833435058594,37394500
2017-10-03,38.95000076293945,39.70000076293945,38.95000076293945,39.380001068115234,32.86457824707031,34002200
2017-10-04,39.38999938964844,39.400001525878906,38.86000061035156,39.34000015258789,32.831207275390625,28368800
2017-10-05,39.5,39.650001525878906,39.209999084472656,39.52999877929688,32.989768981933594,17710300
2017-10-06,39.59999847412109,39.88999938964844,39.41999816894531,39.630001068115234,33.07322311401367,18887500
2017-10-09,39.68000030517578,39.880001068115234,39.52000045776367,39.86000061035156,33.265174865722656,18494100
2017-10-10,39.93000030517578,39.95000076293945,39.380001068115234,39.650001525878906,33.08991622924805,29890000
2017-10-11,39.47999954223633,39.66999816894531,39.060001373291016,39.29999923706055,32.79783630371094,30754700
2017-10-12,39.34999847412109,39.38999938964844,38.97999954223633,39.18999862670898,32.70603561401367,18286900
2017-10-13,39.43999862670898,39.810001373291016,39.27999877929688,39.66999816894531,33.106597900390625,16829400
2017-10-16,39.709999084472656,39.790000915527344,39.43999862670898,39.7599983215332,33.18171691894531,12489100
2017-10-17,39.560001373291016,39.869998931884766,39.369998931884766,39.790000915527344,33.206756591796875,15532800
2017-10-18,39.79999923706055,40.290000915527344,39.59999847412109,40.25,33.59065628051758,21424600
2017-10-19,39.880001068115234,40.33000183105469,39.83000183105469,40.09000015258789,33.45711898803711,19222700
2017-10-20,40.33000183105469,40.45000076293945,40.09999847412109,40.43000030517578,33.74085235595703,18335700
2017-10-23,40.54999923706055,41.040000915527344,40.400001525878906,40.83000183105469,34.07468795776367,28647000
2017-10-24,41.0,41.04999923706055,40.720001220703125,40.95000076293945,34.17484664916992,19652400
2017-10-25,40.88999938964844,41.060001373291016,40.4900016784668,40.77999877929688,34.032958984375,24031700
2017-10-26,40.90999984741211,41.58000183105469,40.709999084472656,41.34999847412109,34.5086555480957,38247400
2017-10-27,43.29999923706055,45.0,43.09999847412109,44.400001525878906,37.05403900146485,90028300
2017-10-30,44.47999954223633,45.18999862670898,43.880001068115234,44.369998931884766,37.028995513916016,48161500
2017-10-31,45.20000076293945,45.79999923706055,44.650001525878906,45.4900016784668,37.96368789672852,47000900
2017-11-01,45.970001220703125,46.709999084472656,45.59000015258789,46.709999084472656,38.98184585571289,47813700
2017-11-02,46.61000061035156,47.22999954223633,46.209999084472656,47.09999847412109,39.30731201171875,44602300
2017-11-03,47.20000076293945,47.29999923706055,45.59999847412109,46.34000015258789,38.67305755615234,39298100
2017-11-06,46.59999847412109,46.7400016784668,46.09000015258789,46.70000076293945,39.20446014404297,34035000
2017-11-07,46.70000076293945,47.09000015258789,46.38999938964844,46.77999877929688,39.27162170410156,24461400
2017-11-08,46.619998931884766,46.70000076293945,46.27999877929688,46.70000076293945,39.20446014404297,21565800
2017-11-09,46.04999923706055,46.38999938964844,45.650001525878906,46.29999923706055,38.86865997314453,25570400
2017-11-10,46.040000915527344,46.09000015258789,45.380001068115234,45.58000183105469,38.26422500610352,24095400
2017-11-13,45.2599983215332,45.93999862670898,45.25,45.75,38.40694046020508,18999000
2017-11-14,45.70000076293945,45.91999816894531,45.31999969482422,45.86000061035156,38.49928283691406,22201200
2017-11-15,45.38999938964844,45.810001373291016,45.16999816894531,45.459999084472656,38.16347503662109,17157200
2017-11-16,45.630001068115234,46.06999969482422,45.459999084472656,45.650001525878906,38.32299041748047,26439400
2017-11-17,45.5,45.619998931884766,44.619998931884766,44.630001068115234,37.466705322265625,63798000
2017-11-20,44.72999954223633,45.119998931884766,44.5,44.619998931884766,37.45831298828125,22420000
2017-11-21,44.720001220703125,45.220001220703125,44.709999084472656,44.93999862670898,37.72694778442383,21871000
2017-11-22,44.93999862670898,44.95000076293945,44.540000915527344,44.650001525878906,37.48349380493164,19538300
2017-11-24,44.54999923706055,44.77999877929688,44.43000030517578,44.75,37.56743240356445,6465800
2017-11-27,44.41999816894531,44.61000061035156,44.27000045776367,44.4900016784668,37.34917449951172,18202100
2017-11-28,44.650001525878906,44.84000015258789,44.31999969482422,44.72999954223633,37.5506477355957,20194100
2017-11-29,44.84999847412109,45.09000015258789,43.77000045776367,43.95000076293945,36.895843505859375,27036900
2017-11-30,44.36000061035156,45.20000076293945,44.33000183105469,44.84000015258789,37.64299774169922,34145300
2017-12-01,44.72999954223633,44.84000015258789,43.52999877929688,44.68000030517578,37.5086784362793,26656300
2017-12-04,45.02000045776367,45.29999923706055,44.33000183105469,44.4900016784668,37.34917449951172,28000800
2017-12-05,44.59999847412109,44.900001525878906,43.22999954223633,43.43999862670898,36.46770477294922,30626900
2017-12-06,43.13999938964844,43.720001220703125,42.66999816894531,43.45000076293945,36.47610092163086,27710800
2017-12-07,43.459999084472656,43.59999847412109,42.77999877929688,43.08000183105469,36.16548538208008,32708400
2017-12-08,43.34999847412109,43.58000183105469,43.11000061035156,43.34999847412109,36.39215087890625,23154700
2017-12-11,43.27999877929688,43.77999877929688,43.25,43.65999984741211,36.65238952636719,20425900
2017-12-12,43.470001220703125,43.619998931884766,43.08000183105469,43.33000183105469,36.37536239624024,16557400
2017-12-13,43.650001525878906,43.65999984741211,43.2400016784668,43.34000015258789,36.38375473022461,21399500
2017-12-14,43.43000030517578,43.56999969482422,43.02000045776367,43.2599983215332,36.31659698486328,19644900
2017-12-15,43.400001525878906,44.84000015258789,43.06999969482422,44.560001373291016,37.407936096191406,47477000
2017-12-18,45.150001525878906,46.34999847412109,45.040000915527344,46.2599983215332,38.83507537841797,50369300
2017-12-19,46.29999923706055,47.2599983215332,45.88999938964844,47.040000915527344,39.489891052246094,41421100
2017-12-20,47.470001220703125,47.63999938964844,46.65999984741211,47.560001373291016,39.92643356323242,40935000
2017-12-21,47.540000915527344,47.59000015258789,46.560001373291016,46.7599983215332,39.254825592041016,42963500
2017-12-22,46.33000183105469,47.02000045776367,46.02000045776367,46.70000076293945,39.20446014404297,33913500
2017-12-26,46.27999877929688,46.470001220703125,45.95000076293945,46.08000183105469,38.68397903442383,15533300
2017-12-27,46.11000061035156,46.36000061035156,46.0,46.11000061035156,38.70915603637695,13359700
2017-12-28,46.36000061035156,46.36000061035156,45.95000076293945,46.220001220703125,38.8015022277832,9504400
2017-12-29,46.209999084472656,46.4900016784668,46.09000015258789,46.15999984741211,38.75114059448242,17394500
2018-01-02,46.380001068115234,46.900001525878906,46.209999084472656,46.84999847412109,39.33038330078125,23370800
2018-01-03,45.470001220703125,46.209999084472656,43.650001525878906,45.2599983215332,37.99559020996094,116479000
2018-01-04,43.52000045776367,44.650001525878906,42.68999862670898,44.43000030517578,37.29880905151367,89209100
2018-01-05,44.43000030517578,45.150001525878906,43.900001525878906,44.7400016784668,37.55904769897461,41824000
2018-01-08,44.27000045776367,44.84000015258789,43.959999084472656,44.7400016784668,37.55904769897461,33733800
2018-01-09,44.70000076293945,44.84000015258789,43.4900016784668,43.619998931884766,36.61881637573242,44282300
2018-01-10,43.33000183105469,43.59999847412109,42.43999862670898,42.5,35.67858123779297,45735000
2018-01-11,42.79999923706055,43.58000183105469,42.45000076293945,43.40999984741211,36.4425163269043,35371500
2018-01-12,43.45000076293945,43.59999847412109,43.0099983215332,43.2400016784668,36.29981231689453,29973600
2018-01-16,43.54999923706055,43.790000915527344,42.88999938964844,43.13999938964844,36.215850830078125,38367200
2018-01-17,43.54999923706055,44.45000076293945,43.5099983215332,44.38999938964844,37.265235900878906,32368600
2018-01-18,44.400001525878906,44.7400016784668,44.16999816894531,44.47999954223633,37.34077453613281,26826500
2018-01-19,44.619998931884766,44.88999938964844,44.25,44.81999969482422,37.62620544433594,25780200
2018-01-22,44.79999923706055,45.790000915527344,44.790000915527344,45.75,38.40694046020508,27706800
2018-01-23,45.810001373291016,46.09000015258789,45.630001068115234,46.060001373291016,38.66718292236328,22135100
2018-01-24,45.900001525878906,46.130001068115234,44.959999084472656,45.5099983215332,38.205448150634766,32464200
2018-01-25,45.880001068115234,46.369998931884766,45.16999816894531,45.29999923706055,38.0291633605957,36758700
2018-01-26,48.380001068115234,50.150001525878906,48.119998931884766,50.08000183105469,42.04196548461914,86916100
2018-01-29,49.59999847412109,50.84999847412109,49.369998931884766,49.97999954223633,41.95801162719727,46304000
2018-01-30,49.47999954223633,50.060001373291016,48.7400016784668,48.790000915527344,40.959014892578125,32814600
2018-01-31,49.22999954223633,49.25,47.560001373291016,48.13999938964844,40.413330078125,41619900
2018-02-01,47.70000076293945,48.470001220703125,47.45000076293945,47.650001525878906,40.001983642578125,28840400
2018-02-02,47.31999969482422,47.790000915527344,46.09999847412109,46.150001525878906,38.74274826049805,28663000
2018-02-05,46.34999847412109,47.2599983215332,44.5,44.52000045776367,37.37436676025391,47869000
2018-02-06,44.02000045776367,44.93000030517578,43.02999877929688,44.90999984741211,37.95753860473633,58145400
2018-02-07,44.58000183105469,46.29999923706055,44.34000015258789,45.20000076293945,38.20264053344727,37508400
2018-02-08,45.27999877929688,45.41999816894531,42.7400016784668,42.75,36.13193130493164,43151300
2018-02-09,43.5,44.27999877929688,42.040000915527344,43.95000076293945,37.14615631103516,49301100
2018-02-12,44.150001525878906,45.15999984741211,44.09000015258789,44.83000183105469,37.88992691040039,28379500
2018-02-13,44.59000015258789,44.77999877929688,44.2599983215332,44.459999084472656,37.57720565795898,19517600
2018-02-14,44.06999969482422,45.5099983215332,44.040000915527344,45.380001068115234,38.35478210449219,19922000
2018-02-15,45.880001068115234,45.9900016784668,44.95000076293945,45.91999816894531,38.81119155883789,23536800
2018-02-16,45.81999969482422,46.59000015258789,45.5099983215332,45.560001373291016,38.50692367553711,21475200
2018-02-20,45.459999084472656,46.709999084472656,45.38999938964844,46.31999969482422,39.149261474609375,25512000
2018-02-21,46.66999816894531,47.060001373291016,45.91999816894531,45.93999862670898,38.82808303833008,27527500
2018-02-22,46.13999938964844,46.560001373291016,45.619998931884766,45.79999923706055,38.70976257324219,16946400
2018-02-23,46.34000015258789,47.790000915527344,46.310001373291016,47.72999954223633,40.34098434448242,26040900
2018-02-26,48.20000076293945,49.130001068115234,48.09999847412109,49.11000061035156,41.50733947753906,26992300
2018-02-27,49.369998931884766,50.900001525878906,49.310001373291016,49.90999984741211,42.18349456787109,43624100
2018-02-28,50.18000030517578,50.34000015258789,49.27999877929688,49.290000915527344,41.65948486328125,35541200
2018-03-01,49.5,49.720001220703125,47.470001220703125,47.84000015258789,40.43395233154297,36326600
2018-03-02,47.20000076293945,49.04999923706055,46.959999084472656,48.97999954223633,41.39746856689453,33310600
2018-03-05,48.56999969482422,49.79999923706055,48.040000915527344,49.75,42.04826354980469,30826500
2018-03-06,50.15999984741211,51.33000183105469,50.150001525878906,50.709999084472656,42.859649658203125,39132300
2018-03-07,50.18000030517578,51.4900016784668,50.09999847412109,51.31999969482422,43.37521362304688,31801900
2018-03-08,51.790000915527344,52.08000183105469,50.470001220703125,50.7400016784668,42.885009765625,29481200
2018-03-09,51.27000045776367,52.29999923706055,51.0,52.18999862670898,44.11053466796875,32727900
2018-03-12,51.86000061035156,51.95000076293945,50.5,51.52000045776367,43.54425811767578,32044400
2018-03-13,52.52000045776367,53.77999877929688,51.38999938964844,51.77999877929688,43.76399993896485,45573900
2018-03-14,52.060001373291016,52.18000030517578,51.310001373291016,51.86000061035156,43.83162307739258,24993500
2018-03-15,52.22999954223633,52.29999923706055,50.880001068115234,50.880001068115234,43.00333023071289,25631200
2018-03-16,51.16999816894531,51.70000076293945,50.9900016784668,51.16999816894531,43.24843978881836,42559800
2018-03-19,50.7400016784668,51.22999954223633,49.93000030517578,50.83000183105469,42.9610710144043,31115200
2018-03-20,50.880001068115234,51.810001373291016,50.84999847412109,51.54999923706055,43.569610595703125,22215000
2018-03-21,51.54999923706055,52.16999816894531,51.16999816894531,51.560001373291016,43.578067779541016,23239500
2018-03-22,50.7400016784668,51.959999084472656,50.59999847412109,50.83000183105469,42.9610710144043,30916000
2018-03-23,50.59000015258789,50.9900016784668,49.36000061035156,49.36000061035156,41.7186393737793,37683900
2018-03-26,50.7400016784668,52.4900016784668,50.31999969482422,52.47999954223633,44.35563278198242,39306200
2018-03-27,53.0099983215332,53.25,50.77999877929688,51.18999862670898,43.26533889770508,38777000
2018-03-28,50.5,50.70000076293945,49.0099983215332,49.59999847412109,41.92148971557617,37970900
2018-03-29,49.97999954223633,52.08000183105469,49.869998931884766,52.08000183105469,44.017578125,45265800
2018-04-02,51.68999862670898,52.040000915527344,47.290000915527344,48.91999816894531,41.34675598144531,67187800
2018-04-03,49.0,49.959999084472656,48.40999984741211,49.75,42.04826354980469,39432400
2018-04-04,48.09999847412109,50.15999984741211,48.0099983215332,49.9900016784668,42.25111389160156,30370000
2018-04-05,50.0099983215332,50.720001220703125,49.970001220703125,50.380001068115234,42.58073806762695,25115400
2018-04-06,49.790000915527344,50.400001525878906,48.5,48.790000915527344,41.23689270019531,28215200
2018-04-09,49.15999984741211,51.11000061035156,49.15999984741211,49.54999923706055,41.87923812866211,31437000
2018-04-10,51.119998931884766,51.4900016784668,50.34000015258789,51.27000045776367,43.332950592041016,25906400
2018-04-11,50.9900016784668,51.72999954223633,50.81999969482422,51.09999847412109,43.18927764892578,17568400
2018-04-12,51.4900016784668,53.27000045776367,51.45000076293945,52.720001220703125,44.5584831237793,29781400
2018-04-13,53.060001373291016,53.209999084472656,51.59999847412109,51.86000061035156,43.83162307739258,20884900
2018-04-16,52.290000915527344,52.52999877929688,51.790000915527344,52.400001525878906,44.28802490234375,18855500
2018-04-17,52.90999984741211,53.70000076293945,52.88999938964844,53.540000915527344,45.25154113769531,21228700
2018-04-18,53.52000045776367,54.36000061035156,53.34000015258789,53.61000061035156,45.31070709228516,22164700
2018-04-19,52.95000076293945,52.959999084472656,51.61000061035156,52.220001220703125,44.135887145996094,25422400
2018-04-20,52.16999816894531,52.27999877929688,50.880001068115234,51.52999877929688,43.55270767211914,26910100
2018-04-23,51.68999862670898,51.88999938964844,50.84999847412109,51.09999847412109,43.18927764892578,21706700
2018-04-24,51.869998931884766,53.63999938964844,51.13999938964844,51.45000076293945,43.485084533691406,42494700
2018-04-25,51.86000061035156,52.09999847412109,50.59999847412109,51.380001068115234,43.42592239379883,25752800
2018-04-26,52.2599983215332,53.27000045776367,52.06999969482422,53.04999923706055,44.83740234375,39575000
2018-04-27,55.43999862670898,55.790000915527344,52.22999954223633,52.72999954223633,44.56693649291992,69888100
2018-04-30,52.560001373291016,53.369998931884766,51.209999084472656,51.619998931884766,43.62876510620117,36417400
2018-05-01,51.63999938964844,53.41999816894531,51.43999862670898,53.33000183105469,45.07406234741211,27600800
2018-05-02,53.09000015258789,53.20000076293945,52.150001525878906,52.310001373291016,44.21195602416992,25778300
2018-05-03,51.88999938964844,52.560001373291016,51.209999084472656,52.27999877929688,44.18660354614258,28561000
2018-05-04,51.619998931884766,52.84000015258789,51.0,52.77999877929688,44.866661071777344,25642500
2018-05-07,52.86000061035156,53.58000183105469,52.83000183105469,53.33000183105469,45.33419418334961,20285700
2018-05-08,53.290000915527344,53.630001068115234,52.79999923706055,53.630001068115234,45.58921432495117,21026800
2018-05-09,53.7599983215332,54.369998931884766,53.18999862670898,54.34000015258789,46.19277191162109,19827500
2018-05-10,54.54999923706055,55.0,54.09999847412109,54.97999954223633,46.7368049621582,18715900
2018-05-11,54.619998931884766,55.18999862670898,54.43000030517578,54.66999816894531,46.47328186035156,15405000
2018-05-14,54.77000045776367,55.2400016784668,54.7400016784668,54.900001525878906,46.66880416870117,21878200
2018-05-15,54.58000183105469,54.75,53.560001373291016,53.91999816894531,45.83572769165039,21712600
2018-05-16,54.16999816894531,54.70000076293945,53.959999084472656,54.63999938964844,46.44779586791992,16260500
2018-05-17,54.54999923706055,55.43999862670898,54.41999816894531,54.810001373291016,46.59229278564453,16872600
2018-05-18,54.52999877929688,54.540000915527344,53.470001220703125,53.5,45.47871398925781,23679900
2018-05-21,54.36000061035156,55.220001220703125,53.86000061035156,54.31999969482422,46.175758361816406,25367400
2018-05-22,54.72999954223633,55.04999923706055,54.04999923706055,54.45000076293945,46.28627395629883,19009600
2018-05-23,54.0,55.22999954223633,53.84000015258789,55.209999084472656,46.93232727050781,20555400
2018-05-24,55.18000030517578,55.29999923706055,54.130001068115234,54.75,46.54129409790039,19667100
2018-05-25,54.79999923706055,55.5,54.540000915527344,55.43999862670898,47.127838134765625,18550000
2018-05-29,55.119998931884766,55.810001373291016,54.810001373291016,55.31999969482422,47.02582931518555,24253500
2018-05-30,55.88999938964844,56.20000076293945,55.619998931884766,55.68000030517578,47.33184814453125,24711500
2018-05-31,55.66999816894531,55.86000061035156,55.060001373291016,55.20000076293945,46.92382049560547,30962100
2018-06-01,55.84000015258789,57.09999847412109,55.79999923706055,57.08000183105469,48.52195358276367,31183200
2018-06-04,57.0099983215332,57.59999847412109,56.77999877929688,56.83000183105469,48.30942916870117,22538100
2018-06-05,56.900001525878906,57.119998931884766,56.220001220703125,56.52999877929688,48.05441665649414,21687000
2018-06-06,56.52999877929688,57.060001373291016,56.08000183105469,57.02999877929688,48.47945022583008,22955400
2018-06-07,56.91999816894531,57.0,55.619998931884766,55.880001068115234,47.50186920166016,27596100
2018-06-08,55.560001373291016,55.70000076293945,54.65999984741211,55.04999923706055,46.79631805419922,30822900
2018-06-11,54.79999923706055,55.09000015258789,54.2599983215332,54.52000045776367,46.34577560424805,25752400
2018-06-12,54.869998931884766,55.02999877929688,54.220001220703125,54.81999969482422,46.60079574584961,23294900
2018-06-13,54.97999954223633,55.70000076293945,54.90999984741211,55.02999877929688,46.7793197631836,22631400
2018-06-14,55.45000076293945,55.86000061035156,55.18000030517578,55.540000915527344,47.21284866333008,23419800
2018-06-15,55.16999816894531,55.380001068115234,54.58000183105469,55.11000061035156,46.847312927246094,39194700
2018-06-18,54.29999923706055,54.29999923706055,52.34000015258789,53.220001220703125,45.24068832397461,40764400
2018-06-19,52.13999938964844,52.95000076293945,51.880001068115234,52.93000030517578,44.99417495727539,31780900
2018-06-20,53.18999862670898,53.75,52.68999862670898,53.459999084472656,45.444705963134766,21403000
2018-06-21,54.380001068115234,54.52999877929688,51.93999862670898,52.18999862670898,44.365116119384766,44435600
2018-06-22,52.619998931884766,53.09000015258789,52.29999923706055,52.5,44.62863159179688,34682100
2018-06-25,51.16999816894531,51.75,49.90999984741211,50.709999084472656,43.10700988769531,45356500
2018-06-26,49.95000076293945,50.40999984741211,49.36000061035156,49.66999816894531,42.22294235229492,37543000
2018-06-27,49.34000015258789,50.060001373291016,48.75,48.7599983215332,41.44938278198242,33338800
2018-06-28,48.58000183105469,49.4900016784668,48.5,49.25,41.865909576416016,29055700
2018-06-29,49.52999877929688,50.11000061035156,49.5,49.709999084472656,42.25694274902344,28906500
2018-07-02,49.040000915527344,50.27000045776367,48.83000183105469,50.20000076293945,42.673484802246094,23755500
2018-07-03,50.58000183105469,50.86000061035156,49.43000030517578,49.470001220703125,42.05292892456055,16327900
2018-07-05,49.97999954223633,50.959999084472656,49.75,50.75,43.14101409912109,26163500
2018-07-06,50.77000045776367,51.5,50.400001525878906,51.369998931884766,43.66805648803711,19968000
2018-07-09,51.63999938964844,51.88999938964844,51.0,51.86000061035156,44.084598541259766,21361600
2018-07-10,52.09999847412109,52.2599983215332,51.84000015258789,52.15999984741211,44.3396110534668,17362900
2018-07-11,51.68999862670898,51.869998931884766,51.18999862670898,51.20000076293945,43.52354049682617,18665600
2018-07-12,52.04999923706055,52.47999954223633,51.72999954223633,52.34999847412109,44.50113677978516,20292700
2018-07-13,52.400001525878906,52.41999816894531,51.7599983215332,52.220001220703125,44.3906135559082,13749300
2018-07-16,52.150001525878906,52.31999969482422,51.869998931884766,52.0099983215332,44.21210479736328,15951500
2018-07-17,51.04999923706055,51.880001068115234,51.0099983215332,51.75,43.991092681884766,15754500
2018-07-18,51.869998931884766,51.970001220703125,51.470001220703125,51.720001220703125,43.96558380126953,14649000
2018-07-19,51.59999847412109,52.0099983215332,51.04999923706055,51.97999954223633,44.18659973144531,15954600
2018-07-20,51.83000183105469,52.06999969482422,51.33000183105469,51.90999984741211,44.12709426879883,17380500
2018-07-23,51.77000045776367,52.5,51.33000183105469,52.310001373291016,44.46712493896485,15945500
2018-07-24,52.7599983215332,53.29999923706055,52.08000183105469,52.18000030517578,44.35660934448242,17788700
2018-07-25,52.209999084472656,52.45000076293945,51.09000015258789,52.43000030517578,44.56914138793945,19854800
2018-07-26,52.45000076293945,53.18000030517578,51.869998931884766,52.15999984741211,44.3396110534668,28282500
2018-07-27,48.7599983215332,49.20000076293945,47.47999954223633,47.68000030517578,40.53130722045898,67816700
2018-07-30,47.630001068115234,47.9900016784668,46.43000030517578,47.68999862670898,40.539794921875,35696600
2018-07-31,48.2400016784668,48.68000030517578,47.68999862670898,48.09999847412109,40.88833618164063,36581200
2018-08-01,48.060001373291016,48.90999984741211,48.0,48.810001373291016,41.49188232421875,28060700
2018-08-02,48.5,49.52000045776367,48.20000076293945,49.47999954223633,42.06142425537109,26452500
2018-08-03,49.5,49.77999877929688,49.16999816894531,49.630001068115234,42.18894577026367,22008200
2018-08-06,48.77000045776367,49.310001373291016,48.31999969482422,49.29999923706055,42.163272857666016,26669000
2018-08-07,49.43000030517578,49.83000183105469,49.40999984741211,49.70000076293945,42.50537872314453,28322700
2018-08-08,49.59999847412109,50.130001068115234,49.43999862670898,49.959999084472656,42.72774124145508,21990600
2018-08-09,49.86000061035156,50.59999847412109,49.720001220703125,50.13999938964844,42.88168716430664,23795600
2018-08-10,48.5099983215332,49.16999816894531,48.29999923706055,48.84999847412109,41.778419494628906,28712400
2018-08-13,48.91999816894531,49.2400016784668,48.380001068115234,48.45000076293945,41.43632507324219,17070600
2018-08-14,48.66999816894531,48.7599983215332,47.650001525878906,48.119998931884766,41.15409469604492,23061600
2018-08-15,47.77999877929688,48.0,46.900001525878906,47.459999084472656,40.58964157104492,26739900
2018-08-16,47.75,47.95000076293945,47.04999923706055,47.16999816894531,40.34162902832031,24358000
2018-08-17,47.0,47.38999938964844,46.33000183105469,47.09999847412109,40.28175735473633,26382000
2018-08-20,47.04999923706055,47.119998931884766,46.18999862670898,46.5,39.76861190795898,24334000
2018-08-21,46.65999984741211,47.84999847412109,46.63999938964844,47.619998931884766,40.72648239135742,19254300
2018-08-22,47.25,47.34999847412109,46.91999816894531,47.04999923706055,40.238990783691406,23182500
2018-08-23,46.86000061035156,47.16999816894531,46.709999084472656,46.97999954223633,40.17911911010742,31343200
2018-08-24,47.290000915527344,47.88999938964844,47.08000183105469,47.65999984741211,40.76068878173828,18214700
2018-08-27,48.0,48.38999938964844,47.630001068115234,48.34999847412109,41.35080337524414,17170300
2018-08-28,48.54999923706055,48.790000915527344,48.310001373291016,48.56999969482422,41.53894805908203,13472400
2018-08-29,48.70000076293945,48.86000061035156,48.400001525878906,48.75,41.69289779663086,13479100
2018-08-30,48.52000045776367,48.83000183105469,48.09000015258789,48.2400016784668,41.25673675537109,16418800
2018-08-31,47.959999084472656,48.560001373291016,47.91999816894531,48.43000030517578,41.419219970703125,16484000
2018-09-04,48.380001068115234,48.43000030517578,47.560001373291016,47.959999084472656,41.01725387573242,15682900
2018-09-05,47.75,48.119998931884766,47.470001220703125,47.720001220703125,40.812007904052734,20857200
2018-09-06,47.7599983215332,47.959999084472656,47.209999084472656,47.2599983215332,40.41859817504883,19318100
2018-09-07,46.90999984741211,47.47999954223633,46.36000061035156,46.45000076293945,39.72585678100586,25958300
2018-09-10,46.560001373291016,46.7599983215332,46.22999954223633,46.29999923706055,39.59756088256836,21522400
2018-09-11,46.0,46.02999877929688,44.88999938964844,44.93000030517578,38.425872802734375,32455300
2018-09-12,44.560001373291016,44.97999954223633,44.060001373291016,44.93000030517578,38.425872802734375,29778700
2018-09-13,45.68000030517578,45.84999847412109,45.11000061035156,45.56999969482422,38.97323989868164,18657100
2018-09-14,45.77999877929688,45.970001220703125,45.34999847412109,45.540000915527344,38.94758605957031,22998700
2018-09-17,45.290000915527344,45.900001525878906,45.18999862670898,45.41999816894531,38.8449592590332,17603200
2018-09-18,45.58000183105469,46.52999877929688,45.40999984741211,46.09999847412109,39.42650985717773,20528100
2018-09-19,46.09000015258789,46.43999862670898,45.88999938964844,46.150001525878906,39.46928024291992,15918900
2018-09-20,46.77999877929688,47.36000061035156,46.52000045776367,47.20000076293945,40.36727523803711,21999300
2018-09-21,47.119998931884766,47.41999816894531,46.369998931884766,46.65999984741211,39.90545654296875,52650600
2018-09-24,46.310001373291016,47.0,46.150001525878906,46.90999984741211,40.119258880615234,17847000
2018-09-25,46.220001220703125,46.38999938964844,45.79999923706055,45.90999984741211,39.26402282714844,23389900
2018-09-26,46.040000915527344,46.29999923706055,45.58000183105469,45.70000076293945,39.08442687988281,23957700
2018-09-27,45.90999984741211,46.16999816894531,45.72999954223633,45.880001068115234,39.23836517333984,15415500
2018-09-28,45.619998931884766,47.75,45.459999084472656,47.290000915527344,40.44424819946289,46223500
2018-10-01,46.790000915527344,47.220001220703125,46.20000076293945,46.45000076293945,39.72585678100586,23796200
2018-10-02,47.5099983215332,48.880001068115234,47.31999969482422,48.09999847412109,41.136993408203125,42121100
2018-10-03,48.619998931884766,49.720001220703125,48.560001373291016,48.7599983215332,41.70145034790039,39211900
2018-10-04,48.84000015258789,48.86000061035156,47.619998931884766,48.130001068115234,41.16264724731445,30108300
2018-10-05,48.22999954223633,48.34000015258789,46.65999984741211,47.02999877929688,40.22188568115234,28901400
2018-10-08,46.959999084472656,47.34999847412109,46.52000045776367,47.02999877929688,40.22188568115234,19376800
2018-10-09,47.18000030517578,47.619998931884766,46.540000915527344,46.54999923706055,39.81137847900391,23285700
2018-10-10,46.060001373291016,46.119998931884766,44.79999923706055,44.79999923706055,38.3147087097168,43109500
2018-10-11,45.150001525878906,45.61000061035156,43.72999954223633,44.22999954223633,37.82722473144531,43648800
2018-10-12,45.27000045776367,45.34000015258789,44.22999954223633,44.880001068115234,38.38313293457031,32087400
2018-10-15,44.630001068115234,45.13999938964844,44.43999862670898,44.52999877929688,38.08378601074219,21633000
2018-10-16,44.900001525878906,46.0099983215332,44.83000183105469,45.93999862670898,39.289669036865234,21472000
2018-10-17,46.0,46.33000183105469,45.540000915527344,45.88999938964844,39.24691390991211,23124400
2018-10-18,45.650001525878906,45.75,44.83000183105469,44.970001220703125,38.4600944519043,26638800
2018-10-19,45.02000045776367,45.18000030517578,43.86000061035156,44.0,37.630516052246094,28368500
2018-10-22,44.5,45.34000015258789,44.09999847412109,45.0099983215332,38.49430465698242,34508800
2018-10-23,44.18000030517578,45.09000015258789,43.90999984741211,44.5,38.05813980102539,38590300
2018-10-24,44.15999984741211,44.36000061035156,42.36000061035156,42.41999816894531,36.27923583984375,33631800
2018-10-25,43.540000915527344,44.93999862670898,43.27999877929688,44.310001373291016,37.89563751220703,48255300
2018-10-26,45.59000015258789,46.43999862670898,44.70000076293945,45.68999862670898,39.07585906982422,67280400
2018-10-29,46.5,46.75,44.43999862670898,45.400001525878906,38.82785415649414,35732200
2018-10-30,45.52999877929688,47.880001068115234,45.459999084472656,47.7599983215332,40.84621047973633,43975200
2018-10-31,48.290000915527344,48.560001373291016,46.83000183105469,46.880001068115234,40.09360885620117,33369100
2018-11-01,46.95000076293945,48.470001220703125,46.86000061035156,48.220001220703125,41.239627838134766,28335300
2018-11-02,48.130001068115234,48.25,46.75,47.11000061035156,40.290321350097656,30759800
2018-11-05,47.34000015258789,48.25,46.91999816894531,47.970001220703125,41.02582550048828,23751200
2018-11-06,47.79999923706055,47.91999816894531,47.02999877929688,47.25,40.66436004638672,23839600
2018-11-07,47.630001068115234,48.75,47.59000015258789,48.720001220703125,41.92946243286133,29913200
2018-11-08,48.4900016784668,49.290000915527344,48.459999084472656,48.9900016784668,42.16183471679688,26581700
2018-11-09,48.790000915527344,49.02999877929688,47.869998931884766,48.11000061035156,41.404483795166016,21761400
2018-11-12,47.709999084472656,47.79999923706055,46.59999847412109,46.650001525878906,40.147979736328125,24412800
2018-11-13,46.9900016784668,48.25,46.9900016784668,47.38999938964844,40.78483581542969,29315900
2018-11-14,47.84999847412109,47.970001220703125,46.88999938964844,47.09000015258789,40.52665328979492,25632700
2018-11-15,47.0099983215332,48.2400016784668,46.720001220703125,48.11000061035156,41.404483795166016,29581000
2018-11-16,47.77000045776367,49.04999923706055,47.68999862670898,48.83000183105469,42.02413940429688,31670600
2018-11-19,48.61000061035156,49.150001525878906,47.77999877929688,48.0,41.30982208251953,26859000
2018-11-20,47.400001525878906,48.119998931884766,47.09000015258789,47.38999938964844,40.78483581542969,29200800
2018-11-21,47.84999847412109,47.880001068115234,47.02000045776367,47.02999877929688,40.47502136230469,19011400
2018-11-23,46.68999862670898,47.06999969482422,46.52000045776367,46.540000915527344,40.053314208984375,8906900
2018-11-26,47.27000045776367,47.459999084472656,46.70000076293945,47.45000076293945,40.83647155761719,20723000
2018-11-27,46.93999862670898,48.220001220703125,46.59000015258789,48.06999969482422,41.370059967041016,27621000
2018-11-28,47.93999862670898,48.880001068115234,47.650001525878906,48.86000061035156,42.04995727539063,28003200
2018-11-29,48.4900016784668,48.560001373291016,47.630001068115234,47.70000076293945,41.05162811279297,23592500
2018-11-30,47.95000076293945,49.31999969482422,47.560001373291016,49.310001373291016,42.43722915649414,43313700
2018-12-03,50.0,50.5,49.52999877929688,50.130001068115234,43.14293670654297,30870400
2018-12-04,49.52000045776367,49.59999847412109,47.68000030517578,47.75,41.094669342041016,35397700
2018-12-06,46.79999923706055,48.38999938964844,46.52000045776367,48.369998931884766,41.62824249267578,31661700
2018-12-07,47.93999862670898,48.060001373291016,46.22999954223633,46.2400016784668,39.79512023925781,34016400
2018-12-10,46.27999877929688,47.459999084472656,46.0099983215332,47.209999084472656,40.62992858886719,23289000
2018-12-11,47.900001525878906,48.59000015258789,47.130001068115234,47.380001068115234,40.77623748779297,23851000
2018-12-12,48.58000183105469,48.63999938964844,47.40999984741211,47.83000183105469,41.16352081298828,31305000
2018-12-13,48.2599983215332,48.58000183105469,47.86000061035156,48.290000915527344,41.55939483642578,19526000
2018-12-14,47.88999938964844,48.7599983215332,47.84999847412109,47.86000061035156,41.18933868408203,26372100
2018-12-17,47.86000061035156,48.40999984741211,46.65999984741211,47.08000183105469,40.518043518066406,26598700
2018-12-18,47.470001220703125,48.45000076293945,47.36000061035156,47.7400016784668,41.086063385009766,29014300
2018-12-19,47.4900016784668,47.72999954223633,45.380001068115234,45.56999969482422,39.218509674072266,39717600
2018-12-20,45.40999984741211,46.310001373291016,45.0099983215332,45.540000915527344,39.19269180297852,37750900
2018-12-21,45.75,46.650001525878906,44.79999923706055,44.84000015258789,38.59025573730469,52768300
2018-12-24,44.630001068115234,45.16999816894531,43.540000915527344,43.59000015258789,37.51448440551758,19241600
2018-12-26,44.0,46.20000076293945,43.5099983215332,46.18999862670898,39.752098083496094,28677600
2018-12-27,45.619998931884766,46.380001068115234,44.66999816894531,46.36000061035156,39.898399353027344,29970700
2018-12-28,46.5099983215332,47.7400016784668,46.29999923706055,46.75,40.23404693603516,24758700
2018-12-31,47.09000015258789,47.47999954223633,46.54999923706055,46.93000030517578,40.38895034790039,20490400
2019-01-02,45.959999084472656,47.470001220703125,45.77000045776367,47.08000183105469,40.518043518066406,18774600
2019-01-03,46.150001525878906,46.27999877929688,44.38999938964844,44.4900016784668,38.28903579711914,32267300
2019-01-04,45.84000015258789,47.56999969482422,45.540000915527344,47.220001220703125,40.63852691650391,35447300
2019-01-07,47.09999847412109,48.0,46.75,47.43999862670898,40.82787322998047,22736800
2019-01-08,47.79999923706055,48.02999877929688,46.77999877929688,47.7400016784668,41.086063385009766,22749200
2019-01-09,47.959999084472656,48.56999969482422,47.77999877929688,48.0099983215332,41.31842422485352,22554500
2019-01-10,47.75,48.650001525878906,47.40999984741211,48.560001373291016,41.79177474975586,27202600
2019-01-11,48.09999847412109,49.290000915527344,48.04999923706055,48.93000030517578,42.11019134521485,21751300
2019-01-14,48.459999084472656,48.83000183105469,48.29999923706055,48.34999847412109,41.61104202270508,19193900
2019-01-15,48.709999084472656,49.130001068115234,48.43999862670898,48.59999847412109,41.82619094848633,22480800
2019-01-16,48.59999847412109,48.88999938964844,48.08000183105469,48.130001068115234,41.42170333862305,19057700
2019-01-17,48.0,48.84000015258789,47.90999984741211,48.470001220703125,41.71430206298828,17448700
2019-01-18,49.11000061035156,49.380001068115234,48.68999862670898,49.18999862670898,42.33395767211914,29874600
2019-01-22,48.959999084472656,48.97999954223633,47.869998931884766,48.27000045776367,41.54218292236328,25940700
2019-01-23,48.40999984741211,48.79999923706055,47.52000045776367,47.93999862670898,41.2581787109375,18960700
2019-01-24,48.70000076293945,50.040000915527344,48.59999847412109,49.7599983215332,42.82451248168945,50578300
2019-01-25,46.84999847412109,47.43000030517578,45.75,47.040000915527344,40.483619689941406,86455700
2019-01-28,46.130001068115234,46.72999954223633,46.04999923706055,46.709999084472656,40.19961929321289,35928700
2019-01-29,46.77999877929688,46.970001220703125,46.33000183105469,46.540000915527344,40.053314208984375,20988300
2019-01-30,46.68000030517578,47.68000030517578,46.45000076293945,47.540000915527344,40.91393661499024,26931700
2019-01-31,46.70000076293945,47.18000030517578,46.09999847412109,47.119998931884766,40.5524787902832,43051300
2019-02-01,47.060001373291016,49.04999923706055,47.0099983215332,48.72999954223633,41.93806838989258,37442900
2019-02-04,48.619998931884766,49.2400016784668,48.2400016784668,49.220001220703125,42.359771728515625,20905000
2019-02-05,49.18000030517578,50.720001220703125,49.18000030517578,50.0099983215332,43.03966522216797,31641600
2019-02-06,49.95000076293945,50.63999938964844,49.81999969482422,49.900001525878906,43.21721649169922,21647800
2019-02-07,49.5,49.84999847412109,48.68000030517578,49.22999954223633,42.636940002441406,27825900
2019-02-08,48.77000045776367,49.02000045776367,48.0099983215332,48.84000015258789,42.29917144775391,18851200
2019-02-11,49.02000045776367,49.31999969482422,48.58000183105469,48.77000045776367,42.23854446411133,18004100
2019-02-12,49.36000061035156,50.13999938964844,49.27000045776367,50.0099983215332,43.312477111816406,18050100
2019-02-13,50.130001068115234,50.810001373291016,50.0,50.470001220703125,43.710880279541016,17712800
2019-02-14,50.40999984741211,51.040000915527344,50.34999847412109,50.810001373291016,44.00534057617188,17545400
2019-02-15,51.25,51.66999816894531,51.09000015258789,51.65999984741211,44.74150085449219,22520400
2019-02-19,51.34999847412109,51.709999084472656,51.34000015258789,51.400001525878906,44.51633071899414,15611800
2019-02-20,51.630001068115234,51.72999954223633,51.060001373291016,51.38999938964844,44.507659912109375,21607700
2019-02-21,51.31999969482422,51.84000015258789,51.209999084472656,51.40999984741211,44.52498626708984,16162100
2019-02-22,52.70000076293945,52.97999954223633,52.060001373291016,52.4900016784668,45.460357666015625,31934100
2019-02-25,53.060001373291016,53.61000061035156,52.86000061035156,53.09999847412109,45.988651275634766,20711800
2019-02-26,53.0099983215332,53.369998931884766,52.90999984741211,53.22999954223633,46.10124969482422,16082200
2019-02-27,52.7599983215332,53.380001068115234,52.5099983215332,53.2400016784668,46.10990905761719,17590300
2019-02-28,52.91999816894531,53.18000030517578,52.810001373291016,52.959999084472656,45.86740493774414,18388800
2019-03-01,53.43999862670898,53.68000030517578,52.88999938964844,53.29999923706055,46.1618766784668,18359300
2019-03-04,53.75,54.09999847412109,53.209999084472656,53.93999862670898,46.71616363525391,21706100
2019-03-05,53.84999847412109,53.9900016784668,53.11000061035156,53.68000030517578,46.49098205566406,21057700
2019-03-06,53.630001068115234,53.650001525878906,52.93999862670898,52.95000076293945,45.8587532043457,14740500
2019-03-07,52.77000045776367,52.9900016784668,52.36000061035156,52.59999847412109,45.55561447143555,17803000
2019-03-08,51.970001220703125,52.560001373291016,51.70000076293945,52.47999954223633,45.4516830444336,16793900
2019-03-11,52.880001068115234,53.650001525878906,52.56999969482422,53.34999847412109,46.20518112182617,18963000
2019-03-12,53.34000015258789,53.959999084472656,53.18000030517578,53.56999969482422,46.39570999145508,20782100
2019-03-13,54.0,54.56999969482422,53.650001525878906,54.369998931884766,47.08857727050781,25522300
2019-03-14,54.29999923706055,54.45000076293945,53.33000183105469,53.43999862670898,46.28312683105469,26647100
2019-03-15,53.68000030517578,54.68999862670898,53.68000030517578,54.33000183105469,47.05392456054688,46512500
2019-03-18,54.41999816894531,54.5099983215332,53.869998931884766,54.09999847412109,46.8547248840332,16274000
2019-03-19,54.470001220703125,54.650001525878906,54.0,54.16999816894531,46.91535186767578,18274800
2019-03-20,54.060001373291016,54.400001525878906,53.61000061035156,53.81999969482422,46.61222839355469,24325300
2019-03-21,53.91999816894531,54.9900016784668,53.84000015258789,54.63999938964844,47.322410583496094,19127200
2019-03-22,54.400001525878906,54.619998931884766,53.209999084472656,53.2599983215332,46.127220153808594,21438400
2019-03-25,52.970001220703125,53.54999923706055,52.380001068115234,52.77999877929688,45.71150588989258,16971400
2019-03-26,53.31999969482422,53.77000045776367,53.040000915527344,53.43999862670898,46.28312683105469,17724300
2019-03-27,53.59000015258789,53.86000061035156,52.93999862670898,53.15999984741211,46.040618896484375,19656000
2019-03-28,53.25,53.43999862670898,52.77000045776367,53.11000061035156,45.997318267822266,13607900
2019-03-29,53.79999923706055,54.040000915527344,53.47999954223633,53.70000076293945,46.50830841064453,18736100
2019-04-01,54.34000015258789,54.56999969482422,54.09999847412109,54.5099983215332,47.20981216430664,17830400
2019-04-02,54.52999877929688,54.79999923706055,54.22999954223633,54.36000061035156,47.07991027832031,13704500
2019-04-03,55.02999877929688,55.9900016784668,54.88999938964844,55.47999954223633,48.0499153137207,24552800
2019-04-04,55.27000045776367,56.13999938964844,55.27000045776367,55.91999816894531,48.43098831176758,16520500
2019-04-05,55.75,55.95000076293945,54.869998931884766,55.59999847412109,48.15384292602539,19268400
2019-04-08,55.27999877929688,55.7400016784668,55.20000076293945,55.68000030517578,48.22313690185547,11758800
2019-04-09,55.34999847412109,55.43000030517578,54.900001525878906,55.31999969482422,47.91134262084961,13339700
2019-04-10,55.31999969482422,55.86000061035156,55.31999969482422,55.75,48.28376388549805,13084000
2019-04-11,55.7599983215332,56.06999969482422,55.630001068115234,55.79999923706055,48.327056884765625,10845800
2019-04-12,56.209999084472656,56.4900016784668,55.84000015258789,56.41999816894531,48.86402893066406,12910200
2019-04-15,56.459999084472656,56.560001373291016,55.91999816894531,56.27999877929688,48.74277877807617,11676900
2019-04-16,56.65999984741211,57.470001220703125,56.06999969482422,56.709999084472656,49.11518859863281,30301900
2019-04-17,58.43999862670898,59.59000015258789,58.119998931884766,58.560001373291016,50.71742630004883,38788400
2019-04-18,58.709999084472656,58.880001068115234,58.119998931884766,58.4900016784668,50.65680694580078,20464200
2019-04-22,58.150001525878906,58.83000183105469,57.880001068115234,58.81999969482422,50.9426155090332,12327500
2019-04-23,58.88999938964844,58.97999954223633,58.5,58.77999877929688,50.907958984375,17739900
2019-04-24,58.52000045776367,59.290000915527344,58.13999938964844,58.720001220703125,50.85600662231445,17723700
2019-04-25,58.29999923706055,58.380001068115234,57.22999954223633,57.61000061035156,49.89466094970703,27949900
2019-04-26,52.7400016784668,53.09000015258789,51.52000045776367,52.43000030517578,45.40838241577149,72364500
2019-04-29,52.16999816894531,52.43000030517578,51.0,51.11000061035156,44.2651596069336,42142300
2019-04-30,51.0,51.43000030517578,50.869998931884766,51.040000915527344,44.20454025268555,27130900
2019-05-01,51.09999847412109,51.59999847412109,50.7400016784668,50.7599983215332,43.962032318115234,20467600
2019-05-02,50.79999923706055,51.33000183105469,50.119998931884766,50.54999923706055,43.78016662597656,22655400
2019-05-03,51.08000183105469,51.81999969482422,50.72999954223633,51.75,44.8194580078125,25656600
2019-05-06,50.25,51.27999877929688,50.18999862670898,51.220001220703125,44.63210678100586,26245200
2019-05-07,50.59999847412109,50.880001068115234,49.93000030517578,50.47999954223633,43.987281799316406,29713400
2019-05-08,50.20000076293945,50.790000915527344,49.06999969482422,49.2400016784668,42.906768798828125,36812400
2019-05-09,47.900001525878906,48.290000915527344,46.04999923706055,46.619998931884766,40.623756408691406,59642200
2019-05-10,46.43999862670898,46.79999923706055,45.09999847412109,46.20000076293945,40.25777816772461,42522800
2019-05-13,45.33000183105469,45.63999938964844,44.70000076293945,44.7599983215332,39.00298309326172,39091900
2019-05-14,45.18000030517578,45.4900016784668,44.869998931884766,45.16999816894531,39.36026382446289,24706500
2019-05-15,44.91999816894531,45.75,44.7599983215332,45.619998931884766,39.75237274169922,23407900
2019-05-16,45.470001220703125,45.95000076293945,45.41999816894531,45.52999877929688,39.67394256591797,19954700
2019-05-17,45.18000030517578,45.72999954223633,44.7599983215332,44.88999938964844,39.11626815795898,22500400
2019-05-20,44.0,44.52000045776367,43.45000076293945,43.560001373291016,37.95732879638672,28675000
2019-05-21,44.34000015258789,44.77999877929688,44.18000030517578,44.459999084472656,38.7415771484375,25543400
2019-05-22,44.150001525878906,44.459999084472656,43.84999847412109,44.0,38.34074783325195,16932500
2019-05-23,43.369998931884766,44.7400016784668,42.86000061035156,44.52999877929688,38.80256271362305,35783900
2019-05-24,44.59000015258789,45.04999923706055,44.4900016784668,44.56999969482422,38.837432861328125,27168100
2019-05-28,44.65999984741211,44.68999862670898,43.29999923706055,43.56999969482422,37.96604537963867,34779900
2019-05-29,43.34999847412109,44.52999877929688,43.33000183105469,44.22999954223633,38.541160583496094,28450300
2019-05-30,44.29999923706055,45.02999877929688,44.22999954223633,44.72999954223633,38.97684097290039,21618900
2019-05-31,44.18000030517578,44.970001220703125,43.93000030517578,44.040000915527344,38.37559509277344,25532500
2019-06-03,44.25,44.59000015258789,43.20000076293945,43.459999084472656,37.87018966674805,31155700
2019-06-04,44.15999984741211,44.86000061035156,43.77000045776367,44.790000915527344,39.02912902832031,28094900
2019-06-05,45.11000061035156,45.18000030517578,44.18999862670898,44.54999923706055,38.81999588012695,20802000
2019-06-06,44.75,45.16999816894531,44.5099983215332,45.09999847412109,39.29924774169922,19076200
2019-06-07,45.25,46.119998931884766,45.09999847412109,46.02999877929688,40.10964584350586,24370300
2019-06-10,46.22999954223633,47.18999862670898,46.20000076293945,46.79999923706055,40.78059768676758,20806100
2019-06-11,47.2599983215332,47.31999969482422,46.52000045776367,46.84999847412109,40.82416534423828,18415500
2019-06-12,46.66999816894531,46.66999816894531,46.25,46.31999969482422,40.36234664916992,15900600
2019-06-13,46.59999847412109,46.959999084472656,46.52999877929688,46.70000076293945,40.69346237182617,12267600
2019-06-14,45.83000183105469,46.41999816894531,45.54999923706055,46.18999862670898,40.24906921386719,15381100
2019-06-17,46.13999938964844,46.52999877929688,45.79999923706055,46.130001068115234,40.19678115844727,12643300
2019-06-18,46.75,48.0,46.59999847412109,47.369998931884766,41.27727890014648,25732300
2019-06-19,47.47999954223633,47.58000183105469,47.0,47.06999969482422,41.01587677001953,17436400
2019-06-20,47.869998931884766,48.04999923706055,46.869998931884766,47.18999862670898,41.12043762207031,20126800
2019-06-21,46.95000076293945,47.72999954223633,46.79999923706055,47.459999084472656,41.355716705322266,31096300
2019-06-24,47.400001525878906,47.84999847412109,47.16999816894531,47.630001068115234,41.50385665893555,14479900
2019-06-25,47.560001373291016,47.68000030517578,46.79999923706055,46.84999847412109,40.82416534423828,16665600
2019-06-26,47.650001525878906,48.47999954223633,47.560001373291016,48.18999862670898,41.9918212890625,21886300
2019-06-27,48.150001525878906,48.41999816894531,47.2400016784668,47.459999084472656,41.355716705322266,23062900
2019-06-28,47.77000045776367,48.20000076293945,47.68000030517578,47.869998931884766,41.71297454833984,26646200
2019-07-01,49.290000915527344,49.45000076293945,47.75,48.04999923706055,41.86983489990234,27423300
2019-07-02,47.90999984741211,48.220001220703125,47.68999862670898,48.119998931884766,41.93081665039063,15381600
2019-07-03,48.18000030517578,48.560001373291016,48.0,48.52000045776367,42.27937698364258,10739100
2019-07-05,48.02999877929688,48.18000030517578,47.43999862670898,48.08000183105469,41.895973205566406,14339200
2019-07-08,47.619998931884766,47.95000076293945,47.06999969482422,47.81999969482422,41.66941452026367,16564300
2019-07-09,47.36000061035156,47.79999923706055,47.130001068115234,47.75,41.6084213256836,17853200
2019-07-10,47.91999816894531,48.61000061035156,47.900001525878906,48.209999084472656,42.009239196777344,16032300
2019-07-11,48.560001373291016,48.77999877929688,48.310001373291016,48.59999847412109,42.34909057617188,16615100
2019-07-12,49.0,49.93000030517578,48.810001373291016,49.91999816894531,43.499305725097656,20148700
2019-07-15,50.0,50.25,49.77000045776367,50.119998931884766,43.673583984375,14345100
2019-07-16,49.90999984741211,50.0,48.959999084472656,49.16999816894531,42.84577941894531,17131400
2019-07-17,49.5,49.70000076293945,49.2400016784668,49.38999938964844,43.037479400634766,11928600
2019-07-18,49.27999877929688,49.9900016784668,48.88999938964844,49.93999862670898,43.5167350769043,15671600
2019-07-19,49.959999084472656,50.65999984741211,49.90999984741211,50.27000045776367,43.804298400878906,29141100
2019-07-22,50.0099983215332,51.52000045776367,49.88999938964844,51.34999847412109,44.74538803100586,21688000
2019-07-23,52.0,52.0,51.29999923706055,51.75,45.09394454956055,18413500
2019-07-24,51.97999954223633,52.970001220703125,51.79999923706055,52.91999816894531,46.11344909667969,20896400
2019-07-25,52.5099983215332,52.59999847412109,51.880001068115234,52.15999984741211,45.45119857788086,27765400
2019-07-26,52.68999862670898,53.5,51.52999877929688,51.59000015258789,44.95451736450195,36401500
2019-07-29,51.52999877929688,52.560001373291016,50.77999877929688,52.5099983215332,45.75618362426758,21897500
2019-07-30,51.709999084472656,52.310001373291016,51.560001373291016,51.70000076293945,45.05037307739258,16487700
2019-07-31,51.5099983215332,51.720001220703125,50.04999923706055,50.54999923706055,44.04829025268555,24169800
2019-08-01,50.52000045776367,51.88999938964844,49.470001220703125,49.5,43.133338928222656,34020800
2019-08-02,49.09000015258789,49.36000061035156,48.5,48.68000030517578,42.41880416870117,27881600
2019-08-05,47.7599983215332,47.959999084472656,46.56999969482422,46.970001220703125,40.92873764038086,38936600
2019-08-06,47.150001525878906,47.560001373291016,46.77000045776367,46.959999084472656,41.19629669189453,26119600
2019-08-07,46.29999923706055,46.880001068115234,45.970001220703125,46.72999954223633,40.99454116821289,29440400
2019-08-08,46.15999984741211,47.369998931884766,45.90999984741211,47.16999816894531,41.38053131103516,30643700
2019-08-09,46.93999862670898,47.0,45.77999877929688,45.97999954223633,40.33658981323242,24975500
2019-08-12,45.7599983215332,46.06999969482422,45.43999862670898,45.59999847412109,40.00321578979492,18494300
2019-08-13,45.4900016784668,47.04999923706055,45.36000061035156,46.84000015258789,41.091041564941406,28959500
2019-08-14,46.060001373291016,46.630001068115234,45.650001525878906,45.869998931884766,40.240081787109375,25650200
2019-08-15,46.09999847412109,46.18000030517578,45.43999862670898,45.70000076293945,40.09095764160156,21896000
2019-08-16,46.34000015258789,46.68000030517578,46.060001373291016,46.5,40.79276657104492,22701800
2019-08-19,47.459999084472656,47.59999847412109,47.040000915527344,47.22999954223633,41.43316650390625,21403600
2019-08-20,47.02999877929688,47.119998931884766,46.459999084472656,46.59999847412109,40.880496978759766,23113300
2019-08-21,47.11000061035156,47.290000915527344,46.88999938964844,47.150001525878906,41.36299896240234,15915000
2019-08-22,47.27999877929688,47.43000030517578,46.68999862670898,46.77999877929688,41.03839492797852,19783000
2019-08-23,46.34999847412109,46.630001068115234,44.79999923706055,44.959999084472656,39.4417724609375,32814000
2019-08-26,45.81999969482422,45.81999969482422,45.25,45.560001373291016,39.9681396484375,22080500
2019-08-27,45.869998931884766,46.119998931884766,45.5,45.790000915527344,40.16990280151367,16925500
2019-08-28,45.70000076293945,45.90999984741211,45.369998931884766,45.790000915527344,40.16990280151367,14888800
2019-08-29,46.459999084472656,47.220001220703125,46.400001525878906,46.869998931884766,41.11735534667969,17803800
2019-08-30,47.2400016784668,47.790000915527344,47.15999984741211,47.40999984741211,41.5910758972168,16922600
2019-09-03,47.119998931884766,47.220001220703125,46.5,46.97999954223633,41.213844299316406,15003800
2019-09-04,47.560001373291016,48.95000076293945,47.540000915527344,48.91999816894531,42.91574478149414,23450700
2019-09-05,49.93000030517578,51.16999816894531,49.869998931884766,50.09999847412109,43.95090866088867,30014200
2019-09-06,50.25,50.9900016784668,50.06999969482422,50.91999816894531,44.6702766418457,17067900
2019-09-09,51.060001373291016,52.02999877929688,51.02000045776367,51.59000015258789,45.258033752441406,20749700
2019-09-10,51.33000183105469,51.84000015258789,50.83000183105469,51.81999969482422,45.45980453491211,18532000
2019-09-11,51.59999847412109,52.790000915527344,51.380001068115234,52.790000915527344,46.31075286865234,18968900
2019-09-12,53.0,53.33000183105469,52.06999969482422,53.0099983215332,46.50374984741211,23308700
2019-09-13,52.7599983215332,53.0,52.22999954223633,52.540000915527344,46.0914306640625,18010800
2019-09-16,51.900001525878906,52.290000915527344,51.70000076293945,52.20000076293945,45.79316711425781,13354600
2019-09-17,52.04999923706055,52.13999938964844,51.34999847412109,51.95000076293945,45.5738525390625,19641100
2019-09-18,52.130001068115234,52.130001068115234,51.15999984741211,51.7400016784668,45.38963317871094,14906800
2019-09-19,51.70000076293945,51.9900016784668,51.5,51.56999969482422,45.2404899597168,11428400
2019-09-20,51.59999847412109,51.880001068115234,50.560001373291016,50.720001220703125,44.494815826416016,37067900
2019-09-23,50.83000183105469,51.22999954223633,50.38999938964844,50.900001525878906,44.65272521972656,18916600
2019-09-24,51.09999847412109,51.18000030517578,49.63999938964844,49.81999969482422,43.70527648925781,28197400
2019-09-25,49.75,51.209999084472656,49.41999816894531,51.02000045776367,44.75800323486328,19486700
2019-09-26,50.97999954223633,51.150001525878906,50.34000015258789,50.91999816894531,44.6702766418457,11351800
2019-09-27,50.630001068115234,51.220001220703125,50.34000015258789,50.77999877929688,44.54745101928711,14845700
2019-09-30,51.18999862670898,51.59999847412109,50.93999862670898,51.52999877929688,45.20539093017578,13652100
2019-10-01,51.970001220703125,52.2400016784668,50.43000030517578,50.7599983215332,44.529903411865234,18413100
2019-10-02,50.310001373291016,50.369998931884766,48.97999954223633,49.38999938964844,43.32805252075195,20078700
2019-10-03,49.5,50.06999969482422,48.52999877929688,50.02999877929688,43.88950729370117,16320100
2019-10-04,50.34999847412109,50.970001220703125,50.02999877929688,50.91999816894531,44.6702766418457,12644900
2019-10-07,50.70000076293945,51.22999954223633,50.560001373291016,50.619998931884766,44.4070930480957,12081400
2019-10-08,50.15999984741211,50.47999954223633,49.61000061035156,49.72999954223633,43.6263313293457,17409100
2019-10-09,50.470001220703125,50.790000915527344,50.150001525878906,50.47999954223633,44.284271240234375,11834900
2019-10-10,50.40999984741211,51.77999877929688,50.400001525878906,51.11000061035156,44.83694076538086,13907900
2019-10-11,52.0,52.790000915527344,51.81999969482422,52.09000015258789,45.69667053222656,24072500
2019-10-14,51.900001525878906,51.95000076293945,51.43999862670898,51.63999938964844,45.301902770996094,15016800
2019-10-15,51.93000030517578,53.06999969482422,51.83000183105469,52.650001525878906,46.18793487548828,18878100
2019-10-16,52.34999847412109,52.560001373291016,52.119998931884766,52.45000076293945,46.012489318847656,14769300
2019-10-17,52.63999938964844,52.84000015258789,51.380001068115234,51.86000061035156,45.49489974975586,16533900
2019-10-18,51.75,51.81999969482422,51.02999877929688,51.36000061035156,45.05626678466797,16974100
2019-10-21,51.52000045776367,52.16999816894531,51.34000015258789,52.130001068115234,45.73175811767578,12189000
2019-10-22,51.900001525878906,52.31999969482422,51.88999938964844,52.0099983215332,45.62648391723633,13114300
2019-10-23,51.369998931884766,51.959999084472656,51.20000076293945,51.720001220703125,45.37207794189453,15887500
2019-10-24,52.09000015258789,52.43000030517578,51.43000030517578,52.22999954223633,45.81948471069336,23413000
2019-10-25,54.18999862670898,56.61000061035156,53.91999816894531,56.459999084472656,49.530303955078125,59767700
2019-10-28,56.380001068115234,56.810001373291016,56.060001373291016,56.7599983215332,49.79348373413086,32307500
2019-10-29,56.369998931884766,57.2400016784668,56.2400016784668,56.34000015258789,49.42504501342773,18155800
2019-10-30,56.31999969482422,56.630001068115234,55.619998931884766,56.59999847412109,49.65312576293945,15248000
2019-10-31,56.33000183105469,56.59999847412109,55.619998931884766,56.52999877929688,49.59171676635742,19249700
2019-11-01,55.93999862670898,56.650001525878906,55.619998931884766,56.5099983215332,49.57416534423828,17953500
2019-11-04,56.93000030517578,57.79999923706055,56.84999847412109,57.61000061035156,50.53916549682617,19068000
2019-11-05,57.470001220703125,58.34999847412109,57.209999084472656,57.54999923706055,50.48652648925781,20865400
2019-11-06,57.4900016784668,57.709999084472656,56.97999954223633,57.59999847412109,50.80849075317383,17721000
2019-11-07,58.0,58.54999923706055,57.86000061035156,58.04999923706055,51.20542907714844,16962800
2019-11-08,57.84999847412109,58.29999923706055,57.310001373291016,58.27000045776367,51.39949417114258,11888900
2019-11-11,57.970001220703125,58.5,57.900001525878906,58.34999847412109,51.47006607055664,11228900
2019-11-12,58.400001525878906,58.79999923706055,58.02999877929688,58.20000076293945,51.33774566650391,11952500
2019-11-13,57.869998931884766,57.970001220703125,57.34999847412109,57.88999938964844,51.06428909301758,15332700
2019-11-14,57.61000061035156,58.040000915527344,57.56999969482422,57.810001373291016,50.99373245239258,12119000
2019-11-15,58.16999816894531,58.70000076293945,57.619998931884766,57.959999084472656,51.12604141235352,16112100
2019-11-18,57.70000076293945,58.47999954223633,57.56999969482422,58.25,51.38185119628906,16097500
2019-11-19,58.47999954223633,58.650001525878906,57.75,58.34999847412109,51.47006607055664,17061900
2019-11-20,58.2599983215332,58.36000061035156,57.369998931884766,57.900001525878906,51.0731201171875,18542300
2019-11-21,57.4900016784668,58.29999923706055,57.40999984741211,58.220001220703125,51.35538864135742,16139000
2019-11-22,58.34000015258789,58.650001525878906,57.4900016784668,57.61000061035156,50.81730651855469,15690200
2019-11-25,58.0,58.84000015258789,58.0,58.810001373291016,51.875823974609375,15011700
2019-11-26,58.95000076293945,59.130001068115234,58.45000076293945,58.900001525878906,51.95521926879883,22338700
2019-11-27,58.52999877929688,58.59000015258789,57.90999984741211,58.5099983215332,51.61120223999024,18184200
2019-11-29,58.150001525878906,58.29999923706055,57.790000915527344,58.04999923706055,51.20542907714844,9481100
2019-12-02,58.54999923706055,58.68999862670898,57.470001220703125,57.65999984741211,50.861419677734375,19154500
2019-12-03,56.86000061035156,56.86000061035156,55.75,56.06999969482422,49.45888519287109,25737400
2019-12-04,56.65999984741211,56.65999984741211,55.86000061035156,56.02000045776367,49.41478729248047,18881400
2019-12-05,56.40999984741211,56.40999984741211,55.7599983215332,56.08000183105469,49.46770858764648,17673700
2019-12-06,56.65999984741211,56.9900016784668,56.41999816894531,56.810001373291016,50.11163711547852,16476800
2019-12-09,56.540000915527344,56.959999084472656,56.5,56.52999877929688,49.86464691162109,14298600
2019-12-10,56.709999084472656,56.83000183105469,56.43999862670898,56.59000015258789,49.917579650878906,16157900
2019-12-11,56.90999984741211,57.16999816894531,56.58000183105469,57.06999969482422,50.34098052978516,20051100
2019-12-12,56.75,58.04999923706055,56.61000061035156,57.54999923706055,50.76438522338867,27883300
2019-12-13,57.54999923706055,58.34000015258789,57.380001068115234,57.790000915527344,50.9760856628418,22795200
2019-12-16,58.209999084472656,58.56999969482422,57.650001525878906,57.70000076293945,50.89670181274414,19131200
2019-12-17,58.0,58.09999847412109,57.130001068115234,57.29999923706055,50.54386138916016,21653100
2019-12-18,57.38999938964844,57.459999084472656,56.93999862670898,57.16999816894531,50.4291877746582,28261000
2019-12-19,57.16999816894531,57.9900016784668,56.970001220703125,57.959999084472656,51.12604141235352,18865100
2019-12-20,58.31999969482422,59.04999923706055,57.88999938964844,58.95000076293945,51.99932098388672,49953000
2019-12-23,59.060001373291016,59.77999877929688,59.040000915527344,59.22999954223633,52.24629974365234,23593000
2019-12-24,59.25,59.47999954223633,59.15999984741211,59.40999984741211,52.40507507324219,6313200
2019-12-26,59.40999984741211,59.84999847412109,59.34999847412109,59.81999969482422,52.7667350769043,11480300
2019-12-27,59.90999984741211,60.47999954223633,59.900001525878906,60.08000183105469,52.99608612060547,14085800
2019-12-30,59.9900016784668,60.04999923706055,59.380001068115234,59.619998931884766,52.5903205871582,12750500
2019-12-31,59.619998931884766,59.93000030517578,59.36000061035156,59.84999847412109,52.7932014465332,14432900
2020-01-02,60.2400016784668,60.970001220703125,60.220001220703125,60.84000015258789,53.66647338867188,18056000
2020-01-03,59.810001373291016,60.70000076293945,59.810001373291016,60.09999847412109,53.01372528076172,15293900
2020-01-06,59.59000015258789,60.20000076293945,59.33000183105469,59.93000030517578,52.86376190185547,17755200
2020-01-07,59.77999877929688,59.79999923706055,58.88999938964844,58.93000030517578,51.98167419433594,21876100
2020-01-08,58.88999938964844,59.31999969482422,58.52000045776367,58.970001220703125,52.01696014404297,23133500
2020-01-09,59.04999923706055,59.5099983215332,58.83000183105469,59.29999923706055,52.308048248291016,18813300
2020-01-10,59.56999969482422,60.08000183105469,58.869998931884766,58.93999862670898,51.9904899597168,15200600
2020-01-13,59.16999816894531,59.77999877929688,59.08000183105469,59.59000015258789,52.563846588134766,16453300
2020-01-14,59.4900016784668,59.7400016784668,59.18999862670898,59.43000030517578,52.42271423339844,17051200
2020-01-15,59.29999923706055,59.650001525878906,58.75,58.93999862670898,51.9904899597168,18498800
2020-01-16,59.2599983215332,59.84000015258789,59.06999969482422,59.65999984741211,52.62560272216797,21365500
2020-01-17,59.97999954223633,60.0,59.2400016784668,59.59999847412109,52.57267379760742,21803400
2020-01-21,59.810001373291016,61.25,59.790000915527344,60.54999923706055,53.41065979003906,28358500
2020-01-22,61.040000915527344,62.84999847412109,60.970001220703125,62.72999954223633,55.333621978759766,29475100
2020-01-23,62.86000061035156,63.709999084472656,62.810001373291016,63.31999969482422,55.85405349731445,42778700
2020-01-24,66.56999969482422,69.29000091552734,66.45999908447266,68.47000122070312,60.39682769775391,84711000
2020-01-27,66.72000122070312,67.41999816894531,65.5999984741211,65.69000244140625,57.94461441040039,30764000
2020-01-28,66.5,67.58000183105469,65.94000244140625,67.30999755859375,59.37360000610352,30915400
2020-01-29,67.62999725341797,68.05999755859375,66.16999816894531,66.33000183105469,58.50914001464844,18055800
2020-01-30,65.63999938964844,66.5,64.93000030517578,66.47000122070312,58.63264083862305,18522400
2020-01-31,65.80000305175781,65.9800033569336,63.66999816894531,63.93000030517578,56.39213562011719,25268400
2020-02-03,64.45999908447266,65.04000091552734,64.30000305175781,64.41999816894531,56.8243522644043,16646600
2020-02-04,65.7699966430664,66.05999755859375,64.91999816894531,65.45999908447266,57.741729736328125,20970800
2020-02-05,66.69000244140625,67.5999984741211,66.12999725341797,67.33999633789062,59.40006256103516,23401400
2020-02-06,67.30000305175781,67.4000015258789,66.7699966430664,67.08999633789062,59.470977783203125,17408000
2020-02-07,66.86000061035156,67.30000305175781,66.01000213623047,66.0199966430664,58.522491455078125,18134600
2020-02-10,65.55999755859375,66.4000015258789,65.44000244140625,66.38999938964844,58.850467681884766,22299300
2020-02-11,66.83000183105469,67.70999908447266,66.56999969482422,67.41000366210938,59.75465393066406,17975600
2020-02-12,67.5999984741211,68.08999633789062,67.30999755859375,67.45999908447266,59.79896545410156,15586600
2020-02-13,66.98999786376953,67.6500015258789,66.73999786376953,67.44000244140625,59.7812385559082,11602700
2020-02-14,67.5199966430664,67.86000061035156,66.81999969482422,67.2699966430664,59.63053894042969,13405500
2020-02-18,66.66000366210938,66.69000244140625,65.87999725341797,66.13999938964844,58.62886047363281,12758400
2020-02-19,66.38999938964844,67.19999694824219,66.18000030517578,67.11000061035156,59.48870468139648,13551200
2020-02-20,67.04000091552734,67.29000091552734,64.55999755859375,65.44999694824219,58.01721954345703,26452600
2020-02-21,65.18000030517578,65.25,64.04000091552734,64.33999633789062,57.03327941894531,20775900
2020-02-24,61.61000061035156,62.77000045776367,61.31999969482422,61.7599983215332,54.74626541137695,26903100
2020-02-25,61.9900016784668,62.27999877929688,59.459999084472656,59.72999954223633,52.946807861328125,34495700
2020-02-26,60.11000061035156,60.81999969482422,59.27000045776367,59.650001525878906,52.87590026855469,26190100
2020-02-27,57.93000030517578,58.5099983215332,55.79999923706055,55.83000183105469,49.48971176147461,42226900
2020-02-28,54.29999923706055,56.380001068115234,53.59999847412109,55.52000045776367,49.21491622924805,60721700
2020-03-02,55.790000915527344,58.220001220703125,54.52000045776367,58.18000030517578,51.57283401489258,43140300
2020-03-03,58.02999877929688,59.02000045776367,55.400001525878906,55.970001220703125,49.61381530761719,49740300
2020-03-04,57.0099983215332,58.709999084472656,56.15999984741211,58.68000030517578,52.01605224609375,29223100
2020-03-05,57.060001373291016,58.65999984741211,56.61000061035156,56.959999084472656,50.49138641357422,29099200
2020-03-06,55.18000030517578,56.0099983215332,54.540000915527344,55.77000045776367,49.43652725219727,36259200
2020-03-09,51.91999816894531,52.709999084472656,50.0,50.84999847412109,45.07526779174805,56197000
2020-03-10,52.7599983215332,54.0,50.43000030517578,53.97999954223633,47.84981536865234,36569000
2020-03-11,52.38999938964844,53.540000915527344,51.0099983215332,51.65999984741211,45.79327774047852,38563500
2020-03-12,47.9900016784668,50.09000015258789,45.369998931884766,45.540000915527344,40.3682861328125,50661700
2020-03-13,48.2599983215332,55.0,47.7400016784668,54.43000030517578,48.24869537353516,48805100
2020-03-16,47.5099983215332,52.25,43.630001068115234,44.61000061035156,39.543907165527344,53878900
2020-03-17,45.7599983215332,51.630001068115234,45.20000076293945,50.08000183105469,44.392704010009766,52085200
2020-03-18,46.709999084472656,50.04999923706055,45.20000076293945,47.61000061035156,42.203216552734375,49309900
2020-03-19,47.84000015258789,49.22999954223633,45.15999984741211,45.93999862670898,40.72286224365234,44538000
2020-03-20,46.5099983215332,49.41999816894531,45.470001220703125,45.83000183105469,40.62535095214844,52344000
2020-03-23,46.02000045776367,50.4900016784668,45.90999984741211,49.58000183105469,43.94949722290039,46698500
2020-03-24,53.13999938964844,54.63999938964844,51.34999847412109,52.400001525878906,46.44923400878906,50019800
2020-03-25,52.47999954223633,53.790000915527344,49.90999984741211,51.2599983215332,45.43870544433594,41106100
2020-03-26,51.7400016784668,55.95000076293945,51.65999984741211,55.540000915527344,49.23264694213867,41459800
2020-03-27,53.41999816894531,54.63999938964844,52.06999969482422,52.369998931884766,46.422645568847656,31633500
2020-03-30,52.9900016784668,56.09999847412109,52.83000183105469,55.4900016784668,49.18832778930664,31628600
2020-03-31,55.060001373291016,55.79999923706055,53.220001220703125,54.119998931884766,47.973899841308594,48074700
2020-04-01,52.5,54.68999862670898,51.43000030517578,51.880001068115234,45.98830032348633,29586600
2020-04-02,51.290000915527344,54.560001373291016,51.220001220703125,54.34999847412109,48.17778015136719,27810000
2020-04-03,53.84999847412109,55.130001068115234,52.72999954223633,54.130001068115234,47.98277282714844,23906100
2020-04-06,56.630001068115234,58.77000045776367,56.119998931884766,58.43000030517578,51.79444122314453,32323400
2020-04-07,59.93999862670898,61.4900016784668,58.209999084472656,58.400001525878906,51.767845153808594,41410000
2020-04-08,58.9900016784668,59.5099983215332,57.90999984741211,58.97999954223633,52.281982421875,26719500
2020-04-09,59.36000061035156,59.720001220703125,56.060001373291016,57.13999938964844,50.65094757080078,40499700
2020-04-13,56.56999969482422,58.77000045776367,56.56999969482422,58.70000076293945,52.03377532958984,23251900
2020-04-14,60.040000915527344,60.900001525878906,59.5099983215332,60.65999984741211,53.77119445800781,25674000
2020-04-15,59.7400016784668,59.83000183105469,58.38999938964844,58.869998931884766,52.18448638916016,22841600
2020-04-16,59.61000061035156,60.959999084472656,58.810001373291016,60.790000915527344,53.88644027709961,24433500
2020-04-17,62.02000045776367,62.130001068115234,59.83000183105469,60.36000061035156,53.50526428222656,27385600
2020-04-20,59.27999877929688,60.040000915527344,58.88999938964844,59.18000030517578,52.45927810668945,26420300
2020-04-21,58.11000061035156,58.59999847412109,55.93000030517578,56.36000061035156,49.95953369140625,25248000
2020-04-22,58.27000045776367,60.5,57.810001373291016,60.09999847412109,53.27479553222656,23350400
2020-04-23,59.66999816894531,60.09999847412109,58.810001373291016,59.040000915527344,52.33517456054688,35092000
2020-04-24,56.20000076293945,59.400001525878906,56.09999847412109,59.2599983215332,52.53018569946289,50187000
2020-04-27,59.720001220703125,59.83000183105469,58.38999938964844,59.470001220703125,52.71634292602539,25902200
2020-04-28,59.9900016784668,60.220001220703125,58.2599983215332,58.75,52.07810592651367,28784700
2020-04-29,59.43999862670898,62.02999877929688,59.31999969482422,61.79999923706055,54.781734466552734,30451500
2020-04-30,61.369998931884766,61.540000915527344,59.75,59.97999954223633,53.168418884277344,26279900
2020-05-01,58.83000183105469,59.31999969482422,57.310001373291016,57.470001220703125,50.94347381591797,21194800
2020-05-04,57.119998931884766,58.06999969482422,56.310001373291016,57.9900016784668,51.404415130615234,18957200
2020-05-05,58.790000915527344,59.29999923706055,58.34999847412109,58.75,52.07810592651367,17252100
2020-05-06,59.040000915527344,59.95000076293945,58.93999862670898,59.18000030517578,52.75560760498047,17848700
2020-05-07,59.93000030517578,60.09999847412109,58.91999816894531,59.16999816894531,52.74668884277344,14733500
2020-05-08,59.66999816894531,59.77999877929688,59.04999923706055,59.66999816894531,53.19240951538086,20384500
2020-05-11,59.7400016784668,60.84000015258789,59.709999084472656,60.130001068115234,53.60246658325195,18684400
2020-05-12,60.220001220703125,60.63999938964844,58.2599983215332,58.38999938964844,52.05137252807617,16754900
2020-05-13,58.45000076293945,59.22999954223633,56.900001525878906,57.7400016784668,51.471923828125,21065000
2020-05-14,57.31999969482422,59.150001525878906,56.09999847412109,59.08000183105469,52.66646194458008,21569400
2020-05-15,57.400001525878906,58.369998931884766,56.959999084472656,58.27999877929688,51.95329666137695,21373300
2020-05-18,59.7400016784668,60.27999877929688,59.36000061035156,59.91999816894531,53.41526794433594,20428700
2020-05-19,60.130001068115234,61.77000045776367,59.84999847412109,60.290000915527344,53.74510192871094,21865000
2020-05-20,61.15999984741211,63.4900016784668,61.02000045776367,63.09999847412109,56.25006484985352,30584000
2020-05-21,63.09999847412109,63.79999923706055,61.81999969482422,61.97999954223633,55.25164031982422,20987700
2020-05-22,61.97999954223633,62.31999969482422,61.41999816894531,62.2599983215332,55.50124740600586,14103000
2020-05-26,63.68000030517578,64.13999938964844,62.119998931884766,62.34000015258789,55.57256317138672,20933600
2020-05-27,62.31999969482422,63.59000015258789,61.06999969482422,63.560001373291016,56.66012191772461,19886300
2020-05-28,63.0,63.45000076293945,61.4900016784668,61.70000076293945,55.002044677734375,17253500
2020-05-29,61.900001525878906,63.65999984741211,61.619998931884766,62.93000030517578,56.098514556884766,33393900
2020-06-01,62.4900016784668,62.65999984741211,61.65999984741211,61.86000061035156,55.1446647644043,14317700
2020-06-02,61.70000076293945,62.16999816894531,60.83000183105469,62.119998931884766,55.37644577026367,20702400
2020-06-03,62.45000076293945,62.540000915527344,61.52999877929688,61.93000030517578,55.207069396972656,16737300
2020-06-04,61.7400016784668,63.470001220703125,61.34000015258789,62.970001220703125,56.13417434692383,22010100
2020-06-05,63.36000061035156,65.11000061035156,63.15999984741211,64.33999633789062,57.355445861816406,26813100
2020-06-08,63.970001220703125,64.1500015258789,62.93999862670898,63.66999816894531,56.758182525634766,21546200
2020-06-09,62.9900016784668,63.709999084472656,62.900001525878906,63.040000915527344,56.19657516479492,23594100
2020-06-10,62.790000915527344,64.29000091552734,62.75,63.869998931884766,56.93647766113281,21367800
2020-06-11,63.06999969482422,63.29999923706055,59.52000045776367,59.70000076293945,53.21915435791016,26998200
2020-06-12,60.11000061035156,60.959999084472656,58.119998931884766,59.33000183105469,52.88932037353516,30419800
2020-06-15,59.33000183105469,60.36000061035156,58.58000183105469,60.09999847412109,53.57573318481445,29651700
2020-06-16,61.4900016784668,61.650001525878906,59.4900016784668,60.400001525878906,53.843170166015625,23226600
2020-06-17,60.7400016784668,61.27999877929688,60.060001373291016,60.4900016784668,53.92339324951172,20454800
2020-06-18,60.34999847412109,60.5099983215332,59.31999969482422,60.08000183105469,53.55791091918945,24899700
2020-06-19,60.650001525878906,60.88999938964844,59.09999847412109,59.619998931884766,53.1478385925293,60336100
2020-06-22,59.72999954223633,60.54999923706055,58.83000183105469,60.09000015258789,53.56681823730469,22846000
2020-06-23,60.18999862670898,60.470001220703125,59.86000061035156,59.91999816894531,53.41526794433594,22809600
2020-06-24,59.63999938964844,59.810001373291016,58.66999816894531,59.09000015258789,52.67536926269531,27764500
2020-06-25,58.97999954223633,59.09000015258789,57.47999954223633,58.5099983215332,52.1583366394043,21906900
2020-06-26,58.4900016784668,58.72999954223633,57.06999969482422,57.5,51.25798416137695,38477500
2020-06-29,57.470001220703125,58.34999847412109,56.7599983215332,58.27000045776367,51.94439315795898,22150300
2020-06-30,58.709999084472656,59.97999954223633,58.540000915527344,59.83000183105469,53.33504486083984,31542100
2020-07-01,59.90999984741211,60.02999877929688,58.7599983215332,58.810001373291016,52.42576599121094,14748100
2020-07-02,59.18999862670898,59.810001373291016,58.970001220703125,59.130001068115234,52.71103286743164,15578600
2020-07-06,58.720001220703125,59.619998931884766,58.59999847412109,59.540000915527344,53.0765266418457,20536700
2020-07-07,59.06999969482422,59.56999969482422,58.13999938964844,58.310001373291016,51.98004531860352,15996500
2020-07-08,58.45000076293945,58.70000076293945,57.93000030517578,58.61000061035156,52.24748229980469,13277900
2020-07-09,58.20000076293945,58.75,57.70000076293945,58.41999816894531,52.078102111816406,20683700
2020-07-10,57.95000076293945,59.68999862670898,57.83000183105469,59.52999877929688,53.067604064941406,17742300
2020-07-13,59.84000015258789,60.619998931884766,58.38999938964844,58.58000183105469,52.220741271972656,19082900
2020-07-14,57.869998931884766,59.25,57.34999847412109,58.97999954223633,52.57730865478516,24190900
2020-07-15,59.02999877929688,59.34000015258789,58.41999816894531,59.02999877929688,52.62188720703125,19986300
2020-07-16,58.540000915527344,59.36000061035156,58.400001525878906,59.13999938964844,52.71994400024414,12425900
2020-07-17,59.41999816894531,60.459999084472656,59.27999877929688,60.0,53.48659133911133,16322800
2020-07-20,60.08000183105469,61.380001068115234,59.34000015258789,61.150001525878906,54.5117416381836,16868700
2020-07-21,61.52000045776367,61.93000030517578,60.43999862670898,60.70000076293945,54.110595703125,19803700
2020-07-22,61.310001373291016,61.77000045776367,60.619998931884766,61.04999923706055,54.42259979248047,18959900
2020-07-23,61.2599983215332,61.7400016784668,59.97999954223633,60.400001525878906,53.843170166015625,43518600
2020-07-24,52.150001525878906,52.18000030517578,49.5,50.59000015258789,45.09810256958008,182269900
2020-07-27,51.02999877929688,51.13999938964844,49.470001220703125,49.56999969482422,44.18883514404297,107526500
2020-07-28,49.47999954223633,50.22999954223633,49.13999938964844,49.2400016784668,43.894657135009766,62362600
2020-07-29,49.4900016784668,49.5,47.900001525878906,48.06999969482422,42.85166931152344,60500800
2020-07-30,47.83000183105469,48.5,47.59000015258789,47.9900016784668,42.78036117553711,39735200
2020-07-31,48.130001068115234,48.31999969482422,46.970001220703125,47.72999954223633,42.54858016967773,46536000
2020-08-03,48.27000045776367,48.630001068115234,47.7400016784668,48.29999923706055,43.05669784545898,31767100
2020-08-04,48.59999847412109,49.13999938964844,48.5,49.130001068115234,43.79659652709961,29045800
2020-08-05,49.720001220703125,49.720001220703125,48.65999984741211,48.91999816894531,43.609405517578125,29438600
2020-08-06,48.790000915527344,48.81999969482422,48.09999847412109,48.56999969482422,43.59143829345703,23795500
2020-08-07,48.52999877929688,48.650001525878906,47.70000076293945,48.02999877929688,43.1068000793457,36765200
2020-08-10,48.20000076293945,49.38999938964844,48.060001373291016,49.220001220703125,44.17481231689453,37442600
2020-08-11,49.630001068115234,49.72999954223633,48.060001373291016,48.18999862670898,43.25038909912109,35348100
2020-08-12,48.66999816894531,49.2599983215332,48.2400016784668,49.18999862670898,44.14789581298828,30659800
2020-08-13,49.2599983215332,49.33000183105469,48.38999938964844,48.560001373291016,43.58247756958008,24774500
2020-08-14,48.72999954223633,49.209999084472656,48.650001525878906,48.88999938964844,43.87865447998047,22321200
2020-08-17,49.11000061035156,49.310001373291016,48.72999954223633,48.93000030517578,43.914546966552734,20018300
2020-08-18,49.2599983215332,49.56999969482422,48.619998931884766,48.650001525878906,43.66324996948242,19251400
2020-08-19,48.790000915527344,48.97999954223633,48.25,48.33000183105469,43.37605285644531,27775000
2020-08-20,49.810001373291016,50.20000076293945,49.0,49.16999816894531,44.12994766235352,55081300
2020-08-21,49.02000045776367,49.310001373291016,48.650001525878906,49.27999877929688,44.22866439819336,34621500
2020-08-24,49.2599983215332,49.400001525878906,48.81999969482422,49.13999938964844,44.1030158996582,36295300
2020-08-25,49.34999847412109,49.880001068115234,49.209999084472656,49.43000030517578,44.36330032348633,38384300
2020-08-26,49.38999938964844,49.66999816894531,49.22999954223633,49.54999923706055,44.47098922729492,28616600
2020-08-27,49.790000915527344,49.93000030517578,49.16999816894531,49.400001525878906,44.33637237548828,24420600
2020-08-28,49.56999969482422,50.79999923706055,49.459999084472656,50.43000030517578,45.26078796386719,35384700
2020-08-31,51.0,51.5,50.31999969482422,50.95000076293945,45.72749328613281,46114100
2020-09-01,50.90999984741211,51.0,50.220001220703125,50.790000915527344,45.58388900756836,30472800
2020-09-02,51.209999084472656,52.68000030517578,51.09000015258789,52.25,46.89423751831055,53000700
2020-09-03,52.5,52.619998931884766,50.13999938964844,50.38999938964844,45.22488784790039,47394300
2020-09-04,50.52999877929688,51.22999954223633,49.4900016784668,50.08000183105469,44.946659088134766,43318400
2020-09-08,49.2599983215332,49.900001525878906,48.84999847412109,48.90999984741211,43.8965950012207,39752700
2020-09-09,49.52999877929688,49.970001220703125,49.040000915527344,49.619998931884766,44.5338134765625,33437300
2020-09-10,50.0,50.09000015258789,48.709999084472656,48.959999084472656,43.94147109985352,32649100
2020-09-11,49.2599983215332,50.04999923706055,48.95000076293945,49.27999877929688,44.22866439819336,29333600
2020-09-14,48.84999847412109,49.720001220703125,48.84999847412109,49.40999984741211,44.3453483581543,27212500
2020-09-15,49.790000915527344,50.59999847412109,49.72999954223633,50.0,44.87487030029297,27598300
2020-09-16,50.5099983215332,51.02999877929688,50.16999816894531,50.369998931884766,45.20693588256836,26531400
2020-09-17,49.369998931884766,50.4900016784668,49.29999923706055,50.31999969482422,45.16206741333008,26959900
2020-09-18,50.33000183105469,50.5,49.040000915527344,49.88999938964844,44.77614212036133,50123500
2020-09-21,49.38999938964844,49.75,48.83000183105469,49.720001220703125,44.623573303222656,27377100
2020-09-22,49.88999938964844,50.209999084472656,49.470001220703125,49.95000076293945,44.82999038696289,22290900
2020-09-23,49.83000183105469,50.150001525878906,48.65999984741211,48.81999969482422,43.81581878662109,30078800
2020-09-24,48.52999877929688,49.63999938964844,48.41999816894531,49.15999984741211,44.120975494384766,29343400
2020-09-25,48.959999084472656,50.27999877929688,48.75,49.93999862670898,44.82101440429688,26633400
2020-09-28,50.5099983215332,51.459999084472656,50.15999984741211,51.43000030517578,46.158294677734375,29652200
2020-09-29,51.310001373291016,51.7400016784668,50.95000076293945,51.18999862670898,45.94289016723633,19558200
2020-09-30,51.2400016784668,52.380001068115234,51.150001525878906,51.77999877929688,46.472412109375,27711300
2020-10-01,52.400001525878906,52.720001220703125,51.9900016784668,52.2400016784668,46.88526153564453,22127600
2020-10-02,51.5,51.97999954223633,50.9900016784668,51.0099983215332,45.78133010864258,25811800
2020-10-05,51.29999923706055,51.810001373291016,51.27000045776367,51.68999862670898,46.39163589477539,20883200
2020-10-06,51.709999084472656,52.70000076293945,51.22999954223633,51.369998931884766,46.10443878173828,25642800
2020-10-07,51.84999847412109,52.900001525878906,51.790000915527344,52.66999816894531,47.27117919921875,21978700
2020-10-08,52.90999984741211,53.58000183105469,52.66999816894531,53.369998931884766,47.89943313598633,22369500
2020-10-09,53.54999923706055,53.84999847412109,52.66999816894531,52.81999969482422,47.40580368041992,24343900
2020-10-12,53.54999923706055,54.20000076293945,53.209999084472656,53.880001068115234,48.357154846191406,27303500
2020-10-13,54.27000045776367,54.290000915527344,53.619998931884766,53.83000183105469,48.31228256225586,20005800
2020-10-14,54.0099983215332,54.400001525878906,53.5099983215332,53.54999923706055,48.060977935791016,21874200
2020-10-15,52.75,53.97999954223633,52.619998931884766,53.84999847412109,48.33022689819336,18272900
2020-10-16,53.900001525878906,54.70000076293945,53.900001525878906,54.15999984741211,48.60845184326172,23414400
2020-10-19,54.470001220703125,56.22999954223633,53.84000015258789,54.58000183105469,48.98540878295898,43537200
2020-10-20,54.59999847412109,54.70000076293945,53.27000045776367,53.43000030517578,47.95328521728516,27224900
2020-10-21,53.13999938964844,54.06999969482422,52.81999969482422,53.5,48.016109466552734,21866000
2020-10-22,53.119998931884766,54.220001220703125,53.06999969482422,53.900001525878906,48.37511444091797,41522700
2020-10-23,48.34999847412109,48.66999816894531,47.65999984741211,48.20000076293945,43.25936508178711,97322500
2020-10-26,47.84999847412109,47.86000061035156,46.25,46.720001220703125,41.93107986450195,54161300
2020-10-27,45.97999954223633,46.40999984741211,45.36000061035156,45.63999938964844,40.9617805480957,50130500
2020-10-28,44.88999938964844,45.290000915527344,44.20000076293945,44.25,39.71425628662109,45066000
2020-10-29,44.2400016784668,44.470001220703125,43.91999816894531,44.11000061035156,39.588600158691406,36796800
2020-10-30,44.09999847412109,44.79999923706055,43.61000061035156,44.27999877929688,39.74117660522461,46781300
2020-11-02,44.959999084472656,45.060001373291016,44.2400016784668,44.459999084472656,39.90272903442383,33856700
2020-11-03,44.72999954223633,45.459999084472656,44.70000076293945,44.84999847412109,40.25275802612305,34349500
2020-11-04,45.11000061035156,46.150001525878906,44.77999877929688,45.70000076293945,41.01563262939453,34748200
2020-11-05,46.150001525878906,46.380001068115234,45.52999877929688,45.68000030517578,41.295875549316406,31103200
2020-11-06,45.540000915527344,45.79999923706055,44.900001525878906,45.38999938964844,41.03370666503906,36233700
2020-11-09,46.63999938964844,47.34999847412109,45.540000915527344,45.59999847412109,41.22354888916016,48481700
2020-11-10,45.400001525878906,46.47999954223633,45.25,45.43999862670898,41.07890701293945,39224500
2020-11-11,45.900001525878906,46.459999084472656,45.86000061035156,46.34999847412109,41.90157699584961,31496900
2020-11-12,46.130001068115234,46.18999862670898,44.54999923706055,44.95000076293945,40.63594055175781,42881300
2020-11-13,44.9900016784668,45.58000183105469,44.970001220703125,45.459999084472656,41.09698486328125,30884700
2020-11-16,46.040000915527344,46.75,45.790000915527344,46.18999862670898,41.756927490234375,36306300
2020-11-17,45.75,46.119998931884766,45.40999984741211,45.52999877929688,41.16027069091797,31118000
2020-11-18,45.54999923706055,45.68999862670898,45.040000915527344,45.060001373291016,40.73537826538086,32817900
2020-11-19,44.91999816894531,45.66999816894531,44.70000076293945,45.619998931884766,41.24163818359375,29469100
2020-11-20,45.65999984741211,45.880001068115234,45.33000183105469,45.38999938964844,41.03370666503906,24199300
2020-11-23,45.47999954223633,46.209999084472656,45.45000076293945,46.060001373291016,41.639404296875,35489600
2020-11-24,46.290000915527344,47.29999923706055,46.0099983215332,47.0099983215332,42.49822616577149,33901200
2020-11-25,47.02999877929688,47.18000030517578,46.56999969482422,47.04999923706055,42.53439331054688,28126900
2020-11-27,47.36000061035156,48.09999847412109,47.36000061035156,47.45000076293945,42.89599990844727,15921400
2020-11-30,47.41999816894531,48.5,47.27000045776367,48.34999847412109,43.70962524414063,46332700
2020-12-01,48.75,50.22999954223633,48.709999084472656,49.560001373291016,44.80348587036133,57768000
2020-12-02,49.220001220703125,50.060001373291016,49.18000030517578,49.900001525878906,45.11085891723633,33753500
2020-12-03,49.91999816894531,51.11000061035156,49.77999877929688,50.9900016784668,46.09624862670898,50261200
2020-12-04,51.060001373291016,52.650001525878906,51.0,51.9900016784668,47.00027847290039,39767700
2020-12-07,51.0,51.290000915527344,49.560001373291016,50.20000076293945,45.3820686340332,51040300
2020-12-08,49.83000183105469,50.720001220703125,49.810001373291016,50.68999862670898,45.82503890991211,28956500
2020-12-09,50.27999877929688,50.84000015258789,49.72999954223633,50.06999969482422,45.26454925537109,34068400
2020-12-10,49.65999984741211,50.720001220703125,49.59000015258789,50.2599983215332,45.43630599975586,33706000
2020-12-11,50.13999938964844,50.13999938964844,49.119998931884766,49.72999954223633,44.95718383789063,29398800
2020-12-14,49.81999969482422,51.34000015258789,49.7400016784668,50.470001220703125,45.62615966796875,33436400
2020-12-15,50.97999954223633,51.0099983215332,50.209999084472656,50.66999816894531,45.80695343017578,25465600
2020-12-16,50.709999084472656,51.459999084472656,50.68000030517578,51.119998931884766,46.21377182006836,28351000
2020-12-17,51.150001525878906,51.31999969482422,50.220001220703125,50.650001525878906,45.78888320922852,26399000
2020-12-18,50.56999969482422,50.68000030517578,47.11000061035156,47.459999084472656,42.9050407409668,119298400
2020-12-21,46.31999969482422,46.45000076293945,45.2400016784668,46.36000061035156,41.91061019897461,53775700
2020-12-22,46.25,46.34000015258789,45.77000045776367,46.16999816894531,41.73884582519531,32171200
2020-12-23,46.16999816894531,47.02999877929688,46.06999969482422,46.56999969482422,42.1004638671875,22564200
2020-12-24,46.59999847412109,47.09000015258789,46.34000015258789,47.06999969482422,42.55247116088867,11865600
2020-12-28,47.18999862670898,47.63999938964844,46.86000061035156,47.06999969482422,42.55247116088867,21269200
2020-12-29,47.220001220703125,50.66999816894531,46.4900016784668,49.38999938964844,44.64981460571289,84531400
2020-12-30,49.11000061035156,49.18999862670898,48.560001373291016,48.75,44.07123565673828,37385400
2020-12-31,48.75,50.18999862670898,48.720001220703125,49.81999969482422,45.03853988647461,28576800
2021-01-04,49.88999938964844,51.38999938964844,49.400001525878906,49.66999816894531,44.90293502807617,46102500
2021-01-05,49.45000076293945,50.83000183105469,49.33000183105469,50.61000061035156,45.75271987915039,24866600
2021-01-06,50.43999862670898,52.150001525878906,50.20000076293945,51.09999847412109,46.1956901550293,36809600
2021-01-07,51.4900016784668,52.68999862670898,51.29999923706055,52.18999862670898,47.18108367919922,32092300
2021-01-08,52.45000076293945,52.52999877929688,51.27000045776367,51.650001525878906,46.69290542602539,34625400
2021-01-11,51.290000915527344,52.2400016784668,51.25,51.540000915527344,46.59347152709961,32925000
2021-01-12,51.900001525878906,53.84999847412109,51.560001373291016,53.2400016784668,48.13030624389648,39883900
2021-01-13,59.5,60.25,56.900001525878906,56.95000076293945,51.48424911499024,124070700
2021-01-14,58.45000076293945,60.13999938964844,57.84000015258789,59.25,53.5634994506836,74680900
2021-01-15,58.84999847412109,59.650001525878906,57.5,57.58000183105469,52.05377960205078,50265400
2021-01-19,57.93999862670898,58.34000015258789,57.09999847412109,57.9900016784668,52.424434661865234,35647100
2021-01-20,58.2400016784668,59.220001220703125,58.09000015258789,58.66999816894531,53.03916931152344,28701300
2021-01-21,59.040000915527344,63.95000076293945,58.220001220703125,62.459999084472656,56.46541976928711,86519500
2021-01-22,58.84999847412109,59.619998931884766,56.650001525878906,56.65999984741211,51.222076416015625,85729300
2021-01-25,56.380001068115234,56.5,54.060001373291016,55.43999862670898,50.1191635131836,61968500
2021-01-26,55.27999877929688,56.20000076293945,54.84999847412109,55.209999084472656,49.91123580932617,31485900
2021-01-27,54.61000061035156,54.84999847412109,53.29999923706055,53.59000015258789,48.44671630859375,49722900
2021-01-28,54.790000915527344,57.400001525878906,54.70000076293945,56.06999969482422,50.68869400024414,49202600
2021-01-29,55.97999954223633,57.15999984741211,55.36000061035156,55.5099983215332,50.18243789672852,37256200
2021-02-01,55.95000076293945,57.38999938964844,55.709999084472656,56.68999862670898,51.24919128417969,26926600
2021-02-02,57.18999862670898,58.27999877929688,56.880001068115234,58.0,52.4334716796875,23580900
2021-02-03,57.88999938964844,58.33000183105469,57.380001068115234,57.68000030517578,52.14418029785156,21893200
2021-02-04,57.61000061035156,58.880001068115234,57.18999862670898,58.790000915527344,53.470252990722656,29853800
2021-02-05,59.0,59.08000183105469,58.119998931884766,58.18000030517578,52.91543960571289,23432600
2021-02-08,58.380001068115234,59.220001220703125,57.95000076293945,59.15999984741211,53.80677032470703,34358300
2021-02-09,58.77000045776367,59.310001373291016,57.93999862670898,58.77999877929688,53.46115112304688,28754100
2021-02-10,59.29999923706055,59.41999816894531,58.119998931884766,58.86000061035156,53.533912658691406,16325100
2021-02-11,59.09999847412109,60.9900016784668,58.86000061035156,60.65999984741211,55.17103958129883,27539100
2021-02-12,60.59999847412109,62.5099983215332,60.43000030517578,61.810001373291016,56.216983795166016,26214200
2021-02-16,62.0,62.869998931884766,61.70000076293945,62.470001220703125,56.81725692749024,26326300
2021-02-17,61.4900016784668,62.18999862670898,61.209999084472656,61.84999847412109,56.25335693359375,21055400
2021-02-18,60.650001525878906,61.97999954223633,60.63999938964844,61.61000061035156,56.03507995605469,17846100
2021-02-19,61.90999984741211,63.2599983215332,61.84999847412109,63.0099983215332,57.30838394165039,28290100
2021-02-22,61.880001068115234,62.70000076293945,60.65999984741211,60.709999084472656,55.21651840209961,32288200
2021-02-23,60.47999954223633,61.5,59.16999816894531,61.119998931884766,55.58940887451172,27374600
2021-02-24,60.52999877929688,63.27999877929688,60.380001068115234,63.18999862670898,57.47210311889648,24669900
2021-02-25,62.40999984741211,63.540000915527344,60.130001068115234,60.400001525878906,54.9345703125,36394000
2021-02-26,60.88999938964844,61.68999862670898,59.68000030517578,60.77999877929688,55.280181884765625,38216800
2021-03-01,61.720001220703125,63.08000183105469,61.650001525878906,62.880001068115234,57.19015884399414,28495400
2021-03-02,62.79999923706055,63.13999938964844,61.11000061035156,61.2400016784668,55.69855880737305,23320000
2021-03-03,60.63999938964844,61.52000045776367,59.70000076293945,59.900001525878906,54.47980880737305,28740400
2021-03-04,59.83000183105469,60.2400016784668,57.90999984741211,58.33000183105469,53.051876068115234,40210400
2021-03-05,59.2599983215332,61.18000030517578,58.5099983215332,60.7400016784668,55.243797302246094,39511700
2021-03-08,60.470001220703125,61.70000076293945,59.720001220703125,59.84999847412109,54.434329986572266,33112400
2021-03-09,61.18000030517578,63.16999816894531,60.84000015258789,62.66999816894531,56.99916076660156,36387500
2021-03-10,63.220001220703125,64.12000274658203,62.130001068115234,62.25,56.617164611816406,27160300
2021-03-11,62.93999862670898,64.08999633789062,62.38999938964844,63.310001373291016,57.58124542236328,30701800
2021-03-12,62.650001525878906,63.29999923706055,62.2400016784668,62.900001525878906,57.208343505859375,20173000
2021-03-15,63.61000061035156,63.880001068115234,62.47999954223633,63.790000915527344,58.0178108215332,21247400
2021-03-16,64.1500015258789,65.7300033569336,64.08000183105469,64.77999877929688,58.9182243347168,30186600
2021-03-17,64.22000122070312,66.29000091552734,63.709999084472656,65.77999877929688,59.82773971557617,32394700
2021-03-18,65.62999725341797,65.69999694824219,63.650001525878906,63.72999954223633,57.96324157714844,30094200
2021-03-19,63.18000030517578,64.98999786376953,62.91999816894531,63.7599983215332,57.99052429199219,54951700
2021-03-22,64.81999969482422,66.37999725341797,64.55999755859375,65.62999725341797,59.69132232666016,34380100
2021-03-23,66.0,66.05000305175781,63.16999816894531,63.47999954223633,57.7358627319336,35160000
2021-03-24,66.58000183105469,67.44000244140625,61.9900016784668,62.040000915527344,56.42617034912109,74584700
2021-03-25,61.65999984741211,62.43999862670898,60.97999954223633,62.02000045776367,56.40797424316406,35401400
2021-03-26,61.79999923706055,64.97000122070312,61.77000045776367,64.87000274658203,59.000091552734375,34705800
2021-03-29,64.01000213623047,65.12999725341797,63.61000061035156,64.5,58.66355895996094,26161600
2021-03-30,63.77000045776367,64.0,63.150001525878906,63.77000045776367,57.99962615966797,20709500
2021-03-31,64.01000213623047,64.48999786376953,63.58000183105469,64.0,58.20881271362305,33013200
2021-04-01,64.72000122070312,64.88999938964844,63.58000183105469,64.55000305175781,58.70904541015625,31416300
2021-04-05,64.94999694824219,66.73999786376953,64.69999694824219,66.54000091552734,60.51897430419922,27947500
2021-04-06,66.05999755859375,66.58000183105469,65.29000091552734,65.55999755859375,59.62764739990234,28771400
2021-04-07,65.66999816894531,66.56999969482422,65.36000061035156,66.25,60.25521087646485,17793300
2021-04-08,66.97000122070312,67.29000091552734,66.36000061035156,67.05000305175781,60.98283004760742,22224200
2021-04-09,66.80000305175781,68.4000015258789,66.62999725341797,68.26000213623047,62.08333969116211,27177100
2021-04-12,68.19999694824219,68.48999786376953,64.70999908447266,65.41000366210938,59.49123764038086,51266900
2021-04-13,65.61000061035156,65.62999725341797,64.20999908447266,65.22000122070312,59.31842041015625,26822000
2021-04-14,65.30999755859375,65.37999725341797,63.84000015258789,64.19000244140625,58.38161849975586,25768400
2021-04-15,63.970001220703125,65.22000122070312,63.68000030517578,65.0199966430664,59.13650894165039,24927700
2021-04-16,65.33000183105469,65.5199966430664,64.56999969482422,64.75,58.89094161987305,24625500
2021-04-19,64.69999694824219,64.73999786376953,63.06999969482422,63.630001068115234,57.87229537963867,23997700
2021-04-20,63.63999938964844,63.7599983215332,62.40999984741211,62.70000076293945,57.02645111083984,19872100
2021-04-21,62.790000915527344,63.77999877929688,62.29999923706055,63.70000076293945,57.93595886230469,24364200
2021-04-22,63.34999847412109,63.90999984741211,62.27999877929688,62.56999969482422,56.908203125,38257600
2021-04-23,59.15999984741211,60.0,57.900001525878906,59.2400016784668,53.87953186035156,77479500
2021-04-26,59.09999847412109,59.52000045776367,58.459999084472656,58.7599983215332,53.442962646484375,39645900
2021-04-27,58.560001373291016,58.630001068115234,57.77000045776367,57.970001220703125,52.72444534301758,38167700
2021-04-28,57.52000045776367,58.15999984741211,57.150001525878906,57.619998931884766,52.4061164855957,30387400
2021-04-29,57.880001068115234,58.29999923706055,57.470001220703125,58.27999877929688,53.00639343261719,23290600
2021-04-30,57.61000061035156,58.43000030517578,57.06999969482422,57.52999877929688,52.32426071166992,30731800
2021-05-03,57.86000061035156,57.880001068115234,56.84000015258789,57.2599983215332,52.07868957519531,22281700
2021-05-04,56.880001068115234,56.97999954223633,55.810001373291016,56.900001525878906,51.75126647949219,35323600
2021-05-05,56.959999084472656,57.29999923706055,56.459999084472656,56.84999847412109,51.7057991027832,21001900
2021-05-06,56.619998931884766,57.25,56.25,57.18999862670898,52.335391998291016,25529300
2021-05-07,57.70000076293945,58.0099983215332,57.2400016784668,57.66999816894531,52.77465057373047,19959000
2021-05-10,57.150001525878906,57.22999954223633,55.880001068115234,55.970001220703125,51.21895980834961,35046500
2021-05-11,55.04999923706055,55.630001068115234,54.29999923706055,55.040000915527344,50.36790084838867,35968100
2021-05-12,54.38999938964844,54.650001525878906,53.41999816894531,53.619998931884766,49.06843566894531,30232300
2021-05-13,54.040000915527344,54.38999938964844,53.459999084472656,54.0099983215332,49.425331115722656,29192500
2021-05-14,54.59999847412109,55.84999847412109,54.2599983215332,55.34999847412109,50.65158081054688,28158300
2021-05-17,55.290000915527344,55.88999938964844,54.7599983215332,55.33000183105469,50.63328170776367,20010200
2021-05-18,55.95000076293945,56.13999938964844,54.79999923706055,54.84000015258789,50.18487548828125,18703400
2021-05-19,54.06999969482422,55.43000030517578,53.84000015258789,55.36000061035156,50.66072463989258,23769700
2021-05-20,55.56999969482422,56.2400016784668,55.36000061035156,55.95000076293945,51.20065307617188,23145200
2021-05-21,56.41999816894531,56.709999084472656,55.97999954223633,56.08000183105469,51.31962203979492,17723100
2021-05-24,56.650001525878906,57.38999938964844,56.400001525878906,56.959999084472656,52.12491607666016,19164400
2021-05-25,57.560001373291016,57.560001373291016,56.41999816894531,56.869998931884766,52.04255676269531,22309900
2021-05-26,57.04999923706055,57.22999954223633,56.59000015258789,56.91999816894531,52.08831405639648,15173600
2021-05-27,57.11000061035156,57.880001068115234,57.0,57.72999954223633,52.82955932617188,32387600
2021-05-28,57.54999923706055,57.650001525878906,56.93999862670898,57.119998931884766,52.27133941650391,20303900
2021-06-01,57.61000061035156,57.81999969482422,56.59000015258789,56.88999938964844,52.06086349487305,20326400
2021-06-02,56.90999984741211,57.68999862670898,56.7599983215332,57.47999954223633,52.60077667236328,18483600
2021-06-03,56.97999954223633,57.09999847412109,56.09000015258789,56.2400016784668,51.46603393554688,21831300
2021-06-04,56.54999923706055,57.75,56.540000915527344,57.369998931884766,52.500118255615234,21493800
2021-06-07,57.40999984741211,57.43999862670898,56.77999877929688,57.09000015258789,52.24387741088867,17364400
2021-06-08,57.45000076293945,57.63999938964844,56.59999847412109,57.0,52.16152572631836,33254500
2021-06-09,57.36000061035156,57.47999954223633,56.970001220703125,57.0,52.16152572631836,13904800
2021-06-10,57.150001525878906,58.02999877929688,56.93000030517578,57.380001068115234,52.50926971435547,26738100
2021-06-11,57.470001220703125,57.93999862670898,56.95000076293945,57.84999847412109,52.93936920166016,18119700
2021-06-14,58.02000045776367,58.20000076293945,57.22999954223633,58.18999862670898,53.25050735473633,21784500
2021-06-15,58.209999084472656,58.41999816894531,57.79999923706055,57.9900016784668,53.06748962402344,20806500
2021-06-16,58.150001525878906,58.369998931884766,56.77000045776367,57.220001220703125,52.36285018920898,21879700
2021-06-17,57.04999923706055,57.900001525878906,56.70000076293945,57.18000030517578,52.32624816894531,21498800
2021-06-18,56.68000030517578,56.75,55.09999847412109,55.66999816894531,50.94441986083984,55118300
2021-06-21,55.75,56.040000915527344,55.369998931884766,55.869998931884766,51.127437591552734,19254600
2021-06-22,55.93999862670898,56.27999877929688,55.5,55.869998931884766,51.127437591552734,18682800
2021-06-23,55.869998931884766,55.970001220703125,55.22999954223633,55.2599983215332,50.569217681884766,20287900
2021-06-24,55.4900016784668,56.09999847412109,55.34000015258789,56.06999969482422,51.31046676635742,21209700
2021-06-25,56.02000045776367,56.40999984741211,55.75,55.90999984741211,51.16404342651367,21101200
2021-06-28,56.36000061035156,57.72999954223633,56.34000015258789,57.47999954223633,52.60077667236328,22480900
2021-06-29,57.54999923706055,57.83000183105469,55.880001068115234,56.75,51.932743072509766,26360000
2021-06-30,56.34000015258789,56.380001068115234,55.38999938964844,56.13999938964844,51.37451934814453,29891600
2021-07-01,56.130001068115234,56.63999938964844,55.869998931884766,56.0099983215332,51.25556564331055,24871600
2021-07-02,56.54999923706055,56.9900016784668,56.31999969482422,56.7599983215332,51.94189834594727,17219400
2021-07-06,56.91999816894531,57.0099983215332,55.70000076293945,56.09000015258789,51.32877349853516,26186600
2021-07-07,56.369998931884766,56.45000076293945,55.709999084472656,55.959999084472656,51.20980453491211,14857400
2021-07-08,55.310001373291016,55.720001220703125,54.790000915527344,55.38999938964844,50.68819046020508,19162000
2021-07-09,55.5099983215332,56.11000061035156,55.310001373291016,55.9900016784668,51.23726272583008,18708000
2021-07-12,56.2599983215332,56.7599983215332,56.11000061035156,56.72999954223633,51.9144401550293,15392800
2021-07-13,56.619998931884766,57.29999923706055,56.34000015258789,56.869998931884766,52.04255676269531,15716000
2021-07-14,57.16999816894531,57.459999084472656,56.33000183105469,56.52000045776367,51.722267150878906,16263600
2021-07-15,56.400001525878906,56.400001525878906,55.56999969482422,55.810001373291016,51.072540283203125,18917000
2021-07-16,56.04999923706055,56.93000030517578,54.900001525878906,54.970001220703125,50.3038444519043,25263800
2021-07-19,54.40999984741211,54.810001373291016,53.970001220703125,54.63999938964844,50.00185394287109,27007700
2021-07-20,54.91999816894531,55.560001373291016,54.27000045776367,55.2400016784668,50.550926208496094,19867000
2021-07-21,55.18000030517578,56.27999877929688,55.0099983215332,56.22999954223633,51.456878662109375,18497200
2021-07-22,56.060001373291016,56.540000915527344,55.68000030517578,55.959999084472656,51.20980453491211,36691000
2021-07-23,54.58000183105469,54.709999084472656,52.31999969482422,53.0,48.50106430053711,67742300
2021-07-26,52.810001373291016,54.540000915527344,52.7599983215332,54.310001373291016,49.69986343383789,32881200
2021-07-27,53.119998931884766,53.20000076293945,52.310001373291016,53.18000030517578,48.66578674316406,39878000
2021-07-28,53.02999877929688,53.91999816894531,52.93999862670898,53.06999969482422,48.565128326416016,28478800
2021-07-29,53.47999954223633,54.09999847412109,53.31999969482422,53.70000076293945,49.14164352416992,16886600
2021-07-30,53.650001525878906,53.900001525878906,53.25,53.720001220703125,49.159950256347656,16465700
2021-08-02,53.9900016784668,54.470001220703125,53.540000915527344,53.68000030517578,49.12334442138672,18098100
2021-08-03,53.88999938964844,54.15999984741211,53.2599983215332,54.060001373291016,49.47108459472656,16375900
2021-08-04,54.25,54.43999862670898,53.70000076293945,53.900001525878906,49.32467651367188,17612700
2021-08-05,53.9900016784668,54.02000045776367,53.58000183105469,53.88999938964844,49.63598251342773,15310000
2021-08-06,53.86000061035156,54.130001068115234,53.72999954223633,53.91999816894531,49.66361618041992,19256000
2021-08-09,54.08000183105469,54.40999984741211,53.83000183105469,54.04999923706055,49.78335571289063,14670100
2021-08-10,54.2400016784668,54.38999938964844,53.5099983215332,53.93999862670898,49.682037353515625,16215700
2021-08-11,54.2599983215332,54.36000061035156,53.84000015258789,54.13999938964844,49.866249084472656,18590800
2021-08-12,54.16999816894531,54.18000030517578,53.2599983215332,53.540000915527344,49.31361770629883,15070100
2021-08-13,53.5,53.560001373291016,53.060001373291016,53.4900016784668,49.26755905151367,15281100
2021-08-16,53.22999954223633,53.4900016784668,53.0,53.470001220703125,49.24913787841797,17690300
2021-08-17,53.16999816894531,53.18000030517578,52.220001220703125,52.68999862670898,48.53071212768555,22014900
2021-08-18,52.59999847412109,53.02999877929688,52.11000061035156,52.18999862670898,48.0701789855957,15061700
2021-08-19,52.04999923706055,52.66999816894531,51.58000183105469,52.43999862670898,48.30044174194336,22999400
2021-08-20,52.15999984741211,52.380001068115234,51.41999816894531,52.0099983215332,47.904388427734375,25728300
2021-08-23,52.59000015258789,53.540000915527344,52.47999954223633,53.22999954223633,49.028079986572266,23976300
2021-08-24,53.560001373291016,53.970001220703125,53.310001373291016,53.810001373291016,49.562294006347656,20348800
2021-08-25,54.08000183105469,54.22999954223633,53.72999954223633,53.810001373291016,49.562294006347656,15048400
2021-08-26,53.75,53.75,52.970001220703125,53.130001068115234,48.935977935791016,19570000
2021-08-27,53.36000061035156,53.93999862670898,52.91999816894531,53.88999938964844,49.63598251342773,16525000
2021-08-30,54.2599983215332,54.869998931884766,53.7599983215332,53.93999862670898,49.682037353515625,14581300
2021-08-31,54.43999862670898,54.5,53.65999984741211,54.060001373291016,49.79256439208984,22350100
2021-09-01,54.11000061035156,54.15999984741211,53.52999877929688,53.66999816894531,49.43335723876953,18615000
2021-09-02,53.79999923706055,53.88999938964844,53.34999847412109,53.72999954223633,49.488616943359375,15869500
2021-09-03,53.43999862670898,54.08000183105469,53.31999969482422,53.5099983215332,49.285980224609375,13456200
2021-09-07,53.56999969482422,53.95000076293945,53.43999862670898,53.650001525878906,49.41493225097656,13915000
2021-09-08,53.72999954223633,53.91999816894531,52.9900016784668,53.56999969482422,49.34123992919922,18235100
2021-09-09,53.65999984741211,53.88999938964844,53.34000015258789,53.400001525878906,49.18466567993164,13495800
2021-09-10,53.84999847412109,54.97999954223633,53.810001373291016,53.84000015258789,49.589935302734375,20324700
2021-09-13,54.61000061035156,55.4900016784668,54.40999984741211,54.9900016784668,50.64915466308594,22639200
2021-09-14,55.369998931884766,55.43999862670898,54.27000045776367,54.52000045776367,50.216251373291016,22072700
2021-09-15,54.66999816894531,55.150001525878906,54.41999816894531,55.119998931884766,50.768890380859375,18796200
2021-09-16,54.86000061035156,54.95000076293945,54.2400016784668,54.83000183105469,50.50178909301758,19863100
2021-09-17,54.59000015258789,54.59000015258789,53.66999816894531,54.2599983215332,49.97677230834961,35359200
2021-09-20,53.209999084472656,53.5,52.31999969482422,52.97999954223633,48.797813415527344,35051900
2021-09-21,53.20000076293945,53.45000076293945,52.83000183105469,52.869998931884766,48.69650268554688,17968900
2021-09-22,53.400001525878906,53.869998931884766,53.0,53.5,49.27677536010742,18594100
2021-09-23,53.75,54.29999923706055,53.59999847412109,54.02999877929688,49.764930725097656,16474300
2021-09-24,53.77999877929688,54.41999816894531,53.72999954223633,54.220001220703125,49.939937591552734,12976200
2021-09-27,53.93999862670898,54.869998931884766,53.81999969482422,54.65999984741211,50.3452033996582,13899900
2021-09-28,54.18000030517578,54.59000015258789,53.959999084472656,54.0,49.7373046875,24691300
2021-09-29,54.0,54.04999923706055,53.18000030517578,53.4900016784668,49.26755905151367,20514300
2021-09-30,53.7599983215332,53.97999954223633,53.2599983215332,53.27999877929688,49.07413482666016,20534100
2021-10-01,53.650001525878906,54.11000061035156,53.04999923706055,53.86000061035156,49.60835266113281,19895100
2021-10-04,53.93000030517578,54.33000183105469,53.08000183105469,53.470001220703125,49.24913787841797,27353300
2021-10-05,53.54999923706055,54.34000015258789,53.47999954223633,53.95000076293945,49.69124603271485,18129400
2021-10-06,53.47999954223633,54.06999969482422,53.06999969482422,53.97999954223633,49.7188835144043,20059600
2021-10-07,54.31999969482422,54.9900016784668,54.119998931884766,54.18000030517578,49.9030876159668,20704400
2021-10-08,54.54999923706055,54.58000183105469,53.70000076293945,53.810001373291016,49.562294006347656,16068000
2021-10-11,53.810001373291016,54.40999984741211,53.41999816894531,53.43999862670898,49.22150802612305,14398800
2021-10-12,53.56999969482422,53.720001220703125,52.0099983215332,52.16999816894531,48.05176162719727,32784300
2021-10-13,52.380001068115234,52.58000183105469,51.869998931884766,52.2599983215332,48.1346549987793,18534000
2021-10-14,52.900001525878906,54.0,52.72999954223633,53.900001525878906,49.64519882202149,26586700
2021-10-15,54.20000076293945,54.4900016784668,53.810001373291016,54.459999084472656,50.16098785400391,25231100
2021-10-18,54.18999862670898,54.560001373291016,53.720001220703125,54.470001220703125,50.170204162597656,22407600
2021-10-19,54.630001068115234,55.220001220703125,54.369998931884766,55.209999084472656,50.85178756713867,18392900
2021-10-20,55.25,55.4900016784668,55.08000183105469,55.369998931884766,50.9991569519043,16850300
2021-10-21,54.93000030517578,56.06999969482422,54.83000183105469,56.0,51.57942581176758,38390900
2021-10-22,50.38999938964844,50.54999923706055,49.13999938964844,49.459999084472656,45.55569076538086,109971900
2021-10-25,49.83000183105469,50.06999969482422,49.310001373291016,49.40999984741211,45.50962829589844,43178800
2021-10-26,49.400001525878906,49.43999862670898,47.93000030517578,48.27999877929688,44.46883773803711,68405400
2021-10-27,48.52000045776367,48.81999969482422,47.869998931884766,47.88999938964844,44.10961532592773,41081500
2021-10-28,48.13999938964844,48.36000061035156,47.880001068115234,48.08000183105469,44.28461837768555,31317200
2021-10-29,48.09999847412109,49.27999877929688,47.91999816894531,49.0,45.13199996948242,42301000
2021-11-01,49.400001525878906,49.59999847412109,49.0,49.54999923706055,45.638580322265625,28013700
2021-11-02,49.61000061035156,49.900001525878906,49.22999954223633,49.86000061035156,45.92410659790039,27193300
2021-11-03,49.93000030517578,50.45000076293945,49.709999084472656,50.38999938964844,46.41227340698242,23962100
2021-11-04,50.2400016784668,50.34999847412109,49.72999954223633,50.310001373291016,46.66083908081055,24806000
2021-11-05,50.54999923706055,51.58000183105469,50.540000915527344,50.91999816894531,47.2265853881836,36816200
2021-11-08,51.459999084472656,51.9900016784668,51.060001373291016,51.54999923706055,47.81089019775391,31647800
2021-11-09,51.540000915527344,51.77000045776367,50.77000045776367,51.20000076293945,47.48628234863281,22508400
2021-11-10,50.97999954223633,51.38999938964844,50.709999084472656,50.7599983215332,47.07819366455078,25040700
2021-11-11,51.0099983215332,51.06999969482422,50.40999984741211,50.52999877929688,46.86488342285156,25420000
2021-11-12,50.59999847412109,50.900001525878906,50.18000030517578,50.310001373291016,46.66083908081055,23884800
2021-11-15,50.40999984741211,50.630001068115234,50.119998931884766,50.31999969482422,46.670108795166016,24695800
2021-11-16,50.369998931884766,51.150001525878906,50.34000015258789,50.61000061035156,46.9390754699707,30927800
2021-11-17,50.59999847412109,50.93999862670898,49.97999954223633,50.22999954223633,46.58663558959961,23546900
2021-11-18,50.2400016784668,50.2400016784668,48.970001220703125,49.68000030517578,46.07653045654297,30658200
2021-11-19,49.59999847412109,49.72999954223633,49.2400016784668,49.52000045776367,45.92813873291016,27607600
2021-11-22,49.54999923706055,50.84999847412109,49.40999984741211,49.83000183105469,46.21565246582031,33389600
2021-11-23,50.15999984741211,50.45000076293945,48.63999938964844,49.09999847412109,45.5385971069336,44713300
2021-11-24,48.86000061035156,49.77999877929688,48.630001068115234,49.7599983215332,46.15073013305664,26035800
2021-11-26,48.900001525878906,49.18000030517578,48.119998931884766,48.77999877929688,45.24180221557617,25269000
2021-11-29,49.29999923706055,50.130001068115234,48.720001220703125,50.0,46.373313903808594,31478900
2021-11-30,49.5,50.400001525878906,48.68000030517578,49.20000076293945,45.63134765625,49460800
2021-12-01,49.84000015258789,50.310001373291016,48.52000045776367,48.59999847412109,45.07486724853516,35093500
2021-12-02,48.61000061035156,49.790000915527344,48.33000183105469,49.5,45.90958786010742,37240800
2021-12-03,49.68000030517578,50.060001373291016,48.7599983215332,49.25,45.67771911621094,32224900
2021-12-06,49.47999954223633,51.209999084472656,49.18000030517578,50.9900016784668,47.29150772094727,40336000
2021-12-07,54.65999984741211,55.0,52.209999084472656,52.56999969482422,48.75690841674805,91731500
2021-12-08,52.56999969482422,52.880001068115234,51.380001068115234,51.75,47.99638366699219,37143400
2021-12-09,51.29999923706055,51.59000015258789,50.43000030517578,50.47999954223633,46.81850051879883,31694200
2021-12-10,50.84000015258789,51.06999969482422,50.04999923706055,50.59000015258789,46.92052459716797,23783600
2021-12-13,50.84999847412109,51.02000045776367,49.95000076293945,50.0,46.373313903808594,35726900
2021-12-14,49.81999969482422,50.27000045776367,49.31999969482422,49.70000076293945,46.0950813293457,34120400
2021-12-15,49.869998931884766,50.77999877929688,49.33000183105469,50.66999816894531,46.994720458984375,32590300
2021-12-16,50.7400016784668,51.400001525878906,50.58000183105469,50.83000183105469,47.14311981201172,33132300
2021-12-17,50.59000015258789,51.02000045776367,50.0099983215332,50.619998931884766,46.94834899902344,50102300
2021-12-20,49.90999984741211,50.130001068115234,48.959999084472656,49.59999847412109,46.0023307800293,30140300
2021-12-21,49.93999862670898,50.84000015258789,49.93999862670898,50.77000045776367,47.08747100830078,31956300
2021-12-22,50.63999938964844,51.02000045776367,50.209999084472656,50.970001220703125,47.27295684814453,23307900
2021-12-23,51.08000183105469,51.72999954223633,51.04999923706055,51.310001373291016,47.58830261230469,25198200
2021-12-27,51.34999847412109,52.060001373291016,51.29999923706055,51.93999862670898,48.172607421875,20985400
2021-12-28,51.93000030517578,52.119998931884766,51.630001068115234,51.7599983215332,48.00566101074219,19290400
2021-12-29,51.810001373291016,52.13999938964844,51.65999984741211,51.83000183105469,48.070579528808594,14174800
2021-12-30,51.91999816894531,52.13999938964844,51.650001525878906,51.7400016784668,47.987117767333984,18359400
2021-12-31,51.88999938964844,52.15999984741211,51.459999084472656,51.5,47.76452255249024,16319000
2022-01-03,51.650001525878906,53.22999954223633,51.59999847412109,53.209999084472656,49.35048294067383,33857600
2022-01-04,53.56999969482422,53.93999862670898,52.650001525878906,53.13999938964844,49.28556442260742,45681400
2022-01-05,54.18999862670898,56.16999816894531,53.83000183105469,53.869998931884766,49.96261215209961,59109300
2022-01-06,54.61000061035156,54.66999816894531,53.41999816894531,54.0099983215332,50.09246063232422,35757900
2022-01-07,54.18999862670898,54.38999938964844,53.150001525878906,53.43999862670898,49.56380844116211,30717200
2022-01-10,53.970001220703125,55.310001373291016,53.310001373291016,55.209999084472656,51.20541763305664,49260800
2022-01-11,55.5,56.08000183105469,54.72999954223633,55.90999984741211,51.85464096069336,39795200
2022-01-12,56.13999938964844,56.27999877929688,54.810001373291016,55.7400016784668,51.69697952270508,29136800
2022-01-13,56.0,56.209999084472656,54.77000045776367,54.93999862670898,50.95500183105469,29605400
2022-01-14,54.84999847412109,55.77000045776367,54.52999877929688,55.70000076293945,51.65987777709961,30151500
2022-01-18,55.310001373291016,55.650001525878906,54.68000030517578,54.7599983215332,50.78805160522461,35313800
2022-01-19,54.630001068115234,54.84999847412109,53.560001373291016,53.619998931884766,49.730743408203125,30595100
2022-01-20,53.86000061035156,54.09000015258789,51.93999862670898,52.040000915527344,48.26535415649414,28582600
2022-01-21,52.08000183105469,53.130001068115234,51.95000076293945,52.040000915527344,48.26535415649414,46372400
2022-01-24,51.47999954223633,52.130001068115234,49.880001068115234,51.93999862670898,48.172607421875,64198400
2022-01-25,51.0099983215332,51.619998931884766,50.25,51.0,47.30078506469727,44095400
2022-01-26,51.130001068115234,52.720001220703125,50.75,51.68999862670898,47.940731048583984,54895400
2022-01-27,49.97999954223633,50.060001373291016,47.77999877929688,48.04999923706055,44.56476593017578,89642800
2022-01-28,47.709999084472656,48.20000076293945,46.29999923706055,47.72999954223633,44.26796722412109,61945400
2022-01-31,47.68000030517578,48.869998931884766,47.310001373291016,48.81999969482422,45.278907775878906,51828400
2022-02-01,48.77999877929688,49.02999877929688,48.36000061035156,48.95000076293945,45.39947509765625,35386100
2022-02-02,48.25,49.58000183105469,48.09000015258789,49.5099983215332,45.918853759765625,37962700
2022-02-03,49.25,49.68999862670898,48.25,48.27999877929688,44.778079986572266,42145800
2022-02-04,47.86000061035156,48.2400016784668,47.130001068115234,48.0099983215332,44.86685943603516,32431500
2022-02-07,48.130001068115234,48.65999984741211,47.959999084472656,48.18000030517578,45.02572250366211,27558500
2022-02-08,47.97999954223633,48.93999862670898,47.900001525878906,48.810001373291016,45.61448287963867,28051200
2022-02-09,49.33000183105469,49.970001220703125,48.83000183105469,49.90999984741211,46.6424674987793,35217300
2022-02-10,49.18000030517578,49.93000030517578,48.7599983215332,48.86000061035156,45.66120910644531,32762700
2022-02-11,48.95000076293945,49.11000061035156,47.5,47.630001068115234,44.5117416381836,37208200
2022-02-14,47.91999816894531,48.18000030517578,47.11000061035156,47.58000183105469,44.46500778198242,28456900
2022-02-15,47.70000076293945,48.459999084472656,47.18999862670898,48.43999862670898,45.26870346069336,35837900
2022-02-16,48.060001373291016,48.4900016784668,47.59999847412109,48.22999954223633,45.072452545166016,26022900
2022-02-17,47.86000061035156,48.2599983215332,47.380001068115234,47.56999969482422,44.45565414428711,32030600
2022-02-18,46.18999862670898,46.209999084472656,44.5099983215332,45.040000915527344,42.091304779052734,76520100
2022-02-22,44.68999862670898,45.40999984741211,43.84999847412109,44.68999862670898,41.76420974731445,57093300
2022-02-23,45.16999816894531,45.709999084472656,44.54999923706055,44.650001525878906,41.726829528808594,38176700
2022-02-24,43.900001525878906,46.790000915527344,43.630001068115234,46.720001220703125,43.66131591796875,72740100
2022-02-25,46.93000030517578,47.790000915527344,46.25,47.709999084472656,44.58649826049805,39266300
2022-02-28,47.0,47.81999969482422,46.84999847412109,47.70000076293945,44.57715606689453,41946100
2022-03-01,47.540000915527344,47.900001525878906,46.220001220703125,46.81999969482422,43.75476837158203,53853000
2022-03-02,47.52000045776367,48.9900016784668,47.47999954223633,48.869998931884766,45.67055892944336,46936500
2022-03-03,48.18000030517578,48.54999923706055,47.619998931884766,47.93000030517578,44.79209899902344,36389900
2022-03-04,47.369998931884766,48.27000045776367,47.369998931884766,48.06999969482422,44.92293167114258,38310700
2022-03-07,48.0099983215332,48.540000915527344,47.59999847412109,47.68000030517578,44.5584602355957,43813700
2022-03-08,47.68999862670898,48.720001220703125,46.88999938964844,47.5,44.3902473449707,44813900
2022-03-09,48.40999984741211,48.459999084472656,46.88999938964844,47.630001068115234,44.5117416381836,36076500
2022-03-10,47.290000915527344,47.310001373291016,46.15999984741211,46.65999984741211,43.6052360534668,36456000
2022-03-11,47.150001525878906,47.27999877929688,45.77000045776367,45.83000183105469,42.8295783996582,27082100
2022-03-14,45.900001525878906,45.97999954223633,44.29999923706055,44.400001525878906,41.493202209472656,35993900
2022-03-15,44.5,44.900001525878906,44.06999969482422,44.810001373291016,41.87635803222656,34448900
2022-03-16,45.29999923706055,46.630001068115234,45.27000045776367,46.630001068115234,43.57720565795898,38885500
2022-03-17,46.31999969482422,47.290000915527344,45.72999954223633,47.13999938964844,44.05381774902344,28555000
2022-03-18,46.81999969482422,47.59999847412109,46.34999847412109,47.45000076293945,44.34352493286133,46237100
2022-03-21,47.459999084472656,47.88999938964844,47.06999969482422,47.38999938964844,44.28744888305664,32910900
2022-03-22,47.5,48.470001220703125,47.400001525878906,48.38999938964844,45.221981048583984,27923300
2022-03-23,48.459999084472656,49.58000183105469,48.060001373291016,48.27000045776367,45.10983657836914,37126400
2022-03-24,48.65999984741211,51.650001525878906,48.59000015258789,51.619998931884766,48.240509033203125,51677900
2022-03-25,50.68999862670898,51.97999954223633,50.45000076293945,51.83000183105469,48.436771392822266,33239800
2022-03-28,51.36000061035156,51.56999969482422,50.560001373291016,51.5099983215332,48.13771438598633,22932400
2022-03-29,52.0,52.290000915527344,51.27999877929688,52.25,48.82927322387695,27303700
2022-03-30,52.25,52.5099983215332,51.220001220703125,51.43000030517578,48.06295776367188,24623300
2022-03-31,51.20000076293945,51.2599983215332,49.5099983215332,49.560001373291016,46.31538391113281,43698300
2022-04-01,49.83000183105469,49.900001525878906,47.33000183105469,48.11000061035156,44.96030426025391,46598600
2022-04-04,48.16999816894531,49.22999954223633,47.91999816894531,49.20000076293945,45.97895431518555,23784900
2022-04-05,48.83000183105469,48.97999954223633,48.02000045776367,48.130001068115234,44.979000091552734,25779200
2022-04-06,47.43999862670898,48.16999816894531,47.2400016784668,47.540000915527344,44.4276237487793,31518700
2022-04-07,47.43000030517578,47.90999984741211,46.77000045776367,47.560001373291016,44.44632339477539,24117000
2022-04-08,47.27999877929688,47.58000183105469,46.84999847412109,47.02000045776367,43.94166946411133,22167300
2022-04-11,46.900001525878906,47.29999923706055,46.52999877929688,46.56999969482422,43.52113723754883,30352500
2022-04-12,47.31999969482422,47.90999984741211,46.40999984741211,46.5,43.455711364746094,29861400
2022-04-13,46.75,47.27000045776367,46.54999923706055,47.0099983215332,43.93232345581055,22171300
2022-04-14,46.75,46.75,45.619998931884766,45.66999816894531,42.68004989624024,36181800
2022-04-18,45.52999877929688,46.88999938964844,45.52000045776367,46.63999938964844,43.586551666259766,25593100
2022-04-19,46.59999847412109,48.0,46.34000015258789,47.93000030517578,44.79209899902344,31483100
2022-04-20,48.36000061035156,48.75,47.97999954223633,48.11000061035156,44.96030426025391,22787100
2022-04-21,48.619998931884766,48.900001525878906,47.400001525878906,47.5,44.3902473449707,27316900
2022-04-22,47.45000076293945,47.650001525878906,46.5,46.540000915527344,43.49310302734375,28219900
2022-04-25,46.209999084472656,47.13999938964844,46.18000030517578,47.060001373291016,43.97905731201172,35999300
2022-04-26,46.68999862670898,46.84000015258789,45.5099983215332,45.52000045776367,42.53987121582031,35356600
2022-04-27,45.47999954223633,46.060001373291016,45.0099983215332,45.220001220703125,42.25951766967773,28320900
2022-04-28,45.790000915527344,47.27000045776367,45.540000915527344,46.84000015258789,43.77345275878906,41097000
2022-04-29,44.9900016784668,45.36000061035156,43.5,43.59000015258789,40.73623275756836,70765900
2022-05-02,43.720001220703125,44.9900016784668,43.5099983215332,44.959999084472656,42.01652908325195,45446500
2022-05-03,44.790000915527344,45.4900016784668,44.22999954223633,45.060001373291016,42.109989166259766,40158400
2022-05-04,45.060001373291016,46.63999938964844,44.40999984741211,46.540000915527344,43.49310302734375,44625600
2022-05-05,45.59999847412109,45.90999984741211,44.130001068115234,44.59999847412109,42.00957489013672,52996700
2022-05-06,44.4900016784668,45.150001525878906,43.84000015258789,44.29999923706055,41.72700119018555,40916600
2022-05-09,43.810001373291016,44.20000076293945,42.869998931884766,43.06999969482422,40.56843566894531,44925800
2022-05-10,44.34999847412109,44.7400016784668,43.5,44.0099983215332,41.45384216308594,42770000
2022-05-11,44.02000045776367,44.290000915527344,42.77999877929688,42.83000183105469,40.34238052368164,40351700
2022-05-12,42.72999954223633,42.90999984741211,42.0099983215332,42.84000015258789,40.3517951965332,42329600
2022-05-13,43.41999816894531,43.84000015258789,42.970001220703125,43.59999847412109,41.06765365600586,32034100
2022-05-16,43.41999816894531,43.61000061035156,42.790000915527344,43.08000183105469,40.577857971191406,25071900
2022-05-17,43.81999969482422,44.41999816894531,43.650001525878906,44.400001525878906,41.82119369506836,28596600
2022-05-18,43.97999954223633,43.97999954223633,42.220001220703125,42.34999847412109,39.8902473449707,35218400
2022-05-19,42.31999969482422,42.70000076293945,41.720001220703125,42.0099983215332,39.56999969482422,29181000
2022-05-20,42.25,42.290000915527344,40.310001373291016,41.650001525878906,39.23091506958008,44802300
2022-05-23,41.68999862670898,42.25,41.33000183105469,42.0,39.560585021972656,27199500
2022-05-24,41.70000076293945,41.88999938964844,41.09999847412109,41.66999816894531,39.24974822998047,29837500
2022-05-25,41.43999862670898,42.52000045776367,41.38999938964844,42.20000076293945,39.74897003173828,26283100
2022-05-26,42.16999816894531,43.68000030517578,42.08000183105469,43.47999954223633,40.95462417602539,28826700
2022-05-27,43.59000015258789,44.54999923706055,43.54999923706055,44.54999923706055,41.96247482299805,30553300
2022-05-31,44.25,44.75,43.650001525878906,44.41999816894531,41.84002685546875,41111500
2022-06-01,44.77000045776367,44.93000030517578,43.52999877929688,44.11000061035156,41.54803466796875,29885500
2022-06-02,44.18999862670898,44.880001068115234,43.93999862670898,44.84000015258789,42.23563766479492,28727600
2022-06-03,44.11000061035156,44.25,43.34000015258789,43.38999938964844,40.869850158691406,33174700
2022-06-06,43.810001373291016,44.040000915527344,43.08000183105469,43.34000015258789,40.82275772094727,25437100
2022-06-07,43.060001373291016,43.59000015258789,42.65999984741211,43.52999877929688,41.00171661376953,25168700
2022-06-08,42.25,42.2599983215332,41.02999877929688,41.22999954223633,38.83530044555664,59649900
2022-06-09,41.0099983215332,41.34999847412109,40.0099983215332,40.0099983215332,37.686161041259766,39047200
2022-06-10,39.84999847412109,40.08000183105469,39.18000030517578,39.18000030517578,36.90437316894531,43066200
2022-06-13,38.54999923706055,38.810001373291016,37.66999816894531,37.77000045776367,35.576271057128906,50335900
2022-06-14,38.0099983215332,38.20000076293945,37.540000915527344,37.93000030517578,35.72697448730469,31351700
2022-06-15,38.560001373291016,39.16999816894531,37.91999816894531,38.650001525878906,36.4051628112793,37652300
2022-06-16,37.70000076293945,37.790000915527344,36.93000030517578,37.34000015258789,35.17124557495117,45576500
2022-06-17,37.47999954223633,38.119998931884766,36.59999847412109,36.970001220703125,34.82273864746094,71393200
2022-06-21,37.36000061035156,38.02999877929688,37.33000183105469,37.72999954223633,35.53859329223633,34004900
2022-06-22,37.33000183105469,37.77000045776367,37.220001220703125,37.380001068115234,35.20892333984375,32571000
2022-06-23,37.61000061035156,37.619998931884766,36.90999984741211,37.40999984741211,35.23717498779297,30163000
2022-06-24,37.84999847412109,38.63999938964844,37.7400016784668,38.61000061035156,36.36748123168945,38159900
2022-06-27,38.869998931884766,39.060001373291016,38.470001220703125,38.630001068115234,36.386322021484375,29585300
2022-06-28,38.58000183105469,39.02000045776367,37.7400016784668,37.77999877929688,35.5856819152832,37824200
2022-06-29,37.540000915527344,37.59999847412109,37.02000045776367,37.290000915527344,35.1241455078125,25437200
2022-06-30,37.209999084472656,38.0,36.72999954223633,37.40999984741211,35.23717498779297,35141000
2022-07-01,37.09000015258789,37.20000076293945,35.880001068115234,36.34000015258789,34.22932434082031,40596300
2022-07-05,35.93000030517578,36.7400016784668,35.540000915527344,36.68999862670898,34.55899429321289,33215000
2022-07-06,36.81999969482422,37.41999816894531,36.459999084472656,36.9900016784668,34.841575622558594,26258300
2022-07-07,37.88999938964844,38.33000183105469,37.72999954223633,38.13999938964844,35.924781799316406,33165400
2022-07-08,37.65999984741211,38.13999938964844,37.38999938964844,37.9900016784668,35.78349304199219,22566300
2022-07-11,37.65999984741211,37.66999816894531,37.02999877929688,37.20000076293945,35.03937530517578,25904300
2022-07-12,37.650001525878906,37.70000076293945,36.9900016784668,37.209999084472656,35.04879379272461,30546300
2022-07-13,36.68000030517578,37.43000030517578,36.619998931884766,37.209999084472656,35.04879379272461,27059200
2022-07-14,36.9900016784668,38.15999984741211,36.290000915527344,37.709999084472656,35.51976013183594,36690700
2022-07-15,38.27000045776367,38.66999816894531,37.72999954223633,38.619998931884766,36.376895904541016,32892300
2022-07-18,39.09999847412109,39.34000015258789,38.52999877929688,38.709999084472656,36.461669921875,30814400
2022-07-19,39.31999969482422,40.72999954223633,39.2400016784668,40.220001220703125,37.883975982666016,53095300
2022-07-20,40.209999084472656,40.66999816894531,39.560001373291016,40.560001373291016,38.2042236328125,36387900
2022-07-21,40.5099983215332,40.650001525878906,39.81999969482422,40.61000061035156,38.25132369995117,29661200
2022-07-22,40.369998931884766,40.5099983215332,38.93999862670898,39.20000076293945,36.9232177734375,41350000
2022-07-25,39.27999877929688,39.40999984741211,38.54999923706055,39.15999984741211,36.88554000854492,32263400
2022-07-26,39.09999847412109,39.56999969482422,38.880001068115234,38.959999084472656,36.69715118408203,35925500
2022-07-27,39.27000045776367,40.41999816894531,39.22999954223633,40.18000030517578,37.84629440307617,42571600
2022-07-28,40.09000015258789,40.119998931884766,39.040000915527344,39.709999084472656,37.403587341308594,56662300
2022-07-29,35.599998474121094,36.619998931884766,35.2400016784668,36.310001373291016,34.20106887817383,125292400
2022-08-01,36.04999923706055,37.68999862670898,36.04999923706055,36.959999084472656,34.81330871582031,52513400
2022-08-02,36.59000015258789,36.65999984741211,36.0,36.0099983215332,33.91849136352539,53929400
2022-08-03,36.09000015258789,36.59000015258789,35.2599983215332,36.52000045776367,34.398868560791016,59513900
2022-08-04,36.0099983215332,36.09999847412109,35.36000061035156,35.65999984741211,33.92791748046875,54046300
2022-08-05,35.349998474121094,35.689998626708984,35.18000030517578,35.38999938964844,33.671024322509766,40205100
2022-08-08,35.36000061035156,35.959999084472656,35.20000076293945,35.380001068115234,33.66151428222656,41534600
2022-08-09,35.220001220703125,35.29999923706055,34.400001525878906,34.52000045776367,32.84328842163086,48202300
2022-08-10,34.9900016784668,35.400001525878906,34.59000015258789,35.369998931884766,33.652000427246094,42243300
2022-08-11,35.63999938964844,36.290000915527344,35.4900016784668,35.59000015258789,33.86131286621094,35569700
2022-08-12,35.79999923706055,36.13999938964844,35.66999816894531,36.11000061035156,34.356056213378906,37675200
2022-08-15,36.09999847412109,36.43000030517578,35.709999084472656,36.34000015258789,34.57488250732422,25400600
2022-08-16,36.15999984741211,36.58000183105469,35.70000076293945,36.18999862670898,34.432167053222656,25000200
2022-08-17,35.810001373291016,36.08000183105469,35.27000045776367,35.779998779296875,34.042083740234375,29176100
2022-08-18,35.68000030517578,36.33000183105469,35.56999969482422,36.20000076293945,34.44168472290039,24598200
2022-08-19,35.79999923706055,36.02999877929688,35.189998626708984,35.380001068115234,33.66151428222656,31425500
2022-08-22,35.0,35.060001373291016,33.72999954223633,33.84000015258789,32.196311950683594,51006100
2022-08-23,33.97999954223633,34.38999938964844,33.90999984741211,33.95000076293945,32.30097579956055,30687100
2022-08-24,33.970001220703125,33.9900016784668,33.599998474121094,33.86000061035156,32.2153434753418,25105700
2022-08-25,33.869998931884766,34.93000030517578,33.81999969482422,34.88999938964844,33.195308685302734,29799100
2022-08-26,34.95000076293945,35.029998779296875,33.349998474121094,33.36000061035156,31.73963165283203,44851500
2022-08-29,33.22999954223633,33.40999984741211,32.810001373291016,32.939998626708984,31.340030670166016,32976800
2022-08-30,33.040000915527344,33.06999969482422,32.150001525878906,32.2599983215332,30.693058013916016,40182500
2022-08-31,32.38999938964844,32.38999938964844,31.770000457763672,31.920000076293945,30.36957359313965,44074500
2022-09-01,31.56999969482422,31.82999992370605,31.1299991607666,31.76000022888184,30.217344284057617,36440700
2022-09-02,32.209999084472656,32.380001068115234,31.059999465942383,31.21999931335449,29.70357322692871,34893300
2022-09-06,31.38999938964844,31.38999938964844,30.32999992370605,30.36000061035156,28.885347366333008,46989600
2022-09-07,30.420000076293945,30.790000915527344,30.049999237060547,30.64999961853028,29.16126251220703,37329500
2022-09-08,30.3700008392334,30.850000381469727,29.90999984741211,30.75,29.256404876708984,37359500
2022-09-09,31.190000534057617,31.5,31.07999992370605,31.459999084472656,29.93191909790039,34069500
2022-09-12,31.739999771118164,31.86000061035156,31.100000381469727,31.559999465942383,30.02705955505371,38305500
2022-09-13,30.82999992370605,30.93000030517578,29.25,29.290000915527344,27.867319107055664,71417900
2022-09-14,29.549999237060547,29.770000457763672,29.01000022888184,29.18000030517578,27.76266098022461,40767200
2022-09-15,29.14999961853028,29.40999984741211,28.709999084472656,28.84000015258789,27.43917465209961,39919100
2022-09-16,28.700000762939453,29.31999969482422,28.420000076293945,29.239999771118164,27.819747924804688,72748000
2022-09-19,29.020000457763672,29.5,28.89999961853028,29.440000534057617,28.010034561157227,33151900
2022-09-20,29.06999969482422,29.170000076293945,28.709999084472656,28.959999084472656,27.553346633911133,31129000
2022-09-21,29.14999961853028,29.59000015258789,28.459999084472656,28.46999931335449,27.087146759033203,39977300
2022-09-22,28.39999961853028,28.5,28.040000915527344,28.06999969482422,26.706579208374023,36092700
2022-09-23,27.89999961853028,27.89999961853028,27.190000534057617,27.520000457763672,26.183292388916016,43491100
2022-09-26,27.559999465942383,27.700000762939453,26.86000061035156,26.96999931335449,25.660005569458008,44786400
2022-09-27,27.39999961853028,27.600000381469727,26.6200008392334,26.88999938964844,25.583892822265625,44121400
2022-09-28,26.86000061035156,27.280000686645508,26.600000381469727,27.1299991607666,25.812232971191406,40433400
2022-09-29,26.780000686645508,26.780000686645508,26.190000534057617,26.3799991607666,25.09866523742676,41831300
2022-09-30,26.299999237060547,26.56999969482422,25.739999771118164,25.770000457763672,24.518295288085938,43821000
2022-10-03,26.32999992370605,27.25,26.06999969482422,26.96999931335449,25.660005569458008,44096200
2022-10-04,27.43000030517578,27.799999237060547,27.09000015258789,27.700000762939453,26.354549407958984,42427500
2022-10-05,27.3700008392334,27.84000015258789,26.88999938964844,27.63999938964844,26.297462463378903,30120000
2022-10-06,27.440000534057617,27.76000022888184,27.0,27.18000030517578,25.85980796813965,33985100
2022-10-07,26.170000076293945,26.280000686645508,25.64999961853028,25.71999931335449,24.470722198486328,57215500
2022-10-10,25.940000534057617,25.989999771118164,25.09000015258789,25.200000762939453,23.97597885131836,43409300
2022-10-11,25.01000022888184,25.479999542236328,24.690000534057617,25.040000915527344,23.82375144958496,48134900
2022-10-12,25.049999237060547,25.520000457763672,24.65999984741211,25.32999992370605,24.099666595458984,39634100
2022-10-13,24.729999542236328,26.84000015258789,24.59000015258789,26.420000076293945,25.13671875,62447000
2022-10-14,26.459999084472656,26.6299991607666,25.76000022888184,25.90999984741211,24.651491165161133,48185400
2022-10-17,26.309999465942383,26.75,26.170000076293945,26.420000076293945,25.13671875,39416500
2022-10-18,26.739999771118164,26.959999084472656,25.540000915527344,25.8700008392334,24.61343574523925,51126900
2022-10-19,25.739999771118164,26.25,25.690000534057617,26.0,24.737119674682617,33882300
2022-10-20,26.14999961853028,26.950000762939453,25.950000762939453,26.07999992370605,24.81323432922364,33247700
2022-10-21,25.850000381469727,27.049999237060547,25.790000915527344,26.96999931335449,25.660005569458008,53058700
2022-10-24,26.75,27.479999542236328,26.520000457763672,27.18000030517578,25.85980796813965,43831600
2022-10-25,27.18000030517578,27.559999465942383,27.0,27.40999984741211,26.0786361694336,32205300
2022-10-26,27.190000534057617,27.799999237060547,26.989999771118164,27.209999084472656,25.88834953308105,37111100
2022-10-27,27.450000762939453,27.59000015258789,26.1299991607666,26.270000457763672,24.99400520324707,56305100
2022-10-28,28.18000030517578,29.21999931335449,27.86000061035156,29.06999969482422,27.658002853393555,91695700
2022-10-31,29.07999992370605,29.18000030517578,28.049999237060547,28.43000030517578,27.04908943176269,59507700
2022-11-01,28.799999237060547,28.850000381469727,27.88999938964844,28.299999237060547,26.925405502319336,44418700
2022-11-02,28.270000457763672,28.850000381469727,27.40999984741211,27.420000076293945,26.088150024414062,51956100
2022-11-03,27.450000762939453,27.8799991607666,27.170000076293945,27.38999938964844,26.059606552124023,39678200
2022-11-04,27.56999969482422,28.239999771118164,27.40999984741211,28.200000762939453,27.192636489868164,43051900
2022-11-07,28.36000061035156,28.46999931335449,27.88999938964844,28.40999984741211,27.395132064819336,34389800
2022-11-08,28.76000022888184,28.950000762939453,27.93000030517578,28.479999542236328,27.462631225585938,36258000
2022-11-09,28.21999931335449,28.299999237060547,27.520000457763672,27.520000457763672,26.536924362182617,30544800
2022-11-10,28.8799991607666,29.82999992370605,28.64999961853028,29.76000022888184,28.69690704345703,62943900
2022-11-11,28.93000030517578,30.6299991607666,28.8700008392334,30.43000030517578,29.34297180175781,49826500
2022-11-14,30.34000015258789,30.989999771118164,30.18000030517578,30.350000381469727,29.26582908630371,39395300
2022-11-15,31.100000381469727,31.34000015258789,30.170000076293945,30.709999084472656,29.612966537475582,40933200
2022-11-16,30.11000061035156,30.229999542236328,29.440000534057617,29.530000686645508,28.475122451782227,35582800
2022-11-17,29.06999969482422,29.950000762939453,29.0,29.88999938964844,28.82226181030273,31983300
2022-11-18,30.26000022888184,30.26000022888184,29.61000061035156,29.8700008392334,28.802978515625,27122200
2022-11-21,29.65999984741211,29.71999931335449,28.90999984741211,28.940000534057617,27.906200408935547,36086800
2022-11-22,29.13999938964844,29.86000061035156,29.059999465942383,29.81999969482422,28.75476455688477,25584100
2022-11-23,29.729999542236328,30.07999992370605,29.489999771118164,29.670000076293945,28.61012077331543,23143900
2022-11-25,29.68000030517578,29.68000030517578,29.34000015258789,29.34000015258789,28.29191017150879,11314900
2022-11-28,29.100000381469727,29.190000534057617,28.540000915527344,28.729999542236328,27.70370101928711,28267900
2022-11-29,28.850000381469727,29.18000030517578,28.739999771118164,28.89999961853028,27.867626190185547,24361500
2022-11-30,28.770000457763672,30.07999992370605,28.21999931335449,30.06999969482422,28.995832443237305,72072500
2022-12-01,30.239999771118164,30.479999542236328,29.520000457763672,29.82999992370605,28.76440620422364,38896300
2022-12-02,29.170000076293945,29.43000030517578,28.709999084472656,29.40999984741211,28.359411239624023,31546000
2022-12-05,29.420000076293945,29.75,28.88999938964844,29.170000076293945,28.12798309326172,34040400
2022-12-06,29.190000534057617,29.309999465942383,28.34000015258789,28.600000381469727,27.578344345092773,27701200
2022-12-07,28.280000686645508,28.549999237060547,28.14999961853028,28.32999992370605,27.317989349365234,28239900
2022-12-08,28.31999969482422,28.600000381469727,28.06999969482422,28.440000534057617,27.42405891418457,28486100
2022-12-09,28.38999938964844,28.780000686645508,28.190000534057617,28.239999771118164,27.23120307922364,25641300
2022-12-12,28.1299991607666,28.709999084472656,27.86000061035156,28.690000534057617,27.665128707885746,35117900
2022-12-13,29.790000915527344,30.09000015258789,28.3700008392334,28.729999542236328,27.70370101928711,58546800
2022-12-14,28.51000022888184,29.1200008392334,28.01000022888184,28.26000022888184,27.25049018859864,37141100
2022-12-15,27.940000534057617,28.0,27.1200008392334,27.14999961853028,26.18014144897461,45682700
2022-12-16,27.0,27.13999938964844,26.450000762939453,26.920000076293945,25.95835876464844,81104200
2022-12-19,26.89999961853028,26.96999931335449,26.5,26.790000915527344,25.83300399780273,37662500
2022-12-20,26.540000915527344,26.8700008392334,26.420000076293945,26.440000534057617,25.495502471923828,31863300
2022-12-21,26.59000015258789,26.96999931335449,26.57999992370605,26.82999992370605,25.87157249450684,28100900
2022-12-22,26.450000762939453,26.450000762939453,25.350000381469727,25.96999931335449,25.042295455932617,47478300
2022-12-23,25.920000076293945,26.190000534057617,25.68000030517578,26.09000015258789,25.15800666809082,23600900
2022-12-27,25.850000381469727,26.100000381469727,25.64999961853028,25.940000534057617,25.01336479187012,29548100
2022-12-28,25.84000015258789,26.1200008392334,25.5,25.540000915527344,24.627656936645508,26176900
2022-12-29,25.770000457763672,26.290000915527344,25.75,26.209999084472656,25.273719787597656,30944800
2022-12-30,25.89999961853028,26.459999084472656,25.799999237060547,26.43000030517578,25.485858917236328,31030100
2023-01-03,27.049999237060547,27.06999969482422,26.3700008392334,26.729999542236328,25.775144577026367,31308000
2023-01-04,27.40999984741211,27.920000076293945,27.15999984741211,27.68000030517578,26.69120979309082,37665200
2023-01-05,27.440000534057617,27.780000686645508,27.3799991607666,27.559999465942383,26.575496673583984,33552600
2023-01-06,27.93000030517578,28.82999992370605,27.3799991607666,28.729999542236328,27.70370101928711,31788600
2023-01-09,28.84000015258789,29.8700008392334,28.84000015258789,29.309999465942383,28.26298141479492,37493200
2023-01-10,29.239999771118164,29.51000022888184,28.920000076293945,29.440000534057617,28.38833808898925,23008100
2023-01-11,29.68000030517578,29.8799991607666,29.0,29.850000381469727,28.78369331359864,30375400
2023-01-12,29.979999542236328,30.3799991607666,29.46999931335449,30.290000915527344,29.20797348022461,28963900
2023-01-13,29.96999931335449,30.170000076293945,29.809999465942383,30.11000061035156,29.03440284729004,31361900
2023-01-17,30.18000030517578,30.26000022888184,29.520000457763672,29.600000381469727,28.54262351989746,34759100
2023-01-18,29.799999237060547,29.81999969482422,28.6299991607666,28.809999465942383,27.78084373474121,44199600
2023-01-19,28.61000061035156,28.76000022888184,28.239999771118164,28.420000076293945,27.404773712158203,36886600
2023-01-20,28.420000076293945,29.229999542236328,28.25,29.21999931335449,28.17619705200196,35158500
2023-01-23,29.32999992370605,30.489999771118164,29.18000030517578,30.270000457763672,29.18868827819824,38795800
2023-01-24,29.940000534057617,30.190000534057617,29.729999542236328,29.920000076293945,28.8511905670166,24855100
2023-01-25,29.520000457763672,29.88999938964844,29.170000076293945,29.700000762939453,28.639049530029297,28268000
2023-01-26,30.059999465942383,30.11000061035156,29.32999992370605,30.09000015258789,29.015117645263672,56088100
2023-01-27,27.06999969482422,28.239999771118164,26.780000686645508,28.15999984741211,27.154062271118164,148548200
2023-01-30,27.71999931335449,28.51000022888184,27.670000076293945,27.950000762939453,26.95156478881836,55145800
2023-01-31,27.780000686645508,28.290000915527344,27.530000686645508,28.26000022888184,27.25049018859864,52621600
2023-02-01,27.88999938964844,29.43000030517578,27.68000030517578,29.06999969482422,28.03155517578125,63330600
2023-02-02,29.25,30.299999237060547,28.799999237060547,30.190000534057617,29.11154556274414,62230700
2023-02-03,29.6200008392334,31.170000076293945,29.530000686645508,30.31999969482422,29.236900329589844,57603100
2023-02-06,29.549999237060547,29.64999961853028,28.61000061035156,28.690000534057617,28.00222587585449,48726400
2023-02-07,28.64999961853028,29.270000457763672,28.43000030517578,29.049999237060547,28.353593826293945,50780800
2023-02-08,28.950000762939453,29.1200008392334,28.209999084472656,28.239999771118164,27.563013076782227,36479100
2023-02-09,28.68000030517578,28.81999969482422,27.56999969482422,27.729999542236328,27.06523895263672,43906400
2023-02-10,27.6299991607666,27.989999771118164,27.34000015258789,27.799999237060547,27.13356208801269,31232500
2023-02-13,27.8700008392334,28.549999237060547,27.71999931335449,28.549999237060547,27.86558151245117,32347500
2023-02-14,28.3799991607666,28.71999931335449,27.989999771118164,28.63999938964844,27.953426361083984,27928900
2023-02-15,28.36000061035156,28.8799991607666,28.15999984741211,28.850000381469727,28.158390045166016,23359400
2023-02-16,28.5,28.82999992370605,28.1299991607666,28.200000762939453,27.52397727966309,28972500
2023-02-17,28.0,28.06999969482422,27.3799991607666,27.61000061035156,26.948118209838867,32086200
2023-02-21,27.11000061035156,27.270000457763672,26.040000915527344,26.059999465942383,25.435274124145508,63668400
2023-02-22,25.90999984741211,26.89999961853028,25.299999237060547,25.46999931335449,24.85941696166992,89195300
2023-02-23,25.780000686645508,26.07999992370605,25.31999969482422,25.61000061035156,24.996063232421875,56473200
2023-02-24,25.21999931335449,25.350000381469727,24.920000076293945,25.13999938964844,24.537330627441406,44089900
2023-02-27,25.549999237060547,25.57999992370605,24.8799991607666,24.89999961853028,24.303083419799805,37657000
2023-02-28,24.940000534057617,25.1200008392334,24.729999542236328,24.93000030517578,24.332365036010746,50255300
2023-03-01,25.030000686645508,25.920000076293945,24.96999931335449,25.32999992370605,24.722776412963867,47823400
2023-03-02,25.209999084472656,26.299999237060547,25.1200008392334,26.200000762939453,25.57192039489746,48309300
2023-03-03,26.200000762939453,26.479999542236328,26.01000022888184,26.39999961853028,25.76712226867676,36744900
2023-03-06,26.46999931335449,26.540000915527344,25.93000030517578,25.989999771118164,25.36695098876953,37879800
2023-03-07,25.84000015258789,25.989999771118164,25.5,25.530000686645508,24.91798210144043,43164600
2023-03-08,25.559999465942383,26.01000022888184,25.450000762939453,25.979999542236328,25.357192993164062,36071900
2023-03-09,25.979999542236328,26.979999542236328,25.96999931335449,26.440000534057617,25.8061637878418,54886100
2023-03-10,26.549999237060547,27.520000457763672,26.31999969482422,27.21999931335449,26.56746482849121,65187000
2023-03-13,26.739999771118164,27.309999465942383,26.61000061035156,26.950000762939453,26.303939819335938,50977000
2023-03-14,27.350000381469727,28.100000381469727,27.25,28.01000022888184,27.33852767944336,47689800
2023-03-15,27.729999542236328,28.5,27.65999984741211,28.40999984741211,27.728939056396484,49322800
2023-03-16,28.38999938964844,30.270000457763672,28.38999938964844,30.18000030517578,29.456506729125977,75779500
2023-03-17,29.920000076293945,31.0,29.440000534057617,29.809999465942383,29.095378875732425,80628500
2023-03-20,29.799999237060547,29.89999961853028,28.6299991607666,29.15999984741211,28.4609603881836,38780100
2023-03-21,29.0,29.170000076293945,27.979999542236328,28.459999084472656,27.777738571166992,55650800
2023-03-22,28.479999542236328,29.1200008392334,28.100000381469727,28.1299991607666,27.45565223693848,37415500
2023-03-23,28.3799991607666,29.15999984741211,28.21999931335449,29.030000686645508,28.334077835083008,43785500
2023-03-24,29.040000915527344,29.809999465942383,28.93000030517578,29.36000061035156,28.65616607666016,55912100
2023-03-27,29.3700008392334,29.729999542236328,29.07999992370605,29.18000030517578,28.4804801940918,34758200
2023-03-28,29.07999992370605,29.32999992370605,28.6299991607666,29.290000915527344,28.58784484863281,37407900
2023-03-29,29.770000457763672,31.88999938964844,29.76000022888184,31.520000457763672,30.76438331604004,85556200
2023-03-30,31.850000381469727,32.58000183105469,31.809999465942383,32.09000015258789,31.32071876525879,70077600
2023-03-31,31.799999237060547,32.900001525878906,31.729999542236328,32.66999816894531,31.88681030273437,59765000
2023-04-03,32.939998626708984,33.560001373291016,32.540000915527344,32.88999938964844,32.101539611816406,57038300
2023-04-04,32.849998474121094,33.84000015258789,32.84000015258789,33.099998474121094,32.3065071105957,55714100
2023-04-05,32.79999923706055,32.9900016784668,32.34000015258789,32.83000183105469,32.04298400878906,39615700
2023-04-06,32.599998474121094,33.0,32.459999084472656,32.810001373291016,32.02346420288086,28551900
2023-04-10,32.599998474121094,32.7599983215332,32.20000076293945,32.52000045776367,31.74040985107422,30534400
2023-04-11,32.65999984741211,33.11000061035156,32.31999969482422,32.349998474121094,31.574481964111328,27059100
2023-04-12,32.77000045776367,32.88999938964844,31.959999084472656,32.02000045776367,31.252397537231445,37070800
2023-04-13,31.81999969482422,32.43000030517578,31.64999961853028,32.130001068115234,31.35976219177246,29722300
2023-04-14,32.0,32.2400016784668,31.690000534057617,31.88999938964844,31.125513076782227,24623600
2023-04-17,31.950000762939453,32.63999938964844,31.770000457763672,32.13999938964844,31.36952018737793,29601100
2023-04-18,32.43000030517578,32.459999084472656,31.780000686645508,31.82999992370605,31.066953659057617,26041400
2023-04-19,31.100000381469727,31.520000457763672,31.07999992370605,31.14999961853028,30.40325355529785,25746600
2023-04-20,30.76000022888184,31.25,30.709999084472656,30.86000061035156,30.120206832885746,30255100
2023-04-21,30.84000015258789,30.84000015258789,30.229999542236328,30.299999237060547,29.573627471923828,28655800
2023-04-24,30.1299991607666,30.3700008392334,29.61000061035156,29.65999984741211,28.948972702026367,38732500
2023-04-25,29.440000534057617,29.56999969482422,28.8700008392334,28.8799991607666,28.18766975402832,38289900
2023-04-26,29.200000762939453,29.809999465942383,28.84000015258789,29.049999237060547,28.353593826293945,41218800
2023-04-27,28.75,29.950000762939453,28.51000022888184,29.86000061035156,29.14418029785156,60186200
2023-04-28,31.979999542236328,32.56999969482422,30.809999465942383,31.059999465942383,30.315412521362305,80252400
2023-05-01,31.11000061035156,31.239999771118164,30.280000686645508,30.299999237060547,29.573627471923828,36918500
2023-05-02,30.299999237060547,30.57999992370605,29.75,29.770000457763672,29.05633544921875,33463400
2023-05-03,30.63999938964844,31.11000061035156,30.25,30.64999961853028,29.91524124145508,45554500
2023-05-04,30.440000534057617,31.71999931335449,30.3799991607666,31.239999771118164,30.61595916748047,46104000
2023-05-05,31.3799991607666,31.40999984741211,30.729999542236328,30.989999771118164,30.37095260620117,35024600
2023-05-08,30.700000762939453,30.84000015258789,30.38999938964844,30.770000457763672,30.15534782409668,30882800
2023-05-09,30.3799991607666,30.57999992370605,29.90999984741211,30.100000381469727,29.49873161315918,30706500
2023-05-10,30.290000915527344,30.39999961853028,29.489999771118164,29.96999931335449,29.37132835388184,40526500
2023-05-11,29.600000381469727,29.68000030517578,28.81999969482422,28.86000061035156,28.28350067138672,47144400
2023-05-12,29.030000686645508,29.100000381469727,28.71999931335449,28.950000762939453,28.371702194213867,24153800
2023-05-15,28.89999961853028,29.82999992370605,28.8799991607666,29.799999237060547,29.204723358154297,28717500
2023-05-16,29.6200008392334,29.89999961853028,29.209999084472656,29.21999931335449,28.63631057739257,22812000
2023-05-17,29.520000457763672,29.559999465942383,28.68000030517578,28.8700008392334,28.29330062866211,41667300
2023-05-18,29.0,29.76000022888184,28.8700008392334,29.68000030517578,29.087121963500977,36529200
2023-05-19,29.600000381469727,30.239999771118164,29.5,29.93000030517578,29.33212661743164,40683000
2023-05-22,29.850000381469727,30.450000762939453,29.81999969482422,30.280000686645508,29.67513465881348,28693400
2023-05-23,30.049999237060547,30.200000762939453,29.489999771118164,29.51000022888184,28.92051696777344,29400900
2023-05-24,29.309999465942383,29.489999771118164,28.81999969482422,29.0,28.420703887939453,28045800
2023-05-25,28.290000915527344,28.290000915527344,26.86000061035156,27.39999961853028,26.8526668548584,78009400
2023-05-26,27.440000534057617,29.09000015258789,27.100000381469727,29.0,28.420703887939453,71910600
2023-05-30,29.700000762939453,30.040000915527344,29.0,29.989999771118164,29.39093017578125,54874800
2023-05-31,29.700000762939453,32.290000915527344,29.670000076293945,31.440000534057617,30.81196403503418,136243800
2023-06-01,31.799999237060547,31.940000534057617,31.020000457763672,31.1299991607666,30.50815391540528,52667400
2023-06-02,31.39999961853028,31.59000015258789,30.82999992370605,31.309999465942383,30.684558868408203,36521000
2023-06-05,31.309999465942383,31.39999961853028,29.82999992370605,29.86000061035156,29.263526916503903,48244100
2023-06-06,29.770000457763672,31.450000762939453,29.700000762939453,30.959999084472656,30.341550827026367,42295300
2023-06-07,31.030000686645508,31.3700008392334,30.93000030517578,31.280000686645508,30.655160903930664,39098000
2023-06-08,31.43000030517578,31.850000381469727,31.059999465942383,31.81999969482422,31.18437385559082,35199000
2023-06-09,31.93000030517578,31.989999771118164,30.68000030517578,31.34000015258789,30.71396255493164,40218000
2023-06-12,31.39999961853028,33.29999923706055,31.36000061035156,33.06999969482422,32.40940475463867,59881600
2023-06-13,33.77000045776367,33.95000076293945,33.06999969482422,33.90999984741211,33.23262405395508,51990000
2023-06-14,33.869998931884766,35.599998474121094,33.79999923706055,35.58000183105469,34.869266510009766,74404300
2023-06-15,35.279998779296875,36.41999816894531,35.220001220703125,35.81999969482422,35.104469299316406,67676300
2023-06-16,36.36000061035156,36.79999923706055,35.599998474121094,36.369998931884766,35.64347839355469,110240300
2023-06-20,36.77000045776367,37.11000061035156,34.720001220703125,35.0,34.30084991455078,65970200
2023-06-21,34.91999816894531,35.04999923706055,32.83000183105469,32.900001525878906,32.242801666259766,70973500
2023-06-22,32.689998626708984,33.2400016784668,32.130001068115234,32.709999084472656,32.05659103393555,45740300
2023-06-23,32.209999084472656,33.45000076293945,32.029998779296875,33.0,32.34080505371094,46327100
2023-06-26,33.189998626708984,33.9900016784668,33.099998474121094,33.34000015258789,32.674007415771484,38952400
2023-06-27,33.220001220703125,34.22999954223633,33.0099983215332,34.099998474121094,33.4188232421875,33038900
2023-06-28,33.61000061035156,33.810001373291016,33.029998779296875,33.56999969482422,32.8994140625,33906900
2023-06-29,33.34000015258789,33.34000015258789,32.4900016784668,32.90999984741211,32.25260162353516,38313000
2023-06-30,33.36000061035156,33.560001373291016,33.15999984741211,33.439998626708984,32.77200698852539,33811300
2023-07-03,33.540000915527344,33.88999938964844,33.13999938964844,33.619998931884766,32.94841766357422,15753000
2023-07-05,33.310001373291016,33.33000183105469,32.5,32.5099983215332,31.8605899810791,37664700
2023-07-06,31.89999961853028,32.040000915527344,31.3799991607666,31.96999931335449,31.331377029418945,41693600
2023-07-07,32.0,32.40999984741211,31.81999969482422,31.850000381469727,31.213775634765625,28356300
2023-07-10,31.8700008392334,32.83000183105469,31.770000457763672,32.7400016784668,32.08600234985352,36305700
2023-07-11,32.81999969482422,33.36000061035156,32.5,33.29999923706055,32.63480758666992,28148800
2023-07-12,33.689998626708984,34.08000183105469,33.060001373291016,33.97999954223633,33.30122756958008,37762200
2023-07-13,34.150001525878906,34.29999923706055,33.619998931884766,33.869998931884766,33.19342041015625,32745800
2023-07-14,33.779998779296875,33.869998931884766,33.0,33.150001525878906,32.48780822753906,30438700
2023-07-17,33.15999984741211,34.599998474121094,33.06999969482422,34.369998931884766,33.683433532714844,34111200
2023-07-18,34.279998779296875,34.70000076293945,33.83000183105469,34.5,33.81083679199219,29662200
2023-07-19,34.400001525878906,34.84000015258789,34.33000183105469,34.459999084472656,33.77163314819336,26486700
2023-07-20,33.70000076293945,34.209999084472656,33.22999954223633,33.369998931884766,32.70341110229492,37878000
2023-07-21,33.72999954223633,34.25,33.41999816894531,34.02000045776367,33.34042739868164,79737000
2023-07-24,33.84000015258789,34.459999084472656,33.560001373291016,33.630001068115234,32.95821762084961,25225800
2023-07-25,33.70000076293945,34.34000015258789,33.400001525878906,34.099998474121094,33.4188232421875,31771100
2023-07-26,33.720001220703125,34.529998779296875,33.70000076293945,34.36000061035156,33.67363739013672,32643200
2023-07-27,34.81999969482422,35.029998779296875,34.11000061035156,34.54999923706055,33.859840393066406,58890800
2023-07-28,36.75,36.9900016784668,35.5099983215332,36.83000183105469,36.09429931640625,90863000
2023-07-31,36.869998931884766,37.18999862670898,35.66999816894531,35.77000045776367,35.05547332763672,55630700
2023-08-01,35.81999969482422,36.02000045776367,35.279998779296875,35.79999923706055,35.084869384765625,24702200
2023-08-02,35.150001525878906,35.18000030517578,34.279998779296875,34.38999938964844,33.703033447265625,39052000
2023-08-03,34.290000915527344,35.029998779296875,34.130001068115234,34.869998931884766,34.17344665527344,24817900
2023-08-04,34.47999954223633,35.560001373291016,34.47999954223633,35.13999938964844,34.56195068359375,26674900
2023-08-07,35.40999984741211,35.54999923706055,34.75,35.22999954223633,34.65046691894531,22486900
2023-08-08,34.66999816894531,35.099998474121094,33.86000061035156,35.02000045776367,34.44392395019531,34753600
2023-08-09,35.0,35.099998474121094,34.22999954223633,34.279998779296875,33.716094970703125,28720200
2023-08-10,34.70000076293945,35.09000015258789,34.47999954223633,34.68000030517578,34.10951614379883,30957300
2023-08-11,34.459999084472656,34.95000076293945,34.36000061035156,34.88999938964844,34.316062927246094,28783700
2023-08-14,34.66999816894531,35.709999084472656,34.470001220703125,35.68000030517578,35.09306716918945,36896100
2023-08-15,35.40999984741211,35.630001068115234,34.75,34.77000045776367,34.198036193847656,27420300
2023-08-16,34.52000045776367,34.630001068115234,33.459999084472656,33.529998779296875,32.97843170166016,35757300
2023-08-17,33.560001373291016,33.59000015258789,32.349998474121094,32.58000183105469,32.044063568115234,39906700
2023-08-18,32.22999954223633,32.90999984741211,32.18000030517578,32.75,32.21126174926758,23701100
2023-08-21,32.599998474121094,33.16999816894531,32.02000045776367,33.13999938964844,32.594852447509766,43718200
2023-08-22,33.220001220703125,33.79999923706055,32.83000183105469,32.88999938964844,32.348960876464844,23425300
2023-08-23,32.880001068115234,34.150001525878906,32.79999923706055,33.97999954223633,33.4210319519043,32324300
2023-08-24,33.720001220703125,34.09000015258789,32.4900016784668,32.59000015258789,32.053897857666016,37931000
2023-08-25,32.529998779296875,33.400001525878906,32.349998474121094,33.25,32.70303726196289,27324800
2023-08-28,33.5,33.779998779296875,33.209999084472656,33.619998931884766,33.066951751708984,22341800
2023-08-29,33.4900016784668,34.47999954223633,33.470001220703125,34.310001373291016,33.745601654052734,29943600
2023-08-30,34.060001373291016,34.65999984741211,33.779998779296875,34.529998779296875,33.96198272705078,26279200
2023-08-31,34.31999969482422,35.560001373291016,34.29999923706055,35.13999938964844,34.56195068359375,48157600
2023-09-01,35.790000915527344,36.75,35.72999954223633,36.61000061035156,36.00777053833008,43808500
2023-09-05,36.58000183105469,37.40999984741211,36.459999084472656,36.709999084472656,36.10612106323242,43379400
2023-09-06,36.560001373291016,37.040000915527344,36.02999877929688,36.97999954223633,36.37167739868164,39643400
2023-09-07,36.83000183105469,38.34000015258789,36.75,38.18000030517578,37.55194091796875,67659700
2023-09-08,38.119998931884766,38.83000183105469,37.709999084472656,38.0099983215332,37.38473510742188,44255200
2023-09-11,38.2400016784668,38.7400016784668,37.84000015258789,38.59000015258789,37.955196380615234,36349300
2023-09-12,38.650001525878906,40.06999969482422,38.650001525878906,38.86000061035156,38.22076034545898,55326600
2023-09-13,38.79999923706055,39.150001525878906,38.25,38.709999084472656,38.07322311401367,35407800
2023-09-14,38.810001373291016,38.900001525878906,38.29999923706055,38.66999816894531,38.033878326416016,30616500
2023-09-15,38.41999816894531,38.52000045776367,37.619998931884766,37.880001068115234,37.256874084472656,68881200
2023-09-18,37.619998931884766,38.38999938964844,37.5099983215332,37.9900016784668,37.36506652832031,29322200
2023-09-19,38.040000915527344,38.09999847412109,36.02000045776367,36.34000015258789,35.742210388183594,53288100
2023-09-20,36.220001220703125,36.25,34.630001068115234,34.689998626708984,34.11935043334961,57660800
2023-09-21,34.56999969482422,35.25,34.459999084472656,34.650001525878906,34.08000946044922,45240600
2023-09-22,34.810001373291016,34.88999938964844,34.13999938964844,34.18000030517578,33.61774063110352,29232700
2023-09-25,34.0,34.369998931884766,33.77000045776367,34.290000915527344,33.725929260253906,21729400
2023-09-26,34.13999938964844,34.779998779296875,33.63999938964844,33.83000183105469,33.27350234985352,34198300
2023-09-27,33.91999816894531,34.83000183105469,33.880001068115234,34.61000061035156,34.040672302246094,44369100
2023-09-28,34.650001525878906,35.65999984741211,34.380001068115234,35.18000030517578,34.60129165649414,32265300
2023-09-29,35.650001525878906,35.90999984741211,35.15999984741211,35.54999923706055,34.96520233154297,28763700
2023-10-02,35.61000061035156,35.97999954223633,34.97999954223633,35.459999084472656,34.87668228149414,26086200
2023-10-03,35.27000045776367,36.540000915527344,35.27000045776367,35.689998626708984,35.10289764404297,45292600
2023-10-04,36.52000045776367,36.52000045776367,35.33000183105469,35.93000030517578,35.338951110839844,39842200
2023-10-05,35.970001220703125,36.09999847412109,35.599998474121094,35.88999938964844,35.29960632324219,25771200
2023-10-06,35.869998931884766,36.459999084472656,35.18000030517578,36.18999862670898,35.59467697143555,33262200
2023-10-09,35.70000076293945,36.16999816894531,35.5,36.060001373291016,35.466819763183594,19376100
2023-10-10,36.13999938964844,36.7400016784668,35.810001373291016,36.43000030517578,35.83072662353516,24044100
2023-10-11,36.619998931884766,37.02999877929688,36.380001068115234,36.880001068115234,36.2733268737793,19262600
2023-10-12,36.79999923706055,37.220001220703125,36.38999938964844,36.84000015258789,36.23398208618164,23639200
2023-10-13,36.7400016784668,36.790000915527344,35.86000061035156,35.970001220703125,35.3782958984375,28390100
2023-10-16,36.13999938964844,36.93999862670898,36.08000183105469,36.560001373291016,35.958587646484375,29555800
2023-10-17,35.91999816894531,36.34999847412109,35.06999969482422,36.060001373291016,35.466819763183594,24993600
2023-10-18,35.52000045776367,36.02000045776367,35.45000076293945,35.63999938964844,35.05372619628906,22086000
2023-10-19,35.959999084472656,36.36000061035156,35.52000045776367,35.66999816894531,35.083229064941406,29201800
2023-10-20,35.650001525878906,36.27999877929688,34.869998931884766,34.91999816894531,34.34556198120117,32303300
2023-10-23,34.599998474121094,35.189998626708984,33.38999938964844,33.849998474121094,33.29316711425781,53924700
2023-10-24,33.63999938964844,34.709999084472656,33.63999938964844,34.59000015258789,34.020999908447266,52673900
2023-10-25,34.18000030517578,34.45000076293945,32.54999923706055,32.83000183105469,32.28995132446289,44658500
2023-10-26,32.88999938964844,33.220001220703125,32.150001525878906,32.52000045776367,31.98504638671875,59142500
2023-10-27,34.65999984741211,36.380001068115234,34.599998474121094,35.540000915527344,34.95537185668945,84128200
2023-10-30,35.470001220703125,35.959999084472656,34.91999816894531,35.689998626708984,35.10289764404297,36656300
2023-10-31,35.65999984741211,36.56999969482422,35.619998931884766,36.5,35.89957427978516,41185200
2023-11-01,36.5,37.31999969482422,36.27999877929688,37.290000915527344,36.67658233642578,41710700
2023-11-02,37.58000183105469,37.81999969482422,36.90999984741211,37.70000076293945,37.079837799072266,35440000
2023-11-03,38.0,38.31999969482422,37.66999816894531,38.13999938964844,37.51259613037109,30502700
2023-11-06,38.02000045776367,38.20000076293945,37.84999847412109,37.95000076293945,37.44845581054688,23877200
2023-11-07,38.2400016784668,38.900001525878906,37.97999954223633,38.77000045776367,38.25761795043945,32052000
2023-11-08,38.84999847412109,38.88999938964844,37.75,37.91999816894531,37.418853759765625,33483400
2023-11-09,38.04999923706055,38.52000045776367,37.77000045776367,37.79999923706055,37.30044174194336,48955800
2023-11-10,38.2400016784668,38.9900016784668,38.2400016784668,38.86000061035156,38.346435546875,38862500
2023-11-13,38.34999847412109,38.56999969482422,38.13999938964844,38.22999954223633,37.72475814819336,24558300
2023-11-14,38.79999923706055,39.4900016784668,38.06999969482422,39.40999984741211,38.88916397094727,45457400
2023-11-15,39.59000015258789,40.84000015258789,39.58000183105469,40.61000061035156,40.07330322265625,47392100
2023-11-16,41.0,43.400001525878906,40.81999969482422,43.34999847412109,42.77709197998047,86405700
2023-11-17,42.90999984741211,43.810001373291016,42.560001373291016,43.810001373291016,43.23101425170898,49735000
2023-11-20,43.77999877929688,44.93000030517578,43.77999877929688,44.7400016784668,44.14872360229492,44564900
2023-11-21,44.5,44.65999984741211,43.29999923706055,43.63999938964844,43.063262939453125,37252100
2023-11-22,44.02999877929688,44.630001068115234,43.540000915527344,43.66999816894531,43.09286117553711,31481200
2023-11-24,43.68000030517578,44.0,43.61000061035156,43.959999084472656,43.3790283203125,13037100
2023-11-27,43.650001525878906,44.54999923706055,43.650001525878906,44.08000183105469,43.4974479675293,33339900
2023-11-28,43.68999862670898,44.380001068115234,43.65999984741211,44.22999954223633,43.64546203613281,24548900
2023-11-29,44.59999847412109,45.34000015258789,44.59999847412109,44.93999862670898,44.3460807800293,38982000
2023-11-30,44.650001525878906,45.09000015258789,44.40999984741211,44.70000076293945,44.1092529296875,46263000
2023-12-01,44.36000061035156,44.36000061035156,42.86000061035156,43.7400016784668,43.16194152832031,43928400
2023-12-04,43.29999923706055,43.310001373291016,41.68999862670898,42.34999847412109,41.79030990600586,50417600
2023-12-05,41.90999984741211,42.290000915527344,41.61000061035156,41.91999816894531,41.365989685058594,31859300
2023-12-06,42.47999954223633,42.59000015258789,41.16999816894531,41.27000045776367,40.72458267211914,31992300
2023-12-07,41.75,42.43999862670898,41.18000030517578,42.150001525878906,41.59295654296875,29118700
2023-12-08,41.84000015258789,42.959999084472656,41.810001373291016,42.70000076293945,42.135684967041016,42815000
2023-12-11,43.15999984741211,44.72999954223633,43.08000183105469,44.540000915527344,43.95136642456055,48288200
2023-12-12,44.36000061035156,44.43999862670898,43.630001068115234,44.040000915527344,43.45797348022461,31452200
2023-12-13,44.08000183105469,44.720001220703125,43.33000183105469,44.56999969482422,43.98097229003906,35216100
2023-12-14,45.0099983215332,47.06999969482422,44.650001525878906,45.18000030517578,44.58290863037109,70620800
2023-12-15,45.93999862670898,47.27000045776367,45.66999816894531,46.15999984741211,45.54995727539063,84583400
2023-12-18,46.150001525878906,46.22999954223633,45.400001525878906,45.68999862670898,45.08616256713867,27895700
2023-12-19,45.59999847412109,46.68000030517578,45.5099983215332,46.65999984741211,46.04335021972656,35358800
2023-12-20,46.63999938964844,46.95000076293945,45.70000076293945,45.7599983215332,45.15524291992188,38159100
2023-12-21,46.47999954223633,47.119998931884766,46.02000045776367,47.08000183105469,46.457801818847656,28320500
2023-12-22,47.25,48.15999984741211,47.20000076293945,48.0,47.36563873291016,30095700
2023-12-26,48.91999816894531,50.52000045776367,48.709999084472656,50.5,49.83259963989258,60287400
2023-12-27,50.630001068115234,51.27999877929688,50.18999862670898,50.7599983215332,50.08916091918945,52148000
2023-12-28,50.810001373291016,50.869998931884766,50.15999984741211,50.38999938964844,49.72405624389648,27705200
2023-12-29,50.29999923706055,50.56999969482422,49.77000045776367,50.25,49.58590316772461,29288700
2024-01-02,49.20000076293945,49.380001068115234,47.45000076293945,47.79999923706055,47.16828536987305,45905700
2024-01-03,47.09999847412109,47.810001373291016,46.79999923706055,47.04999923706055,46.42819213867188,35858400
2024-01-04,45.720001220703125,47.15999984741211,45.2400016784668,46.869998931884766,46.25057601928711,47797800
2024-01-05,47.02999877929688,47.83000183105469,46.63999938964844,46.88999938964844,46.27030944824219,34344000
2024-01-08,47.06999969482422,48.7599983215332,46.970001220703125,48.45000076293945,47.809696197509766,42135100
2024-01-09,48.0099983215332,48.560001373291016,47.79999923706055,48.04999923706055,47.41497802734375,30097000
2024-01-10,48.2400016784668,48.29999923706055,46.93999862670898,47.470001220703125,46.84264755249024,31480200
2024-01-11,47.43999862670898,47.84000015258789,46.72999954223633,47.63999938964844,47.01039505004883,31707900
2024-01-12,47.59999847412109,47.66999816894531,46.61000061035156,47.119998931884766,46.49726486206055,27587900
2024-01-16,46.97999954223633,47.220001220703125,46.380001068115234,47.060001373291016,46.43806838989258,43720700
2024-01-17,46.41999816894531,46.41999816894531,45.650001525878906,46.060001373291016,45.45127868652344,33488000
2024-01-18,47.02999877929688,47.56999969482422,46.16999816894531,46.7400016784668,46.122291564941406,46681300
2024-01-19,47.0,48.7599983215332,46.43999862670898,48.150001525878906,47.51365661621094,55979800
2024-01-22,48.84999847412109,49.16999816894531,47.63999938964844,48.220001220703125,47.58273315429688,45639500
2024-01-23,48.119998931884766,48.93999862670898,47.31999969482422,48.88999938964844,48.24387741088867,37224100
2024-01-24,49.16999816894531,49.77000045776367,48.27000045776367,49.09000015258789,48.44123458862305,49375800
2024-01-25,50.0,50.29999923706055,48.970001220703125,49.54999923706055,48.89515686035156,84845100
2024-01-26,44.18000030517578,45.40999984741211,43.34999847412109,43.650001525878906,43.07312774658203,127665300
2024-01-29,43.709999084472656,43.9900016784668,42.810001373291016,43.84000015258789,43.26061630249024,51790900
2024-01-30,43.66999816894531,43.81999969482422,42.88999938964844,42.91999816894531,42.35277557373047,47958800
2024-01-31,42.56999969482422,43.790000915527344,42.36000061035156,43.08000183105469,42.51066207885742,51584200
2024-02-01,43.150001525878906,43.56999969482422,42.4900016784668,43.36000061035156,42.78696441650391,38819900
2024-02-02,43.0,43.13999938964844,41.59999847412109,42.59999847412109,42.0369987487793,53683500
2024-02-05,42.619998931884766,43.150001525878906,42.43000030517578,42.77000045776367,42.20475769042969,28890300
2024-02-06,42.70000076293945,42.77999877929688,42.13999938964844,42.7400016784668,42.29877853393555,34068200
2024-02-07,42.88999938964844,43.09999847412109,42.54999923706055,42.77999877929688,42.33836364746094,34269200
2024-02-08,42.720001220703125,42.970001220703125,42.33000183105469,42.5,42.061256408691406,33206500
2024-02-09,42.54999923706055,43.52000045776367,42.400001525878906,43.310001373291016,42.862892150878906,51193000
2024-02-12,43.38999938964844,45.040000915527344,43.31999969482422,44.02999877929688,43.57545852661133,51107300
2024-02-13,43.0,43.630001068115234,42.7599983215332,43.15999984741211,42.71443939208984,36622200
2024-02-14,43.81999969482422,44.290000915527344,43.38999938964844,44.18999862670898,43.73380661010742,36186200
2024-02-15,44.7599983215332,45.27000045776367,44.02000045776367,44.04999923706055,43.595252990722656,44024500
2024-02-16,44.02999877929688,44.220001220703125,43.119998931884766,43.5099983215332,43.060829162597656,29975300
2024-02-20,44.2599983215332,45.16999816894531,43.41999816894531,44.52000045776367,44.06040191650391,61514100
2024-02-21,44.47999954223633,44.68999862670898,43.08000183105469,43.470001220703125,43.021244049072266,57485200
2024-02-22,44.68000030517578,44.68000030517578,42.52999877929688,42.97999954223633,42.53630065917969,62809300
2024-02-23,43.130001068115234,43.5099983215332,42.65999984741211,42.9900016784668,42.54619598388672,33810700
2024-02-26,43.5,43.68000030517578,42.81999969482422,42.9900016784668,42.54619598388672,27035400
2024-02-27,43.25,43.27000045776367,42.5099983215332,42.72999954223633,42.28887939453125,25126400
2024-02-28,42.43999862670898,42.45000076293945,41.90999984741211,41.9900016784668,41.5565185546875,26928500
2024-02-29,42.369998931884766,43.150001525878906,42.36000061035156,43.04999923706055,42.60557556152344,48875100
2024-03-01,43.40999984741211,44.27000045776367,43.130001068115234,43.81999969482422,43.36763000488281,41426100
2024-03-04,44.27000045776367,46.61000061035156,43.84999847412109,45.61000061035156,45.13915252685547,59990800
2024-03-05,44.560001373291016,44.869998931884766,42.68999862670898,43.15999984741211,42.71443939208984,56655100
2024-03-06,43.93000030517578,45.5099983215332,43.560001373291016,44.5099983215332,44.05050277709961,52652000
2024-03-07,45.54999923706055,46.41999816894531,45.18000030517578,46.150001525878906,45.67357635498047,50378200
2024-03-08,46.43999862670898,46.630001068115234,44.0,44.0,43.54576873779297,54916600
2024-03-11,43.869998931884766,44.93000030517578,43.65999984741211,44.86000061035156,44.39689254760742,35051000
2024-03-12,45.060001373291016,45.27000045776367,44.459999084472656,45.2400016784668,44.7729721069336,31795800
2024-03-13,44.5099983215332,44.97999954223633,43.20000076293945,43.22999954223633,42.78371810913086,53195900
2024-03-14,43.22999954223633,43.34999847412109,42.5099983215332,42.75,42.30867385864258,38100000
2024-03-15,42.45000076293945,43.150001525878906,42.34999847412109,42.63999938964844,42.199806213378906,66952900
2024-03-18,43.09000015258789,43.380001068115234,42.59999847412109,42.709999084472656,42.26908874511719,27668300
2024-03-19,42.25,42.290000915527344,41.43999862670898,42.04999923706055,41.61589813232422,34673000
2024-03-20,42.9900016784668,43.0099983215332,41.40999984741211,42.20000076293945,41.76435089111328,74865000
2024-03-21,42.9900016784668,43.59999847412109,42.31999969482422,42.41999816894531,41.982078552246094,50807600
2024-03-22,42.25,42.79999923706055,42.09000015258789,42.56999969482422,42.13053131103516,28503100
2024-03-25,40.88999938964844,42.220001220703125,40.56999969482422,41.83000183105469,41.39817428588867,47276500
2024-03-26,41.95000076293945,42.27000045776367,41.65999984741211,41.9900016784668,41.5565185546875,39109700
2024-03-27,42.540000915527344,43.83000183105469,42.5,43.77000045776367,43.318145751953125,51017800
2024-03-28,43.7599983215332,44.59999847412109,43.709999084472656,44.16999816894531,43.714012145996094,54204200
2024-04-01,44.290000915527344,45.40999984741211,44.18000030517578,44.52000045776367,44.06040191650391,31712600
2024-04-02,43.93000030517578,44.08000183105469,43.5,43.93999862670898,43.48638534545898,32748400
2024-04-03,41.400001525878906,41.650001525878906,40.220001220703125,40.33000183105469,39.91366195678711,83718000
2024-04-04,40.59000015258789,40.77999877929688,39.70000076293945,39.72999954223633,39.31985092163086,57307200
2024-04-05,39.34999847412109,39.459999084472656,38.5099983215332,38.709999084472656,38.31038284301758,67263000
2024-04-08,38.63999938964844,38.86000061035156,37.90999984741211,37.97999954223633,37.58791732788086,56967800
2024-04-09,38.04999923706055,38.58000183105469,37.33000183105469,38.33000183105469,37.934303283691406,78671700
2024-04-10,38.02000045776367,38.220001220703125,37.02000045776367,37.20000076293945,36.81597137451172,51108400
2024-04-11,37.43000030517578,37.66999816894531,37.08000183105469,37.630001068115234,37.24153137207031,41909100
2024-04-12,36.68999862670898,36.70000076293945,35.599998474121094,35.689998626708984,35.321556091308594,80254800
2024-04-15,36.040000915527344,36.70000076293945,35.88999938964844,36.310001373291016,35.935157775878906,50751600
2024-04-16,36.27000045776367,36.5099983215332,35.7599983215332,36.2599983215332,35.88566970825195,30607500
2024-04-17,36.09999847412109,36.130001068115234,35.369998931884766,35.68000030517578,35.31166076660156,41173300
2024-04-18,35.41999816894531,35.65999984741211,34.77000045776367,35.040000915527344,34.67826843261719,42334400
2024-04-19,35.130001068115234,35.130001068115234,34.18000030517578,34.20000076293945,33.84693908691406,59070300
2024-04-22,34.41999816894531,34.56999969482422,34.08000183105469,34.40999984741211,34.054771423339844,39909900
2024-04-23,34.34000015258789,34.599998474121094,34.18000030517578,34.279998779296875,33.92611312866211,46834000
2024-04-24,34.86000061035156,35.18000030517578,34.34000015258789,34.5,34.14384078979492,53261100
2024-04-25,34.560001373291016,35.29999923706055,34.5,35.11000061035156,34.74754333496094,66549400
2024-04-26,31.780000686645508,32.2400016784668,30.63999938964844,31.8799991607666,31.55088996887207,119742500
2024-04-29,31.86000061035156,31.90999984741211,31.06999969482422,31.36000061035156,31.03625869750977,58533300
2024-04-30,31.040000915527344,31.18000030517578,30.420000076293945,30.46999931335449,30.15544509887696,72346400
2024-05-01,30.170000076293945,31.040000915527344,30.020000457763672,30.3700008392334,30.05647850036621,60654800
2024-05-02,30.59000015258789,30.670000076293945,30.190000534057617,30.51000022888184,30.195032119750977,50899400
2024-05-03,30.979999542236328,31.059999465942383,30.700000762939453,30.89999961853028,30.581005096435547,36794800
2024-05-06,31.1200008392334,31.200000762939453,30.729999542236328,30.96999931335449,30.774776458740234,36185600
2024-05-07,31.09000015258789,31.450000762939453,30.61000061035156,30.68000030517578,30.48660469055176,44683400
2024-05-08,30.0,30.14999961853028,29.729999542236328,30.0,29.81089210510254,63734600
2024-05-09,29.93000030517578,30.38999938964844,29.809999465942383,30.09000015258789,29.90032386779785,45003400
2024-05-10,30.32999992370605,30.459999084472656,29.84000015258789,29.850000381469727,29.66183853149414,42931300
2024-05-13,30.030000686645508,31.1299991607666,30.0,30.51000022888184,30.317676544189453,51459100
2024-05-14,30.6200008392334,31.11000061035156,30.61000061035156,31.049999237060547,30.854272842407227,47759900
2024-05-15,31.3799991607666,31.39999961853028,30.809999465942383,31.270000457763672,31.072887420654297,36992900
2024-05-16,31.6299991607666,32.2599983215332,31.520000457763672,32.029998779296875,31.828094482421875,47752800
2024-05-17,32.060001373291016,32.11000061035156,31.59000015258789,31.82999992370605,31.629356384277344,41449800
2024-05-20,31.850000381469727,32.41999816894531,31.76000022888184,32.099998474121094,31.89765357971192,31989000
2024-05-21,31.979999542236328,32.2400016784668,31.6200008392334,31.739999771118164,31.5399227142334,42975400
2024-05-22,31.90999984741211,32.06999969482422,31.100000381469727,31.420000076293945,31.22194099426269,36706400
2024-05-23,31.450000762939453,31.56999969482422,29.8700008392334,30.07999992370605,29.8903865814209,62014500
2024-05-24,30.290000915527344,31.020000457763672,30.1299991607666,30.71999931335449,30.526351928710938,42434500
2024-05-28,30.940000534057617,31.3700008392334,30.65999984741211,31.059999465942383,30.86421012878418,36799100
2024-05-29,30.46999931335449,30.670000076293945,30.11000061035156,30.1299991607666,29.94007110595703,35848600
2024-05-30,30.209999084472656,30.5,30.059999465942383,30.190000534057617,29.99969482421875,33351000
2024-05-31,30.21999931335449,30.959999084472656,29.940000534057617,30.850000381469727,30.65553474426269,95797500
2024-06-03,31.030000686645508,31.06999969482422,30.049999237060547,30.290000915527344,30.099063873291016,35544900
2024-06-04,30.75,30.75,29.940000534057617,30.030000686645508,29.8407039642334,51027200
2024-06-05,30.270000457763672,30.84000015258789,30.01000022888184,30.780000686645508,30.585975646972656,44161700
2024-06-06,30.549999237060547,30.59000015258789,30.15999984741211,30.420000076293945,30.22824478149414,34248100
2024-06-07,30.25,30.780000686645508,30.209999084472656,30.739999771118164,30.546226501464844,34085500
2024-06-10,30.549999237060547,30.950000762939453,30.290000915527344,30.90999984741211,30.71515464782715,37396500
2024-06-11,30.770000457763672,31.030000686645508,30.530000686645508,30.920000076293945,30.7250919342041,25326900
2024-06-12,31.459999084472656,31.479999542236328,30.38999938964844,30.76000022888184,30.56610107421875,51323900
2024-06-13,30.3799991607666,30.57999992370605,30.13999938964844,30.459999084472656,30.26799201965332,33787200
2024-06-14,30.290000915527344,30.559999465942383,30.209999084472656,30.450000762939453,30.258056640625,28125900
2024-06-17,30.34000015258789,31.0,30.18000030517578,30.979999542236328,30.784713745117188,36235300
2024-06-18,30.989999771118164,31.46999931335449,30.5,30.6299991607666,30.436920166015625,33294700
2024-06-20,30.559999465942383,31.11000061035156,30.450000762939453,30.6200008392334,30.426984786987305,43826300
2024-06-21,30.850000381469727,31.36000061035156,30.670000076293945,31.09000015258789,30.894020080566406,90795200
2024-06-24,31.13999938964844,31.420000076293945,30.530000686645508,30.56999969482422,30.37729835510254,40611800
2024-06-25,30.700000762939453,30.82999992370605,30.290000915527344,30.739999771118164,30.546226501464844,29323600
2024-06-26,30.63999938964844,30.68000030517578,30.270000457763672,30.540000915527344,30.347488403320312,30743000
2024-06-27,30.420000076293945,30.65999984741211,30.290000915527344,30.59000015258789,30.397172927856445,30184300
2024-06-28,30.75,31.309999465942383,30.71999931335449,30.96999931335449,30.774776458740234,41467700
2024-07-01,30.90999984741211,31.020000457763672,30.61000061035156,30.84000015258789,30.645597457885746,32401800
2024-07-02,30.86000061035156,31.309999465942383,30.59000015258789,31.06999969482422,30.874147415161133,35999300
2024-07-03,31.1200008392334,31.34000015258789,30.90999984741211,31.229999542236328,31.033138275146484,24065700
2024-07-05,31.39999961853028,32.34000015258789,31.309999465942383,32.02000045776367,31.818159103393555,45309400
2024-07-08,33.029998779296875,34.09000015258789,32.81999969482422,33.9900016784668,33.77574157714844,82315900
2024-07-09,35.02000045776367,35.220001220703125,33.720001220703125,34.59000015258789,34.3719596862793,97546900
2024-07-10,34.439998626708984,34.970001220703125,34.130001068115234,34.869998931884766,34.65019226074219,52256200
2024-07-11,35.029998779296875,35.150001525878906,33.310001373291016,33.5,33.2888298034668,55213700
2024-07-12,33.77000045776367,35.47999954223633,33.77000045776367,34.4900016784668,34.27259063720703,62792600
2024-07-15,34.70000076293945,35.22999954223633,34.310001373291016,34.459999084472656,34.242774963378906,39847900
2024-07-16,34.36000061035156,34.45000076293945,33.84000015258789,34.34000015258789,34.12353515625,28409900
2024-07-17,36.08000183105469,37.15999984741211,34.400001525878906,34.459999084472656,34.242774963378906,112304200
2024-07-18,34.959999084472656,36.29999923706055,34.529998779296875,34.869998931884766,34.65019226074219,84188600
2024-07-19,34.56999969482422,34.58000183105469,32.849998474121094,32.97999954223633,32.7721061706543,69628700
2024-07-22,33.279998779296875,33.40999984741211,32.7599983215332,33.369998931884766,33.15964889526367,48503700
2024-07-23,32.959999084472656,33.22999954223633,32.83000183105469,32.95000076293945,32.7422981262207,29466400
2024-07-24,32.529998779296875,32.79999923706055,31.65999984741211,31.700000762939453,31.50017547607422,62216700
2024-07-25,31.3700008392334,31.989999771118164,30.950000762939453,31.100000381469727,30.90395736694336,49774000
2024-07-26,31.43000030517578,31.559999465942383,31.020000457763672,31.350000381469727,31.152381896972656,38352500
2024-07-29,31.420000076293945,31.46999931335449,30.790000915527344,30.82999992370605,30.63566017150879,32342200
2024-07-30,30.850000381469727,30.90999984741211,30.01000022888184,30.1299991607666,29.94007110595703,48256600
2024-07-31,30.540000915527344,30.8700008392334,30.280000686645508,30.739999771118164,30.546226501464844,56110600
2024-08-01,30.43000030517578,30.709999084472656,28.88999938964844,29.049999237060547,28.866878509521484,107672500
2024-08-02,21.940000534057617,21.979999542236328,20.420000076293945,21.479999542236328,21.3445987701416,300895900
2024-08-05,20.200000762939453,20.38999938964844,19.290000915527344,20.11000061035156,19.98323440551757,147385700
2024-08-06,20.31999969482422,20.6299991607666,19.75,19.82999992370605,19.70499992370605,106670400
2024-08-07,19.920000076293945,20.25,18.950000762939453,18.989999771118164,18.989999771118164,97972300
2024-08-08,19.100000381469727,20.549999237060547,18.84000015258789,20.489999771118164,20.489999771118164,96836800
2024-08-09,20.07999992370605,20.14999961853028,19.5,19.709999084472656,19.709999084472656,76394500
2024-08-12,19.8700008392334,19.96999931335449,19.0,19.36000061035156,19.36000061035156,54677600
2024-08-13,19.479999542236328,20.479999542236328,19.46999931335449,20.46999931335449,20.46999931335449,77511300
2024-08-14,20.489999771118164,20.5,19.790000915527344,19.920000076293945,19.920000076293945,56758200
2024-08-15,20.31999969482422,21.059999465942383,20.229999542236328,20.690000534057617,20.690000534057617,84814900
2024-08-16,20.530000686645508,20.89999961853028,20.40999984741211,20.8700008392334,20.8700008392334,48582700
2024-08-19,20.88999938964844,21.86000061035156,20.84000015258789,21.520000457763672,21.520000457763672,65956300
2024-08-20,21.209999084472656,21.229999542236328,20.81999969482422,20.989999771118164,20.989999771118164,84161300
2024-08-21,21.06999969482422,21.440000534057617,21.06999969482422,21.40999984741211,21.40999984741211,57028900
2024-08-22,21.38999938964844,21.39999961853028,20.040000915527344,20.100000381469727,20.100000381469727,81444700
2024-08-23,20.31999969482422,20.93000030517578,20.26000022888184,20.540000915527344,20.540000915527344,73398400
2024-08-26,20.530000686645508,20.559999465942383,19.950000762939453,20.1299991607666,20.1299991607666,58534800
2024-08-27,20.1299991607666,20.26000022888184,19.84000015258789,20.06999969482422,20.06999969482422,43862000
2024-08-28,19.979999542236328,20.11000061035156,19.51000022888184,19.61000061035156,19.61000061035156,50144900
2024-08-29,19.76000022888184,20.600000381469727,19.75,20.1299991607666,20.1299991607666,64529700
2024-08-30,21.25,22.1200008392334,21.0,22.040000915527344,22.040000915527344,177785400
2024-09-03,21.540000915527344,21.690000534057617,19.989999771118164,20.100000381469727,20.100000381469727,115305500
2024-09-04,19.76000022888184,20.049999237060547,19.280000686645508,19.43000030517578,19.43000030517578,85871900
2024-09-05,19.280000686645508,19.89999961853028,19.239999771118164,19.39999961853028,19.39999961853028,65388800
2024-09-06,19.440000534057617,19.489999771118164,18.63999938964844,18.88999938964844,18.88999938964844,92686500
2024-09-09,19.0,19.540000915527344,18.950000762939453,19.06999969482422,19.06999969482422,64244100
2024-09-10,19.030000686645508,19.11000061035156,18.51000022888184,18.979999542236328,18.979999542236328,55621300
2024-09-11,19.01000022888184,19.690000534057617,18.520000457763672,19.63999938964844,19.63999938964844,71403100
2024-09-12,19.43000030517578,19.540000915527344,19.040000915527344,19.36000061035156,19.36000061035156,51520600
2024-09-13,19.489999771118164,19.799999237060547,19.489999771118164,19.65999984741211,19.65999984741211,44236300
2024-09-16,20.030000686645508,21.06999969482422,19.76000022888184,20.90999984741211,20.90999984741211,149337000
2024-09-17,21.709999084472656,22.57999992370605,21.239999771118164,21.46999931335449,21.46999931335449,196249800
2024-09-18,21.36000061035156,21.739999771118164,20.71999931335449,20.770000457763672,20.770000457763672,118727900
2024-09-19,21.280000686645508,21.690000534057617,21.030000686645508,21.13999938964844,21.13999938964844,99829200
2024-09-20,20.88999938964844,23.13999938964844,20.350000381469727,21.84000015258789,21.84000015258789,260377900
2024-09-23,22.43000030517578,22.81999969482422,22.030000686645508,22.559999465942383,22.559999465942383,184439100
2024-09-24,22.530000686645508,23.11000061035156,22.290000915527344,22.809999465942383,22.809999465942383,113082500
2024-09-25,22.799999237060547,24.059999465942383,22.729999542236328,23.540000915527344,23.540000915527344,117013400
2024-09-26,24.280000686645508,24.420000076293945,23.25,23.920000076293945,23.920000076293945,95416900
2024-09-27,24.15999984741211,24.65999984741211,23.700000762939453,23.90999984741211,23.90999984741211,85883300
2024-09-30,23.739999771118164,23.950000762939453,23.09000015258789,23.459999084472656,23.459999084472656,66308200
2024-10-01,23.459999084472656,23.71999931335449,22.26000022888184,22.690000534057617,22.690000534057617,86344400
2024-10-02,22.670000076293945,23.06999969482422,22.350000381469727,22.38999938964844,22.38999938964844,59033900
2024-10-03,22.13999938964844,22.729999542236328,21.64999961853028,22.26000022888184,22.26000022888184,49565900
2024-10-04,22.700000762939453,22.90999984741211,22.299999237060547,22.59000015258789,22.59000015258789,49845500
2024-10-07,22.39999961853028,22.64999961853028,22.020000457763672,22.3799991607666,22.3799991607666,54928700
2024-10-08,22.25,23.420000076293945,22.049999237060547,23.31999969482422,23.31999969482422,58650500
2024-10-09,23.25,23.479999542236328,23.059999465942383,23.459999084472656,23.459999084472656,44759000
2024-10-10,23.190000534057617,23.530000686645508,22.959999084472656,23.21999931335449,23.21999931335449,44874600
2024-10-11,23.049999237060547,23.81999969482422,22.979999542236328,23.559999465942383,23.559999465942383,43585300
2024-10-14,23.57999992370605,23.770000457763672,23.270000457763672,23.440000534057617,23.440000534057617,35403600
2024-10-15,23.40999984741211,23.71999931335449,22.46999931335449,22.65999984741211,22.65999984741211,68900600
2024-10-16,22.3799991607666,22.540000915527344,21.739999771118164,22.309999465942383,22.309999465942383,62151800
2024-10-17,22.71999931335449,22.81999969482422,22.39999961853028,22.440000534057617,22.440000534057617,43807600
2024-10-18,22.61000061035156,22.81999969482422,22.5,22.770000457763672,22.770000457763672,39971700
2024-10-21,22.61000061035156,22.8799991607666,22.25,22.84000015258789,22.84000015258789,39727000
2024-10-22,22.729999542236328,22.81999969482422,22.170000076293945,22.39999961853028,22.39999961853028,50160400
2024-10-23,22.299999237060547,22.43000030517578,21.57999992370605,21.979999542236328,21.979999542236328,45799100
2024-10-24,22.09000015258789,22.3700008392334,21.96999931335449,22.34000015258789,22.34000015258789,40554400
2024-10-25,22.420000076293945,23.34000015258789,22.40999984741211,22.68000030517578,22.68000030517578,67503000
2024-10-28,22.670000076293945,23.270000457763672,22.559999465942383,22.920000076293945,22.920000076293945,41915000
2024-10-29,22.8700008392334,23.13999938964844,22.40999984741211,22.89999961853028,22.89999961853028,83422200
2024-10-30,22.420000076293945,22.93000030517578,22.26000022888184,22.299999237060547,22.299999237060547,50941200
2024-10-31,22.14999961853028,22.25,21.46999931335449,21.520000457763672,21.520000457763672,112485500
2024-11-01,23.0,23.57999992370605,21.90999984741211,23.200000762939453,23.200000762939453,173471100
2024-11-04,22.959999084472656,23.0,22.0,22.520000457763672,22.520000457763672,84616300
2024-11-05,22.57999992370605,23.57999992370605,22.39999961853028,23.31999969482422,23.31999969482422,59153300
2024-11-06,24.299999237060547,25.1200008392334,24.049999237060547,25.049999237060547,25.049999237060547,116760500
2024-11-07,25.43000030517578,26.3799991607666,25.190000534057617,26.229999542236328,26.229999542236328,101489300
2024-11-08,26.0,26.43000030517578,25.82999992370605,26.200000762939453,26.200000762939453,76428000
2024-11-11,25.959999084472656,26.290000915527344,24.82999992370605,25.049999237060547,25.049999237060547,80185300
2024-11-12,24.65999984741211,24.959999084472656,23.88999938964844,24.15999984741211,24.15999984741211,62539700
2024-11-13,24.059999465942383,25.13999938964844,24.020000457763672,24.920000076293945,24.920000076293945,58202000
2024-11-14,25.1200008392334,25.61000061035156,24.93000030517578,25.030000686645508,25.030000686645508,49252100
2024-11-15,24.809999465942383,24.81999969482422,24.229999542236328,24.350000381469727,24.350000381469727,55104900
2024-11-18,24.32999992370605,25.020000457763672,24.15999984741211,24.84000015258789,24.84000015258789,59589500
2024-11-19,24.5,24.540000915527344,24.100000381469727,24.200000762939453,24.200000762939453,61190900
2024-11-20,24.06999969482422,24.209999084472656,23.549999237060547,24.01000022888184,24.01000022888184,50191500
2024-11-21,24.07999992370605,24.770000457763672,23.82999992370605,24.440000534057617,24.440000534057617,58928400
2024-11-22,24.350000381469727,24.68000030517578,24.13999938964844,24.5,24.5,36784700
2024-11-25,25.040000915527344,25.56999969482422,24.76000022888184,24.8700008392334,24.8700008392334,91128400
2024-11-26,24.950000762939453,24.989999771118164,23.809999465942383,24.049999237060547,24.049999237060547,69613600
2024-11-27,23.82999992370605,23.93000030517578,23.059999465942383,23.64999961853028,23.64999961853028,53992300
2024-11-29,23.71999931335449,24.280000686645508,23.600000381469727,24.049999237060547,24.049999237060547,36616800
2024-12-02,24.84000015258789,25.479999542236328,23.440000534057617,23.93000030517578,23.93000030517578,150497900
2024-12-03,23.68000030517578,23.75,22.440000534057617,22.46999931335449,22.46999931335449,138160500
2024-12-04,22.530000686645508,22.540000915527344,21.809999465942383,21.959999084472656,21.959999084472656,104649000
2024-12-05,22.040000915527344,22.190000534057617,20.65999984741211,20.799999237060547,20.799999237060547,167993500
2024-12-06,20.950000762939453,21.049999237060547,20.65999984741211,20.920000076293945,20.920000076293945,78539100
2024-12-09,20.920000076293945,21.059999465942383,20.729999542236328,20.809999465942383,20.809999465942383,68818200
2024-12-10,20.82999992370605,20.86000061035156,19.959999084472656,20.15999984741211,20.15999984741211,90004800
2024-12-11,20.13999938964844,20.25,19.8700008392334,20.1200008392334,20.1200008392334,75209300
2024-12-12,20.020000457763672,20.89999961853028,19.920000076293945,20.780000686645508,20.780000686645508,77695000
2024-12-13,20.600000381469727,20.799999237060547,20.25,20.34000015258789,20.34000015258789,55104100
2024-12-16,20.170000076293945,21.100000381469727,20.0,20.82999992370605,20.82999992370605,73832900
2024-12-17,20.63999938964844,20.770000457763672,20.290000915527344,20.440000534057617,20.440000534057617,51767200
2024-12-18,20.479999542236328,20.57999992370605,19.209999084472656,19.299999237060547,19.299999237060547,86041200
2024-12-19,19.530000686645508,19.690000534057617,19.030000686645508,19.059999465942383,19.059999465942383,69117800
2024-12-20,18.96999931335449,19.76000022888184,18.89999961853028,19.520000457763672,19.520000457763672,108453700
2024-12-23,19.57999992370605,20.229999542236328,19.520000457763672,20.200000762939453,20.200000762939453,57988400
2024-12-24,20.21999931335449,20.39999961853028,19.959999084472656,20.39999961853028,20.39999961853028,29884000
2024-12-26,20.229999542236328,20.670000076293945,20.07999992370605,20.440000534057617,20.440000534057617,39846200
2024-12-27,20.209999084472656,20.61000061035156,20.09000015258789,20.299999237060547,20.299999237060547,48260800
2024-12-30,20.01000022888184,20.11000061035156,19.729999542236328,19.81999969482422,19.81999969482422,59608100
2024-12-31,19.989999771118164,20.39999961853028,19.8799991607666,20.049999237060547,20.049999237060547,49846700
2025-01-02,20.229999542236328,20.43000030517578,20.0,20.21999931335449,20.21999931335449,46438500
2025-01-03,20.38999938964844,20.670000076293945,20.059999465942383,20.559999465942383,20.559999465942383,48983900
2025-01-06,20.82999992370605,20.979999542236328,19.780000686645508,19.8700008392334,19.8700008392334,83271000
2025-01-07,20.020000457763672,20.34000015258789,19.89999961853028,20.01000022888184,20.01000022888184,61726100
2025-01-08,19.82999992370605,20.1200008392334,19.709999084472656,19.8799991607666,19.8799991607666,47897100
2025-01-10,19.65999984741211,19.65999984741211,18.90999984741211,19.14999961853028,19.14999961853028,71244600
2025-01-13,18.920000076293945,19.25,18.729999542236328,19.200000762939453,19.200000762939453,50669000
2025-01-14,19.36000061035156,19.520000457763672,18.81999969482422,19.200000762939453,19.200000762939453,47147500
2025-01-15,19.39999961853028,19.770000457763672,19.170000076293945,19.71999931335449,19.71999931335449,56306000
2025-01-16,19.75,19.950000762939453,19.39999961853028,19.670000076293945,19.670000076293945,44898100
2025-01-17,21.26000022888184,21.6200008392334,20.790000915527344,21.489999771118164,21.489999771118164,166483900
2025-01-21,22.030000686645508,22.40999984741211,21.75,21.770000457763672,21.770000457763672,96262200
2025-01-22,21.729999542236328,22.290000915527344,21.56999969482422,21.86000061035156,21.86000061035156,60972600
2025-01-23,21.690000534057617,21.75,21.350000381469727,21.56999969482422,21.56999969482422,55778200
2025-01-24,21.36000061035156,21.40999984741211,20.75,20.82999992370605,20.82999992370605,66300600
2025-01-27,20.809999465942383,21.059999465942383,20.13999938964844,20.290000915527344,20.290000915527344,83582100
2025-01-28,20.34000015258789,20.34000015258789,19.739999771118164,19.799999237060547,19.799999237060547,73411400
2025-01-29,19.8700008392334,20.07999992370605,19.65999984741211,19.75,19.75,86506800
2025-01-30,19.71999931335449,20.100000381469727,19.43000030517578,20.01000022888184,20.01000022888184,108167000
2025-01-31,20.100000381469727,20.32999992370605,19.3799991607666,19.43000030517578,19.43000030517578,117081700
2025-02-03,18.96999931335449,19.75,18.780000686645508,19.3799991607666,19.3799991607666,77523100
2025-02-04,19.100000381469727,19.530000686645508,19.020000457763672,19.290000915527344,19.290000915527344,54098200
2025-02-05,19.190000534057617,19.770000457763672,18.90999984741211,19.64999961853028,19.64999961853028,66059200
2025-02-06,19.51000022888184,19.700000762939453,19.21999931335449,19.3799991607666,19.3799991607666,45553800
2025-02-07,19.350000381469727,19.36000061035156,19.030000686645508,19.100000381469727,19.100000381469727,58277900
2025-02-10,19.25,20.07999992370605,19.239999771118164,19.770000457763672,19.770000457763672,73007300
2025-02-11,19.8700008392334,21.8799991607666,19.86000061035156,20.96999931335449,20.96999931335449,150960700
2025-02-12,21.979999542236328,22.559999465942383,20.93000030517578,22.479999542236328,22.479999542236328,162631200
2025-02-13,22.84000015258789,24.82999992370605,22.790000915527344,24.1299991607666,24.1299991607666,248661300
2025-02-14,24.36000061035156,25.190000534057617,22.86000061035156,23.600000381469727,23.600000381469727,230254100
2025-02-18,24.600000381469727,27.549999237060547,24.489999771118164,27.38999938964844,27.38999938964844,284292200
2025-02-19,25.979999542236328,26.32999992370605,25.459999084472656,25.71999931335449,25.71999931335449,151881700
2025-02-20,25.559999465942383,26.1200008392334,24.479999542236328,26.09000015258789,26.09000015258789,144939600
2025-02-21,25.959999084472656,26.290000915527344,24.84000015258789,24.8700008392334,24.8700008392334,111630900
2025-02-24,24.549999237060547,24.799999237060547,23.6200008392334,24.270000457763672,24.270000457763672,91358100
2025-02-25,24.209999084472656,24.280000686645508,22.770000457763672,22.989999771118164,22.989999771118164,88886500
2025-02-26,23.25,23.81999969482422,23.209999084472656,23.520000457763672,23.520000457763672,67449300
2025-02-27,23.700000762939453,24.39999961853028,23.06999969482422,23.09000015258789,23.09000015258789,97871900
2025-02-28,23.020000457763672,24.440000534057617,22.63999938964844,23.729999542236328,23.729999542236328,104133800
2025-03-03,25.0,25.040000915527344,22.520000457763672,22.739999771118164,22.739999771118164,141348700
2025-03-04,22.540000915527344,22.6299991607666,20.76000022888184,21.32999992370605,21.32999992370605,152182200
2025-03-05,21.32999992370605,21.36000061035156,20.18000030517578,20.809999465942383,20.809999465942383,127219300
2025-03-06,20.26000022888184,21.1299991607666,20.0,20.75,20.75,96466400
2025-03-07,20.270000457763672,21.200000762939453,20.11000061035156,20.63999938964844,20.63999938964844,81099600
2025-03-10,20.239999771118164,20.51000022888184,19.64999961853028,19.93000030517578,19.93000030517578,82760600
2025-03-11,19.96999931335449,20.059999465942383,19.290000915527344,19.780000686645508,19.780000686645508,80789000
2025-03-12,20.790000915527344,21.170000076293945,20.209999084472656,20.68000030517578,20.68000030517578,128671100
2025-03-13,23.5,24.530000686645508,23.1299991607666,23.700000762939453,23.700000762939453,243261000
2025-03-14,23.68000030517578,24.3700008392334,23.520000457763672,24.049999237060547,24.049999237060547,116901600
2025-03-17,24.420000076293945,26.14999961853028,24.3700008392334,25.690000534057617,25.690000534057617,160723600
2025-03-18,25.549999237060547,26.40999984741211,25.38999938964844,25.920000076293945,25.920000076293945,132488800
2025-03-19,24.89999961853028,25.229999542236328,24.030000686645508,24.1200008392334,24.1200008392334,135491400
2025-03-20,23.770000457763672,24.309999465942383,23.729999542236328,23.959999084472656,23.959999084472656,68937600
2025-03-21,23.600000381469727,24.700000762939453,23.489999771118164,24.26000022888184,24.26000022888184,94110700
2025-03-24,24.71999931335449,24.989999771118164,24.1299991607666,24.21999931335449,24.21999931335449,69169000
2025-03-25,24.18000030517578,24.75,24.11000061035156,24.200000762939453,24.200000762939453,51743300
2025-03-26,24.25,24.420000076293945,23.25,23.420000076293945,23.420000076293945,59496700
2025-03-27,23.290000915527344,23.76000022888184,22.86000061035156,23.6200008392334,23.6200008392334,57720600
2025-03-28,23.350000381469727,23.57999992370605,22.559999465942383,22.709999084472656,22.709999084472656,58365300
2025-03-31,22.3799991607666,22.75,21.75,22.709999084472656,22.709999084472656,65832000
2025-04-01,22.559999465942383,22.6200008392334,21.65999984741211,22.049999237060547,22.049999237060547,64060400
2025-04-02,21.88999938964844,22.3799991607666,21.700000762939453,21.979999542236328,21.979999542236328,58878800
2025-04-03,21.39999961853028,23.89999961853028,20.86000061035156,22.43000030517578,22.43000030517578,242972100
2025-04-04,21.700000762939453,22.200000762939453,19.700000762939453,19.850000381469727,19.850000381469727,175014700
2025-04-07,19.13999938964844,20.670000076293945,18.559999465942383,19.56999969482422,19.56999969482422,142491200
2025-04-08,20.059999465942383,20.38999938964844,17.670000076293945,18.1299991607666,18.1299991607666,163982700
2025-04-09,18.06999969482422,21.729999542236328,17.979999542236328,21.530000686645508,21.530000686645508,224183500
2025-04-10,20.68000030517578,20.81999969482422,19.15999984741211,19.8799991607666,19.8799991607666,129064900
2025-04-11,19.25,19.799999237060547,18.18000030517578,19.739999771118164,19.739999771118164,128425800
2025-04-14,20.59000015258789,21.049999237060547,19.979999542236328,20.309999465942383,20.309999465942383,101964400
2025-04-15,20.200000762939453,20.46999931335449,19.809999465942383,19.850000381469727,19.850000381469727,64056900
2025-04-16,19.34000015258789,19.43000030517578,18.71999931335449,19.229999542236328,19.229999542236328,89469700
2025-04-17,18.90999984741211,19.100000381469727,18.559999465942383,18.93000030517578,18.93000030517578,85646700
2025-04-21,18.93000030517578,18.989999771118164,18.25,18.84000015258789,18.84000015258789,72409900
2025-04-22,19.059999465942383,19.739999771118164,19.040000915527344,19.51000022888184,19.51000022888184,83365600
2025-04-23,20.71999931335449,21.030000686645508,20.309999465942383,20.59000015258789,20.59000015258789,97188100
2025-04-24,21.040000915527344,21.549999237060547,20.8799991607666,21.489999771118164,21.489999771118164,117086200
2025-04-25,19.729999542236328,20.18000030517578,19.34000015258789,20.049999237060547,20.049999237060547,147711200
2025-04-28,20.1200008392334,21.07999992370605,20.049999237060547,20.51000022888184,20.51000022888184,96624400
2025-04-29,20.309999465942383,20.850000381469727,20.21999931335449,20.34000015258789,20.34000015258789,70031900
2025-04-30,19.709999084472656,20.18000030517578,19.549999237060547,20.100000381469727,20.100000381469727,68297300
2025-05-01,20.21999931335449,20.64999961853028,19.940000534057617,19.979999542236328,19.979999542236328,72607500
2025-05-02,20.26000022888184,20.780000686645508,20.209999084472656,20.6200008392334,20.6200008392334,63298500
2025-05-05,20.38999938964844,20.57999992370605,20.239999771118164,20.270000457763672,20.270000457763672,44237000
2025-05-06,19.920000076293945,20.1200008392334,19.770000457763672,19.940000534057617,19.940000534057617,51330800
2025-05-07,19.96999931335449,20.3700008392334,19.81999969482422,20.309999465942383,20.309999465942383,61002600
2025-05-08,21.01000022888184,21.239999771118164,20.63999938964844,21.0,21.0,71651700
2025-05-09,21.200000762939453,21.450000762939453,20.82999992370605,21.420000076293945,21.420000076293945,51768600
2025-05-12,22.18000030517578,22.670000076293945,21.8799991607666,22.18000030517578,22.18000030517578,94578700
2025-05-13,22.36000061035156,22.8799991607666,22.299999237060547,22.559999465942383,22.559999465942383,76850400
2025-05-14,22.350000381469727,22.459999084472656,21.459999084472656,21.520000457763672,21.520000457763672,91584800
2025-05-15,21.229999542236328,21.6299991607666,21.190000534057617,21.549999237060547,21.549999237060547,66705500
2025-05-16,21.530000686645508,21.76000022888184,21.350000381469727,21.65999984741211,21.65999984741211,55795100
2025-05-19,21.18000030517578,21.559999465942383,21.049999237060547,21.3799991607666,21.3799991607666,64279100
2025-05-20,21.32999992370605,21.40999984741211,21.1200008392334,21.270000457763672,21.270000457763672,48497400
2025-05-21,21.190000534057617,21.6299991607666,20.59000015258789,20.690000534057617,20.690000534057617,62904700
2025-05-22,20.729999542236328,20.89999961853028,20.51000022888184,20.549999237060547,20.549999237060547,56077500
2025-05-23,20.15999984741211,20.270000457763672,19.940000534057617,20.049999237060547,20.049999237060547,68206100
2025-05-27,20.440000534057617,20.670000076293945,20.18000030517578,20.549999237060547,20.549999237060547,69504600
2025-05-28,20.56999969482422,20.63999938964844,20.32999992370605,20.3700008392334,20.3700008392334,46096500
2025-05-29,20.540000915527344,20.600000381469727,20.100000381469727,20.25,20.25,66372200
2025-05-30,20.26000022888184,20.26000022888184,19.309999465942383,19.549999237060547,19.549999237060547,114281900
2025-06-02,19.479999542236328,19.81999969482422,19.3700008392334,19.739999771118164,19.739999771118164,67885500
2025-06-03,19.75,20.40999984741211,19.39999961853028,20.290000915527344,20.290000915527344,80401900
2025-06-04,20.34000015258789,20.5,20.01000022888184,20.25,20.25,71166500
2025-06-05,20.270000457763672,20.549999237060547,19.850000381469727,19.989999771118164,19.989999771118164,72458400
2025-06-06,20.170000076293945,20.440000534057617,20.030000686645508,20.059999465942383,20.059999465942383,70072800
2025-06-09,20.21999931335449,20.959999084472656,20.21999931335449,20.479999542236328,20.479999542236328,92893900
2025-06-10,20.5,22.440000534057617,20.280000686645508,22.07999992370605,22.07999992370605,171457000
2025-06-11,21.780000686645508,21.82999992370605,20.3799991607666,20.68000030517578,20.68000030517578,146784500
2025-06-12,20.5,20.979999542236328,20.40999984741211,20.770000457763672,20.770000457763672,78175900
2025-06-13,20.32999992370605,20.600000381469727,20.100000381469727,20.13999938964844,20.13999938964844,87655900
2025-06-16,20.40999984741211,20.93000030517578,20.299999237060547,20.739999771118164,20.739999771118164,86745100
2025-06-17,20.6299991607666,21.479999542236328,20.6200008392334,20.799999237060547,20.799999237060547,87512200
2025-06-18,20.809999465942383,21.600000381469727,20.65999984741211,21.489999771118164,21.489999771118164,94200600
2025-06-20,21.700000762939453,21.88999938964844,20.8799991607666,21.07999992370605,21.07999992370605,133472800
2025-06-23,21.06999969482422,21.57999992370605,20.729999542236328,21.190000534057617,21.190000534057617,81461000
2025-06-24,21.34000015258789,22.690000534057617,21.32999992370605,22.549999237060547,22.549999237060547,130368700
2025-06-25,22.57999992370605,22.770000457763672,22.1299991607666,22.200000762939453,22.200000762939453,64975100
2025-06-26,22.39999961853028,22.6200008392334,22.209999084472656,22.5,22.5,63229300
2025-06-27,22.709999084472656,23.3799991607666,22.420000076293945,22.690000534057617,22.690000534057617,95542400
2025-06-30,22.96999931335449,22.96999931335449,22.270000457763672,22.39999961853028,22.39999961853028,77102400
2025-07-01,22.32999992370605,23.15999984741211,22.280000686645508,22.850000381469727,22.850000381469727,79094900
2025-07-02,22.530000686645508,22.770000457763672,21.520000457763672,21.8799991607666,21.8799991607666,138245300
2025-07-03,22.14999961853028,22.6299991607666,21.989999771118164,22.489999771118164,22.489999771118164,61176000
2025-07-07,22.209999084472656,22.38999938964844,21.86000061035156,22.0,22.0,80725200
2025-07-08,22.18000030517578,23.790000915527344,22.1299991607666,23.59000015258789,23.59000015258789,119545500
2025-07-09,23.290000915527344,23.530000686645508,23.1299991607666,23.440000534057617,23.440000534057617,70247700
2025-07-10,23.6299991607666,24.040000915527344,23.479999542236328,23.81999969482422,23.81999969482422,54599800
2025-07-11,23.559999465942383,23.65999984741211,23.15999984741211,23.43000030517578,23.43000030517578,49367900
2025-07-14,23.239999771118164,23.39999961853028,22.8799991607666,23.299999237060547,23.299999237060547,48420500
2025-07-15,23.56999969482422,23.780000686645508,22.89999961853028,22.920000076293945,22.920000076293945,66099400
2025-07-16,22.989999771118164,23.1299991607666,22.25,22.690000534057617,22.690000534057617,58865900
2025-07-17,22.65999984741211,23.049999237060547,22.59000015258789,22.799999237060547,22.799999237060547,49384000
2025-07-18,23.21999931335449,23.59000015258789,22.89999961853028,23.100000381469727,23.100000381469727,60195600
2025-07-21,23.39999961853028,23.82999992370605,23.15999984741211,23.26000022888184,23.26000022888184,61658000
2025-07-22,23.34000015258789,23.540000915527344,23.07999992370605,23.239999771118164,23.239999771118164,53969800
2025-07-23,23.26000022888184,23.6200008392334,22.920000076293945,23.489999771118164,23.489999771118164,68711700
2025-07-24,23.489999771118164,23.57999992370605,22.600000381469727,22.6299991607666,22.6299991607666,131963300
2025-07-25,20.68000030517578,21.049999237060547,20.36000061035156,20.700000762939453,20.700000762939453,245077700
2025-07-28,20.81999969482422,21.290000915527344,20.64999961853028,20.68000030517578,20.68000030517578,86105600
2025-07-29,20.690000534057617,20.850000381469727,20.34000015258789,20.40999984741211,20.40999984741211,100831500
2025-07-30,20.43000030517578,20.6200008392334,20.07999992370605,20.34000015258789,20.34000015258789,67420300
2025-07-31,20.170000076293945,20.229999542236328,19.65999984741211,19.799999237060547,19.799999237060547,90665200
2025-08-01,19.5,19.549999237060547,18.96999931335449,19.309999465942383,19.309999465942383,86496100
2025-08-04,19.520000457763672,19.59000015258789,19.350000381469727,19.5,19.5,69249400
2025-08-05,19.700000762939453,20.540000915527344,19.68000030517578,20.190000534057617,20.190000534057617,97338200
2025-08-06,20.1200008392334,20.479999542236328,19.8700008392334,20.40999984741211,20.40999984741211,67074200
2025-08-07,20.0,20.440000534057617,19.600000381469727,19.770000457763672,19.770000457763672,131382800
2025-08-08,20.0,20.020000457763672,19.61000061035156,19.950000762939453,19.950000762939453,75415000
2025-08-11,20.450000762939453,21.600000381469727,20.440000534057617,20.64999961853028,20.64999961853028,175545600
2025-08-12,21.200000762939453,21.86000061035156,20.76000022888184,21.809999465942383,21.809999465942383,134153600
2025-08-13,21.6200008392334,22.299999237060547,21.36000061035156,22.21999931335449,22.21999931335449,86024400
2025-08-14,21.989999771118164,24.200000762939453,21.89999961853028,23.86000061035156,23.86000061035156,188052500
2025-08-15,25.01000022888184,25.64999961853028,24.11000061035156,24.559999465942383,24.559999465942383,310161100
2025-08-18,24.0,24.89999961853028,23.209999084472656,23.65999984741211,23.65999984741211,212515600
2025-08-19,24.940000534057617,26.530000686645508,24.940000534057617,25.309999465942383,25.309999465942383,297659200
2025-08-20,24.89999961853028,24.93000030517578,23.32999992370605,23.540000915527344,23.540000915527344,161149400
2025-08-21,23.530000686645508,23.56999969482422,22.780000686645508,23.5,23.5,97718300
2025-08-22,23.64999961853028,25.229999542236328,23.64999961853028,24.799999237060547,24.799999237060547,200266800
2025-08-25,25.5,25.8799991607666,24.440000534057617,24.549999237060547,24.549999237060547,156825600
2025-08-26,24.57999992370605,24.739999771118164,24.100000381469727,24.350000381469727,24.350000381469727,78558200
2025-08-27,24.190000534057617,24.989999771118164,24.049999237060547,24.850000381469727,24.850000381469727,90934400
2025-08-28,24.959999084472656,25.13999938964844,24.61000061035156,24.93000030517578,24.93000030517578,60035100
2025-08-29,24.76000022888184,24.96999931335449,24.280000686645508,24.350000381469727,24.350000381469727,63734400
2025-09-02,23.8799991607666,24.239999771118164,23.68000030517578,24.209999084472656,24.209999084472656,57661800
2025-09-03,24.09000015258789,24.09000015258789,23.71999931335449,24.0,24.0,47822900
2025-09-04,23.850000381469727,24.63999938964844,23.75,24.61000061035156,24.61000061035156,59056500
2025-09-05,24.600000381469727,24.709999084472656,24.170000076293945,24.489999771118164,24.489999771118164,55975300
2025-09-08,24.479999542236328,24.739999771118164,24.1200008392334,24.479999542236328,24.479999542236328,51122100
2025-09-09,24.530000686645508,24.809999465942383,24.270000457763672,24.440000534057617,24.440000534057617,42146200
2025-09-10,24.420000076293945,24.8700008392334,24.280000686645508,24.770000457763672,24.770000457763672,61600700
2025-09-11,24.76000022888184,24.93000030517578,24.56999969482422,24.61000061035156,24.61000061035156,55536900
2025-09-12,24.61000061035156,24.6299991607666,24.049999237060547,24.07999992370605,24.07999992370605,52672800
2025-09-15,24.32999992370605,25.459999084472656,24.21999931335449,24.770000457763672,24.770000457763672,83951600
2025-09-16,24.81999969482422,25.34000015258789,24.690000534057617,25.270000457763672,25.270000457763672,60336600
2025-09-17,25.07999992370605,25.26000022888184,24.450000762939453,24.89999961853028,24.89999961853028,63093700
2025-09-18,31.780000686645508,32.380001068115234,30.15999984741211,30.56999969482422,30.56999969482422,523908000
2025-09-19,30.3799991607666,30.6299991607666,29.32999992370605,29.57999992370605,29.57999992370605,225702900
2025-09-22,29.670000076293945,30.100000381469727,28.729999542236328,28.76000022888184,28.76000022888184,130314500
2025-09-23,28.989999771118164,30.200000762939453,28.81999969482422,29.34000015258789,29.34000015258789,126317900
2025-09-24,29.3799991607666,31.700000762939453,29.229999542236328,31.21999931335449,31.21999931335449,164458500
2025-09-25,31.61000061035156,34.25,31.209999084472656,33.9900016784668,33.9900016784668,295709300
2025-09-26,35.02000045776367,36.29999923706055,34.4900016784668,35.5,35.5,268583300
2025-09-29,34.52000045776367,35.04999923706055,33.72999954223633,34.47999954223633,34.47999954223633,152605900
2025-09-30,33.93000030517578,34.2400016784668,33.02000045776367,33.54999923706055,33.54999923706055,124818400
2025-10-01,33.529998779296875,36.060001373291016,33.5,35.939998626708984,35.939998626708984,162649700
2025-10-02,35.7599983215332,37.56999969482422,35.439998626708984,37.29999923706055,37.29999923706055,149361700
2025-10-03,37.95000076293945,38.08000183105469,36.45000076293945,36.83000183105469,36.83000183105469,125359300
2025-10-06,37.18999862670898,38.68000030517578,36.43000030517578,36.59000015258789,36.59000015258789,112086100
2025-10-07,36.63999938964844,38.04999923706055,36.34999847412109,37.16999816894531,37.16999816894531,111140200
2025-10-08,36.54999923706055,37.790000915527344,35.90999984741211,37.43000030517578,37.43000030517578,103202100
2025-10-09,37.52999877929688,38.09999847412109,36.86000061035156,37.79999923706055,37.79999923706055,89884700
2025-10-10,38.459999084472656,39.650001525878906,36.29999923706055,36.369998931884766,36.369998931884766,183063300
2025-10-13,36.43999862670898,37.5099983215332,36.27999877929688,37.220001220703125,37.220001220703125,104020700
2025-10-14,36.0,36.54999923706055,34.689998626708984,35.630001068115234,35.630001068115234,117908300
2025-10-15,36.400001525878906,37.4900016784668,35.63999938964844,37.150001525878906,37.150001525878906,99242700
2025-10-16,37.150001525878906,38.02000045776367,36.40999984741211,36.84000015258789,36.84000015258789,83357800
2025-10-17,36.36000061035156,38.380001068115234,36.08000183105469,37.0099983215332,37.0099983215332,119394700
2025-10-20,37.56999969482422,38.52000045776367,37.560001373291016,38.09999847412109,38.09999847412109,80230200
2025-10-21,38.13999938964844,38.34999847412109,37.66999816894531,38.119998931884766,38.119998931884766,73134900
2025-10-22,37.84000015258789,37.93000030517578,36.040000915527344,36.91999816894531,36.91999816894531,87099900
2025-10-23,36.59999847412109,38.400001525878906,36.43000030517578,38.15999984741211,38.15999984741211,121974200
2025-10-24,40.02000045776367,41.119998931884766,37.83000183105469,38.27999877929688,38.27999877929688,246380000
2025-10-27,38.38999938964844,40.66999816894531,38.22999954223633,39.540000915527344,39.540000915527344,160007600
2025-10-28,39.59000015258789,42.47999954223633,39.540000915527344,41.52999877929688,41.52999877929688,181256400
2025-10-29,41.59999847412109,42.040000915527344,40.91999816894531,41.34000015258789,41.34000015258789,106962900
2025-10-30,40.970001220703125,41.43000030517578,40.11000061035156,40.15999984741211,40.15999984741211,84855500
2025-10-31,40.68000030517578,40.83000183105469,39.790000915527344,39.9900016784668,39.9900016784668,80471400
2025-11-03,40.25,40.45000076293945,39.04999923706055,39.5,39.5,61267500
2025-11-04,38.13999938964844,38.25,36.630001068115234,37.02999877929688,37.02999877929688,102250300
2025-11-05,37.41999816894531,38.68999862670898,37.11000061035156,38.380001068115234,38.380001068115234,74631600
2025-11-06,38.34000015258789,39.84000015258789,36.79999923706055,37.2400016784668,37.2400016784668,77629900
2025-11-07,37.2599983215332,38.27000045776367,36.970001220703125,38.130001068115234,38.130001068115234,95521400
2025-11-10,38.93000030517578,39.52999877929688,37.970001220703125,38.45000076293945,38.45000076293945,77820300
2025-11-11,38.150001525878906,38.220001220703125,37.4900016784668,37.880001068115234,37.880001068115234,53741900
2025-11-12,38.060001373291016,38.20000076293945,37.34999847412109,37.88999938964844,37.88999938964844,53876000
2025-11-13,37.27000045776367,37.310001373291016,35.45000076293945,35.90999984741211,35.90999984741211,95593200
2025-11-14,35.029998779296875,36.09999847412109,34.619998931884766,35.52000045776367,35.52000045776367,71716200
2025-11-17,35.45000076293945,35.72999954223633,34.22999954223633,34.709999084472656,34.709999084472656,72580100
2025-11-18,34.25,34.7599983215332,33.56999969482422,34.33000183105469,34.33000183105469,61504800
2025-11-19,34.33000183105469,35.75,34.25,35.11000061035156,35.11000061035156,67115500
2025-11-20,36.0,36.68000030517578,33.47999954223633,33.619998931884766,33.619998931884766,96389100
2025-11-21,33.5099983215332,34.97999954223633,32.88999938964844,34.5,34.5,105641700
2025-11-24,34.970001220703125,36.15999984741211,34.689998626708984,35.790000915527344,35.790000915527344,103804200
2025-11-25,35.54999923706055,36.130001068115234,34.68000030517578,35.83000183105469,35.83000183105469,62203300
2025-11-26,36.20000076293945,37.2400016784668,36.130001068115234,36.810001373291016,36.810001373291016,54563400
2025-11-28,37.400001525878906,40.59000015258789,37.34000015258789,40.560001373291016,40.560001373291016,95799500
2025-12-01,39.86000061035156,40.380001068115234,39.59999847412109,40.0099983215332,40.0099983215332,74534900
2025-12-02,40.470001220703125,43.68000030517578,40.04999923706055,43.470001220703125,43.470001220703125,167205800
2025-12-03,43.38999938964844,44.02000045776367,42.5099983215332,43.7599983215332,43.7599983215332,91957200
2025-12-04,43.2599983215332,43.27999877929688,40.13999938964844,40.5,40.5,107850200
2025-12-05,41.15999984741211,42.83000183105469,41.150001525878906,41.40999984741211,41.40999984741211,103042000
2025-12-08,41.93999862670898,42.119998931884766,39.70000076293945,40.29999923706055,40.29999923706055,93953600
2025-12-09,40.72999954223633,41.2599983215332,40.02999877929688,40.5,40.5,61877200
2025-12-10,40.11000061035156,40.9900016784668,38.88999938964844,40.77999877929688,40.77999877929688,75974900
2025-12-11,40.06999969482422,40.18999862670898,39.08000183105469,39.5099983215332,39.5099983215332,59096800
2025-12-12,39.25,40.02999877929688,37.619998931884766,37.810001373291016,37.810001373291016,87784500
2025-12-15,38.33000183105469,38.47999954223633,37.31999969482422,37.5099983215332,37.5099983215332,60898500
2025-12-16,37.58000183105469,37.959999084472656,36.91999816894531,37.310001373291016,37.310001373291016,50490300
2025-12-17,37.59000015258789,37.84000015258789,35.970001220703125,36.04999923706055,36.04999923706055,54792000
2025-12-18,37.380001068115234,37.4900016784668,35.66999816894531,36.27999877929688,36.27999877929688,69468400
2025-12-19,36.47999954223633,37.58000183105469,36.43999862670898,36.81999969482422,36.81999969482422,163221300
2025-12-22,37.88999938964844,37.900001525878906,36.290000915527344,36.369998931884766,36.369998931884766,51685400
2025-12-23,36.2400016784668,36.79999923706055,36.02999877929688,36.34999847412109,36.34999847412109,35958000
2025-12-24,35.16999816894531,36.18000030517578,34.95000076293945,36.15999984741211,36.15999984741211,37443800
2025-12-26,36.16999816894531,36.4900016784668,35.849998474121094,36.20000076293945,36.20000076293945,28779400
2025-12-29,36.0099983215332,36.79999923706055,35.81999969482422,36.68000030517578,36.68000030517578,38062300
2025-12-30,36.90999984741211,38.2599983215332,36.81999969482422,37.29999923706055,37.29999923706055,61935300
2025-12-31,37.400001525878906,37.58000183105469,36.869998931884766,36.900001525878906,36.900001525878906,51524700
2026-01-02,37.77000045776367,39.86000061035156,37.7599983215332,39.380001068115234,39.380001068115234,95396400
2026-01-05,41.59000015258789,42.09999847412109,39.27000045776367,39.369998931884766,39.369998931884766,96665400
2026-01-06,39.86000061035156,40.310001373291016,38.95000076293945,40.040000915527344,40.040000915527344,66395100
2026-01-07,40.18000030517578,44.56999969482422,40.119998931884766,42.630001068115234,42.630001068115234,166028400
2026-01-08,42.619998931884766,43.34000015258789,40.68000030517578,41.11000061035156,41.11000061035156,88242000
2026-01-09,41.83000183105469,45.72999954223633,41.56999969482422,45.54999923706055,45.54999923706055,186691400
2026-01-12,44.2400016784668,45.45000076293945,43.88999938964844,44.060001373291016,44.060001373291016,101989100
2026-01-13,45.88999938964844,48.2400016784668,45.220001220703125,47.290000915527344,47.290000915527344,168656400
2026-01-14,48.95000076293945,49.0,47.41999816894531,48.720001220703125,48.720001220703125,148225800
2026-01-15,49.34999847412109,50.38999938964844,47.83000183105469,48.31999969482422,48.31999969482422,132328900
2026-01-16,49.27000045776367,50.209999084472656,46.709999084472656,46.959999084472656,46.959999084472656,127314700
2026-01-20,47.29999923706055,50.22999954223633,47.0,48.560001373291016,48.560001373291016,150153000
2026-01-21,50.31999969482422,54.40999984741211,50.150001525878906,54.25,54.25,220565300
2026-01-22,54.209999084472656,54.59999847412109,53.08000183105469,54.31999969482422,54.31999969482422,190066400
2026-01-23,46.86000061035156,48.130001068115234,44.45000076293945,45.06999969482422,45.06999969482422,294675400
2026-01-26,44.27999877929688,44.459999084472656,42.27999877929688,42.4900016784668,42.4900016784668,149407800
2026-01-27,43.970001220703125,44.52999877929688,43.09999847412109,43.93000030517578,43.93000030517578,121832200
2026-01-28,46.59999847412109,49.290000915527344,46.31999969482422,48.77999877929688,48.77999877929688,201995100
2026-01-29,47.560001373291016,48.77000045776367,46.9900016784668,48.65999984741211,48.65999984741211,124256600
2026-01-30,48.97999954223633,49.58000183105469,45.959999084472656,46.470001220703125,46.470001220703125,114920100
2026-02-02,45.630001068115234,49.84000015258789,45.5,48.810001373291016,48.810001373291016,101414600
2026-02-03,50.060001373291016,51.4900016784668,48.43000030517578,49.25,49.25,122205100
2026-02-04,49.540000915527344,49.70000076293945,47.0,48.59999847412109,48.59999847412109,128702300
2026-02-05,47.59000015258789,50.86000061035156,46.790000915527344,48.2400016784668,48.2400016784668,114307800
2026-02-06,49.09999847412109,51.29999923706055,48.83000183105469,50.59000015258789,50.59000015258789,115600200
2026-02-09,49.59000015258789,51.220001220703125,47.59000015258789,50.2400016784668,50.2400016784668,94841400
2026-02-10,50.40999984741211,50.540000915527344,46.77000045776367,47.130001068115234,47.130001068115234,99832900
2026-02-11,48.11000061035156,49.54999923706055,46.86000061035156,48.290000915527344,48.290000915527344,107681200
2026-02-12,47.79999923706055,48.95000076293945,46.18999862670898,46.47999954223633,46.47999954223633,88321200
2026-02-13,45.7599983215332,47.68999862670898,44.970001220703125,46.790000915527344,46.790000915527344,69740400
2026-02-17,45.93000030517578,46.83000183105469,45.459999084472656,46.18000030517578,46.18000030517578,65802200
2026-02-18,45.91999816894531,46.77000045776367,44.880001068115234,45.459999084472656,45.459999084472656,65306100
2026-02-19,44.95000076293945,45.16999816894531,43.91999816894531,44.619998931884766,44.619998931884766,72724900
2026-02-20,43.88999938964844,44.38999938964844,42.880001068115234,44.11000061035156,44.11000061035156,90743600
2026-02-23,44.09000015258789,44.54999923706055,43.18000030517578,43.630001068115234,43.630001068115234,57130900
2026-02-24,44.09999847412109,46.59999847412109,43.540000915527344,46.119998931884766,46.119998931884766,98872300
2026-02-25,46.09000015258789,46.970001220703125,45.08000183105469,46.880001068115234,46.880001068115234,75645300
2026-02-26,46.77000045776367,46.95000076293945,44.38999938964844,45.459999084472656,45.459999084472656,71457500
2026-02-27,44.459999084472656,46.560001373291016,44.400001525878906,45.61000061035156,45.61000061035156,79327200
2026-03-02,44.20000076293945,45.810001373291016,43.95000076293945,45.5,45.5,60705100
2026-03-03,43.43999862670898,43.68999862670898,42.13999938964844,43.09999847412109,43.09999847412109,83971000
2026-03-04,44.06999969482422,46.130001068115234,43.27000045776367,45.58000183105469,45.58000183105469,96628100
2026-03-05,44.869998931884766,46.47999954223633,44.70000076293945,45.95000076293945,45.95000076293945,78229400
2026-03-06,44.66999816894531,45.18000030517578,43.27999877929688,43.41999816894531,43.41999816894531,74698300
2026-03-09,42.7400016784668,45.7599983215332,41.63999938964844,45.58000183105469,45.58000183105469,82937400
2026-03-10,45.40999984741211,47.880001068115234,45.40999984741211,46.77999877929688,46.77999877929688,85233300
2026-03-11,46.81999969482422,48.83000183105469,46.65999984741211,47.97999954223633,47.97999954223633,72480600
2026-03-12,47.400001525878906,47.43999862670898,45.16999816894531,45.25,45.25,85110200
2026-03-13,45.970001220703125,46.650001525878906,45.38999938964844,45.77000045776367,45.77000045776367,68386200
2026-03-16,47.90999984741211,49.16999816894531,45.68999862670898,45.7599983215332,45.7599983215332,114199400
2026-03-17,46.08000183105469,46.08000183105469,43.90999984741211,44.060001373291016,44.060001373291016,89061600
2026-03-18,44.20000076293945,45.709999084472656,44.04999923706055,45.02999877929688,45.02999877929688,78056200
2026-03-19,43.9900016784668,46.43999862670898,43.650001525878906,46.18000030517578,46.18000030517578,74051500
2026-03-20,46.95000076293945,47.54999923706055,43.63999938964844,43.869998931884766,43.869998931884766,162814200
2026-03-23,44.5,45.459999084472656,43.7400016784668,44.0099983215332,44.0099983215332,80772200
2026-03-24,43.540000915527344,44.310001373291016,43.20000076293945,44.060001373291016,44.060001373291016,65323500
2026-03-25,45.84999847412109,47.84999847412109,45.45000076293945,47.18000030517578,47.18000030517578,97467900
2026-03-26,46.29999923706055,46.59999847412109,43.91999816894531,44.09999847412109,44.09999847412109,82841400
2026-03-27,43.619998931884766,44.130001068115234,42.86000061035156,43.130001068115234,43.130001068115234,70002200
2026-03-30,43.720001220703125,43.9900016784668,40.630001068115234,41.18999862670898,41.18999862670898,84596000
2026-03-31,41.95000076293945,44.22999954223633,41.59999847412109,44.130001068115234,44.130001068115234,95294900
2026-04-01,45.0,48.77000045776367,44.97999954223633,48.02999877929688,48.02999877929688,129598500
2026-04-02,46.060001373291016,50.4900016784668,46.040000915527344,50.380001068115234,50.380001068115234,117134200
2026-04-06,50.880001068115234,52.38999938964844,49.869998931884766,50.77999877929688,50.77999877929688,79978800
2026-04-07,51.90999984741211,53.27000045776367,51.220001220703125,52.90999984741211,52.90999984741211,129543800
2026-04-08,55.369998931884766,59.16999816894531,54.79999923706055,58.95000076293945,58.95000076293945,184599900
2026-04-09,58.400001525878906,62.08000183105469,58.38999938964844,61.720001220703125,61.720001220703125,155609900
2026-04-10,61.52000045776367,63.38999938964844,60.75,62.380001068115234,62.380001068115234,98624400
2026-04-13,62.18000030517578,65.6500015258789,62.18000030517578,65.18000030517578,65.18000030517578,112111000
2026-04-14,65.16000366210938,65.18000030517578,62.09000015258789,63.810001373291016,63.810001373291016,112796100
2026-04-15,63.77000045776367,65.83999633789062,62.880001068115234,64.94000244140625,64.94000244140625,92051500
2026-04-16,64.93000030517578,68.61000061035156,64.2699966430664,68.5,68.5,108328300
2026-04-17,68.8499984741211,70.33000183105469,67.73999786376953,68.5,68.5,118831500
2026-04-20,68.44999694824219,69.20999908447266,64.47000122070312,65.69999694824219,65.69999694824219,96851100
2026-04-21,67.13999938964844,67.66999816894531,65.63999938964844,66.26000213623047,66.26000213623047,91402300
2026-04-22,67.94000244140625,68.7699966430664,64.9800033569336,65.2699966430664,65.2699966430664,90267300
2026-04-23,66.0999984741211,68.27999877929688,65.41999816894531,66.77999877929688,66.77999877929688,155141800
2026-04-24,82.19999694824219,85.22000122070312,79.62000274658203,82.54000091552734,82.54000091552734,281405200
2026-04-27,83.66999816894531,87.0999984741211,82.61000061035156,84.98999786376953,84.98999786376953,178820200
2026-04-28,81.27999877929688,84.58999633789062,80.80000305175781,84.5199966430664,84.5199966430664,147773500
2026-04-29,86.13999938964844,94.9499969482422,85.87000274658203,94.75,94.75,235070900
2026-04-30,95.5999984741211,95.69000244140624,91.5,94.4800033569336,94.4800033569336,160597300
2026-05-01,93.1999969482422,100.4499969482422,92.61000061035156,99.62000274658205,99.62000274658205,158502800
2026-05-04,99.18000030517578,99.81999969482422,95.5999984741211,95.77999877929688,95.77999877929688,119294000
2026-05-05,100.51000213623048,110.4800033569336,100.08000183105467,108.1500015258789,108.1500015258789,198482000
2026-05-06,110.9800033569336,113.5,106.58000183105467,113.01000213623048,113.01000213623048,157320100
2026-05-07,111.0199966430664,114.51000213623048,109.1500015258789,109.62000274658205,109.62000274658205,122699900
2026-05-08,111.80999755859376,130.57000732421875,111.8000030517578,124.91999816894533,124.91999816894533,227681300
2026-05-11,130.8800048828125,132.75,123.91999816894533,129.44000244140625,129.44000244140625,179486500
2026-05-12,124.36000061035156,127.79000091552734,115.0,120.61000061035156,120.61000061035156,172516500
2026-05-13,124.0999984741211,125.0,116.41000366210938,120.29000091552734,120.29000091552734,115364400
2026-05-14,114.66000366210938,118.56999969482422,113.16999816894533,115.93000030517578,115.93000030517578,118279800
2026-05-15,109.79000091552734,110.56999969482422,105.0199966430664,108.7699966430664,108.7699966430664,135206000
2026-05-18,113.47000122070312,115.54000091552734,103.8499984741211,108.16999816894533,108.16999816894533,145764000
2026-05-19,106.9800033569336,113.06999969482422,102.4000015258789,110.8000030517578,110.8000030517578,150234900
2026-05-20,116.22000122070312,121.94000244140624,114.8000030517578,118.95999908447266,118.95999908447266,165086900
2026-05-21,116.58000183105467,119.41000366210938,113.16999816894533,118.5,118.5,102452500
2026-05-22,120.33999633789062,122.77999877929688,118.08999633789062,119.83999633789062,119.83999633789062,82663000
2026-05-26,122.0999984741211,125.62000274658205,117.3499984741211,123.5199966430664,123.5199966430664,108167300
2026-05-27,124.38999938964844,125.2699966430664,117.0,121.7699966430664,121.7699966430664,93323300
2026-05-28,121.4499969482422,123.08000183105467,116.30999755859376,120.88999938964844,120.88999938964844,97321000
2026-05-29,123.8499984741211,126.63999938964844,113.54000091552734,114.68000030517578,114.68000030517578,191676100
2026-06-01,109.43000030517578,113.3000030517578,106.33000183105467,109.33000183105467,109.33000183105467,134900400
2026-06-02,107.4499969482422,109.0,104.16999816894533,107.93000030517578,107.93000030517578,106336200
2026-06-03,116.41999816894533,118.29000091552734,110.86000061035156,112.70999908447266,112.70999908447266,118928800
2026-06-04,108.4000015258789,113.13999938964844,107.4800033569336,111.77999877929688,111.77999877929688,77325800
2026-06-05,106.4800033569336,106.4800033569336,98.33000183105467,99.16999816894533,99.16999816894533,145209400
2026-06-08,111.0,112.54000091552734,106.66000366210938,110.2699966430664,110.2699966430664,136973900
2026-06-09,112.98999786376952,114.0,99.45999908447266,107.91999816894533,107.91999816894533,149623100
2026-06-10,106.02999877929688,111.5,104.91999816894533,107.04000091552734,107.04000091552734,122653500
2026-06-11,113.5199966430664,119.44000244140624,110.51000213623048,116.95999908447266,116.95999908447266,188430300
2026-06-12,117.41999816894533,127.5999984741211,115.33000183105467,124.56999969482422,124.56999969482422,151169400
2026-06-15,129.49000549316406,132.61000061035156,126.66000366210938,127.86000061035156,127.86000061035156,134507500
2026-06-16,125.11000061035156,128.6999969482422,116.0,117.0500030517578,117.0500030517578,132962600
2026-06-17,121.8499984741211,125.1999969482422,118.05999755859376,121.0999984741211,121.0999984741211,115324900
2026-06-18,131.80999755859375,135.47999572753906,127.9000015258789,133.99000549316406,133.99000549316406,233906600
2026-06-22,139.1199951171875,141.4499969482422,136.2100067138672,140.94000244140625,140.94000244140625,127190600
2026-06-23,129.72999572753906,137.97999572753906,128.3000030517578,132.27999877929688,132.27999877929688,132976700
2026-06-24,133.0500030517578,136.0800018310547,127.9499969482422,131.64999389648438,131.64999389648438,104591700
2026-06-25,139.72999572753906,140.72000122070312,125.41000366210938,132.8699951171875,132.8699951171875,122588800
2026-06-26,128.7100067138672,131.22999572753906,125.5,128.32000732421875,128.32000732421875,99475400
2026-06-29,127.0,132.0500030517578,118.5,131.72000122070312,131.72000122070312,106805300
2026-06-30,131.99000549316406,142.35000610351562,131.52000427246094,139.6300048828125,139.6300048828125,116996700
2026-07-01,135.0,135.74000549316406,126.68000030517578,127.0199966430664,127.0199966430664,113107200
2026-07-02,128.9199981689453,130.74000549316406,117.62999725341795,120.3499984741211,120.3499984741211,124577600
2026-07-06,122.56999969482422,127.3000030517578,121.5199966430664,122.1999969482422,122.1999969482422,86950200
2026-07-07,116.3000030517578,116.47000122070312,108.3000030517578,110.38999938964844,110.38999938964844,140405900
2026-07-08,108.3000030517578,110.48999786376952,104.41000366210938,110.23999786376952,110.23999786376952,105488100
2026-07-09,114.87000274658205,116.7699966430664,111.51000213623048,112.54000091552734,112.54000091552734,99352500
2026-07-10,109.58000183105467,110.8499984741211,107.4499969482422,109.83999633789062,109.83999633789062,70846600
2026-07-13,105.9800033569336,106.16999816894533,101.79000091552734,103.12000274658205,103.12000274658205,100988800
2026-07-14,107.9800033569336,109.19000244140624,103.58999633789062,107.76000213623048,107.76000213623048,91129000
2026-07-15,109.3000030517578,109.61000061035156,99.1999969482422,102.98999786376952,102.98999786376952,120625500
2026-07-16,101.13999938964844,101.87999725341795,95.4800033569336,96.9800033569336,96.9800033569336,107742900
2026-07-17,92.13999938964844,98.0500030517578,89.58999633789062,95.04000091552734,95.04000091552734,126779300
2026-07-20,97.58000183105467,100.9800033569336,96.91999816894533,97.05999755859376,97.05999755859376,89741400
2026-07-21,103.19000244140624,106.33999633789062,101.22000122070312,105.4499969482422,105.4499969482422,105429400
2026-07-22,101.5500030517578,106.8499984741211,101.4800033569336,102.62000274658205,102.62000274658205,78431000
2026-07-23,101.13999938964844,104.18000030517578,99.23999786376952,100.2300033569336,100.2300033569336,140806900
2026-07-24,100.36000061035156,101.73999786376952,91.58000183105467,92.31999969482422,92.31999969482422,181132900
2026-07-27,92.45999908447266,94.9800033569336,86.94000244140625,91.66999816894533,91.66999816894533,133247300
2026-07-28,86.62000274658203,88.27999877929688,83.0999984741211,86.30000305175781,86.30000305175781,154346700
2026-07-29,86.56999969482422,88.47000122070312,81.79000091552734,81.87999725341797,81.87999725341797,152394600
2026-07-30,86.51000213623047,94.0999984741211,85.97000122070312,91.12999725341795,91.12999725341795,140322600
2026-07-31,96.72000122070312,97.9000015258789,90.12999725341795,90.1999969482422,90.1999969482422,109039500
2026-08-03,88.4000015258789,91.68000030517578,85.62000274658203,91.0,91.0,96633600
2026-08-04,95.23999786376952,101.38999938964844,94.31999969482422,100.86000061035156,100.86000061035156,124355100
2026-08-05,99.3000030517578,102.83000183105467,97.9000015258789,101.05999755859376,101.05999755859376,85388400
2026-08-06,98.22000122070312,103.37999725341795,95.5999984741211,99.80999755859376,99.80999755859376,78088100
2026-08-07,102.33000183105467,103.66000366210938,98.02999877929688,101.6500015258789,101.6500015258789,76760600
2026-08-10,98.26000213623048,100.02999877929688,96.3000030517578,97.5199966430664,97.5199966430664,101153400
2026-08-11,96.77999877929688,98.3499984741211,95.3499984741211,97.70999908447266,97.70999908447266,164063600
2026-08-12,101.33000183105467,103.16000366210938,100.12000274658205,100.9499969482422,100.9499969482422,162446700
2026-08-13,101.51000213623048,107.56999969482422,100.33000183105467,104.55999755859376,104.55999755859376,116837600
2026-08-14,104.4800033569336,106.87000274658205,102.0500030517578,102.5,102.5,95387500
2026-08-17,103.5500030517578,105.97000122070312,101.8000030517578,103.48999786376952,103.48999786376952,88616800
2026-08-18,99.22000122070312,99.30999755859376,95.25,96.69000244140624,96.69000244140624,121969500
2026-08-19,97.41000366210938,98.1999969482422,91.27999877929688,92.8000030517578,92.8000030517578,110268600
2026-08-20,91.87000274658205,92.68000030517578,89.8499984741211,92.12999725341795,92.12999725341795,85654700
2026-08-21,92.70999908447266,92.7699966430664,89.75,90.06999969482422,90.06999969482422,91670100
2026-08-24,88.86000061035156,88.91000366210938,85.13999938964844,87.26000213623047,87.26000213623047,96903400
2026-08-25,90.05999755859375,90.18000030517578,87.29000091552734,87.4800033569336,87.4800033569336,81853800
2026-08-26,86.80999755859375,88.27999877929688,85.62999725341797,88.23999786376953,88.23999786376953,75752800
2026-08-27,89.91000366210938,92.9499969482422,88.45999908447266,92.08999633789062,92.08999633789062,100556800
2026-08-28,90.2699966430664,93.6999969482422,89.05000305175781,89.47000122070312,89.47000122070312,86172600
2026-08-31,90.0,91.8499984741211,88.97000122070312,89.51000213623047,89.51000213623047,65188200
2026-09-01,86.83999633789062,89.41000366210938,85.72000122070312,88.97000122070312,88.97000122070312,73962100
2026-09-02,88.8499984741211,90.43000030517578,87.5,90.05000305175781,90.05000305175781,61554500
2026-09-03,89.3499984741211,92.37000274658205,87.7249984741211,91.66999816894533,91.66999816894533,76006897
2026-09-04,93.27,94.01,92.52,93.27,93.27,5073083
2026-09-07,91.15,91.88,90.42,91.15,91.15,2355824
2026-09-08,91.49,92.22,90.75,91.49,91.49,3216201
2026-09-09,89.79,90.51,89.08,89.79,89.79,6337908
2026-09-10,90.96,91.68,90.23,90.96,90.96,5832982
2026-09-11,90.26,90.98,89.54,90.26,90.26,5940354
2026-09-14,92.74,93.48,91.99,92.74,92.74,7463333
2026-09-15,91.09,91.82,90.36,91.09,91.09,3918218
2026-09-16,90.93,91.66,90.2,90.93,90.93,12229033
