,Open,High,Low,Close,Adj Close,Volume
2000-01-03,204.05,204.5,203.5,204.0,204.0,7413042
2000-01-04,204.74,205.48,203.59,204.54,204.54,10395908
2000-01-05,209.84,210.57,208.36,209.47,209.47,3330224
2000-01-06,212.24,213.18,210.17,211.68,211.68,8015789
2000-01-07,213.62,215.42,211.38,213.4,213.4,3260460
2000-01-10,208.11,210.75,206.21,208.48,208.48,10010884
2000-01-11,206.28,208.85,205.29,207.07,207.07,2949051
2000-01-12,204.24,204.51,203.77,204.14,204.14,5763887
2000-01-13,206.5,207.54,204.94,206.24,206.24,5469397
2000-01-14,206.27,208.23,203.99,206.11,206.11,6170809
2000-01-17,208.36,210.48,205.5,207.99,207.99,3969165
2000-01-18,208.28,211.58,207.09,209.33,209.33,3857815
2000-01-19,207.52,210.52,205.8,208.16,208.16,9947733
2000-01-20,210.38,211.25,207.68,209.46,209.46,5705207
2000-01-21,211.19,211.85,209.66,210.75,210.75,7989427
2000-01-24,213.09,213.89,210.9,212.39,212.39,9792479
2000-01-25,212.84,215.56,210.85,213.2,213.2,6909409
2000-01-26,209.5,211.75,208.32,210.04,210.04,4406284
2000-01-27,211.84,214.59,209.66,212.12,212.12,6302968
2000-01-28,215.47,216.38,212.86,214.62,214.62,7116415
2000-01-31,216.81,218.69,215.67,217.18,217.18,6780994
2000-02-01,215.85,217.06,213.32,215.19,215.19,3561602
2000-02-02,213.91,217.99,212.24,215.11,215.11,9610245
2000-02-03,208.09,209.47,207.36,208.42,208.42,5364302
2000-02-04,206.51,209.98,205.22,207.6,207.6,5364716
2000-02-07,210.98,212.13,207.58,209.86,209.86,3841785
2000-02-08,212.62,214.42,210.87,212.64,212.64,7798536
2000-02-09,210.57,211.33,210.21,210.77,210.77,4051212
2000-02-10,206.59,207.13,205.43,206.28,206.28,2170341
2000-02-11,203.46,205.19,202.92,204.05,204.05,2444179
2000-02-14,205.65,206.9,203.02,204.96,204.96,3640289
2000-02-15,204.05,204.76,202.42,203.59,203.59,9107552
2000-02-16,206.12,207.99,204.17,206.08,206.08,6031723
2000-02-17,207.61,208.3,205.26,206.78,206.78,3790463
2000-02-18,207.87,209.02,204.9,206.96,206.96,4786611
2000-02-21,207.41,207.77,206.22,207.0,207.0,5900823
2000-02-22,206.25,207.52,203.7,205.61,205.61,6954743
2000-02-23,204.9,206.12,201.56,203.84,203.84,4604952
2000-02-24,197.76,199.08,196.15,197.61,197.61,7520399
2000-02-25,196.36,197.5,194.95,196.22,196.22,4944726
2000-02-28,199.55,202.29,198.27,200.28,200.28,6544281
2000-02-29,198.75,200.3,197.12,198.71,198.71,5606215
2000-03-01,200.86,202.44,199.26,200.85,200.85,2185658
2000-03-02,197.88,199.32,197.04,198.18,198.18,4901047
2000-03-03,201.19,203.76,200.1,201.93,201.93,4277073
2000-03-06,197.22,198.21,193.85,196.03,196.03,8286628
2000-03-07,193.79,194.32,192.03,193.18,193.18,5223693
2000-03-08,196.28,196.68,195.2,195.94,195.94,5694713
2000-03-09,193.5,194.32,192.47,193.4,193.4,3324277
2000-03-10,194.73,195.08,194.51,194.8,194.8,6290641
2000-03-13,192.12,196.68,190.67,193.67,193.67,6345894
2000-03-14,194.74,195.31,193.69,194.5,194.5,4615276
2000-03-15,193.98,195.87,192.79,194.33,194.33,5499542
2000-03-16,191.87,192.52,190.38,191.45,191.45,3185225
2000-03-17,187.51,189.41,186.28,187.84,187.84,6786033
2000-03-20,186.64,188.03,185.44,186.73,186.73,6617868
2000-03-21,186.59,188.48,184.95,186.71,186.71,7491556
2000-03-22,186.07,188.03,183.99,186.01,186.01,7087841
2000-03-23,188.6,190.48,185.97,188.22,188.22,3435128
2000-03-24,183.2,183.97,182.9,183.44,183.44,7114783
2000-03-27,180.72,181.66,179.16,180.41,180.41,5085608
2000-03-28,179.16,180.24,178.88,179.56,179.56,3120437
2000-03-29,183.19,184.26,180.87,182.57,182.57,6696193
2000-03-30,178.83,180.72,178.05,179.39,179.39,1799752
2000-03-31,178.99,179.85,178.12,178.99,178.99,5265130
2000-04-03,176.84,179.41,175.45,177.43,177.43,2851619
2000-04-04,172.55,172.98,172.15,172.57,172.57,4572528
2000-04-05,173.88,175.58,173.25,174.42,174.42,4837352
2000-04-06,171.63,173.17,170.95,172.06,172.06,6133811
2000-04-07,175.2,175.96,172.72,174.34,174.34,5463336
2000-04-10,169.37,171.71,168.6,170.16,170.16,3121131
2000-04-11,172.22,175.13,171.3,173.21,173.21,6712914
2000-04-12,177.02,178.42,176.31,177.36,177.36,4790735
2000-04-13,179.86,182.02,178.75,180.39,180.39,9417470
2000-04-14,178.93,180.71,177.27,178.99,178.99,6588448
2000-04-17,173.9,176.1,172.82,174.46,174.46,11818699
2000-04-18,174.93,177.72,174.11,175.92,175.92,6310556
2000-04-19,174.22,176.31,173.54,174.92,174.92,4028600
2000-04-20,173.95,176.69,172.4,174.54,174.54,9266191
2000-04-21,178.36,179.71,176.86,178.29,178.29,5860230
2000-04-24,180.49,182.24,179.17,180.71,180.71,6114114
2000-04-25,179.9,181.94,179.31,180.62,180.62,6448143
2000-04-26,179.56,181.15,176.99,179.07,179.07,2106670
2000-04-27,180.11,180.43,179.95,180.19,180.19,8160667
2000-04-28,183.05,184.53,180.71,182.62,182.62,3952194
2000-05-01,183.2,183.99,181.59,182.79,182.79,2782902
2000-05-02,183.55,185.43,182.26,183.85,183.85,7376691
2000-05-03,186.17,186.74,185.2,185.97,185.97,4448923
2000-05-04,185.12,186.98,184.63,185.81,185.81,5256923
2000-05-05,187.22,188.92,186.54,187.73,187.73,7563382
2000-05-08,190.22,191.09,188.11,189.6,189.6,2041854
2000-05-09,188.68,191.41,186.57,188.99,188.99,2940544
2000-05-10,186.4,187.07,183.9,185.48,185.48,5852478
2000-05-11,185.38,188.28,184.28,186.28,186.28,6005757
2000-05-12,187.51,189.04,185.76,187.4,187.4,4233828
2000-05-15,185.44,187.1,183.11,185.1,185.1,5706364
2000-05-16,190.17,191.3,188.7,190.0,190.0,4209973
2000-05-17,192.29,193.28,191.35,192.31,192.31,8144539
2000-05-18,190.71,192.27,188.38,190.33,190.33,2047823
2000-05-19,191.45,193.12,188.86,190.99,190.99,6822720
2000-05-22,189.13,191.09,187.19,189.14,189.14,7610159
2000-05-23,189.3,192.05,187.95,190.0,190.0,6736501
2000-05-24,193.34,195.16,192.75,193.96,193.96,4707674
2000-05-25,192.17,193.83,190.66,192.25,192.25,4489588
2000-05-26,198.79,201.32,197.64,199.48,199.48,2954189
2000-05-29,198.2,199.43,197.38,198.4,198.4,7246902
2000-05-30,199.87,201.98,199.13,200.55,200.55,7970313
2000-05-31,205.01,206.18,201.69,203.94,203.94,2887725
2000-06-01,205.17,206.34,202.42,204.38,204.38,4525716
2000-06-02,202.39,205.23,201.36,203.29,203.29,5342636
2000-06-05,206.43,207.87,203.88,205.88,205.88,5980999
2000-06-06,202.85,204.97,201.99,203.48,203.48,7550417
2000-06-07,201.17,203.93,200.23,202.08,202.08,6837494
2000-06-08,200.95,203.22,199.57,201.39,201.39,2896541
2000-06-09,198.04,200.7,196.74,198.72,198.72,6053632
2000-06-12,198.2,199.33,197.59,198.46,198.46,5782618
2000-06-13,195.88,196.77,193.68,195.22,195.22,6370964
2000-06-14,191.54,194.17,190.75,192.46,192.46,2635673
2000-06-15,191.59,192.53,190.59,191.56,191.56,6790480
2000-06-16,191.99,193.15,189.27,191.21,191.21,7391044
2000-06-19,185.79,187.32,185.22,186.27,186.27,6460056
2000-06-20,186.55,189.19,184.99,187.09,187.09,10116733
2000-06-21,182.75,184.73,182.12,183.42,183.42,3624255
2000-06-22,189.22,189.79,188.63,189.21,189.21,7090692
2000-06-23,190.81,192.72,188.6,190.66,190.66,6063906
2000-06-26,189.15,192.13,188.27,190.2,190.2,8062035
2000-06-27,188.73,189.6,187.95,188.78,188.78,2598821
2000-06-28,191.28,192.17,188.76,190.47,190.47,16053914
2000-06-29,189.11,190.85,188.55,189.7,189.7,5335326
2000-06-30,192.35,194.01,191.01,192.51,192.51,3265169
2000-07-03,189.36,191.59,188.15,189.87,189.87,5658344
2000-07-04,194.63,197.13,193.86,195.49,195.49,6275508
2000-07-05,193.44,195.95,192.65,194.3,194.3,11628214
2000-07-06,191.1,191.45,190.94,191.2,191.2,3192981
2000-07-07,189.28,191.05,188.82,189.93,189.93,6049384
2000-07-10,191.34,192.44,188.63,190.53,190.53,1860920
2000-07-11,187.6,189.01,184.7,186.85,186.85,8217572
2000-07-12,185.95,186.85,184.23,185.54,185.54,5121296
2000-07-13,183.16,184.56,180.94,182.75,182.75,3331784
2000-07-14,180.89,182.07,178.8,180.43,180.43,4845728
2000-07-17,178.82,179.72,177.81,178.76,178.76,4156242
2000-07-18,179.75,180.79,176.9,178.84,178.84,6299198
2000-07-19,178.75,179.66,176.29,177.98,177.98,4048972
2000-07-20,180.27,181.52,179.04,180.28,180.28,3848039
2000-07-21,181.33,182.08,180.87,181.48,181.48,7241080
2000-07-24,183.54,184.89,182.83,183.86,183.86,6717516
2000-07-25,183.74,184.46,181.55,183.01,183.01,6458137
2000-07-26,175.26,176.55,174.41,175.48,175.48,4203437
2000-07-27,176.17,176.58,175.26,175.92,175.92,3839927
2000-07-28,176.36,177.23,174.52,175.88,175.88,3424360
2000-07-31,177.43,177.71,176.74,177.22,177.22,6620613
2000-08-01,178.44,179.39,176.57,177.98,177.98,3101855
2000-08-02,171.06,172.49,168.79,170.64,170.64,4865813
2000-08-03,175.36,176.72,173.93,175.32,175.32,7186030
2000-08-04,176.57,178.39,174.77,176.58,176.58,3953783
2000-08-07,171.53,173.95,169.9,171.93,171.93,3745237
2000-08-08,176.62,177.56,174.87,176.21,176.21,7660540
2000-08-09,173.11,174.8,171.99,173.39,173.39,3870709
2000-08-10,168.8,171.08,167.67,169.38,169.38,5035841
2000-08-11,174.12,175.99,172.94,174.47,174.47,5907092
2000-08-14,173.16,174.13,170.39,172.26,172.26,5963696
2000-08-15,174.71,176.02,173.01,174.51,174.51,7294907
2000-08-16,170.48,171.82,169.2,170.51,170.51,5096499
2000-08-17,167.16,168.64,166.42,167.53,167.53,3315768
2000-08-18,167.1,169.01,166.54,167.78,167.78,2665122
2000-08-21,169.72,170.89,168.46,169.67,169.67,2535057
2000-08-22,168.12,170.54,166.6,168.57,168.57,5825547
2000-08-23,172.59,173.76,170.5,172.13,172.13,4781047
2000-08-24,174.4,174.99,173.33,174.16,174.16,3730637
2000-08-25,173.22,174.97,171.78,173.37,173.37,6029575
2000-08-28,178.01,179.02,176.91,177.96,177.96,6374006
2000-08-29,178.33,179.29,177.46,178.38,178.38,3993933
2000-08-30,176.36,178.28,175.03,176.65,176.65,7580328
2000-08-31,182.25,183.36,181.2,182.28,182.28,10409854
2000-09-01,179.68,180.08,179.15,179.61,179.61,5152690
2000-09-04,185.43,186.75,182.78,184.77,184.77,9945183
2000-09-05,180.88,182.05,178.45,180.25,180.25,7329977
2000-09-06,183.82,186.86,180.91,183.89,183.89,4765989
2000-09-07,182.61,183.73,182.31,183.02,183.02,1838969
2000-09-08,184.97,185.75,182.65,184.2,184.2,5899126
2000-09-11,181.93,182.28,181.65,181.96,181.96,6320942
2000-09-12,185.94,186.81,183.62,185.22,185.22,7088447
2000-09-13,186.18,187.21,183.73,185.47,185.47,11081671
2000-09-14,189.52,191.08,188.25,189.67,189.67,4818949
2000-09-15,187.38,189.9,185.91,187.91,187.91,10836773
2000-09-18,183.23,185.67,182.07,183.87,183.87,7845082
2000-09-19,187.95,190.56,185.41,187.99,187.99,7541160
2000-09-20,184.37,187.02,183.08,185.05,185.05,3670123
2000-09-21,181.52,183.53,178.84,181.19,181.19,8031382
2000-09-22,177.83,179.65,177.0,178.33,178.33,6139599
2000-09-25,179.54,180.26,176.92,178.59,178.59,13894551
2000-09-26,176.95,179.28,176.1,177.69,177.69,7608420
2000-09-27,179.99,181.14,178.23,179.69,179.69,5171177
2000-09-28,175.03,177.03,173.79,175.41,175.41,4925630
2000-09-29,174.5,176.75,173.55,175.15,175.15,3851145
2000-10-02,172.69,173.83,171.61,172.72,172.72,3663839
2000-10-03,170.59,171.41,170.17,170.79,170.79,3251105
2000-10-04,170.18,171.23,168.15,169.69,169.69,4942154
2000-10-05,172.95,173.27,172.58,172.92,172.92,2542318
2000-10-06,170.17,171.71,167.95,169.83,169.83,5267678
2000-10-09,170.12,170.96,168.53,169.75,169.75,9448773
2000-10-10,173.8,174.21,172.98,173.59,173.59,3937458
2000-10-11,171.66,174.26,170.63,172.44,172.44,9766587
2000-10-12,172.22,173.18,170.4,171.79,171.79,6329968
2000-10-13,173.22,174.76,170.89,172.82,172.82,10760717
2000-10-16,171.5,172.73,171.0,171.86,171.86,7096428
2000-10-17,173.84,174.6,172.62,173.61,173.61,3805190
2000-10-18,172.51,173.3,169.68,171.49,171.49,5892346
2000-10-19,167.93,168.93,166.93,167.93,167.93,8900921
2000-10-20,163.16,164.94,161.93,163.44,163.44,7827486
2000-10-23,161.07,161.33,160.51,160.92,160.92,4851654
2000-10-24,159.79,160.74,158.22,159.48,159.48,6935281
2000-10-25,160.95,162.49,160.06,161.27,161.27,9378414
2000-10-26,160.98,161.83,158.67,160.25,160.25,2411522
2000-10-27,162.54,165.07,161.46,163.26,163.26,5709658
2000-10-30,160.0,160.98,159.46,160.22,160.22,2846700
2000-10-31,159.85,161.46,159.02,160.24,160.24,6987770
2000-11-01,159.67,160.99,157.79,159.39,159.39,3051610
2000-11-02,163.0,163.76,161.61,162.69,162.69,6109427
2000-11-03,162.62,164.27,160.25,162.26,162.26,6812205
2000-11-06,164.57,166.56,163.88,165.22,165.22,1982505
2000-11-07,164.75,165.39,162.26,163.82,163.82,5762034
2000-11-08,163.52,164.6,162.86,163.73,163.73,8003201
2000-11-09,163.01,164.5,161.88,163.19,163.19,8791262
2000-11-10,162.86,164.12,162.0,163.06,163.06,4306431
2000-11-13,161.92,163.62,161.36,162.49,162.49,5021508
2000-11-14,159.14,160.91,158.48,159.69,159.69,3860529
2000-11-15,159.48,159.85,159.17,159.51,159.51,4573178
2000-11-16,153.8,155.18,152.81,154.0,154.0,1957018
2000-11-17,156.61,159.65,155.16,157.41,157.41,2106496
2000-11-20,152.5,153.84,150.24,152.04,152.04,17023267
2000-11-21,150.94,152.52,150.19,151.36,151.36,9396560
2000-11-22,150.13,152.06,149.57,150.81,150.81,5498826
2000-11-23,154.75,155.3,153.28,154.29,154.29,2146115
2000-11-24,159.38,159.53,159.07,159.3,159.3,8396694
2000-11-27,162.97,164.32,161.1,162.71,162.71,7662298
2000-11-28,158.36,160.58,156.51,158.55,158.55,7328818
2000-11-29,160.6,161.06,159.26,160.16,160.16,3050758
2000-11-30,154.77,155.69,154.2,154.95,154.95,4525463
2000-12-01,156.57,157.95,155.43,156.69,156.69,6223808
2000-12-04,152.88,154.03,151.43,152.73,152.73,2434335
2000-12-05,148.53,149.24,146.93,148.09,148.09,7816249
2000-12-06,149.87,151.46,149.07,150.26,150.26,6591494
2000-12-07,148.9,150.72,147.99,149.35,149.35,4924105
2000-12-08,147.31,149.11,146.59,147.85,147.85,8901516
2000-12-11,145.18,147.86,144.09,145.97,145.97,4649954
2000-12-12,145.58,147.32,144.87,146.09,146.09,2874474
2000-12-13,145.51,146.59,144.89,145.74,145.74,5563612
2000-12-14,145.15,145.48,144.9,145.19,145.19,6638131
2000-12-15,145.14,147.36,144.45,145.9,145.9,5496156
2000-12-18,146.9,147.39,146.63,147.01,147.01,6289926
2000-12-19,148.71,149.74,146.85,148.29,148.29,10158555
2000-12-20,145.9,146.7,145.38,146.04,146.04,6349484
2000-12-21,146.48,147.74,145.42,146.58,146.58,5473057
2000-12-22,146.99,148.2,144.84,146.52,146.52,9066377
2000-12-25,144.7,145.23,142.83,144.03,144.03,4052133
2000-12-26,144.91,145.65,144.42,145.04,145.04,6022994
2000-12-27,145.61,146.93,144.15,145.54,145.54,7509579
2000-12-28,144.86,145.13,144.37,144.75,144.75,10542541
2000-12-29,143.41,145.01,142.91,143.96,143.96,5789869
2001-01-01,145.02,146.85,144.46,145.65,145.65,11158158
2001-01-02,142.33,144.82,141.5,143.16,143.16,4452389
2001-01-03,141.49,142.85,140.92,141.88,141.88,6630298
2001-01-04,143.04,143.39,141.74,142.56,142.56,4841314
2001-01-05,139.99,141.28,138.65,139.96,139.96,4304998
2001-01-08,141.37,141.91,140.92,141.41,141.41,6674181
2001-01-09,142.8,144.24,141.35,142.79,142.79,13811418
2001-01-10,138.85,140.28,137.38,138.83,138.83,6487361
2001-01-11,142.07,143.18,141.62,142.4,142.4,6756331
2001-01-12,140.69,141.63,140.45,141.04,141.04,5670699
2001-01-15,137.09,138.01,136.78,137.39,137.39,4478803
2001-01-16,138.0,138.3,136.89,137.59,137.59,10476831
2001-01-17,138.77,140.43,138.06,139.24,139.24,3178005
2001-01-18,139.0,140.36,138.24,139.3,139.3,5087171
2001-01-19,137.44,139.23,136.97,138.1,138.1,3617117
2001-01-22,138.05,140.0,137.46,138.73,138.73,11231411
2001-01-23,144.8,145.23,143.82,144.53,144.53,8209197
2001-01-24,146.0,146.66,143.75,145.21,145.21,4087631
2001-01-25,146.85,148.18,144.46,146.32,146.32,10959290
2001-01-26,143.51,144.49,141.58,143.04,143.04,4255193
2001-01-29,140.86,142.2,138.76,140.48,140.48,6106072
2001-01-30,138.78,139.28,137.76,138.52,138.52,4799207
2001-01-31,141.3,142.26,140.86,141.56,141.56,5569317
2001-02-01,141.27,142.82,140.86,141.84,141.84,3662010
2001-02-02,137.25,139.59,136.49,138.04,138.04,9187407
2001-02-05,140.22,141.87,139.64,140.76,140.76,8785437
2001-02-06,143.68,144.78,143.3,144.04,144.04,8116269
2001-02-07,141.92,144.78,140.95,142.86,142.86,8678724
2001-02-08,141.74,142.89,139.76,141.33,141.33,5480892
2001-02-09,143.28,145.06,142.73,143.89,143.89,2152528
2001-02-12,143.6,143.98,142.54,143.26,143.26,10252691
2001-02-13,142.28,143.75,140.61,142.18,142.18,10013012
2001-02-14,141.29,143.51,139.75,141.63,141.63,5328227
2001-02-15,140.43,142.31,139.18,140.74,140.74,8657282
2001-02-16,140.56,141.55,139.2,140.38,140.38,8657418
2001-02-19,137.09,139.76,136.2,137.98,137.98,6670932
2001-02-20,135.29,136.22,134.66,135.44,135.44,4315846
2001-02-21,132.91,133.64,132.62,133.13,133.13,8861511
2001-02-22,135.15,135.55,134.73,135.14,135.14,4168014
2001-02-23,141.61,142.08,139.91,140.99,140.99,4458525
2001-02-26,137.34,139.19,136.39,137.79,137.79,8492590
2001-02-27,141.61,142.74,140.3,141.52,141.52,5238088
2001-02-28,140.27,141.11,139.23,140.17,140.17,3033672
2001-03-01,139.26,139.91,138.21,139.06,139.06,14496537
2001-03-02,142.63,143.45,141.97,142.71,142.71,7265435
2001-03-05,143.83,146.04,142.49,144.27,144.27,5352994
2001-03-06,146.63,148.58,146.05,147.31,147.31,4953945
2001-03-07,150.58,151.19,148.48,149.83,149.83,2978358
2001-03-08,146.47,147.45,145.0,146.23,146.23,10569613
2001-03-09,145.27,146.16,144.03,145.09,145.09,12343843
2001-03-12,145.27,146.93,144.04,145.49,145.49,5225688
2001-03-13,146.63,148.42,145.06,146.74,146.74,4770863
2001-03-14,152.65,154.25,151.83,153.04,153.04,6213312
2001-03-15,152.15,153.14,151.51,152.32,152.32,5309739
2001-03-16,150.12,150.45,149.75,150.1,150.1,6910329
2001-03-19,148.47,149.68,147.68,148.68,148.68,6572246
2001-03-20,147.07,147.85,145.1,146.47,146.47,5144298
2001-03-21,149.55,150.3,146.8,148.55,148.55,6417891
2001-03-22,150.57,151.67,149.88,150.77,150.77,4606311
2001-03-23,154.3,156.11,153.26,154.69,154.69,11675324
2001-03-26,153.8,154.31,152.21,153.26,153.26,5257998
2001-03-27,154.89,155.89,151.76,153.83,153.83,5787104
2001-03-28,150.31,151.74,148.22,149.98,149.98,4051324
2001-03-29,149.48,150.86,149.03,149.95,149.95,7335860
2001-03-30,150.11,151.28,149.25,150.26,150.26,4393809
2001-04-02,147.79,148.72,147.4,148.06,148.06,5022563
2001-04-03,147.87,149.35,147.24,148.3,148.3,4619897
2001-04-04,148.08,148.66,147.52,148.09,148.09,3034022
2001-04-05,146.62,147.04,145.23,146.14,146.14,5282689
2001-04-06,147.45,148.52,147.18,147.85,147.85,3060588
2001-04-09,149.93,151.82,147.7,149.76,149.76,5798634
2001-04-10,147.7,150.41,146.72,148.57,148.57,8674428
2001-04-11,151.12,153.45,150.22,151.83,151.83,4263441
2001-04-12,151.61,152.04,150.33,151.19,151.19,6758379
2001-04-13,152.46,153.01,152.04,152.53,152.53,6040291
2001-04-16,155.42,157.01,154.22,155.61,155.61,9212714
2001-04-17,153.39,154.14,152.68,153.41,153.41,7579370
2001-04-18,154.54,156.14,153.85,154.99,154.99,3095034
2001-04-19,157.93,158.59,155.85,157.22,157.22,5935915
2001-04-20,156.17,156.63,154.9,155.77,155.77,4467710
2001-04-23,156.01,156.66,155.67,156.17,156.17,3410446
2001-04-24,156.57,157.05,154.87,155.96,155.96,6950095
2001-04-25,155.01,155.47,153.21,154.34,154.34,2890297
2001-04-26,156.85,158.89,155.19,157.04,157.04,4337585
2001-04-27,152.61,154.25,151.6,152.93,152.93,5758162
2001-04-30,151.13,152.02,150.0,151.01,151.01,5722478
2001-05-01,147.74,148.94,146.69,147.82,147.82,9322222
2001-05-02,148.91,150.77,147.7,149.24,149.24,8479865
2001-05-03,148.54,150.17,147.42,148.8,148.8,6841420
2001-05-04,148.82,149.64,148.23,148.94,148.94,6075744
2001-05-07,144.14,144.85,143.18,144.01,144.01,2400627
2001-05-08,141.74,142.31,140.76,141.53,141.53,4719059
2001-05-09,144.34,145.8,142.76,144.28,144.28,3792554
2001-05-10,144.22,146.01,143.57,144.79,144.79,8562103
2001-05-11,146.05,147.63,145.54,146.58,146.58,5851668
2001-05-14,140.15,141.68,139.24,140.46,140.46,3710979
2001-05-15,135.16,136.8,133.65,135.23,135.23,5896595
2001-05-16,133.43,134.15,132.84,133.49,133.49,5973577
2001-05-17,132.93,134.65,131.67,133.16,133.16,6655437
2001-05-18,133.56,134.18,132.48,133.33,133.33,4813395
2001-05-21,130.38,131.66,128.67,130.17,130.17,6627376
2001-05-22,128.26,129.95,127.72,128.83,128.83,1984978
2001-05-23,130.98,131.72,129.85,130.79,130.79,3681907
2001-05-24,131.4,132.42,130.47,131.44,131.44,5981089
2001-05-25,132.63,133.12,132.05,132.59,132.59,3394005
2001-05-28,131.22,132.52,130.64,131.58,131.58,2946920
2001-05-29,133.16,133.64,132.71,133.17,133.17,5282783
2001-05-30,135.68,136.98,134.76,135.87,135.87,6210679
2001-05-31,136.44,138.18,135.37,136.78,136.78,4927774
2001-06-01,134.46,134.74,134.01,134.37,134.37,6041257
2001-06-04,136.14,136.84,135.27,136.06,136.06,13251478
2001-06-05,131.65,133.14,131.17,132.15,132.15,8799035
2001-06-06,132.73,133.22,131.14,132.18,132.18,3768077
2001-06-07,133.67,135.35,132.97,134.16,134.16,5156007
2001-06-08,131.43,133.54,130.73,132.14,132.14,5319626
2001-06-11,129.39,131.17,128.33,129.75,129.75,5058859
2001-06-12,133.84,134.36,132.59,133.48,133.48,5091036
2001-06-13,132.39,133.48,132.03,132.75,132.75,3979279
2001-06-14,135.65,136.45,134.76,135.61,135.61,4483760
2001-06-15,133.08,133.95,132.08,133.01,133.01,5029852
2001-06-18,138.18,139.03,136.54,137.79,137.79,10028123
2001-06-19,135.62,136.67,134.96,135.81,135.81,8428928
2001-06-20,132.9,134.74,131.99,133.37,133.37,3228200
2001-06-21,131.17,132.1,130.91,131.5,131.5,4810217
2001-06-22,130.05,132.86,129.23,131.05,131.05,7743520
2001-06-25,130.58,132.04,130.06,131.05,131.05,4169162
2001-06-26,131.65,132.75,131.26,132.01,132.01,9432254
2001-06-27,131.03,132.34,130.64,131.49,131.49,4686618
2001-06-28,132.43,134.41,130.87,132.64,132.64,6208417
2001-06-29,131.53,132.49,130.6,131.54,131.54,8198217
2001-07-02,131.02,131.79,130.3,131.04,131.04,6507524
2001-07-03,130.52,131.88,129.88,130.88,130.88,6916400
2001-07-04,133.79,135.33,133.0,134.16,134.16,3557983
2001-07-05,132.79,133.99,131.93,132.96,132.96,2279599
2001-07-06,138.06,138.48,137.62,138.05,138.05,3726905
2001-07-09,139.76,141.07,137.94,139.51,139.51,7600637
2001-07-10,140.59,141.57,139.76,140.66,140.66,5710800
2001-07-11,141.71,141.96,140.86,141.41,141.41,3654292
2001-07-12,142.24,144.45,140.97,142.71,142.71,7633637
2001-07-13,147.63,148.23,145.57,146.9,146.9,7021678
2001-07-16,148.36,148.99,147.36,148.17,148.17,4651373
2001-07-17,150.08,151.54,148.98,150.26,150.26,4825842
2001-07-18,150.82,151.79,149.62,150.71,150.71,5578402
2001-07-19,150.17,150.6,148.94,149.77,149.77,13047451
2001-07-20,152.93,153.45,151.59,152.52,152.52,10864281
2001-07-23,148.19,149.15,146.76,147.95,147.95,4569779
2001-07-24,148.13,150.39,147.38,148.88,148.88,6728690
2001-07-25,150.99,152.69,149.43,151.06,151.06,10692244
2001-07-26,154.42,155.26,153.12,154.19,154.19,5681436
2001-07-27,151.46,152.2,148.69,150.45,150.45,7345279
2001-07-30,149.77,150.32,148.32,149.32,149.32,4559692
2001-07-31,148.65,150.22,148.03,149.12,149.12,6387309
2001-08-01,146.9,148.04,146.03,147.04,147.04,6582245
2001-08-02,149.63,150.65,148.18,149.41,149.41,4307897
2001-08-03,149.29,149.73,148.25,148.99,148.99,13016673
2001-08-06,151.44,152.49,148.72,150.6,150.6,6382935
2001-08-07,150.69,152.04,150.04,151.04,151.04,3885670
2001-08-08,149.96,151.39,149.54,150.47,150.47,2657794
2001-08-09,147.52,148.24,146.07,147.16,147.16,2024297
2001-08-10,146.68,147.46,144.59,146.03,146.03,4041084
2001-08-13,145.71,147.56,145.11,146.33,146.33,12154690
2001-08-14,146.45,147.64,145.71,146.67,146.67,18395432
2001-08-15,149.6,150.6,147.59,149.1,149.1,4953442
2001-08-16,152.2,153.91,149.87,151.89,151.89,3682860
2001-08-17,155.8,157.75,154.61,156.18,156.18,6076665
2001-08-20,155.31,157.41,153.41,155.41,155.41,5162154
2001-08-21,155.27,156.51,152.93,154.72,154.72,4932253
2001-08-22,157.35,158.36,154.37,156.36,156.36,14251209
2001-08-23,160.87,162.36,159.76,161.06,161.06,7660161
2001-08-24,162.36,163.07,160.38,161.72,161.72,5894803
2001-08-27,163.89,165.18,161.01,163.1,163.1,4661736
2001-08-28,169.19,170.19,168.18,169.18,169.18,8110370
2001-08-29,163.22,165.25,161.43,163.34,163.34,4219487
2001-08-30,163.97,165.01,161.8,163.41,163.41,6451130
2001-08-31,163.01,164.0,162.48,163.24,163.24,9875152
2001-09-03,164.5,165.32,162.5,163.91,163.91,2813487
2001-09-04,163.42,164.56,161.03,162.79,162.79,6959561
2001-09-05,164.06,165.13,162.3,163.71,163.71,6777169
2001-09-06,166.42,166.93,164.52,165.72,165.72,10901560
2001-09-07,169.16,170.12,168.55,169.33,169.33,3782109
2001-09-10,169.36,171.02,168.51,169.77,169.77,5914157
2001-09-11,170.78,173.53,169.88,171.71,171.71,5500501
2001-09-12,172.34,175.68,171.44,173.56,173.56,6091828
2001-09-13,174.92,175.66,173.43,174.54,174.54,4823500
2001-09-14,176.51,178.45,174.36,176.41,176.41,8339165
2001-09-17,175.99,176.58,174.56,175.57,175.57,5320880
2001-09-18,176.81,178.63,174.9,176.77,176.77,7395087
2001-09-19,172.92,173.6,171.03,172.31,172.31,6938270
2001-09-20,167.83,170.06,166.81,168.44,168.44,4802608
2001-09-21,168.42,168.93,168.03,168.48,168.48,4781566
2001-09-24,169.05,171.95,167.72,169.83,169.83,4171263
2001-09-25,168.57,169.46,167.42,168.44,168.44,6681659
2001-09-26,168.12,168.99,167.1,168.04,168.04,6942039
2001-09-27,170.39,171.04,168.51,169.78,169.78,12082161
2001-09-28,171.68,173.09,170.16,171.63,171.63,10764309
2001-10-01,173.4,174.08,171.16,172.62,172.62,7029482
2001-10-02,171.52,173.06,169.0,171.03,171.03,5488978
2001-10-03,169.45,170.43,167.37,168.9,168.9,10351481
2001-10-04,169.73,171.08,168.66,169.87,169.87,7467212
2001-10-05,163.24,164.59,162.42,163.5,163.5,5552276
2001-10-08,167.46,169.92,166.6,168.26,168.26,4535834
2001-10-09,167.71,169.47,166.46,167.96,167.96,8437839
2001-10-10,168.15,169.15,166.07,167.61,167.61,4204751
2001-10-11,168.4,169.82,166.29,168.06,168.06,5280365
2001-10-12,169.61,171.03,168.24,169.63,169.63,5635433
2001-10-15,170.15,170.94,169.19,170.06,170.06,6452790
2001-10-16,168.85,170.76,167.66,169.21,169.21,5002388
2001-10-17,167.05,168.27,166.17,167.22,167.22,3910963
2001-10-18,169.6,170.5,168.2,169.35,169.35,5334435
2001-10-19,167.82,169.06,165.19,167.12,167.12,4402954
2001-10-22,165.58,166.15,164.11,165.13,165.13,5199260
2001-10-23,165.03,167.34,163.3,165.32,165.32,10111704
2001-10-24,163.52,164.54,163.2,163.87,163.87,4406786
2001-10-25,165.29,166.63,162.76,164.7,164.7,4004833
2001-10-26,165.52,166.44,164.57,165.5,165.5,6420767
2001-10-29,165.55,166.22,165.31,165.76,165.76,6825061
2001-10-30,162.86,164.45,161.69,163.07,163.07,9001703
2001-10-31,164.71,166.08,162.17,164.12,164.12,3028907
2001-11-01,157.36,159.52,156.46,157.99,157.99,7229775
2001-11-02,155.97,156.16,155.67,155.91,155.91,5391806
2001-11-05,152.1,153.53,150.23,151.88,151.88,4219635
2001-11-06,151.64,152.35,150.07,151.21,151.21,4097175
2001-11-07,150.23,152.11,149.49,150.8,150.8,4152044
2001-11-08,156.0,156.45,154.66,155.56,155.56,8622112
2001-11-09,153.29,155.39,152.4,153.9,153.9,4680389
2001-11-12,151.51,152.7,150.16,151.43,151.43,4256889
2001-11-13,151.26,153.09,150.39,151.74,151.74,3439947
2001-11-14,149.87,151.58,149.35,150.47,150.47,6896430
2001-11-15,149.48,150.85,148.12,149.49,149.49,4572389
2001-11-16,149.22,151.01,148.49,149.75,149.75,3389629
2001-11-19,151.03,152.15,150.68,151.42,151.42,4526034
2001-11-20,153.7,154.52,152.94,153.73,153.73,6067297
2001-11-21,151.88,153.48,150.32,151.9,151.9,3735406
2001-11-22,151.79,152.42,150.73,151.57,151.57,8635478
2001-11-23,152.47,153.4,150.99,152.2,152.2,3744591
2001-11-26,147.33,148.89,146.78,147.83,147.83,13112536
2001-11-27,144.55,145.16,143.65,144.41,144.41,8598055
2001-11-28,146.32,147.4,146.05,146.73,146.73,3551448
2001-11-29,143.54,145.18,142.25,143.72,143.72,6734719
2001-11-30,143.93,144.6,143.06,143.83,143.83,5220006
2001-12-03,145.34,147.07,144.39,145.73,145.73,5564047
2001-12-04,145.37,146.29,144.49,145.39,145.39,4303603
2001-12-05,144.69,145.38,143.35,144.36,144.36,6567117
2001-12-06,140.56,142.21,139.59,140.9,140.9,2788673
2001-12-07,141.37,143.55,140.4,141.98,141.98,5227123
2001-12-10,140.67,140.9,140.13,140.51,140.51,4371218
2001-12-11,140.27,140.82,138.21,139.51,139.51,2924752
2001-12-12,141.88,142.71,140.67,141.69,141.69,5384117
2001-12-13,139.35,140.37,138.58,139.47,139.47,5276919
2001-12-14,142.63,144.28,141.01,142.65,142.65,5538161
2001-12-17,139.45,140.11,138.53,139.32,139.32,8118206
2001-12-18,144.63,145.73,143.38,144.55,144.55,2573608
2001-12-19,144.21,145.27,143.4,144.34,144.34,10651566
2001-12-20,146.76,147.12,145.86,146.49,146.49,8589495
2001-12-21,149.51,150.08,147.61,148.85,148.85,12264618
2001-12-24,145.71,147.63,144.74,146.18,146.18,5705299
2001-12-25,147.59,147.8,147.04,147.42,147.42,4121508
2001-12-26,144.39,145.07,143.2,144.13,144.13,2757085
2001-12-27,144.34,145.1,144.02,144.56,144.56,10535660
2001-12-28,142.74,144.21,142.2,143.21,143.21,6475176
2001-12-31,143.22,144.85,141.93,143.39,143.39,4419370
2002-01-01,138.34,139.56,136.44,138.0,138.0,4073432
2002-01-02,135.76,137.23,134.9,136.07,136.07,3407804
2002-01-03,132.13,132.91,131.03,131.97,131.97,3424160
2002-01-04,132.37,133.08,131.31,132.19,132.19,6489959
2002-01-07,134.19,135.13,132.95,134.04,134.04,8949736
2002-01-08,132.86,134.82,131.62,133.22,133.22,4465507
2002-01-09,130.31,131.22,129.69,130.46,130.46,13567797
2002-01-10,131.38,133.09,130.73,131.91,131.91,5420533
2002-01-11,126.77,129.0,126.12,127.56,127.56,4350615
2002-01-14,127.6,128.57,125.5,127.04,127.04,4543202
2002-01-15,126.15,127.36,125.83,126.59,126.59,8605527
2002-01-16,124.99,126.32,124.37,125.35,125.35,3510341
2002-01-17,125.32,125.88,124.78,125.33,125.33,6346561
2002-01-18,125.96,126.54,125.75,126.15,126.15,6785586
2002-01-21,121.61,123.67,120.62,122.15,122.15,4365049
2002-01-22,122.39,123.3,121.54,122.42,122.42,5261746
2002-01-23,118.8,119.85,118.3,119.08,119.08,9604338
2002-01-24,115.56,116.51,115.3,115.9,115.9,6336405
2002-01-25,113.38,115.05,112.52,113.79,113.79,8345758
2002-01-28,115.9,116.79,115.14,115.97,115.97,4473819
2002-01-29,115.78,116.7,114.0,115.35,115.35,3749079
2002-01-30,116.63,117.18,114.89,116.03,116.03,6719822
2002-01-31,116.46,116.76,115.61,116.19,116.19,5385527
2002-02-01,118.12,118.93,117.2,118.06,118.06,8109956
2002-02-04,118.94,119.59,117.25,118.42,118.42,1930836
2002-02-05,117.99,119.21,117.4,118.3,118.3,5774179
2002-02-06,117.19,118.12,115.66,116.89,116.89,8023119
2002-02-07,121.47,122.19,119.83,121.01,121.01,3221278
2002-02-08,115.87,116.54,114.05,115.3,115.3,5148112
2002-02-11,119.09,119.23,119.02,119.12,119.12,4366085
2002-02-12,116.97,117.79,116.49,117.14,117.14,6319766
2002-02-13,119.36,120.35,119.03,119.69,119.69,5249134
2002-02-14,118.22,120.27,117.68,118.97,118.97,4726524
2002-02-15,118.08,119.82,117.03,118.43,118.43,8306975
2002-02-18,118.44,119.29,117.26,118.27,118.27,6288240
2002-02-19,119.08,120.32,118.69,119.5,119.5,5844830
2002-02-20,116.84,117.69,115.9,116.79,116.79,4753540
2002-02-21,114.18,115.05,113.24,114.14,114.14,5266636
2002-02-22,114.01,114.55,113.4,113.98,113.98,5029810
2002-02-25,114.37,115.64,113.65,114.64,114.64,6477254
2002-02-26,119.01,119.43,118.21,118.82,118.82,9564100
2002-02-27,120.52,121.79,119.58,120.68,120.68,6458382
2002-02-28,121.31,121.66,120.29,120.97,120.97,3834011
2002-03-01,121.64,122.22,120.53,121.38,121.38,5946417
2002-03-04,122.92,123.6,121.19,122.39,122.39,11103910
2002-03-05,119.32,120.81,118.85,119.83,119.83,4122009
2002-03-06,120.86,121.41,119.88,120.65,120.65,6318059
2002-03-07,120.25,120.93,119.78,120.35,120.35,3576519
2002-03-08,120.45,121.4,119.71,120.55,120.55,6484792
2002-03-11,122.04,123.0,121.3,122.15,122.15,2852627
2002-03-12,120.28,120.64,119.91,120.28,120.28,4886697
2002-03-13,122.67,122.99,121.49,122.24,122.24,4491498
2002-03-14,120.7,121.02,120.34,120.68,120.68,8223915
2002-03-15,119.22,119.81,118.31,119.06,119.06,4219254
2002-03-18,120.13,121.18,118.55,119.86,119.86,3850894
2002-03-19,120.71,122.81,119.9,121.36,121.36,3775038
2002-03-20,125.67,126.32,125.08,125.7,125.7,7746965
2002-03-21,126.06,127.68,124.83,126.26,126.26,3148040
2002-03-22,122.63,123.17,121.71,122.44,122.44,14034651
2002-03-25,119.98,120.53,119.07,119.8,119.8,4175002
2002-03-26,117.68,118.56,117.36,117.96,117.96,1987823
2002-03-27,116.16,116.92,115.85,116.39,116.39,4067217
2002-03-28,112.21,112.76,111.78,112.27,112.27,6823328
2002-03-29,112.5,112.75,111.76,112.26,112.26,3622848
2002-04-01,111.85,112.52,110.97,111.75,111.75,8252780
2002-04-02,111.91,113.01,110.93,111.97,111.97,4425034
2002-04-03,113.48,114.44,113.02,113.73,113.73,9117048
2002-04-04,115.07,115.89,114.52,115.21,115.21,21514630
2002-04-05,114.95,115.51,114.53,115.02,115.02,12635543
2002-04-08,116.43,117.8,115.27,116.53,116.53,4242388
2002-04-09,115.91,117.49,115.35,116.42,116.42,4995910
2002-04-10,115.49,117.5,114.28,115.89,115.89,4177007
2002-04-11,116.24,116.84,114.82,115.83,115.83,5717990
2002-04-12,112.76,113.33,111.18,112.25,112.25,11542984
2002-04-15,114.17,115.47,113.57,114.52,114.52,6985848
2002-04-16,117.89,119.24,116.92,118.08,118.08,13215108
2002-04-17,118.06,118.37,116.97,117.67,117.67,3022207
2002-04-18,114.99,116.04,113.99,115.02,115.02,8155724
2002-04-19,115.78,116.68,114.74,115.71,115.71,6516402
2002-04-22,119.33,120.47,118.29,119.38,119.38,4829045
2002-04-23,122.04,123.33,120.3,121.81,121.81,5006596
2002-04-24,122.64,124.06,121.59,122.83,122.83,9310981
2002-04-25,120.49,121.5,119.53,120.51,120.51,4284077
2002-04-26,118.45,119.27,116.72,117.99,117.99,3726882
2002-04-29,115.14,115.94,114.82,115.38,115.38,5791701
2002-04-30,114.84,115.19,113.97,114.58,114.58,5858799
2002-05-01,112.1,113.5,111.19,112.34,112.34,5041789
2002-05-02,114.83,115.78,112.54,114.16,114.16,6676804
2002-05-03,113.8,114.25,113.26,113.75,113.75,7323378
2002-05-06,113.67,114.39,112.14,113.27,113.27,3617699
2002-05-07,112.42,113.6,111.44,112.52,112.52,8136170
2002-05-08,114.07,115.05,112.64,113.84,113.84,6285476
2002-05-09,111.04,111.23,110.43,110.83,110.83,5714915
2002-05-10,109.76,110.15,108.67,109.41,109.41,6629613
2002-05-13,110.23,111.22,109.79,110.5,110.5,4228193
2002-05-14,114.26,114.88,112.85,113.87,113.87,4991336
2002-05-15,114.47,115.45,113.93,114.69,114.69,5108680
2002-05-16,114.8,116.12,113.36,114.74,114.74,4969088
2002-05-17,115.46,116.49,115.04,115.77,115.77,7720429
2002-05-20,117.24,117.87,116.52,117.2,117.2,5697885
2002-05-21,118.2,119.58,117.68,118.63,118.63,5421874
2002-05-22,117.82,119.48,117.35,118.41,118.41,3961901
2002-05-23,113.37,114.04,112.28,113.16,113.16,9841028
2002-05-24,110.51,111.11,110.08,110.59,110.59,5763874
2002-05-27,113.08,113.71,110.98,112.35,112.35,9431415
2002-05-28,112.97,113.85,111.44,112.65,112.65,6978160
2002-05-29,115.05,115.76,114.17,114.97,114.97,1421006
2002-05-30,112.09,112.63,111.32,111.98,111.98,9697578
2002-05-31,108.49,109.01,107.82,108.42,108.42,2931963
2002-06-03,107.36,108.17,106.18,107.18,107.18,4822088
2002-06-04,105.49,105.8,104.46,105.13,105.13,3729772
2002-06-05,104.18,104.78,103.19,103.99,103.99,3720908
2002-06-06,101.56,101.89,101.17,101.53,101.53,4855710
2002-06-07,98.74,100.1,97.4,98.75,98.75,8843965
2002-06-10,98.55,99.14,96.9,98.02,98.02,3341106
2002-06-11,96.18,97.99,94.91,96.45,96.45,7797081
2002-06-12,99.21,99.48,98.27,98.87,98.87,7828194
2002-06-13,98.85,99.84,98.21,99.02,99.02,4069759
2002-06-14,100.37,101.55,100.03,100.79,100.79,7968469
2002-06-17,103.09,103.61,102.44,103.03,103.03,5991503
2002-06-18,103.79,104.92,103.18,104.05,104.05,3754153
2002-06-19,103.88,104.9,102.85,103.88,103.88,2666841
2002-06-20,102.54,104.24,101.96,103.1,103.1,5882161
2002-06-21,103.72,104.45,103.16,103.81,103.81,6571049
2002-06-24,104.19,104.8,103.94,104.37,104.37,3713358
2002-06-25,104.2,104.39,104.07,104.23,104.23,4996547
2002-06-26,103.51,104.09,103.24,103.67,103.67,5150979
2002-06-27,104.9,105.87,104.34,105.11,105.11,10297973
2002-06-28,104.07,105.28,103.41,104.35,104.35,5529854
2002-07-01,103.13,103.7,102.56,103.13,103.13,7178847
2002-07-02,107.28,108.43,106.19,107.31,107.31,2953242
2002-07-03,108.98,109.6,108.45,109.02,109.02,5965241
2002-07-04,108.23,109.4,106.93,108.17,108.17,5107495
2002-07-05,106.87,107.69,105.54,106.62,106.62,4494510
2002-07-08,107.95,109.78,107.41,108.59,108.59,9804063
2002-07-09,107.03,108.19,105.41,106.8,106.8,6840764
2002-07-10,105.25,106.83,104.75,105.79,105.79,8297732
2002-07-11,105.86,106.34,104.91,105.63,105.63,8483080
2002-07-12,106.61,107.58,105.64,106.61,106.61,3127442
2002-07-15,107.22,108.79,106.44,107.61,107.61,6238859
2002-07-16,108.81,109.74,108.24,108.99,108.99,8025930
2002-07-17,110.78,112.1,109.59,110.84,110.84,6292542
2002-07-18,110.54,111.26,109.32,110.29,110.29,4006348
2002-07-19,109.83,110.29,109.22,109.75,109.75,6341288
2002-07-22,106.86,108.17,106.32,107.25,107.25,4250808
2002-07-23,106.47,106.76,105.46,106.11,106.11,6322951
2002-07-24,106.9,107.02,106.54,106.78,106.78,7947991
2002-07-25,106.69,107.41,105.62,106.51,106.51,4089819
2002-07-26,107.3,107.94,105.52,106.73,106.73,3749778
2002-07-29,107.98,108.47,106.61,107.54,107.54,2893529
2002-07-30,108.19,109.1,107.59,108.35,108.35,5357665
2002-07-31,106.66,107.58,105.28,106.43,106.43,5091101
2002-08-01,106.53,107.16,106.24,106.7,106.7,19092316
2002-08-02,106.32,107.31,105.52,106.42,106.42,3788058
2002-08-05,104.58,105.01,103.06,104.03,104.03,4408814
2002-08-06,103.26,104.42,102.54,103.48,103.48,3654338
2002-08-07,104.58,105.39,103.56,104.47,104.47,4083828
2002-08-08,101.55,102.16,99.82,100.99,100.99,9031513
2002-08-09,99.07,100.08,98.56,99.32,99.32,2953185
2002-08-12,98.17,99.4,97.73,98.57,98.57,5882755
2002-08-13,98.92,100.18,98.3,99.24,99.24,4524194
2002-08-14,97.16,97.8,96.68,97.24,97.24,6835900
2002-08-15,94.78,95.6,94.27,94.93,94.93,4566595
2002-08-16,95.17,96.25,94.63,95.44,95.44,10946767
2002-08-19,94.98,96.36,93.96,95.16,95.16,4269600
2002-08-20,93.31,93.57,93.19,93.38,93.38,3879045
2002-08-21,90.73,91.34,89.38,90.36,90.36,3706773
2002-08-22,89.81,90.2,89.59,89.89,89.89,5635912
2002-08-23,89.62,90.13,88.7,89.42,89.42,4335445
2002-08-26,89.26,89.94,88.67,89.31,89.31,6467543
2002-08-27,90.27,91.29,90.0,90.65,90.65,4617377
2002-08-28,89.29,90.28,88.31,89.29,89.29,4874370
2002-08-29,88.11,88.34,87.83,88.08,88.08,5504040
2002-08-30,88.28,88.75,87.55,88.15,88.15,4089282
2002-09-02,85.77,86.21,84.66,85.43,85.43,8077707
2002-09-03,86.65,87.12,85.59,86.36,86.36,3238325
2002-09-04,83.97,84.74,83.6,84.17,84.17,3287753
2002-09-05,84.59,85.1,84.27,84.69,84.69,4699389
2002-09-06,84.47,84.63,83.92,84.27,84.27,7974362
2002-09-09,82.85,83.58,81.67,82.62,82.62,3784267
2002-09-10,83.92,84.68,83.67,84.17,84.17,6835761
2002-09-11,85.82,86.48,85.09,85.79,85.79,9473582
2002-09-12,84.18,84.59,82.92,83.75,83.75,3868241
2002-09-13,84.99,85.53,84.65,85.09,85.09,4496324
2002-09-16,84.45,85.02,83.63,84.32,84.32,4969353
2002-09-17,87.1,87.35,86.32,86.83,86.83,7172129
2002-09-18,85.56,86.1,84.42,85.26,85.26,2745194
2002-09-19,85.47,85.88,84.88,85.38,85.38,4845258
2002-09-20,84.33,84.97,83.49,84.23,84.23,10318288
2002-09-23,85.86,86.3,84.83,85.56,85.56,4196265
2002-09-24,84.82,85.28,83.76,84.52,84.52,8419688
2002-09-25,84.94,85.64,84.32,84.98,84.98,4116365
2002-09-26,84.94,85.35,83.62,84.48,84.48,4059819
2002-09-27,87.85,88.49,86.2,87.35,87.35,6134676
2002-09-30,88.15,88.62,88.02,88.32,88.32,3829481
2002-10-01,90.65,91.6,90.22,90.91,90.91,3208317
2002-10-02,91.01,91.47,89.74,90.6,90.6,1920466
2002-10-03,90.39,90.8,89.08,89.94,89.94,7231390
2002-10-04,89.92,90.15,89.58,89.87,89.87,5959177
2002-10-07,89.41,89.96,88.28,89.12,89.12,4703464
2002-10-08,89.72,90.82,89.01,89.92,89.92,4879807
2002-10-09,89.24,90.16,88.99,89.57,89.57,5278335
2002-10-10,89.66,90.05,88.71,89.38,89.38,4445202
2002-10-11,89.45,90.47,88.56,89.52,89.52,13246390
2002-10-14,90.51,90.72,89.77,90.24,90.24,4474642
2002-10-15,88.89,90.14,88.04,89.09,89.09,7275879
2002-10-16,86.69,87.81,85.78,86.8,86.8,2946966
2002-10-17,85.41,86.3,85.11,85.7,85.7,3522940
2002-10-18,85.87,86.52,85.14,85.83,85.83,5234585
2002-10-21,83.61,83.89,83.16,83.52,83.52,6069214
2002-10-22,84.15,84.76,83.52,84.14,84.14,5311598
2002-10-23,84.69,85.21,84.47,84.84,84.84,6405825
2002-10-24,82.32,82.74,81.82,82.28,82.28,2412554
2002-10-25,82.83,83.1,82.05,82.58,82.58,5912839
2002-10-28,82.38,83.72,81.74,82.73,82.73,4255349
2002-10-29,83.44,84.04,83.09,83.56,83.56,3562949
2002-10-30,83.01,84.12,82.64,83.38,83.38,2876963
2002-10-31,80.76,81.45,80.07,80.76,80.76,3618849
2002-11-01,81.81,82.47,81.23,81.85,81.85,2972128
2002-11-04,80.84,81.62,80.43,81.02,81.02,5068519
2002-11-05,83.03,83.85,82.26,83.06,83.06,6770694
2002-11-06,85.44,86.39,84.94,85.66,85.66,6415062
2002-11-07,84.54,85.27,84.04,84.66,84.66,2308033
2002-11-08,85.65,85.93,85.49,85.71,85.71,3205615
2002-11-11,86.61,87.04,85.21,86.13,86.13,5011384
2002-11-12,84.32,85.26,83.77,84.52,84.52,2804278
2002-11-13,83.03,83.6,82.7,83.15,83.15,3191830
2002-11-14,81.42,82.6,80.89,81.75,81.75,6354148
2002-11-15,80.21,81.48,79.57,80.53,80.53,3456507
2002-11-18,82.41,82.78,81.43,82.11,82.11,8747009
2002-11-19,82.4,82.81,81.56,82.18,82.18,8399897
2002-11-20,84.09,84.38,82.98,83.68,83.68,5827264
2002-11-21,82.89,83.84,81.82,82.83,82.83,7985322
2002-11-22,83.86,84.2,83.42,83.81,83.81,4557681
2002-11-25,82.32,82.89,81.8,82.35,82.35,4878019
2002-11-26,81.45,82.09,80.87,81.48,81.48,4576293
2002-11-27,78.55,78.72,78.22,78.47,78.47,4896051
2002-11-28,76.41,76.64,75.64,76.14,76.14,8866164
2002-11-29,77.22,77.81,76.18,77.0,77.0,12000709
2002-12-02,74.46,75.49,73.62,74.56,74.56,5113897
2002-12-03,73.72,74.83,72.96,73.9,73.9,5781686
2002-12-04,72.55,73.22,72.0,72.61,72.61,5877617
2002-12-05,72.23,72.95,71.98,72.46,72.46,6050425
2002-12-06,73.35,73.77,72.79,73.28,73.28,4827459
2002-12-09,73.51,74.04,73.34,73.69,73.69,4726946
2002-12-10,74.04,74.46,73.51,73.99,73.99,2125208
2002-12-11,74.24,74.54,73.3,73.92,73.92,11552724
2002-12-12,74.63,75.0,73.7,74.35,74.35,2950624
2002-12-13,74.24,74.88,73.8,74.34,74.34,6909556
2002-12-16,75.39,76.18,74.96,75.57,75.57,4188236
2002-12-17,74.94,75.62,74.53,75.08,75.08,2351795
2002-12-18,76.69,76.9,76.26,76.58,76.58,6694918
2002-12-19,75.1,76.18,74.41,75.29,75.29,7453517
2002-12-20,77.41,77.6,76.99,77.29,77.29,3872358
2002-12-23,78.51,79.52,77.42,78.47,78.47,6650008
2002-12-24,78.2,78.56,77.83,78.2,78.2,4564621
2002-12-25,80.23,80.67,79.12,79.89,79.89,3874033
2002-12-26,78.07,79.35,77.55,78.45,78.45,10019878
2002-12-27,78.82,79.0,78.19,78.59,78.59,2541945
2002-12-30,77.83,78.23,76.87,77.55,77.55,3584754
2002-12-31,78.84,79.31,78.65,78.98,78.98,8455082
2003-01-01,80.9,81.55,79.56,80.55,80.55,2050566
2003-01-02,79.64,80.4,78.71,79.55,79.55,5998980
2003-01-03,79.78,80.85,79.25,80.05,80.05,5630837
2003-01-06,78.2,78.51,77.79,78.15,78.15,4587037
2003-01-07,79.69,79.96,79.29,79.63,79.63,7933256
2003-01-08,78.29,78.84,77.75,78.29,78.29,7035019
2003-01-09,77.87,78.89,77.05,77.97,77.97,5601854
2003-01-10,78.55,78.81,78.04,78.42,78.42,4760990
2003-01-13,80.15,80.57,78.92,79.74,79.74,3710800
2003-01-14,79.51,80.16,78.71,79.43,79.43,4533326
2003-01-15,81.02,81.81,79.66,80.73,80.73,3029303
2003-01-16,79.89,80.28,78.42,79.35,79.35,3844371
2003-01-17,78.04,79.37,77.64,78.51,78.51,3895670
2003-01-20,78.04,78.75,77.83,78.29,78.29,7386560
2003-01-21,80.16,80.43,79.33,79.88,79.88,11585688
2003-01-22,80.57,81.14,79.79,80.47,80.47,4070213
2003-01-23,81.09,81.44,80.07,80.76,80.76,7207853
2003-01-24,80.82,82.38,80.32,81.35,81.35,7750205
2003-01-27,80.64,80.82,80.25,80.53,80.53,7989138
2003-01-28,82.18,82.73,81.25,81.99,81.99,6895412
2003-01-29,79.6,80.19,79.44,79.82,79.82,4609832
2003-01-30,78.79,79.69,78.04,78.86,78.86,5998699
2003-01-31,76.44,77.13,75.6,76.36,76.36,5475516
2003-02-03,76.95,77.9,76.59,77.25,77.25,5560070
2003-02-04,76.54,77.94,75.57,76.76,76.76,3603512
2003-02-05,75.92,76.73,75.33,76.03,76.03,6975871
2003-02-06,75.44,75.87,75.22,75.54,75.54,5065249
2003-02-07,75.43,76.0,74.67,75.33,75.33,9290394
2003-02-10,74.38,75.17,73.88,74.53,74.53,6810788
2003-02-11,76.07,76.93,75.73,76.33,76.33,5022228
2003-02-12,77.97,79.16,76.79,77.98,77.98,3690637
2003-02-13,76.5,76.84,75.73,76.29,76.29,3592678
2003-02-14,75.1,75.92,73.83,74.87,74.87,4568995
2003-02-17,74.09,74.55,72.94,73.74,73.74,3825536
2003-02-18,75.57,76.49,75.19,75.84,75.84,12623976
2003-02-19,74.33,74.65,73.91,74.28,74.28,6842981
2003-02-20,74.81,75.48,73.6,74.54,74.54,4980542
2003-02-21,73.21,73.76,73.04,73.4,73.4,4539792
2003-02-24,72.29,72.56,72.18,72.37,72.37,6631265
2003-02-25,70.26,70.48,69.92,70.2,70.2,6621654
2003-02-26,69.17,69.51,69.03,69.27,69.27,5221954
2003-02-27,67.4,67.82,67.07,67.44,67.44,4639349
2003-02-28,68.1,69.06,67.84,68.45,68.45,3029829
2003-03-03,68.13,69.1,67.76,68.43,68.43,4837119
2003-03-04,68.59,68.94,67.79,68.37,68.37,7841386
2003-03-05,69.66,70.08,69.22,69.65,69.65,5712539
2003-03-06,68.12,68.5,67.76,68.13,68.13,6321571
2003-03-07,70.87,71.34,69.85,70.59,70.59,19531037
2003-03-10,71.74,72.85,71.28,72.07,72.07,7429364
2003-03-11,71.14,71.86,70.92,71.39,71.39,4303921
2003-03-12,73.29,73.74,72.72,73.23,73.23,7146008
2003-03-13,73.94,74.45,73.62,74.04,74.04,3572788
2003-03-14,74.34,75.03,73.63,74.33,74.33,4856203
2003-03-17,73.54,74.06,72.84,73.45,73.45,3841400
2003-03-18,75.69,76.81,75.06,75.93,75.93,7899282
2003-03-19,77.01,78.05,76.24,77.15,77.15,4752567
2003-03-20,74.61,74.94,74.11,74.52,74.52,6289949
2003-03-21,75.09,75.73,74.56,75.14,75.14,11363137
2003-03-24,75.05,75.36,74.42,74.89,74.89,3255296
2003-03-25,75.54,75.8,75.06,75.43,75.43,3169185
2003-03-26,73.89,74.22,73.81,74.02,74.02,6759381
2003-03-27,72.02,72.85,71.33,72.09,72.09,9733891
2003-03-28,71.99,72.32,71.08,71.7,71.7,3955226
2003-03-31,72.52,73.04,71.69,72.36,72.36,9081281
2003-04-01,72.61,73.22,72.06,72.64,72.64,7432289
2003-04-02,71.54,72.08,71.18,71.63,71.63,10166913
2003-04-03,71.77,72.48,71.36,71.92,71.92,7751764
2003-04-04,72.83,73.13,72.3,72.72,72.72,3939734
2003-04-07,72.49,72.94,72.04,72.49,72.49,4943128
2003-04-08,73.11,73.51,72.19,72.85,72.85,5145663
2003-04-09,73.99,74.97,73.32,74.14,74.14,3788141
2003-04-10,72.27,72.89,71.33,72.11,72.11,9328017
2003-04-11,72.12,72.2,72.08,72.14,72.14,6027724
2003-04-14,74.18,74.87,73.41,74.14,74.14,5367490
2003-04-15,72.07,72.79,71.03,71.91,71.91,8822282
2003-04-16,72.86,73.72,72.42,73.07,73.07,5261399
2003-04-17,72.61,73.04,72.26,72.65,72.65,7332148
2003-04-18,75.2,76.01,74.72,75.36,75.36,5865596
2003-04-21,75.85,76.37,75.14,75.75,75.75,7611390
2003-04-22,74.67,75.68,74.09,74.89,74.89,5670195
2003-04-23,73.46,74.06,72.88,73.47,73.47,2815879
2003-04-24,73.21,73.31,73.13,73.22,73.22,6389209
2003-04-25,74.45,74.93,73.6,74.26,74.26,8405504
2003-04-28,75.88,76.54,75.7,76.12,76.12,9875091
2003-04-29,75.82,76.76,75.42,76.09,76.09,5846346
2003-04-30,76.18,76.94,75.29,76.11,76.11,7592792
2003-05-01,75.08,75.15,74.93,75.04,75.04,3430844
2003-05-02,77.9,78.83,77.57,78.2,78.2,5197830
2003-05-05,77.65,78.92,77.32,78.12,78.12,5412811
2003-05-06,79.16,80.76,78.42,79.59,79.59,5756770
2003-05-07,78.54,79.35,77.76,78.56,78.56,8494732
2003-05-08,78.17,78.61,77.67,78.14,78.14,4348185
2003-05-09,79.68,80.68,79.14,79.91,79.91,4944574
2003-05-12,80.82,81.6,80.28,80.94,80.94,3215605
2003-05-13,81.29,81.52,81.19,81.36,81.36,4509324
2003-05-14,79.48,80.17,78.6,79.39,79.39,7084664
2003-05-15,79.86,80.51,79.15,79.83,79.83,3057330
2003-05-16,80.13,81.38,79.64,80.51,80.51,4404559
2003-05-19,81.89,82.2,81.31,81.76,81.76,4053752
2003-05-20,84.59,84.79,83.87,84.33,84.33,8086366
2003-05-21,84.67,84.98,83.52,84.25,84.25,5084869
2003-05-22,84.28,85.01,84.02,84.51,84.51,6318344
2003-05-23,84.23,85.26,83.18,84.22,84.22,8464201
2003-05-26,83.91,84.09,83.31,83.7,83.7,6539453
2003-05-27,84.69,84.89,84.02,84.45,84.45,5296696
2003-05-28,82.9,83.75,82.27,83.01,83.01,2927942
2003-05-29,82.28,83.02,81.4,82.21,82.21,4058076
2003-05-30,81.52,82.22,81.11,81.66,81.66,4524833
2003-06-02,81.81,82.48,81.11,81.8,81.8,6011958
2003-06-03,82.31,82.95,81.91,82.43,82.43,6922204
2003-06-04,83.4,83.88,82.69,83.29,83.29,4748607
2003-06-05,84.27,85.01,83.04,84.02,84.02,3311762
2003-06-06,84.07,84.93,83.74,84.34,84.34,6531980
2003-06-09,81.91,82.79,81.5,82.14,82.14,4517747
2003-06-10,84.43,85.33,83.59,84.46,84.46,3097864
2003-06-11,84.17,84.85,82.81,83.83,83.83,3325840
2003-06-12,82.37,83.43,82.08,82.76,82.76,5187924
2003-06-13,82.33,82.44,82.18,82.31,82.31,3817745
2003-06-16,82.41,83.87,82.01,82.94,82.94,3081039
2003-06-17,81.92,82.45,80.93,81.69,81.69,11419174
2003-06-18,81.59,82.46,80.25,81.35,81.35,4764709
2003-06-19,81.23,81.81,79.56,80.68,80.68,8783136
2003-06-20,82.94,84.19,82.24,83.21,83.21,2875007
2003-06-23,84.87,85.31,83.59,84.45,84.45,6344260
2003-06-24,84.25,84.67,82.98,83.82,83.82,5195199
2003-06-25,84.74,85.34,84.57,84.95,84.95,4147193
2003-06-26,84.72,85.34,83.91,84.62,84.62,3925473
2003-06-27,83.73,84.14,82.77,83.45,83.45,4345333
2003-06-30,82.18,82.61,81.61,82.11,82.11,4285946
2003-07-01,80.06,80.74,79.47,80.1,80.1,5152058
2003-07-02,79.83,80.96,79.16,80.06,80.06,2450226
2003-07-03,81.53,82.17,81.08,81.62,81.62,6231281
2003-07-04,83.17,83.38,82.7,83.04,83.04,6666165
2003-07-07,83.98,84.33,83.26,83.79,83.79,2664837
2003-07-08,83.89,84.96,83.14,84.05,84.05,4570516
2003-07-09,83.99,84.8,83.69,84.24,84.24,3976002
2003-07-10,82.38,83.59,81.96,82.78,82.78,3373701
2003-07-11,80.06,81.2,79.58,80.39,80.39,6009194
2003-07-14,78.32,79.24,77.89,78.56,78.56,2924524
2003-07-15,78.06,78.94,77.48,78.21,78.21,4254845
2003-07-16,76.62,76.89,76.09,76.49,76.49,4296838
2003-07-17,76.39,76.72,75.53,76.12,76.12,4296028
2003-07-18,77.33,77.93,76.07,77.0,77.0,4743310
2003-07-21,77.93,78.55,76.51,77.53,77.53,3123769
2003-07-22,76.48,76.82,76.13,76.48,76.48,6357007
2003-07-23,75.65,75.89,74.98,75.43,75.43,6407702
2003-07-24,73.92,74.12,73.86,73.99,73.99,5387232
2003-07-25,74.28,74.99,73.54,74.26,74.26,10408432
2003-07-28,73.73,74.41,72.83,73.62,73.62,3885161
2003-07-29,73.51,74.59,72.89,73.74,73.74,6317265
2003-07-30,72.77,73.08,71.96,72.52,72.52,4644375
2003-07-31,72.3,72.66,70.96,71.81,71.81,7708318
2003-08-01,72.6,73.41,72.0,72.71,72.71,5952564
2003-08-04,73.76,74.15,72.88,73.51,73.51,5625353
2003-08-05,70.16,70.5,70.0,70.25,70.25,5990461
2003-08-06,70.38,70.8,69.49,70.14,70.14,4246585
2003-08-07,70.89,71.66,70.59,71.12,71.12,6022913
2003-08-08,68.76,69.94,68.4,69.17,69.17,5393069
2003-08-11,69.38,70.05,68.55,69.3,69.3,2872882
2003-08-12,71.17,71.85,69.63,70.74,70.74,7089821
2003-08-13,72.98,73.29,72.57,72.93,72.93,5033162
2003-08-14,72.14,72.49,71.76,72.13,72.13,4191441
2003-08-15,72.15,72.69,71.2,71.94,71.94,3871074
2003-08-18,73.47,73.89,72.8,73.34,73.34,4977436
2003-08-19,74.89,75.28,74.51,74.9,74.9,6124547
2003-08-20,75.31,76.3,74.76,75.53,75.53,5047108
2003-08-21,76.65,76.97,76.24,76.61,76.61,5217420
2003-08-22,76.09,76.49,75.0,75.74,75.74,5705715
2003-08-25,75.53,75.7,75.35,75.52,75.52,3498239
2003-08-26,73.23,73.44,73.1,73.27,73.27,3168309
2003-08-27,73.71,74.4,73.45,73.93,73.93,3776855
2003-08-28,73.87,75.54,73.45,74.5,74.5,3433160
2003-08-29,74.15,74.5,73.91,74.2,74.2,3996166
2003-09-01,73.15,73.66,72.51,73.08,73.08,3411466
2003-09-02,74.17,74.57,73.12,73.84,73.84,3797065
2003-09-03,73.51,74.09,73.25,73.67,73.67,3361822
2003-09-04,72.06,72.59,70.97,71.78,71.78,2278581
2003-09-05,72.72,73.26,72.45,72.85,72.85,5438192
2003-09-08,74.09,74.24,73.6,73.92,73.92,7184339
2003-09-09,73.43,73.91,72.99,73.45,73.45,4844530
2003-09-10,71.47,72.34,71.02,71.68,71.68,5346678
2003-09-11,71.42,72.04,70.61,71.32,71.32,12183081
2003-09-12,72.04,72.57,71.31,71.94,71.94,3854464
2003-09-15,68.43,68.6,68.26,68.43,68.43,7941277
2003-09-16,69.69,70.32,69.12,69.72,69.72,6670695
2003-09-17,70.72,70.98,69.81,70.39,70.39,3646993
2003-09-18,71.55,71.83,70.8,71.31,71.31,4428957
2003-09-19,72.55,73.02,72.29,72.66,72.66,5461753
2003-09-22,72.97,73.52,72.57,73.05,73.05,5160672
2003-09-23,71.74,71.89,71.69,71.79,71.79,6985870
2003-09-24,71.23,71.78,71.01,71.4,71.4,6898800
2003-09-25,71.4,71.72,70.14,70.93,70.93,5459407
2003-09-26,71.73,71.78,71.59,71.69,71.69,6827602
2003-09-29,71.13,71.71,70.33,71.02,71.02,7540228
2003-09-30,71.32,72.24,70.25,71.25,71.25,3301514
2003-10-01,69.13,69.55,68.82,69.18,69.18,5283940
2003-10-02,70.17,70.5,69.09,69.79,69.79,2524982
2003-10-03,67.7,68.8,67.29,68.04,68.04,7866621
2003-10-06,67.54,67.77,66.85,67.31,67.31,4209890
2003-10-07,65.25,65.87,65.03,65.45,65.45,5286419
2003-10-08,66.46,66.85,66.23,66.54,66.54,4099830
2003-10-09,66.54,66.97,65.71,66.34,66.34,4761829
2003-10-10,65.29,66.0,65.04,65.52,65.52,7182259
2003-10-13,64.64,65.19,64.34,64.76,64.76,8028862
2003-10-14,64.32,64.74,63.87,64.3,64.3,6244275
2003-10-15,65.09,65.2,64.87,65.03,65.03,6157559
2003-10-16,64.9,65.58,64.68,65.13,65.13,2718657
2003-10-17,65.44,65.68,64.64,65.16,65.16,6711069
2003-10-20,65.48,66.34,64.61,65.47,65.47,3705961
2003-10-21,64.25,64.92,64.01,64.47,64.47,8685323
2003-10-22,66.68,66.92,65.93,66.43,66.43,7352598
2003-10-23,65.26,65.67,64.59,65.13,65.13,2981018
2003-10-24,64.94,65.86,64.7,65.28,65.28,4148955
2003-10-27,66.13,66.46,65.32,65.89,65.89,5058715
2003-10-28,65.33,65.46,64.93,65.2,65.2,7512954
2003-10-29,62.6,63.18,62.09,62.64,62.64,5242156
2003-10-30,62.0,62.39,61.86,62.13,62.13,5758098
2003-10-31,62.61,63.09,62.16,62.62,62.62,4515020
2003-11-03,61.97,62.69,61.14,61.92,61.92,7167170
2003-11-04,61.86,62.35,61.28,61.81,61.81,4599299
2003-11-05,61.89,62.0,61.61,61.81,61.81,6306208
2003-11-06,60.89,61.33,60.14,60.74,60.74,4470823
2003-11-07,59.45,60.54,59.1,59.82,59.82,4442857
2003-11-10,59.66,60.41,59.31,59.86,59.86,4661858
2003-11-11,59.4,59.8,58.78,59.29,59.29,5749307
2003-11-12,57.3,58.16,56.85,57.5,57.5,3891888
2003-11-13,57.8,58.08,57.4,57.74,57.74,9091807
2003-11-14,58.37,58.61,58.0,58.31,58.31,5053061
2003-11-17,58.25,59.0,57.79,58.39,58.39,7633309
2003-11-18,57.58,58.31,57.15,57.73,57.73,4671602
2003-11-19,58.81,59.3,57.88,58.59,58.59,7287919
2003-11-20,58.37,59.19,57.65,58.42,58.42,6412926
2003-11-21,57.83,59.1,57.32,58.21,58.21,4867794
2003-11-24,57.16,57.48,56.8,57.14,57.14,3527712
2003-11-25,56.84,57.45,56.66,57.06,57.06,3571830
2003-11-26,59.61,59.95,59.15,59.55,59.55,4433156
2003-11-27,58.89,59.04,58.81,58.92,58.92,3572346
2003-11-28,57.4,58.0,57.06,57.53,57.53,3130976
2003-12-01,57.15,57.75,56.82,57.28,57.28,10752861
2003-12-02,58.17,58.94,57.16,58.05,58.05,8149398
2003-12-03,58.29,58.55,57.57,58.06,58.06,5061698
2003-12-04,59.06,59.67,58.73,59.2,59.2,2723344
2003-12-05,59.0,59.49,58.39,58.94,58.94,2981156
2003-12-08,57.6,58.32,57.15,57.74,57.74,6728067
2003-12-09,57.77,58.14,57.56,57.85,57.85,3760996
2003-12-10,58.76,59.17,58.6,58.88,58.88,2989854
2003-12-11,59.59,59.95,58.88,59.41,59.41,4854855
2003-12-12,60.07,60.78,59.74,60.26,60.26,6878748
2003-12-15,60.32,60.69,60.2,60.45,60.45,2925208
2003-12-16,59.57,59.93,58.41,59.17,59.17,8013226
2003-12-17,61.77,62.14,61.16,61.65,61.65,5831030
2003-12-18,62.25,62.95,61.89,62.42,62.42,3965554
2003-12-19,63.52,63.91,63.0,63.46,63.46,3739504
2003-12-22,63.98,64.43,63.51,63.97,63.97,6316955
2003-12-23,64.21,64.66,63.92,64.29,64.29,7623309
2003-12-24,63.99,64.4,63.2,63.8,63.8,5727552
2003-12-25,64.05,64.06,64.05,64.05,64.05,9180964
2003-12-26,64.09,64.42,62.9,63.66,63.66,8521942
2003-12-29,64.16,64.4,64.07,64.24,64.24,3129659
2003-12-30,61.88,62.39,61.64,62.01,62.01,11056390
2003-12-31,62.08,62.38,61.77,62.08,62.08,7011347
2004-01-01,62.85,63.84,62.4,63.12,63.12,4059298
2004-01-02,65.35,65.57,64.96,65.26,65.26,4360678
2004-01-05,64.77,64.86,64.71,64.78,64.78,4178112
2004-01-06,64.72,65.0,63.93,64.47,64.47,5048162
2004-01-07,63.04,63.29,62.61,62.95,62.95,3403285
2004-01-08,62.93,63.27,62.33,62.8,62.8,7240159
2004-01-09,62.63,63.57,62.15,62.86,62.86,1895577
2004-01-12,62.61,63.7,61.82,62.76,62.76,5443689
2004-01-13,63.2,63.74,63.03,63.39,63.39,7814882
2004-01-14,64.03,64.38,63.7,64.04,64.04,4641031
2004-01-15,63.54,63.87,62.93,63.4,63.4,7632584
2004-01-16,62.95,63.57,62.42,63.0,63.0,6038300
2004-01-19,62.89,63.47,62.43,62.95,62.95,10009141
2004-01-20,61.68,62.15,61.33,61.74,61.74,13180831
2004-01-21,61.66,62.66,61.35,62.01,62.01,10866581
2004-01-22,60.28,61.08,59.78,60.43,60.43,4724771
2004-01-23,60.54,60.91,60.35,60.63,60.63,6669032
2004-01-26,60.28,61.11,59.75,60.43,60.43,4973497
2004-01-27,60.31,60.45,59.76,60.11,60.11,5938463
2004-01-28,59.53,59.82,59.29,59.55,59.55,6476254
2004-01-29,59.4,59.6,59.08,59.34,59.34,6923442
2004-01-30,59.02,59.58,58.65,59.12,59.12,4730170
2004-02-02,59.56,59.97,58.58,59.27,59.27,8635104
2004-02-03,59.23,59.59,57.93,58.76,58.76,3524938
2004-02-04,59.22,59.4,58.76,59.08,59.08,5608975
2004-02-05,60.68,61.2,59.89,60.55,60.55,7922744
2004-02-06,60.17,60.85,59.87,60.36,60.36,6676513
2004-02-09,59.29,59.49,58.82,59.16,59.16,4712682
2004-02-10,58.9,60.03,58.59,59.31,59.31,6459894
2004-02-11,60.08,60.8,59.65,60.23,60.23,3393828
2004-02-12,60.63,61.24,60.07,60.66,60.66,7599567
2004-02-13,61.75,61.85,61.36,61.6,61.6,4899879
2004-02-16,59.23,59.67,58.73,59.2,59.2,3502823
2004-02-17,59.66,60.27,59.47,59.87,59.87,7472213
2004-02-18,61.02,61.11,60.72,60.92,60.92,9711197
2004-02-19,60.22,60.31,60.11,60.21,60.21,4482899
2004-02-20,59.21,59.56,59.05,59.31,59.31,5448114
2004-02-23,59.02,59.51,58.24,58.88,58.88,5163880
2004-02-24,59.21,59.52,58.12,58.82,58.82,2494094
2004-02-25,58.05,58.27,57.97,58.12,58.12,8237929
2004-02-26,58.55,59.26,57.89,58.58,58.58,4658482
2004-02-27,56.72,56.92,56.65,56.79,56.79,6899208
2004-03-01,55.73,56.01,55.14,55.58,55.58,6230197
2004-03-02,56.24,56.73,55.62,56.18,56.18,5724133
2004-03-03,53.84,54.1,53.49,53.79,53.79,3700898
2004-03-04,53.18,53.88,52.66,53.27,53.27,11010361
2004-03-05,53.92,54.53,53.25,53.89,53.89,8056039
2004-03-08,52.87,53.37,52.71,53.04,53.04,5725652
2004-03-09,54.11,54.38,54.03,54.21,54.21,3038484
2004-03-10,54.92,55.32,53.96,54.64,54.64,4165017
2004-03-11,54.56,55.06,53.65,54.35,54.35,3078567
2004-03-12,54.99,55.51,54.38,54.94,54.94,2762721
2004-03-15,55.65,56.22,54.99,55.6,55.6,3525434
2004-03-16,55.17,55.44,54.54,54.99,54.99,8140317
2004-03-17,53.29,53.83,52.76,53.3,53.3,4569595
2004-03-18,53.41,53.6,52.96,53.28,53.28,5974163
2004-03-19,52.42,52.57,52.28,52.43,52.43,11849983
2004-03-22,51.75,52.01,51.37,51.69,51.69,2823447
2004-03-23,51.07,51.42,50.65,51.03,51.03,5614944
2004-03-24,52.98,53.2,52.4,52.8,52.8,6146059
2004-03-25,53.58,53.91,52.97,53.44,53.44,3637662
2004-03-26,55.1,55.43,54.96,55.2,55.2,5251078
2004-03-29,55.66,56.04,55.4,55.72,55.72,6604075
2004-03-30,55.65,56.33,55.46,55.89,55.89,7756279
2004-03-31,55.56,55.95,55.31,55.63,55.63,6008211
2004-04-01,56.29,56.51,56.17,56.34,56.34,6822733
2004-04-02,55.89,56.23,55.73,55.98,55.98,3750723
2004-04-05,56.81,57.05,56.25,56.65,56.65,8022367
2004-04-06,56.2,56.7,55.66,56.18,56.18,7069421
2004-04-07,55.91,56.01,55.54,55.78,55.78,3149854
2004-04-08,54.95,55.19,54.65,54.92,54.92,8025587
2004-04-09,54.5,55.05,54.12,54.59,54.59,6301364
2004-04-12,53.53,53.83,53.11,53.47,53.47,5311911
2004-04-13,53.98,54.61,53.57,54.09,54.09,9255873
2004-04-14,53.24,53.46,52.77,53.12,53.12,4149776
2004-04-15,52.91,53.1,52.81,52.95,52.95,7314778
2004-04-16,52.44,52.61,52.28,52.45,52.45,3677427
2004-04-19,53.06,53.23,52.91,53.07,53.07,1728399
2004-04-20,53.92,54.45,53.55,54.0,54.0,4369779
2004-04-21,55.46,55.89,55.33,55.61,55.61,4120299
2004-04-22,56.35,56.69,55.99,56.34,56.34,8715572
2004-04-23,56.84,57.04,56.29,56.66,56.66,7507955
2004-04-26,56.79,57.4,56.53,56.97,56.97,4884218
2004-04-27,56.65,57.23,56.06,56.65,56.65,4616253
2004-04-28,56.6,56.85,55.77,56.31,56.31,9487744
2004-04-29,55.31,55.65,54.86,55.26,55.26,3652713
2004-04-30,55.34,56.13,55.0,55.56,55.56,7158942
2004-05-03,56.17,56.84,55.98,56.41,56.41,6027390
2004-05-04,56.35,57.01,56.0,56.51,56.51,4674723
2004-05-05,56.82,57.03,56.14,56.59,56.59,7988305
2004-05-06,58.51,59.05,57.85,58.45,58.45,4434327
2004-05-07,59.78,60.15,58.86,59.5,59.5,6766704
2004-05-10,59.96,60.73,59.0,59.86,59.86,9680073
2004-05-11,60.52,60.86,60.15,60.5,60.5,3976677
2004-05-12,60.73,61.79,60.31,61.05,61.05,4979968
2004-05-13,61.6,61.99,60.77,61.38,61.38,5885715
2004-05-14,60.12,60.64,59.7,60.17,60.17,3051231
2004-05-17,58.4,58.81,57.78,58.29,58.29,3581118
2004-05-18,58.5,58.93,57.8,58.36,58.36,4074985
2004-05-19,57.3,57.59,56.8,57.19,57.19,4860332
2004-05-20,56.8,56.93,56.33,56.63,56.63,5333600
2004-05-21,56.59,56.65,56.42,56.54,56.54,5417166
2004-05-24,56.32,56.96,55.68,56.32,56.32,3609572
2004-05-25,55.8,56.62,55.47,56.05,56.05,4165796
2004-05-26,57.3,57.75,56.76,57.26,57.26,5576466
2004-05-27,56.65,56.95,56.2,56.57,56.57,8108017
2004-05-28,56.37,56.78,55.65,56.22,56.22,8287561
2004-05-31,56.56,56.74,55.93,56.34,56.34,11059938
2004-06-01,57.62,58.36,57.33,57.85,57.85,3173387
2004-06-02,58.02,58.24,57.75,58.0,58.0,4431414
2004-06-03,56.75,57.61,56.45,57.03,57.03,8713402
2004-06-04,57.85,58.43,57.05,57.74,57.74,6482295
2004-06-07,58.05,58.41,57.56,57.98,57.98,3860456
2004-06-08,58.38,58.62,58.13,58.37,58.37,5587021
2004-06-09,57.88,58.14,57.57,57.86,57.86,8705952
2004-06-10,58.54,58.63,58.36,58.49,58.49,7271499
2004-06-11,58.62,58.68,58.54,58.61,58.61,5463555
2004-06-14,58.99,59.46,58.59,59.03,59.03,4394776
2004-06-15,60.17,60.44,59.91,60.18,60.18,9840742
2004-06-16,60.6,61.19,60.44,60.82,60.82,2561658
2004-06-17,60.97,61.37,59.93,60.65,60.65,5432137
2004-06-18,60.67,61.36,60.41,60.89,60.89,8258359
2004-06-21,60.93,61.86,60.46,61.16,61.16,7148832
2004-06-22,61.14,61.55,60.53,61.04,61.04,3887959
2004-06-23,61.77,62.06,61.39,61.72,61.72,2107225
2004-06-24,61.87,62.64,61.62,62.13,62.13,4234803
2004-06-25,63.04,64.03,62.75,63.39,63.39,3522523
2004-06-28,63.09,64.3,62.38,63.34,63.34,2708137
2004-06-29,63.11,63.16,62.99,63.08,63.08,9910039
2004-06-30,62.86,63.75,62.56,63.16,63.16,7156151
2004-07-01,61.88,62.03,61.3,61.66,61.66,4213629
2004-07-02,61.01,61.48,60.67,61.07,61.07,4526125
2004-07-05,62.38,62.94,61.42,62.18,62.18,4890273
2004-07-06,61.39,61.79,60.98,61.39,61.39,3967616
2004-07-07,60.62,61.14,59.87,60.51,60.51,10656885
2004-07-08,60.53,61.33,60.26,60.79,60.79,5348442
2004-07-09,61.22,61.82,60.81,61.32,61.32,2769077
2004-07-12,62.87,63.53,61.77,62.65,62.65,7924744
2004-07-13,64.33,64.91,63.81,64.36,64.36,2098878
2004-07-14,63.52,64.01,63.28,63.65,63.65,5271152
2004-07-15,64.45,64.67,64.25,64.46,64.46,3806136
2004-07-16,63.69,64.55,63.34,63.94,63.94,5719761
2004-07-19,65.05,65.62,64.28,64.95,64.95,4235793
2004-07-20,64.33,65.28,63.97,64.62,64.62,6069855
2004-07-21,63.63,64.31,63.1,63.71,63.71,3366699
2004-07-22,63.59,64.4,63.14,63.77,63.77,4467546
2004-07-23,63.96,64.37,63.66,64.02,64.02,4725342
2004-07-26,63.67,63.77,63.41,63.59,63.59,4208573
2004-07-27,64.32,64.8,63.26,64.03,64.03,6924857
2004-07-28,64.1,64.39,63.01,63.7,63.7,3928592
2004-07-29,62.95,63.35,62.68,63.01,63.01,4657077
2004-07-30,63.36,63.82,63.23,63.52,63.52,5306131
2004-08-02,61.85,62.31,61.44,61.87,61.87,6391630
2004-08-03,61.02,61.4,60.66,61.03,61.03,12792549
2004-08-04,60.23,60.54,59.84,60.19,60.19,5092201
2004-08-05,59.75,59.98,59.0,59.49,59.49,4137507
2004-08-06,58.43,59.07,57.88,58.47,58.47,5947360
2004-08-09,55.77,56.51,55.52,56.01,56.01,9050798
2004-08-10,56.34,56.47,55.82,56.14,56.14,3964919
2004-08-11,57.32,57.64,57.15,57.39,57.39,4533350
2004-08-12,56.31,56.84,55.88,56.36,56.36,12193515
2004-08-13,56.38,56.65,55.71,56.18,56.18,4473560
2004-08-16,56.29,56.93,55.9,56.41,56.41,9898462
2004-08-17,55.06,55.73,54.62,55.18,55.18,8164116
2004-08-18,54.28,54.68,54.04,54.36,54.36,3292964
2004-08-19,54.7,55.33,54.27,54.8,54.8,5185844
2004-08-20,53.65,54.15,53.34,53.75,53.75,8482559
2004-08-23,54.41,54.74,53.81,54.27,54.27,6096951
2004-08-24,53.37,53.66,52.4,53.03,53.03,11478715
2004-08-25,51.98,52.75,51.62,52.18,52.18,8071354
2004-08-26,52.72,52.94,52.58,52.76,52.76,6141281
2004-08-27,53.37,53.79,53.27,53.53,53.53,5844157
2004-08-30,52.93,53.78,52.72,53.25,53.25,8619483
2004-08-31,54.0,54.63,53.52,54.08,54.08,4913244
2004-09-01,54.54,54.83,54.28,54.55,54.55,5427539
2004-09-02,54.23,54.62,52.94,53.78,53.78,5804019
2004-09-03,55.26,55.98,55.02,55.5,55.5,3538423
2004-09-06,54.26,54.6,53.97,54.28,54.28,5133564
2004-09-07,55.29,55.63,54.45,55.04,55.04,6360676
2004-09-08,55.83,56.16,55.36,55.76,55.76,5725217
2004-09-09,55.0,55.36,54.39,54.87,54.87,3522351
2004-09-10,54.72,54.86,54.25,54.55,54.55,5064637
2004-09-13,54.45,55.23,54.21,54.72,54.72,4075258
2004-09-14,53.74,54.0,53.12,53.56,53.56,3450514
2004-09-15,53.85,54.22,53.37,53.79,53.79,5827990
2004-09-16,54.08,54.51,53.77,54.14,54.14,7545262
2004-09-17,54.88,55.21,54.48,54.84,54.84,4886097
2004-09-20,53.57,53.82,53.45,53.63,53.63,2812525
2004-09-21,55.29,55.54,54.57,55.06,55.06,8880651
2004-09-22,54.43,55.02,54.12,54.57,54.57,7178127
2004-09-23,53.35,53.45,52.99,53.22,53.22,4522453
2004-09-24,53.95,54.44,53.3,53.87,53.87,8826157
2004-09-27,53.43,53.79,53.26,53.52,53.52,3681327
2004-09-28,54.65,54.9,53.98,54.44,54.44,6927078
2004-09-29,53.65,53.98,53.39,53.68,53.68,6391723
2004-09-30,52.06,52.52,51.83,52.18,52.18,12303712
2004-10-01,51.87,52.0,51.77,51.88,51.88,5083715
2004-10-04,52.69,53.03,52.06,52.54,52.54,7262011
2004-10-05,52.41,53.0,52.13,52.56,52.56,4440275
2004-10-06,51.95,52.55,51.78,52.17,52.17,3015197
2004-10-07,51.9,52.04,51.4,51.72,51.72,7869951
2004-10-08,52.55,52.79,52.27,52.53,52.53,9944228
2004-10-11,52.37,53.06,52.06,52.56,52.56,10837481
2004-10-12,52.54,53.32,52.13,52.72,52.72,3505977
2004-10-13,53.74,54.12,53.49,53.8,53.8,7663228
2004-10-14,53.55,53.87,53.21,53.54,53.54,4515163
2004-10-15,52.63,52.81,52.0,52.41,52.41,4390426
2004-10-18,53.45,54.03,53.15,53.59,53.59,6193534
2004-10-19,54.55,54.92,54.11,54.51,54.51,3485435
2004-10-20,54.95,55.19,54.34,54.76,54.76,7069712
2004-10-21,55.22,55.8,54.73,55.27,55.27,4300457
2004-10-22,55.32,55.59,54.87,55.23,55.23,10696779
2004-10-25,55.05,55.24,54.54,54.89,54.89,3261161
2004-10-26,55.84,55.94,55.44,55.69,55.69,2480594
2004-10-27,54.75,54.95,54.05,54.5,54.5,3631203
2004-10-28,54.06,54.61,53.05,53.83,53.83,11827660
2004-10-29,52.43,52.7,52.21,52.45,52.45,5396851
2004-11-01,52.22,52.69,52.06,52.38,52.38,6287143
2004-11-02,51.4,51.83,51.02,51.42,51.42,3144238
2004-11-03,51.81,52.06,51.62,51.84,51.84,9933655
2004-11-04,52.74,53.31,52.11,52.71,52.71,7285794
2004-11-05,52.73,53.35,52.53,52.94,52.94,7210791
2004-11-08,53.33,53.72,52.18,52.95,52.95,6583543
2004-11-09,52.79,53.25,52.04,52.64,52.64,8435151
2004-11-10,52.7,53.67,52.41,53.04,53.04,8157378
2004-11-11,52.89,53.08,52.3,52.69,52.69,9225065
2004-11-12,52.25,52.53,52.1,52.32,52.32,11183685
2004-11-15,52.33,52.98,51.98,52.48,52.48,3640906
2004-11-16,53.14,53.52,52.54,53.03,53.03,5062390
2004-11-17,52.8,52.97,52.13,52.55,52.55,4203520
2004-11-18,54.37,54.8,53.63,54.21,54.21,7368988
2004-11-19,53.59,53.71,53.46,53.58,53.58,4637291
2004-11-22,53.07,53.78,52.8,53.29,53.29,4173115
2004-11-23,55.49,55.8,54.6,55.2,55.2,5251261
2004-11-24,54.48,54.72,54.07,54.39,54.39,5385212
2004-11-25,54.51,54.84,54.19,54.51,54.51,2568510
2004-11-26,55.29,55.91,54.74,55.33,55.33,5571979
2004-11-29,56.41,56.78,55.92,56.35,56.35,5152108
2004-11-30,57.07,57.58,56.45,57.02,57.02,11766669
2004-12-01,59.22,59.34,58.76,59.05,59.05,10274030
2004-12-02,58.22,58.39,57.8,58.09,58.09,5577913
2004-12-03,56.97,57.45,56.79,57.12,57.12,5308459
2004-12-06,57.17,57.42,56.4,56.91,56.91,3958094
2004-12-07,56.08,56.64,55.62,56.13,56.13,4690696
2004-12-08,55.28,55.73,54.49,55.11,55.11,2463252
2004-12-09,55.1,55.31,54.46,54.89,54.89,10434797
2004-12-10,54.52,54.84,54.02,54.43,54.43,5013038
2004-12-13,55.14,55.66,54.53,55.09,55.09,3364662
2004-12-14,54.83,55.04,54.67,54.86,54.86,9179338
2004-12-15,54.95,55.1,54.44,54.77,54.77,5848384
2004-12-16,54.8,55.24,54.38,54.81,54.81,4017851
2004-12-17,53.86,54.3,53.25,53.78,53.78,8212724
2004-12-20,52.5,53.04,51.74,52.39,52.39,7238280
2004-12-21,53.93,54.05,53.63,53.84,53.84,5427679
2004-12-22,53.44,53.78,53.01,53.4,53.4,2248802
2004-12-23,52.78,52.81,52.77,52.79,52.79,8451885
2004-12-24,52.9,53.09,52.51,52.8,52.8,8465197
2004-12-27,52.88,53.34,52.35,52.85,52.85,3212534
2004-12-28,53.78,53.99,53.02,53.5,53.5,5101372
2004-12-29,52.79,53.36,52.45,52.9,52.9,5331107
2004-12-30,53.74,54.2,52.98,53.59,53.59,2731235
2004-12-31,54.87,55.55,54.33,54.94,54.94,5505105
2005-01-03,55.68,55.99,55.32,55.66,55.66,2574320
2005-01-04,54.62,55.17,54.45,54.81,54.81,6263215
2005-01-05,55.0,55.58,54.75,55.17,55.17,7100112
2005-01-06,55.34,55.61,54.83,55.22,55.22,5736223
2005-01-07,56.35,56.66,55.67,56.16,56.16,16175546
2005-01-10,56.38,56.55,55.85,56.2,56.2,9259636
2005-01-11,56.36,56.74,56.04,56.39,56.39,2730643
2005-01-12,58.6,59.24,58.0,58.62,58.62,4702392
2005-01-13,58.33,58.65,57.61,58.13,58.13,3074889
2005-01-14,56.73,57.27,56.37,56.82,56.82,8772092
2005-01-17,56.77,57.55,56.22,56.88,56.88,6353615
2005-01-18,57.2,57.47,56.71,57.09,57.09,7283324
2005-01-19,58.15,58.42,57.97,58.19,58.19,5347271
2005-01-20,56.67,57.17,56.22,56.7,56.7,3793646
2005-01-21,55.96,56.42,55.81,56.12,56.12,10841665
2005-01-24,55.53,55.82,55.28,55.55,55.55,3437784
2005-01-25,54.37,55.5,54.04,54.77,54.77,7071470
2005-01-26,55.08,55.3,54.42,54.86,54.86,5125650
2005-01-27,54.6,54.93,54.15,54.54,54.54,5079361
2005-01-28,54.78,55.74,54.54,55.14,55.14,7263946
2005-01-31,54.72,54.94,54.28,54.61,54.61,3461708
2005-02-01,56.13,56.74,55.85,56.29,56.29,9928998
2005-02-02,56.49,56.67,56.13,56.4,56.4,5396694
2005-02-03,55.54,56.14,55.19,55.67,55.67,6492550
2005-02-04,55.11,55.31,54.58,54.94,54.94,5193386
2005-02-07,53.96,54.63,53.68,54.16,54.16,5471069
2005-02-08,53.41,54.22,53.19,53.71,53.71,7032532
2005-02-09,52.79,53.03,52.09,52.56,52.56,3952889
2005-02-10,51.55,52.3,51.21,51.76,51.76,6812020
2005-02-11,53.71,54.92,53.3,54.11,54.11,4973783
2005-02-14,54.89,55.28,54.16,54.72,54.72,3284614
2005-02-15,54.12,54.63,53.45,54.04,54.04,5306707
2005-02-16,54.45,55.22,54.08,54.65,54.65,9981940
2005-02-17,54.41,54.76,53.95,54.36,54.36,5320124
2005-02-18,54.07,54.5,53.2,53.85,53.85,7928887
2005-02-21,53.35,53.74,52.98,53.36,53.36,6314484
2005-02-22,53.75,54.16,53.59,53.87,53.87,5283245
2005-02-23,53.33,53.64,53.19,53.42,53.42,2717284
2005-02-24,53.79,54.43,53.32,53.87,53.87,7165666
2005-02-25,54.3,54.57,54.06,54.32,54.32,6766957
2005-02-28,53.51,53.77,53.23,53.5,53.5,8498690
2005-03-01,53.09,53.76,52.82,53.29,53.29,3677758
2005-03-02,52.01,52.56,51.77,52.17,52.17,3258362
2005-03-03,52.21,52.24,52.08,52.16,52.16,5968809
2005-03-04,52.08,52.82,51.57,52.19,52.19,5961822
2005-03-07,50.75,51.01,50.48,50.74,50.74,4426391
2005-03-08,49.3,49.39,49.04,49.22,49.22,7478789
2005-03-09,50.54,50.76,50.31,50.53,50.53,6687698
2005-03-10,50.83,51.15,50.14,50.64,50.64,5508438
2005-03-11,51.3,51.93,51.06,51.49,51.49,7848838
2005-03-14,52.11,52.52,51.93,52.23,52.23,5320778
2005-03-15,52.4,52.8,52.2,52.5,52.5,4108504
2005-03-16,51.89,52.15,51.38,51.76,51.76,8735132
2005-03-17,50.96,51.32,50.57,50.95,50.95,4167535
2005-03-18,49.64,49.67,49.62,49.64,49.64,5833746
2005-03-21,51.0,51.33,50.72,51.02,51.02,4562117
2005-03-22,52.0,52.44,51.85,52.14,52.14,2413260
2005-03-23,53.12,53.43,52.43,52.93,52.93,8527135
2005-03-24,51.81,52.1,51.44,51.77,51.77,22068954
2005-03-25,53.57,53.71,53.23,53.47,53.47,5793911
2005-03-28,53.86,54.3,53.46,53.88,53.88,6553020
2005-03-29,52.42,52.83,52.22,52.52,52.52,6843513
2005-03-30,52.7,52.87,52.38,52.62,52.62,7046816
2005-03-31,53.35,53.65,53.16,53.41,53.41,4357973
2005-04-01,52.15,52.32,51.68,52.0,52.0,2596902
2005-04-04,51.69,51.97,51.32,51.65,51.65,5555854
2005-04-05,51.95,52.12,51.48,51.8,51.8,4380885
2005-04-06,51.11,51.82,50.8,51.31,51.31,6142386
2005-04-07,51.57,52.17,51.28,51.73,51.73,4314819
2005-04-08,52.27,52.44,51.95,52.19,52.19,6157931
2005-04-11,51.75,52.09,51.05,51.57,51.57,7352483
2005-04-12,52.35,52.61,51.92,52.27,52.27,4423247
2005-04-13,51.5,51.81,50.99,51.4,51.4,5849524
2005-04-14,52.05,52.56,51.6,52.08,52.08,3184641
2005-04-15,52.82,53.46,52.66,53.06,53.06,4679488
2005-04-18,53.14,53.55,52.76,53.16,53.16,4993232
2005-04-19,53.03,53.25,52.83,53.04,53.04,3635547
2005-04-20,53.6,54.43,53.22,53.83,53.83,11094248
2005-04-21,53.88,54.1,53.81,53.96,53.96,5022934
2005-04-22,54.19,54.45,53.84,54.14,54.14,5320125
2005-04-25,53.82,54.21,53.0,53.6,53.6,4562362
2005-04-26,53.6,54.31,53.02,53.67,53.67,2757075
2005-04-27,55.0,55.63,54.53,55.08,55.08,7832541
2005-04-28,55.47,55.87,55.11,55.49,55.49,6080737
2005-04-29,53.57,53.79,53.16,53.48,53.48,3718830
2005-05-02,53.33,53.58,53.08,53.33,53.33,4612080
2005-05-03,53.31,53.47,53.02,53.24,53.24,6709643
2005-05-04,52.57,53.32,52.33,52.82,52.82,3403734
2005-05-05,52.43,52.93,52.27,52.6,52.6,6032897
2005-05-06,53.35,53.73,53.11,53.42,53.42,5852972
2005-05-09,53.9,54.47,53.65,54.06,54.06,3876692
2005-05-10,55.64,55.79,55.16,55.47,55.47,9276978
2005-05-11,55.38,55.57,54.82,55.2,55.2,8673121
2005-05-12,54.29,54.89,53.89,54.39,54.39,5382715
2005-05-13,54.66,54.89,54.02,54.46,54.46,3600282
2005-05-16,54.11,54.42,53.44,53.93,53.93,5617341
2005-05-17,52.47,52.93,52.3,52.62,52.62,4607892
2005-05-18,52.25,52.68,52.07,52.37,52.37,2354572
2005-05-19,52.95,53.1,52.56,52.83,52.83,3950042
2005-05-20,52.59,53.49,52.26,52.87,52.87,7016535
2005-05-23,53.88,54.43,53.32,53.88,53.88,8016383
2005-05-24,55.04,55.41,54.62,55.02,55.02,6846480
2005-05-25,54.91,55.15,54.12,54.64,54.64,3362278
2005-05-26,54.19,55.06,53.95,54.51,54.51,3510247
2005-05-27,53.29,53.83,53.04,53.44,53.44,4131875
2005-05-30,53.96,54.6,53.4,54.0,54.0,2247344
2005-05-31,54.28,54.63,53.71,54.17,54.17,4678904
2005-06-01,54.94,55.49,54.3,54.89,54.89,3500668
2005-06-02,53.26,54.35,52.8,53.57,53.57,16477104
2005-06-03,53.18,53.42,52.75,53.08,53.08,3061877
2005-06-06,53.08,53.37,52.08,52.73,52.73,2542329
2005-06-07,51.7,51.87,51.14,51.5,51.5,2763252
2005-06-08,53.07,53.43,52.51,52.97,52.97,4727178
2005-06-09,53.17,53.64,52.95,53.3,53.3,7897181
2005-06-10,52.93,53.34,52.81,53.07,53.07,7565102
2005-06-13,52.11,52.36,51.84,52.1,52.1,4625819
2005-06-14,52.13,52.84,51.2,52.02,52.02,7043711
2005-06-15,51.08,51.26,50.65,50.95,50.95,4310425
2005-06-16,51.47,51.75,51.04,51.4,51.4,4347848
2005-06-17,51.08,51.9,50.86,51.38,51.38,5046923
2005-06-20,51.03,51.4,50.75,51.07,51.07,6028075
2005-06-21,51.0,51.34,50.54,50.94,50.94,9621876
2005-06-22,51.86,52.01,51.41,51.71,51.71,7817463
2005-06-23,51.27,51.76,50.74,51.25,51.25,6210913
2005-06-24,51.27,51.83,51.02,51.43,51.43,3824655
2005-06-27,51.24,51.72,51.07,51.39,51.39,6008724
2005-06-28,50.93,51.26,50.47,50.87,50.87,3195804
2005-06-29,50.51,51.16,50.32,50.74,50.74,5766860
2005-06-30,51.04,51.35,50.53,50.94,50.94,3825317
2005-07-01,51.08,51.48,50.53,51.01,51.01,6214400
2005-07-04,50.74,51.02,50.54,50.78,50.78,5378301
2005-07-05,50.14,50.5,49.86,50.18,50.18,1783406
2005-07-06,50.95,51.09,50.48,50.79,50.79,4852687
2005-07-07,50.36,50.66,50.04,50.35,50.35,5452792
2005-07-08,49.7,50.32,49.48,49.9,49.9,8117322
2005-07-11,49.73,50.11,49.45,49.78,49.78,5197900
2005-07-12,50.41,50.82,49.59,50.21,50.21,5221994
2005-07-13,48.82,48.97,48.48,48.73,48.73,8054053
2005-07-14,47.63,48.13,47.2,47.66,47.66,4763352
2005-07-15,47.65,48.11,47.3,47.71,47.71,6483030
2005-07-18,46.79,47.16,46.24,46.7,46.7,3124947
2005-07-19,47.12,47.61,46.93,47.27,47.27,8504447
2005-07-20,46.28,46.44,45.72,46.08,46.08,4565653
2005-07-21,45.48,45.69,45.4,45.54,45.54,6548909
2005-07-22,44.98,45.08,44.75,44.92,44.92,4346020
2005-07-25,44.99,45.53,44.73,45.13,45.13,4817301
2005-07-26,45.35,45.74,45.16,45.45,45.45,4941075
2005-07-27,45.1,45.6,44.84,45.22,45.22,6113503
2005-07-28,43.65,44.34,43.25,43.8,43.8,6787341
2005-07-29,43.71,44.18,43.5,43.84,43.84,10418817
2005-08-01,44.58,44.68,44.26,44.47,44.47,3615070
2005-08-02,44.33,44.55,44.22,44.39,44.39,2298104
2005-08-03,45.26,45.47,45.13,45.3,45.3,4640294
2005-08-04,45.17,45.7,44.94,45.32,45.32,4910314
2005-08-05,45.12,45.59,44.99,45.29,45.29,7723808
2005-08-08,46.39,46.75,46.03,46.39,46.39,1829397
2005-08-09,44.93,45.19,44.69,44.94,44.94,4748383
2005-08-10,45.83,46.43,45.64,46.03,46.03,9780057
2005-08-11,44.96,45.36,44.68,45.02,45.02,5212938
2005-08-12,45.24,45.53,45.07,45.3,45.3,9770421
2005-08-15,46.02,46.27,45.81,46.04,46.04,3383988
2005-08-16,46.08,46.5,45.3,45.9,45.9,12169169
2005-08-17,47.43,47.84,46.88,47.36,47.36,4771558
2005-08-18,47.14,47.36,46.5,46.93,46.93,6277631
2005-08-19,47.92,48.46,47.57,48.01,48.01,4305743
2005-08-22,47.27,48.01,47.06,47.53,47.53,3044975
2005-08-23,49.07,49.53,48.67,49.1,49.1,5857218
2005-08-24,49.04,49.24,48.66,48.95,48.95,7835312
2005-08-25,48.47,48.9,48.28,48.59,48.59,5184481
2005-08-26,49.34,49.57,48.6,49.08,49.08,5486045
2005-08-29,47.86,48.04,47.35,47.7,47.7,2571780
2005-08-30,47.79,48.24,47.52,47.88,47.88,6822550
2005-08-31,48.05,48.08,47.98,48.03,48.03,9412749
2005-09-01,48.47,48.82,47.98,48.4,48.4,5981301
2005-09-02,49.07,49.39,48.5,48.95,48.95,6458759
2005-09-05,46.95,47.88,46.72,47.3,47.3,3322880
2005-09-06,47.33,47.79,47.06,47.43,47.43,4800644
2005-09-07,46.44,46.99,45.94,46.47,46.47,4952315
2005-09-08,46.73,47.02,46.35,46.69,46.69,5419309
2005-09-09,47.92,48.29,46.95,47.62,47.62,7057336
2005-09-12,47.65,48.17,46.94,47.55,47.55,4177779
2005-09-13,46.87,47.68,46.58,47.13,47.13,4869712
2005-09-14,45.7,46.21,45.49,45.85,45.85,8086564
2005-09-15,44.91,45.39,44.79,45.09,45.09,5706209
2005-09-16,44.6,44.81,43.83,44.32,44.32,7133999
2005-09-19,44.61,45.16,44.27,44.72,44.72,5270641
2005-09-20,43.94,44.35,43.49,43.92,43.92,5668153
2005-09-21,43.59,43.71,43.21,43.46,43.46,6349384
2005-09-22,44.01,44.09,43.8,43.95,43.95,6536253
2005-09-23,44.41,44.67,43.9,44.29,44.29,6195678
2005-09-26,44.89,45.54,44.57,45.06,45.06,3812296
2005-09-27,44.78,44.92,44.72,44.82,44.82,5450366
2005-09-28,44.49,45.17,44.3,44.73,44.73,4606634
2005-09-29,44.59,45.13,44.33,44.73,44.73,4017978
2005-09-30,44.92,45.36,44.3,44.83,44.83,10357456
2005-10-03,44.38,44.85,43.97,44.41,44.41,6565393
2005-10-04,44.05,44.2,43.62,43.91,43.91,6606404
2005-10-05,43.06,43.37,42.78,43.07,43.07,3325726
2005-10-06,43.39,43.61,43.06,43.33,43.33,4592753
2005-10-07,42.99,43.54,42.54,43.04,43.04,4936991
2005-10-10,43.09,43.72,42.82,43.27,43.27,2653053
2005-10-11,43.16,43.31,42.68,42.99,42.99,6304477
2005-10-12,42.74,43.0,42.33,42.66,42.66,5112948
2005-10-13,43.66,43.84,43.01,43.43,43.43,12010006
2005-10-14,43.63,43.79,43.04,43.42,43.42,4474538
2005-10-17,43.49,43.81,43.14,43.47,43.47,2899398
2005-10-18,43.59,43.98,43.22,43.6,43.6,2409764
2005-10-19,43.89,44.11,43.38,43.74,43.74,8605389
2005-10-20,43.68,43.85,43.24,43.54,43.54,5135065
2005-10-21,43.22,43.43,43.08,43.26,43.26,3816033
2005-10-24,43.6,43.76,43.12,43.44,43.44,4318907
2005-10-25,44.13,44.72,43.93,44.33,44.33,3217009
2005-10-26,45.45,45.52,45.31,45.42,45.42,2633867
2005-10-27,45.39,45.61,44.67,45.14,45.14,4394756
2005-10-28,44.78,45.36,44.46,44.91,44.91,8585021
2005-10-31,44.69,45.36,44.5,44.93,44.93,6018197
2005-11-01,45.08,45.47,44.73,45.1,45.1,3727015
2005-11-02,46.51,46.94,45.66,46.3,46.3,2800829
2005-11-03,45.56,45.8,44.98,45.39,45.39,10792791
2005-11-04,45.31,45.78,45.08,45.43,45.43,6245197
2005-11-07,45.73,45.98,45.67,45.82,45.82,5511475
2005-11-08,46.36,46.81,45.6,46.21,46.21,9138490
2005-11-09,46.48,46.69,46.37,46.53,46.53,9887791
2005-11-10,46.04,46.19,45.61,45.9,45.9,4938793
2005-11-11,46.46,47.11,46.28,46.69,46.69,9277901
2005-11-14,46.71,47.12,46.61,46.86,46.86,4953070
2005-11-15,47.39,47.81,46.8,47.31,47.31,5862389
2005-11-16,47.68,48.14,47.3,47.72,47.72,3494049
2005-11-17,46.63,46.85,46.54,46.69,46.69,4144598
2005-11-18,47.4,47.65,46.84,47.24,47.24,4035701
2005-11-21,47.2,47.61,46.96,47.28,47.28,2394473
2005-11-22,47.52,47.72,46.89,47.31,47.31,4825880
2005-11-23,46.82,46.84,46.8,46.82,46.82,4380170
2005-11-24,48.02,48.35,47.61,47.98,47.98,7072247
2005-11-25,46.43,46.87,46.31,46.59,46.59,5591238
2005-11-28,46.84,47.13,46.35,46.74,46.74,5876269
2005-11-29,46.98,47.37,46.86,47.11,47.11,5704554
2005-11-30,47.18,47.93,46.75,47.34,47.34,3765613
2005-12-01,46.65,47.04,46.5,46.77,46.77,7963257
2005-12-02,47.64,47.83,46.97,47.4,47.4,5163245
2005-12-05,47.14,47.89,46.77,47.33,47.33,6494132
2005-12-06,47.7,47.89,47.36,47.62,47.62,2955445
2005-12-07,47.35,48.13,46.99,47.56,47.56,4727345
2005-12-08,46.42,46.78,45.99,46.39,46.39,4940352
2005-12-09,45.79,46.02,45.16,45.59,45.59,2778123
2005-12-12,45.62,46.0,45.31,45.65,45.65,3070422
2005-12-13,47.46,47.58,47.18,47.38,47.38,3731261
2005-12-14,47.16,47.42,46.8,47.11,47.11,8280590
2005-12-15,46.21,46.52,45.95,46.24,46.24,5851111
2005-12-16,45.74,46.44,45.48,45.96,45.96,4612602
2005-12-19,45.72,45.89,45.05,45.47,45.47,5834666
2005-12-20,44.97,45.0,44.94,44.97,44.97,7028789
2005-12-21,46.59,47.21,46.11,46.66,46.66,9129245
2005-12-22,46.36,46.71,46.11,46.41,46.41,8691001
2005-12-23,44.88,45.08,44.42,44.75,44.75,10542169
2005-12-26,45.43,45.7,44.91,45.31,45.31,4057805
2005-12-27,44.65,44.91,44.52,44.71,44.71,6624368
2005-12-28,44.43,44.63,43.66,44.14,44.14,5786039
2005-12-29,44.98,45.22,44.28,44.75,44.75,8123453
2005-12-30,46.08,46.41,45.84,46.13,46.13,6374204
2006-01-02,46.08,46.14,46.06,46.1,46.1,6354369
2006-01-03,45.91,46.52,45.7,46.11,46.11,6649783
2006-01-04,46.92,47.15,46.13,46.64,46.64,4433671
2006-01-05,47.27,47.48,46.94,47.21,47.21,3142053
2006-01-06,47.21,47.54,46.87,47.21,47.21,3252676
2006-01-09,45.77,46.58,45.38,45.98,45.98,4163633
2006-01-10,46.33,47.15,46.12,46.63,46.63,2992084
2006-01-11,46.38,46.5,46.15,46.33,46.33,2802962
2006-01-12,47.09,47.38,46.36,46.87,46.87,4453484
2006-01-13,47.64,48.0,47.16,47.58,47.58,10971067
2006-01-16,47.48,47.8,47.27,47.54,47.54,6870433
2006-01-17,46.44,46.89,46.24,46.57,46.57,7368927
2006-01-18,46.24,46.53,45.97,46.25,46.25,3602702
2006-01-19,46.55,46.67,46.11,46.39,46.39,3103634
2006-01-20,46.41,47.09,46.02,46.55,46.55,7221505
2006-01-23,46.36,46.62,45.75,46.19,46.19,6039757
2006-01-24,47.04,47.28,46.36,46.82,46.82,4751303
2006-01-25,47.63,47.7,47.31,47.51,47.51,4879979
2006-01-26,48.11,48.44,47.94,48.19,48.19,5587421
2006-01-27,49.19,49.89,48.87,49.38,49.38,8883706
2006-01-30,49.86,50.23,49.77,50.0,50.0,6056558
2006-01-31,49.8,50.05,49.38,49.71,49.71,4604614
2006-02-01,49.39,49.75,49.03,49.39,49.39,4856859
2006-02-02,49.25,49.62,48.37,49.0,49.0,5207323
2006-02-03,48.09,48.57,47.64,48.1,48.1,8095615
2006-02-06,47.82,48.38,47.31,47.84,47.84,7030575
2006-02-07,47.05,47.34,46.79,47.07,47.07,7246078
2006-02-08,47.11,47.49,46.69,47.09,47.09,4231558
2006-02-09,47.33,47.61,47.23,47.42,47.42,10155508
2006-02-10,47.67,47.86,47.12,47.49,47.49,10771382
2006-02-13,46.68,46.93,45.94,46.43,46.43,6889062
2006-02-14,44.86,45.44,44.63,45.04,45.04,3359523
2006-02-15,45.61,46.27,45.33,45.8,45.8,2092919
2006-02-16,45.12,45.62,44.9,45.26,45.26,5165000
2006-02-17,45.61,45.94,45.29,45.62,45.62,5467010
2006-02-20,45.51,45.86,45.09,45.47,45.47,5485087
2006-02-21,44.6,45.29,44.23,44.76,44.76,14354158
2006-02-22,44.52,44.69,44.15,44.42,44.42,4406514
2006-02-23,44.28,44.82,43.8,44.31,44.31,8216783
2006-02-24,43.71,44.09,43.16,43.62,43.62,3657044
2006-02-27,42.85,43.01,42.4,42.71,42.71,7667528
2006-02-28,42.88,43.1,42.41,42.76,42.76,5863848
2006-03-01,43.24,43.38,42.75,43.06,43.06,6914382
2006-03-02,42.47,43.05,41.82,42.44,42.44,11710109
2006-03-03,42.03,42.35,41.79,42.07,42.07,5731662
2006-03-06,42.49,43.12,42.28,42.7,42.7,4817822
2006-03-07,42.45,42.95,42.13,42.54,42.54,3704699
2006-03-08,44.02,44.33,43.59,43.96,43.96,4949850
2006-03-09,43.3,43.67,43.1,43.38,43.38,4794564
2006-03-10,43.84,44.29,43.4,43.85,43.85,9655786
2006-03-13,44.24,44.76,43.84,44.3,44.3,2408995
2006-03-14,43.85,43.89,43.75,43.82,43.82,4931677
2006-03-15,43.71,43.83,43.66,43.74,43.74,5365092
2006-03-16,45.13,45.53,44.56,45.04,45.04,9373768
2006-03-17,44.52,44.74,44.45,44.6,44.6,8065960
2006-03-20,46.77,46.81,46.75,46.78,46.78,11308491
2006-03-21,46.92,47.17,46.74,46.96,46.96,7426595
2006-03-22,45.76,46.01,45.33,45.67,45.67,9088245
2006-03-23,45.06,45.46,44.82,45.14,45.14,5407068
2006-03-24,43.36,43.6,43.1,43.35,43.35,3030858
2006-03-27,43.61,43.89,43.27,43.58,43.58,5442556
2006-03-28,44.34,44.62,43.98,44.3,44.3,8112893
2006-03-29,44.18,44.42,43.94,44.18,44.18,4884275
2006-03-30,44.51,44.64,44.03,44.34,44.34,6206647
2006-03-31,43.82,44.13,43.39,43.76,43.76,2861938
2006-04-03,43.19,43.67,43.03,43.35,43.35,11106846
2006-04-04,44.38,44.7,44.23,44.46,44.46,3778505
2006-04-05,44.0,44.23,43.55,43.89,43.89,4315351
2006-04-06,43.76,44.04,43.29,43.67,43.67,11973000
2006-04-07,43.58,43.84,43.04,43.44,43.44,3362976
2006-04-10,43.62,44.17,42.96,43.56,43.56,4668340
2006-04-11,44.12,44.25,43.66,43.96,43.96,3360961
2006-04-12,42.4,42.62,42.1,42.36,42.36,5898686
2006-04-13,42.33,42.49,42.0,42.25,42.25,8145890
2006-04-14,41.54,42.12,41.33,41.73,41.73,4024600
2006-04-17,42.19,42.48,41.91,42.19,42.19,5314689
2006-04-18,42.83,43.21,42.45,42.83,42.83,6409761
2006-04-19,42.79,43.32,42.53,42.92,42.92,2981860
2006-04-20,41.19,41.38,41.06,41.22,41.22,3723433
2006-04-21,40.84,41.29,40.3,40.8,40.8,5352276
2006-04-24,40.44,40.73,40.21,40.47,40.47,6097226
2006-04-25,40.21,40.63,39.79,40.21,40.21,5188753
2006-04-26,39.85,40.46,39.48,39.97,39.97,5665864
2006-04-27,39.16,39.59,38.89,39.24,39.24,3261359
2006-04-28,40.16,40.37,39.72,40.04,40.04,3267138
2006-05-01,38.79,39.17,38.64,38.9,38.9,5019676
2006-05-02,39.17,39.38,39.04,39.21,39.21,3243068
2006-05-03,39.54,39.81,39.04,39.43,39.43,4102919
2006-05-04,40.0,40.27,39.42,39.85,39.85,9601925
2006-05-05,39.17,39.62,38.99,39.3,39.3,5946701
2006-05-08,39.43,39.68,39.17,39.42,39.42,6116744
2006-05-09,39.64,40.0,39.31,39.66,39.66,2475609
2006-05-10,39.22,39.28,39.2,39.24,39.24,5205927
2006-05-11,39.28,39.6,38.77,39.19,39.19,5805258
2006-05-12,39.44,39.61,39.11,39.36,39.36,3092136
2006-05-15,38.95,39.23,38.63,38.93,38.93,9243239
2006-05-16,38.79,39.19,38.67,38.93,38.93,4429450
2006-05-17,39.51,39.61,39.25,39.43,39.43,4298887
2006-05-18,40.47,40.82,40.24,40.53,40.53,9577146
2006-05-19,40.36,40.49,40.18,40.34,40.34,5726766
2006-05-22,40.21,40.31,39.79,40.05,40.05,8109068
2006-05-23,39.72,40.03,39.44,39.73,39.73,6081011
2006-05-24,39.78,40.09,38.81,39.45,39.45,4189614
2006-05-25,38.72,39.03,38.34,38.69,38.69,4632902
2006-05-26,38.92,39.38,38.78,39.08,39.08,4170173
2006-05-29,38.94,39.34,38.64,38.99,38.99,4324691
2006-05-30,39.68,39.84,39.42,39.63,39.63,4143179
2006-05-31,39.54,39.72,39.09,39.41,39.41,2820633
2006-06-01,39.96,40.33,39.67,40.0,40.0,5074265
2006-06-02,40.18,40.73,39.84,40.28,40.28,4283637
2006-06-05,39.38,39.9,38.94,39.42,39.42,2344069
2006-06-06,38.57,38.69,38.42,38.55,38.55,4731816
2006-06-07,38.23,38.54,38.0,38.27,38.27,7303843
2006-06-08,37.24,37.72,37.09,37.4,37.4,4712294
2006-06-09,37.29,37.73,36.81,37.27,37.27,6684022
2006-06-12,37.54,38.06,37.28,37.67,37.67,5414167
2006-06-13,37.79,37.95,37.5,37.72,37.72,6447612
2006-06-14,36.98,37.07,36.81,36.94,36.94,3554035
2006-06-15,37.91,38.3,37.55,37.93,37.93,4626130
2006-06-16,38.02,38.11,37.71,37.91,37.91,5328628
2006-06-19,38.73,39.21,38.58,38.89,38.89,3654838
2006-06-20,38.59,38.99,38.35,38.67,38.67,8928301
2006-06-21,38.63,38.83,38.14,38.49,38.49,4737509
2006-06-22,38.96,39.2,38.26,38.73,38.73,7748739
2006-06-23,39.52,39.54,39.5,39.52,39.52,10671985
2006-06-26,39.2,39.87,39.02,39.45,39.45,4892185
2006-06-27,40.78,41.12,40.15,40.63,40.63,4909983
2006-06-28,41.2,41.52,41.0,41.26,41.26,5500921
2006-06-29,40.79,41.22,40.56,40.89,40.89,5866343
2006-06-30,40.12,40.29,39.57,39.93,39.93,5466518
2006-07-03,40.26,40.4,39.72,40.06,40.06,6653497
2006-07-04,39.12,39.26,38.68,38.97,38.97,5035743
2006-07-05,39.39,39.85,39.17,39.51,39.51,5639586
2006-07-06,39.15,39.44,38.87,39.15,39.15,2942995
2006-07-07,38.68,38.97,38.51,38.74,38.74,7748164
2006-07-10,38.59,38.74,38.32,38.53,38.53,4530944
2006-07-11,38.78,39.1,38.45,38.77,38.77,4840803
2006-07-12,39.46,39.82,39.15,39.49,39.49,4886489
2006-07-13,38.69,39.22,38.24,38.73,38.73,7008868
2006-07-14,38.92,39.25,38.72,38.98,38.98,4321006
2006-07-17,39.93,40.29,39.31,39.8,39.8,2727920
2006-07-18,39.24,40.13,38.96,39.55,39.55,6046630
2006-07-19,39.21,39.94,39.01,39.47,39.47,8271844
2006-07-20,38.7,39.04,38.54,38.79,38.79,5699258
2006-07-21,39.34,39.43,39.13,39.28,39.28,12017612
2006-07-24,38.91,39.12,38.63,38.88,38.88,6652403
2006-07-25,39.21,39.53,38.71,39.12,39.12,3003941
2006-07-26,38.46,38.69,38.19,38.44,38.44,4708582
2006-07-27,37.95,38.06,37.8,37.93,37.93,8281440
2006-07-28,37.38,37.5,37.25,37.37,37.37,4491148
2006-07-31,37.22,37.58,36.64,37.11,37.11,6829210
2006-08-01,36.31,36.53,36.14,36.34,36.34,5979082
2006-08-02,36.53,37.05,36.36,36.71,36.71,7741084
2006-08-03,36.39,36.76,36.21,36.49,36.49,10770708
2006-08-04,36.53,36.78,36.29,36.54,36.54,6474248
2006-08-07,36.04,36.43,35.92,36.18,36.18,7141921
2006-08-08,36.08,36.2,36.01,36.1,36.1,4757790
2006-08-09,36.77,36.93,36.5,36.71,36.71,6437607
2006-08-10,36.27,36.81,36.0,36.41,36.41,12273044
2006-08-11,36.65,36.87,36.53,36.7,36.7,6982528
2006-08-14,36.32,36.45,36.16,36.3,36.3,5462068
2006-08-15,36.9,36.99,36.78,36.88,36.88,3204258
2006-08-16,36.59,36.65,36.56,36.6,36.6,6763911
2006-08-17,37.71,38.11,37.35,37.73,37.73,5004943
2006-08-18,37.84,38.01,37.58,37.8,37.8,3491915
2006-08-21,37.81,38.45,37.52,37.98,37.98,9749631
2006-08-22,37.06,38.14,36.71,37.43,37.43,2938588
2006-08-23,36.83,37.01,36.55,36.78,36.78,10619719
2006-08-24,36.35,36.51,36.1,36.3,36.3,2332839
2006-08-25,36.54,36.91,36.17,36.54,36.54,5472552
2006-08-28,36.61,36.85,36.26,36.56,36.56,4310223
2006-08-29,37.02,37.17,36.65,36.91,36.91,4789656
2006-08-30,37.67,37.99,37.01,37.5,37.5,3438671
2006-08-31,37.98,38.13,37.69,37.91,37.91,5589703
2006-09-01,36.89,37.33,36.55,36.94,36.94,4877378
2006-09-04,35.92,36.51,35.58,36.05,36.05,7439949
2006-09-05,36.5,36.65,35.97,36.31,36.31,4763452
2006-09-06,36.03,36.36,35.58,35.97,35.97,4255852
2006-09-07,35.75,36.05,35.63,35.84,35.84,3916012
2006-09-08,36.34,36.53,36.1,36.31,36.31,8395178
2006-09-11,35.53,35.97,34.86,35.42,35.42,10391183
2006-09-12,35.69,36.12,35.15,35.64,35.64,3718035
2006-09-13,35.23,35.65,35.03,35.34,35.34,6961186
2006-09-14,35.33,35.68,35.18,35.43,35.43,5036205
2006-09-15,35.45,35.69,35.12,35.41,35.41,6506923
2006-09-18,35.72,36.09,35.42,35.75,35.75,4677038
2006-09-19,34.74,35.27,34.41,34.84,34.84,8524482
2006-09-20,34.97,35.39,34.8,35.09,35.09,6348074
2006-09-21,34.91,35.11,34.86,34.98,34.98,7771176
2006-09-22,34.38,34.89,34.21,34.55,34.55,6921920
2006-09-25,34.69,34.84,34.19,34.52,34.52,13604166
2006-09-26,34.26,34.59,33.96,34.28,34.28,4477050
2006-09-27,33.91,34.1,33.63,33.86,33.86,5027040
2006-09-28,33.48,33.71,33.33,33.52,33.52,5182310
2006-09-29,33.66,33.92,33.21,33.57,33.57,5065770
2006-10-02,33.74,34.25,33.36,33.8,33.8,10375489
2006-10-03,33.67,33.84,33.52,33.68,33.68,5031885
2006-10-04,33.93,34.13,33.47,33.8,33.8,8027127
2006-10-05,34.07,34.5,33.75,34.12,34.12,6685909
2006-10-06,33.81,34.05,33.72,33.88,33.88,7788316
2006-10-09,34.54,35.14,34.24,34.69,34.69,7518270
2006-10-10,34.3,34.43,33.95,34.19,34.19,6476755
2006-10-11,33.93,34.07,33.76,33.92,33.92,5944970
2006-10-12,33.62,33.93,33.28,33.6,33.6,9634659
2006-10-13,33.78,33.99,33.52,33.75,33.75,7036384
2006-10-16,33.75,33.79,33.62,33.71,33.71,6698093
2006-10-17,33.47,33.66,33.23,33.44,33.44,6678758
2006-10-18,33.72,33.98,33.44,33.71,33.71,4359608
2006-10-19,33.49,33.61,33.14,33.37,33.37,3171289
2006-10-20,34.05,34.35,33.7,34.03,34.03,5521841
2006-10-23,33.57,33.66,33.46,33.56,33.56,2724205
2006-10-24,33.38,33.78,33.19,33.49,33.49,4592575
2006-10-25,34.11,34.45,33.82,34.13,34.13,3354618
2006-10-26,34.11,34.34,33.73,34.03,34.03,6408361
2006-10-27,33.41,33.79,33.22,33.51,33.51,3511488
2006-10-30,33.43,33.84,33.21,33.52,33.52,3901126
2006-10-31,33.2,33.32,33.16,33.24,33.24,6561925
2006-11-01,32.85,33.4,32.58,32.99,32.99,3522645
2006-11-02,32.56,32.84,32.16,32.5,32.5,7212965
2006-11-03,32.38,32.55,32.17,32.36,32.36,8930080
2006-11-06,32.17,32.34,31.99,32.17,32.17,6518105
2006-11-07,31.67,31.88,31.56,31.72,31.72,14716860
2006-11-08,31.64,31.82,31.15,31.48,31.48,4599419
2006-11-09,31.75,32.15,31.5,31.83,31.83,3330831
2006-11-10,32.41,32.76,32.29,32.52,32.52,7530103
2006-11-13,33.08,33.19,32.93,33.06,33.06,4785523
2006-11-14,33.97,34.04,33.81,33.92,33.92,5926643
2006-11-15,33.66,34.1,33.53,33.82,33.82,4500203
2006-11-16,33.34,33.6,32.91,33.25,33.25,4015404
2006-11-17,33.02,33.34,32.56,32.95,32.95,8917201
2006-11-20,32.43,32.65,32.11,32.38,32.38,3135036
2006-11-21,32.49,32.93,32.37,32.65,32.65,3974936
2006-11-22,33.0,33.16,32.41,32.78,32.78,4037480
2006-11-23,32.37,32.54,31.77,32.15,32.15,11651361
2006-11-24,31.8,32.28,31.55,31.91,31.91,5280985
2006-11-27,31.76,32.16,31.54,31.85,31.85,3556693
2006-11-28,31.93,32.37,31.77,32.07,32.07,7384173
2006-11-29,32.7,33.01,32.44,32.73,32.73,4077041
2006-11-30,33.37,33.52,33.07,33.3,33.3,4412331
2006-12-01,33.28,33.53,32.89,33.21,33.21,2503222
2006-12-04,32.93,33.17,32.66,32.91,32.91,6731964
2006-12-05,32.41,32.49,32.09,32.29,32.29,7241271
2006-12-06,31.48,31.5,31.44,31.47,31.47,3232615
2006-12-07,31.44,31.77,31.15,31.46,31.46,4033801
2006-12-08,30.46,30.66,30.24,30.45,30.45,10811711
2006-12-11,31.05,31.3,30.84,31.07,31.07,2744564
2006-12-12,31.23,31.31,31.02,31.16,31.16,6875939
2006-12-13,31.08,31.22,30.62,30.92,30.92,6451006
2006-12-14,31.35,31.52,31.2,31.36,31.36,4025046
2006-12-15,30.97,31.19,30.87,31.03,31.03,3783495
2006-12-18,31.02,31.13,30.68,30.91,30.91,2971660
2006-12-19,31.29,31.5,30.75,31.13,31.13,3655286
2006-12-20,31.38,31.48,31.02,31.25,31.25,8914719
2006-12-21,31.24,31.34,31.0,31.17,31.17,5855149
2006-12-22,31.12,31.36,31.01,31.19,31.19,6452231
2006-12-25,31.0,31.31,30.68,30.99,30.99,4529066
2006-12-26,31.8,32.04,31.67,31.85,31.85,2974704
2006-12-27,32.24,32.69,32.07,32.38,32.38,6412052
2006-12-28,31.81,32.16,31.7,31.93,31.93,9367804
2006-12-29,31.59,31.81,31.48,31.65,31.65,6005478
2007-01-01,31.0,31.27,30.66,30.97,30.97,8338159
2007-01-02,30.92,31.16,30.74,30.95,30.95,5709965
2007-01-03,31.48,31.76,31.23,31.5,31.5,2581007
2007-01-04,31.29,31.51,31.11,31.31,31.31,9334300
2007-01-05,31.85,32.11,31.74,31.93,31.93,5217329
2007-01-08,31.92,32.02,31.84,31.93,31.93,4564492
2007-01-09,31.77,31.93,31.71,31.82,31.82,5541052
2007-01-10,32.02,32.5,31.88,32.19,32.19,7015463
2007-01-11,31.92,32.3,31.46,31.88,31.88,7081083
2007-01-12,31.0,31.23,30.94,31.08,31.08,3759502
2007-01-15,31.36,31.58,31.18,31.38,31.38,7776407
2007-01-16,31.12,31.43,30.93,31.18,31.18,6279316
2007-01-17,31.2,31.49,30.96,31.23,31.23,4299147
2007-01-18,30.89,31.08,30.72,30.9,30.9,2523647
2007-01-19,30.73,31.19,30.46,30.83,30.83,4141022
2007-01-22,30.28,30.62,30.13,30.38,30.38,5181454
2007-01-23,29.88,30.08,29.64,29.86,29.86,4763502
2007-01-24,30.02,30.11,29.72,29.92,29.92,6115814
2007-01-25,29.63,29.89,29.42,29.66,29.66,4788626
2007-01-26,29.58,29.78,29.39,29.58,29.58,5154795
2007-01-29,30.71,30.83,30.61,30.72,30.72,4191541
2007-01-30,30.27,30.85,29.96,30.4,30.4,8800246
2007-01-31,30.26,30.51,29.95,30.23,30.23,3843427
2007-02-01,30.72,31.0,30.63,30.81,30.81,9372002
2007-02-02,31.36,31.46,31.04,31.25,31.25,6372305
2007-02-05,30.94,31.18,30.47,30.83,30.83,5139318
2007-02-06,30.16,30.4,29.96,30.18,30.18,3436453
2007-02-07,29.35,29.4,29.3,29.35,29.35,4454431
2007-02-08,29.72,29.93,29.43,29.68,29.68,7702869
2007-02-09,30.27,30.37,29.97,30.17,30.17,6026618
2007-02-12,30.32,30.73,30.18,30.45,30.45,4196979
2007-02-13,31.23,31.28,31.13,31.21,31.21,8015543
2007-02-14,30.23,30.47,29.93,30.2,30.2,6422489
2007-02-15,30.31,30.52,29.89,30.21,30.21,5756550
2007-02-16,30.26,30.44,29.84,30.14,30.14,5003539
2007-02-19,30.16,30.6,30.0,30.3,30.3,9092681
2007-02-20,29.92,30.29,29.44,29.86,29.86,7369794
2007-02-21,29.69,30.06,29.57,29.81,29.81,4461256
2007-02-22,30.88,31.06,30.55,30.8,30.8,5681253
2007-02-23,31.25,31.45,31.16,31.3,31.3,4322758
2007-02-26,31.4,31.7,31.31,31.51,31.51,11565507
2007-02-27,31.73,31.87,31.37,31.62,31.62,2781213
2007-02-28,31.74,31.82,31.68,31.75,31.75,9115202
2007-03-01,30.92,31.08,30.86,30.97,30.97,8680768
2007-03-02,31.15,31.38,31.07,31.22,31.22,3210173
2007-03-05,30.76,31.11,30.44,30.78,30.78,9591156
2007-03-06,31.28,31.65,30.98,31.31,31.31,2982509
2007-03-07,31.34,31.66,30.97,31.31,31.31,6250284
2007-03-08,31.22,31.4,30.83,31.11,31.11,6099169
2007-03-09,31.06,31.33,30.94,31.14,31.14,5538081
2007-03-12,30.7,30.75,30.59,30.67,30.67,11227109
2007-03-13,30.7,30.91,30.43,30.67,30.67,9227163
2007-03-14,31.97,32.04,31.73,31.88,31.88,7334237
2007-03-15,32.85,33.09,32.48,32.79,32.79,4673825
2007-03-16,32.27,32.44,31.89,32.16,32.16,10240787
2007-03-19,31.51,31.89,31.38,31.64,31.64,2848765
2007-03-20,31.61,32.03,31.32,31.67,31.67,9272952
2007-03-21,30.89,30.96,30.82,30.89,30.89,4825439
2007-03-22,31.55,31.92,31.41,31.67,31.67,3575697
2007-03-23,31.08,31.29,30.84,31.06,31.06,4689641
2007-03-26,30.75,31.1,30.63,30.87,30.87,4139841
2007-03-27,31.51,31.77,31.24,31.5,31.5,4476338
2007-03-28,31.52,32.2,31.35,31.78,31.78,4688741
2007-03-29,31.08,31.3,30.87,31.09,31.09,4242740
2007-03-30,30.9,31.0,30.71,30.86,30.86,9449501
2007-04-02,30.64,30.97,30.48,30.72,30.72,8827577
2007-04-03,31.36,31.5,30.83,31.17,31.17,7944685
2007-04-04,31.09,31.3,30.83,31.07,31.07,9567315
2007-04-05,31.11,31.44,30.93,31.19,31.19,4305044
2007-04-06,31.82,32.0,31.59,31.8,31.8,5402319
2007-04-09,31.97,32.24,31.82,32.03,32.03,3024554
2007-04-10,32.51,32.7,31.87,32.28,32.28,7927424
2007-04-11,32.25,32.7,32.08,32.39,32.39,4086304
2007-04-12,31.88,31.93,31.72,31.82,31.82,4551687
2007-04-13,31.88,32.07,31.73,31.9,31.9,5198509
2007-04-16,32.69,32.79,32.45,32.62,32.62,4956004
2007-04-17,32.62,32.84,32.5,32.67,32.67,10001900
2007-04-18,32.4,32.88,32.09,32.48,32.48,4282232
2007-04-19,32.92,33.3,32.7,33.0,33.0,2883921
2007-04-20,33.15,33.56,32.95,33.26,33.26,6573323
2007-04-23,33.48,33.82,33.32,33.57,33.57,4588552
2007-04-24,33.08,33.24,32.99,33.11,33.11,7670503
2007-04-25,32.76,32.96,32.66,32.81,32.81,4067482
2007-04-26,32.18,32.5,31.77,32.13,32.13,3741624
2007-04-27,32.46,32.53,32.22,32.38,32.38,2002484
2007-04-30,33.03,33.3,32.8,33.05,33.05,5148855
2007-05-01,33.63,33.73,33.27,33.5,33.5,5879753
2007-05-02,33.61,34.06,33.41,33.74,33.74,4984108
2007-05-03,33.32,33.59,33.02,33.31,33.31,10943606
2007-05-04,33.71,34.08,33.32,33.7,33.7,5029414
2007-05-07,33.51,34.06,33.36,33.71,33.71,9517730
2007-05-08,33.46,33.62,33.07,33.35,33.35,4149391
2007-05-09,34.27,34.4,33.9,34.15,34.15,5305174
2007-05-10,33.27,33.53,33.08,33.31,33.31,4918657
2007-05-11,32.83,33.07,32.37,32.72,32.72,6214293
2007-05-14,32.78,32.98,32.4,32.69,32.69,8117792
2007-05-15,32.83,33.06,32.27,32.66,32.66,5760068
2007-05-16,33.19,33.39,32.75,33.07,33.07,4466265
2007-05-17,33.46,33.55,33.25,33.4,33.4,3878920
2007-05-18,32.55,32.8,32.4,32.6,32.6,4819365
2007-05-21,32.3,32.69,32.19,32.44,32.44,5125072
2007-05-22,32.15,32.35,31.92,32.14,32.14,3922498
2007-05-23,31.95,32.1,31.71,31.91,31.91,3204353
2007-05-24,31.1,31.28,31.03,31.16,31.16,7141751
2007-05-25,31.56,31.87,31.15,31.51,31.51,5760926
2007-05-28,32.31,32.5,31.81,32.16,32.16,7959602
2007-05-29,31.99,32.1,31.68,31.89,31.89,4890442
2007-05-30,32.27,32.76,32.09,32.43,32.43,7151793
2007-05-31,32.66,33.1,32.54,32.82,32.82,3866722
2007-06-01,33.49,33.66,33.26,33.46,33.46,6973765
2007-06-04,34.72,35.09,33.95,34.52,34.52,4070520
2007-06-05,34.39,34.5,34.15,34.32,34.32,6559274
2007-06-06,34.67,34.82,34.2,34.51,34.51,4936000
2007-06-07,34.81,35.35,34.27,34.81,34.81,2510352
2007-06-08,34.46,34.6,34.23,34.42,34.42,2304275
2007-06-11,35.06,35.58,34.9,35.24,35.24,4626058
2007-06-12,36.38,36.6,36.09,36.34,36.34,8104683
2007-06-13,36.07,36.24,35.46,35.85,35.85,3175887
2007-06-14,34.4,34.48,34.1,34.29,34.29,3200751
2007-06-15,33.73,34.21,33.6,33.91,33.91,2452365
2007-06-18,33.47,33.66,33.12,33.39,33.39,5542043
2007-06-19,33.18,33.7,32.92,33.31,33.31,19725436
2007-06-20,34.12,34.16,34.07,34.12,34.12,6434909
2007-06-21,33.19,33.42,33.09,33.26,33.26,3193722
2007-06-22,33.83,33.96,33.69,33.82,33.82,3092796
2007-06-25,33.43,33.83,33.11,33.47,33.47,12107262
2007-06-26,34.18,34.29,34.1,34.19,34.19,5994753
2007-06-27,33.48,33.6,33.24,33.42,33.42,6928076
2007-06-28,33.62,34.25,33.41,33.83,33.83,4196357
2007-06-29,33.21,33.41,32.73,33.07,33.07,5774600
2007-07-02,33.24,33.46,33.11,33.28,33.28,5449546
2007-07-03,32.92,33.41,32.67,33.04,33.04,4871890
2007-07-04,32.17,32.28,32.13,32.21,32.21,5026770
2007-07-05,32.91,33.21,32.43,32.82,32.82,5771908
2007-07-06,33.08,33.18,32.92,33.05,33.05,4859326
2007-07-09,34.13,34.45,33.92,34.19,34.19,5095909
2007-07-10,34.15,34.37,34.0,34.18,34.18,10122523
2007-07-11,33.55,33.8,33.28,33.54,33.54,5103969
2007-07-12,33.76,34.25,33.51,33.88,33.88,7614266
2007-07-13,34.38,34.53,33.92,34.22,34.22,2683940
2007-07-16,34.18,34.39,34.01,34.2,34.2,3462229
2007-07-17,33.55,33.88,32.93,33.41,33.41,5967869
2007-07-18,33.25,33.5,32.77,33.13,33.13,5985178
2007-07-19,34.62,34.82,34.26,34.54,34.54,5121597
2007-07-20,34.94,35.2,34.6,34.9,34.9,3282569
2007-07-23,34.87,34.91,34.85,34.88,34.88,4563862
2007-07-24,35.01,35.43,34.7,35.07,35.07,6623847
2007-07-25,35.06,35.29,34.75,35.02,35.02,8036488
2007-07-26,35.94,36.31,35.7,36.0,36.0,7019405
2007-07-27,36.19,36.29,36.0,36.14,36.14,9739383
2007-07-30,35.41,35.54,35.37,35.46,35.46,3560585
2007-07-31,35.39,35.69,34.98,35.34,35.34,10189225
2007-08-01,35.67,36.22,35.51,35.87,35.87,5589667
2007-08-02,36.67,37.06,36.37,36.72,36.72,5541926
2007-08-03,37.08,37.46,36.76,37.11,37.11,9108112
2007-08-06,36.82,37.15,36.51,36.83,36.83,4604891
2007-08-07,36.36,36.65,36.21,36.43,36.43,4653746
2007-08-08,35.85,36.05,35.11,35.58,35.58,6298779
2007-08-09,36.04,36.36,35.49,35.92,35.92,6647178
2007-08-10,36.8,37.21,36.67,36.94,36.94,7107910
2007-08-13,36.15,36.41,35.91,36.16,36.16,2379066
2007-08-14,36.06,36.27,35.92,36.1,36.1,5407218
2007-08-15,34.7,35.02,34.34,34.68,34.68,7781602
2007-08-16,35.12,35.52,34.8,35.16,35.16,6869533
2007-08-17,33.77,34.2,33.58,33.89,33.89,3809707
2007-08-20,34.8,35.0,34.26,34.63,34.63,4114781
2007-08-21,35.39,35.55,34.98,35.26,35.26,2993293
2007-08-22,35.67,36.14,35.27,35.71,35.71,6581323
2007-08-23,35.41,35.68,35.15,35.41,35.41,5241272
2007-08-24,35.33,35.5,35.23,35.37,35.37,3928583
2007-08-27,34.73,35.02,34.42,34.72,34.72,4695747
2007-08-28,34.44,35.03,34.28,34.66,34.66,7194497
2007-08-29,34.83,35.23,34.69,34.96,34.96,4077519
2007-08-30,34.41,34.75,33.97,34.36,34.36,11182734
2007-08-31,35.37,35.82,34.9,35.36,35.36,9695410
2007-09-03,35.13,35.36,34.84,35.1,35.1,5092650
2007-09-04,34.92,35.42,34.71,35.06,35.06,3998686
2007-09-05,35.74,35.98,35.5,35.74,35.74,5291571
2007-09-06,35.28,35.75,35.12,35.44,35.44,8345832
2007-09-07,35.73,36.0,35.63,35.81,35.81,4772295
2007-09-10,35.89,36.17,35.51,35.84,35.84,5054767
2007-09-11,35.93,36.23,35.74,35.98,35.98,6825561
2007-09-12,35.49,35.55,35.39,35.47,35.47,12107471
2007-09-13,34.32,34.6,34.0,34.3,34.3,3251088
2007-09-14,33.81,34.03,33.5,33.76,33.76,3089454
2007-09-17,33.85,34.2,33.61,33.91,33.91,5337509
2007-09-18,33.71,33.89,33.3,33.59,33.59,8154273
2007-09-19,34.06,34.14,33.99,34.07,34.07,7436767
2007-09-20,32.76,33.03,32.68,32.86,32.86,6462516
2007-09-21,32.04,32.44,31.87,32.15,32.15,2796741
2007-09-24,32.12,32.47,31.72,32.09,32.09,5343031
2007-09-25,32.68,33.04,32.41,32.73,32.73,5065835
2007-09-26,32.98,33.24,32.73,32.99,32.99,2639971
2007-09-27,32.78,32.98,32.42,32.7,32.7,7467039
2007-09-28,33.64,33.73,33.34,33.54,33.54,8757556
2007-10-01,32.98,33.45,32.8,33.12,33.12,5246942
2007-10-02,33.02,33.32,32.73,33.03,33.03,4687791
2007-10-03,33.04,33.48,32.8,33.14,33.14,4774438
2007-10-04,33.32,33.69,33.22,33.45,33.45,9106188
2007-10-05,33.59,33.74,33.29,33.51,33.51,7569317
2007-10-08,32.86,33.31,32.43,32.87,32.87,6691016
2007-10-09,33.29,33.43,32.93,33.18,33.18,7064058
2007-10-10,33.49,33.78,33.19,33.48,33.48,3432396
2007-10-11,33.13,33.26,32.7,32.98,32.98,6070667
2007-10-12,32.69,33.11,32.58,32.84,32.84,4562577
2007-10-15,32.46,32.58,32.42,32.5,32.5,5886963
2007-10-16,33.73,33.97,33.08,33.53,33.53,3809108
2007-10-17,33.77,34.26,33.56,33.91,33.91,4352536
2007-10-18,33.87,34.21,33.55,33.88,33.88,4305052
2007-10-19,34.0,34.43,33.51,33.97,33.97,3668542
2007-10-22,32.98,33.23,32.38,32.81,32.81,4897084
2007-10-23,32.72,32.95,32.32,32.63,32.63,8017398
2007-10-24,32.11,32.41,32.01,32.21,32.21,2920942
2007-10-25,32.54,32.81,32.31,32.56,32.56,5426458
2007-10-26,32.64,32.89,32.34,32.61,32.61,7668155
2007-10-29,32.6,32.8,32.31,32.56,32.56,7490383
2007-10-30,31.98,32.29,31.81,32.05,32.05,5878951
2007-10-31,32.9,33.1,32.54,32.82,32.82,4986716
2007-11-01,32.22,32.4,32.01,32.21,32.21,2879934
2007-11-02,32.64,32.85,32.3,32.58,32.58,5790283
2007-11-05,32.82,33.01,32.62,32.81,32.81,5271165
2007-11-06,32.51,32.65,32.28,32.46,32.46,4769410
2007-11-07,32.65,33.02,32.53,32.77,32.77,5729038
2007-11-08,32.73,32.93,32.24,32.59,32.59,4365086
2007-11-09,32.27,32.61,32.03,32.32,32.32,5062402
2007-11-12,32.73,32.87,32.37,32.62,32.62,8636129
2007-11-13,33.06,33.43,32.89,33.16,33.16,5796460
2007-11-14,34.21,34.66,33.94,34.3,34.3,3018646
2007-11-15,35.59,35.81,35.39,35.6,35.6,5814140
2007-11-16,35.77,36.32,35.49,35.9,35.9,6026690
2007-11-19,35.56,36.17,35.4,35.79,35.79,6700300
2007-11-20,35.44,35.6,35.04,35.32,35.32,2854828
2007-11-21,35.19,35.38,35.0,35.19,35.19,7902973
2007-11-22,35.62,36.12,35.35,35.74,35.74,4058963
2007-11-23,35.92,36.39,35.72,36.06,36.06,10479614
2007-11-26,35.82,36.07,35.48,35.77,35.77,11343736
2007-11-27,34.81,35.07,34.73,34.9,34.9,4595824
2007-11-28,34.12,34.28,33.78,34.03,34.03,5962642
2007-11-29,34.73,34.85,34.4,34.63,34.63,9203354
2007-11-30,35.13,35.29,34.64,34.96,34.96,4524188
2007-12-03,35.09,35.34,34.99,35.16,35.16,7137562
2007-12-04,34.76,35.16,34.62,34.89,34.89,4204400
2007-12-05,34.69,34.83,34.55,34.69,34.69,7965891
2007-12-06,34.17,34.32,33.91,34.12,34.12,6086882
2007-12-07,34.43,34.64,34.29,34.46,34.46,9394913
2007-12-10,34.5,34.91,34.21,34.56,34.56,6750444
2007-12-11,33.92,34.02,33.66,33.84,33.84,13920583
2007-12-12,33.3,33.57,32.95,33.26,33.26,9168786
2007-12-13,33.85,34.19,33.72,33.96,33.96,6540273
2007-12-14,34.33,34.67,34.04,34.36,34.36,3073922
2007-12-17,35.44,35.5,35.34,35.42,35.42,4040419
2007-12-18,35.88,36.21,35.6,35.9,35.9,4891376
2007-12-19,35.14,35.8,34.83,35.32,35.32,5447681
2007-12-20,35.1,35.71,34.63,35.17,35.17,4157108
2007-12-21,34.7,34.89,34.65,34.77,34.77,6887838
2007-12-24,33.52,33.76,33.22,33.49,33.49,6855237
2007-12-25,33.62,33.84,33.17,33.51,33.51,4770164
2007-12-26,34.1,34.55,33.9,34.22,34.22,7011624
2007-12-27,34.73,34.95,34.39,34.67,34.67,5149378
2007-12-28,35.06,35.15,34.84,34.99,34.99,6878125
2007-12-31,33.76,33.94,33.18,33.56,33.56,11437942
2008-01-01,33.26,33.54,33.07,33.31,33.31,6971243
2008-01-02,33.74,33.84,33.66,33.75,33.75,6859711
2008-01-03,34.5,34.75,34.34,34.55,34.55,9036732
2008-01-04,34.72,34.92,34.44,34.68,34.68,5020760
2008-01-07,34.63,34.86,34.25,34.55,34.55,3672886
2008-01-08,34.75,35.13,34.34,34.74,34.74,4769055
2008-01-09,34.62,34.93,34.44,34.68,34.68,5325367
2008-01-10,35.12,35.28,34.77,35.03,35.03,4355470
2008-01-11,34.74,35.52,34.45,34.99,34.99,6156202
2008-01-14,35.6,35.76,35.29,35.52,35.52,5591394
2008-01-15,35.34,35.43,35.05,35.24,35.24,6054917
2008-01-16,35.95,36.27,35.63,35.95,35.95,8128041
2008-01-17,35.06,35.19,34.84,35.01,35.01,8793286
2008-01-18,35.27,35.52,34.91,35.21,35.21,6353940
2008-01-21,34.78,35.02,34.45,34.73,34.73,4676870
2008-01-22,34.19,34.28,34.09,34.18,34.18,3925231
2008-01-23,35.01,35.36,34.91,35.13,35.13,10690316
2008-01-24,35.93,35.96,35.83,35.89,35.89,4137669
2008-01-25,35.43,35.81,35.13,35.47,35.47,6025459
2008-01-28,36.25,36.59,35.87,36.23,36.23,6961889
2008-01-29,37.28,37.33,37.1,37.21,37.21,4981913
2008-01-30,37.63,37.9,37.21,37.55,37.55,3879763
2008-01-31,38.45,38.73,38.19,38.46,38.46,11583843
2008-02-01,37.9,38.41,37.73,38.07,38.07,5719683
2008-02-04,39.11,39.27,38.7,38.99,38.99,4029760
2008-02-05,38.84,39.38,38.69,39.04,39.04,5943247
2008-02-06,38.98,39.31,38.64,38.97,38.97,4144299
2008-02-07,39.37,39.46,39.14,39.3,39.3,7145793
2008-02-08,40.71,40.91,40.41,40.66,40.66,3910981
2008-02-11,41.28,41.95,40.99,41.47,41.47,5205525
2008-02-12,40.85,41.22,40.64,40.93,40.93,6043786
2008-02-13,40.01,40.59,39.75,40.17,40.17,4949064
2008-02-14,39.58,39.76,39.41,39.59,39.59,6738981
2008-02-15,40.01,40.26,39.6,39.93,39.93,4786276
2008-02-18,40.5,40.67,39.94,40.31,40.31,2881678
2008-02-19,41.98,42.38,41.65,42.02,42.02,7133411
2008-02-20,41.26,41.45,40.53,40.99,40.99,2768929
2008-02-21,41.02,41.11,40.81,40.96,40.96,5007770
2008-02-22,41.37,42.12,41.05,41.58,41.58,6682027
2008-02-25,41.4,41.69,41.03,41.36,41.36,4508923
2008-02-26,41.63,42.25,41.41,41.83,41.83,12636978
2008-02-27,42.16,42.73,41.94,42.33,42.33,9322734
2008-02-28,42.16,42.38,41.6,41.99,41.99,4701877
2008-02-29,41.36,41.78,41.13,41.45,41.45,2415660
2008-03-03,42.36,42.56,41.79,42.17,42.17,10660693
2008-03-04,42.61,42.94,42.15,42.55,42.55,7903153
2008-03-05,41.86,42.71,41.61,42.16,42.16,7731780
2008-03-06,41.85,42.09,41.42,41.76,41.76,5265203
2008-03-07,42.77,42.97,42.48,42.73,42.73,6404119
2008-03-10,42.53,42.91,42.23,42.57,42.57,3978470
2008-03-11,42.65,42.85,42.07,42.46,42.46,7969719
2008-03-12,42.29,42.55,41.92,42.23,42.23,4503627
2008-03-13,41.97,42.3,41.46,41.88,41.88,7617891
2008-03-14,40.96,41.17,40.83,41.0,41.0,3018547
2008-03-17,40.51,40.95,40.07,40.51,40.51,4250175
2008-03-18,39.56,40.04,39.43,39.73,39.73,8406850
2008-03-19,39.62,39.94,38.97,39.45,39.45,3336948
2008-03-20,39.29,39.42,39.23,39.32,39.32,2920508
2008-03-21,39.11,39.88,38.91,39.39,39.39,8267176
2008-03-24,40.0,40.22,39.45,39.84,39.84,4587648
2008-03-25,39.9,40.23,39.72,39.98,39.98,2707840
2008-03-26,40.16,40.35,39.84,40.1,40.1,7158468
2008-03-27,39.79,40.03,39.48,39.75,39.75,4976050
2008-03-28,40.02,40.3,39.78,40.04,40.04,6928304
2008-03-31,40.51,41.11,40.31,40.71,40.71,7307297
2008-04-01,40.15,40.38,39.96,40.17,40.17,4386991
2008-04-02,39.57,40.07,39.26,39.67,39.67,4266827
2008-04-03,39.38,39.68,39.25,39.47,39.47,5587413
2008-04-04,40.04,40.23,39.39,39.81,39.81,4690921
2008-04-07,39.74,39.97,39.64,39.81,39.81,5170224
2008-04-08,40.12,40.62,39.88,40.25,40.25,3930171
2008-04-09,40.35,40.53,39.89,40.21,40.21,3337361
2008-04-10,40.2,40.39,39.93,40.16,40.16,7106276
2008-04-11,39.99,40.9,39.71,40.31,40.31,3787363
2008-04-14,40.44,40.99,40.23,40.61,40.61,4806111
2008-04-15,40.74,41.27,40.42,40.84,40.84,5046814
2008-04-16,41.05,41.37,40.7,41.03,41.03,3134947
2008-04-17,40.84,41.03,40.33,40.68,40.68,3182007
2008-04-18,40.71,41.38,40.25,40.81,40.81,9480917
2008-04-21,41.63,41.83,40.91,41.37,41.37,6072020
2008-04-22,41.03,41.12,40.9,41.01,41.01,5646929
2008-04-23,42.22,42.4,41.57,41.99,41.99,5940226
2008-04-24,41.4,42.01,41.07,41.54,41.54,3746844
2008-04-25,41.15,41.26,40.77,41.01,41.01,2985507
2008-04-28,41.17,41.43,40.78,41.1,41.1,7745851
2008-04-29,40.84,41.01,40.38,40.69,40.69,10566292
2008-04-30,40.45,40.66,40.16,40.41,40.41,5439424
2008-05-01,40.98,41.24,40.37,40.81,40.81,4465100
2008-05-02,41.45,41.69,41.09,41.39,41.39,4111986
2008-05-05,41.75,42.01,41.59,41.8,41.8,5874783
2008-05-06,42.42,42.63,42.11,42.37,42.37,5092742
2008-05-07,42.2,42.34,41.72,42.03,42.03,5241176
2008-05-08,40.99,41.23,40.82,41.02,41.02,5027827
2008-05-09,41.59,41.98,41.45,41.72,41.72,4441058
2008-05-12,41.7,41.8,41.47,41.64,41.64,3094382
2008-05-13,40.99,41.13,40.93,41.03,41.03,4859315
2008-05-14,41.28,41.55,40.94,41.24,41.24,4913785
2008-05-15,41.83,42.07,41.19,41.63,41.63,7830180
2008-05-16,40.83,41.03,40.47,40.75,40.75,6626757
2008-05-19,41.15,41.79,40.41,41.1,41.1,5637708
2008-05-20,40.17,40.35,39.67,40.01,40.01,3950435
2008-05-21,40.42,40.89,40.26,40.58,40.58,5252058
2008-05-22,40.66,41.05,40.37,40.71,40.71,5102355
2008-05-23,41.71,41.87,41.32,41.6,41.6,3786842
2008-05-26,41.32,41.99,41.08,41.53,41.53,3344783
2008-05-27,41.61,42.0,41.39,41.7,41.7,11767768
2008-05-28,41.11,41.71,40.91,41.31,41.31,4774076
2008-05-29,40.52,40.62,40.28,40.45,40.45,5967828
2008-05-30,39.73,40.08,39.63,39.86,39.86,5426035
2008-06-02,40.33,40.88,40.17,40.53,40.53,2312763
2008-06-03,40.68,40.88,40.57,40.72,40.72,4257567
2008-06-04,40.25,40.34,39.95,40.14,40.14,4564593
2008-06-05,39.81,40.14,39.4,39.77,39.77,8163118
2008-06-06,39.96,40.22,39.75,39.98,39.98,3922984
2008-06-09,39.12,39.49,38.87,39.18,39.18,1848514
2008-06-10,38.33,38.63,37.97,38.3,38.3,5833053
2008-06-11,38.76,39.23,38.53,38.88,38.88,4452920
2008-06-12,39.22,39.43,38.79,39.11,39.11,6144339
2008-06-13,39.6,39.78,39.48,39.63,39.63,8412356
2008-06-16,38.8,39.14,38.41,38.77,38.77,5763342
2008-06-17,39.27,39.86,38.97,39.41,39.41,7100190
2008-06-18,39.57,39.82,39.0,39.41,39.41,7190431
2008-06-19,38.93,39.15,38.76,38.95,38.95,6673904
2008-06-20,39.52,39.63,39.27,39.45,39.45,2930902
2008-06-23,38.94,39.67,38.58,39.12,39.12,8354685
2008-06-24,39.41,39.75,39.12,39.43,39.43,3985746
2008-06-25,38.89,39.26,38.74,39.0,39.0,3470005
2008-06-26,40.18,40.42,39.98,40.2,40.2,8599126
2008-06-27,40.1,40.59,39.92,40.25,40.25,8686203
2008-06-30,40.46,40.75,40.07,40.41,40.41,3950431
2008-07-01,40.55,40.82,40.07,40.45,40.45,7795121
2008-07-02,39.22,39.52,38.86,39.19,39.19,3260679
2008-07-03,39.26,39.75,39.03,39.39,39.39,4636467
2008-07-04,39.44,39.83,39.07,39.45,39.45,5712153
2008-07-07,39.59,40.3,39.42,39.86,39.86,13329731
2008-07-08,40.32,40.55,40.12,40.33,40.33,5157500
2008-07-09,39.9,40.27,39.68,39.97,39.97,3439552
2008-07-10,39.13,39.37,38.73,39.05,39.05,6463129
2008-07-11,39.82,39.97,39.48,39.72,39.72,3460709
2008-07-14,41.53,41.6,41.46,41.53,41.53,5953370
2008-07-15,40.93,41.34,40.73,41.04,41.04,11797281
2008-07-16,41.71,42.2,41.48,41.84,41.84,5144527
2008-07-17,42.21,42.52,41.89,42.2,42.2,5350439
2008-07-18,43.41,43.63,43.2,43.41,43.41,4696112
2008-07-21,42.94,43.32,42.73,43.02,43.02,5150530
2008-07-22,43.06,43.22,42.67,42.95,42.95,4266970
2008-07-23,44.22,44.38,43.65,44.01,44.01,5247497
2008-07-24,44.52,44.92,44.13,44.52,44.52,3270218
2008-07-25,43.07,43.68,42.81,43.25,43.25,2504480
2008-07-28,42.45,42.65,42.2,42.43,42.43,3664864
2008-07-29,43.64,43.9,43.51,43.71,43.71,5334057
2008-07-30,43.15,43.74,42.95,43.34,43.34,6272411
2008-07-31,43.53,43.62,43.42,43.52,43.52,4969052
2008-08-01,43.03,43.15,42.8,42.97,42.97,3777240
2008-08-04,44.17,44.37,43.58,43.97,43.97,2943937
2008-08-05,45.42,45.9,45.1,45.5,45.5,6891479
2008-08-06,44.78,45.5,44.53,45.02,45.02,3566778
2008-08-07,45.18,45.6,44.81,45.2,45.2,7368728
2008-08-08,45.33,45.43,45.28,45.36,45.36,3360261
2008-08-11,44.21,44.8,44.06,44.43,44.43,5869246
2008-08-12,45.0,45.23,44.61,44.92,44.92,5344766
2008-08-13,44.22,44.49,44.04,44.26,44.26,4383777
2008-08-14,44.11,44.27,43.67,43.97,43.97,9379609
2008-08-15,43.21,43.82,42.53,43.17,43.17,7035030
2008-08-18,43.56,43.87,43.3,43.59,43.59,9265656
2008-08-19,43.29,43.4,42.97,43.18,43.18,5119341
2008-08-20,43.44,43.79,42.89,43.34,43.34,8950213
2008-08-21,43.04,43.24,42.73,42.98,42.98,5219003
2008-08-22,43.09,43.61,42.88,43.24,43.24,3719396
2008-08-25,42.77,43.49,42.44,42.96,42.96,5048767
2008-08-26,42.5,42.58,42.47,42.53,42.53,7722607
2008-08-27,42.96,43.19,42.75,42.97,42.97,4072770
2008-08-28,42.54,42.61,42.28,42.45,42.45,2809881
2008-08-29,42.04,42.28,41.87,42.08,42.08,3897858
2008-09-01,42.67,42.94,42.37,42.66,42.66,10696889
2008-09-02,42.49,42.89,42.27,42.58,42.58,6256305
2008-09-03,42.16,42.4,41.96,42.18,42.18,10399149
2008-09-04,42.7,43.25,42.56,42.9,42.9,4754232
2008-09-05,43.03,43.21,42.7,42.96,42.96,4400640
2008-09-08,43.65,43.86,43.25,43.55,43.55,6587014
2008-09-09,44.17,44.47,43.62,44.05,44.05,3313419
2008-09-10,43.53,43.87,43.14,43.5,43.5,8417129
2008-09-11,44.08,44.31,43.4,43.86,43.86,6844038
2008-09-12,43.67,44.25,43.49,43.87,43.87,6333300
2008-09-15,44.64,45.27,44.35,44.81,44.81,6952455
2008-09-16,46.21,46.56,45.7,46.13,46.13,8652305
2008-09-17,46.27,46.72,45.81,46.26,46.26,3314535
2008-09-18,47.32,47.51,47.15,47.33,47.33,10635482
2008-09-19,48.57,48.84,48.34,48.59,48.59,9451572
2008-09-22,48.11,48.79,47.94,48.36,48.36,5269137
2008-09-23,48.5,48.72,47.99,48.35,48.35,7612146
2008-09-24,49.13,49.31,48.7,49.01,49.01,4070255
2008-09-25,48.78,49.3,48.38,48.84,48.84,5879963
2008-09-26,48.31,48.68,47.39,48.04,48.04,5354520
2008-09-29,49.05,49.54,48.78,49.16,49.16,2375518
2008-09-30,48.75,49.02,48.47,48.74,48.74,5110585
2008-10-01,47.72,47.8,47.47,47.64,47.64,4549185
2008-10-02,46.64,46.8,46.46,46.63,46.63,6247265
2008-10-03,47.07,47.37,46.88,47.12,47.12,7317255
2008-10-06,47.43,47.65,47.09,47.37,47.37,8094241
2008-10-07,47.29,47.64,46.72,47.18,47.18,7027017
2008-10-08,47.49,47.79,47.26,47.52,47.52,3256327
2008-10-09,47.32,47.48,46.96,47.22,47.22,5890766
2008-10-10,47.04,47.53,46.85,47.19,47.19,4309684
2008-10-13,47.64,47.85,47.06,47.46,47.46,3654772
2008-10-14,47.28,47.54,47.06,47.3,47.3,10226263
2008-10-15,46.91,47.35,46.72,47.04,47.04,6558006
2008-10-16,47.6,48.01,47.4,47.7,47.7,5011980
2008-10-17,48.25,48.36,48.02,48.19,48.19,4145579
2008-10-20,48.33,48.67,48.13,48.4,48.4,5486245
2008-10-21,48.94,49.17,48.43,48.8,48.8,7422592
2008-10-22,48.41,48.7,48.03,48.36,48.36,7027157
2008-10-23,48.29,48.66,48.09,48.38,48.38,6755806
2008-10-24,48.4,48.85,48.16,48.51,48.51,6173236
2008-10-27,49.15,49.42,49.01,49.22,49.22,6658132
2008-10-28,48.8,49.04,48.17,48.6,48.6,11506103
2008-10-29,47.84,48.21,47.22,47.71,47.71,5822713
2008-10-30,46.91,47.11,46.5,46.8,46.8,14979734
2008-10-31,45.52,46.18,45.29,45.74,45.74,3224682
2008-11-03,45.05,45.22,44.94,45.08,45.08,1844887
2008-11-04,44.97,45.14,44.44,44.79,44.79,7400322
2008-11-05,44.11,44.59,43.66,44.12,44.12,4109599
2008-11-06,45.14,45.58,44.98,45.28,45.28,4024983
2008-11-07,44.42,44.81,43.98,44.39,44.39,2534152
2008-11-10,44.46,44.63,44.07,44.35,44.35,4004549
2008-11-11,45.43,45.7,44.66,45.18,45.18,2496896
2008-11-12,45.75,46.27,45.0,45.63,45.63,5926408
2008-11-13,45.39,45.99,44.92,45.46,45.46,4078819
2008-11-14,45.04,46.17,44.67,45.42,45.42,10828100
2008-11-17,45.06,45.6,44.5,45.05,45.05,3387693
2008-11-18,43.75,44.38,43.52,43.95,43.95,2194387
2008-11-19,43.71,44.0,43.6,43.8,43.8,7273377
2008-11-20,44.2,44.53,43.33,43.93,43.93,4737324
2008-11-21,43.33,44.06,43.11,43.59,43.59,2516872
2008-11-24,43.92,44.38,43.56,43.97,43.97,3241892
2008-11-25,43.05,43.54,42.88,43.21,43.21,3020968
2008-11-26,42.84,43.04,42.47,42.75,42.75,4879761
2008-11-27,41.9,42.09,41.39,41.74,41.74,6438340
2008-11-28,41.52,41.69,41.29,41.49,41.49,4202236
2008-12-01,41.28,41.91,41.08,41.49,41.49,9426060
2008-12-02,42.07,42.39,41.81,42.1,42.1,7845488
2008-12-03,42.22,42.42,42.02,42.22,42.22,4513409
2008-12-04,42.42,43.02,42.16,42.59,42.59,9274601
2008-12-05,43.07,43.24,42.9,43.07,43.07,7770556
2008-12-08,41.95,42.35,41.57,41.96,41.96,4308785
2008-12-09,41.03,41.33,40.33,40.83,40.83,5481464
2008-12-10,40.43,40.7,40.28,40.49,40.49,9204422
2008-12-11,40.59,40.72,40.19,40.46,40.46,6644596
2008-12-12,40.65,40.83,40.14,40.48,40.48,5925085
2008-12-15,40.15,40.56,39.84,40.2,40.2,5885968
2008-12-16,39.58,39.76,39.19,39.48,39.48,5344548
2008-12-17,40.01,40.26,39.32,39.79,39.79,6771485
2008-12-18,39.83,39.97,39.8,39.88,39.88,3881282
2008-12-19,39.55,39.75,39.31,39.53,39.53,6757326
2008-12-22,39.8,40.05,39.73,39.89,39.89,4714317
2008-12-23,40.36,40.81,39.87,40.34,40.34,5605222
2008-12-24,40.38,40.71,39.91,40.31,40.31,6343755
2008-12-25,40.92,41.04,40.55,40.8,40.8,13685506
2008-12-26,41.39,41.8,41.06,41.43,41.43,5466024
2008-12-29,39.77,40.35,39.62,39.98,39.98,4487963
2008-12-30,40.03,40.49,39.23,39.86,39.86,7027882
2008-12-31,39.92,40.12,39.44,39.78,39.78,4307952
2009-01-01,38.9,39.0,38.8,38.9,38.9,4913854
2009-01-02,38.92,39.33,38.57,38.95,38.95,7293497
2009-01-05,38.72,38.96,38.37,38.67,38.67,5453212
2009-01-06,38.57,38.92,38.13,38.52,38.52,2872530
2009-01-07,38.77,39.09,38.56,38.83,38.83,5643639
2009-01-08,38.12,38.71,37.88,38.29,38.29,7194547
2009-01-09,38.38,38.86,38.13,38.49,38.49,7815000
2009-01-12,37.81,38.43,37.63,38.03,38.03,4390306
2009-01-13,37.86,38.05,37.63,37.84,37.84,4986040
2009-01-14,37.23,37.52,37.09,37.3,37.3,6051943
2009-01-15,37.41,37.58,37.07,37.33,37.33,4648202
2009-01-16,36.67,36.86,36.59,36.72,36.72,7389918
2009-01-19,37.2,37.55,36.94,37.24,37.24,5665006
2009-01-20,37.56,37.71,37.23,37.47,37.47,7814622
2009-01-21,37.31,37.67,37.14,37.41,37.41,6119204
2009-01-22,37.07,37.36,36.89,37.12,37.12,10846422
2009-01-23,36.81,37.32,36.67,36.99,36.99,5752725
2009-01-26,37.29,37.78,37.02,37.4,37.4,6459829
2009-01-27,37.38,37.53,37.33,37.43,37.43,4582121
2009-01-28,38.06,38.27,37.57,37.92,37.92,10208329
2009-01-29,38.17,38.35,38.01,38.18,38.18,2481174
2009-01-30,37.94,38.15,37.87,38.01,38.01,9512685
2009-02-02,38.18,38.44,37.85,38.14,38.14,6462175
2009-02-03,38.26,38.44,37.58,38.01,38.01,6362290
2009-02-04,38.39,38.48,38.16,38.32,38.32,3188634
2009-02-05,37.42,37.78,37.25,37.52,37.52,3388028
2009-02-06,37.86,38.11,37.41,37.76,37.76,7058871
2009-02-09,38.59,38.88,37.68,38.28,38.28,4289140
2009-02-10,38.96,39.32,38.5,38.91,38.91,4141872
2009-02-11,40.29,40.47,39.71,40.09,40.09,4812330
2009-02-12,39.17,39.62,38.9,39.26,39.26,7219285
2009-02-13,39.5,39.69,38.93,39.31,39.31,2361738
2009-02-16,40.59,41.33,40.3,40.82,40.82,2759621
2009-02-17,40.16,40.5,40.02,40.26,40.26,5526995
2009-02-18,40.27,40.51,39.67,40.09,40.09,7171060
2009-02-19,40.28,40.6,39.97,40.29,40.29,7718339
2009-02-20,40.04,40.76,39.8,40.28,40.28,3472994
2009-02-23,39.41,39.75,39.08,39.41,39.41,4602463
2009-02-24,39.19,39.71,38.84,39.28,39.28,3685266
2009-02-25,39.56,39.82,39.3,39.56,39.56,5193602
2009-02-26,40.1,40.29,39.57,39.93,39.93,5229971
2009-02-27,39.66,40.0,39.41,39.7,39.7,5426920
2009-03-02,38.62,38.91,38.4,38.65,38.65,3438553
2009-03-03,39.49,39.73,39.27,39.5,39.5,3707083
2009-03-04,38.67,39.34,38.33,38.84,38.84,5593284
2009-03-05,38.86,38.93,38.65,38.79,38.79,3377482
2009-03-06,40.1,40.62,39.97,40.29,40.29,5714330
2009-03-09,40.68,40.9,40.27,40.58,40.58,7495454
2009-03-10,39.89,39.92,39.88,39.9,39.9,7744893
2009-03-11,40.15,40.44,40.0,40.22,40.22,5375235
2009-03-12,40.61,41.02,40.0,40.51,40.51,1999614
2009-03-13,40.78,41.27,40.42,40.84,40.84,6924562
2009-03-16,40.64,40.93,40.16,40.54,40.54,5785173
2009-03-17,39.49,39.7,39.16,39.43,39.43,4082040
2009-03-18,39.78,40.28,39.51,39.9,39.9,3820782
2009-03-19,39.15,39.53,39.0,39.27,39.27,3205282
2009-03-20,38.99,39.18,38.67,38.92,38.92,4717385
2009-03-23,39.01,39.39,38.86,39.12,39.12,8381018
2009-03-24,38.79,38.98,38.62,38.8,38.8,5490445
2009-03-25,38.7,39.19,38.54,38.87,38.87,6732241
2009-03-26,39.93,40.08,39.66,39.87,39.87,11742606
2009-03-27,40.26,40.41,39.79,40.1,40.1,7391893
2009-03-30,40.46,40.96,40.11,40.53,40.53,2773283
2009-03-31,40.65,40.93,40.52,40.73,40.73,6938699
2009-04-01,40.61,40.83,40.54,40.68,40.68,7589432
2009-04-02,40.2,40.4,39.85,40.12,40.12,4013012
2009-04-03,38.72,39.04,38.59,38.81,38.81,2468591
2009-04-06,38.66,38.84,38.37,38.6,38.6,7501925
2009-04-07,37.83,37.95,37.34,37.65,37.65,5473221
2009-04-08,37.05,37.47,36.58,37.02,37.02,5473985
2009-04-09,37.02,37.33,36.82,37.08,37.08,9275575
2009-04-10,37.16,37.29,36.83,37.06,37.06,4452858
2009-04-13,37.95,38.17,37.5,37.83,37.83,4850958
2009-04-14,37.24,37.45,37.11,37.28,37.28,17647384
2009-04-15,37.61,37.99,37.11,37.55,37.55,2215637
2009-04-16,37.61,38.35,37.24,37.8,37.8,6341839
2009-04-17,37.3,37.62,37.02,37.32,37.32,5529387
2009-04-20,37.39,37.58,37.13,37.35,37.35,3629405
2009-04-21,37.79,37.89,37.56,37.73,37.73,4896925
2009-04-22,38.04,38.42,37.63,38.02,38.02,5896362
2009-04-23,38.63,38.78,38.44,38.61,38.61,6622335
2009-04-24,38.46,38.81,37.98,38.4,38.4,2557815
2009-04-27,38.44,38.62,38.31,38.46,38.46,6284526
2009-04-28,36.95,37.43,36.68,37.06,37.06,5317400
2009-04-29,36.0,36.27,35.8,36.03,36.03,6831933
2009-04-30,35.48,36.0,35.33,35.66,35.66,4148503
2009-05-01,34.98,35.1,34.74,34.92,34.92,1975967
2009-05-04,35.43,35.61,34.89,35.25,35.25,6850797
2009-05-05,35.23,35.59,35.1,35.34,35.34,5558443
2009-05-06,35.01,35.15,34.53,34.84,34.84,4734624
2009-05-07,34.27,34.7,34.17,34.43,34.43,3485735
2009-05-08,34.9,35.11,34.54,34.82,34.82,8265952
2009-05-11,34.56,34.97,34.32,34.65,34.65,5380753
2009-05-12,35.55,35.77,35.16,35.46,35.46,5307885
2009-05-13,37.18,37.3,36.75,37.02,37.02,6337072
2009-05-14,37.33,37.43,36.99,37.21,37.21,6551260
2009-05-15,35.74,36.32,35.31,35.82,35.82,7780930
2009-05-18,35.19,35.34,34.88,35.11,35.11,5145773
2009-05-19,34.86,35.25,34.36,34.8,34.8,6560367
2009-05-20,35.34,35.65,35.24,35.45,35.45,6590537
2009-05-21,35.95,36.07,35.57,35.82,35.82,9830195
2009-05-22,35.61,35.88,35.2,35.54,35.54,4333034
2009-05-25,35.43,35.48,35.26,35.37,35.37,4398921
2009-05-26,35.09,35.48,34.76,35.12,35.12,8189897
2009-05-27,35.8,35.88,35.64,35.76,35.76,3702237
2009-05-28,35.56,35.82,35.14,35.48,35.48,4629391
2009-05-29,35.65,36.04,35.54,35.79,35.79,2867456
2009-06-01,34.94,35.14,34.67,34.91,34.91,3362034
2009-06-02,35.36,35.54,35.01,35.27,35.27,2675281
2009-06-03,35.46,35.76,35.21,35.49,35.49,7963254
2009-06-04,35.25,35.45,34.89,35.17,35.17,6117901
2009-06-05,34.27,34.39,34.03,34.21,34.21,6020925
2009-06-08,33.75,34.19,33.61,33.9,33.9,3102788
2009-06-09,35.14,35.38,34.5,34.94,34.94,4625541
2009-06-10,35.41,35.67,35.11,35.39,35.39,5927278
2009-06-11,34.35,34.86,34.07,34.46,34.46,9467417
2009-06-12,35.27,35.63,35.03,35.33,35.33,3842511
2009-06-15,35.6,35.93,35.28,35.61,35.61,4551729
2009-06-16,35.84,36.06,35.42,35.74,35.74,7171490
2009-06-17,35.09,35.4,34.61,35.0,35.0,4523152
2009-06-18,34.89,35.05,34.45,34.75,34.75,11295804
2009-06-19,35.64,35.88,35.03,35.46,35.46,8264368
2009-06-22,35.66,35.86,35.21,35.54,35.54,10058260
2009-06-23,36.71,37.1,36.47,36.79,36.79,4134763
2009-06-24,37.27,37.55,36.97,37.26,37.26,5251680
2009-06-25,36.04,36.74,35.85,36.29,36.29,7352953
2009-06-26,36.64,36.82,36.34,36.58,36.58,3773688
2009-06-29,37.34,37.65,36.74,37.2,37.2,2192983
2009-06-30,37.2,37.41,37.1,37.25,37.25,5584742
2009-07-01,37.43,37.65,37.26,37.45,37.45,5563928
2009-07-02,37.17,37.66,36.97,37.32,37.32,6160966
2009-07-03,37.69,38.03,37.58,37.8,37.8,9434228
2009-07-06,38.98,39.15,38.58,38.87,38.87,4443357
2009-07-07,39.37,39.75,39.12,39.43,39.43,2523975
2009-07-08,39.06,39.31,38.69,39.0,39.0,5268743
2009-07-09,38.57,38.65,38.41,38.53,38.53,6931691
2009-07-10,39.34,39.51,38.81,39.16,39.16,6472301
2009-07-13,40.89,41.38,40.53,40.96,40.96,3294920
2009-07-14,40.47,40.75,40.27,40.51,40.51,8258413
2009-07-15,40.35,40.65,40.27,40.46,40.46,3720934
2009-07-16,39.87,40.1,39.78,39.94,39.94,4912253
2009-07-17,39.39,39.58,38.93,39.25,39.25,8169502
2009-07-20,38.15,38.37,37.93,38.15,38.15,7895339
2009-07-21,37.63,38.05,37.43,37.74,37.74,5376368
2009-07-22,37.81,38.23,37.15,37.69,37.69,4019426
2009-07-23,38.4,38.64,37.88,38.26,38.26,9832379
2009-07-24,37.84,38.14,37.71,37.93,37.93,4170856
2009-07-27,37.41,37.96,37.16,37.56,37.56,5628538
2009-07-28,37.71,38.12,37.57,37.85,37.85,5805222
2009-07-29,37.31,37.6,36.83,37.22,37.22,7160700
2009-07-30,37.38,37.71,37.17,37.44,37.44,9266361
2009-07-31,38.34,38.49,37.83,38.16,38.16,4572127
2009-08-03,37.52,37.76,37.3,37.53,37.53,5546384
2009-08-04,37.33,37.63,37.2,37.41,37.41,6546110
2009-08-05,37.26,37.51,36.84,37.18,37.18,6507553
2009-08-06,36.83,37.08,36.33,36.71,36.71,3683676
2009-08-07,36.53,36.67,36.14,36.41,36.41,11715835
2009-08-10,36.09,36.6,35.94,36.27,36.27,4882638
2009-08-11,36.81,37.17,36.54,36.86,36.86,2952579
2009-08-12,37.24,37.7,36.9,37.3,37.3,7453246
2009-08-13,37.57,37.79,37.38,37.58,37.58,5672500
2009-08-14,37.68,38.27,37.28,37.77,37.77,9232914
2009-08-17,37.87,38.14,37.52,37.83,37.83,4426053
2009-08-18,39.08,39.22,38.81,39.01,39.01,5260000
2009-08-19,39.16,39.43,38.51,38.97,38.97,2278920
2009-08-20,38.78,39.03,38.49,38.76,38.76,6921350
2009-08-21,38.5,39.07,38.14,38.6,38.6,8059403
2009-08-24,38.95,39.42,38.74,39.08,39.08,4610105
2009-08-25,39.45,39.65,38.82,39.24,39.24,3490837
2009-08-26,38.22,38.36,37.71,38.03,38.03,7496358
2009-08-27,38.25,38.48,37.89,38.18,38.18,3344159
2009-08-28,39.03,39.43,38.9,39.16,39.16,6903382
2009-08-31,39.72,40.3,39.48,39.89,39.89,5007220
2009-09-01,38.97,39.22,38.54,38.88,38.88,6575912
2009-09-02,37.99,38.11,37.89,38.0,38.0,8521150
2009-09-03,38.2,38.52,37.78,38.15,38.15,17295739
2009-09-04,37.84,38.16,37.71,37.94,37.94,2854580
2009-09-07,38.45,38.58,38.25,38.41,38.41,10536832
2009-09-08,38.8,38.92,38.56,38.74,38.74,4958176
2009-09-09,38.64,38.94,37.87,38.4,38.4,6037441
2009-09-10,39.29,39.59,38.67,39.13,39.13,8039281
2009-09-11,40.07,40.37,39.63,40.0,40.0,5613453
2009-09-14,39.24,39.51,39.13,39.32,39.32,8427313
2009-09-15,38.98,39.63,38.53,39.08,39.08,4348243
2009-09-16,39.39,39.51,39.12,39.31,39.31,8075063
2009-09-17,39.27,39.66,38.79,39.22,39.22,5241251
2009-09-18,39.08,39.43,38.59,39.01,39.01,5007482
2009-09-21,38.74,39.01,38.51,38.76,38.76,6128628
2009-09-22,38.29,38.45,38.08,38.26,38.26,2193038
2009-09-23,38.94,39.11,38.49,38.8,38.8,10147293
2009-09-24,39.14,39.62,38.73,39.17,39.17,5887958
2009-09-25,40.0,40.31,39.5,39.9,39.9,3237866
2009-09-28,39.64,39.9,39.23,39.57,39.57,4565414
2009-09-29,40.47,41.02,39.95,40.49,40.49,7715475
2009-09-30,40.82,41.05,40.3,40.68,40.68,6080419
2009-10-01,41.08,41.36,40.71,41.03,41.03,7502676
2009-10-02,40.87,41.24,40.77,41.0,41.0,4527457
2009-10-05,40.46,40.78,40.15,40.46,40.46,4563365
2009-10-06,38.66,39.0,38.52,38.76,38.76,5499791
2009-10-07,37.88,38.27,37.74,38.01,38.01,3270704
2009-10-08,37.69,37.91,37.53,37.72,37.72,4597621
2009-10-09,38.31,38.34,38.27,38.31,38.31,3738098
2009-10-12,38.76,39.06,38.24,38.65,38.65,4532722
2009-10-13,38.41,38.76,37.87,38.32,38.32,7821064
2009-10-14,39.33,39.72,38.93,39.33,39.33,5423520
2009-10-15,39.54,40.14,39.38,39.76,39.76,4576940
2009-10-16,39.65,39.96,39.57,39.76,39.76,4981311
2009-10-19,40.59,40.75,40.06,40.41,40.41,6332136
2009-10-20,40.0,40.42,39.8,40.11,40.11,3571953
2009-10-21,41.71,41.97,41.15,41.56,41.56,7223911
2009-10-22,42.37,42.71,41.78,42.24,42.24,5997105
2009-10-23,43.1,43.51,42.85,43.18,43.18,2788758
2009-10-26,43.5,43.85,43.11,43.48,43.48,8356375
2009-10-27,44.0,44.57,43.85,44.21,44.21,4242906
2009-10-28,44.81,45.12,44.12,44.62,44.62,5166575
2009-10-29,45.08,45.33,44.85,45.09,45.09,4196755
2009-10-30,43.77,43.85,43.62,43.74,43.74,9184677
2009-11-02,43.72,44.04,43.19,43.61,43.61,4468101
2009-11-03,43.74,43.96,43.21,43.58,43.58,8672734
2009-11-04,43.74,44.0,43.61,43.81,43.81,3247084
2009-11-05,44.48,44.87,44.15,44.51,44.51,6696495
2009-11-06,44.37,44.56,44.15,44.36,44.36,9651866
2009-11-09,45.09,45.16,44.86,45.01,45.01,6722288
2009-11-10,45.72,46.16,45.56,45.86,45.86,2040271
2009-11-11,44.97,45.25,44.35,44.8,44.8,4834787
2009-11-12,44.25,44.66,44.13,44.4,44.4,10812794
2009-11-13,43.37,44.02,42.98,43.5,43.5,4550731
2009-11-16,42.84,43.44,42.4,42.92,42.92,1886278
2009-11-17,43.31,44.25,43.05,43.65,43.65,3927373
2009-11-18,43.34,43.77,43.07,43.42,43.42,9176547
2009-11-19,43.22,43.59,43.01,43.3,43.3,3291751
2009-11-20,44.5,44.72,43.7,44.21,44.21,9223803
2009-11-23,43.46,44.3,43.17,43.74,43.74,3294866
2009-11-24,43.68,44.39,43.5,43.95,43.95,5110239
2009-11-25,43.51,43.78,43.32,43.55,43.55,3672055
2009-11-26,44.08,44.23,43.59,43.91,43.91,6583140
2009-11-27,43.67,44.07,43.29,43.68,43.68,6160563
2009-11-30,43.43,43.75,43.34,43.54,43.54,4359944
2009-12-01,43.6,44.22,43.23,43.72,43.72,4187686
2009-12-02,44.19,44.32,44.03,44.17,44.17,8084129
2009-12-03,43.24,43.65,43.09,43.37,43.37,8044393
2009-12-04,42.2,42.56,41.82,42.19,42.19,3674353
2009-12-07,42.43,42.72,41.97,42.34,42.34,6236997
2009-12-08,42.15,42.55,41.83,42.19,42.19,6227494
2009-12-09,42.01,42.43,41.65,42.04,42.04,11121078
2009-12-10,41.54,41.91,40.99,41.45,41.45,3429802
2009-12-11,42.35,42.43,42.09,42.26,42.26,7893719
2009-12-14,43.0,43.38,42.39,42.88,42.88,4348725
2009-12-15,41.97,42.16,41.55,41.86,41.86,3733381
2009-12-16,41.65,42.07,41.51,41.79,41.79,9863720
2009-12-17,41.3,41.56,41.08,41.32,41.32,4695897
2009-12-18,41.52,41.7,41.4,41.55,41.55,5081303
2009-12-21,42.13,42.36,41.9,42.13,42.13,4630962
2009-12-22,42.0,42.6,41.65,42.12,42.12,4810153
2009-12-23,41.94,42.34,41.83,42.08,42.08,4954413
2009-12-24,41.53,41.97,41.4,41.68,41.68,7177445
2009-12-25,42.16,42.5,41.57,42.03,42.03,3705967
2009-12-28,41.48,41.63,40.97,41.3,41.3,7689728
2009-12-29,40.42,41.12,40.24,40.68,40.68,6556816
2009-12-30,40.75,41.12,40.59,40.86,40.86,5010318
2009-12-31,40.55,40.64,40.32,40.48,40.48,6867382
2010-01-01,41.65,41.88,41.23,41.55,41.55,2107063
2010-01-04,40.95,41.32,40.6,40.96,40.96,5501842
2010-01-05,40.63,40.72,40.26,40.49,40.49,5131330
2010-01-06,41.0,41.31,40.49,40.9,40.9,7338475
2010-01-07,40.03,40.54,39.58,40.06,40.06,5246864
2010-01-08,40.1,40.49,39.98,40.23,40.23,5261890
2010-01-11,41.02,41.24,40.8,41.02,41.02,7243759
2010-01-12,41.27,41.61,40.84,41.23,41.23,5263339
2010-01-13,41.31,41.79,40.71,41.25,41.25,4524637
2010-01-14,40.88,41.17,40.45,40.81,40.81,6458826
2010-01-15,40.26,40.91,39.8,40.36,40.36,3986398
2010-01-18,40.26,40.74,40.12,40.43,40.43,10249235
2010-01-19,40.13,40.25,39.77,40.01,40.01,4881296
2010-01-20,38.78,39.28,38.52,38.9,38.9,5109980
2010-01-21,39.56,39.76,39.42,39.59,39.59,3421632
2010-01-22,39.77,40.07,39.07,39.57,39.57,5064342
2010-01-25,39.89,40.15,39.56,39.85,39.85,3526968
2010-01-26,40.09,40.47,39.95,40.21,40.21,5338252
2010-01-27,39.73,40.15,39.44,39.79,39.79,8143226
2010-01-28,40.02,40.3,39.9,40.1,40.1,3255741
2010-01-29,41.64,42.02,41.36,41.69,41.69,2737487
2010-02-01,41.16,41.56,40.85,41.21,41.21,7248690
2010-02-02,41.66,41.94,41.01,41.47,41.47,5544250
2010-02-03,42.01,42.25,41.26,41.75,41.75,3098160
2010-02-04,43.16,43.35,43.07,43.21,43.21,4278501
2010-02-05,42.45,42.85,41.93,42.39,42.39,5349674
2010-02-08,42.23,42.39,41.67,42.03,42.03,3556772
2010-02-09,42.28,42.51,42.04,42.28,42.28,4252595
2010-02-10,41.37,41.57,41.0,41.29,41.29,2028438
2010-02-11,40.55,41.12,40.4,40.76,40.76,3775102
2010-02-12,41.58,41.92,40.94,41.43,41.43,3564541
2010-02-15,40.71,41.07,40.46,40.76,40.76,4504234
2010-02-16,39.74,40.35,39.37,39.86,39.86,3371879
2010-02-17,39.4,39.75,39.24,39.49,39.49,4035255
2010-02-18,39.22,39.83,38.84,39.33,39.33,8419014
2010-02-19,38.18,38.32,37.83,38.08,38.08,4733640
2010-02-22,37.14,37.36,36.93,37.15,37.15,3188698
2010-02-23,36.7,36.91,36.35,36.63,36.63,3598310
2010-02-24,35.85,36.13,35.29,35.71,35.71,6836366
2010-02-25,35.39,35.93,35.11,35.52,35.52,4448283
2010-02-26,35.36,35.57,35.2,35.38,35.38,3370405
2010-03-01,35.11,35.45,34.62,35.03,35.03,6617585
2010-03-02,34.75,35.1,34.58,34.84,34.84,3712028
2010-03-03,34.8,35.13,34.43,34.78,34.78,8888660
2010-03-04,35.17,35.49,34.82,35.15,35.15,3678606
2010-03-05,35.26,35.57,35.14,35.35,35.35,10377043
2010-03-08,34.83,35.22,34.53,34.88,34.88,5050310
2010-03-09,34.57,34.89,34.27,34.58,34.58,3568498
2010-03-10,34.95,35.33,34.61,34.97,34.97,5285116
2010-03-11,34.34,34.7,34.02,34.36,34.36,3443388
2010-03-12,34.86,35.17,34.58,34.88,34.88,3357219
2010-03-15,35.61,36.06,35.33,35.7,35.7,13180039
2010-03-16,35.26,35.69,35.13,35.41,35.41,3917791
2010-03-17,35.54,35.77,35.35,35.56,35.56,5729066
2010-03-18,35.25,35.4,35.02,35.21,35.21,4390971
2010-03-19,35.21,35.44,34.89,35.16,35.16,4923636
2010-03-22,35.35,35.85,35.11,35.48,35.48,5368944
2010-03-23,35.19,35.27,35.03,35.15,35.15,4777137
2010-03-24,36.0,36.1,35.81,35.95,35.95,6577605
2010-03-25,35.71,36.08,35.5,35.79,35.79,3991219
2010-03-26,34.87,35.06,34.66,34.86,34.86,8270401
2010-03-29,34.5,34.93,34.33,34.63,34.63,3162252
2010-03-30,34.94,35.08,34.48,34.78,34.78,2821288
2010-03-31,34.64,34.83,34.38,34.61,34.61,8914822
2010-04-01,34.36,34.8,34.23,34.52,34.52,9154515
2010-04-02,35.13,35.28,34.88,35.08,35.08,4212881
2010-04-05,34.49,34.8,34.36,34.58,34.58,2160026
2010-04-06,33.6,34.05,33.44,33.74,33.74,5767839
2010-04-07,33.84,34.17,33.51,33.84,33.84,10934460
2010-04-08,32.64,32.85,32.28,32.56,32.56,3860162
2010-04-09,33.08,33.34,32.95,33.15,33.15,7746604
2010-04-12,33.21,33.63,32.99,33.31,33.31,4074798
2010-04-13,32.95,33.32,32.67,33.0,33.0,13094828
2010-04-14,32.47,32.69,32.39,32.54,32.54,3078187
2010-04-15,31.76,31.85,31.54,31.7,31.7,4054843
2010-04-16,32.09,32.24,31.81,32.03,32.03,4442900
2010-04-19,32.17,32.49,32.05,32.27,32.27,4329485
2010-04-20,32.43,32.59,31.94,32.26,32.26,5223852
2010-04-21,32.49,32.98,32.3,32.64,32.64,3012133
2010-04-22,32.34,32.5,31.9,32.2,32.2,8601567
2010-04-23,31.53,31.96,31.39,31.67,31.67,4160938
2010-04-26,31.93,32.1,31.76,31.93,31.93,7962236
2010-04-27,31.95,32.29,31.56,31.93,31.93,7031360
2010-04-28,30.99,31.41,30.83,31.12,31.12,9492666
2010-04-29,31.42,31.82,31.03,31.43,31.43,5663489
2010-04-30,31.68,32.23,31.25,31.74,31.74,8782452
2010-05-03,32.07,32.34,31.88,32.11,32.11,5562623
2010-05-04,31.85,32.21,31.68,31.94,31.94,4226104
2010-05-05,32.44,32.57,32.13,32.35,32.35,4297436
2010-05-06,32.46,32.73,32.09,32.41,32.41,6266598
2010-05-07,33.58,33.73,33.2,33.46,33.46,5816603
2010-05-10,33.3,33.75,33.04,33.39,33.39,6792014
2010-05-11,33.31,33.39,33.03,33.21,33.21,9386457
2010-05-12,33.18,33.55,32.92,33.23,33.23,10583321
2010-05-13,33.18,33.53,33.01,33.27,33.27,7815052
2010-05-14,33.09,33.23,32.86,33.05,33.05,4800621
2010-05-17,33.23,33.44,33.15,33.3,33.3,7198773
2010-05-18,33.08,33.23,32.63,32.93,32.93,2598185
2010-05-19,32.46,32.8,32.15,32.47,32.47,4636512
2010-05-20,33.46,33.94,33.29,33.61,33.61,3488211
2010-05-21,33.16,33.29,33.12,33.2,33.2,5019846
2010-05-24,32.63,32.79,32.35,32.57,32.57,9369717
2010-05-25,32.05,32.17,32.01,32.09,32.09,4555456
2010-05-26,32.91,32.99,32.61,32.8,32.8,4450883
2010-05-27,33.03,33.36,32.92,33.14,33.14,7547982
2010-05-28,33.11,33.26,32.84,33.05,33.05,2929874
2010-05-31,32.26,32.78,32.03,32.41,32.41,2904748
2010-06-01,32.56,32.65,32.3,32.48,32.48,9746834
2010-06-02,32.18,32.33,31.91,32.12,32.12,10872378
2010-06-03,32.27,32.44,31.98,32.21,32.21,5048881
2010-06-04,32.81,33.22,32.54,32.88,32.88,4955332
2010-06-07,31.95,32.36,31.72,32.04,32.04,9136499
2010-06-08,31.53,32.27,31.34,31.8,31.8,12717977
2010-06-09,31.24,31.44,30.9,31.17,31.17,6103234
2010-06-10,31.38,31.8,31.19,31.5,31.5,2844288
2010-06-11,31.12,31.3,31.05,31.18,31.18,6082724
2010-06-14,30.34,30.52,30.07,30.29,30.29,4002194
2010-06-15,30.56,30.67,30.29,30.48,30.48,3518900
2010-06-16,30.51,30.58,30.24,30.41,30.41,5376305
2010-06-17,29.8,29.96,29.65,29.81,29.81,4129140
2010-06-18,29.31,29.59,28.9,29.25,29.25,5518040
2010-06-21,29.22,29.58,29.03,29.3,29.3,6126924
2010-06-22,27.91,28.1,27.73,27.92,27.92,4933895
2010-06-23,28.74,29.05,28.54,28.79,28.79,3468660
2010-06-24,28.13,28.25,27.71,27.98,27.98,11938083
2010-06-25,28.77,28.93,28.37,28.65,28.65,5894976
2010-06-28,28.96,29.07,28.67,28.87,28.87,5860631
2010-06-29,28.66,28.9,28.32,28.61,28.61,4991589
2010-06-30,28.42,28.75,28.06,28.41,28.41,4419679
2010-07-01,28.23,28.77,28.07,28.42,28.42,4162915
2010-07-02,28.55,28.65,28.28,28.46,28.46,2969345
2010-07-05,28.0,28.47,27.61,28.04,28.04,3631784
2010-07-06,27.89,28.26,27.75,28.0,28.0,4557888
2010-07-07,27.82,27.95,27.49,27.72,27.72,3989711
2010-07-08,27.18,27.43,26.94,27.18,27.18,4797258
2010-07-09,27.58,27.85,27.14,27.5,27.5,4553023
2010-07-12,28.38,28.45,28.25,28.35,28.35,4671853
2010-07-13,28.87,29.01,28.6,28.8,28.8,8109585
2010-07-14,29.1,29.23,28.66,28.95,28.95,4120070
2010-07-15,29.56,30.21,29.34,29.78,29.78,4749773
2010-07-16,29.9,30.06,29.78,29.92,29.92,6496409
2010-07-19,29.63,29.88,29.36,29.62,29.62,10494459
2010-07-20,30.4,30.55,30.14,30.34,30.34,4410390
2010-07-21,30.18,30.28,29.96,30.12,30.12,4113112
2010-07-22,29.39,29.61,28.86,29.24,29.24,4183640
2010-07-23,29.1,29.26,28.81,29.04,29.04,2725247
2010-07-26,29.03,29.12,28.97,29.05,29.05,8283193
2010-07-27,29.05,29.15,28.7,28.93,28.93,6043966
2010-07-28,28.57,28.75,28.17,28.46,28.46,8637434
2010-07-29,28.81,28.94,28.6,28.77,28.77,4030717
2010-07-30,28.57,28.69,28.36,28.52,28.52,5771925
2010-08-02,28.08,28.36,27.97,28.17,28.17,4886580
2010-08-03,28.24,28.26,28.17,28.21,28.21,4196254
2010-08-04,29.76,30.0,29.24,29.62,29.62,7047952
2010-08-05,29.28,29.49,29.01,29.25,29.25,4245459
2010-08-06,29.7,29.88,29.28,29.58,29.58,7882707
2010-08-09,29.61,29.91,29.46,29.68,29.68,4415540
2010-08-10,30.06,30.15,29.95,30.05,30.05,5505384
2010-08-11,31.14,31.45,31.05,31.25,31.25,4487328
2010-08-12,31.47,31.59,31.3,31.44,31.44,3067800
2010-08-13,31.89,32.14,31.31,31.73,31.73,11591115
2010-08-16,31.3,31.44,31.12,31.28,31.28,8823957
2010-08-17,31.18,31.33,31.08,31.2,31.2,4563574
2010-08-18,31.1,31.3,30.95,31.13,31.13,9019731
2010-08-19,30.97,31.26,30.8,31.03,31.03,8504686
2010-08-20,30.66,30.85,30.47,30.66,30.66,5515347
2010-08-23,31.06,31.48,30.85,31.16,31.16,6989524
2010-08-24,31.05,31.39,30.78,31.09,31.09,2875491
2010-08-25,31.4,31.61,31.24,31.43,31.43,9124062
2010-08-26,32.31,32.6,32.02,32.31,32.31,6639921
2010-08-27,32.42,32.63,32.1,32.37,32.37,5356992
2010-08-30,32.75,32.91,32.39,32.65,32.65,9223830
2010-08-31,33.79,34.09,33.15,33.62,33.62,5942557
2010-09-01,33.36,33.62,32.88,33.25,33.25,13216291
2010-09-02,32.95,33.34,32.8,33.07,33.07,4825819
2010-09-03,32.76,33.01,32.56,32.79,32.79,9544119
2010-09-06,32.99,33.15,32.74,32.94,32.94,5555277
2010-09-07,33.43,34.24,33.03,33.64,33.64,5523267
2010-09-08,34.94,35.1,34.75,34.92,34.92,5207658
2010-09-09,34.71,34.91,34.46,34.69,34.69,6824744
2010-09-10,34.46,34.71,34.23,34.47,34.47,4167210
2010-09-13,34.48,34.63,34.4,34.52,34.52,4877745
2010-09-14,34.56,34.74,34.4,34.57,34.57,3579382
2010-09-15,34.42,34.72,33.8,34.26,34.26,3274045
2010-09-16,34.44,34.67,34.04,34.36,34.36,7206147
2010-09-17,33.93,33.99,33.76,33.88,33.88,4871025
2010-09-20,33.37,33.71,33.16,33.44,33.44,3894767
2010-09-21,33.0,33.08,32.79,32.94,32.94,2254722
2010-09-22,33.18,33.6,33.04,33.32,33.32,3888744
2010-09-23,34.24,34.4,33.87,34.13,34.13,4913850
2010-09-24,35.61,35.74,35.19,35.47,35.47,3524649
2010-09-27,36.42,36.47,36.24,36.36,36.36,3493402
2010-09-28,36.77,37.16,36.45,36.8,36.8,3238891
2010-09-29,36.72,36.89,36.43,36.66,36.66,4609140
2010-09-30,37.4,37.57,36.87,37.22,37.22,3750723
2010-10-01,37.18,37.36,37.12,37.24,37.24,7066364
2010-10-04,36.18,36.42,36.1,36.26,36.26,9900661
2010-10-05,36.56,36.8,36.09,36.45,36.45,7078899
2010-10-06,37.26,37.4,36.82,37.11,37.11,6339191
2010-10-07,37.29,37.81,36.98,37.39,37.39,7540334
2010-10-08,38.01,38.18,37.85,38.02,38.02,3914671
2010-10-11,38.87,39.53,38.67,39.1,39.1,6136247
2010-10-12,39.63,39.72,39.4,39.56,39.56,1881520
2010-10-13,39.41,39.65,38.75,39.2,39.2,3902528
2010-10-14,39.99,40.5,39.73,40.12,40.12,5145868
2010-10-15,41.16,41.53,41.01,41.27,41.27,5321369
2010-10-18,39.84,40.03,39.45,39.74,39.74,4733215
2010-10-19,39.29,39.54,38.95,39.25,39.25,4445369
2010-10-20,39.14,39.5,38.6,39.05,39.05,3957150
2010-10-21,37.97,38.33,37.62,37.97,37.97,6925194
2010-10-22,38.74,39.22,38.48,38.85,38.85,5250511
2010-10-25,38.73,39.0,38.43,38.72,38.72,4329649
2010-10-26,39.39,39.79,38.95,39.37,39.37,3577721
2010-10-27,39.3,39.62,39.17,39.39,39.39,4071332
2010-10-28,39.11,39.66,38.86,39.26,39.26,7409218
2010-10-29,38.35,38.65,38.21,38.43,38.43,3780866
2010-11-01,39.18,39.45,38.75,39.1,39.1,5411236
2010-11-02,38.6,38.73,38.37,38.55,38.55,5661965
2010-11-03,38.69,38.91,37.93,38.42,38.42,4940563
2010-11-04,38.83,39.19,38.7,38.95,38.95,7528572
2010-11-05,38.46,38.91,38.23,38.57,38.57,3967596
2010-11-08,38.24,38.68,38.09,38.38,38.38,3787546
2010-11-09,37.86,38.31,37.61,37.96,37.96,9280681
2010-11-10,38.74,39.01,38.53,38.77,38.77,6395478
2010-11-11,39.94,40.28,39.46,39.87,39.87,9241650
2010-11-12,39.13,39.89,38.92,39.4,39.4,5144860
2010-11-15,38.91,39.13,38.72,38.93,38.93,5731893
2010-11-16,39.59,40.11,39.04,39.58,39.58,3817307
2010-11-17,39.74,40.02,39.49,39.75,39.75,7725797
2010-11-18,39.03,39.22,38.76,38.99,38.99,8263750
2010-11-19,39.97,40.24,39.7,39.97,39.97,4418046
2010-11-22,38.98,39.15,38.75,38.95,38.95,3865227
2010-11-23,37.89,38.57,37.64,38.1,38.1,4424211
2010-11-24,37.38,37.5,37.23,37.37,37.37,7097367
2010-11-25,37.65,37.89,37.35,37.62,37.62,5577828
2010-11-26,38.1,38.39,37.66,38.02,38.02,6073685
2010-11-29,38.34,38.64,38.15,38.4,38.4,7436334
2010-11-30,37.89,38.05,37.56,37.8,37.8,3877714
2010-12-01,37.41,37.47,37.24,37.36,37.36,6719658
2010-12-02,37.34,37.5,37.19,37.35,37.35,6074500
2010-12-03,37.72,37.9,37.51,37.71,37.71,4959516
2010-12-06,38.5,38.75,38.15,38.45,38.45,8051586
2010-12-07,37.63,38.11,37.12,37.62,37.62,8170576
2010-12-08,37.09,37.69,36.86,37.28,37.28,2567194
2010-12-09,37.3,37.58,36.75,37.17,37.17,3083715
2010-12-10,36.03,36.59,35.86,36.23,36.23,3950820
2010-12-13,36.03,36.18,35.66,35.92,35.92,4202115
2010-12-14,35.3,35.56,34.96,35.26,35.26,5903496
2010-12-15,34.83,35.38,34.64,35.01,35.01,4270376
2010-12-16,34.83,35.05,34.5,34.78,34.78,8620729
2010-12-17,34.89,35.3,34.69,34.99,34.99,2475422
2010-12-20,35.89,36.13,35.6,35.86,35.86,3963823
2010-12-21,35.45,35.7,35.35,35.52,35.52,2597706
2010-12-22,35.75,36.16,35.64,35.9,35.9,2916965
2010-12-23,35.31,35.56,35.12,35.34,35.34,6708879
2010-12-24,35.61,35.89,35.35,35.62,35.62,2711484
2010-12-27,35.69,35.9,35.55,35.73,35.73,4474994
2010-12-28,35.4,35.64,35.06,35.35,35.35,13567081
2010-12-29,35.56,35.72,35.4,35.56,35.56,5458588
2010-12-30,35.21,35.28,34.98,35.13,35.13,3695756
2010-12-31,35.15,35.47,34.97,35.22,35.22,10372395
2011-01-03,35.08,35.57,34.9,35.23,35.23,4035119
2011-01-04,35.91,36.04,35.56,35.8,35.8,5198021
2011-01-05,34.99,35.58,34.81,35.19,35.19,5422508
2011-01-06,36.08,36.5,35.76,36.13,36.13,8405008
2011-01-07,36.37,36.78,36.1,36.44,36.44,6118203
2011-01-10,37.07,37.35,36.5,36.92,36.92,5220024
2011-01-11,36.55,36.89,36.2,36.54,36.54,3262257
2011-01-12,37.05,37.21,36.44,36.82,36.82,7094455
2011-01-13,37.55,37.79,37.42,37.6,37.6,8826433
2011-01-14,38.09,38.17,37.95,38.06,38.06,7627141
2011-01-17,38.14,38.23,37.95,38.09,38.09,2351962
2011-01-18,38.58,38.74,38.17,38.45,38.45,3794629
2011-01-19,39.85,39.93,39.52,39.73,39.73,3644549
2011-01-20,39.85,40.24,39.64,39.94,39.94,5778809
2011-01-21,39.68,40.1,39.38,39.74,39.74,3279008
2011-01-24,40.13,40.7,39.82,40.26,40.26,5040263
2011-01-25,40.62,40.74,40.27,40.51,40.51,10490202
2011-01-26,41.13,41.86,40.73,41.29,41.29,7119185
2011-01-27,40.65,41.08,40.54,40.81,40.81,7780219
2011-01-28,40.62,41.13,40.36,40.75,40.75,12357937
2011-01-31,40.66,40.71,40.59,40.65,40.65,2268162
2011-02-01,40.7,40.92,40.49,40.71,40.71,7276980
2011-02-02,40.02,40.76,39.82,40.29,40.29,4071436
2011-02-03,39.27,39.71,39.1,39.41,39.41,5413678
2011-02-04,39.74,40.03,38.97,39.5,39.5,5302794
2011-02-07,40.06,40.33,39.6,39.97,39.97,4329149
2011-02-08,40.15,40.37,39.97,40.17,40.17,3238984
2011-02-09,40.44,40.91,40.09,40.5,40.5,3358758
2011-02-10,39.75,39.87,39.28,39.58,39.58,3976288
2011-02-11,40.28,40.76,40.16,40.46,40.46,8258619
2011-02-14,40.27,40.52,39.94,40.23,40.23,7380369
2011-02-15,40.35,40.52,40.15,40.34,40.34,4255465
2011-02-16,40.07,40.48,39.77,40.13,40.13,4435331
2011-02-17,40.37,40.45,40.32,40.39,40.39,4050784
2011-02-18,40.11,40.67,39.84,40.26,40.26,2810006
2011-02-21,39.65,40.0,39.15,39.58,39.58,6155595
2011-02-22,39.42,39.84,39.28,39.56,39.56,5380514
2011-02-23,39.51,39.75,39.13,39.44,39.44,7214837
2011-02-24,39.83,39.96,39.43,39.69,39.69,4600191
2011-02-25,40.16,40.63,39.91,40.27,40.27,5091671
2011-02-28,40.54,40.74,40.18,40.46,40.46,4732525
2011-03-01,39.64,39.99,39.29,39.64,39.64,6343146
2011-03-02,40.39,40.94,40.16,40.55,40.55,6345387
2011-03-03,40.81,40.94,40.4,40.67,40.67,3499258
2011-03-04,41.18,41.43,40.49,40.96,40.96,7217334
2011-03-07,41.04,41.27,40.46,40.87,40.87,8471157
2011-03-08,40.12,40.42,39.92,40.17,40.17,7131698
2011-03-09,39.45,40.15,39.23,39.69,39.69,7227320
2011-03-10,39.93,40.19,39.2,39.7,39.7,6268917
2011-03-11,40.05,40.14,39.96,40.05,40.05,2880660
2011-03-14,40.16,41.02,39.83,40.42,40.42,7078976
2011-03-15,40.36,40.77,39.72,40.25,40.25,12700435
2011-03-16,40.47,40.59,40.29,40.44,40.44,8335958
2011-03-17,39.93,40.64,39.64,40.14,40.14,5263301
2011-03-18,40.81,41.28,40.59,40.93,40.93,5093707
2011-03-21,41.83,42.04,41.72,41.88,41.88,5348452
2011-03-22,42.71,43.11,42.4,42.75,42.75,4313421
2011-03-23,42.72,43.44,42.41,42.93,42.93,6288294
2011-03-24,41.87,42.3,41.67,41.98,41.98,4754311
2011-03-25,41.71,42.05,41.23,41.64,41.64,4980249
2011-03-28,42.55,42.61,42.34,42.48,42.48,5130389
2011-03-29,42.94,43.13,42.46,42.8,42.8,3150015
2011-03-30,41.56,41.95,41.25,41.6,41.6,6561211
2011-03-31,41.51,41.71,41.15,41.43,41.43,5168191
2011-04-01,41.16,41.47,40.51,40.99,40.99,4782846
2011-04-04,39.78,39.91,39.5,39.71,39.71,3524291
2011-04-05,38.99,39.1,38.62,38.86,38.86,5193665
2011-04-06,39.93,40.07,39.84,39.95,39.95,5347736
2011-04-07,39.18,39.58,39.0,39.29,39.29,5183229
2011-04-08,39.7,40.39,39.33,39.86,39.86,7522207
2011-04-11,39.77,40.39,39.16,39.78,39.78,4812265
2011-04-12,39.83,40.13,39.1,39.61,39.61,6847879
2011-04-13,40.59,41.27,40.19,40.73,40.73,7686259
2011-04-14,40.47,40.99,40.12,40.56,40.56,2822034
2011-04-15,39.52,40.03,39.34,39.69,39.69,7813189
2011-04-18,40.2,40.25,40.01,40.13,40.13,10507775
2011-04-19,39.97,40.34,39.7,40.02,40.02,5301608
2011-04-20,40.13,40.33,39.99,40.16,40.16,4055836
2011-04-21,39.81,40.37,39.5,39.93,39.93,5262092
2011-04-22,39.42,39.53,39.23,39.38,39.38,3082282
2011-04-25,39.34,39.7,39.13,39.42,39.42,8732674
2011-04-26,38.03,38.07,38.01,38.04,38.04,3030348
2011-04-27,37.86,37.92,37.84,37.88,37.88,6383787
2011-04-28,37.16,37.6,36.89,37.25,37.25,3263715
2011-04-29,38.47,38.61,37.94,38.28,38.28,3821533
2011-05-02,39.08,39.22,38.96,39.09,39.09,6735311
2011-05-03,38.16,38.36,37.93,38.15,38.15,4043279
2011-05-04,37.63,38.21,37.47,37.84,37.84,2889340
2011-05-05,38.11,38.29,37.65,37.97,37.97,5360944
2011-05-06,38.27,38.36,37.98,38.17,38.17,4194753
2011-05-09,38.61,38.74,38.19,38.46,38.46,10223182
2011-05-10,39.22,39.49,38.93,39.21,39.21,5857483
2011-05-11,39.07,39.14,38.83,38.99,38.99,3143412
2011-05-12,38.69,38.89,38.44,38.66,38.66,3701977
2011-05-13,38.99,39.17,38.73,38.95,38.95,4547278
2011-05-16,38.84,39.23,38.37,38.8,38.8,4458832
2011-05-17,38.79,39.09,37.97,38.53,38.53,4492756
2011-05-18,39.14,39.51,39.0,39.25,39.25,3623601
2011-05-19,40.04,40.43,39.93,40.18,40.18,5839707
2011-05-20,40.39,40.99,40.23,40.61,40.61,3624075
2011-05-23,40.51,41.18,40.22,40.7,40.7,2314500
2011-05-24,40.55,40.83,40.02,40.42,40.42,5169384
2011-05-25,40.61,41.11,40.31,40.71,40.71,6738566
2011-05-26,40.89,41.22,40.55,40.89,40.89,8074218
2011-05-27,41.31,41.49,41.2,41.35,41.35,2954263
2011-05-30,42.65,42.83,42.49,42.66,42.66,5456101
2011-05-31,42.26,42.82,42.1,42.46,42.46,10002901
2011-06-01,42.02,42.34,41.57,41.95,41.95,6266249
2011-06-02,41.71,42.1,41.6,41.85,41.85,6936481
2011-06-03,41.63,41.77,41.5,41.64,41.64,3381159
2011-06-06,42.04,42.27,41.5,41.88,41.88,6260839
2011-06-07,41.98,42.33,41.35,41.84,41.84,9502487
2011-06-08,42.37,42.72,42.14,42.43,42.43,4627169
2011-06-09,41.24,41.61,40.96,41.29,41.29,4570992
2011-06-10,40.49,40.84,40.34,40.59,40.59,8652799
2011-06-13,41.22,41.41,40.48,40.94,40.94,5018915
2011-06-14,41.54,41.71,40.85,41.28,41.28,12773557
2011-06-15,40.8,40.91,40.61,40.76,40.76,3337059
2011-06-16,40.43,40.72,40.0,40.36,40.36,5222419
2011-06-17,40.14,40.82,39.96,40.39,40.39,5591135
2011-06-20,40.57,40.72,40.39,40.56,40.56,7134146
2011-06-21,40.2,40.69,39.9,40.29,40.29,5702943
2011-06-22,39.32,39.59,39.16,39.37,39.37,6150662
2011-06-23,38.68,38.73,38.52,38.63,38.63,6278458
2011-06-24,38.63,39.01,38.17,38.59,38.59,8708072
2011-06-27,38.96,39.39,38.8,39.1,39.1,5449724
2011-06-28,38.98,39.31,38.66,38.98,38.98,5978428
2011-06-29,39.04,39.36,38.43,38.9,38.9,4254145
2011-06-30,39.53,39.76,39.15,39.46,39.46,3049594
2011-07-01,40.81,41.33,40.6,40.97,40.97,2853369
2011-07-04,41.52,42.0,41.1,41.55,41.55,4202178
2011-07-05,41.6,42.0,41.39,41.69,41.69,4083397
2011-07-06,43.21,43.35,42.71,43.03,43.03,3947407
2011-07-07,42.46,42.71,41.74,42.23,42.23,8370803
2011-07-08,42.83,43.07,42.73,42.9,42.9,11569164
2011-07-11,42.38,42.78,42.26,42.52,42.52,14456234
2011-07-12,41.17,41.85,40.98,41.42,41.42,1653399
2011-07-13,40.87,41.09,40.61,40.85,40.85,5767151
2011-07-14,41.17,41.59,40.84,41.21,41.21,6534013
2011-07-15,41.68,42.39,41.39,41.89,41.89,4594861
2011-07-18,42.61,42.89,42.35,42.62,42.62,11179801
2011-07-19,41.96,42.6,41.7,42.15,42.15,6766105
2011-07-20,41.48,41.82,41.23,41.52,41.52,5581272
2011-07-21,42.13,42.73,41.91,42.32,42.32,6102559
2011-07-22,42.3,42.43,41.98,42.2,42.2,3254040
2011-07-25,41.02,41.38,40.9,41.14,41.14,7862395
2011-07-26,41.76,42.18,41.52,41.85,41.85,5396214
2011-07-27,42.21,42.37,41.76,42.07,42.07,3212881
2011-07-28,41.94,42.17,41.68,41.93,41.93,3286105
2011-07-29,41.56,41.7,41.18,41.44,41.44,6824016
2011-08-01,41.85,42.16,41.47,41.81,41.81,4716430
2011-08-02,41.86,42.32,41.68,42.0,42.0,5209996
2011-08-03,42.36,42.68,41.67,42.17,42.17,14244542
2011-08-04,42.41,42.43,42.39,42.41,42.41,5314518
2011-08-05,43.67,43.82,43.61,43.71,43.71,4980300
2011-08-08,44.25,44.52,43.64,44.08,44.08,6737164
2011-08-09,42.96,43.18,42.8,42.99,42.99,18389117
2011-08-10,41.29,41.82,40.99,41.4,41.4,2815957
2011-08-11,40.65,40.95,40.44,40.7,40.7,5705927
2011-08-12,41.67,41.95,41.42,41.68,41.68,3291073
2011-08-15,42.0,42.34,41.47,41.91,41.91,6313257
2011-08-16,41.32,41.55,40.93,41.24,41.24,5782053
2011-08-17,41.53,42.01,41.39,41.7,41.7,4492588
2011-08-18,42.59,42.9,42.26,42.58,42.58,3159978
2011-08-19,42.62,43.0,42.53,42.77,42.77,4947856
2011-08-22,42.96,43.44,42.46,42.95,42.95,6030353
2011-08-23,42.33,42.92,41.99,42.45,42.45,4123400
2011-08-24,42.13,42.32,41.44,41.88,41.88,3240716
2011-08-25,42.75,42.9,42.47,42.69,42.69,5379139
2011-08-26,40.85,41.06,40.15,40.61,40.61,4097208
2011-08-29,39.92,40.26,39.67,39.97,39.97,4463220
2011-08-30,40.24,40.5,39.99,40.24,40.24,6955765
2011-08-31,40.66,40.92,40.31,40.61,40.61,6159210
2011-09-01,41.41,42.43,41.15,41.79,41.79,7345185
2011-09-02,41.88,42.19,41.52,41.86,41.86,6323471
2011-09-05,43.05,43.36,42.54,42.95,42.95,6143425
2011-09-06,43.82,44.04,43.47,43.75,43.75,3712223
2011-09-07,43.61,43.83,43.35,43.59,43.59,6298861
2011-09-08,43.5,44.21,43.03,43.62,43.62,6075036
2011-09-09,43.34,43.76,43.21,43.48,43.48,6760638
2011-09-12,42.69,42.94,42.26,42.6,42.6,3567549
2011-09-13,43.26,43.63,42.88,43.25,43.25,4948525
2011-09-14,44.24,44.6,43.9,44.25,44.25,2983268
2011-09-15,43.95,43.96,43.91,43.94,43.94,5462584
2011-09-16,44.13,44.34,43.41,43.88,43.88,4348914
2011-09-19,42.4,42.71,42.16,42.43,42.43,7467476
2011-09-20,41.77,41.94,41.35,41.65,41.65,4359143
2011-09-21,40.68,41.18,40.28,40.73,40.73,4507484
2011-09-22,41.57,41.9,41.06,41.48,41.48,3728831
2011-09-23,41.22,41.78,40.82,41.3,41.3,5013343
2011-09-26,41.18,41.31,40.74,41.02,41.02,4124924
2011-09-27,40.13,40.42,39.95,40.19,40.19,3525481
2011-09-28,40.93,41.4,40.58,40.99,40.99,2056563
2011-09-29,40.13,40.72,39.87,40.29,40.29,5238497
2011-09-30,40.65,40.85,40.4,40.63,40.63,7511910
2011-10-03,40.81,41.09,40.49,40.79,40.79,4442558
2011-10-04,39.93,40.58,39.56,40.07,40.07,12159350
2011-10-05,40.22,40.44,39.79,40.11,40.11,6220905
2011-10-06,39.78,40.02,39.34,39.68,39.68,3884771
2011-10-07,39.16,39.49,38.93,39.21,39.21,3636130
2011-10-10,38.92,39.36,38.69,39.02,39.02,5224423
2011-10-11,40.0,40.59,39.53,40.06,40.06,6792310
2011-10-12,40.94,41.29,40.5,40.9,40.9,5411204
2011-10-13,41.71,42.06,41.58,41.82,41.82,4540531
2011-10-14,41.28,41.48,41.11,41.29,41.29,9810339
2011-10-17,41.32,41.58,41.05,41.32,41.32,4048092
2011-10-18,41.83,42.26,41.59,41.93,41.93,8812944
2011-10-19,42.48,42.7,42.14,42.42,42.42,5999697
2011-10-20,42.36,42.89,42.13,42.51,42.51,10038463
2011-10-21,43.85,44.02,43.35,43.68,43.68,4995165
2011-10-24,44.61,44.9,44.33,44.62,44.62,7812247
2011-10-25,45.33,46.15,44.98,45.57,45.57,1847704
2011-10-26,45.34,45.55,44.87,45.21,45.21,4155616
2011-10-27,46.05,46.58,45.76,46.17,46.17,9049174
2011-10-28,46.13,46.31,45.99,46.15,46.15,9782304
2011-10-31,46.9,47.29,46.64,46.97,46.97,3214218
2011-11-01,47.5,48.06,47.19,47.63,47.63,5430703
2011-11-02,47.08,47.8,46.79,47.29,47.29,10508809
2011-11-03,46.48,46.77,45.82,46.3,46.3,8315088
2011-11-04,46.63,46.9,45.95,46.42,46.42,9437476
2011-11-07,46.16,46.32,45.55,45.93,45.93,2675286
2011-11-08,45.79,46.22,45.37,45.8,45.8,8249287
2011-11-09,47.34,47.76,47.02,47.39,47.39,10452652
2011-11-10,48.41,48.64,48.09,48.37,48.37,8391874
2011-11-11,48.37,48.75,48.2,48.48,48.48,9131945
2011-11-14,49.15,49.51,48.7,49.11,49.11,6854647
2011-11-15,50.21,50.43,49.93,50.18,50.18,2958635
2011-11-16,50.4,50.88,49.88,50.38,50.38,4799054
2011-11-17,49.79,50.63,49.44,50.03,50.03,3207692
2011-11-18,52.31,52.63,51.73,52.18,52.18,3847165
2011-11-21,51.37,51.79,50.41,51.1,51.1,2829559
2011-11-22,50.66,51.31,50.25,50.78,50.78,8628723
2011-11-23,50.7,50.93,50.09,50.51,50.51,4000722
2011-11-24,50.81,51.15,50.29,50.72,50.72,6317253
2011-11-25,50.55,50.71,49.88,50.3,50.3,4471986
2011-11-28,50.3,50.6,49.75,50.17,50.17,5695543
2011-11-29,50.74,51.09,49.91,50.5,50.5,8360369
2011-11-30,50.52,50.72,49.96,50.34,50.34,6321595
2011-12-01,50.7,50.84,50.36,50.6,50.6,5497900
2011-12-02,49.43,49.71,49.21,49.46,49.46,2661701
2011-12-05,49.7,50.23,49.53,49.88,49.88,10193651
2011-12-06,50.22,50.41,49.62,50.02,50.02,9953129
2011-12-07,48.89,49.11,48.62,48.86,48.86,5512661
2011-12-08,48.81,48.99,48.44,48.71,48.71,5246574
2011-12-09,47.91,48.04,47.69,47.86,47.86,3050800
2011-12-12,48.75,48.96,48.38,48.67,48.67,4722258
2011-12-13,47.21,47.67,46.85,47.26,47.26,5267975
2011-12-14,46.84,47.2,46.49,46.84,46.84,6652193
2011-12-15,46.61,46.87,46.3,46.58,46.58,16843663
2011-12-16,45.8,46.22,45.63,45.93,45.93,6895356
2011-12-19,45.61,46.13,45.31,45.72,45.72,4694554
2011-12-20,45.76,46.27,45.5,45.88,45.88,8649906
2011-12-21,46.21,46.5,45.24,45.87,45.87,5935472
2011-12-22,45.3,45.9,44.97,45.43,45.43,3592600
2011-12-23,44.55,44.67,44.46,44.56,44.56,4076574
2011-12-26,44.0,44.26,43.4,43.83,43.83,14406473
2011-12-27,44.97,45.44,44.34,44.89,44.89,6610503
2011-12-28,44.56,44.98,44.04,44.51,44.51,3463811
2011-12-29,43.22,43.93,42.98,43.46,43.46,3844401
2011-12-30,43.48,43.71,43.29,43.5,43.5,5223567
2012-01-02,42.65,42.79,42.52,42.66,42.66,8201365
2012-01-03,42.88,43.3,42.57,42.94,42.94,6405965
2012-01-04,42.59,42.92,42.25,42.59,42.59,6934730
2012-01-05,42.83,42.97,42.31,42.64,42.64,3628878
2012-01-06,42.84,42.98,42.55,42.77,42.77,3061522
2012-01-09,43.12,43.33,42.94,43.14,43.14,4318475
2012-01-10,43.18,43.74,42.96,43.35,43.35,4767602
2012-01-11,43.38,43.88,43.02,43.45,43.45,4844054
2012-01-12,43.06,43.17,42.87,43.02,43.02,5100587
2012-01-13,43.12,43.52,42.64,43.08,43.08,7051873
2012-01-16,42.76,43.34,42.36,42.85,42.85,3498853
2012-01-17,42.47,43.02,42.07,42.54,42.54,4025376
2012-01-18,42.38,42.41,42.33,42.37,42.37,3760978
2012-01-19,42.97,43.4,42.31,42.86,42.86,4207199
2012-01-20,42.63,43.52,42.14,42.83,42.83,4861212
2012-01-23,42.13,42.84,41.74,42.29,42.29,6761644
2012-01-24,42.47,42.87,42.07,42.47,42.47,5751617
2012-01-25,43.07,43.19,42.68,42.94,42.94,4660286
2012-01-26,42.82,43.27,42.26,42.77,42.77,6148720
2012-01-27,42.41,42.56,42.35,42.46,42.46,2406527
2012-01-30,42.06,42.39,41.48,41.94,41.94,6604670
2012-01-31,41.29,41.43,41.09,41.26,41.26,11160003
2012-02-01,40.82,41.08,40.51,40.79,40.79,6841906
2012-02-02,39.86,40.07,39.42,39.75,39.75,5151027
2012-02-03,39.85,40.08,39.69,39.89,39.89,4337443
2012-02-06,39.01,39.23,38.86,39.04,39.04,5495311
2012-02-07,38.26,38.45,37.9,38.17,38.17,6651735
2012-02-08,37.73,37.91,37.44,37.68,37.68,10210850
2012-02-09,37.92,38.32,37.78,38.05,38.05,7772976
2012-02-10,36.94,37.06,36.58,36.82,36.82,5497075
2012-02-13,37.33,37.75,37.19,37.47,37.47,6180061
2012-02-14,37.12,37.37,36.94,37.15,37.15,3229252
2012-02-15,36.67,37.01,36.56,36.78,36.78,3468926
2012-02-16,37.48,37.59,37.03,37.31,37.31,4233966
2012-02-17,37.22,37.61,37.03,37.32,37.32,3119490
2012-02-20,37.72,38.15,37.44,37.79,37.79,5015389
2012-02-21,37.52,38.05,37.39,37.72,37.72,7892273
2012-02-22,38.6,38.78,37.92,38.35,38.35,3368420
2012-02-23,39.45,39.97,39.3,39.63,39.63,6083578
2012-02-24,38.21,38.29,37.94,38.11,38.11,7927256
2012-02-27,38.31,38.58,38.04,38.31,38.31,4346106
2012-02-28,37.57,38.23,37.32,37.78,37.78,6423552
2012-02-29,37.38,37.83,36.9,37.36,37.36,5524234
2012-03-01,36.82,37.12,36.43,36.77,36.77,4487575
2012-03-02,36.64,37.05,35.95,36.5,36.5,4327679
2012-03-05,37.62,37.98,37.38,37.68,37.68,4690915
2012-03-06,37.51,37.67,37.2,37.43,37.43,3574098
2012-03-07,38.96,39.2,38.42,38.81,38.81,8641461
2012-03-08,38.91,39.66,38.6,39.13,39.13,6212093
2012-03-09,38.55,39.32,38.31,38.81,38.81,4967050
2012-03-12,39.93,40.47,39.6,40.04,40.04,7968754
2012-03-13,39.17,39.23,38.98,39.11,39.11,8897847
2012-03-14,38.91,39.26,38.69,38.98,38.98,6022717
2012-03-15,39.44,39.81,39.08,39.44,39.44,5317880
2012-03-16,38.95,39.48,38.79,39.13,39.13,5068910
2012-03-19,38.88,39.08,38.27,38.68,38.68,7543575
2012-03-20,38.91,39.7,38.64,39.17,39.17,1997008
2012-03-21,39.17,39.42,38.52,38.97,38.97,4344851
2012-03-22,39.72,40.13,39.6,39.87,39.87,8571126
2012-03-23,41.29,41.93,41.11,41.52,41.52,3122570
2012-03-26,40.86,41.14,40.68,40.91,40.91,3242358
2012-03-27,40.33,40.57,40.18,40.37,40.37,8201990
2012-03-28,40.72,41.1,40.43,40.77,40.77,5865856
2012-03-29,40.34,40.38,40.32,40.35,40.35,8990775
2012-03-30,40.42,41.05,40.15,40.6,40.6,5439777
2012-04-02,40.16,40.32,39.86,40.09,40.09,4666322
2012-04-03,41.54,42.1,41.29,41.7,41.7,7378711
2012-04-04,40.8,41.19,40.38,40.78,40.78,7329031
2012-04-05,42.07,42.29,41.66,41.97,41.97,14331875
2012-04-06,42.53,42.68,42.18,42.43,42.43,6219761
2012-04-09,41.56,42.24,41.36,41.8,41.8,6326863
2012-04-10,41.46,41.85,41.18,41.52,41.52,6675114
2012-04-11,41.65,41.96,41.5,41.73,41.73,8231488
2012-04-12,42.54,43.0,42.35,42.67,42.67,3212733
2012-04-13,41.98,42.29,41.84,42.07,42.07,7566983
2012-04-16,42.52,42.59,42.3,42.44,42.44,5097591
2012-04-17,42.06,42.23,41.94,42.09,42.09,4934753
2012-04-18,43.45,43.99,42.93,43.46,43.46,4688738
2012-04-19,43.71,44.16,42.95,43.56,43.56,6201357
2012-04-20,43.54,43.74,43.43,43.59,43.59,4085916
2012-04-23,44.82,45.29,44.61,44.95,44.95,7941455
2012-04-24,43.9,44.22,43.57,43.89,43.89,6488069
2012-04-25,43.78,44.3,43.42,43.86,43.86,10485263
2012-04-26,43.2,43.57,42.97,43.27,43.27,8226849
2012-04-27,43.18,43.65,43.03,43.34,43.34,4435955
2012-04-30,43.26,43.42,42.69,43.05,43.05,4962240
2012-05-01,42.89,43.06,42.39,42.72,42.72,3962732
2012-05-02,43.13,43.8,42.86,43.33,43.33,5719382
2012-05-03,42.87,43.6,42.49,43.04,43.04,9581290
2012-05-04,43.03,43.17,42.95,43.06,43.06,4348568
2012-05-07,43.01,43.18,42.62,42.9,42.9,5136954
2012-05-08,42.99,43.54,42.63,43.09,43.09,4453399
2012-05-09,43.17,43.64,42.49,43.06,43.06,2699533
2012-05-10,42.2,42.35,41.97,42.16,42.16,6604232
2012-05-11,43.04,43.19,42.48,42.83,42.83,4976990
2012-05-14,42.63,42.97,42.38,42.68,42.68,10073500
2012-05-15,43.53,43.78,42.62,43.2,43.2,7428340
2012-05-16,43.37,43.48,43.19,43.34,43.34,5244141
2012-05-17,43.39,43.46,43.18,43.32,43.32,6225618
2012-05-18,43.66,44.01,43.43,43.72,43.72,16914596
2012-05-21,43.34,43.85,42.96,43.41,43.41,5131226
2012-05-22,43.93,44.36,43.64,44.0,44.0,4480802
2012-05-23,44.79,45.1,44.31,44.71,44.71,4670347
2012-05-24,45.08,45.26,44.92,45.09,45.09,3919353
2012-05-25,44.29,44.61,43.92,44.27,44.27,4930479
2012-05-28,44.15,44.39,43.78,44.09,44.09,2778516
2012-05-29,43.79,44.1,43.19,43.64,43.64,5375258
2012-05-30,43.11,43.63,42.89,43.26,43.26,8503729
2012-05-31,42.45,42.67,42.25,42.46,42.46,7520392
2012-06-01,42.11,42.53,41.59,42.06,42.06,6180016
2012-06-04,41.71,41.93,41.22,41.57,41.57,3171545
2012-06-05,41.81,42.02,41.43,41.72,41.72,5850256
2012-06-06,42.55,42.93,42.13,42.53,42.53,4161777
2012-06-07,42.61,42.87,42.34,42.61,42.61,7413166
2012-06-08,42.66,43.2,42.48,42.84,42.84,4303255
2012-06-11,42.87,43.25,42.66,42.95,42.95,6308039
2012-06-12,44.02,44.43,43.81,44.12,44.12,4451443
2012-06-13,44.84,45.26,44.3,44.78,44.78,4010519
2012-06-14,43.97,44.11,43.49,43.8,43.8,5269988
2012-06-15,44.29,45.07,43.94,44.51,44.51,13533918
2012-06-18,44.29,45.04,44.02,44.53,44.53,5074153
2012-06-19,44.1,44.3,43.99,44.15,44.15,4707943
2012-06-20,45.08,45.21,44.82,45.02,45.02,5613846
2012-06-21,44.33,44.96,44.01,44.48,44.48,3561870
2012-06-22,44.12,44.64,43.91,44.28,44.28,7756247
2012-06-25,44.41,44.47,44.23,44.35,44.35,13627576
2012-06-26,43.82,44.43,43.5,43.97,43.97,5067420
2012-06-27,43.77,44.42,43.59,44.0,44.0,4303066
2012-06-28,45.37,45.51,44.92,45.22,45.22,7667285
2012-06-29,45.42,45.85,45.19,45.52,45.52,5892326
2012-07-02,46.46,46.92,46.28,46.6,46.6,11307093
2012-07-03,46.11,46.27,45.73,46.0,46.0,4548774
2012-07-04,46.24,46.42,45.73,46.08,46.08,9037394
2012-07-05,45.86,46.53,45.53,46.03,46.03,7066688
2012-07-06,46.22,46.33,46.09,46.21,46.21,10295717
2012-07-09,45.98,46.05,45.75,45.9,45.9,6814955
2012-07-10,46.85,47.2,46.52,46.86,46.86,3493746
2012-07-11,48.14,48.61,47.9,48.26,48.26,6073255
2012-07-12,48.74,48.93,48.49,48.71,48.71,2550969
2012-07-13,47.96,48.55,47.49,48.02,48.02,6855234
2012-07-16,47.59,47.83,47.41,47.62,47.62,4774669
2012-07-17,47.9,47.97,47.73,47.85,47.85,7968142
2012-07-18,47.85,48.16,47.59,47.87,47.87,3784157
2012-07-19,48.42,48.9,47.97,48.44,48.44,3585809
2012-07-20,49.25,49.71,48.98,49.34,49.34,9669922
2012-07-23,50.93,51.36,50.03,50.69,50.69,3221101
2012-07-24,50.81,50.91,50.53,50.72,50.72,6668445
2012-07-25,50.81,51.5,50.46,50.98,50.98,5452670
2012-07-26,51.67,51.82,51.47,51.64,51.64,8902008
2012-07-27,52.41,52.65,51.66,52.15,52.15,2996920
2012-07-30,52.0,53.02,51.73,52.38,52.38,1832345
2012-07-31,53.26,53.34,53.06,53.2,53.2,4000505
2012-08-01,51.7,51.86,51.48,51.67,51.67,5755365
2012-08-02,51.81,52.21,51.11,51.66,51.66,2657810
2012-08-03,51.79,52.35,51.33,51.84,51.84,9256530
2012-08-06,52.32,52.91,52.0,52.46,52.46,3962727
2012-08-07,53.41,53.77,53.11,53.44,53.44,4898823
2012-08-08,52.59,52.68,52.28,52.48,52.48,5856906
2012-08-09,52.92,53.18,52.13,52.66,52.66,4004193
2012-08-10,51.39,51.68,51.14,51.41,51.41,4832920
2012-08-13,50.42,50.95,49.83,50.39,50.39,7014317
2012-08-14,49.77,50.0,49.51,49.76,49.76,4730696
2012-08-15,49.22,49.77,48.65,49.21,49.21,4933071
2012-08-16,48.67,49.11,48.4,48.76,48.76,3738657
2012-08-17,48.63,49.56,48.13,48.85,48.85,9308732
2012-08-20,48.16,48.38,47.71,48.05,48.05,3927330
2012-08-21,47.59,47.84,47.14,47.49,47.49,4598933
2012-08-22,47.02,47.34,46.22,46.78,46.78,5502013
2012-08-23,44.93,45.56,44.66,45.11,45.11,2632443
2012-08-24,44.29,44.46,44.21,44.34,44.34,9964766
2012-08-27,44.81,45.16,44.69,44.93,44.93,5239720
2012-08-28,45.52,45.95,44.97,45.46,45.46,5266165
2012-08-29,45.17,45.6,44.88,45.24,45.24,4609492
2012-08-30,45.57,45.73,45.24,45.48,45.48,15326880
2012-08-31,44.9,45.11,44.53,44.82,44.82,6556658
2012-09-03,45.99,46.12,45.8,45.96,45.96,6418990
2012-09-04,45.43,45.84,45.28,45.56,45.56,2730292
2012-09-05,45.47,45.58,45.32,45.45,45.45,5375173
2012-09-06,45.63,45.76,45.35,45.56,45.56,4367026
2012-09-07,45.91,46.1,45.84,45.97,45.97,5090374
2012-09-10,45.8,46.78,45.51,46.14,46.14,4389853
2012-09-11,45.82,46.06,45.65,45.85,45.85,10175638
2012-09-12,45.09,45.29,44.95,45.12,45.12,2656349
2012-09-13,43.84,44.44,43.5,43.97,43.97,3125740
2012-09-14,45.0,45.68,44.64,45.16,45.16,7585231
2012-09-17,44.69,45.04,44.57,44.81,44.81,5239519
2012-09-18,45.45,45.65,44.81,45.23,45.23,5633597
2012-09-19,45.39,45.63,44.91,45.27,45.27,11573830
2012-09-20,44.34,44.73,43.93,44.33,44.33,3758685
2012-09-21,42.82,43.14,42.47,42.81,42.81,4730486
2012-09-24,42.69,42.96,42.09,42.52,42.52,6932854
2012-09-25,41.61,41.92,41.48,41.7,41.7,2426543
2012-09-26,42.01,42.19,41.49,41.84,41.84,3320691
2012-09-27,41.74,41.9,41.27,41.59,41.59,3648558
2012-09-28,43.07,43.68,42.3,42.99,42.99,5611298
2012-10-01,44.0,44.56,43.43,43.99,43.99,3884741
2012-10-02,43.84,44.02,43.25,43.64,43.64,7986156
2012-10-03,43.29,43.91,43.11,43.51,43.51,5009789
2012-10-04,43.9,44.67,43.66,44.17,44.17,9909524
2012-10-05,43.9,44.75,43.52,44.14,44.14,9954305
2012-10-08,44.91,45.24,44.32,44.78,44.78,13836206
2012-10-09,45.03,45.2,44.53,44.87,44.87,7815911
2012-10-10,45.85,46.24,45.1,45.67,45.67,7151162
2012-10-11,45.13,45.14,45.12,45.13,45.13,5180787
2012-10-12,45.42,45.64,45.34,45.49,45.49,4005001
2012-10-15,46.53,46.82,46.03,46.42,46.42,3893196
2012-10-16,46.26,46.48,45.94,46.21,46.21,3336919
2012-10-17,46.37,46.79,46.03,46.41,46.41,4376482
2012-10-18,47.26,47.3,47.08,47.19,47.19,5463701
2012-10-19,47.64,48.13,47.17,47.65,47.65,6768833
2012-10-22,47.98,48.69,47.76,48.23,48.23,3369339
2012-10-23,46.85,46.94,46.57,46.76,46.76,3909884
2012-10-24,46.91,47.35,46.78,47.06,47.06,4517032
2012-10-25,47.91,48.44,47.58,48.01,48.01,5019939
2012-10-26,48.89,49.39,48.68,49.03,49.03,3608682
2012-10-29,48.98,49.44,48.48,48.96,48.96,4865043
2012-10-30,49.64,50.29,49.27,49.78,49.78,2494399
2012-10-31,50.76,51.41,50.41,50.91,50.91,4036465
2012-11-01,50.33,50.57,50.1,50.33,50.33,2334076
2012-11-02,50.99,51.28,50.29,50.78,50.78,7637886
2012-11-05,50.22,50.89,50.04,50.46,50.46,6584834
2012-11-06,50.73,51.06,50.29,50.67,50.67,9026410
2012-11-07,51.53,51.87,50.96,51.41,51.41,4598657
2012-11-08,50.36,51.25,49.96,50.6,50.6,7956428
2012-11-09,50.97,51.23,50.23,50.73,50.73,5390812
2012-11-12,50.65,50.95,50.34,50.64,50.64,5628478
2012-11-13,51.09,51.34,50.37,50.86,50.86,6591939
2012-11-14,52.11,52.25,51.96,52.11,52.11,9014070
2012-11-15,53.58,54.09,53.04,53.57,53.57,5925024
2012-11-16,54.82,55.3,54.02,54.66,54.66,6371988
2012-11-19,55.28,55.73,54.94,55.33,55.33,4515145
2012-11-20,54.14,54.45,53.55,54.0,54.0,10174815
2012-11-21,53.36,53.73,53.2,53.46,53.46,4271080
2012-11-22,52.48,53.51,51.8,52.66,52.66,6009860
2012-11-23,52.2,52.53,51.73,52.13,52.13,7247543
2012-11-26,50.5,51.46,50.26,50.86,50.86,10361346
2012-11-27,49.5,49.99,49.17,49.58,49.58,9087653
2012-11-28,49.33,49.55,48.74,49.14,49.14,3748166
2012-11-29,48.39,48.97,47.87,48.42,48.42,7725871
2012-11-30,47.82,48.12,47.32,47.72,47.72,4131029
2012-12-03,48.78,49.14,48.24,48.69,48.69,11252350
2012-12-04,48.49,48.79,48.09,48.44,48.44,5568185
2012-12-05,46.96,47.36,46.47,46.91,46.91,3704769
2012-12-06,46.69,46.98,46.24,46.61,46.61,6803256
2012-12-07,46.31,46.87,46.15,46.51,46.51,3501838
2012-12-10,45.68,45.89,45.54,45.72,45.72,6049703
2012-12-11,45.49,46.18,45.19,45.68,45.68,3067077
2012-12-12,45.28,45.61,45.11,45.36,45.36,2896637
2012-12-13,45.38,45.65,45.15,45.4,45.4,7623902
2012-12-14,45.85,46.25,45.37,45.81,45.81,6474910
2012-12-17,45.91,46.6,45.72,46.16,46.16,3721043
2012-12-18,44.38,44.49,43.99,44.24,44.24,3758516
2012-12-19,43.86,43.96,43.68,43.82,43.82,11651320
2012-12-20,43.78,43.92,43.5,43.71,43.71,1983794
2012-12-21,43.79,43.99,43.41,43.7,43.7,4295265
2012-12-24,42.87,43.38,42.69,43.03,43.03,9606473
2012-12-25,44.52,44.97,43.85,44.41,44.41,14528579
2012-12-26,45.52,46.01,45.21,45.61,45.61,7555840
2012-12-27,46.23,46.56,45.56,46.06,46.06,9431937
2012-12-28,45.98,46.23,45.56,45.9,45.9,4970561
2012-12-31,47.03,47.21,46.66,46.94,46.94,4662599
2013-01-01,46.18,46.31,46.08,46.2,46.2,5474402
2013-01-02,46.07,46.49,45.95,46.22,46.22,3144828
2013-01-03,46.52,46.81,46.03,46.42,46.42,4101711
2013-01-04,46.91,47.19,46.59,46.89,46.89,4249709
2013-01-07,48.05,48.26,47.76,48.01,48.01,8866686
2013-01-08,48.85,49.44,48.52,48.98,48.98,8015351
2013-01-09,48.81,48.94,48.74,48.84,48.84,10700268
2013-01-10,49.72,49.93,49.26,49.59,49.59,8730682
2013-01-11,49.36,49.92,49.09,49.5,49.5,4144768
2013-01-14,49.55,49.93,49.11,49.52,49.52,2742515
2013-01-15,49.68,50.2,49.42,49.81,49.81,12491069
2013-01-16,49.88,50.31,49.54,49.92,49.92,4940747
2013-01-17,50.11,50.52,49.7,50.11,50.11,4329286
2013-01-18,50.23,50.34,49.81,50.07,50.07,6571301
2013-01-21,49.74,50.01,49.36,49.68,49.68,8905350
2013-01-22,49.0,49.41,48.9,49.16,49.16,9893297
2013-01-23,49.3,49.48,49.06,49.27,49.27,9336798
2013-01-24,50.17,50.58,49.44,50.01,50.01,8820100
2013-01-25,50.85,51.08,50.2,50.64,50.64,6642035
2013-01-28,50.02,50.4,49.89,50.15,50.15,14255586
2013-01-29,50.29,50.46,49.76,50.11,50.11,4751326
2013-01-30,51.41,52.09,50.98,51.53,51.53,10188811
2013-01-31,52.47,52.66,52.26,52.46,52.46,5926536
2013-02-01,52.85,53.29,52.37,52.83,52.83,3917956
2013-02-04,53.89,54.22,53.57,53.9,53.9,5846221
2013-02-05,55.27,55.78,54.74,55.26,55.26,10317574
2013-02-06,54.88,55.33,54.28,54.81,54.81,3730121
2013-02-07,54.87,55.43,54.48,54.96,54.96,4443075
2013-02-08,55.35,56.1,55.14,55.62,55.62,4966105
2013-02-11,55.96,56.81,55.44,56.12,56.12,6684243
2013-02-12,55.87,56.26,55.31,55.78,55.78,5822836
2013-02-13,55.84,56.19,55.29,55.74,55.74,3363593
2013-02-14,56.89,57.49,56.32,56.91,56.91,3710788
2013-02-15,56.76,57.1,56.39,56.75,56.75,5874701
2013-02-18,55.95,56.24,55.86,56.05,56.05,8575384
2013-02-19,55.3,55.63,54.11,54.87,54.87,3833584
2013-02-20,54.36,54.76,54.0,54.38,54.38,5231617
2013-02-21,53.79,54.38,53.14,53.76,53.76,4987507
2013-02-22,54.64,55.04,54.1,54.57,54.57,5512318
2013-02-25,53.3,53.61,52.91,53.26,53.26,5071045
2013-02-26,53.93,54.63,53.46,54.04,54.04,4727703
2013-02-27,54.89,55.41,54.63,55.02,55.02,7524388
2013-02-28,54.63,55.1,54.25,54.68,54.68,8748248
2013-03-01,55.75,56.15,55.25,55.7,55.7,3817012
2013-03-04,55.64,56.07,55.29,55.68,55.68,8532879
2013-03-05,55.79,56.34,55.54,55.94,55.94,5423918
2013-03-06,56.08,56.57,55.61,56.09,56.09,4412348
2013-03-07,55.24,55.47,54.76,55.11,55.11,3915826
2013-03-08,55.12,55.96,54.63,55.29,55.29,8000586
2013-03-11,55.07,55.69,54.6,55.14,55.14,5804858
2013-03-12,55.06,55.78,54.32,55.05,55.05,3361782
2013-03-13,53.41,53.8,52.83,53.32,53.32,3648164
2013-03-14,52.72,52.97,51.98,52.47,52.47,6809702
2013-03-15,52.56,52.99,52.34,52.67,52.67,7787091
2013-03-18,51.38,52.19,50.87,51.53,51.53,4584696
2013-03-19,51.02,51.19,50.37,50.78,50.78,7685413
2013-03-20,51.19,51.39,50.56,50.97,50.97,6752617
2013-03-21,52.16,52.33,52.03,52.18,52.18,8353083
2013-03-22,53.46,53.75,52.69,53.22,53.22,4819846
2013-03-25,52.43,53.2,52.22,52.71,52.71,2786540
2013-03-26,53.82,54.25,52.87,53.56,53.56,4455215
2013-03-27,53.23,53.76,53.06,53.41,53.41,4941631
2013-03-28,55.23,55.62,54.78,55.2,55.2,9780473
2013-03-29,53.36,53.63,53.25,53.44,53.44,5213658
2013-04-01,52.77,53.15,52.61,52.88,52.88,5220752
2013-04-02,52.18,52.8,51.65,52.22,52.22,5776545
2013-04-03,51.64,52.54,51.3,51.92,51.92,3959572
2013-04-04,51.81,52.29,51.02,51.65,51.65,5185130
2013-04-05,50.43,50.94,50.21,50.58,50.58,5178327
2013-04-08,50.9,51.34,50.5,50.92,50.92,4329766
2013-04-09,50.42,50.66,49.49,50.08,50.08,4976384
2013-04-10,49.39,49.86,48.98,49.42,49.42,7142795
2013-04-11,48.91,49.18,48.82,49.0,49.0,2995929
2013-04-12,49.33,49.6,49.06,49.33,49.33,4431236
2013-04-15,49.09,49.69,48.57,49.13,49.13,3962113
2013-04-16,49.01,49.36,48.71,49.03,49.03,2693525
2013-04-17,48.37,48.65,48.28,48.47,48.47,1352169
2013-04-18,49.33,49.74,48.85,49.3,49.3,7657748
2013-04-19,49.23,49.95,48.85,49.4,49.4,7249467
2013-04-22,48.8,49.56,48.57,49.07,49.07,2437884
2013-04-23,50.21,50.4,50.04,50.22,50.22,7291803
2013-04-24,50.56,50.79,50.27,50.53,50.53,5059645
2013-04-25,49.94,50.12,49.6,49.86,49.86,10253877
2013-04-26,48.69,48.8,48.47,48.63,48.63,6851059
2013-04-29,49.28,49.53,49.19,49.36,49.36,2731229
2013-04-30,50.37,50.54,49.98,50.26,50.26,6257662
2013-05-01,49.43,49.87,49.24,49.55,49.55,5492822
2013-05-02,49.65,49.78,49.55,49.67,49.67,4448784
2013-05-03,51.08,51.68,50.89,51.29,51.29,4855461
2013-05-06,52.0,52.27,51.08,51.68,51.68,4345247
2013-05-07,51.17,51.28,51.06,51.17,51.17,3876623
2013-05-08,50.85,51.37,50.54,50.96,50.96,9609816
2013-05-09,49.18,50.22,48.85,49.54,49.54,14647986
2013-05-10,50.77,50.97,50.44,50.7,50.7,8283815
2013-05-13,50.0,50.09,49.68,49.88,49.88,5657537
2013-05-14,50.1,50.71,49.68,50.2,50.2,4080941
2013-05-15,50.56,51.04,50.2,50.62,50.62,4832014
2013-05-16,49.77,50.13,49.39,49.76,49.76,2783021
2013-05-17,49.58,49.69,49.41,49.55,49.55,7056299
2013-05-20,49.67,49.89,49.19,49.54,49.54,7069921
2013-05-21,49.5,50.03,49.35,49.69,49.69,6192039
2013-05-22,50.37,50.63,49.89,50.26,50.26,3800440
2013-05-23,50.97,51.17,50.73,50.95,50.95,4723278
2013-05-24,50.21,50.38,49.96,50.17,50.17,5419574
2013-05-27,49.85,50.47,49.34,49.9,49.9,4839179
2013-05-28,49.3,49.48,48.87,49.17,49.17,4249409
2013-05-29,49.08,50.28,48.68,49.48,49.48,4024262
2013-05-30,49.67,49.97,49.15,49.56,49.56,3299854
2013-05-31,49.44,50.1,48.81,49.46,49.46,3176925
2013-06-03,49.88,50.32,49.77,50.05,50.05,4509610
2013-06-04,49.6,49.79,49.15,49.47,49.47,7309728
2013-06-05,49.37,49.98,48.83,49.4,49.4,5741042
2013-06-06,49.07,49.44,48.88,49.16,49.16,6196394
2013-06-07,49.03,49.54,48.75,49.14,49.14,3176195
2013-06-10,47.97,48.31,47.82,48.07,48.07,3347601
2013-06-11,47.13,47.73,46.98,47.36,47.36,5262599
2013-06-12,47.17,47.58,46.94,47.26,47.26,3578213
2013-06-13,46.59,46.74,46.5,46.62,46.62,11553752
2013-06-14,47.26,47.47,46.46,46.97,46.97,7606042
2013-06-17,48.62,48.82,48.25,48.54,48.54,4409205
2013-06-18,49.19,49.55,48.83,49.19,49.19,5721696
2013-06-19,49.11,49.3,48.72,49.01,49.01,4177611
2013-06-20,50.65,51.16,50.1,50.63,50.63,5648026
2013-06-21,51.52,51.97,51.24,51.6,51.6,8099334
2013-06-24,50.79,50.97,50.64,50.8,50.8,4615306
2013-06-25,51.53,51.8,51.45,51.63,51.63,4155740
2013-06-26,49.8,50.01,49.43,49.72,49.72,4578895
2013-06-27,49.92,50.77,48.99,49.88,49.88,4740669
2013-06-28,49.64,49.92,49.32,49.62,49.62,6563740
2013-07-01,50.6,51.0,49.99,50.49,50.49,3566399
2013-07-02,49.3,49.56,49.18,49.37,49.37,3548175
2013-07-03,49.41,49.83,49.02,49.43,49.43,6167009
2013-07-04,49.76,49.96,49.57,49.77,49.77,10727493
2013-07-05,49.78,49.99,49.36,49.67,49.67,5580910
2013-07-08,49.6,49.74,49.28,49.51,49.51,5463241
2013-07-09,49.45,49.99,49.19,49.59,49.59,7572841
2013-07-10,50.03,50.86,49.64,50.25,50.25,8898670
2013-07-11,50.63,51.3,50.18,50.74,50.74,4569255
2013-07-12,51.21,51.52,51.11,51.32,51.32,5544373
2013-07-15,51.94,52.51,51.43,51.97,51.97,3678832
2013-07-16,51.71,51.87,51.29,51.58,51.58,8711243
2013-07-17,51.42,51.86,50.53,51.19,51.19,2964238
2013-07-18,50.49,51.33,50.13,50.73,50.73,11137691
2013-07-19,49.86,50.73,49.06,49.9,49.9,4177224
2013-07-22,50.23,50.5,49.78,50.14,50.14,7705472
2013-07-23,49.5,49.64,49.15,49.4,49.4,5390606
2013-07-24,49.28,49.72,49.05,49.39,49.39,8370106
2013-07-25,49.36,49.99,48.72,49.35,49.35,4869968
2013-07-26,50.19,50.93,49.67,50.3,50.3,4153060
2013-07-29,50.45,50.98,50.28,50.63,50.63,6634849
2013-07-30,51.02,51.14,50.59,50.87,50.87,8866938
2013-07-31,51.58,52.69,51.25,51.97,51.97,4754933
2013-08-01,52.42,53.14,51.94,52.54,52.54,4279795
2013-08-02,53.62,53.99,53.26,53.62,53.62,5916275
2013-08-05,55.05,55.3,54.34,54.82,54.82,7812674
2013-08-06,56.99,57.12,56.73,56.93,56.93,5620412
2013-08-07,56.93,57.41,56.24,56.82,56.82,7413814
2013-08-08,57.44,57.73,56.67,57.2,57.2,3513865
2013-08-09,56.86,57.29,56.5,56.89,56.89,3720965
2013-08-12,56.64,57.3,56.12,56.71,56.71,5718650
2013-08-13,56.14,56.37,55.95,56.16,56.16,6504421
2013-08-14,56.95,57.31,56.81,57.06,57.06,2403458
2013-08-15,56.97,57.22,56.66,56.94,56.94,4099560
2013-08-16,57.56,57.57,57.52,57.55,57.55,5818438
2013-08-19,57.62,58.34,57.16,57.75,57.75,2071235
2013-08-20,57.6,58.19,56.76,57.48,57.48,3632737
2013-08-21,56.66,57.31,56.25,56.78,56.78,4704548
2013-08-22,57.77,58.27,57.42,57.85,57.85,7669800
2013-08-23,58.58,59.22,57.6,58.41,58.41,13277328
2013-08-26,58.26,58.93,57.79,58.36,58.36,6741110
2013-08-27,58.13,59.02,57.89,58.46,58.46,8905108
2013-08-28,58.27,58.65,58.13,58.39,58.39,2905309
2013-08-29,58.73,59.07,58.02,58.55,58.55,5745062
2013-08-30,57.88,58.17,57.05,57.61,57.61,2247606
2013-09-02,56.9,57.54,56.55,57.04,57.04,2789103
2013-09-03,56.29,56.65,55.53,56.09,56.09,5087972
2013-09-04,55.69,56.44,55.09,55.76,55.76,9304744
2013-09-05,57.46,58.23,56.79,57.51,57.51,5697043
2013-09-06,57.22,58.29,56.8,57.54,57.54,4204091
2013-09-09,55.23,55.74,54.8,55.27,55.27,2875517
2013-09-10,56.57,56.93,56.31,56.62,56.62,5136560
2013-09-11,56.91,57.07,56.44,56.76,56.76,7012403
2013-09-12,56.16,56.85,55.94,56.39,56.39,8081786
2013-09-13,55.05,55.24,54.67,54.95,54.95,3324619
2013-09-16,55.67,56.12,55.41,55.76,55.76,7667492
2013-09-17,54.79,55.57,54.41,54.99,54.99,4305105
2013-09-18,54.4,54.74,54.13,54.44,54.44,4600560
2013-09-19,55.96,56.25,55.64,55.95,55.95,2604579
2013-09-20,55.95,56.29,55.62,55.96,55.96,12361725
2013-09-23,56.2,56.79,55.71,56.25,56.25,6422077
2013-09-24,56.33,56.55,55.79,56.17,56.17,6631734
2013-09-25,56.3,56.44,56.12,56.28,56.28,4162697
2013-09-26,58.28,58.57,57.63,58.1,58.1,8097622
2013-09-27,58.15,58.69,57.36,58.02,58.02,7222244
2013-09-30,59.42,59.74,58.49,59.11,59.11,5193056
2013-10-01,57.86,58.72,57.3,58.01,58.01,7233596
2013-10-02,57.9,58.13,57.48,57.81,57.81,6803978
2013-10-03,58.49,58.58,58.18,58.38,58.38,5667438
2013-10-04,57.69,58.27,57.33,57.8,57.8,7660872
2013-10-07,57.85,58.3,57.49,57.89,57.89,8899585
2013-10-08,58.02,58.21,57.88,58.04,58.04,8998359
2013-10-09,58.34,58.82,58.07,58.45,58.45,5234753
2013-10-10,58.58,59.14,58.4,58.77,58.77,4710893
2013-10-11,59.21,59.88,58.88,59.38,59.38,9232099
2013-10-14,59.51,59.89,58.79,59.34,59.34,6347815
2013-10-15,58.48,58.94,58.14,58.54,58.54,7097655
2013-10-16,59.19,59.53,58.55,59.04,59.04,9029781
2013-10-17,59.24,59.32,58.92,59.12,59.12,5518952
2013-10-18,59.07,59.62,58.78,59.2,59.2,3113943
2013-10-21,56.95,57.56,56.32,56.94,56.94,8236216
2013-10-22,57.82,58.52,57.22,57.87,57.87,6545928
2013-10-23,58.07,58.39,57.96,58.18,58.18,2790533
2013-10-24,59.63,60.33,59.25,59.79,59.79,6219662
2013-10-25,58.14,58.55,57.39,57.97,57.97,8035639
2013-10-28,58.0,58.95,57.57,58.26,58.26,5686706
2013-10-29,58.09,58.73,57.32,58.02,58.02,7451733
2013-10-30,59.44,60.33,58.38,59.35,59.35,4184391
2013-10-31,59.22,59.52,58.38,58.95,58.95,8104756
2013-11-01,60.57,60.8,60.14,60.47,60.47,4224759
2013-11-04,60.01,60.02,60.0,60.01,60.01,6409848
2013-11-05,59.43,59.65,59.12,59.38,59.38,6573114
2013-11-06,58.66,58.98,58.3,58.64,58.64,4124200
2013-11-07,57.54,58.03,56.69,57.36,57.36,5893958
2013-11-08,58.6,58.87,58.23,58.55,58.55,13790032
2013-11-11,57.83,58.46,57.14,57.8,57.8,7350210
2013-11-12,59.04,59.7,58.74,59.22,59.22,9642519
2013-11-13,59.47,59.53,59.45,59.49,59.49,3824602
2013-11-14,60.22,60.41,59.95,60.18,60.18,3936679
2013-11-15,59.61,60.18,59.39,59.79,59.79,2655396
2013-11-18,59.24,59.54,58.83,59.19,59.19,5712331
2013-11-19,60.51,60.72,60.22,60.47,60.47,6478029
2013-11-20,60.77,61.49,60.12,60.8,60.8,6789914
2013-11-21,59.78,60.18,59.42,59.8,59.8,7291855
2013-11-22,60.76,61.1,60.55,60.82,60.82,6656232
2013-11-25,59.76,60.63,59.44,60.04,60.04,3509697
2013-11-26,58.8,59.06,58.38,58.72,58.72,3279643
2013-11-27,61.1,61.55,60.78,61.16,61.16,9017043
2013-11-28,60.89,61.58,60.49,61.03,61.03,5421747
2013-11-29,59.39,59.71,58.85,59.28,59.28,5627793
2013-12-02,58.8,59.43,58.59,59.01,59.01,7142286
2013-12-03,58.73,59.54,58.09,58.81,58.81,5655143
2013-12-04,58.75,58.93,58.2,58.56,58.56,4438521
2013-12-05,58.73,59.52,58.46,58.99,58.99,6322296
2013-12-06,58.71,59.14,58.44,58.79,58.79,5076034
2013-12-09,56.84,57.47,56.66,57.06,57.06,6124466
2013-12-10,58.66,59.0,58.26,58.63,58.63,7116343
2013-12-11,58.8,59.18,57.97,58.57,58.57,7013500
2013-12-12,57.07,57.26,56.79,57.03,57.03,4781714
2013-12-13,56.6,57.21,56.16,56.69,56.69,6928695
2013-12-16,57.0,57.39,56.34,56.87,56.87,8913995
2013-12-17,57.82,57.97,57.73,57.85,57.85,8078506
2013-12-18,57.17,57.64,56.75,57.2,57.2,4397408
2013-12-19,56.95,57.57,56.65,57.11,57.11,6930396
2013-12-20,56.64,56.86,56.56,56.71,56.71,13915642
2013-12-23,56.5,56.76,56.34,56.55,56.55,4066646
2013-12-24,55.61,55.93,54.83,55.38,55.38,5026278
2013-12-25,54.52,54.65,54.19,54.42,54.42,8363882
2013-12-26,54.68,55.04,54.18,54.61,54.61,9331546
2013-12-27,54.05,54.88,53.81,54.34,54.34,7547386
2013-12-30,55.69,55.94,55.06,55.5,55.5,4533352
2013-12-31,54.92,54.94,54.91,54.92,54.92,5070301
2014-01-01,56.55,56.65,56.26,56.46,56.46,2180901
2014-01-02,56.22,56.69,55.78,56.23,56.23,9981039
2014-01-03,56.92,57.18,56.28,56.73,56.73,5817786
2014-01-06,57.71,57.92,57.62,57.77,57.77,4666943
2014-01-07,56.65,57.34,56.3,56.82,56.82,3367202
2014-01-08,56.48,57.29,56.16,56.73,56.73,6744886
2014-01-09,56.66,57.33,56.11,56.72,56.72,6550789
2014-01-10,56.11,56.89,55.88,56.38,56.38,3231620
2014-01-13,56.43,56.78,55.88,56.33,56.33,4560935
2014-01-14,57.45,57.68,57.07,57.37,57.37,9331266
2014-01-15,57.03,57.21,56.72,56.96,56.96,5471049
2014-01-16,57.06,57.52,56.45,56.98,56.98,6840526
2014-01-17,55.61,56.15,55.27,55.71,55.71,6878919
2014-01-20,56.17,56.87,55.94,56.4,56.4,6322808
2014-01-21,55.33,55.84,55.17,55.5,55.5,10071853
2014-01-22,55.89,56.09,55.37,55.73,55.73,4060815
2014-01-23,56.23,56.93,55.55,56.24,56.24,3361718
2014-01-24,55.92,56.43,55.52,55.97,55.97,4818410
2014-01-27,54.52,55.41,54.12,54.77,54.77,9268635
2014-01-28,54.62,55.12,54.13,54.62,54.62,4966293
2014-01-29,55.17,55.47,54.23,54.85,54.85,5153767
2014-01-30,55.18,55.9,54.7,55.3,55.3,5697327
2014-01-31,54.73,55.09,54.33,54.71,54.71,9000181
2014-02-03,54.37,55.05,53.98,54.51,54.51,3931583
2014-02-04,54.12,54.7,53.78,54.24,54.24,3742484
2014-02-05,52.97,53.17,52.56,52.87,52.87,5711807
2014-02-06,51.78,52.51,51.44,51.97,51.97,4293854
2014-02-07,51.91,52.48,51.67,52.07,52.07,5641965
2014-02-10,51.88,52.27,51.38,51.82,51.82,3520343
2014-02-11,54.52,55.2,53.74,54.47,54.47,2740208
2014-02-12,53.76,54.09,53.64,53.87,53.87,8392890
2014-02-13,52.45,52.92,52.22,52.57,52.57,2047938
2014-02-14,52.26,52.43,51.73,52.08,52.08,3004416
2014-02-17,52.25,52.51,51.42,51.97,51.97,4150676
2014-02-18,50.69,51.1,50.43,50.76,50.76,4166506
2014-02-19,50.27,50.48,49.87,50.18,50.18,5206528
2014-02-20,50.71,51.07,49.93,50.5,50.5,3304188
2014-02-21,49.71,50.37,49.12,49.74,49.74,5680633
2014-02-24,49.82,50.19,49.51,49.85,49.85,4514933
2014-02-25,48.41,48.69,48.08,48.38,48.38,6961030
2014-02-26,47.3,48.13,47.07,47.6,47.6,5624068
2014-02-27,46.04,46.75,45.74,46.25,46.25,13523130
2014-02-28,47.82,48.26,47.29,47.77,47.77,5724938
2014-03-03,47.42,47.79,46.79,47.29,47.29,3864117
2014-03-04,47.86,48.24,47.57,47.9,47.9,5155434
2014-03-05,48.75,48.81,48.72,48.76,48.76,4197793
2014-03-06,50.07,50.55,49.58,50.06,50.06,4553634
2014-03-07,50.16,51.09,49.84,50.46,50.46,4423811
2014-03-10,50.07,50.45,49.9,50.17,50.17,4546859
2014-03-11,50.12,50.61,49.64,50.13,50.13,7132068
2014-03-12,49.75,50.2,49.35,49.77,49.77,5346675
2014-03-13,50.64,51.23,50.36,50.79,50.79,8189073
2014-03-14,50.76,51.3,50.22,50.76,50.76,4791879
2014-03-17,52.31,52.58,52.05,52.31,52.31,4414414
2014-03-18,52.17,52.88,51.66,52.27,52.27,8395983
2014-03-19,52.28,52.69,52.08,52.39,52.39,3429598
2014-03-20,52.55,52.91,52.31,52.61,52.61,9764184
2014-03-21,53.28,53.6,52.95,53.27,53.27,5587077
2014-03-24,51.77,52.07,51.3,51.68,51.68,3100093
2014-03-25,51.3,51.63,50.92,51.27,51.27,6215695
2014-03-26,50.96,51.62,50.23,50.92,50.92,5063996
2014-03-27,52.07,52.71,51.79,52.25,52.25,8532668
2014-03-28,53.16,53.49,52.88,53.18,53.18,3797308
2014-03-31,52.66,53.3,51.79,52.54,52.54,4506277
2014-04-01,52.34,52.64,51.71,52.18,52.18,5159819
2014-04-02,53.2,54.01,52.66,53.34,53.34,4685216
2014-04-03,51.41,51.81,50.96,51.39,51.39,3932923
2014-04-04,51.52,52.26,51.26,51.76,51.76,4499085
2014-04-07,52.95,53.27,52.69,52.98,52.98,5926171
2014-04-08,53.44,53.62,53.08,53.35,53.35,4534770
2014-04-09,53.44,53.66,52.92,53.29,53.29,3833678
2014-04-10,54.43,54.69,54.06,54.37,54.37,6358534
2014-04-11,55.84,55.95,55.67,55.81,55.81,8829609
2014-04-14,56.99,57.24,56.61,56.92,56.92,9721747
2014-04-15,56.42,56.96,56.01,56.49,56.49,4728489
2014-04-16,54.37,55.1,54.15,54.62,54.62,14059735
2014-04-17,54.31,54.68,53.89,54.29,54.29,6574575
2014-04-18,53.65,54.38,53.23,53.81,53.81,10955541
2014-04-21,52.18,52.62,51.83,52.23,52.23,12365929
2014-04-22,51.66,51.87,51.27,51.57,51.57,5807605
2014-04-23,50.68,50.85,50.2,50.52,50.52,3408027
2014-04-24,49.31,49.55,48.94,49.24,49.24,3683353
2014-04-25,49.64,50.11,49.21,49.66,49.66,6081470
2014-04-28,49.67,50.25,49.16,49.7,49.7,3899851
2014-04-29,48.26,49.04,48.06,48.55,48.55,6501355
2014-04-30,48.85,49.24,48.29,48.77,48.77,3940436
2014-05-01,50.27,50.45,49.66,50.06,50.06,5371886
2014-05-02,49.78,50.4,49.29,49.84,49.84,3581266
2014-05-05,49.38,49.52,48.94,49.23,49.23,4786328
2014-05-06,47.88,48.86,47.6,48.23,48.23,3807246
2014-05-07,48.72,48.88,48.33,48.6,48.6,3562028
2014-05-08,48.51,48.66,48.23,48.44,48.44,6760772
2014-05-09,48.18,48.56,48.06,48.31,48.31,4185159
2014-05-12,48.44,48.82,48.23,48.53,48.53,7365063
2014-05-13,48.06,48.6,47.63,48.12,48.12,7642254
2014-05-14,48.01,48.43,47.73,48.08,48.08,5141644
2014-05-15,49.74,49.93,49.15,49.54,49.54,18444758
2014-05-16,49.25,49.61,48.7,49.15,49.15,7483887
2014-05-19,48.96,49.24,48.34,48.79,48.79,3402430
2014-05-20,49.45,50.04,49.22,49.63,49.63,5076460
2014-05-21,49.91,50.53,49.71,50.12,50.12,7981630
2014-05-22,49.67,50.14,49.32,49.73,49.73,4730606
2014-05-23,50.61,51.02,50.31,50.66,50.66,6611840
2014-05-26,51.89,52.13,51.46,51.8,51.8,3484242
2014-05-27,51.33,51.59,51.08,51.33,51.33,3724180
2014-05-28,51.33,51.5,51.0,51.25,51.25,6039354
2014-05-29,51.02,51.48,50.7,51.09,51.09,4657836
2014-05-30,50.23,50.76,50.0,50.38,50.38,5114650
2014-06-02,49.9,50.17,48.98,49.58,49.58,7914192
2014-06-03,49.71,50.03,49.33,49.68,49.68,7436407
2014-06-04,49.44,49.8,48.81,49.3,49.3,2532692
2014-06-05,48.9,49.65,48.4,49.02,49.02,3117996
2014-06-06,49.96,50.61,49.43,50.02,50.02,4142431
2014-06-09,49.68,50.21,49.35,49.78,49.78,6265331
2014-06-10,49.92,50.13,49.56,49.85,49.85,4435638
2014-06-11,50.11,50.36,49.48,49.92,49.92,6122444
2014-06-12,49.67,50.25,49.47,49.86,49.86,4099633
2014-06-13,50.91,51.21,50.27,50.74,50.74,4604188
2014-06-16,50.29,50.47,49.74,50.11,50.11,4653948
2014-06-17,49.87,50.35,49.5,49.92,49.92,13340605
2014-06-18,50.72,51.35,50.45,50.9,50.9,4223645
2014-06-19,50.24,50.72,49.94,50.33,50.33,6768633
2014-06-20,50.73,51.22,50.48,50.85,50.85,9860974
2014-06-23,50.01,50.53,49.25,49.89,49.89,8510095
2014-06-24,49.39,49.84,49.17,49.5,49.5,7292006
2014-06-25,51.01,51.21,50.68,50.95,50.95,5271161
2014-06-26,50.08,50.42,49.86,50.14,50.14,8948253
2014-06-27,49.48,49.64,49.17,49.4,49.4,6861620
2014-06-30,49.13,49.4,49.0,49.2,49.2,5617875
2014-07-01,49.61,49.89,49.39,49.64,49.64,6289554
2014-07-02,48.77,49.32,48.17,48.74,48.74,7832286
2014-07-03,48.74,49.49,48.27,48.88,48.88,11086257
2014-07-04,49.07,49.4,48.9,49.15,49.15,6126716
2014-07-07,46.74,47.02,46.63,46.83,46.83,5936301
2014-07-08,47.54,47.82,47.19,47.5,47.5,3398787
2014-07-09,47.76,48.28,47.57,47.92,47.92,5796297
2014-07-10,48.38,48.59,47.85,48.22,48.22,3437436
2014-07-11,49.04,49.17,48.59,48.88,48.88,4900226
2014-07-14,49.15,49.55,48.95,49.25,49.25,6430151
2014-07-15,48.88,49.41,48.69,49.05,49.05,4627962
2014-07-16,48.81,49.07,48.09,48.58,48.58,4327696
2014-07-17,47.66,48.22,47.28,47.75,47.75,6457190
2014-07-18,47.7,48.21,47.39,47.8,47.8,4790202
2014-07-21,47.33,47.56,47.03,47.29,47.29,4794533
2014-07-22,47.45,47.54,47.39,47.47,47.47,3642672
2014-07-23,47.41,47.72,47.16,47.44,47.44,3200802
2014-07-24,47.89,48.08,47.14,47.61,47.61,4454313
2014-07-25,46.45,46.93,46.08,46.51,46.51,14771831
2014-07-28,45.98,46.49,45.78,46.13,46.13,5937967
2014-07-29,45.6,45.96,44.73,45.34,45.34,8019814
2014-07-30,44.69,45.22,44.16,44.69,44.69,11133865
2014-07-31,45.0,45.3,44.67,44.98,44.98,6467612
2014-08-01,44.4,44.7,44.17,44.44,44.44,4974741
2014-08-04,44.28,44.62,43.77,44.19,44.19,5582536
2014-08-05,44.22,44.77,44.07,44.42,44.42,3878309
2014-08-06,43.99,44.21,43.33,43.77,43.77,5361969
2014-08-07,44.66,44.98,44.02,44.5,44.5,3635269
2014-08-08,44.52,44.84,44.42,44.63,44.63,5709625
2014-08-11,45.01,45.16,44.97,45.06,45.06,10280392
2014-08-12,44.5,44.59,44.34,44.47,44.47,6759514
2014-08-13,43.96,44.12,43.67,43.89,43.89,8294503
2014-08-14,43.87,44.3,43.6,43.95,43.95,6095687
2014-08-15,43.35,43.43,43.08,43.26,43.26,3865000
2014-08-18,42.83,43.21,42.63,42.92,42.92,9403585
2014-08-19,42.94,43.26,42.47,42.86,42.86,8398965
2014-08-20,43.49,43.66,43.03,43.34,43.34,5905621
2014-08-21,44.25,44.3,44.19,44.25,44.25,2623305
2014-08-22,43.97,43.98,43.95,43.96,43.96,7012089
2014-08-25,44.99,45.43,44.74,45.09,45.09,2430472
2014-08-26,44.37,44.72,44.08,44.4,44.4,6208615
2014-08-27,42.74,42.91,42.65,42.78,42.78,6155077
2014-08-28,43.21,43.85,42.87,43.36,43.36,8603198
2014-08-29,43.3,43.34,43.24,43.29,43.29,6938676
2014-09-01,42.42,42.46,42.27,42.37,42.37,3087435
2014-09-02,41.64,42.12,41.48,41.8,41.8,8633561
2014-09-03,43.59,43.91,42.76,43.33,43.33,7681210
2014-09-04,42.2,42.35,42.06,42.21,42.21,5649608
2014-09-05,42.52,42.81,41.75,42.28,42.28,5298853
2014-09-08,42.22,42.38,41.65,42.01,42.01,4894626
2014-09-09,41.47,41.73,41.02,41.38,41.38,6025121
2014-09-10,41.44,41.85,41.04,41.44,41.44,4140565
2014-09-11,40.26,40.43,39.98,40.21,40.21,8318944
2014-09-12,41.2,41.49,40.78,41.13,41.13,4775052
2014-09-15,40.4,41.07,40.13,40.6,40.6,12949247
2014-09-16,40.52,40.82,39.87,40.34,40.34,5972610
2014-09-17,40.44,41.08,40.25,40.67,40.67,4396170
2014-09-18,40.36,40.6,39.96,40.28,40.28,5013198
2014-09-19,39.2,39.55,38.87,39.21,39.21,7885656
2014-09-22,38.48,38.65,38.12,38.38,38.38,5220333
2014-09-23,38.52,38.72,38.43,38.57,38.57,2966204
2014-09-24,38.75,38.95,38.57,38.76,38.76,5782111
2014-09-25,37.9,38.16,37.34,37.75,37.75,2745711
2014-09-26,38.16,38.39,37.64,38.02,38.02,5410921
2014-09-29,38.86,39.09,38.24,38.66,38.66,3640973
2014-09-30,38.27,38.84,38.01,38.42,38.42,2789647
2014-10-01,38.84,38.98,38.59,38.79,38.79,9014319
2014-10-02,38.33,38.63,38.17,38.4,38.4,7305652
2014-10-03,37.6,37.97,37.47,37.72,37.72,3564849
2014-10-06,37.92,38.35,37.6,37.97,37.97,7046256
2014-10-07,37.21,37.46,36.97,37.22,37.22,8554125
2014-10-08,37.65,38.01,37.54,37.78,37.78,5648631
2014-10-09,38.33,38.82,38.19,38.5,38.5,6772850
2014-10-10,39.08,39.2,38.72,38.96,38.96,4763191
2014-10-13,40.36,40.67,39.42,40.04,40.04,2251297
2014-10-14,39.83,40.31,39.63,39.97,39.97,6490731
2014-10-15,39.5,40.12,39.19,39.66,39.66,3683890
2014-10-16,40.04,40.41,39.51,39.96,39.96,4991064
2014-10-17,40.39,40.44,40.37,40.4,40.4,3287414
2014-10-20,40.56,40.94,40.27,40.61,40.61,4259804
2014-10-21,40.69,40.95,40.45,40.7,40.7,5007991
2014-10-22,40.3,40.37,40.28,40.32,40.32,8233458
2014-10-23,40.47,41.01,40.07,40.54,40.54,4787370
2014-10-24,40.82,41.26,40.44,40.85,40.85,7232644
2014-10-27,40.37,40.61,40.21,40.41,40.41,8103689
2014-10-28,40.53,40.66,40.42,40.54,40.54,4277683
2014-10-29,39.91,40.32,39.42,39.87,39.87,6880341
2014-10-30,40.2,40.49,39.95,40.22,40.22,3035892
2014-10-31,39.34,39.62,39.26,39.44,39.44,4539025
2014-11-03,38.88,38.98,38.65,38.82,38.82,3377103
2014-11-04,38.35,38.81,38.05,38.43,38.43,4887041
2014-11-05,38.38,39.06,38.07,38.56,38.56,8738502
2014-11-06,38.47,38.67,38.14,38.4,38.4,3956491
2014-11-07,38.2,38.73,38.02,38.37,38.37,6010709
2014-11-10,38.16,38.59,37.97,38.28,38.28,3184809
2014-11-11,37.7,37.77,37.52,37.64,37.64,5261652
2014-11-12,37.94,38.3,37.63,37.96,37.96,5280374
2014-11-13,39.05,39.4,38.8,39.1,39.1,3437236
2014-11-14,38.31,39.16,38.1,38.63,38.63,4288683
2014-11-17,38.42,38.63,37.91,38.27,38.27,6042570
2014-11-18,37.38,37.79,37.12,37.46,37.46,9618672
2014-11-19,37.79,38.13,37.47,37.8,37.8,5688705
2014-11-20,38.08,38.32,37.46,37.89,37.89,4502918
2014-11-21,39.81,39.94,39.34,39.64,39.64,12152276
2014-11-24,39.43,40.02,39.24,39.63,39.63,4244563
2014-11-25,39.84,40.2,39.66,39.93,39.93,5312357
2014-11-26,40.04,40.35,39.7,40.02,40.02,2720925
2014-11-27,39.91,39.94,39.85,39.89,39.89,6315890
2014-11-28,41.07,41.14,40.95,41.05,41.05,4564812
2014-12-01,40.23,41.17,39.91,40.54,40.54,5041027
2014-12-02,40.2,40.41,40.07,40.24,40.24,2682594
2014-12-03,41.61,41.87,41.07,41.47,41.47,4643702
2014-12-04,41.52,41.73,41.16,41.44,41.44,6973502
2014-12-05,41.5,41.76,41.35,41.55,41.55,5687042
2014-12-08,40.76,41.21,40.4,40.8,40.8,4145127
2014-12-09,39.68,40.19,39.3,39.74,39.74,3038186
2014-12-10,40.56,40.79,39.72,40.26,40.26,3158427
2014-12-11,40.43,40.54,40.18,40.36,40.36,3422930
2014-12-12,41.65,42.06,41.01,41.53,41.53,5875962
2014-12-15,41.33,41.45,41.02,41.24,41.24,5784359
2014-12-16,41.47,41.58,41.3,41.44,41.44,3419008
2014-12-17,40.03,40.24,39.71,39.97,39.97,8251409
2014-12-18,40.21,40.47,40.02,40.24,40.24,4134728
2014-12-19,39.93,40.06,39.68,39.87,39.87,8875125
2014-12-22,40.18,40.48,39.18,39.83,39.83,5496489
2014-12-23,41.41,41.53,41.09,41.31,41.31,4197164
2014-12-24,39.9,40.49,39.65,40.07,40.07,5329196
2014-12-25,39.54,39.69,39.0,39.34,39.34,5261795
2014-12-26,40.39,40.79,40.19,40.49,40.49,6015708
2014-12-29,39.63,39.85,39.53,39.69,39.69,13638632
2014-12-30,39.41,39.53,39.1,39.31,39.31,5950474
2014-12-31,40.05,40.37,39.91,40.14,40.14,5328427
2015-01-01,40.35,40.73,39.93,40.33,40.33,5631166
2015-01-02,41.7,41.88,41.43,41.65,41.65,9833561
2015-01-05,41.23,41.32,40.97,41.15,41.15,10552679
2015-01-06,41.26,41.53,41.11,41.32,41.32,6344392
2015-01-07,42.57,42.73,41.97,42.35,42.35,7172639
2015-01-08,41.33,41.5,41.14,41.32,41.32,1723957
2015-01-09,41.42,41.79,40.94,41.37,41.37,8930997
2015-01-12,40.29,40.72,40.09,40.41,40.41,5903573
2015-01-13,40.1,40.61,39.43,40.02,40.02,5681114
2015-01-14,39.55,40.08,39.04,39.56,39.56,7919521
2015-01-15,39.37,39.64,38.97,39.3,39.3,5724022
2015-01-16,38.97,39.28,38.72,39.0,39.0,9681570
2015-01-19,39.31,39.41,39.05,39.23,39.23,3078484
2015-01-20,38.7,38.94,38.54,38.74,38.74,8580396
2015-01-21,38.79,39.24,38.65,38.95,38.95,5212710
2015-01-22,39.57,39.84,38.97,39.41,39.41,7010284
2015-01-23,38.41,39.02,38.21,38.61,38.61,5771660
2015-01-26,39.53,39.73,39.17,39.45,39.45,5345915
2015-01-27,39.1,39.32,38.74,39.03,39.03,5882799
2015-01-28,38.55,38.74,38.23,38.49,38.49,3110311
2015-01-29,37.25,37.43,36.75,37.09,37.09,9958114
2015-01-30,37.31,37.68,37.15,37.42,37.42,7980528
2015-02-02,38.13,38.22,37.96,38.09,38.09,5032245
2015-02-03,38.29,38.7,38.01,38.36,38.36,7896471
2015-02-04,38.25,38.48,37.85,38.16,38.16,4726663
2015-02-05,39.45,39.59,39.0,39.3,39.3,3221930
2015-02-06,38.67,38.91,38.45,38.68,38.68,4770053
2015-02-09,38.89,39.29,38.61,38.95,38.95,6913090
2015-02-10,39.32,39.62,39.16,39.39,39.39,7543249
2015-02-11,41.03,41.57,40.67,41.12,41.12,9732324
2015-02-12,41.27,41.72,40.91,41.32,41.32,4854505
2015-02-13,41.31,41.43,40.89,41.16,41.16,4804614
2015-02-16,40.55,40.88,40.3,40.59,40.59,5469473
2015-02-17,40.03,40.31,39.85,40.08,40.08,2940053
2015-02-18,39.45,39.87,38.73,39.3,39.3,2383950
2015-02-19,40.16,40.37,39.82,40.09,40.09,4538878
2015-02-20,39.47,39.9,39.35,39.62,39.62,3398732
2015-02-23,39.97,40.19,39.53,39.86,39.86,5004915
2015-02-24,40.58,40.95,40.27,40.61,40.61,6464759
2015-02-25,39.71,39.82,39.68,39.75,39.75,5489008
2015-02-26,39.96,40.61,39.77,40.19,40.19,2622214
2015-02-27,40.02,40.57,39.82,40.19,40.19,3373714
2015-03-02,39.5,39.82,38.97,39.39,39.39,6376974
2015-03-03,40.07,40.18,39.66,39.92,39.92,6077542
2015-03-04,40.91,41.12,40.41,40.76,40.76,9949042
2015-03-05,41.59,41.89,41.19,41.54,41.54,8909731
2015-03-06,40.9,41.33,40.47,40.9,40.9,3647337
2015-03-09,41.5,41.71,40.91,41.31,41.31,1980061
2015-03-10,42.46,42.66,42.36,42.51,42.51,4651792
2015-03-11,42.74,43.43,42.52,42.98,42.98,2241434
2015-03-12,42.88,43.27,42.64,42.95,42.95,4057628
2015-03-13,43.43,43.77,42.94,43.35,43.35,9850611
2015-03-16,43.66,44.22,43.32,43.77,43.77,5649791
2015-03-17,42.94,43.17,42.44,42.8,42.8,7967899
2015-03-18,44.12,44.47,43.69,44.08,44.08,3612708
2015-03-19,44.16,44.62,43.88,44.25,44.25,3516840
2015-03-20,44.72,45.24,44.48,44.86,44.86,2970710
2015-03-23,44.99,45.4,44.7,45.05,45.05,3442197
2015-03-24,44.33,44.62,44.14,44.38,44.38,7094488
2015-03-25,44.82,44.95,44.51,44.73,44.73,5993105
2015-03-26,44.29,44.74,43.7,44.22,44.22,5885482
2015-03-27,43.95,44.36,43.74,44.05,44.05,4484928
2015-03-30,43.99,44.42,43.88,44.15,44.15,1468970
2015-03-31,43.73,44.12,43.33,43.73,43.73,4396040
2015-04-01,43.76,44.38,43.6,43.99,43.99,2975549
2015-04-02,45.03,45.43,44.44,44.93,44.93,8982135
2015-04-03,44.55,45.37,44.18,44.78,44.78,3983249
2015-04-06,44.18,44.46,43.8,44.13,44.13,5162833
2015-04-07,43.0,43.5,42.53,43.01,43.01,2501398
2015-04-08,42.51,42.78,42.34,42.56,42.56,2612364
2015-04-09,42.67,43.13,42.39,42.76,42.76,3479857
2015-04-10,42.5,42.78,42.01,42.4,42.4,6857326
2015-04-13,43.12,43.22,43.03,43.12,43.12,3328506
2015-04-14,42.94,43.21,42.08,42.65,42.65,3514183
2015-04-15,43.33,43.46,43.14,43.3,43.3,5478448
2015-04-16,43.89,44.24,43.58,43.91,43.91,3009153
2015-04-17,43.27,43.51,42.78,43.14,43.14,3997456
2015-04-20,42.51,43.11,42.16,42.63,42.63,8408019
2015-04-21,42.45,42.67,42.35,42.51,42.51,3620484
2015-04-22,43.6,43.7,43.32,43.51,43.51,4008514
2015-04-23,44.33,44.74,44.18,44.46,44.46,6314249
2015-04-24,44.02,44.22,43.24,43.73,43.73,7736957
2015-04-27,43.11,43.5,42.5,43.0,43.0,7285055
2015-04-28,42.83,43.26,42.6,42.93,42.93,5314849
2015-04-29,43.14,43.26,42.77,43.01,43.01,2655009
2015-04-30,43.37,43.64,42.8,43.22,43.22,7256009
2015-05-01,43.41,43.73,43.26,43.5,43.5,6668005
2015-05-04,43.31,43.6,42.44,43.02,43.02,3891626
2015-05-05,42.55,42.82,42.16,42.49,42.49,8246898
2015-05-06,43.2,43.54,42.67,43.11,43.11,6926317
2015-05-07,42.9,43.2,42.43,42.81,42.81,2792086
2015-05-08,42.71,43.09,42.54,42.82,42.82,4607004
2015-05-11,41.7,41.9,41.59,41.75,41.75,3259129
2015-05-12,41.75,41.95,41.29,41.62,41.62,4358929
2015-05-13,41.79,42.25,41.67,41.96,41.96,3306178
2015-05-14,42.36,42.92,42.05,42.49,42.49,10103815
2015-05-15,42.62,42.87,42.39,42.63,42.63,3058685
2015-05-18,43.43,43.9,43.3,43.6,43.6,8612779
2015-05-19,44.72,44.86,44.56,44.71,44.71,10057524
2015-05-20,45.2,45.32,44.85,45.09,45.09,6577364
2015-05-21,44.3,44.99,44.11,44.55,44.55,2785747
2015-05-22,45.13,45.33,44.54,44.94,44.94,3303858
2015-05-25,44.8,44.99,44.67,44.83,44.83,10738849
2015-05-26,46.22,46.71,45.55,46.13,46.13,6597436
2015-05-27,45.46,45.61,45.28,45.45,45.45,4381538
2015-05-28,46.2,46.48,45.6,46.04,46.04,4937280
2015-05-29,46.26,46.55,45.68,46.11,46.11,3205314
2015-06-01,47.22,47.39,46.87,47.13,47.13,4016905
2015-06-02,47.44,48.06,47.1,47.58,47.58,7456510
2015-06-03,46.85,46.99,46.7,46.84,46.84,3652134
2015-06-04,46.53,46.78,46.14,46.46,46.46,5047494
2015-06-05,47.03,47.19,46.59,46.89,46.89,5477580
2015-06-08,47.03,47.56,46.83,47.19,47.19,5517567
2015-06-09,47.92,48.15,47.36,47.75,47.75,8829016
2015-06-10,49.12,49.31,48.66,48.99,48.99,4909129
2015-06-11,48.73,49.11,48.16,48.63,48.63,3519792
2015-06-12,49.41,50.07,49.01,49.54,49.54,4668015
2015-06-15,48.68,49.31,48.46,48.89,48.89,5282492
2015-06-16,50.28,50.56,49.98,50.27,50.27,6082217
2015-06-17,49.71,50.38,49.44,49.91,49.91,3863545
2015-06-18,49.42,49.92,49.22,49.57,49.57,3137771
2015-06-19,48.84,49.27,48.34,48.81,48.81,3211808
2015-06-22,48.59,49.02,48.47,48.75,48.75,5339586
2015-06-23,49.28,49.48,48.82,49.15,49.15,4301721
2015-06-24,49.19,49.39,48.82,49.1,49.1,5518777
2015-06-25,49.09,49.53,48.89,49.21,49.21,3468314
2015-06-26,48.96,49.67,48.62,49.14,49.14,7191294
2015-06-29,49.58,49.63,49.41,49.52,49.52,7968982
2015-06-30,48.92,49.21,48.59,48.9,48.9,4915792
2015-07-01,49.97,50.34,49.53,49.94,49.94,4278838
2015-07-02,49.84,50.34,49.08,49.71,49.71,7257846
2015-07-03,49.74,50.02,49.24,49.63,49.63,3811800
2015-07-06,49.15,49.58,48.81,49.2,49.2,3256819
2015-07-07,49.21,49.64,48.37,49.0,49.0,4546216
2015-07-08,49.64,49.91,49.31,49.61,49.61,3384745
2015-07-09,49.75,50.26,49.33,49.8,49.8,3253025
2015-07-10,49.47,49.55,49.15,49.35,49.35,8442182
2015-07-13,49.03,49.4,48.89,49.15,49.15,4827666
2015-07-14,48.61,49.32,48.33,48.82,48.82,3984969
2015-07-15,49.22,49.57,48.78,49.17,49.17,4804230
2015-07-16,49.24,49.33,49.18,49.26,49.26,4859033
2015-07-17,48.96,48.99,48.93,48.96,48.96,5453723
2015-07-20,50.46,50.81,49.41,50.11,50.11,7185787
2015-07-21,50.73,50.93,50.42,50.67,50.67,8182511
2015-07-22,50.55,51.5,50.1,50.8,50.8,3774728
2015-07-23,50.51,51.08,50.18,50.63,50.63,4878550
2015-07-24,51.86,52.2,51.52,51.86,51.86,2826659
2015-07-27,53.01,53.17,52.89,53.03,53.03,9960839
2015-07-28,53.7,53.97,52.86,53.41,53.41,27689865
2015-07-29,52.13,52.59,51.36,51.98,51.98,6344372
2015-07-30,51.01,51.11,50.96,51.03,51.03,4032204
2015-07-31,52.11,52.45,51.25,51.85,51.85,7952385
2015-08-03,51.9,52.49,51.52,52.01,52.01,11736528
2015-08-04,53.52,53.55,53.51,53.53,53.53,3398087
2015-08-05,53.07,53.39,52.89,53.14,53.14,2936114
2015-08-06,52.1,52.89,51.89,52.39,52.39,5330870
2015-08-07,51.81,52.02,51.58,51.8,51.8,6878283
2015-08-10,52.09,52.34,51.68,52.01,52.01,9264408
2015-08-11,52.13,52.38,51.17,51.77,51.77,6526018
2015-08-12,50.58,50.98,50.21,50.6,50.6,3814532
2015-08-13,53.38,53.66,52.72,53.19,53.19,3156960
2015-08-14,52.47,52.77,52.13,52.45,52.45,5406365
2015-08-17,52.1,52.39,51.61,52.0,52.0,2569098
2015-08-18,52.56,52.7,52.01,52.35,52.35,6326841
2015-08-19,52.38,52.96,51.89,52.42,52.42,10362325
2015-08-20,53.02,53.21,52.75,52.98,52.98,4911234
2015-08-21,54.57,54.89,53.72,54.3,54.3,7553117
2015-08-24,53.42,54.11,53.2,53.66,53.66,4718465
2015-08-25,53.56,53.61,53.43,53.52,53.52,4529041
2015-08-26,52.14,52.29,52.01,52.15,52.15,6065278
2015-08-27,50.63,50.86,50.23,50.54,50.54,4963312
2015-08-28,50.21,50.75,49.42,50.08,50.08,5035524
2015-08-31,50.53,51.07,50.36,50.72,50.72,7283025
2015-09-01,52.04,52.51,51.88,52.19,52.19,6214536
2015-09-02,52.13,52.29,52.08,52.18,52.18,5067233
2015-09-03,51.85,52.74,51.11,51.93,51.93,9175447
2015-09-04,52.9,53.32,52.18,52.75,52.75,3236354
2015-09-07,52.76,53.76,52.42,53.09,53.09,2686699
2015-09-08,54.11,54.32,53.52,53.92,53.92,5990736
2015-09-09,54.88,54.88,54.87,54.87,54.87,1869806
2015-09-10,54.12,54.34,53.34,53.84,53.84,3895304
2015-09-11,52.91,53.51,52.53,53.02,53.02,3789359
2015-09-14,51.89,52.39,51.48,51.93,51.93,6343705
2015-09-15,51.12,51.53,50.24,50.89,50.89,5175234
2015-09-16,51.07,51.52,50.44,50.98,50.98,3076378
2015-09-17,52.0,52.42,51.29,51.86,51.86,5661564
2015-09-18,51.31,51.83,51.04,51.44,51.44,5672262
2015-09-21,51.34,52.01,51.06,51.54,51.54,9607191
2015-09-22,51.9,52.75,51.46,52.11,52.11,8602436
2015-09-23,52.12,52.46,51.55,52.0,52.0,4577326
2015-09-24,51.74,52.11,51.17,51.64,51.64,4286168
2015-09-25,51.85,51.95,51.56,51.75,51.75,3111438
2015-09-28,51.22,51.55,50.69,51.12,51.12,9909721
2015-09-29,51.06,51.39,50.46,50.93,50.93,6822214
2015-09-30,51.39,51.44,51.27,51.36,51.36,7352082
2015-10-01,49.42,49.57,49.27,49.42,49.42,5434167
2015-10-02,48.98,49.26,48.39,48.82,48.82,4079151
2015-10-05,47.95,48.61,47.75,48.18,48.18,3176190
2015-10-06,47.68,48.24,47.33,47.79,47.79,3404814
2015-10-07,49.19,50.05,48.79,49.42,49.42,4928971
2015-10-08,49.53,49.53,49.53,49.53,49.53,9137365
2015-10-09,47.85,48.43,47.58,48.01,48.01,5889079
2015-10-12,48.04,48.67,47.66,48.17,48.17,5843237
2015-10-13,47.98,48.2,47.51,47.85,47.85,6586408
2015-10-14,48.32,48.78,47.81,48.29,48.29,4626316
2015-10-15,49.57,50.04,48.98,49.51,49.51,1847407
2015-10-16,49.77,50.05,49.48,49.77,49.77,8237845
2015-10-19,50.44,51.0,50.14,50.57,50.57,4335264
2015-10-20,51.16,51.65,50.95,51.3,51.3,4469317
2015-10-21,52.11,52.38,51.9,52.14,52.14,9307703
2015-10-22,51.75,52.12,51.19,51.65,51.65,4031010
2015-10-23,51.66,52.2,51.45,51.83,51.83,4134727
2015-10-26,51.43,52.31,50.69,51.5,51.5,4238956
2015-10-27,51.74,51.94,51.05,51.5,51.5,3986525
2015-10-28,52.0,52.83,51.65,52.24,52.24,6484926
2015-10-29,52.19,52.64,51.91,52.28,52.28,12748962
2015-10-30,52.11,52.53,51.61,52.07,52.07,5145718
2015-11-02,50.17,50.51,49.35,49.93,49.93,9073240
2015-11-03,49.82,50.34,49.23,49.78,49.78,4536078
2015-11-04,49.81,50.49,49.59,50.04,50.04,3808652
2015-11-05,50.01,51.28,49.58,50.43,50.43,7260049
2015-11-06,50.57,50.72,50.25,50.48,50.48,9486728
2015-11-09,49.95,50.22,49.26,49.74,49.74,1492845
2015-11-10,49.34,49.79,48.48,49.14,49.14,4176599
2015-11-11,49.01,49.29,48.41,48.85,48.85,3015297
2015-11-12,48.99,49.36,48.43,48.89,48.89,5549683
2015-11-13,49.61,50.05,49.02,49.53,49.53,11051149
2015-11-16,49.62,49.89,49.46,49.68,49.68,5631104
2015-11-17,49.29,49.56,48.43,49.0,49.0,8203790
2015-11-18,48.43,49.36,48.12,48.74,48.74,5435904
2015-11-19,48.53,48.86,48.02,48.44,48.44,4792615
2015-11-20,48.29,48.64,47.99,48.32,48.32,7344852
2015-11-23,49.05,49.35,48.4,48.88,48.88,9420499
2015-11-24,49.74,50.06,48.92,49.49,49.49,5534247
2015-11-25,50.3,50.52,50.06,50.29,50.29,8210898
2015-11-26,51.47,51.91,51.23,51.57,51.57,5014792
2015-11-27,50.37,50.57,50.01,50.29,50.29,4590490
2015-11-30,50.52,51.01,49.64,50.33,50.33,14854383
2015-12-01,52.85,53.29,52.06,52.68,52.68,6796232
2015-12-02,52.23,52.52,51.97,52.25,52.25,10661630
2015-12-03,52.17,52.72,51.85,52.29,52.29,7030924
2015-12-04,52.84,53.16,52.0,52.58,52.58,7037977
2015-12-07,53.21,53.43,52.76,53.1,53.1,5109501
2015-12-08,52.55,52.88,52.11,52.49,52.49,3444488
2015-12-09,52.13,52.36,51.78,52.07,52.07,3192163
2015-12-10,51.12,51.56,50.97,51.27,51.27,11489740
2015-12-11,50.47,51.05,49.95,50.5,50.5,8577212
2015-12-14,50.7,51.14,50.18,50.66,50.66,6528122
2015-12-15,49.92,50.51,49.36,49.93,49.93,6638382
2015-12-16,49.75,50.15,49.5,49.82,49.82,6833083
2015-12-17,50.53,50.74,49.9,50.32,50.32,2857084
2015-12-18,50.78,51.04,49.98,50.51,50.51,4956365
2015-12-21,51.91,51.97,51.89,51.93,51.93,17224552
2015-12-22,50.91,51.91,50.49,51.2,51.2,5854872
2015-12-23,50.97,51.24,50.42,50.83,50.83,5383294
2015-12-24,51.98,52.32,51.29,51.8,51.8,6713557
2015-12-25,52.02,52.21,51.27,51.74,51.74,10269920
2015-12-28,51.95,51.99,51.8,51.9,51.9,5206940
2015-12-29,50.71,51.32,50.13,50.73,50.73,4545659
2015-12-30,52.19,53.2,51.71,52.46,52.46,3957698
2015-12-31,53.12,53.66,52.45,53.06,53.06,6472193
2016-01-01,52.7,52.89,52.44,52.66,52.66,6891647
2016-01-04,51.95,52.42,51.76,52.09,52.09,1447804
2016-01-05,52.47,52.72,51.95,52.33,52.33,7780621
2016-01-06,52.5,52.81,52.33,52.57,52.57,3310163
2016-01-07,52.06,52.22,51.84,52.03,52.03,9217298
2016-01-08,50.8,51.17,50.54,50.86,50.86,5389504
2016-01-11,51.23,51.95,50.95,51.45,51.45,6902282
2016-01-12,51.27,52.04,50.84,51.44,51.44,2952380
2016-01-13,51.49,51.58,51.33,51.46,51.46,2954842
2016-01-14,51.56,51.98,51.12,51.55,51.55,4651938
2016-01-15,50.54,50.76,49.81,50.28,50.28,4753178
2016-01-18,50.14,50.3,49.88,50.09,50.09,11068585
2016-01-19,50.75,50.87,50.29,50.58,50.58,3608589
2016-01-20,50.28,50.86,49.7,50.28,50.28,4008139
2016-01-21,51.33,51.51,51.28,51.39,51.39,7414602
2016-01-22,51.21,51.57,50.56,51.07,51.07,6728038
2016-01-25,50.59,50.75,50.17,50.46,50.46,4169203
2016-01-26,49.03,49.26,48.73,49.0,49.0,3749015
2016-01-27,49.03,49.43,48.57,49.0,49.0,5228909
2016-01-28,49.47,49.9,48.97,49.44,49.44,10121813
2016-01-29,48.01,48.65,47.74,48.19,48.19,3618429
2016-02-01,49.11,49.31,48.39,48.85,48.85,5121248
2016-02-02,48.52,49.16,48.32,48.74,48.74,8657531
2016-02-03,48.83,49.17,48.71,48.94,48.94,5442164
2016-02-04,49.7,50.0,49.5,49.75,49.75,12344025
2016-02-05,51.09,51.35,50.65,51.0,51.0,5072009
2016-02-08,49.15,49.83,48.93,49.38,49.38,4365639
2016-02-09,50.09,50.62,49.87,50.25,50.25,4326366
2016-02-10,49.55,49.78,48.74,49.26,49.26,3106186
2016-02-11,50.03,50.27,49.74,50.0,50.0,6598623
2016-02-12,50.54,50.7,50.18,50.44,50.44,12055775
2016-02-15,50.4,50.71,50.2,50.46,50.46,3674677
2016-02-16,49.38,50.11,49.18,49.65,49.65,3899125
2016-02-17,50.33,50.65,50.17,50.41,50.41,4057185
2016-02-18,50.57,50.85,50.26,50.55,50.55,2769765
2016-02-19,50.69,51.08,50.06,50.57,50.57,4966523
2016-02-22,50.47,50.64,50.2,50.42,50.42,4081828
2016-02-23,49.38,49.72,49.16,49.44,49.44,4276873
2016-02-24,49.32,49.9,49.11,49.5,49.5,6530563
2016-02-25,48.23,49.14,48.0,48.57,48.57,5263273
2016-02-26,49.06,49.16,49.03,49.1,49.1,2244767
2016-02-29,50.14,50.59,49.63,50.11,50.11,13849974
2016-03-01,51.18,51.35,50.63,50.99,50.99,9643932
2016-03-02,51.32,51.45,50.83,51.14,51.14,4893214
2016-03-03,51.84,51.84,51.83,51.84,51.84,6123290
2016-03-04,52.77,53.23,52.21,52.72,52.72,7063873
2016-03-07,52.91,53.2,52.44,52.82,52.82,9198835
2016-03-08,53.77,54.2,53.39,53.8,53.8,4533209
2016-03-09,54.18,54.73,53.49,54.11,54.11,6543614
2016-03-10,53.98,54.46,53.24,53.85,53.85,9527319
2016-03-11,55.03,55.47,54.92,55.19,55.19,8152513
2016-03-14,54.83,55.1,54.72,54.91,54.91,5540328
2016-03-15,54.68,54.86,54.41,54.63,54.63,11449541
2016-03-16,54.96,55.34,54.43,54.89,54.89,5323415
2016-03-17,54.12,54.75,53.48,54.12,54.12,9226789
2016-03-18,53.06,53.33,52.61,52.97,52.97,9345951
2016-03-21,53.64,53.77,53.28,53.52,53.52,4131543
2016-03-22,53.23,53.47,52.28,52.88,52.88,7538471
2016-03-23,52.3,52.54,52.01,52.27,52.27,11589810
2016-03-24,53.8,53.92,53.4,53.66,53.66,5193386
2016-03-25,52.72,53.28,52.43,52.86,52.86,4516548
2016-03-28,52.84,53.15,52.21,52.68,52.68,4667368
2016-03-29,52.57,53.11,52.01,52.56,52.56,4244474
2016-03-30,51.91,52.18,51.41,51.8,51.8,4727189
2016-03-31,52.28,52.75,52.0,52.38,52.38,7243090
2016-04-01,52.81,53.34,52.45,52.9,52.9,5194386
2016-04-04,52.74,53.31,52.55,52.93,52.93,8178047
2016-04-05,52.46,53.12,51.86,52.49,52.49,4259739
2016-04-06,51.62,52.14,51.46,51.8,51.8,3702972
2016-04-07,53.89,54.72,53.59,54.15,54.15,2895691
2016-04-08,54.05,54.52,53.72,54.12,54.12,5314958
2016-04-11,55.44,55.93,54.92,55.43,55.43,5205067
2016-04-12,55.53,55.77,54.6,55.18,55.18,2486343
2016-04-13,54.76,54.95,54.23,54.59,54.59,3289691
2016-04-14,56.42,56.61,56.05,56.33,56.33,4636687
2016-04-15,57.51,57.75,56.96,57.36,57.36,5864423
2016-04-18,56.75,56.92,56.49,56.7,56.7,5667911
2016-04-19,55.02,55.79,54.82,55.31,55.31,6078524
2016-04-20,54.43,55.33,54.01,54.67,54.67,5069669
2016-04-21,54.84,55.68,54.5,55.09,55.09,8700336
2016-04-22,55.08,55.43,54.68,55.05,55.05,6324220
2016-04-25,55.43,55.86,55.02,55.44,55.44,10364081
2016-04-26,55.93,56.21,55.57,55.89,55.89,2274356
2016-04-27,56.33,56.81,55.63,56.22,56.22,6293767
2016-04-28,57.41,57.59,57.24,57.42,57.42,15515227
2016-04-29,59.23,59.76,58.42,59.09,59.09,3948100
2016-05-02,60.11,60.24,59.95,60.09,60.09,2684036
2016-05-03,60.71,60.95,60.44,60.69,60.69,3489486
2016-05-04,60.74,61.36,60.24,60.8,60.8,5812266
2016-05-05,61.16,61.84,60.48,61.16,61.16,5268805
2016-05-06,62.33,62.88,61.87,62.38,62.38,3410005
2016-05-09,63.53,64.32,62.81,63.57,63.57,13159959
2016-05-10,63.28,64.06,62.99,63.52,63.52,5993437
2016-05-11,62.83,63.36,61.65,62.5,62.5,7177763
2016-05-12,61.87,61.96,61.67,61.82,61.82,2732798
2016-05-13,61.98,63.06,61.54,62.3,62.3,9109798
2016-05-16,62.5,62.66,62.34,62.5,62.5,6676807
2016-05-17,61.66,61.99,60.72,61.35,61.35,8015800
2016-05-18,59.71,60.57,59.37,59.97,59.97,6333266
2016-05-19,60.58,61.53,60.05,60.79,60.79,11266674
2016-05-20,60.06,60.52,59.49,60.01,60.01,5229701
2016-05-23,58.99,59.3,58.21,58.75,58.75,5871392
2016-05-24,59.16,59.86,58.54,59.2,59.2,4750897
2016-05-25,59.42,59.77,58.89,59.33,59.33,2509272
2016-05-26,59.23,60.06,59.02,59.54,59.54,7515891
2016-05-27,59.09,59.43,58.17,58.8,58.8,3687021
2016-05-30,59.3,59.5,58.62,59.06,59.06,2587559
2016-05-31,58.9,59.44,58.37,58.91,58.91,11069418
2016-06-01,59.6,59.82,59.09,59.45,59.45,6149908
2016-06-02,59.15,59.61,58.95,59.28,59.28,6864374
2016-06-03,59.54,59.74,59.32,59.53,59.53,4149078
2016-06-06,60.89,61.13,60.3,60.72,60.72,5426156
2016-06-07,60.84,61.24,60.45,60.84,60.84,6955738
2016-06-08,61.11,61.59,60.76,61.17,61.17,2194921
2016-06-09,61.73,62.03,61.4,61.71,61.71,3204939
2016-06-10,60.65,60.74,60.43,60.59,60.59,7426343
2016-06-13,61.48,62.34,60.88,61.61,61.61,4079296
2016-06-14,60.57,60.82,59.85,60.33,60.33,6761885
2016-06-15,58.36,59.22,58.06,58.64,58.64,5921701
2016-06-16,59.07,60.04,58.53,59.29,59.29,4448172
2016-06-17,59.5,59.86,58.39,59.13,59.13,4737654
2016-06-20,59.4,59.77,58.4,59.09,59.09,8177925
2016-06-21,59.74,59.99,59.23,59.61,59.61,8728847
2016-06-22,59.88,60.4,59.56,59.98,59.98,5598915
2016-06-23,60.25,60.62,60.0,60.31,60.31,4507566
2016-06-24,59.6,60.3,59.09,59.69,59.69,2500021
2016-06-27,59.81,59.98,59.27,59.63,59.63,6719364
2016-06-28,60.05,60.39,58.9,59.65,59.65,5361411
2016-06-29,60.36,61.11,60.12,60.62,60.62,11999923
2016-06-30,60.21,60.31,59.87,60.09,60.09,6640907
2016-07-01,58.56,59.22,58.33,58.78,58.78,5311597
2016-07-04,58.71,59.21,58.4,58.8,58.8,4372227
2016-07-05,59.04,59.41,58.74,59.08,59.08,4735415
2016-07-06,58.43,59.03,58.09,58.56,58.56,6686061
2016-07-07,57.18,57.73,56.94,57.33,57.33,5134954
2016-07-08,55.85,56.71,55.27,55.99,55.99,8103621
2016-07-11,54.84,55.01,54.22,54.61,54.61,3265515
2016-07-12,54.6,55.23,54.43,54.83,54.83,4654969
2016-07-13,52.69,53.04,52.36,52.7,52.7,3131568
2016-07-14,53.13,53.79,52.34,53.07,53.07,9744892
2016-07-15,53.7,54.44,53.39,53.91,53.91,6742646
2016-07-18,53.8,54.16,53.54,53.85,53.85,7014200
2016-07-19,56.0,56.64,55.65,56.15,56.15,8481293
2016-07-20,56.07,56.43,55.85,56.14,56.14,5564093
2016-07-21,55.59,55.71,55.15,55.43,55.43,6226841
2016-07-22,55.05,55.73,54.82,55.27,55.27,4482542
2016-07-25,54.0,54.52,53.47,53.99,53.99,7607328
2016-07-26,54.31,54.56,53.76,54.16,54.16,6098421
2016-07-27,53.72,53.99,52.75,53.37,53.37,10577942
2016-07-28,54.19,54.58,53.71,54.14,54.14,3003051
2016-07-29,53.74,54.14,53.21,53.68,53.68,8762724
2016-08-01,53.96,54.05,53.62,53.84,53.84,6912894
2016-08-02,55.16,55.34,54.71,55.02,55.02,12939923
2016-08-03,55.2,55.74,54.56,55.15,55.15,4978367
2016-08-04,53.84,54.45,53.61,54.03,54.03,3758636
2016-08-05,52.42,52.68,51.8,52.24,52.24,10076680
2016-08-08,52.13,52.63,51.68,52.16,52.16,4141608
2016-08-09,51.02,51.91,50.34,51.13,51.13,6283731
2016-08-10,51.98,52.33,51.19,51.76,51.76,3800070
2016-08-11,51.08,51.6,50.5,51.05,51.05,1839863
2016-08-12,51.37,51.61,50.86,51.24,51.24,6952082
2016-08-15,49.62,49.86,49.36,49.61,49.61,5890919
2016-08-16,48.64,49.2,48.14,48.67,48.67,9360295
2016-08-17,49.26,49.64,48.87,49.25,49.25,9638784
2016-08-18,50.2,50.44,49.88,50.16,50.16,7551890
2016-08-19,48.59,49.2,48.36,48.78,48.78,3852324
2016-08-22,49.25,49.82,49.03,49.43,49.43,5553298
2016-08-23,50.09,50.91,49.8,50.35,50.35,5197182
2016-08-24,50.15,50.52,49.99,50.26,50.26,4877600
2016-08-25,50.34,50.69,50.04,50.37,50.37,7722597
2016-08-26,50.18,50.38,49.48,49.93,49.93,8150209
2016-08-29,50.31,51.0,49.98,50.49,50.49,5216006
2016-08-30,51.51,52.14,51.13,51.64,51.64,5411895
2016-08-31,51.24,51.44,50.59,51.01,51.01,9490775
2016-09-01,51.36,51.52,51.19,51.36,51.36,5590882
2016-09-02,50.15,50.58,50.03,50.3,50.3,2943370
2016-09-05,50.64,51.03,50.3,50.66,50.66,3832316
2016-09-06,50.81,51.52,50.43,50.97,50.97,5398400
2016-09-07,51.18,51.26,51.07,51.16,51.16,4797864
2016-09-08,51.33,51.61,50.87,51.24,51.24,7320576
2016-09-09,50.65,51.27,50.37,50.82,50.82,3043727
2016-09-12,50.55,50.89,50.43,50.66,50.66,7832134
2016-09-13,52.56,53.06,52.31,52.68,52.68,5997557
2016-09-14,52.37,52.73,51.77,52.25,52.25,4751340
2016-09-15,51.61,51.78,51.32,51.55,51.55,5680612
2016-09-16,52.83,53.0,52.4,52.7,52.7,6535681
2016-09-19,52.38,52.95,52.16,52.56,52.56,7047302
2016-09-20,52.67,53.21,52.16,52.68,52.68,5624860
2016-09-21,52.94,53.36,52.63,52.99,52.99,6277353
2016-09-22,52.22,52.74,51.95,52.34,52.34,7586665
2016-09-23,53.62,53.78,53.49,53.63,53.63,4470662
2016-09-26,54.42,54.76,54.15,54.45,54.45,7393443
2016-09-27,54.69,55.07,54.05,54.56,54.56,10939482
2016-09-28,52.91,53.31,52.67,52.99,52.99,7772631
2016-09-29,52.98,53.27,52.11,52.69,52.69,2702516
2016-09-30,51.75,52.01,51.14,51.57,51.57,3626045
2016-10-03,50.7,51.08,50.49,50.78,50.78,2967389
2016-10-04,50.57,51.2,50.09,50.64,50.64,4453606
2016-10-05,50.88,51.17,50.46,50.81,50.81,4008154
2016-10-06,50.0,50.21,49.79,50.0,50.0,6654651
2016-10-07,50.77,51.37,50.35,50.86,50.86,3936680
2016-10-10,50.97,51.17,50.79,50.98,50.98,2672786
2016-10-11,51.84,52.2,51.65,51.93,51.93,5087228
2016-10-12,52.09,52.74,51.55,52.15,52.15,9563517
2016-10-13,53.01,54.06,52.61,53.33,53.33,2992328
2016-10-14,52.67,52.98,52.16,52.57,52.57,8691458
2016-10-17,53.39,53.58,52.88,53.23,53.23,4456945
2016-10-18,52.74,53.2,51.98,52.59,52.59,4212147
2016-10-19,52.22,52.76,51.94,52.35,52.35,9280896
2016-10-20,54.05,54.33,52.93,53.63,53.63,4710022
2016-10-21,53.84,54.31,53.27,53.79,53.79,9417659
2016-10-24,53.92,54.38,53.58,53.98,53.98,7703310
2016-10-25,52.68,53.19,52.07,52.63,52.63,7335019
2016-10-26,52.16,52.75,51.91,52.33,52.33,3634795
2016-10-27,53.06,53.38,52.7,53.04,53.04,3809040
2016-10-28,53.84,54.25,53.48,53.87,53.87,7003945
2016-10-31,53.5,53.64,53.3,53.47,53.47,2952748
2016-11-01,52.89,53.41,52.18,52.8,52.8,7195342
2016-11-02,52.14,52.36,51.64,52.0,52.0,5057416
2016-11-03,52.59,52.8,52.04,52.42,52.42,6605574
2016-11-04,53.16,53.32,52.92,53.12,53.12,6409191
2016-11-07,52.68,53.4,52.25,52.83,52.83,4968248
2016-11-08,53.4,53.82,52.43,53.13,53.13,7662759
2016-11-09,53.41,54.17,53.17,53.67,53.67,4954275
2016-11-10,52.81,52.99,52.24,52.61,52.61,14337668
2016-11-11,53.82,54.37,53.07,53.72,53.72,9118821
2016-11-14,53.49,54.25,52.92,53.58,53.58,3773828
2016-11-15,51.82,52.41,51.25,51.83,51.83,8703152
2016-11-16,51.02,51.29,50.32,50.81,50.81,3140166
2016-11-17,50.44,50.84,50.3,50.57,50.57,7558108
2016-11-18,49.66,49.83,49.13,49.48,49.48,5432812
2016-11-21,50.13,50.72,49.88,50.3,50.3,3983563
2016-11-22,49.9,50.13,49.73,49.93,49.93,5599641
2016-11-23,47.67,47.9,47.41,47.66,47.66,3576528
2016-11-24,47.62,47.77,47.03,47.4,47.4,7819341
2016-11-25,47.44,47.74,47.11,47.42,47.42,3666459
2016-11-28,47.48,48.28,47.15,47.72,47.72,5194693
2016-11-29,47.87,48.2,47.53,47.86,47.86,9149605
2016-11-30,49.39,49.5,49.04,49.27,49.27,6919580
2016-12-01,48.52,48.96,47.52,48.24,48.24,3956856
2016-12-02,48.35,48.81,47.59,48.2,48.2,7353262
2016-12-05,47.25,47.71,46.5,47.1,47.1,4946215
2016-12-06,48.13,48.39,47.87,48.13,48.13,4190679
2016-12-07,47.44,47.61,47.06,47.34,47.34,4918932
2016-12-08,48.22,49.0,48.02,48.51,48.51,11647156
2016-12-09,48.64,49.39,48.44,48.91,48.91,4742382
2016-12-12,48.72,48.97,48.55,48.76,48.76,3367330
2016-12-13,48.19,48.55,47.75,48.15,48.15,7719212
2016-12-14,47.85,48.46,47.51,47.98,47.98,5659573
2016-12-15,47.83,48.04,47.09,47.56,47.56,5246870
2016-12-16,47.02,47.18,46.53,46.85,46.85,8829553
2016-12-19,46.21,46.47,45.91,46.19,46.19,6166739
2016-12-20,46.92,47.24,46.24,46.74,46.74,3357054
2016-12-21,47.34,48.01,47.08,47.55,47.55,6395482
2016-12-22,47.43,47.79,46.99,47.39,47.39,6701088
2016-12-23,46.96,47.16,46.51,46.83,46.83,3673209
2016-12-26,46.53,46.69,46.01,46.35,46.35,4843954
2016-12-27,45.36,45.6,45.27,45.43,45.43,8825068
2016-12-28,46.01,46.36,45.44,45.9,45.9,6099823
2016-12-29,45.14,45.39,44.81,45.1,45.1,4955125
2016-12-30,45.4,45.61,45.28,45.44,45.44,7302883
2017-01-02,45.92,46.24,45.64,45.94,45.94,4200814
2017-01-03,46.83,47.02,46.49,46.75,46.75,4427113
2017-01-04,46.35,46.85,45.68,46.27,46.27,5203592
2017-01-05,46.31,46.5,45.62,46.06,46.06,7299246
2017-01-06,46.4,47.13,46.2,46.66,46.66,12888230
2017-01-09,45.95,46.33,45.74,46.04,46.04,5351608
2017-01-10,46.05,46.28,45.37,45.83,45.83,6569549
2017-01-11,45.77,46.25,45.62,45.93,45.93,4085025
2017-01-12,47.16,47.33,46.9,47.11,47.11,7640854
2017-01-13,47.42,47.54,47.04,47.29,47.29,6143415
2017-01-16,46.63,46.97,46.39,46.68,46.68,7076470
2017-01-17,47.15,47.5,46.84,47.17,47.17,5310190
2017-01-18,47.28,47.65,46.49,47.07,47.07,9836805
2017-01-19,45.64,45.9,45.4,45.65,45.65,8968419
2017-01-20,44.9,45.71,44.6,45.15,45.15,3938580
2017-01-23,44.6,45.02,44.23,44.63,44.63,7230966
2017-01-24,43.87,44.25,43.66,43.96,43.96,6171505
2017-01-25,43.89,44.15,43.41,43.78,43.78,5889470
2017-01-26,43.49,43.65,43.38,43.51,43.51,7556273
2017-01-27,42.87,43.14,42.57,42.86,42.86,3340088
2017-01-30,42.19,42.84,42.02,42.43,42.43,4242720
2017-01-31,41.78,42.06,41.45,41.75,41.75,5459492
2017-02-01,42.21,42.63,41.97,42.3,42.3,6315224
2017-02-02,41.82,42.46,41.65,42.06,42.06,5366428
2017-02-03,41.1,41.47,40.76,41.11,41.11,6757555
2017-02-06,40.54,40.59,40.46,40.53,40.53,4771425
2017-02-07,39.56,40.02,39.41,39.72,39.72,6126289
2017-02-08,39.95,40.18,39.45,39.81,39.81,8181631
2017-02-09,38.65,39.31,38.25,38.78,38.78,4210635
2017-02-10,38.63,38.85,38.33,38.59,38.59,6384651
2017-02-13,37.97,38.19,37.65,37.92,37.92,3958392
2017-02-14,38.27,38.5,37.8,38.15,38.15,5435205
2017-02-15,37.78,38.37,37.46,37.92,37.92,11249490
2017-02-16,37.15,37.48,37.01,37.24,37.24,6443731
2017-02-17,36.95,37.13,36.85,36.99,36.99,5659054
2017-02-20,37.9,38.0,37.83,37.92,37.92,6203869
2017-02-21,38.13,38.51,37.81,38.16,38.16,8974621
2017-02-22,38.09,38.5,37.62,38.06,38.06,5797039
2017-02-23,37.39,37.71,37.16,37.43,37.43,3520879
2017-02-24,37.98,38.17,37.82,37.99,37.99,4951719
2017-02-27,37.18,37.36,37.08,37.22,37.22,5937713
2017-02-28,37.95,38.61,37.75,38.18,38.18,5890531
2017-03-01,37.54,37.95,37.17,37.56,37.56,7646522
2017-03-02,38.32,38.43,37.88,38.16,38.16,3433370
2017-03-03,38.05,38.38,37.61,38.0,38.0,4815954
2017-03-06,39.09,39.7,38.73,39.22,39.22,13082853
2017-03-07,39.96,40.41,39.64,40.03,40.03,4619475
2017-03-08,39.83,39.99,39.58,39.79,39.79,5136652
2017-03-09,39.8,40.13,39.4,39.77,39.77,3003910
2017-03-10,39.57,39.84,39.03,39.43,39.43,5699034
2017-03-13,39.33,39.58,38.75,39.16,39.16,19045212
2017-03-14,39.19,39.67,38.68,39.17,39.17,4998851
2017-03-15,39.63,39.78,39.53,39.65,39.65,9245956
2017-03-16,39.82,40.26,39.24,39.75,39.75,5602160
2017-03-17,40.31,40.52,39.97,40.25,40.25,10582424
2017-03-20,40.15,40.6,39.68,40.14,40.14,3800143
2017-03-21,41.05,41.36,40.79,41.07,41.07,5877097
2017-03-22,40.9,41.24,40.45,40.84,40.84,6366611
2017-03-23,41.82,41.95,41.42,41.69,41.69,6317410
2017-03-24,42.14,42.39,41.71,42.05,42.05,10810997
2017-03-27,42.92,43.05,42.39,42.72,42.72,8537645
2017-03-28,41.87,42.09,41.53,41.81,41.81,5678012
2017-03-29,41.5,41.57,41.27,41.42,41.42,6107922
2017-03-30,42.33,42.55,42.03,42.29,42.29,6334917
2017-03-31,41.9,41.95,41.76,41.86,41.86,4967405
2017-04-03,42.16,42.55,41.89,42.22,42.22,4825404
2017-04-04,42.7,43.23,42.36,42.79,42.79,5418714
2017-04-05,43.09,43.53,42.61,43.07,43.07,3315950
2017-04-06,44.24,44.54,43.76,44.15,44.15,3592229
2017-04-07,45.49,45.94,45.05,45.49,45.49,4882545
2017-04-10,44.46,44.66,43.91,44.28,44.28,5976459
2017-04-11,44.9,45.21,44.04,44.63,44.63,6377966
2017-04-12,44.38,44.59,43.72,44.16,44.16,3866753
2017-04-13,44.69,45.33,44.41,44.87,44.87,6240014
2017-04-14,44.94,45.65,44.69,45.17,45.17,3715591
2017-04-17,46.02,46.2,45.34,45.77,45.77,9887824
2017-04-18,46.23,46.91,46.06,46.48,46.48,7665355
2017-04-19,46.81,47.06,46.04,46.55,46.55,11940218
2017-04-20,45.34,46.11,44.9,45.5,45.5,6215514
2017-04-21,45.24,45.56,44.6,45.08,45.08,6083492
2017-04-24,45.25,45.72,45.08,45.4,45.4,6381511
2017-04-25,43.8,44.03,43.39,43.71,43.71,5044211
2017-04-26,43.16,43.41,42.97,43.19,43.19,6108216
2017-04-27,43.64,43.85,43.12,43.48,43.48,5723812
2017-04-28,45.27,45.41,44.83,45.12,45.12,6202247
2017-05-01,44.41,44.68,43.95,44.32,44.32,5456444
2017-05-02,43.77,44.3,43.56,43.93,43.93,6213648
2017-05-03,43.09,43.8,42.79,43.3,43.3,3855136
2017-05-04,43.17,43.28,42.96,43.12,43.12,5928872
2017-05-05,43.3,43.73,43.01,43.37,43.37,5141026
2017-05-08,42.94,43.51,42.68,43.1,43.1,7735897
2017-05-09,42.84,43.23,42.61,42.92,42.92,3539882
2017-05-10,42.22,42.66,41.96,42.31,42.31,6392240
2017-05-11,42.04,42.14,41.67,41.91,41.91,2926078
2017-05-12,41.38,41.96,41.16,41.56,41.56,3058793
2017-05-15,41.42,41.63,40.7,41.16,41.16,1906293
2017-05-16,41.4,41.56,41.02,41.29,41.29,5205366
2017-05-17,41.78,42.26,40.92,41.59,41.59,6357286
2017-05-18,40.95,41.07,40.58,40.83,40.83,7773135
2017-05-19,40.8,40.96,40.38,40.67,40.67,3726358
2017-05-22,40.45,40.67,40.37,40.52,40.52,4287889
2017-05-23,40.56,40.99,40.22,40.6,40.6,3300813
2017-05-24,40.2,40.79,39.9,40.34,40.34,4619656
2017-05-25,41.43,41.6,41.06,41.33,41.33,8327274
2017-05-26,40.91,41.19,40.66,40.92,40.92,3690735
2017-05-29,41.38,41.61,41.05,41.33,41.33,4381438
2017-05-30,41.27,41.48,40.62,41.05,41.05,4094547
2017-05-31,41.17,41.67,40.73,41.2,41.2,3895076
2017-06-01,41.29,41.49,41.05,41.27,41.27,3432478
2017-06-02,41.51,41.7,41.32,41.51,41.51,7572406
2017-06-05,41.26,41.73,41.12,41.42,41.42,4893619
2017-06-06,42.5,42.71,42.44,42.57,42.57,4011302
2017-06-07,42.7,42.98,42.52,42.75,42.75,7274137
2017-06-08,42.98,43.17,42.69,42.93,42.93,6205544
2017-06-09,42.61,43.11,42.31,42.71,42.71,3991401
2017-06-12,42.37,42.41,42.31,42.36,42.36,5449446
2017-06-13,43.08,43.34,42.98,43.16,43.16,7540612
2017-06-14,42.54,43.39,42.32,42.86,42.86,4684601
2017-06-15,42.99,43.23,42.51,42.87,42.87,6897356
2017-06-16,42.05,42.44,41.89,42.17,42.17,13222359
2017-06-19,43.11,43.4,42.62,43.01,43.01,2193467
2017-06-20,43.03,43.9,42.76,43.33,43.33,10052941
2017-06-21,42.87,43.06,42.52,42.79,42.79,6426082
2017-06-22,43.01,43.22,42.3,42.76,42.76,5710893
2017-06-23,42.06,42.76,41.71,42.24,42.24,4480409
2017-06-26,41.98,42.4,41.61,42.0,42.0,4942924
2017-06-27,41.45,41.5,41.43,41.46,41.46,8896698
2017-06-28,41.0,41.27,40.76,41.02,41.02,5561217
2017-06-29,40.15,40.42,39.84,40.13,40.13,5965126
2017-06-30,40.1,40.4,39.33,39.87,39.87,4913540
2017-07-03,40.24,40.32,40.16,40.24,40.24,5477111
2017-07-04,40.41,40.54,40.34,40.44,40.44,2789786
2017-07-05,40.89,41.27,40.68,40.98,40.98,7405521
2017-07-06,41.85,42.32,41.41,41.87,41.87,6095864
2017-07-07,41.94,41.96,41.91,41.93,41.93,4659496
2017-07-10,42.16,42.46,41.63,42.05,42.05,8013300
2017-07-11,41.71,42.16,41.26,41.71,41.71,5836777
2017-07-12,41.61,41.85,41.43,41.64,41.64,6095267
2017-07-13,41.44,41.62,40.91,41.27,41.27,8094360
2017-07-14,40.71,41.48,40.17,40.82,40.82,19726661
2017-07-17,39.44,39.91,39.22,39.56,39.56,2929705
2017-07-18,39.69,40.01,39.49,39.75,39.75,7580946
2017-07-19,38.8,38.98,38.38,38.68,38.68,7489463
2017-07-20,39.42,39.7,38.95,39.32,39.32,6630135
2017-07-21,39.98,40.31,39.68,40.0,40.0,5659846
2017-07-24,40.91,41.1,40.52,40.81,40.81,5006081
2017-07-25,40.08,40.42,39.85,40.14,40.14,2727383
2017-07-26,39.77,40.53,39.52,40.03,40.03,5067974
2017-07-27,40.66,40.95,40.54,40.74,40.74,6436000
2017-07-28,41.07,41.1,41.01,41.05,41.05,7354575
2017-07-31,41.34,41.62,40.94,41.28,41.28,12427238
2017-08-01,41.11,41.35,40.97,41.16,41.16,4536724
2017-08-02,42.3,42.64,41.94,42.29,42.29,4980660
2017-08-03,41.49,41.71,41.35,41.53,41.53,4313611
2017-08-04,41.53,42.01,41.18,41.59,41.59,7500977
2017-08-07,40.75,41.21,40.46,40.84,40.84,3686036
2017-08-08,40.13,40.45,39.91,40.18,40.18,3957872
2017-08-09,39.5,39.73,38.87,39.3,39.3,5140630
2017-08-10,39.61,40.03,39.4,39.71,39.71,13256780
2017-08-11,38.64,38.91,38.2,38.56,38.56,11577166
2017-08-14,38.6,38.84,38.51,38.68,38.68,4007237
2017-08-15,39.49,39.68,38.98,39.33,39.33,8966276
2017-08-16,38.77,39.09,38.18,38.63,38.63,9967925
2017-08-17,39.79,39.96,39.5,39.73,39.73,5386832
2017-08-18,39.79,40.19,39.21,39.7,39.7,4163636
2017-08-21,39.68,39.92,39.26,39.59,39.59,11205983
2017-08-22,38.88,39.24,38.67,38.96,38.96,7271370
2017-08-23,39.23,39.54,38.58,39.06,39.06,4151783
2017-08-24,37.92,38.25,37.62,37.94,37.94,5433274
2017-08-25,37.99,38.24,37.54,37.89,37.89,6729563
2017-08-28,37.86,38.2,37.64,37.92,37.92,6211732
2017-08-29,38.52,38.72,38.11,38.42,38.42,9489891
2017-08-30,38.29,38.53,38.07,38.3,38.3,7515496
2017-08-31,39.1,39.23,38.56,38.9,38.9,10893960
2017-09-01,39.47,39.69,39.01,39.35,39.35,4399585
2017-09-04,38.62,38.97,38.08,38.53,38.53,3943255
2017-09-05,38.55,38.75,38.4,38.57,38.57,3187493
2017-09-06,38.99,39.5,38.76,39.13,39.13,6262483
2017-09-07,39.89,39.95,39.68,39.81,39.81,6783018
2017-09-08,39.69,39.82,39.29,39.55,39.55,6702210
2017-09-11,38.99,39.75,38.78,39.26,39.26,6568269
2017-09-12,39.38,39.73,38.92,39.33,39.33,3937420
2017-09-13,38.91,39.39,38.73,39.06,39.06,6004651
2017-09-14,38.4,39.15,38.17,38.66,38.66,3186937
2017-09-15,37.61,37.92,37.47,37.69,37.69,10706923
2017-09-18,38.2,38.21,38.17,38.19,38.19,7038238
2017-09-19,38.13,38.28,37.66,37.97,37.97,2612895
2017-09-20,38.38,38.65,37.67,38.16,38.16,4255284
2017-09-21,38.05,38.15,37.73,37.94,37.94,5040990
2017-09-22,36.89,37.36,36.56,36.96,36.96,3734911
2017-09-25,37.11,37.53,36.9,37.21,37.21,5842722
2017-09-26,38.35,38.56,38.03,38.3,38.3,8109136
2017-09-27,37.72,38.22,37.44,37.83,37.83,7526159
2017-09-28,37.88,38.31,37.65,37.98,37.98,9682788
2017-09-29,38.52,38.83,38.13,38.48,38.48,7636782
2017-10-02,39.42,39.72,38.84,39.28,39.28,5404479
2017-10-03,39.59,40.11,39.37,39.74,39.74,5743883
2017-10-04,40.71,40.87,40.07,40.47,40.47,6118494
2017-10-05,42.04,42.15,41.85,42.0,42.0,6505323
2017-10-06,41.74,41.96,41.47,41.71,41.71,6843420
2017-10-09,41.92,42.23,41.64,41.93,41.93,4230934
2017-10-10,43.14,43.48,42.85,43.17,43.17,10920528
2017-10-11,42.59,42.63,42.53,42.58,42.58,4130883
2017-10-12,41.67,41.88,41.6,41.74,41.74,7378414
2017-10-13,41.04,41.17,40.67,40.92,40.92,5861379
2017-10-16,41.58,42.05,41.42,41.73,41.73,2552515
2017-10-17,39.96,40.25,39.79,40.02,40.02,9806610
2017-10-18,40.13,40.25,39.93,40.09,40.09,4107834
2017-10-19,39.61,39.72,39.47,39.6,39.6,5766601
2017-10-20,39.97,40.07,39.57,39.82,39.82,9593047
2017-10-23,39.07,39.42,38.65,39.04,39.04,5532600
2017-10-24,38.62,38.86,38.26,38.56,38.56,7280134
2017-10-25,38.98,39.61,38.78,39.19,39.19,2967478
2017-10-26,40.24,40.58,40.08,40.33,40.33,2907647
2017-10-27,39.86,40.29,39.48,39.88,39.88,3867998
2017-10-30,40.35,40.68,39.69,40.19,40.19,2216306
2017-10-31,40.66,41.0,40.25,40.62,40.62,3959955
2017-11-01,40.62,40.76,40.27,40.52,40.52,5986115
2017-11-02,39.74,40.07,39.57,39.82,39.82,5474070
2017-11-03,39.3,39.59,39.09,39.34,39.34,7317527
2017-11-06,38.84,39.09,38.49,38.79,38.79,10297676
2017-11-07,38.23,39.05,37.89,38.47,38.47,13971922
2017-11-08,39.56,40.14,39.24,39.69,39.69,3123042
2017-11-09,39.73,40.06,39.25,39.66,39.66,6668434
2017-11-10,40.15,40.64,39.93,40.28,40.28,6545658
2017-11-13,38.42,38.61,38.33,38.47,38.47,2934229
2017-11-14,38.46,38.58,38.35,38.46,38.46,5416886
2017-11-15,38.2,38.41,37.88,38.15,38.15,4563288
2017-11-16,38.11,38.41,37.9,38.15,38.15,4738004
2017-11-17,37.54,37.89,37.4,37.65,37.65,11498275
2017-11-20,37.71,37.87,37.3,37.59,37.59,6931937
2017-11-21,37.22,37.74,36.89,37.31,37.31,4265616
2017-11-22,37.97,38.26,37.59,37.93,37.93,3406330
2017-11-23,37.85,38.04,37.33,37.69,37.69,6326272
2017-11-24,36.73,37.25,36.47,36.86,36.86,4446036
2017-11-27,36.47,36.77,36.22,36.49,36.49,4141051
2017-11-28,37.18,37.61,37.02,37.31,37.31,4853497
2017-11-29,36.88,37.28,36.58,36.93,36.93,13572870
2017-11-30,36.34,36.76,36.22,36.49,36.49,5675352
2017-12-01,36.61,36.96,36.5,36.73,36.73,4701610
2017-12-04,36.5,36.67,36.3,36.48,36.48,2627028
2017-12-05,35.7,35.98,35.54,35.76,35.76,3288235
2017-12-06,36.02,36.25,35.52,35.89,35.89,4598316
2017-12-07,35.61,35.85,35.5,35.67,35.67,6850875
2017-12-08,34.46,34.73,34.19,34.46,34.46,3605517
2017-12-11,34.53,34.69,34.34,34.51,34.51,4563081
2017-12-12,35.05,35.25,34.68,34.97,34.97,6999688
2017-12-13,34.63,34.7,34.58,34.64,34.64,7609876
2017-12-14,34.18,34.19,34.18,34.18,34.18,7259071
2017-12-15,34.6,34.96,34.47,34.71,34.71,8598691
2017-12-18,34.96,35.25,34.75,35.0,35.0,6336134
2017-12-19,34.35,34.45,34.33,34.39,34.39,14442335
2017-12-20,34.4,34.87,34.05,34.46,34.46,3908311
2017-12-21,34.64,34.95,34.41,34.68,34.68,8777176
2017-12-22,34.5,34.58,34.23,34.4,34.4,11632559
2017-12-25,34.83,35.35,34.65,35.0,35.0,4592514
2017-12-26,34.95,35.22,34.69,34.96,34.96,1831800
2017-12-27,35.34,35.57,35.07,35.32,35.32,4990168
2017-12-28,34.14,34.19,34.07,34.13,34.13,7246419
2017-12-29,33.81,34.09,33.28,33.68,33.68,3843957
2018-01-01,33.62,33.92,33.36,33.64,33.64,3635454
2018-01-02,34.35,34.5,34.02,34.26,34.26,11256117
2018-01-03,34.26,34.5,33.77,34.13,34.13,6595136
2018-01-04,34.41,34.57,34.01,34.29,34.29,7942051
2018-01-05,33.98,34.39,33.63,34.01,34.01,3951115
2018-01-08,33.55,33.78,33.36,33.57,33.57,5996932
2018-01-09,33.43,33.69,32.94,33.31,33.31,4312246
2018-01-10,32.57,32.94,32.36,32.65,32.65,6353066
2018-01-11,33.86,34.08,33.62,33.85,33.85,4529629
2018-01-12,34.04,34.34,33.86,34.1,34.1,8814510
2018-01-15,34.08,34.3,33.87,34.09,34.09,4993298
2018-01-16,34.15,34.25,33.78,34.02,34.02,2792953
2018-01-17,33.38,33.68,33.06,33.37,33.37,2710094
2018-01-18,33.17,33.41,33.04,33.22,33.22,10588427
2018-01-19,32.82,33.03,32.28,32.66,32.66,7728509
2018-01-22,32.02,32.3,31.62,31.96,31.96,5709657
2018-01-23,31.68,31.95,31.21,31.58,31.58,4343309
2018-01-24,32.28,32.54,31.97,32.25,32.25,5288191
2018-01-25,32.19,32.26,32.06,32.16,32.16,8351514
2018-01-26,32.26,32.51,31.86,32.18,32.18,3505356
2018-01-29,32.26,32.56,32.16,32.36,32.36,3586222
2018-01-30,32.98,33.26,32.74,33.0,33.0,5748671
2018-01-31,32.49,32.86,32.38,32.62,32.62,3702055
2018-02-01,33.35,33.61,33.05,33.33,33.33,4157052
2018-02-02,33.71,34.07,33.05,33.56,33.56,6723734
2018-02-05,33.8,33.89,33.54,33.71,33.71,6260092
2018-02-06,33.41,33.75,33.25,33.5,33.5,5407488
2018-02-07,33.38,33.75,33.2,33.48,33.48,2494482
2018-02-08,33.69,34.04,33.36,33.7,33.7,7549006
2018-02-09,34.15,34.35,33.81,34.08,34.08,6591283
2018-02-12,33.79,33.98,33.67,33.83,33.83,6845529
2018-02-13,32.96,33.21,32.77,32.99,32.99,3439423
2018-02-14,32.75,33.07,32.52,32.8,32.8,5299538
2018-02-15,32.41,32.93,32.21,32.57,32.57,3112154
2018-02-16,32.24,32.31,32.12,32.22,32.22,10932235
2018-02-19,32.49,32.85,32.39,32.62,32.62,6373963
2018-02-20,32.76,32.9,32.47,32.68,32.68,4515439
2018-02-21,32.53,32.64,32.23,32.44,32.44,3113440
2018-02-22,33.1,33.39,32.8,33.09,33.09,5697338
2018-02-23,32.49,32.95,32.37,32.66,32.66,4139769
2018-02-26,32.93,33.31,32.72,33.02,33.02,2896276
2018-02-27,33.41,33.78,33.17,33.48,33.48,4617242
2018-02-28,32.79,33.42,32.58,33.0,33.0,4344880
2018-03-01,34.24,34.33,33.94,34.14,34.14,2476152
2018-03-02,32.99,33.1,32.9,33.0,33.0,4107344
2018-03-05,32.49,32.79,32.32,32.56,32.56,6026412
2018-03-06,33.78,33.84,33.62,33.73,33.73,3228989
2018-03-07,34.58,34.64,34.47,34.55,34.55,7290591
2018-03-08,33.94,33.99,33.78,33.89,33.89,3504802
2018-03-09,33.27,33.57,32.98,33.27,33.27,4013451
2018-03-12,33.53,34.07,33.15,33.61,33.61,7656550
2018-03-13,34.05,34.32,33.69,34.01,34.01,10208279
2018-03-14,33.01,33.27,32.8,33.04,33.04,11838137
2018-03-15,33.25,33.39,32.97,33.18,33.18,6705055
2018-03-16,32.9,32.93,32.81,32.87,32.87,3872353
2018-03-19,33.01,33.25,32.68,32.96,32.96,6651737
2018-03-20,33.37,33.54,33.06,33.3,33.3,8110254
2018-03-21,32.54,32.87,32.26,32.56,32.56,20700814
2018-03-22,32.43,32.94,32.24,32.59,32.59,5519988
2018-03-23,32.43,32.57,32.27,32.42,32.42,5023701
2018-03-26,33.28,33.57,33.01,33.29,33.29,10671542
2018-03-27,33.07,33.16,32.97,33.06,33.06,2949300
2018-03-28,33.98,34.18,33.44,33.81,33.81,7331848
2018-03-29,34.74,35.18,34.27,34.73,34.73,5092167
2018-03-30,34.09,34.27,33.91,34.09,34.09,5220354
2018-04-02,34.8,34.9,34.5,34.7,34.7,3229071
2018-04-03,34.71,35.1,34.42,34.76,34.76,8350537
2018-04-04,34.55,34.75,34.3,34.53,34.53,8801590
2018-04-05,35.75,35.92,35.18,35.55,35.55,3485767
2018-04-06,36.51,36.54,36.47,36.5,36.5,3669987
2018-04-09,36.18,36.64,35.76,36.2,36.2,7913014
2018-04-10,35.69,36.08,35.53,35.81,35.81,3706440
2018-04-11,35.72,35.9,35.39,35.65,35.65,11692051
2018-04-12,34.95,35.22,34.59,34.91,34.91,5318097
2018-04-13,34.16,34.46,33.74,34.1,34.1,8390045
2018-04-16,33.84,34.11,33.7,33.9,33.9,9036262
2018-04-17,33.7,33.89,33.37,33.63,33.63,5036190
2018-04-18,33.94,34.21,33.71,33.96,33.96,1516135
2018-04-19,34.02,34.25,33.73,33.99,33.99,6657180
2018-04-20,33.79,33.96,33.28,33.62,33.62,9083393
2018-04-23,33.48,33.91,33.23,33.57,33.57,9731668
2018-04-24,33.89,34.04,33.4,33.72,33.72,3981865
2018-04-25,33.9,34.05,33.62,33.84,33.84,4787063
2018-04-26,33.06,33.29,32.83,33.06,33.06,3930858
2018-04-27,33.2,33.67,33.08,33.37,33.37,4708786
2018-04-30,33.56,34.05,33.24,33.64,33.64,6019599
2018-05-01,33.8,34.13,33.38,33.76,33.76,6278604
2018-05-02,33.82,33.95,33.41,33.68,33.68,3650760
2018-05-03,34.87,35.09,34.67,34.88,34.88,5893241
2018-05-04,34.96,35.36,34.79,35.08,35.08,3505761
2018-05-07,35.26,35.73,34.96,35.34,35.34,5030144
2018-05-08,34.6,35.02,34.14,34.58,34.58,2789262
2018-05-09,34.04,34.39,33.94,34.16,34.16,4241331
2018-05-10,33.42,33.62,33.27,33.44,33.44,2978611
2018-05-11,34.28,34.63,34.05,34.34,34.34,4902676
2018-05-14,34.51,34.79,34.16,34.48,34.48,7671966
2018-05-15,34.22,34.48,34.1,34.29,34.29,6693337
2018-05-16,34.73,34.9,34.3,34.6,34.6,3658747
2018-05-17,34.22,34.35,33.83,34.09,34.09,7591940
2018-05-18,33.95,34.3,33.86,34.08,34.08,3746441
2018-05-21,34.22,34.34,34.09,34.21,34.21,4237234
2018-05-22,33.59,33.64,33.4,33.52,33.52,6162061
2018-05-23,34.06,34.2,33.77,33.98,33.98,11520951
2018-05-24,33.11,33.84,32.9,33.37,33.37,4910243
2018-05-25,32.94,33.3,32.64,32.97,32.97,9848281
2018-05-28,32.8,33.19,32.68,32.94,32.94,3943016
2018-05-29,32.97,33.4,32.58,32.99,32.99,2178377
2018-05-30,33.5,33.71,33.42,33.56,33.56,8733860
2018-05-31,33.84,34.0,33.42,33.71,33.71,2197243
2018-06-01,34.05,34.22,33.59,33.91,33.91,7694037
2018-06-04,34.05,34.62,33.89,34.26,34.26,5677440
2018-06-05,34.14,34.67,33.76,34.22,34.22,5740657
2018-06-06,33.28,33.8,33.02,33.41,33.41,7026131
2018-06-07,33.81,33.92,33.78,33.85,33.85,4404867
2018-06-08,33.3,33.74,33.02,33.38,33.38,5646670
2018-06-11,33.01,33.45,32.75,33.1,33.1,3686812
2018-06-12,32.59,32.79,32.19,32.49,32.49,5401227
2018-06-13,32.07,32.17,31.95,32.06,32.06,4739465
2018-06-14,32.81,32.92,32.44,32.68,32.68,9811873
2018-06-15,32.79,33.02,32.33,32.67,32.67,2241127
2018-06-18,32.63,32.77,32.36,32.56,32.56,5944399
2018-06-19,33.11,33.23,32.84,33.03,33.03,12226611
2018-06-20,33.19,33.83,33.02,33.43,33.43,12182697
2018-06-21,33.76,33.98,33.6,33.79,33.79,5088846
2018-06-22,34.61,34.73,34.54,34.63,34.63,7189620
2018-06-25,35.38,35.48,35.22,35.35,35.35,11127055
2018-06-26,35.67,35.94,35.55,35.75,35.75,5257052
2018-06-27,36.82,37.04,36.2,36.62,36.62,3028168
2018-06-28,36.23,37.0,35.95,36.48,36.48,1633549
2018-06-29,35.55,35.71,35.09,35.4,35.4,4494656
2018-07-02,35.18,35.51,35.03,35.27,35.27,9694267
2018-07-03,35.58,35.81,35.12,35.47,35.47,3403668
2018-07-04,35.56,36.03,35.4,35.71,35.71,7419368
2018-07-05,36.2,36.33,35.69,36.01,36.01,4812287
2018-07-06,36.22,36.24,36.17,36.21,36.21,4998696
2018-07-09,35.64,35.73,35.34,35.53,35.53,5116576
2018-07-10,36.47,36.84,35.75,36.3,36.3,7324845
2018-07-11,37.73,38.15,37.31,37.73,37.73,8933833
2018-07-12,37.85,38.06,37.4,37.73,37.73,5739954
2018-07-13,37.68,37.98,37.47,37.72,37.72,4990526
2018-07-16,37.2,37.57,36.83,37.2,37.2,6130729
2018-07-17,37.61,37.86,37.26,37.56,37.56,5014677
2018-07-18,36.41,36.8,36.27,36.54,36.54,4786248
2018-07-19,36.83,37.13,36.48,36.8,36.8,4732927
2018-07-20,36.71,37.25,36.46,36.86,36.86,4686951
2018-07-23,36.3,37.22,36.07,36.65,36.65,8016159
2018-07-24,36.76,36.93,36.42,36.67,36.67,4517190
2018-07-25,36.84,37.09,36.21,36.65,36.65,9128626
2018-07-26,36.67,36.9,36.52,36.71,36.71,7339941
2018-07-27,36.4,36.69,36.25,36.47,36.47,5837161
2018-07-30,36.31,36.62,35.9,36.26,36.26,5803720
2018-07-31,35.47,35.74,35.4,35.57,35.57,4086427
2018-08-01,36.41,36.76,36.17,36.47,36.47,3609885
2018-08-02,36.45,36.52,36.18,36.35,36.35,4077233
2018-08-03,36.06,36.16,35.93,36.04,36.04,5507882
2018-08-06,37.26,37.42,36.97,37.2,37.2,4537450
2018-08-07,36.91,37.07,36.81,36.94,36.94,4373261
2018-08-08,36.75,37.01,36.58,36.79,36.79,8164426
2018-08-09,36.4,36.82,36.13,36.47,36.47,5128083
2018-08-10,36.12,36.66,35.73,36.2,36.2,4585732
2018-08-13,37.66,37.88,36.86,37.37,37.37,3846582
2018-08-14,37.05,37.15,36.7,36.93,36.93,7521983
2018-08-15,37.42,37.56,37.27,37.42,37.42,5574177
2018-08-16,37.29,37.56,37.01,37.29,37.29,6170527
2018-08-17,36.96,37.11,36.87,36.99,36.99,6096495
2018-08-20,36.23,36.8,35.95,36.38,36.38,3465295
2018-08-21,36.68,36.89,36.25,36.57,36.57,4898070
2018-08-22,36.26,36.96,36.03,36.49,36.49,4140441
2018-08-23,36.44,36.5,36.3,36.4,36.4,2759985
2018-08-24,36.85,37.0,36.72,36.86,36.86,6343640
2018-08-27,37.74,37.99,37.51,37.75,37.75,1652609
2018-08-28,38.31,38.44,37.99,38.22,38.22,4197498
2018-08-29,38.32,38.47,37.87,38.17,38.17,9063560
2018-08-30,38.73,39.06,38.21,38.63,38.63,5243019
2018-08-31,39.33,39.48,39.14,39.31,39.31,7376628
2018-09-03,38.76,39.05,38.54,38.79,38.79,3424301
2018-09-04,38.92,39.1,38.86,38.98,38.98,7526650
2018-09-05,38.51,38.73,38.02,38.37,38.37,6936547
2018-09-06,38.26,38.69,37.99,38.34,38.34,6421000
2018-09-07,39.42,39.82,38.86,39.34,39.34,6074215
2018-09-10,39.06,39.27,38.93,39.1,39.1,9154593
2018-09-11,38.25,38.37,37.96,38.17,38.17,6591193
2018-09-12,38.25,38.34,37.96,38.15,38.15,7595550
2018-09-13,38.26,38.66,37.98,38.32,38.32,6711343
2018-09-14,39.72,39.9,39.26,39.58,39.58,2645212
2018-09-17,40.78,40.99,40.06,40.52,40.52,7354786
2018-09-18,39.55,39.71,39.33,39.52,39.52,1390407
2018-09-19,39.81,40.2,39.44,39.82,39.82,3170889
2018-09-20,40.05,40.68,39.76,40.22,40.22,3661512
2018-09-21,40.82,41.16,40.65,40.9,40.9,5098040
2018-09-24,39.52,39.64,39.13,39.38,39.38,2341413
2018-09-25,39.98,40.36,39.62,39.99,39.99,3578032
2018-09-26,40.18,40.43,39.87,40.15,40.15,11366252
2018-09-27,40.23,40.36,40.02,40.19,40.19,4810414
2018-09-28,40.05,40.32,39.82,40.07,40.07,4489562
2018-10-01,39.81,40.55,39.61,40.08,40.08,8108004
2018-10-02,39.68,39.88,39.36,39.62,39.62,3429079
2018-10-03,40.14,40.67,39.8,40.24,40.24,4344740
2018-10-04,40.05,40.36,39.59,39.98,39.98,2588886
2018-10-05,39.3,39.76,39.11,39.43,39.43,10155397
2018-10-08,40.78,41.18,40.68,40.93,40.93,10016767
2018-10-09,39.72,39.87,39.57,39.72,39.72,11033864
2018-10-10,39.59,39.85,39.21,39.53,39.53,5837543
2018-10-11,40.15,40.18,40.11,40.14,40.14,5457464
2018-10-12,40.21,40.47,39.72,40.09,40.09,3917172
2018-10-15,38.75,38.98,38.15,38.57,38.57,9393950
2018-10-16,39.37,39.52,38.89,39.21,39.21,4807161
2018-10-17,40.18,40.54,39.53,40.03,40.03,3294312
2018-10-18,40.91,41.06,40.45,40.75,40.75,3403745
2018-10-19,41.67,41.74,41.59,41.67,41.67,4073996
2018-10-22,41.55,41.78,41.09,41.44,41.44,4437133
2018-10-23,42.56,42.84,41.92,42.38,42.38,3590510
2018-10-24,41.75,42.13,41.54,41.84,41.84,2203438
2018-10-25,40.88,41.12,40.68,40.9,40.9,13700123
2018-10-26,40.2,40.41,40.04,40.22,40.22,6911956
2018-10-29,40.4,40.64,39.94,40.29,40.29,9275741
2018-10-30,40.37,40.38,40.35,40.36,40.36,5387264
2018-10-31,39.8,40.3,39.39,39.84,39.84,3830421
2018-11-01,40.25,40.61,39.62,40.12,40.12,4661754
2018-11-02,39.49,39.77,38.85,39.31,39.31,8073106
2018-11-05,40.17,40.49,39.73,40.11,40.11,4553730
2018-11-06,38.97,39.35,38.81,39.08,39.08,4175477
2018-11-07,39.19,39.32,38.91,39.12,39.12,6364707
2018-11-08,39.09,39.32,38.69,39.0,39.0,3124628
2018-11-09,38.94,39.07,38.7,38.89,38.89,4578831
2018-11-12,38.98,39.18,38.86,39.02,39.02,12140632
2018-11-13,39.44,39.64,38.94,39.29,39.29,5654399
2018-11-14,40.36,40.52,40.23,40.37,40.37,4922958
2018-11-15,42.42,42.63,41.79,42.21,42.21,5991838
2018-11-16,42.93,43.12,42.29,42.71,42.71,3347486
2018-11-19,43.43,43.59,42.94,43.26,43.26,7615483
2018-11-20,42.96,43.06,42.9,42.98,42.98,6932046
2018-11-21,42.44,42.76,42.22,42.49,42.49,5282429
2018-11-22,43.47,43.89,43.3,43.6,43.6,4753609
2018-11-23,43.48,43.57,43.34,43.46,43.46,6262178
2018-11-26,43.4,44.02,43.19,43.61,43.61,5622200
2018-11-27,43.27,43.58,43.1,43.34,43.34,4459113
2018-11-28,43.38,43.58,42.9,43.24,43.24,6173990
2018-11-29,43.32,43.53,42.79,43.16,43.16,6318297
2018-11-30,43.78,44.66,43.43,44.04,44.04,5074448
2018-12-03,43.13,43.47,42.7,43.09,43.09,3606163
2018-12-04,43.69,44.47,43.41,43.94,43.94,4399445
2018-12-05,44.36,44.49,43.87,44.18,44.18,5856593
2018-12-06,44.75,45.0,44.65,44.82,44.82,5920924
2018-12-07,44.29,44.56,43.32,43.94,43.94,7026783
2018-12-10,43.77,44.2,43.52,43.86,43.86,6063648
2018-12-11,43.86,44.47,43.55,44.01,44.01,7762231
2018-12-12,44.78,45.15,44.62,44.89,44.89,8394024
2018-12-13,45.09,45.71,44.72,45.21,45.21,2796941
2018-12-14,44.95,45.32,44.77,45.04,45.04,6990885
2018-12-17,44.81,45.28,44.58,44.93,44.93,2372895
2018-12-18,44.62,44.98,44.37,44.68,44.68,5730126
2018-12-19,44.79,45.14,44.62,44.88,44.88,12768084
2018-12-20,46.09,46.39,45.9,46.15,46.15,5322450
2018-12-21,46.42,46.77,45.67,46.22,46.22,6601224
2018-12-24,46.4,46.66,45.81,46.23,46.23,4490819
2018-12-25,45.73,46.25,45.48,45.86,45.86,3907689
2018-12-26,45.9,46.1,45.77,45.94,45.94,7444898
2018-12-27,45.87,46.29,45.56,45.92,45.92,4487428
2018-12-28,46.72,47.44,46.39,46.92,46.92,7258195
2018-12-31,47.33,47.62,46.88,47.25,47.25,3622964
2019-01-01,47.06,47.7,46.85,47.27,47.27,8652607
2019-01-02,46.11,46.43,45.81,46.12,46.12,5293348
2019-01-03,47.24,47.48,46.93,47.2,47.2,8807123
2019-01-04,46.76,46.97,46.5,46.73,46.73,2956923
2019-01-07,47.13,47.47,46.84,47.15,47.15,5013254
2019-01-08,47.49,48.44,47.2,47.82,47.82,6414089
2019-01-09,47.76,48.23,47.39,47.81,47.81,5195452
2019-01-10,49.01,49.54,48.86,49.2,49.2,4753942
2019-01-11,49.54,50.04,49.4,49.72,49.72,4708243
2019-01-14,50.38,50.74,49.44,50.09,50.09,3221832
2019-01-15,49.42,49.56,48.97,49.27,49.27,3671836
2019-01-16,49.31,49.58,49.01,49.3,49.3,6900962
2019-01-17,49.54,49.72,48.96,49.34,49.34,3644085
2019-01-18,48.91,49.21,48.66,48.93,48.93,4570391
2019-01-21,50.0,50.51,49.73,50.12,50.12,4331086
2019-01-22,50.81,51.04,50.14,50.59,50.59,9228990
2019-01-23,48.91,49.09,48.36,48.73,48.73,3881988
2019-01-24,49.15,49.44,48.96,49.2,49.2,4150017
2019-01-25,50.14,50.53,49.76,50.14,50.14,3629369
2019-01-28,50.45,50.58,50.14,50.36,50.36,7575587
2019-01-29,49.46,49.9,49.25,49.57,49.57,6042284
2019-01-30,50.33,50.83,49.65,50.24,50.24,4389480
2019-01-31,49.99,50.28,48.91,49.6,49.6,9375421
2019-02-01,49.93,50.21,49.45,49.83,49.83,6227253
2019-02-04,48.97,49.66,48.57,49.11,49.11,10596996
2019-02-05,47.45,47.92,47.29,47.61,47.61,9625991
2019-02-06,48.35,48.42,48.2,48.31,48.31,6002076
2019-02-07,48.3,48.57,48.23,48.4,48.4,3566039
2019-02-08,48.48,48.7,47.92,48.31,48.31,5707268
2019-02-11,48.69,49.12,48.43,48.77,48.77,9542572
2019-02-12,48.85,48.98,48.39,48.69,48.69,3781486
2019-02-13,47.85,49.07,47.34,48.2,48.2,8057652
2019-02-14,47.77,48.59,47.47,48.03,48.03,5773977
2019-02-15,47.72,48.06,47.58,47.82,47.82,5746883
2019-02-18,47.06,47.44,46.8,47.12,47.12,8283260
2019-02-19,47.27,47.33,47.24,47.28,47.28,3225405
2019-02-20,46.57,46.74,46.15,46.44,46.44,7779807
2019-02-21,45.38,45.49,45.34,45.42,45.42,4144664
2019-02-22,44.62,45.08,44.5,44.79,44.79,6547095
2019-02-25,44.89,45.23,44.42,44.82,44.82,7014153
2019-02-26,44.41,45.14,43.98,44.56,44.56,5564351
2019-02-27,44.28,44.48,43.83,44.15,44.15,6148075
2019-02-28,42.94,43.42,42.46,42.94,42.94,5175758
2019-03-01,43.33,43.61,42.52,43.07,43.07,4535855
2019-03-04,42.63,43.21,42.05,42.63,42.63,6321296
2019-03-05,42.45,42.92,42.19,42.55,42.55,4342165
2019-03-06,43.71,43.88,43.06,43.47,43.47,4499970
2019-03-07,43.31,43.45,42.99,43.22,43.22,5170863
2019-03-08,43.4,43.52,43.32,43.42,43.42,5869038
2019-03-11,42.16,42.43,41.74,42.08,42.08,2706251
2019-03-12,41.17,41.6,40.85,41.22,41.22,4365498
2019-03-13,41.34,41.62,41.18,41.4,41.4,4046985
2019-03-14,41.84,42.01,41.24,41.63,41.63,7370353
2019-03-15,41.99,42.16,41.59,41.87,41.87,10967548
2019-03-18,42.86,43.12,42.55,42.83,42.83,6337249
2019-03-19,44.11,44.34,43.94,44.14,44.14,2899023
2019-03-20,44.53,44.72,44.07,44.39,44.39,5024001
2019-03-21,45.95,46.62,45.78,46.2,46.2,4027573
2019-03-22,46.61,46.98,45.98,46.48,46.48,3216189
2019-03-25,47.52,48.14,47.31,47.72,47.72,4588937
2019-03-26,47.05,47.36,46.95,47.16,47.16,3354138
2019-03-27,47.2,47.68,46.27,46.98,46.98,4529262
2019-03-28,46.99,47.18,46.87,47.02,47.02,3839001
2019-03-29,47.76,48.16,47.46,47.81,47.81,5106096
2019-04-01,47.49,47.67,46.99,47.33,47.33,4234081
2019-04-02,47.91,48.21,47.66,47.93,47.93,7046463
2019-04-03,49.38,49.61,48.79,49.2,49.2,6331717
2019-04-04,48.0,48.11,47.66,47.88,47.88,2942448
2019-04-05,47.63,47.85,47.09,47.47,47.47,4965752
2019-04-08,48.17,48.48,47.39,47.94,47.94,5086522
2019-04-09,48.3,48.64,47.77,48.2,48.2,3086875
2019-04-10,47.82,48.04,47.69,47.87,47.87,4171151
2019-04-11,48.0,48.42,47.28,47.85,47.85,6263317
2019-04-12,48.23,48.53,48.07,48.3,48.3,4214392
2019-04-15,48.27,48.27,48.27,48.27,48.27,8637114
2019-04-16,47.54,47.76,46.85,47.31,47.31,8189383
2019-04-17,46.86,47.32,46.53,46.92,46.92,3656333
2019-04-18,46.68,47.29,46.18,46.74,46.74,10151280
2019-04-19,46.36,46.77,45.55,46.16,46.16,3376163
2019-04-22,47.13,47.6,46.71,47.16,47.16,7095981
2019-04-23,47.47,47.63,46.98,47.3,47.3,3474092
2019-04-24,48.04,48.37,47.84,48.1,48.1,2253506
2019-04-25,48.11,48.62,47.63,48.13,48.13,3063181
2019-04-26,49.2,49.49,49.13,49.31,49.31,7800323
2019-04-29,50.51,51.0,49.99,50.5,50.5,8965048
2019-04-30,50.09,50.53,49.9,50.22,50.22,4070865
2019-05-01,51.25,52.16,50.78,51.47,51.47,4947728
2019-05-02,52.1,52.31,51.84,52.08,52.08,7585730
2019-05-03,53.28,53.53,53.07,53.3,53.3,5164334
2019-05-06,52.63,53.23,52.41,52.82,52.82,3597468
2019-05-07,52.01,52.78,51.39,52.09,52.09,4659165
2019-05-08,51.92,52.31,51.6,51.96,51.96,5847935
2019-05-09,52.32,52.57,52.08,52.33,52.33,9839935
2019-05-10,52.68,52.88,52.08,52.48,52.48,5141301
2019-05-13,50.52,50.94,50.01,50.48,50.48,3815151
2019-05-14,51.69,51.96,51.53,51.74,51.74,6505232
2019-05-15,51.48,51.76,51.31,51.53,51.53,4383257
2019-05-16,51.65,51.94,51.5,51.72,51.72,3710068
2019-05-17,50.81,51.45,50.11,50.78,50.78,6588435
2019-05-20,49.83,50.19,49.4,49.8,49.8,6067336
2019-05-21,50.38,50.63,50.16,50.4,50.4,3577258
2019-05-22,51.41,51.58,50.85,51.22,51.22,6508842
2019-05-23,50.54,50.98,50.34,50.66,50.66,3078767
2019-05-24,50.26,50.68,49.94,50.31,50.31,6209525
2019-05-27,49.76,50.21,49.39,49.8,49.8,8297035
2019-05-28,48.5,49.32,48.22,48.77,48.77,8109916
2019-05-29,49.29,49.65,49.03,49.34,49.34,3287091
2019-05-30,48.44,48.75,47.81,48.28,48.28,5409131
2019-05-31,48.0,48.38,47.42,47.9,47.9,3942111
2019-06-03,48.67,48.88,48.6,48.74,48.74,4917845
2019-06-04,49.92,50.35,49.27,49.81,49.81,5121726
2019-06-05,48.24,48.73,47.5,48.11,48.11,5718224
2019-06-06,48.48,49.01,48.15,48.58,48.58,5172976
2019-06-07,48.11,48.71,47.89,48.3,48.3,5045958
2019-06-10,47.86,48.93,47.55,48.24,48.24,6043152
2019-06-11,48.22,48.41,47.77,48.09,48.09,4450881
2019-06-12,47.62,47.89,47.4,47.65,47.65,3623695
2019-06-13,46.32,47.39,46.01,46.7,46.7,1891713
2019-06-14,47.1,47.23,46.85,47.04,47.04,4822276
2019-06-17,47.61,48.15,47.29,47.72,47.72,2600054
2019-06-18,48.13,48.55,47.64,48.1,48.1,5570694
2019-06-19,47.28,47.58,46.56,47.07,47.07,3291123
2019-06-20,48.84,49.13,48.24,48.68,48.68,7240515
2019-06-21,48.71,49.12,48.54,48.83,48.83,7782703
2019-06-24,48.71,48.96,48.37,48.67,48.67,5714753
2019-06-25,48.66,48.88,48.13,48.5,48.5,6674720
2019-06-26,49.89,50.2,49.12,49.66,49.66,2990723
2019-06-27,50.28,50.7,49.84,50.27,50.27,4798763
2019-06-28,50.33,50.59,49.62,50.1,50.1,4755949
2019-07-01,49.49,50.24,48.92,49.58,49.58,6419445
2019-07-02,50.25,50.65,49.78,50.22,50.22,6691284
2019-07-03,50.28,50.83,50.04,50.44,50.44,4330936
2019-07-04,51.78,52.34,51.11,51.72,51.72,4905973
2019-07-05,52.17,52.33,51.68,52.01,52.01,13584646
2019-07-08,51.26,51.29,51.12,51.21,51.21,2358691
2019-07-09,51.62,52.05,51.44,51.75,51.75,4895203
2019-07-10,52.16,52.38,51.8,52.09,52.09,6384378
2019-07-11,52.24,52.46,51.48,51.97,51.97,4913971
2019-07-12,53.69,54.02,53.26,53.64,53.64,5974771
2019-07-15,54.32,54.53,53.49,54.01,54.01,6683198
2019-07-16,54.45,54.8,54.14,54.47,54.47,7701544
2019-07-17,53.39,53.62,52.48,53.05,53.05,6155345
2019-07-18,53.59,53.85,53.3,53.58,53.58,7401587
2019-07-19,54.1,54.31,53.48,53.9,53.9,9826115
2019-07-22,53.65,54.33,53.28,53.8,53.8,5259491
2019-07-23,55.45,56.16,54.85,55.51,55.51,8883600
2019-07-24,55.85,56.25,55.51,55.88,55.88,5369609
2019-07-25,55.95,56.26,55.71,55.99,55.99,4064878
2019-07-26,56.75,57.32,56.2,56.76,56.76,6636144
2019-07-29,55.99,56.88,55.56,56.22,56.22,3231257
2019-07-30,55.51,55.71,55.12,55.42,55.42,6381582
2019-07-31,56.86,57.28,56.32,56.8,56.8,6120054
2019-08-01,55.79,56.12,55.15,55.63,55.63,8677054
2019-08-02,54.5,55.15,54.24,54.69,54.69,4521029
2019-08-05,54.08,55.11,53.81,54.46,54.46,9476887
2019-08-06,55.25,55.7,54.63,55.16,55.16,6045600
2019-08-07,56.18,56.59,55.96,56.27,56.27,7057601
2019-08-08,58.3,59.13,57.73,58.43,58.43,4179969
2019-08-09,60.46,60.65,59.86,60.26,60.26,10108486
2019-08-12,60.71,61.21,60.3,60.75,60.75,5926600
2019-08-13,61.22,61.54,60.88,61.21,61.21,4510540
2019-08-14,61.12,61.59,60.68,61.13,61.13,3972183
2019-08-15,61.98,62.32,61.38,61.85,61.85,5784177
2019-08-16,61.81,62.11,61.68,61.89,61.89,11337086
2019-08-19,63.3,63.68,62.67,63.17,63.17,8284870
2019-08-20,63.19,63.26,62.94,63.1,63.1,3413610
2019-08-21,64.16,64.45,63.53,63.99,63.99,5695595
2019-08-22,64.68,64.77,64.42,64.6,64.6,10546594
2019-08-23,64.78,64.95,64.45,64.7,64.7,6185149
2019-08-26,64.31,65.11,63.91,64.51,64.51,9764033
2019-08-27,62.8,63.15,62.07,62.61,62.61,3474844
2019-08-28,62.15,62.24,61.81,62.03,62.03,6216277
2019-08-29,62.24,62.67,61.68,62.18,62.18,7136085
2019-08-30,63.27,64.76,62.7,63.73,63.73,7657373
2019-09-02,64.07,64.34,63.37,63.86,63.86,6459771
2019-09-03,63.76,63.94,63.07,63.5,63.5,5295040
2019-09-04,64.69,65.17,64.22,64.7,64.7,6151276
2019-09-05,63.77,64.04,63.12,63.58,63.58,4758596
2019-09-06,61.51,62.05,60.97,61.51,61.51,4430575
2019-09-09,61.82,62.13,61.33,61.73,61.73,5458844
2019-09-10,62.09,62.41,61.54,61.98,61.98,2716793
2019-09-11,62.33,62.89,61.23,62.06,62.06,5899114
2019-09-12,61.26,61.9,60.65,61.27,61.27,5789968
2019-09-13,60.88,61.58,60.59,61.09,61.09,8512316
2019-09-16,61.64,62.14,61.25,61.7,61.7,4005655
2019-09-17,62.31,62.74,62.09,62.42,62.42,5496029
2019-09-18,64.14,64.47,63.75,64.11,64.11,5218754
2019-09-19,64.18,64.96,63.92,64.44,64.44,5570236
2019-09-20,64.44,65.17,63.59,64.38,64.38,10078036
2019-09-23,64.11,65.25,63.76,64.51,64.51,3770206
2019-09-24,65.04,65.5,64.51,65.0,65.0,9343881
2019-09-25,67.19,67.33,67.04,67.18,67.18,10285485
2019-09-26,66.08,66.8,65.21,66.0,66.0,5625739
2019-09-27,67.23,68.0,66.96,67.48,67.48,3342914
2019-09-30,66.51,67.43,65.7,66.56,66.56,9129012
2019-10-01,67.47,68.83,67.07,67.95,67.95,9815934
2019-10-02,67.38,67.57,66.68,67.13,67.13,6720661
2019-10-03,66.07,66.2,65.93,66.07,66.07,4009562
2019-10-04,67.2,67.48,66.36,66.92,66.92,6624926
2019-10-07,65.95,66.69,65.66,66.18,66.18,2912105
2019-10-08,66.35,66.55,65.79,66.17,66.17,3806261
2019-10-09,67.66,68.04,66.47,67.26,67.26,6962219
2019-10-10,67.71,68.19,67.5,67.84,67.84,5954411
2019-10-11,69.82,70.41,68.74,69.57,69.57,11947790
2019-10-14,67.72,68.42,67.26,67.84,67.84,4198392
2019-10-15,66.87,67.19,66.25,66.72,66.72,8587852
2019-10-16,67.43,67.84,66.34,67.09,67.09,6235811
2019-10-17,65.15,65.92,64.86,65.39,65.39,6619267
2019-10-18,64.92,65.39,64.45,64.92,64.92,4549891
2019-10-21,64.41,64.59,63.85,64.22,64.22,5747137
2019-10-22,65.02,65.61,64.13,64.87,64.87,3977224
2019-10-23,64.9,65.4,64.17,64.78,64.78,2135497
2019-10-24,66.07,66.39,65.62,66.0,66.0,5558672
2019-10-25,65.83,66.04,65.05,65.54,65.54,3566846
2019-10-28,65.11,65.88,64.48,65.18,65.18,4520394
2019-10-29,65.29,65.71,64.63,65.17,65.17,3983206
2019-10-30,66.61,67.83,66.3,67.06,67.06,6251733
2019-10-31,68.55,69.58,68.19,68.88,68.88,2330429
2019-11-01,69.73,70.68,69.41,70.04,70.04,3628512
2019-11-04,69.67,70.26,69.28,69.77,69.77,4478114
2019-11-05,68.31,68.91,67.85,68.38,68.38,8222915
2019-11-06,68.95,69.31,67.82,68.56,68.56,6311434
2019-11-07,66.65,67.71,66.01,66.86,66.86,6113423
2019-11-08,66.79,67.46,66.53,66.99,66.99,5601163
2019-11-11,67.72,68.45,67.38,67.91,67.91,5082952
2019-11-12,67.11,67.88,66.71,67.29,67.29,6689378
2019-11-13,69.82,70.15,68.78,69.46,69.46,6580933
2019-11-14,68.76,70.01,68.37,69.19,69.19,3056756
2019-11-15,69.0,69.72,68.64,69.18,69.18,4217719
2019-11-18,68.81,69.33,67.84,68.59,68.59,2477832
2019-11-19,65.65,65.94,64.55,65.24,65.24,8256193
2019-11-20,64.86,65.96,64.49,65.22,65.22,9244597
2019-11-21,66.32,67.05,65.97,66.51,66.51,3539883
2019-11-22,65.94,66.02,65.87,65.94,65.94,2901856
2019-11-25,66.02,67.07,65.46,66.26,66.26,4124526
2019-11-26,65.39,65.67,64.66,65.16,65.16,3030674
2019-11-27,65.46,66.74,65.05,65.89,65.89,6864546
2019-11-28,65.92,66.75,65.7,66.22,66.22,7336739
2019-11-29,66.5,67.27,66.1,66.68,66.68,3539166
2019-12-02,67.38,67.67,67.03,67.35,67.35,18414730
2019-12-03,66.1,67.05,65.47,66.26,66.26,9998621
2019-12-04,65.74,66.09,64.82,65.45,65.45,6878482
2019-12-05,64.23,65.03,63.83,64.43,64.43,4633846
2019-12-06,64.51,65.21,64.24,64.72,64.72,2419560
2019-12-09,65.7,66.31,65.1,65.7,65.7,6587283
2019-12-10,64.69,64.88,64.23,64.56,64.56,4504216
2019-12-11,64.25,64.94,64.03,64.48,64.48,3669495
2019-12-12,65.1,65.67,64.69,65.18,65.18,5406894
2019-12-13,65.15,65.36,65.01,65.18,65.18,3404830
2019-12-16,63.13,63.93,62.83,63.38,63.38,6026288
2019-12-17,62.38,62.63,61.91,62.27,62.27,5051522
2019-12-18,61.21,61.48,60.99,61.23,61.23,9361120
2019-12-19,61.51,62.23,60.9,61.56,61.56,6314614
2019-12-20,60.43,61.01,59.92,60.46,60.46,8143535
2019-12-23,61.26,61.83,60.5,61.17,61.17,2630780
2019-12-24,62.23,62.45,61.73,62.09,62.09,7285521
2019-12-25,64.34,64.69,64.09,64.39,64.39,3983661
2019-12-26,63.34,63.66,62.61,63.14,63.14,3025708
2019-12-27,61.27,61.69,60.76,61.22,61.22,5661051
2019-12-30,62.64,62.95,62.37,62.66,62.66,4557589
2019-12-31,61.7,62.12,61.0,61.56,61.56,4235597
2020-01-01,63.17,63.61,62.1,62.85,62.85,4692213
2020-01-02,61.25,61.63,61.05,61.34,61.34,3467019
2020-01-03,61.17,61.39,60.51,60.95,60.95,3219738
2020-01-06,60.83,61.29,60.17,60.73,60.73,5869461
2020-01-07,61.96,62.47,61.35,61.91,61.91,6388136
2020-01-08,61.22,61.79,60.65,61.22,61.22,5845346
2020-01-09,61.33,62.17,60.86,61.51,61.51,7457404
2020-01-10,61.78,62.22,61.23,61.73,61.73,4858474
2020-01-13,60.31,60.99,60.13,60.56,60.56,4161733
2020-01-14,59.8,60.65,59.04,59.85,59.85,5763013
2020-01-15,57.96,58.56,57.61,58.08,58.08,7197779
2020-01-16,57.97,58.62,57.26,57.94,57.94,5720980
2020-01-17,58.51,58.69,58.04,58.36,58.36,6244361
2020-01-20,58.96,59.42,58.19,58.8,58.8,3064362
2020-01-21,59.59,59.99,58.9,59.44,59.44,6431196
2020-01-22,59.82,60.4,59.21,59.8,59.8,6450816
2020-01-23,58.35,58.81,57.91,58.36,58.36,4478870
2020-01-24,58.33,59.41,57.99,58.7,58.7,5129407
2020-01-27,58.88,59.1,58.61,58.86,58.86,8582080
2020-01-28,59.7,59.97,58.81,59.39,59.39,5952916
2020-01-29,58.63,59.57,58.39,58.98,58.98,4892396
2020-01-30,60.09,60.56,59.5,60.03,60.03,5876963
2020-01-31,57.75,58.99,57.28,58.14,58.14,7054208
2020-02-03,58.51,58.86,58.31,58.59,58.59,4169824
2020-02-04,57.76,57.98,57.55,57.77,57.77,6252439
2020-02-05,59.08,59.63,57.86,58.74,58.74,4895143
2020-02-06,58.37,58.54,58.1,58.32,58.32,4720343
2020-02-07,59.74,60.3,59.32,59.81,59.81,6563101
2020-02-10,59.92,60.86,59.48,60.17,60.17,6046520
2020-02-11,61.57,61.9,61.22,61.56,61.56,5754828
2020-02-12,59.24,59.77,58.75,59.26,59.26,4428930
2020-02-13,59.35,59.41,59.21,59.31,59.31,8827860
2020-02-14,59.45,59.73,58.69,59.21,59.21,4468750
2020-02-17,58.27,58.47,58.11,58.29,58.29,13611808
2020-02-18,58.85,59.81,58.52,59.17,59.17,5920883
2020-02-19,59.39,60.05,59.17,59.61,59.61,17394127
2020-02-20,59.01,59.37,58.1,58.73,58.73,3853209
2020-02-21,56.37,56.44,56.28,56.36,56.36,3595398
2020-02-24,57.2,57.9,56.07,56.98,56.98,8661017
2020-02-25,57.22,57.43,56.83,57.13,57.13,4044156
2020-02-26,55.32,56.34,55.06,55.7,55.7,8644981
2020-02-27,55.3,55.73,55.02,55.37,55.37,5146125
2020-02-28,55.63,56.33,55.34,55.83,55.83,6984564
2020-03-02,56.71,57.04,56.36,56.7,56.7,7506279
2020-03-03,57.05,57.55,56.76,57.16,57.16,3304193
2020-03-04,56.83,57.15,56.19,56.67,56.67,5217103
2020-03-05,56.19,56.7,55.87,56.28,56.28,5561292
2020-03-06,57.39,58.16,57.18,57.67,57.67,4511905
2020-03-09,57.81,58.38,56.77,57.57,57.57,4014733
2020-03-10,57.8,58.1,56.75,57.42,57.42,7963668
2020-03-11,55.68,56.15,54.79,55.47,55.47,6134073
2020-03-12,55.96,56.5,55.57,56.04,56.04,2005376
2020-03-13,57.01,57.46,56.34,56.9,56.9,2086603
2020-03-16,55.63,56.19,55.33,55.76,55.76,5286353
2020-03-17,57.63,57.91,57.2,57.55,57.55,5461280
2020-03-18,58.4,58.76,57.79,58.28,58.28,8220475
2020-03-19,58.51,58.94,58.33,58.64,58.64,2452925
2020-03-20,57.98,58.28,57.54,57.91,57.91,6637240
2020-03-23,56.75,56.8,56.58,56.69,56.69,11905899
2020-03-24,56.47,57.11,55.86,56.49,56.49,4999948
2020-03-25,56.69,57.07,56.59,56.83,56.83,6042173
2020-03-26,56.28,57.22,56.03,56.62,56.62,9369045
2020-03-27,55.19,55.83,54.59,55.21,55.21,7114443
2020-03-30,55.0,55.39,54.3,54.84,54.84,6175265
2020-03-31,56.78,56.81,56.67,56.74,56.74,4567057
2020-04-01,57.04,57.47,56.41,56.94,56.94,5304091
2020-04-02,55.62,56.26,54.52,55.39,55.39,7239251
2020-04-03,55.04,55.16,54.78,54.97,54.97,3903398
2020-04-06,54.16,54.6,53.78,54.19,54.19,5761415
2020-04-07,54.92,55.68,54.72,55.2,55.2,5913016
2020-04-08,54.95,55.16,54.46,54.81,54.81,4552603
2020-04-09,55.54,55.67,55.04,55.35,55.35,10079891
2020-04-10,55.19,55.57,55.03,55.3,55.3,4217986
2020-04-13,54.28,54.93,54.05,54.49,54.49,8934123
2020-04-14,55.05,55.66,54.11,54.89,54.89,5164322
2020-04-15,53.62,53.83,53.56,53.69,53.69,8553166
2020-04-16,53.9,54.13,53.68,53.91,53.91,6287696
2020-04-17,54.44,54.66,53.71,54.18,54.18,8406150
2020-04-20,54.15,54.35,53.37,53.86,53.86,6342906
2020-04-21,55.2,55.48,54.11,54.8,54.8,13164802
2020-04-22,54.57,54.77,53.85,54.31,54.31,3651438
2020-04-23,54.67,54.99,53.82,54.41,54.41,3206387
2020-04-24,54.34,54.37,54.27,54.32,54.32,4821464
2020-04-27,53.89,54.71,53.57,54.14,54.14,2513445
2020-04-28,53.48,54.17,52.74,53.45,53.45,5368142
2020-04-29,52.41,52.91,51.78,52.34,52.34,6532076
2020-04-30,51.58,52.16,51.0,51.58,51.58,5425111
2020-05-01,50.94,51.39,50.61,51.0,51.0,8416116
2020-05-04,51.86,52.38,51.41,51.9,51.9,3091934
2020-05-05,52.71,52.99,52.44,52.71,52.71,8251417
2020-05-06,53.6,53.96,53.42,53.69,53.69,4728052
2020-05-07,54.5,54.96,54.02,54.49,54.49,7239416
2020-05-08,56.33,57.24,56.07,56.65,56.65,3742860
2020-05-11,56.47,56.85,56.34,56.59,56.59,6460852
2020-05-12,54.98,55.02,54.91,54.97,54.97,5568683
2020-05-13,53.56,53.76,52.94,53.35,53.35,3567785
2020-05-14,54.0,54.25,53.45,53.85,53.85,6694157
2020-05-15,54.01,54.27,53.17,53.72,53.72,3423108
2020-05-18,53.8,54.05,53.11,53.58,53.58,3652438
2020-05-19,53.09,53.57,52.2,52.88,52.88,8978779
2020-05-20,52.85,53.41,51.86,52.64,52.64,5199695
2020-05-21,53.5,53.98,52.55,53.27,53.27,4857468
2020-05-22,52.14,52.76,51.88,52.32,52.32,5732311
2020-05-25,52.85,53.46,52.67,53.07,53.07,8587778
2020-05-26,53.36,54.1,52.74,53.42,53.42,4031519
2020-05-27,53.45,53.88,52.67,53.27,53.27,4121221
2020-05-28,54.43,54.79,53.27,54.03,54.03,2893106
2020-05-29,52.72,53.2,52.34,52.77,52.77,4044802
2020-06-01,53.23,54.46,52.76,53.61,53.61,9023178
2020-06-02,53.36,54.04,52.83,53.43,53.43,12557471
2020-06-03,52.33,52.83,52.01,52.42,52.42,13583391
2020-06-04,52.03,52.34,51.59,51.97,51.97,7605785
2020-06-05,51.54,51.75,51.35,51.55,51.55,5523095
2020-06-08,52.3,52.48,51.82,52.15,52.15,3635743
2020-06-09,53.3,53.94,53.08,53.51,53.51,5106018
2020-06-10,53.38,53.48,53.08,53.28,53.28,5262638
2020-06-11,53.25,53.59,52.79,53.19,53.19,2330784
2020-06-12,54.78,55.01,54.19,54.6,54.6,4277759
2020-06-15,54.28,54.66,54.18,54.42,54.42,4703366
2020-06-16,54.96,55.18,54.29,54.74,54.74,3340348
2020-06-17,54.13,54.35,53.82,54.09,54.09,8158661
2020-06-18,54.06,54.48,53.95,54.21,54.21,3053324
2020-06-19,52.83,53.52,52.57,53.04,53.04,7069893
2020-06-22,52.73,53.17,52.42,52.79,52.79,3970854
2020-06-23,52.38,53.33,52.09,52.71,52.71,5422388
2020-06-24,52.9,53.05,52.5,52.77,52.77,4308228
2020-06-25,52.76,53.35,52.59,52.97,52.97,3840613
2020-06-26,53.42,53.93,52.83,53.38,53.38,7784942
2020-06-29,53.61,54.17,53.42,53.79,53.79,3784862
2020-06-30,55.08,55.63,54.88,55.26,55.26,7455895
2020-07-01,56.77,57.09,56.09,56.59,56.59,9139221
2020-07-02,57.41,57.72,56.8,57.26,57.26,6316847
2020-07-03,55.82,56.39,55.31,55.85,55.85,7824545
2020-07-06,55.04,55.36,54.64,55.0,55.0,2992195
2020-07-07,55.31,56.13,54.74,55.43,55.43,8303003
2020-07-08,56.08,56.48,55.47,55.98,55.98,10705771
2020-07-09,57.79,58.4,57.64,58.02,58.02,9085810
2020-07-10,59.16,59.71,58.82,59.26,59.26,4417955
2020-07-13,60.16,60.77,59.17,59.97,59.97,4033263
2020-07-14,58.83,59.67,58.51,59.09,59.09,13709971
2020-07-15,57.67,58.02,57.1,57.56,57.56,4940067
2020-07-16,56.19,57.19,55.71,56.45,56.45,7729853
2020-07-17,56.76,57.09,56.26,56.67,56.67,7582428
2020-07-20,56.42,57.22,56.21,56.72,56.72,3104546
2020-07-21,56.36,57.35,55.99,56.67,56.67,5847004
2020-07-22,55.4,56.5,54.91,55.71,55.71,10114853
2020-07-23,55.79,56.35,55.16,55.75,55.75,7605595
2020-07-24,56.12,56.6,55.67,56.13,56.13,5576213
2020-07-27,56.86,57.47,56.59,57.03,57.03,5418899
2020-07-28,56.77,57.01,56.09,56.55,56.55,5531891
2020-07-29,56.25,56.97,55.59,56.28,56.28,6824017
2020-07-30,54.57,55.35,54.28,54.82,54.82,6642515
2020-07-31,53.86,54.49,53.65,54.07,54.07,4485916
2020-08-03,54.65,55.35,54.19,54.77,54.77,3126855
2020-08-04,54.78,55.34,54.32,54.83,54.83,3224659
2020-08-05,54.17,54.45,53.77,54.11,54.11,7760378
2020-08-06,54.24,54.73,53.74,54.24,54.24,8252446
2020-08-07,53.21,53.84,52.38,53.11,53.11,4992177
2020-08-10,51.71,52.0,51.53,51.77,51.77,3193557
2020-08-11,52.41,52.94,52.1,52.52,52.52,3353962
2020-08-12,52.61,53.14,52.23,52.68,52.68,3829092
2020-08-13,52.27,52.62,52.06,52.34,52.34,9136393
2020-08-14,51.63,52.44,51.27,51.85,51.85,8944137
2020-08-17,50.61,50.99,50.43,50.71,50.71,6562734
2020-08-18,51.07,51.7,50.72,51.21,51.21,3869499
2020-08-19,52.45,52.64,51.8,52.22,52.22,5092527
2020-08-20,52.98,53.56,52.67,53.11,53.11,7513298
2020-08-21,52.58,52.92,52.25,52.59,52.59,4677396
2020-08-24,53.98,54.29,53.44,53.87,53.87,3113161
2020-08-25,53.21,53.72,52.98,53.35,53.35,6742549
2020-08-26,52.97,53.67,52.77,53.22,53.22,10727811
2020-08-27,53.61,53.96,52.52,53.24,53.24,8305288
2020-08-28,54.33,54.49,53.87,54.18,54.18,7195227
2020-08-31,54.6,54.98,54.45,54.72,54.72,5409235
2020-09-01,54.2,54.52,53.71,54.12,54.12,1680776
2020-09-02,53.24,53.36,53.06,53.21,53.21,3100010
2020-09-03,54.36,54.43,54.3,54.36,54.36,4820525
2020-09-04,53.47,53.65,53.15,53.4,53.4,12379375
2020-09-07,53.56,54.31,53.29,53.8,53.8,4847431
2020-09-08,54.23,54.8,53.67,54.23,54.23,3657579
2020-09-09,55.1,55.52,54.9,55.21,55.21,4781834
2020-09-10,54.95,55.34,54.58,54.96,54.96,5912679
2020-09-11,56.0,57.15,55.6,56.37,56.37,5115951
2020-09-14,55.21,55.94,54.86,55.4,55.4,6751043
2020-09-15,55.23,55.63,54.65,55.14,55.14,3590408
2020-09-16,56.05,56.74,55.41,56.08,56.08,4098012
2020-09-17,56.13,56.69,55.74,56.22,56.22,3116585
2020-09-18,56.53,57.19,56.26,56.73,56.73,8641482
2020-09-21,55.79,56.46,55.42,55.94,55.94,3825970
2020-09-22,55.5,55.81,55.14,55.48,55.48,2825826
2020-09-23,55.43,55.98,54.66,55.32,55.32,4971901
2020-09-24,54.62,54.74,54.26,54.5,54.5,7895980
2020-09-25,54.09,54.86,53.72,54.29,54.29,6408160
2020-09-28,54.0,54.5,53.4,53.95,53.95,6442193
2020-09-29,53.68,54.53,53.19,53.86,53.86,3963577
2020-09-30,54.8,55.63,54.5,55.07,55.07,4406282
2020-10-01,54.25,54.46,54.02,54.24,54.24,4055101
2020-10-02,54.27,55.01,54.07,54.54,54.54,7113687
2020-10-05,53.64,53.88,53.29,53.58,53.58,7312634
2020-10-06,54.93,55.07,54.45,54.76,54.76,6780676
2020-10-07,53.85,54.52,53.59,54.06,54.06,10885104
2020-10-08,54.52,55.11,54.07,54.59,54.59,4913845
2020-10-09,52.65,52.97,52.47,52.72,52.72,7116031
2020-10-12,51.5,52.43,50.97,51.7,51.7,9603536
2020-10-13,52.61,53.19,52.32,52.76,52.76,8382141
2020-10-14,52.73,53.34,52.48,52.91,52.91,3812426
2020-10-15,53.52,54.15,53.35,53.75,53.75,6575714
2020-10-16,54.6,55.27,54.25,54.76,54.76,4031758
2020-10-19,54.52,55.13,54.14,54.63,54.63,8775145
2020-10-20,54.65,55.35,54.42,54.88,54.88,11986473
2020-10-21,55.86,56.6,55.67,56.13,56.13,4545427
2020-10-22,55.24,55.52,55.02,55.27,55.27,13115020
2020-10-23,56.77,56.98,56.46,56.72,56.72,10631715
2020-10-26,56.35,56.68,56.25,56.47,56.47,5665951
2020-10-27,55.55,56.09,55.33,55.71,55.71,6206407
2020-10-28,56.08,56.29,55.91,56.1,56.1,2771247
2020-10-29,55.29,56.66,54.69,55.68,55.68,5194738
2020-10-30,54.32,54.87,54.13,54.5,54.5,4450961
2020-11-02,54.62,54.65,54.53,54.59,54.59,11257438
2020-11-03,55.4,55.82,54.82,55.32,55.32,8654696
2020-11-04,56.07,56.64,55.72,56.18,56.18,7187115
2020-11-05,56.36,56.87,55.87,56.37,56.37,6396249
2020-11-06,55.25,55.69,54.96,55.32,55.32,5275932
2020-11-09,54.13,54.33,53.59,53.96,53.96,7420097
2020-11-10,53.48,53.69,52.8,53.24,53.24,7875466
2020-11-11,53.44,53.77,53.21,53.49,53.49,7133921
2020-11-12,53.54,53.98,53.13,53.55,53.55,4888172
2020-11-13,54.27,54.7,53.93,54.31,54.31,3951379
2020-11-16,53.87,54.14,53.42,53.78,53.78,2865298
2020-11-17,53.53,53.95,53.32,53.64,53.64,18816163
2020-11-18,53.24,53.36,53.13,53.25,53.25,3881578
2020-11-19,53.66,53.77,53.49,53.63,53.63,7013611
2020-11-20,52.38,52.5,51.93,52.21,52.21,2633967
2020-11-23,51.5,52.16,50.83,51.49,51.49,4104862
2020-11-24,51.4,51.67,51.26,51.47,51.47,9439771
2020-11-25,51.28,51.67,50.6,51.13,51.13,8175871
2020-11-26,51.45,52.03,51.22,51.62,51.62,8381341
2020-11-27,51.66,52.13,50.7,51.42,51.42,8855127
2020-11-30,51.74,51.87,51.26,51.57,51.57,4531070
2020-12-01,50.84,51.1,50.6,50.85,50.85,1922978
2020-12-02,50.48,50.82,50.1,50.46,50.46,6013783
2020-12-03,50.23,50.66,49.62,50.14,50.14,3372945
2020-12-04,50.33,50.52,50.19,50.36,50.36,5310933
2020-12-07,50.02,50.4,49.75,50.08,50.08,4404643
2020-12-08,51.32,51.65,50.78,51.21,51.21,5144362
2020-12-09,50.83,51.21,50.41,50.81,50.81,3636595
2020-12-10,49.79,50.71,49.48,50.09,50.09,4802011
2020-12-11,49.41,50.06,48.99,49.52,49.52,4129891
2020-12-14,49.88,50.23,49.3,49.77,49.77,6399977
2020-12-15,51.44,51.57,51.04,51.31,51.31,5599306
2020-12-16,50.66,51.18,50.28,50.73,50.73,4317706
2020-12-17,49.2,49.65,48.86,49.25,49.25,2757137
2020-12-18,48.79,48.93,48.25,48.59,48.59,3507911
2020-12-21,50.1,50.59,49.48,50.03,50.03,6837809
2020-12-22,50.35,50.53,50.17,50.35,50.35,2470940
2020-12-23,50.04,50.58,49.62,50.1,50.1,4481145
2020-12-24,51.66,51.91,51.22,51.57,51.57,8094560
2020-12-25,51.5,52.17,51.32,51.75,51.75,4021483
2020-12-28,52.75,53.49,52.49,52.99,52.99,10666013
2020-12-29,53.21,53.74,52.73,53.23,53.23,5288623
2020-12-30,53.13,53.69,52.59,53.14,53.14,6101500
2020-12-31,52.84,53.08,52.19,52.64,52.64,6329563
2021-01-01,52.43,52.86,52.0,52.43,52.43,6523026
2021-01-04,51.9,52.15,51.05,51.6,51.6,6636352
2021-01-05,52.22,52.76,51.6,52.18,52.18,4137055
2021-01-06,52.93,53.24,52.23,52.74,52.74,14115684
2021-01-07,52.17,52.46,51.4,51.93,51.93,6698203
2021-01-08,50.44,50.93,50.23,50.58,50.58,5814771
2021-01-11,51.99,52.84,51.48,52.16,52.16,3829989
2021-01-12,51.85,52.11,51.22,51.66,51.66,3427043
2021-01-13,52.79,53.35,52.05,52.7,52.7,3234505
2021-01-14,52.21,52.57,51.94,52.25,52.25,10438916
2021-01-15,51.71,52.13,51.52,51.82,51.82,5000304
2021-01-18,51.31,51.47,51.14,51.3,51.3,4030130
2021-01-19,52.28,52.67,51.48,52.08,52.08,4230762
2021-01-20,51.83,51.99,51.54,51.76,51.76,3432856
2021-01-21,51.01,51.4,50.75,51.07,51.07,7899863
2021-01-22,51.62,52.27,51.4,51.83,51.83,9573099
2021-01-25,53.43,53.9,53.28,53.59,53.59,3459358
2021-01-26,53.39,53.58,52.62,53.1,53.1,6883032
2021-01-27,52.77,53.12,52.16,52.64,52.64,3074918
2021-01-28,52.39,53.23,52.12,52.67,52.67,5648467
2021-01-29,53.36,53.53,52.86,53.2,53.2,4127463
2021-02-01,52.05,52.94,51.78,52.36,52.36,6770557
2021-02-02,53.47,53.73,52.68,53.2,53.2,4813654
2021-02-03,52.44,52.89,52.29,52.59,52.59,5024381
2021-02-04,52.02,52.26,51.86,52.06,52.06,6012318
2021-02-05,53.01,53.56,52.36,52.96,52.96,7842019
2021-02-08,53.12,53.59,52.71,53.15,53.15,2190054
2021-02-09,53.76,53.96,53.23,53.6,53.6,2705767
2021-02-10,54.45,54.72,53.5,54.11,54.11,8056233
2021-02-11,52.72,52.92,52.63,52.78,52.78,7131295
2021-02-12,52.32,52.61,51.92,52.26,52.26,4556363
2021-02-15,51.15,51.56,50.89,51.23,51.23,10971088
2021-02-16,52.47,52.76,52.0,52.38,52.38,4539241
2021-02-17,52.54,52.9,52.08,52.49,52.49,4149013
2021-02-18,52.15,52.72,51.78,52.25,52.25,3568410
2021-02-19,53.25,53.61,52.93,53.27,53.27,4500963
2021-02-22,53.78,54.19,53.64,53.91,53.91,3218093
2021-02-23,54.18,55.01,53.96,54.48,54.48,6677544
2021-02-24,53.35,54.29,52.86,53.58,53.58,5977267
2021-02-25,53.31,53.64,53.11,53.38,53.38,5608953
2021-02-26,53.23,53.62,52.97,53.29,53.29,5013562
2021-03-01,53.17,53.92,52.77,53.35,53.35,2770642
2021-03-02,53.38,53.58,53.0,53.29,53.29,8369538
2021-03-03,54.52,54.78,53.96,54.37,54.37,8744000
2021-03-04,53.47,53.9,52.2,53.05,53.05,4542139
2021-03-05,55.03,55.28,54.82,55.05,55.05,3743676
2021-03-08,55.31,55.59,54.99,55.29,55.29,5930979
2021-03-09,55.48,56.05,55.2,55.62,55.62,6704969
2021-03-10,56.64,56.73,56.54,56.64,56.64,5571770
2021-03-11,57.64,58.07,57.17,57.62,57.62,7205921
2021-03-12,57.58,58.18,57.24,57.71,57.71,4813316
2021-03-15,57.3,57.95,56.88,57.41,57.41,6196958
2021-03-16,55.69,56.06,55.3,55.68,55.68,4008376
2021-03-17,55.51,55.8,55.08,55.44,55.44,3414482
2021-03-18,55.56,55.92,54.76,55.34,55.34,7398903
2021-03-19,55.63,55.93,55.09,55.51,55.51,4777701
2021-03-22,56.2,56.35,55.78,56.07,56.07,2866779
2021-03-23,55.11,55.84,54.65,55.25,55.25,4268648
2021-03-24,55.29,55.73,55.07,55.4,55.4,3580571
2021-03-25,54.87,55.34,54.46,54.9,54.9,4925197
2021-03-26,55.66,55.86,54.9,55.38,55.38,2855128
2021-03-29,53.71,53.86,53.32,53.59,53.59,6326235
2021-03-30,52.73,53.42,52.25,52.83,52.83,6005175
2021-03-31,51.57,52.55,51.25,51.9,51.9,6366619
2021-04-01,52.6,53.01,52.19,52.6,52.6,4162595
2021-04-02,52.18,53.2,51.9,52.55,52.55,5162103
2021-04-05,51.92,52.43,51.45,51.94,51.94,6766363
2021-04-06,52.3,52.78,51.49,52.14,52.14,6606962
2021-04-07,51.41,51.57,50.76,51.17,51.17,3670332
2021-04-08,51.76,52.12,51.13,51.62,51.62,11215207
2021-04-09,51.84,52.32,51.54,51.93,51.93,5656726
2021-04-12,52.1,52.69,51.87,52.28,52.28,4862282
2021-04-13,52.21,52.96,51.6,52.28,52.28,6953921
2021-04-14,52.71,52.71,52.7,52.71,52.71,7502863
2021-04-15,51.61,51.97,51.21,51.59,51.59,4084709
2021-04-16,50.67,51.55,50.41,50.98,50.98,4203279
2021-04-19,50.84,51.48,50.6,51.04,51.04,5772947
2021-04-20,50.68,51.32,50.51,50.92,50.92,4385861
2021-04-21,51.7,52.5,51.36,51.93,51.93,6530312
2021-04-22,51.81,52.13,51.66,51.89,51.89,6638706
2021-04-23,52.07,52.42,51.67,52.04,52.04,2372839
2021-04-26,52.63,52.75,52.45,52.6,52.6,2629938
2021-04-27,53.02,53.22,52.75,52.99,52.99,3513509
2021-04-28,51.64,52.1,51.22,51.66,51.66,4565768
2021-04-29,50.71,51.54,50.39,50.97,50.97,6379059
2021-04-30,52.3,53.01,51.95,52.48,52.48,8521153
2021-05-03,52.6,53.04,51.92,52.48,52.48,6656030
2021-05-04,52.05,52.32,51.69,52.01,52.01,4933010
2021-05-05,52.84,53.64,52.48,53.06,53.06,3717729
2021-05-06,52.87,53.65,52.41,53.03,53.03,3484783
2021-05-07,53.02,54.04,52.3,53.17,53.17,5997868
2021-05-10,53.03,53.94,52.79,53.37,53.37,10068808
2021-05-11,53.5,54.07,53.0,53.54,53.54,5457435
2021-05-12,52.95,53.53,52.74,53.14,53.14,5710614
2021-05-13,53.38,53.92,53.04,53.48,53.48,5541298
2021-05-14,53.86,54.11,53.02,53.57,53.57,7685328
2021-05-17,52.48,53.13,52.17,52.65,52.65,5297233
2021-05-18,52.85,53.19,52.33,52.76,52.76,5772728
2021-05-19,53.33,53.39,53.31,53.35,53.35,3415046
2021-05-20,53.02,53.22,52.89,53.06,53.06,6520622
2021-05-21,53.66,53.77,53.22,53.49,53.49,4826993
2021-05-24,53.01,53.22,52.84,53.03,53.03,6336828
2021-05-25,53.57,54.8,53.18,53.99,53.99,5728241
2021-05-26,53.13,54.0,52.87,53.44,53.44,2576019
2021-05-27,54.16,54.75,53.75,54.25,54.25,11127594
2021-05-28,56.17,56.5,55.95,56.23,56.23,3574241
2021-05-31,56.04,56.26,55.5,55.88,55.88,3339859
2021-06-01,55.45,55.85,55.2,55.53,55.53,7592017
2021-06-02,55.65,56.41,55.13,55.77,55.77,5870793
2021-06-03,54.86,55.14,54.09,54.61,54.61,2212540
2021-06-04,55.34,56.11,55.06,55.58,55.58,5292524
2021-06-07,58.55,58.8,58.07,58.43,58.43,6121638
2021-06-08,57.51,58.06,57.27,57.66,57.66,6212787
2021-06-09,56.34,56.65,56.19,56.42,56.42,4926481
2021-06-10,56.39,56.9,55.88,56.39,56.39,5488650
2021-06-11,55.62,55.82,55.2,55.51,55.51,8725687
2021-06-14,55.48,56.32,55.26,55.79,55.79,4827350
2021-06-15,54.73,54.91,54.28,54.6,54.6,3103208
2021-06-16,53.45,53.87,53.2,53.54,53.54,3202114
2021-06-17,54.89,55.26,54.46,54.86,54.86,3930556
2021-06-18,54.27,54.86,53.82,54.34,54.34,8336191
2021-06-21,55.02,55.4,53.93,54.67,54.67,3715782
2021-06-22,54.32,55.03,53.7,54.36,54.36,6680851
2021-06-23,52.72,53.22,52.44,52.83,52.83,7445784
2021-06-24,52.75,52.83,52.56,52.7,52.7,5961777
2021-06-25,52.84,53.4,52.29,52.84,52.84,5172557
2021-06-28,54.15,54.51,53.36,53.94,53.94,10036657
2021-06-29,52.83,53.12,52.66,52.89,52.89,7405811
2021-06-30,55.22,55.75,54.96,55.35,55.35,3808938
2021-07-01,54.85,55.11,54.49,54.8,54.8,4166380
2021-07-02,54.9,55.39,54.41,54.9,54.9,6986332
2021-07-05,54.17,54.81,53.67,54.24,54.24,3450867
2021-07-06,53.23,53.37,52.88,53.12,53.12,4935806
2021-07-07,53.34,53.82,53.09,53.46,53.46,2505835
2021-07-08,53.9,54.39,53.08,53.73,53.73,4634878
2021-07-09,53.12,53.56,52.78,53.17,53.17,5977791
2021-07-12,53.32,53.69,53.23,53.46,53.46,3650735
2021-07-13,54.13,54.73,53.82,54.28,54.28,11616139
2021-07-14,55.05,55.35,54.04,54.69,54.69,4706045
2021-07-15,55.54,55.96,55.0,55.48,55.48,4932940
2021-07-16,54.68,55.59,54.33,54.96,54.96,6657067
2021-07-19,55.38,55.66,54.53,55.09,55.09,2748705
2021-07-20,54.78,55.28,54.43,54.86,54.86,4611851
2021-07-21,54.97,55.66,54.73,55.2,55.2,5893916
2021-07-22,54.52,55.2,53.86,54.53,54.53,3443804
2021-07-23,54.77,55.56,54.46,55.01,55.01,6225603
2021-07-26,55.99,56.11,55.56,55.83,55.83,3635912
2021-07-27,56.07,57.05,55.65,56.35,56.35,5543556
2021-07-28,55.87,56.1,55.12,55.61,55.61,4198949
2021-07-29,55.09,55.25,54.93,55.09,55.09,10973587
2021-07-30,54.99,55.42,54.71,55.07,55.07,4998567
2021-08-02,54.29,54.9,53.72,54.31,54.31,2905976
2021-08-03,55.27,55.71,54.58,55.15,55.15,5708505
2021-08-04,55.36,55.9,55.19,55.55,55.55,4397997
2021-08-05,54.09,54.64,53.89,54.27,54.27,5808822
2021-08-06,54.6,55.06,54.07,54.57,54.57,8745201
2021-08-09,55.41,55.69,55.18,55.43,55.43,8352941
2021-08-10,57.37,57.65,56.64,57.15,57.15,8822696
2021-08-11,55.58,56.25,55.22,55.73,55.73,8094944
2021-08-12,54.64,55.04,54.27,54.66,54.66,3098020
2021-08-13,54.77,55.0,54.34,54.67,54.67,5723682
2021-08-16,54.87,55.04,54.76,54.9,54.9,7384854
2021-08-17,55.93,56.66,55.45,56.06,56.06,5069150
2021-08-18,54.74,55.13,53.62,54.37,54.37,4385718
2021-08-19,53.9,54.65,53.39,54.02,54.02,6115533
2021-08-20,54.09,54.12,54.06,54.09,54.09,5862382
2021-08-23,54.55,54.72,54.5,54.61,54.61,6809843
2021-08-24,53.1,53.31,52.85,53.08,53.08,6594338
2021-08-25,53.42,53.82,52.33,53.08,53.08,3342967
2021-08-26,52.8,53.19,52.4,52.8,52.8,8248504
2021-08-27,53.27,53.53,52.86,53.19,53.19,5419045
2021-08-30,53.68,54.19,53.54,53.86,53.86,4809770
2021-08-31,54.27,54.86,54.05,54.46,54.46,3275687
2021-09-01,54.65,55.39,53.85,54.62,54.62,5309197
2021-09-02,54.69,55.21,54.43,54.82,54.82,2942515
2021-09-03,54.49,54.93,53.97,54.45,54.45,6803163
2021-09-06,52.95,53.51,52.74,53.13,53.13,5135513
2021-09-07,54.16,54.91,53.41,54.16,54.16,10793568
2021-09-08,56.54,56.89,55.44,56.16,56.16,5342653
2021-09-09,55.12,55.47,54.43,54.95,54.95,7435807
2021-09-10,54.8,55.39,54.29,54.84,54.84,14115505
2021-09-13,54.0,55.06,53.66,54.36,54.36,3580811
2021-09-14,54.27,54.5,53.79,54.15,54.15,3842579
2021-09-15,52.86,53.0,52.35,52.67,52.67,8277656
2021-09-16,52.51,52.71,51.97,52.34,52.34,8545995
2021-09-17,52.99,53.25,52.61,52.93,52.93,4311224
2021-09-20,53.6,53.98,53.22,53.6,53.6,2341951
2021-09-21,53.23,53.57,52.71,53.14,53.14,6043070
2021-09-22,53.86,54.13,53.64,53.89,53.89,8453872
2021-09-23,52.72,53.56,52.48,53.02,53.02,3416950
2021-09-24,53.64,54.29,53.27,53.78,53.78,5779858
2021-09-27,53.28,53.31,53.16,53.24,53.24,2965975
2021-09-28,52.68,52.96,51.96,52.46,52.46,6683394
2021-09-29,52.92,53.25,52.43,52.84,52.84,4542219
2021-09-30,53.67,53.91,52.72,53.32,53.32,2258307
2021-10-01,52.09,52.62,51.83,52.23,52.23,3816885
2021-10-04,51.56,52.36,51.04,51.7,51.7,2914682
2021-10-05,51.5,52.08,50.59,51.33,51.33,6710145
2021-10-06,51.22,51.55,51.07,51.31,51.31,1464051
2021-10-07,51.74,52.56,51.29,51.93,51.93,7038322
2021-10-08,52.66,53.45,52.4,52.93,52.93,11128057
2021-10-11,53.11,53.79,52.83,53.31,53.31,2274752
2021-10-12,52.32,52.62,52.0,52.31,52.31,8368997
2021-10-13,53.18,53.55,52.85,53.2,53.2,8105113
2021-10-14,54.05,54.32,53.63,53.97,53.97,9987594
2021-10-15,51.77,52.37,51.34,51.86,51.86,8761464
2021-10-18,52.53,52.82,52.16,52.49,52.49,3581036
2021-10-19,53.4,53.91,52.67,53.29,53.29,3103850
2021-10-20,51.86,52.57,51.39,51.98,51.98,5228678
2021-10-21,52.47,53.03,52.03,52.53,52.53,4497680
2021-10-22,52.14,52.42,51.41,51.92,51.92,7472088
2021-10-25,52.2,52.5,51.57,52.04,52.04,4759414
2021-10-26,50.35,50.85,49.88,50.36,50.36,5022474
2021-10-27,51.48,51.86,51.16,51.51,51.51,5082421
2021-10-28,51.91,52.68,51.38,52.03,52.03,4328771
2021-10-29,51.08,51.36,50.76,51.06,51.06,4553805
2021-11-01,49.76,50.3,49.32,49.81,49.81,2015983
2021-11-02,50.18,50.39,49.77,50.08,50.08,5641622
2021-11-03,50.68,51.06,50.09,50.57,50.57,7162499
2021-11-04,49.66,50.04,49.45,49.74,49.74,5855817
2021-11-05,49.04,49.19,48.67,48.93,48.93,7640218
2021-11-08,48.12,48.53,47.69,48.11,48.11,6134583
2021-11-09,48.74,48.96,48.1,48.53,48.53,6134947
2021-11-10,48.29,48.81,48.04,48.43,48.43,3765146
2021-11-11,48.53,48.93,48.25,48.59,48.59,4450753
2021-11-12,48.2,48.51,47.61,48.06,48.06,11684568
2021-11-15,47.79,48.19,47.26,47.72,47.72,4772510
2021-11-16,47.33,47.58,46.72,47.15,47.15,5286684
2021-11-17,46.27,46.89,45.77,46.33,46.33,9314144
2021-11-18,46.52,46.77,46.13,46.45,46.45,3675850
2021-11-19,45.19,45.5,44.5,45.0,45.0,5976563
2021-11-22,45.15,45.81,44.83,45.32,45.32,7304363
2021-11-23,45.25,45.39,44.69,45.04,45.04,5951939
2021-11-24,45.13,45.69,44.88,45.29,45.29,3683968
2021-11-25,45.69,46.37,45.22,45.8,45.8,6963810
2021-11-26,46.32,46.58,45.63,46.1,46.1,4414839
2021-11-29,46.65,47.08,46.26,46.67,46.67,3063194
2021-11-30,47.16,47.69,46.67,47.18,47.18,5500048
2021-12-01,48.54,48.81,47.83,48.32,48.32,8181741
2021-12-02,47.17,47.31,46.71,47.01,47.01,10530820
2021-12-03,46.81,47.36,46.16,46.76,46.76,4320695
2021-12-06,47.35,47.86,47.05,47.45,47.45,4398595
2021-12-07,47.22,47.41,46.63,47.02,47.02,6584036
2021-12-08,46.97,47.33,46.85,47.09,47.09,4553665
2021-12-09,46.68,46.84,46.27,46.56,46.56,5820813
2021-12-10,45.99,46.21,45.58,45.89,45.89,8290334
2021-12-13,46.23,46.48,45.91,46.2,46.2,2948494
2021-12-14,46.35,46.53,46.18,46.35,46.35,5434746
2021-12-15,47.09,47.52,46.97,47.25,47.25,8183683
2021-12-16,49.36,49.62,48.87,49.25,49.25,4771578
2021-12-17,49.45,49.82,49.35,49.58,49.58,5043652
2021-12-20,48.84,49.25,48.39,48.82,48.82,4503381
2021-12-21,48.13,48.22,47.76,47.99,47.99,6101428
2021-12-22,47.83,48.31,47.43,47.87,47.87,2446220
2021-12-23,48.59,49.12,48.34,48.73,48.73,3983556
2021-12-24,48.28,48.55,47.29,47.92,47.92,3556088
2021-12-27,48.81,49.14,48.57,48.86,48.86,4821864
2021-12-28,49.41,49.95,49.24,49.59,49.59,6792598
2021-12-29,50.71,51.07,50.28,50.68,50.68,5277205
2021-12-30,51.71,52.29,51.33,51.81,51.81,5544243
2021-12-31,53.08,53.2,52.86,53.03,53.03,3848798
2022-01-03,51.47,51.79,51.14,51.46,51.46,3250781
2022-01-04,50.48,50.72,50.41,50.56,50.56,5702708
2022-01-05,50.25,50.64,50.11,50.38,50.38,5642056
2022-01-06,48.99,49.24,48.87,49.05,49.05,4552381
2022-01-07,49.87,50.58,49.62,50.1,50.1,4670120
2022-01-10,50.83,51.26,50.31,50.78,50.78,9115472
2022-01-11,51.39,51.67,51.1,51.39,51.39,9226713
2022-01-12,52.72,52.87,52.23,52.55,52.55,8016429
2022-01-13,52.68,52.89,52.42,52.66,52.66,8995481
2022-01-14,53.1,54.03,52.78,53.4,53.4,4212845
2022-01-17,53.39,53.55,53.01,53.28,53.28,4847141
2022-01-18,53.13,53.87,52.42,53.14,53.14,8364413
2022-01-19,52.76,53.27,52.18,52.73,52.73,6928024
2022-01-20,53.61,53.9,53.14,53.52,53.52,6628902
2022-01-21,54.26,54.74,53.67,54.2,54.2,3516880
2022-01-24,53.01,53.27,52.17,52.72,52.72,7129898
2022-01-25,53.27,53.43,52.75,53.09,53.09,10180448
2022-01-26,54.1,54.72,53.68,54.2,54.2,4245997
2022-01-27,53.59,54.53,53.01,53.77,53.77,8504293
2022-01-28,52.43,53.12,52.25,52.69,52.69,2941630
2022-01-31,52.55,52.76,51.75,52.25,52.25,8341450
2022-02-01,51.95,52.65,51.74,52.2,52.2,14380020
2022-02-02,51.58,51.94,51.17,51.56,51.56,3622742
2022-02-03,50.85,51.3,50.65,50.98,50.98,6603438
2022-02-04,50.02,50.74,49.67,50.21,50.21,3120158
2022-02-07,50.11,50.3,49.46,49.88,49.88,3868585
2022-02-08,49.13,49.21,49.02,49.11,49.11,4843870
2022-02-09,48.39,48.84,48.05,48.44,48.44,3153802
2022-02-10,48.0,48.33,47.54,47.93,47.93,6453013
2022-02-11,48.08,48.27,47.68,47.97,47.97,3919841
2022-02-14,49.22,49.94,48.77,49.36,49.36,8715425
2022-02-15,49.68,50.44,49.12,49.78,49.78,6203184
2022-02-16,50.09,50.3,49.77,50.04,50.04,4076163
2022-02-17,49.98,50.2,49.86,50.03,50.03,6144890
2022-02-18,50.58,51.2,50.18,50.69,50.69,7911083
2022-02-21,50.8,51.07,49.78,50.43,50.43,5509298
2022-02-22,51.16,51.68,50.85,51.26,51.26,4904717
2022-02-23,51.2,51.81,51.04,51.43,51.43,7307428
2022-02-24,52.7,53.11,52.55,52.83,52.83,5611141
2022-02-25,52.85,53.62,52.45,53.04,53.04,5625739
2022-02-28,52.67,52.83,52.21,52.52,52.52,4376354
2022-03-01,52.17,52.81,51.84,52.33,52.33,2834383
2022-03-02,53.25,53.49,52.8,53.14,53.14,7426821
2022-03-03,52.05,52.57,51.83,52.2,52.2,5253625
2022-03-04,52.9,53.48,52.53,53.01,53.01,4402788
2022-03-07,53.48,53.51,53.43,53.47,53.47,4516587
2022-03-08,52.91,53.47,52.47,52.97,52.97,4774061
2022-03-09,52.84,53.16,52.34,52.75,52.75,12117820
2022-03-10,52.64,53.01,52.36,52.69,52.69,5754834
2022-03-11,52.68,52.81,52.45,52.63,52.63,6000338
2022-03-14,53.04,53.35,52.27,52.81,52.81,3098343
2022-03-15,54.0,54.38,52.82,53.6,53.6,1692024
2022-03-16,54.61,55.06,54.19,54.63,54.63,5039302
2022-03-17,54.3,54.77,53.71,54.24,54.24,11038917
2022-03-18,54.2,55.16,53.85,54.51,54.51,4186120
2022-03-21,54.18,54.5,53.49,54.0,54.0,8399158
2022-03-22,54.43,54.6,54.14,54.37,54.37,4289658
2022-03-23,53.93,54.63,53.36,53.99,53.99,7793557
2022-03-24,52.65,53.12,52.29,52.71,52.71,5018641
2022-03-25,52.9,53.15,52.21,52.68,52.68,3707036
2022-03-28,52.66,53.18,52.17,52.68,52.68,5864449
2022-03-29,52.52,53.25,52.24,52.75,52.75,9992128
2022-03-30,53.36,53.67,52.88,53.27,53.27,6641350
2022-03-31,52.77,53.22,52.19,52.71,52.71,5301822
2022-04-01,52.41,53.28,52.01,52.65,52.65,9353191
2022-04-04,53.53,53.81,53.2,53.51,53.51,7174963
2022-04-05,50.87,51.35,50.44,50.9,50.9,9440357
2022-04-06,51.05,51.24,50.65,50.95,50.95,4824204
2022-04-07,50.23,51.07,49.98,50.53,50.53,6765257
2022-04-08,50.64,50.79,50.18,50.49,50.49,4626908
2022-04-11,50.33,50.92,49.93,50.43,50.43,9568789
2022-04-12,51.18,51.53,50.69,51.11,51.11,4000319
2022-04-13,51.32,51.65,50.7,51.18,51.18,5063566
2022-04-14,52.97,53.33,52.15,52.74,52.74,16790332
2022-04-15,54.32,54.59,53.71,54.15,54.15,7521337
2022-04-18,52.98,53.35,52.43,52.89,52.89,4354222
2022-04-19,51.95,52.51,51.42,51.97,51.97,5663608
2022-04-20,51.44,51.73,50.99,51.36,51.36,5361730
2022-04-21,52.35,52.47,51.91,52.19,52.19,5293518
2022-04-22,52.6,53.07,51.79,52.43,52.43,10834280
2022-04-25,52.93,53.07,52.58,52.83,52.83,4729751
2022-04-26,51.61,52.05,51.49,51.77,51.77,7416418
2022-04-27,51.84,52.08,51.21,51.65,51.65,9978948
2022-04-28,52.38,52.68,52.0,52.34,52.34,4338557
2022-04-29,53.14,53.45,52.81,53.13,53.13,7956954
2022-05-02,51.9,52.64,51.55,52.09,52.09,3620340
2022-05-03,52.44,52.76,52.35,52.55,52.55,6766991
2022-05-04,52.71,52.88,52.32,52.6,52.6,9110714
2022-05-05,52.09,52.3,51.91,52.1,52.1,6981797
2022-05-06,52.58,52.9,52.2,52.55,52.55,5690392
2022-05-09,52.82,53.09,52.04,52.56,52.56,9744890
2022-05-10,52.23,52.34,51.97,52.15,52.15,6541794
2022-05-11,49.85,50.53,49.56,50.05,50.05,3396216
2022-05-12,49.19,49.49,48.92,49.21,49.21,5391327
2022-05-13,49.39,49.66,48.85,49.25,49.25,6459352
2022-05-16,49.83,50.04,49.38,49.71,49.71,6270120
2022-05-17,50.27,50.48,49.55,50.01,50.01,8031425
2022-05-18,49.15,49.36,48.52,48.94,48.94,9059854
2022-05-19,49.31,49.47,49.16,49.32,49.32,4249278
2022-05-20,48.49,48.99,47.98,48.48,48.48,3496197
2022-05-23,49.06,49.31,48.8,49.06,49.06,8836027
2022-05-24,49.21,49.59,48.92,49.26,49.26,6656940
2022-05-25,50.46,50.79,50.04,50.42,50.42,6844366
2022-05-26,51.04,51.53,50.69,51.11,51.11,3475273
2022-05-27,49.59,49.9,49.08,49.49,49.49,5312822
2022-05-30,48.38,49.26,47.79,48.52,48.52,6658448
2022-05-31,48.92,49.49,48.61,49.05,49.05,1880768
2022-06-01,48.86,48.97,48.44,48.7,48.7,5518014
2022-06-02,47.61,47.91,47.26,47.59,47.59,5321617
2022-06-03,47.28,47.49,47.18,47.33,47.33,7100357
2022-06-06,47.04,47.4,46.7,47.05,47.05,4370489
2022-06-07,46.01,46.36,45.76,46.06,46.06,4742050
2022-06-08,45.77,46.24,45.51,45.88,45.88,9056355
2022-06-09,46.93,47.4,46.7,47.05,47.05,9441064
2022-06-10,46.43,46.75,46.12,46.43,46.43,8341050
2022-06-13,47.62,47.79,47.0,47.4,47.4,3214889
2022-06-14,46.12,46.54,45.65,46.09,46.09,8618454
2022-06-15,46.01,46.39,45.32,45.85,45.85,7063801
2022-06-16,45.51,45.87,45.34,45.61,45.61,6872325
2022-06-17,44.92,45.2,44.67,44.93,44.93,4691630
2022-06-20,45.03,45.81,44.69,45.25,45.25,9287436
2022-06-21,45.08,45.39,44.25,44.82,44.82,4218803
2022-06-22,45.07,45.54,44.74,45.14,45.14,5032603
2022-06-23,44.17,44.48,43.65,44.06,44.06,15892001
2022-06-24,45.13,45.13,45.13,45.13,45.13,3589122
2022-06-27,44.79,45.07,44.22,44.65,44.65,3628209
2022-06-28,45.77,46.05,45.21,45.63,45.63,6094599
2022-06-29,45.69,45.79,45.32,45.56,45.56,6767207
2022-06-30,47.32,47.57,47.19,47.38,47.38,6359771
2022-07-01,47.02,47.32,46.92,47.12,47.12,4407743
2022-07-04,46.72,47.17,46.32,46.74,46.74,6295928
2022-07-05,46.5,46.66,46.22,46.44,46.44,3309643
2022-07-06,46.54,46.96,46.29,46.63,46.63,5256954
2022-07-07,46.97,47.35,46.64,46.99,46.99,6268624
2022-07-08,47.19,47.52,47.05,47.29,47.29,4723303
2022-07-11,49.04,49.31,48.49,48.9,48.9,6438718
2022-07-12,48.66,49.01,48.18,48.59,48.59,4077484
2022-07-13,47.1,47.29,46.53,46.91,46.91,5283183
2022-07-14,46.95,47.09,46.41,46.75,46.75,2769992
2022-07-15,47.61,48.09,46.78,47.44,47.44,3222087
2022-07-18,47.56,47.84,46.56,47.2,47.2,7830243
2022-07-19,47.65,47.86,47.07,47.47,47.47,5294080
2022-07-20,47.57,47.8,47.07,47.44,47.44,5840958
2022-07-21,49.08,49.57,48.59,49.08,49.08,3584886
2022-07-22,48.8,49.67,48.01,48.84,48.84,6503650
2022-07-25,47.28,47.36,47.07,47.21,47.21,7051548
2022-07-26,47.78,48.13,47.19,47.66,47.66,3259018
2022-07-27,47.98,48.35,47.8,48.07,48.07,2609066
2022-07-28,48.73,49.42,48.15,48.78,48.78,5955044
2022-07-29,47.39,47.57,46.97,47.27,47.27,6632655
2022-08-01,46.63,47.06,46.28,46.67,46.67,7056710
2022-08-02,47.41,47.98,47.06,47.52,47.52,4182796
2022-08-03,49.36,49.81,48.89,49.35,49.35,3080461
2022-08-04,48.65,49.13,48.1,48.62,48.62,4214449
2022-08-05,49.97,50.23,49.88,50.05,50.05,3451768
2022-08-08,50.39,50.7,49.88,50.29,50.29,3011973
2022-08-09,49.86,50.85,49.46,50.15,50.15,7982350
2022-08-10,49.78,50.13,49.46,49.79,49.79,4275271
2022-08-11,49.85,50.04,49.2,49.62,49.62,2839250
2022-08-12,50.24,50.52,49.89,50.21,50.21,9653921
2022-08-15,50.44,50.78,49.29,50.03,50.03,3092907
2022-08-16,50.14,50.4,49.87,50.13,50.13,12032626
2022-08-17,50.37,50.76,49.49,50.13,50.13,6334760
2022-08-18,50.12,50.8,49.77,50.29,50.29,5517886
2022-08-19,49.66,49.83,49.28,49.56,49.56,6218865
2022-08-22,49.0,49.34,48.44,48.89,48.89,5015820
2022-08-23,48.38,49.25,48.1,48.67,48.67,9934858
2022-08-24,48.45,48.67,48.18,48.42,48.42,4928169
2022-08-25,48.43,48.69,48.02,48.35,48.35,3086663
2022-08-26,48.81,49.21,47.88,48.55,48.55,4451717
2022-08-29,48.32,49.03,47.71,48.37,48.37,5072050
2022-08-30,48.62,48.85,48.36,48.6,48.6,4968946
2022-08-31,49.23,49.59,48.5,49.05,49.05,4876545
2022-09-01,47.94,48.36,47.68,48.02,48.02,8129088
2022-09-02,47.79,48.02,47.45,47.73,47.73,11704857
2022-09-05,47.96,48.82,47.47,48.14,48.14,2716851
2022-09-06,46.88,47.03,46.32,46.68,46.68,3151748
2022-09-07,46.51,46.91,46.34,46.63,46.63,6186074
2022-09-08,47.25,47.87,46.82,47.34,47.34,5374136
2022-09-09,48.01,48.44,47.82,48.13,48.13,6266757
2022-09-12,48.91,49.2,48.81,49.0,49.0,6069424
2022-09-13,48.63,48.94,48.47,48.71,48.71,10107950
2022-09-14,49.4,49.67,48.81,49.24,49.24,3827678
2022-09-15,50.07,50.62,49.81,50.22,50.22,7436400
2022-09-16,50.53,50.94,50.16,50.55,50.55,7329887
2022-09-19,50.41,50.75,50.0,50.37,50.37,8816157
2022-09-20,50.29,50.89,50.04,50.47,50.47,5537856
2022-09-21,51.07,51.35,50.48,50.91,50.91,7142411
2022-09-22,50.18,50.99,49.83,50.41,50.41,3079946
2022-09-23,51.26,51.71,50.93,51.32,51.32,3106629
2022-09-26,51.73,51.96,51.46,51.71,51.71,8249591
2022-09-27,51.8,51.87,51.58,51.73,51.73,6447999
2022-09-28,51.18,51.53,50.96,51.25,51.25,5087931
2022-09-29,50.33,51.02,49.36,50.19,50.19,4733800
2022-09-30,49.82,50.04,49.66,49.85,49.85,7368577
2022-10-03,48.3,49.0,47.98,48.49,48.49,9818635
2022-10-04,48.77,49.23,48.53,48.88,48.88,4691933
2022-10-05,47.7,47.88,47.03,47.46,47.46,5997283
2022-10-06,47.27,47.54,47.16,47.35,47.35,5388530
2022-10-07,47.98,48.12,47.69,47.9,47.9,8140251
2022-10-10,47.63,48.2,47.23,47.72,47.72,8915137
2022-10-11,48.99,49.61,48.65,49.13,49.13,3261674
2022-10-12,49.44,49.78,49.13,49.46,49.46,2938554
2022-10-13,48.89,49.54,48.67,49.11,49.11,4460111
2022-10-14,49.39,49.66,48.93,49.29,49.29,6875393
2022-10-17,48.56,48.85,48.42,48.64,48.64,7976582
2022-10-18,49.47,49.63,49.07,49.35,49.35,2406697
2022-10-19,50.79,50.94,50.28,50.61,50.61,6716282
2022-10-20,51.95,52.03,51.66,51.84,51.84,5694430
2022-10-21,51.7,52.3,51.52,51.91,51.91,9382272
2022-10-24,52.54,52.98,51.68,52.33,52.33,7911180
2022-10-25,52.04,52.26,51.58,51.92,51.92,6602084
2022-10-26,51.78,52.13,50.98,51.55,51.55,6178176
2022-10-27,50.92,51.44,50.38,50.91,50.91,6802159
2022-10-28,50.03,50.15,49.64,49.89,49.89,3715571
2022-10-31,51.19,51.31,51.04,51.17,51.17,8706185
2022-11-01,51.49,51.73,50.7,51.21,51.21,8996612
2022-11-02,51.58,51.76,51.37,51.56,51.56,5953803
2022-11-03,52.6,53.08,52.27,52.67,52.67,8662175
2022-11-04,52.46,52.78,52.16,52.47,52.47,8561376
2022-11-07,52.11,52.52,51.99,52.25,52.25,4281324
2022-11-08,52.06,52.68,51.82,52.25,52.25,5208317
2022-11-09,52.48,52.73,52.25,52.49,52.49,8025519
2022-11-10,52.93,53.43,52.5,52.97,52.97,6282839
2022-11-11,53.18,54.09,52.75,53.42,53.42,4546075
2022-11-14,51.22,52.21,50.87,51.54,51.54,6893590
2022-11-15,51.98,52.46,51.56,52.01,52.01,7358197
2022-11-16,52.81,52.99,52.7,52.85,52.85,10051975
2022-11-17,54.02,54.52,53.73,54.12,54.12,4965325
2022-11-18,53.76,54.01,52.91,53.46,53.46,3705652
2022-11-21,53.18,53.24,53.16,53.2,53.2,8630407
2022-11-22,52.73,52.93,52.32,52.63,52.63,9216352
2022-11-23,53.09,53.56,52.61,53.08,53.08,4395768
2022-11-24,52.47,53.02,52.07,52.55,52.55,4823021
2022-11-25,52.34,52.57,51.97,52.27,52.27,5987963
2022-11-28,54.1,54.36,53.41,53.89,53.89,8360746
2022-11-29,53.61,53.74,53.23,53.49,53.49,3936470
2022-11-30,51.87,52.3,51.46,51.88,51.88,4163038
2022-12-01,52.19,52.77,51.9,52.34,52.34,6196460
2022-12-02,53.66,54.06,53.36,53.71,53.71,7058770
2022-12-05,53.32,53.74,53.07,53.4,53.4,6034145
2022-12-06,54.21,54.4,53.7,54.05,54.05,3332158
2022-12-07,54.24,54.75,53.8,54.28,54.28,5187282
2022-12-08,54.09,54.37,53.0,53.69,53.69,2126831
2022-12-09,53.72,54.27,53.32,53.8,53.8,8719290
2022-12-12,54.21,54.97,53.94,54.45,54.45,2600911
2022-12-13,54.62,55.02,53.97,54.5,54.5,2862895
2022-12-14,55.23,55.97,54.71,55.34,55.34,6511114
2022-12-15,54.57,54.9,54.0,54.45,54.45,3770483
2022-12-16,53.57,54.01,53.15,53.58,53.58,6240847
2022-12-19,53.38,53.76,53.07,53.41,53.41,5658953
2022-12-20,53.33,53.63,53.24,53.43,53.43,6336917
2022-12-21,55.02,55.53,54.04,54.79,54.79,3956278
2022-12-22,56.1,56.33,55.65,55.99,55.99,3467588
2022-12-23,56.13,56.34,55.99,56.17,56.17,4935540
2022-12-26,57.47,58.29,56.84,57.56,57.56,2700227
2022-12-27,60.03,60.25,59.36,59.8,59.8,9157062
2022-12-28,60.57,60.9,60.34,60.62,60.62,4355106
2022-12-29,60.34,60.72,60.22,60.47,60.47,7228645
2022-12-30,58.91,59.2,58.04,58.62,58.62,5064532
2023-01-02,57.57,57.6,57.54,57.57,57.57,4790340
2023-01-03,56.89,57.5,56.12,56.81,56.81,6059706
2023-01-04,56.62,57.08,55.98,56.53,56.53,5662937
2023-01-05,55.72,56.01,55.12,55.57,55.57,5093899
2023-01-06,55.19,55.57,54.96,55.27,55.27,3048409
2023-01-09,53.19,53.31,53.03,53.17,53.17,4355989
2023-01-10,51.37,52.2,50.91,51.55,51.55,8686490
2023-01-11,50.83,51.25,50.34,50.8,50.8,9075745
2023-01-12,52.39,52.77,52.24,52.5,52.5,9674911
2023-01-13,54.72,54.85,54.45,54.65,54.65,4972961
2023-01-16,55.72,56.18,55.27,55.73,55.73,4808390
2023-01-17,56.22,56.74,56.07,56.41,56.41,8316556
2023-01-18,56.51,56.52,56.48,56.5,56.5,3625589
2023-01-19,56.4,56.88,56.21,56.55,56.55,5115026
2023-01-20,56.96,57.67,56.25,56.96,56.96,5090307
2023-01-23,55.99,56.38,55.1,55.74,55.74,3243951
2023-01-24,53.59,53.9,52.69,53.29,53.29,3292443
2023-01-25,52.88,53.42,52.32,52.87,52.87,11484652
2023-01-26,52.46,52.59,52.1,52.34,52.34,3873784
2023-01-27,51.07,51.37,50.28,50.83,50.83,7922258
2023-01-30,51.02,51.33,50.57,50.95,50.95,12417915
2023-01-31,50.25,50.74,49.87,50.31,50.31,5235703
2023-02-01,50.49,51.31,50.14,50.72,50.72,8620863
2023-02-02,51.24,51.66,50.79,51.23,51.23,6094024
2023-02-03,51.41,52.12,50.99,51.55,51.55,7351922
2023-02-06,51.76,52.71,51.29,52.0,52.0,5467774
2023-02-07,52.01,52.41,51.32,51.86,51.86,7725834
2023-02-08,51.2,51.56,50.97,51.26,51.26,4519927
2023-02-09,51.68,52.06,51.45,51.75,51.75,6035698
2023-02-10,52.89,53.2,52.68,52.94,52.94,4037192
2023-02-13,53.94,54.37,53.82,54.1,54.1,6628351
2023-02-14,54.83,55.19,54.55,54.87,54.87,6802067
2023-02-15,55.95,56.1,55.82,55.96,55.96,5177117
2023-02-16,56.36,56.73,55.36,56.05,56.05,5477869
2023-02-17,54.0,54.79,53.78,54.28,54.28,8047020
2023-02-20,54.99,55.08,54.82,54.95,54.95,5172001
2023-02-21,53.38,53.81,53.24,53.53,53.53,4703625
2023-02-22,52.57,53.14,52.11,52.62,52.62,5544658
2023-02-23,51.78,51.81,51.66,51.74,51.74,10514916
2023-02-24,49.9,50.55,49.57,50.06,50.06,4917194
2023-02-27,51.31,51.68,50.82,51.25,51.25,4445212
2023-02-28,49.84,50.56,49.48,50.02,50.02,10889140
2023-03-01,49.89,50.1,49.12,49.61,49.61,2238437
2023-03-02,49.38,49.66,48.76,49.21,49.21,3970786
2023-03-03,48.31,48.69,47.74,48.21,48.21,6772527
2023-03-06,49.18,49.6,49.0,49.3,49.3,3323801
2023-03-07,48.26,48.82,47.74,48.28,48.28,3586825
2023-03-08,48.53,48.74,47.89,48.31,48.31,7745212
2023-03-09,49.37,49.58,48.99,49.29,49.29,1873644
2023-03-10,50.18,50.71,49.99,50.35,50.35,11213541
2023-03-13,51.42,51.7,50.82,51.26,51.26,3829404
2023-03-14,51.77,52.1,50.76,51.43,51.43,4664119
2023-03-15,51.35,51.77,50.61,51.19,51.19,9065013
2023-03-16,51.73,52.07,51.49,51.78,51.78,5528097
2023-03-17,51.51,52.55,51.2,51.88,51.88,6556373
2023-03-20,52.98,53.09,52.85,52.97,52.97,6538190
2023-03-21,54.06,54.27,53.59,53.93,53.93,6939177
2023-03-22,54.59,54.81,53.93,54.37,54.37,7824336
2023-03-23,54.31,54.48,53.97,54.22,54.22,5043465
2023-03-24,55.44,55.96,54.74,55.35,55.35,9828165
2023-03-27,54.95,55.38,54.46,54.92,54.92,4391271
2023-03-28,54.33,54.69,54.15,54.42,54.42,3249874
2023-03-29,53.15,54.17,52.83,53.5,53.5,2875860
2023-03-30,53.45,53.55,53.1,53.32,53.32,6135850
2023-03-31,53.17,53.81,52.77,53.29,53.29,3498523
2023-04-03,54.91,55.1,54.62,54.86,54.86,3191034
2023-04-04,53.67,54.06,53.3,53.68,53.68,3310932
2023-04-05,53.09,53.38,52.18,52.78,52.78,5745049
2023-04-06,52.81,53.34,52.61,52.98,52.98,7328737
2023-04-07,52.09,52.41,51.65,52.03,52.03,6687808
2023-04-10,52.58,52.73,52.52,52.62,52.62,6349940
2023-04-11,53.62,53.69,53.6,53.65,53.65,6176877
2023-04-12,55.1,55.34,54.61,54.97,54.97,7047882
2023-04-13,53.23,53.78,52.5,53.14,53.14,4501407
2023-04-14,52.56,52.71,52.09,52.4,52.4,3770108
2023-04-17,53.66,54.44,53.3,53.87,53.87,4262467
2023-04-18,53.94,54.1,53.55,53.83,53.83,10119104
2023-04-19,53.13,53.92,52.59,53.26,53.26,6077461
2023-04-20,53.73,54.09,53.24,53.66,53.66,6883872
2023-04-21,55.04,55.39,54.03,54.71,54.71,3570419
2023-04-24,53.34,53.86,53.06,53.46,53.46,4371691
2023-04-25,54.73,55.27,53.96,54.61,54.61,4659444
2023-04-26,54.83,55.15,53.96,54.55,54.55,4194031
2023-04-27,55.44,55.91,55.01,55.46,55.46,8063627
2023-04-28,55.75,55.97,55.08,55.52,55.52,3913509
2023-05-01,53.81,54.28,53.46,53.87,53.87,3716810
2023-05-02,53.43,53.61,52.74,53.17,53.17,3891502
2023-05-03,52.98,53.21,52.6,52.9,52.9,4149149
2023-05-04,54.3,54.57,53.58,54.08,54.08,8080493
2023-05-05,54.08,54.78,53.83,54.3,54.3,3336096
2023-05-08,53.98,54.4,53.56,53.98,53.98,7262315
2023-05-09,52.15,52.36,51.78,52.07,52.07,5285305
2023-05-10,53.09,53.59,52.63,53.11,53.11,3794379
2023-05-11,52.39,52.85,51.73,52.29,52.29,2962486
2023-05-12,52.75,52.95,52.68,52.82,52.82,6857989
2023-05-15,53.58,54.4,53.32,53.86,53.86,5060232
2023-05-16,54.03,54.72,53.7,54.21,54.21,5475126
2023-05-17,54.75,55.08,54.24,54.66,54.66,4979682
2023-05-18,55.05,55.48,54.72,55.1,55.1,2827845
2023-05-19,53.87,54.09,53.11,53.6,53.6,4154065
2023-05-22,53.55,53.81,53.33,53.57,53.57,6357459
2023-05-23,53.77,54.54,53.18,53.86,53.86,7319559
2023-05-24,54.65,54.93,54.17,54.55,54.55,5366122
2023-05-25,52.92,53.17,52.7,52.93,52.93,9666818
2023-05-26,52.46,53.08,52.27,52.67,52.67,7738916
2023-05-29,52.09,52.56,51.85,52.21,52.21,12899111
2023-05-30,52.67,53.08,52.25,52.66,52.66,12177083
2023-05-31,52.82,53.3,52.39,52.85,52.85,2935994
2023-06-01,53.28,53.51,52.93,53.22,53.22,7401398
2023-06-02,54.62,54.89,53.96,54.42,54.42,6641108
2023-06-05,53.66,54.32,53.35,53.83,53.83,4361831
2023-06-06,55.7,56.17,55.22,55.69,55.69,5144192
2023-06-07,55.36,55.64,54.71,55.18,55.18,5987616
2023-06-08,56.7,57.55,56.09,56.82,56.82,5810230
2023-06-09,57.67,57.76,57.49,57.63,57.63,8031221
2023-06-12,58.07,59.0,57.81,58.4,58.4,12023617
2023-06-13,58.3,58.42,57.93,58.18,58.18,4861588
2023-06-14,57.52,57.87,56.91,57.39,57.39,6827561
2023-06-15,55.61,56.45,55.32,55.88,55.88,4505573
2023-06-16,56.79,57.53,55.87,56.7,56.7,4336887
2023-06-19,57.0,57.35,56.04,56.7,56.7,3386459
2023-06-20,58.61,58.87,57.79,58.33,58.33,9126012
2023-06-21,57.8,58.32,56.9,57.61,57.61,7021318
2023-06-22,56.86,57.42,56.6,57.01,57.01,5179632
2023-06-23,55.46,56.06,55.2,55.63,55.63,7108870
2023-06-26,54.75,55.21,54.15,54.68,54.68,5236971
2023-06-27,55.21,55.58,54.68,55.13,55.13,13370828
2023-06-28,56.15,56.62,55.19,55.9,55.9,4517506
2023-06-29,55.9,56.13,55.27,55.7,55.7,5448410
2023-06-30,55.49,55.76,54.95,55.35,55.35,15146447
2023-07-03,56.26,56.8,55.99,56.4,56.4,14168957
2023-07-04,56.26,56.6,55.78,56.19,56.19,3884244
2023-07-05,56.63,56.99,56.28,56.64,56.64,5624431
2023-07-06,57.05,57.96,56.76,57.36,57.36,3730406
2023-07-07,55.98,56.61,55.36,55.98,55.98,7378212
2023-07-10,57.6,57.62,57.53,57.57,57.57,6394470
2023-07-11,57.08,57.51,56.41,56.96,56.96,5463499
2023-07-12,56.44,57.3,56.19,56.74,56.74,2947294
2023-07-13,56.95,57.33,56.35,56.84,56.84,4530241
2023-07-14,57.45,57.94,56.93,57.43,57.43,8848727
2023-07-17,56.46,56.72,55.96,56.34,56.34,5553481
2023-07-18,54.9,55.27,54.48,54.87,54.87,5449481
2023-07-19,55.9,56.1,55.46,55.78,55.78,3639876
2023-07-20,55.6,56.01,55.4,55.71,55.71,4113008
2023-07-21,56.21,56.35,55.73,56.04,56.04,3803411
2023-07-24,55.13,55.9,54.32,55.11,55.11,3891702
2023-07-25,55.92,56.22,55.37,55.8,55.8,3110142
2023-07-26,54.57,54.98,54.24,54.61,54.61,11535655
2023-07-27,54.18,55.19,53.84,54.52,54.52,3434756
2023-07-28,55.84,55.89,55.78,55.84,55.84,7056891
2023-07-31,56.86,56.96,56.79,56.87,56.87,7131110
2023-08-01,58.27,58.52,58.09,58.31,58.31,6945879
2023-08-02,59.06,59.64,58.56,59.1,59.1,6634086
2023-08-03,58.51,59.5,57.82,58.66,58.66,4345336
2023-08-04,56.29,56.75,56.02,56.39,56.39,15245348
2023-08-07,57.15,57.54,57.02,57.28,57.28,6158933
2023-08-08,58.97,59.42,58.36,58.89,58.89,5451863
2023-08-09,59.29,59.83,58.97,59.4,59.4,7497832
2023-08-10,61.15,61.63,60.14,60.88,60.88,7594715
2023-08-11,61.13,61.18,61.04,61.11,61.11,10047840
2023-08-14,62.65,62.94,62.0,62.47,62.47,3771392
2023-08-15,61.49,61.85,60.8,61.32,61.32,6616268
2023-08-16,61.87,62.02,61.62,61.82,61.82,4371715
2023-08-17,61.74,62.11,61.29,61.7,61.7,5929179
2023-08-18,61.81,62.22,60.88,61.55,61.55,4460296
2023-08-21,60.83,61.69,60.59,61.14,61.14,3490377
2023-08-22,60.3,60.48,59.67,60.08,60.08,2607134
2023-08-23,58.52,59.09,57.94,58.52,58.52,3370674
2023-08-24,58.2,58.63,57.67,58.15,58.15,3719855
2023-08-25,58.7,58.96,58.02,58.49,58.49,7669438
2023-08-28,57.74,57.94,57.08,57.51,57.51,9842431
2023-08-29,57.15,58.34,56.79,57.57,57.57,4377531
2023-08-30,57.11,57.84,56.74,57.29,57.29,8583347
2023-08-31,56.7,57.35,56.4,56.88,56.88,8356034
2023-09-01,56.29,56.64,55.63,56.13,56.13,4644031
2023-09-04,54.88,55.22,54.45,54.83,54.83,5752713
2023-09-05,54.98,55.33,54.24,54.78,54.78,5729962
2023-09-06,56.28,56.44,56.13,56.28,56.28,4052992
2023-09-07,55.32,55.5,54.65,55.08,55.08,9296747
2023-09-08,53.22,53.73,52.9,53.31,53.31,7044899
2023-09-11,53.24,53.25,53.19,53.22,53.22,4604583
2023-09-12,52.45,52.82,52.22,52.52,52.52,11015575
2023-09-13,52.43,53.17,52.19,52.68,52.68,3887066
2023-09-14,53.54,53.97,52.75,53.36,53.36,3802431
2023-09-15,53.01,53.66,52.82,53.24,53.24,5457845
2023-09-18,51.71,52.2,51.39,51.8,51.8,5699048
2023-09-19,51.14,51.62,50.92,51.27,51.27,8399634
2023-09-20,52.37,52.78,51.6,52.19,52.19,4204728
2023-09-21,53.3,53.52,52.88,53.2,53.2,5279543
2023-09-22,53.08,53.58,52.68,53.13,53.13,7116121
2023-09-25,52.97,53.15,52.9,53.03,53.03,9924254
2023-09-26,54.11,54.38,53.51,53.95,53.95,4018791
2023-09-27,54.0,54.49,53.36,53.92,53.92,7109017
2023-09-28,53.75,54.1,52.92,53.51,53.51,4613528
2023-09-29,54.72,55.34,54.52,54.93,54.93,2886378
2023-10-02,55.48,55.66,54.9,55.28,55.28,4207197
2023-10-03,54.85,55.2,53.83,54.51,54.51,5643497
2023-10-04,53.23,53.86,52.55,53.2,53.2,6738353
2023-10-05,54.8,55.05,54.3,54.68,54.68,3294120
2023-10-06,54.07,55.0,53.63,54.31,54.31,4065105
2023-10-09,54.5,55.21,54.27,54.74,54.74,3502231
2023-10-10,56.87,57.16,56.68,56.92,56.92,2029230
2023-10-11,55.61,56.38,55.11,55.74,55.74,6775258
2023-10-12,56.84,57.09,56.08,56.59,56.59,4766840
2023-10-13,56.34,56.73,55.76,56.24,56.24,8651728
2023-10-16,55.84,56.0,55.57,55.78,55.78,9140004
2023-10-17,54.75,54.8,54.7,54.75,54.75,3342030
2023-10-18,53.79,53.92,53.63,53.78,53.78,7286074
2023-10-19,55.51,55.74,55.23,55.48,55.48,5621683
2023-10-20,55.62,56.24,55.26,55.75,55.75,3185764
2023-10-23,54.77,55.1,53.84,54.47,54.47,6392103
2023-10-24,53.61,54.02,53.5,53.76,53.76,12509869
2023-10-25,53.18,53.66,52.76,53.21,53.21,9936628
2023-10-26,53.56,54.02,53.11,53.56,53.56,7950062
2023-10-27,52.04,52.45,51.74,52.1,52.1,4827886
2023-10-30,51.43,51.57,50.97,51.27,51.27,6076647
2023-10-31,51.06,51.41,50.76,51.08,51.08,3577236
2023-11-01,50.6,50.9,49.8,50.35,50.35,5053747
2023-11-02,49.58,49.99,49.33,49.66,49.66,4815753
2023-11-03,49.35,49.46,49.05,49.26,49.26,2025413
2023-11-06,49.28,49.54,48.88,49.21,49.21,7364616
2023-11-07,50.62,51.1,50.33,50.71,50.71,4322527
2023-11-08,50.41,50.61,50.15,50.38,50.38,9833402
2023-11-09,49.22,50.11,48.99,49.55,49.55,9008302
2023-11-10,49.7,49.95,49.5,49.72,49.72,3505763
2023-11-13,49.66,49.93,49.1,49.51,49.51,6705313
2023-11-14,49.53,49.71,49.01,49.36,49.36,7614274
2023-11-15,49.33,49.93,49.04,49.48,49.48,6217604
2023-11-16,49.53,49.66,49.36,49.51,49.51,4335895
2023-11-17,48.5,48.8,47.85,48.33,48.33,4326170
2023-11-20,47.87,48.17,47.14,47.66,47.66,5066391
2023-11-21,47.69,48.01,47.13,47.57,47.57,7327924
2023-11-22,47.76,48.31,47.26,47.79,47.79,7563968
2023-11-23,48.33,48.65,47.68,48.17,48.17,4559640
2023-11-24,48.87,49.19,48.26,48.72,48.72,2940432
2023-11-27,47.81,48.06,47.19,47.62,47.62,5919351
2023-11-28,47.54,47.65,47.16,47.4,47.4,5678476
2023-11-29,46.98,47.12,46.75,46.93,46.93,3760722
2023-11-30,48.22,48.58,48.1,48.34,48.34,3451984
2023-12-01,47.76,48.37,47.34,47.85,47.85,4459419
2023-12-04,49.33,49.46,48.83,49.14,49.14,4402760
2023-12-05,49.11,49.81,48.9,49.35,49.35,9481447
2023-12-06,49.76,49.99,49.33,49.66,49.66,7752094
2023-12-07,49.79,49.94,49.59,49.77,49.77,5062030
2023-12-08,48.9,48.97,48.64,48.8,48.8,3280132
2023-12-11,48.0,48.73,47.81,48.27,48.27,5635629
2023-12-12,47.61,47.67,47.53,47.6,47.6,4356938
2023-12-13,47.28,47.89,46.85,47.37,47.37,4238677
2023-12-14,45.8,45.94,45.7,45.82,45.82,3346659
2023-12-15,46.46,46.47,46.45,46.46,46.46,3487399
2023-12-18,46.86,47.6,46.5,47.05,47.05,5386371
2023-12-19,46.79,46.98,46.47,46.73,46.73,4870745
2023-12-20,46.54,46.62,46.38,46.5,46.5,4933626
2023-12-21,46.16,46.71,46.0,46.35,46.35,4500745
2023-12-22,46.14,46.76,45.95,46.36,46.36,2815854
2023-12-25,47.48,47.95,46.8,47.38,47.38,2770729
2023-12-26,47.42,48.08,47.22,47.65,47.65,5365933
2023-12-27,48.12,48.43,47.98,48.2,48.2,7962732
2023-12-28,48.67,49.07,48.45,48.76,48.76,5873938
2023-12-29,48.33,48.46,48.01,48.24,48.24,6566710
2024-01-01,48.34,48.64,47.86,48.25,48.25,6383804
2024-01-02,48.44,48.78,48.18,48.48,48.48,7907278
2024-01-03,48.0,48.35,47.4,47.88,47.88,8052593
2024-01-04,48.41,48.84,48.24,48.54,48.54,4026004
2024-01-05,47.95,48.06,47.51,47.78,47.78,4279801
2024-01-08,48.35,48.7,47.46,48.08,48.08,5126956
2024-01-09,47.33,47.56,47.24,47.4,47.4,3382933
2024-01-10,46.54,47.17,46.09,46.63,46.63,7729675
2024-01-11,46.61,46.99,46.21,46.6,46.6,2783316
2024-01-12,45.68,45.99,45.16,45.57,45.57,15037603
2024-01-15,45.85,46.1,45.56,45.83,45.83,4204245
2024-01-16,45.12,45.22,44.91,45.07,45.07,7397918
2024-01-17,44.73,45.04,44.44,44.74,44.74,3081947
2024-01-18,43.94,44.46,43.76,44.11,44.11,9150672
2024-01-19,44.88,45.03,44.72,44.88,44.88,10954674
2024-01-22,43.85,44.14,43.77,43.95,43.95,4341344
2024-01-23,43.69,44.01,43.37,43.69,43.69,4473595
2024-01-24,43.78,44.26,43.51,43.88,43.88,3789969
2024-01-25,44.26,44.39,43.88,44.14,44.14,8991926
2024-01-26,43.73,44.11,43.48,43.79,43.79,5841245
2024-01-29,43.0,43.38,42.69,43.03,43.03,7718948
2024-01-30,42.75,42.92,42.42,42.67,42.67,3912383
2024-01-31,43.32,43.7,43.1,43.4,43.4,4082264
2024-02-01,43.53,44.21,43.18,43.7,43.7,6160919
2024-02-02,43.25,43.67,42.9,43.28,43.28,3563132
2024-02-05,43.06,43.45,42.51,42.98,42.98,12227190
2024-02-06,43.1,43.32,42.45,42.89,42.89,4571695
2024-02-07,42.71,42.94,42.11,42.52,42.52,5995687
2024-02-08,42.52,42.77,42.33,42.55,42.55,8865045
2024-02-09,42.1,42.87,41.83,42.35,42.35,3596690
2024-02-12,41.89,42.63,41.47,42.05,42.05,5752113
2024-02-13,41.79,42.43,41.62,42.02,42.02,5218897
2024-02-14,42.85,43.0,42.7,42.85,42.85,3446376
2024-02-15,42.69,42.89,42.4,42.64,42.64,6629801
2024-02-16,41.94,42.11,41.71,41.91,41.91,4567493
2024-02-19,41.69,42.02,41.61,41.81,41.81,6134530
2024-02-20,40.24,40.64,39.99,40.32,40.32,4377628
2024-02-21,40.47,40.7,39.69,40.2,40.2,3545348
2024-02-22,39.42,40.01,39.19,39.6,39.6,4338287
2024-02-23,39.73,40.54,39.5,40.02,40.02,5322837
2024-02-26,40.08,40.65,39.86,40.25,40.25,3473164
2024-02-27,40.48,40.6,40.34,40.47,40.47,6928432
2024-02-28,41.73,42.06,41.58,41.82,41.82,7207031
2024-02-29,41.35,41.62,40.93,41.28,41.28,7196444
2024-03-01,41.65,41.79,41.12,41.45,41.45,7035896
2024-03-04,41.93,42.43,41.41,41.92,41.92,1622800
2024-03-05,41.83,41.98,41.4,41.69,41.69,2893027
2024-03-06,41.77,42.14,41.43,41.79,41.79,3607648
2024-03-07,42.68,43.2,42.34,42.77,42.77,7795535
2024-03-08,42.17,42.31,41.69,42.0,42.0,3090988
2024-03-11,40.52,40.98,40.38,40.68,40.68,4370877
2024-03-12,39.58,40.15,38.83,39.49,39.49,3863408
2024-03-13,38.85,38.94,38.53,38.74,38.74,4632231
2024-03-14,38.77,39.14,38.36,38.75,38.75,3954165
2024-03-15,39.28,39.79,38.86,39.32,39.32,13618037
2024-03-18,39.45,39.71,38.87,39.29,39.29,14266182
2024-03-19,39.46,39.51,39.39,39.45,39.45,16245712
2024-03-20,38.8,39.14,38.45,38.8,38.8,4573154
2024-03-21,38.95,39.41,38.8,39.1,39.1,4723226
2024-03-22,39.44,39.79,39.13,39.46,39.46,9544159
2024-03-25,40.01,40.35,39.16,39.75,39.75,6863640
2024-03-26,38.88,39.5,38.64,39.07,39.07,3290677
2024-03-27,39.12,39.32,38.7,39.01,39.01,3824026
2024-03-28,38.51,38.73,38.01,38.37,38.37,6697325
2024-03-29,38.63,39.28,38.13,38.71,38.71,5410775
2024-04-01,39.42,39.91,39.26,39.58,39.58,2067705
2024-04-02,40.72,40.98,40.59,40.78,40.78,5939284
2024-04-03,40.61,40.92,40.45,40.69,40.69,9703761
2024-04-04,41.75,41.94,41.69,41.81,41.81,6249160
2024-04-05,40.81,41.22,40.33,40.78,40.78,4353896
2024-04-08,39.96,40.16,39.34,39.75,39.75,6937943
2024-04-09,39.24,39.55,39.15,39.35,39.35,4572356
2024-04-10,39.27,39.67,39.13,39.4,39.4,8466566
2024-04-11,40.33,40.5,40.02,40.26,40.26,1342630
2024-04-12,39.75,40.07,39.61,39.84,39.84,4552442
2024-04-15,40.01,40.73,39.54,40.14,40.14,3574003
2024-04-16,40.18,40.4,39.94,40.17,40.17,8599657
2024-04-17,39.93,40.14,39.84,39.99,39.99,4293197
2024-04-18,40.24,40.85,39.85,40.35,40.35,5032568
2024-04-19,40.83,41.28,40.68,40.98,40.98,5504411
2024-04-22,42.32,42.48,41.9,42.19,42.19,4463204
2024-04-23,41.13,41.62,40.88,41.25,41.25,3525644
2024-04-24,40.22,40.99,39.96,40.48,40.48,6446219
2024-04-25,40.41,40.59,40.3,40.44,40.44,3526667
2024-04-26,41.1,41.33,40.79,41.06,41.06,8886331
2024-04-29,42.22,42.55,41.76,42.15,42.15,3737089
2024-04-30,42.29,42.84,41.84,42.34,42.34,5779487
2024-05-01,42.6,42.88,42.32,42.6,42.6,8433916
2024-05-02,42.03,42.39,41.83,42.11,42.11,7349358
2024-05-03,41.74,42.15,41.62,41.88,41.88,7560098
2024-05-06,41.67,41.83,41.07,41.45,41.45,5940987
2024-05-07,42.45,42.66,41.88,42.27,42.27,7518395
2024-05-08,43.78,43.95,43.25,43.6,43.6,6989971
2024-05-09,44.34,44.78,44.06,44.42,44.42,4468190
2024-05-10,43.82,44.55,43.37,43.96,43.96,4039487
2024-05-13,43.53,44.23,43.31,43.77,43.77,7362454
2024-05-14,44.64,45.23,44.34,44.78,44.78,5495526
2024-05-15,45.44,46.23,45.23,45.73,45.73,5349562
2024-05-16,45.15,45.75,44.91,45.33,45.33,4960860
2024-05-17,46.76,47.12,46.12,46.62,46.62,8964881
2024-05-20,47.76,48.46,47.46,47.96,47.96,8811083
2024-05-21,47.68,47.8,47.58,47.69,47.69,12250611
2024-05-22,49.29,49.89,48.83,49.36,49.36,5731023
2024-05-23,48.17,48.96,47.7,48.33,48.33,7638618
2024-05-24,49.23,49.46,48.83,49.15,49.15,5450989
2024-05-27,47.86,48.06,47.6,47.83,47.83,5402752
2024-05-28,47.94,48.68,47.59,48.13,48.13,3342362
2024-05-29,48.33,48.95,47.86,48.41,48.41,6737313
2024-05-30,48.01,48.29,47.87,48.08,48.08,3106265
2024-05-31,48.55,49.1,48.12,48.61,48.61,3483413
2024-06-03,48.15,48.61,47.5,48.05,48.05,5129305
2024-06-04,47.95,48.8,47.41,48.1,48.1,4067377
2024-06-05,50.28,50.39,49.84,50.11,50.11,3832645
2024-06-06,50.36,50.61,49.61,50.11,50.11,11288889
2024-06-07,51.6,51.87,50.72,51.3,51.3,2999613
2024-06-10,51.42,51.87,51.16,51.51,51.51,4254040
2024-06-11,52.19,52.48,51.85,52.16,52.16,6134609
2024-06-12,50.76,51.41,50.58,50.99,50.99,3764481
2024-06-13,53.4,53.48,53.31,53.39,53.39,2050058
2024-06-14,53.11,53.78,52.32,53.05,53.05,6203490
2024-06-17,51.79,51.91,51.4,51.65,51.65,7707755
2024-06-18,50.55,51.11,50.36,50.74,50.74,6147380
2024-06-19,50.96,51.07,50.59,50.83,50.83,5813910
2024-06-20,50.34,50.63,49.94,50.29,50.29,7227983
2024-06-21,50.99,51.53,50.72,51.12,51.12,7040649
2024-06-24,50.62,50.87,50.26,50.56,50.56,5675956
2024-06-25,50.68,51.24,50.33,50.79,50.79,3508016
2024-06-26,50.98,51.57,50.62,51.1,51.1,4657767
2024-06-27,51.25,51.74,50.84,51.29,51.29,7493461
2024-06-28,51.88,52.22,51.52,51.87,51.87,8880468
2024-07-01,52.0,52.35,51.72,52.03,52.03,6852819
2024-07-02,52.45,52.84,52.14,52.49,52.49,3169372
2024-07-03,53.56,53.97,53.06,53.51,53.51,5452191
2024-07-04,54.3,54.73,53.53,54.13,54.13,6276621
2024-07-05,54.59,55.23,54.13,54.68,54.68,5897420
2024-07-08,54.1,54.54,53.3,53.92,53.92,4752327
2024-07-09,54.22,54.46,53.45,53.96,53.96,6936920
2024-07-10,54.13,54.32,53.63,53.98,53.98,3572063
2024-07-11,53.72,54.2,53.43,53.81,53.81,4114352
2024-07-12,55.31,55.73,54.78,55.26,55.26,6314811
2024-07-15,55.19,55.7,54.59,55.14,55.14,4116395
2024-07-16,55.28,55.57,54.66,55.11,55.11,8383417
2024-07-17,55.08,55.42,54.84,55.13,55.13,1633174
2024-07-18,54.53,54.87,53.48,54.18,54.18,2419833
2024-07-19,54.38,55.03,53.6,54.31,54.31,3880874
2024-07-22,54.19,54.37,53.81,54.09,54.09,3058837
2024-07-23,53.26,53.65,52.78,53.21,53.21,5326677
2024-07-24,54.76,55.14,54.14,54.64,54.64,4299331
2024-07-25,55.05,55.66,54.3,54.98,54.98,5146097
2024-07-26,54.62,54.83,53.93,54.38,54.38,4292351
2024-07-29,55.19,55.76,54.73,55.24,55.24,5669475
2024-07-30,56.08,56.71,55.79,56.25,56.25,4564013
2024-07-31,56.05,56.29,55.25,55.77,55.77,8289698
2024-08-01,55.05,55.37,54.62,55.0,55.0,4892642
2024-08-02,55.03,55.6,54.85,55.22,55.22,3346709
2024-08-05,54.44,54.99,54.13,54.56,54.56,3878651
2024-08-06,54.02,54.38,53.58,53.98,53.98,9065933
2024-08-07,53.68,54.03,53.46,53.75,53.75,7877783
2024-08-08,53.75,54.62,52.71,53.67,53.67,10212530
2024-08-09,54.18,54.49,53.72,54.1,54.1,6355061
2024-08-12,53.95,54.22,53.52,53.87,53.87,11740441
2024-08-13,54.54,55.11,54.24,54.68,54.68,11424175
2024-08-14,53.52,54.09,53.26,53.68,53.68,2856339
2024-08-15,52.81,53.37,52.43,52.9,52.9,9065689
2024-08-16,52.03,52.43,51.91,52.17,52.17,6524933
2024-08-19,52.44,52.48,52.38,52.43,52.43,6710755
2024-08-20,52.86,53.08,52.55,52.82,52.82,8662733
2024-08-21,52.38,52.56,52.02,52.29,52.29,6126958
2024-08-22,50.89,51.36,50.64,51.0,51.0,4868390
2024-08-23,52.09,52.24,51.65,51.94,51.94,4897801
2024-08-26,51.21,51.96,50.88,51.42,51.42,5850869
2024-08-27,52.16,52.69,51.24,51.97,51.97,6104364
2024-08-28,52.52,52.85,51.63,52.24,52.24,8703383
2024-08-29,52.07,52.63,51.65,52.14,52.14,5001926
2024-08-30,51.13,51.63,51.0,51.32,51.32,4573359
2024-09-02,50.54,51.05,50.17,50.61,50.61,3654276
2024-09-03,49.27,49.88,49.11,49.49,49.49,5333534
2024-09-04,48.92,49.12,48.36,48.74,48.74,4586201
2024-09-05,48.2,48.44,47.59,48.01,48.01,3640634
2024-09-06,48.28,48.6,48.18,48.39,48.39,11914378
2024-09-09,47.47,47.64,47.25,47.44,47.44,9386608
2024-09-10,47.74,48.28,47.53,47.91,47.91,5745632
2024-09-11,47.89,48.18,47.26,47.72,47.72,5831941
2024-09-12,48.29,48.39,47.88,48.14,48.14,2886988
2024-09-13,48.93,49.58,48.68,49.13,49.13,14315418
2024-09-16,48.42,48.91,47.94,48.43,48.43,2132659
2024-09-17,47.13,47.81,46.92,47.36,47.36,4138202
2024-09-18,46.93,47.75,46.68,47.22,47.22,8985264
2024-09-19,48.05,48.22,47.97,48.09,48.09,8354620
2024-09-20,49.07,49.18,48.63,48.9,48.9,3380442
2024-09-23,48.79,48.99,48.33,48.66,48.66,4446878
2024-09-24,49.31,50.04,48.77,49.4,49.4,6975055
2024-09-25,48.94,49.84,48.71,49.28,49.28,6829944
2024-09-26,49.34,49.38,49.23,49.31,49.31,11500928
2024-09-27,49.26,49.5,49.19,49.34,49.34,5740665
2024-09-30,48.02,48.74,47.68,48.21,48.21,4128640
2024-10-01,47.84,48.28,47.46,47.87,47.87,4724944
2024-10-02,48.23,48.49,48.12,48.3,48.3,4045983
2024-10-03,48.86,49.27,48.09,48.68,48.68,7247319
2024-10-04,48.5,48.98,48.35,48.67,48.67,3273272
2024-10-07,47.93,48.28,47.75,48.01,48.01,9650948
2024-10-08,47.5,47.96,47.04,47.5,47.5,11602593
2024-10-09,49.74,50.29,49.58,49.93,49.93,4178173
2024-10-10,50.46,50.77,50.27,50.52,50.52,4989207
2024-10-11,49.95,50.18,49.81,50.0,50.0,6870778
2024-10-14,50.17,50.53,49.63,50.08,50.08,4778834
2024-10-15,50.64,51.29,50.24,50.77,50.77,4553864
2024-10-16,50.64,50.9,49.7,50.3,50.3,5405649
2024-10-17,50.41,50.88,50.06,50.47,50.47,7457718
2024-10-18,49.07,49.49,48.89,49.19,49.19,5359163
2024-10-21,49.4,49.86,48.61,49.24,49.24,4234111
2024-10-22,48.35,48.63,48.11,48.37,48.37,4557033
2024-10-23,48.03,48.57,47.62,48.09,48.09,3804474
2024-10-24,48.04,48.65,47.76,48.2,48.2,1846381
2024-10-25,48.09,48.7,47.69,48.2,48.2,4981117
2024-10-28,47.35,48.27,47.11,47.69,47.69,3712800
2024-10-29,48.57,48.71,48.11,48.41,48.41,6981710
2024-10-30,48.78,49.06,47.84,48.45,48.45,8076147
2024-10-31,49.12,49.48,48.76,49.12,49.12,4293833
2024-11-01,48.27,49.05,47.79,48.42,48.42,3263624
2024-11-04,48.52,48.91,47.53,48.22,48.22,7350395
2024-11-05,49.78,50.32,49.35,49.83,49.83,6145122
2024-11-06,50.45,51.12,50.03,50.57,50.57,6540809
2024-11-07,51.83,52.23,51.3,51.77,51.77,4579852
2024-11-08,52.03,52.23,51.86,52.05,52.05,5889659
2024-11-11,51.43,51.55,51.08,51.31,51.31,4747743
2024-11-12,51.97,52.15,51.4,51.78,51.78,8168147
2024-11-13,52.4,53.38,51.64,52.51,52.51,11149310
2024-11-14,52.19,52.45,51.65,52.05,52.05,5163399
2024-11-15,54.3,54.58,53.37,53.97,53.97,9901307
2024-11-18,52.52,52.89,52.04,52.47,52.47,4326264
2024-11-19,51.82,52.05,50.95,51.5,51.5,4717001
2024-11-20,52.18,52.34,51.91,52.13,52.13,9635272
2024-11-21,52.55,53.22,52.34,52.78,52.78,4900776
2024-11-22,54.94,55.46,54.23,54.85,54.85,6710507
2024-11-25,54.9,55.29,54.12,54.7,54.7,4548059
2024-11-26,54.89,55.39,54.24,54.81,54.81,9755995
2024-11-27,55.59,56.19,54.72,55.45,55.45,3476044
2024-11-28,54.27,55.05,54.0,54.53,54.53,8290931
2024-11-29,55.44,55.68,55.35,55.51,55.51,5588622
2024-12-02,55.3,56.47,54.88,55.68,55.68,5888288
2024-12-03,54.89,55.37,54.28,54.82,54.82,3998077
2024-12-04,54.98,55.93,54.47,55.2,55.2,2811147
2024-12-05,54.18,54.75,53.65,54.2,54.2,2861769
2024-12-06,53.34,53.82,53.07,53.45,53.45,7543703
2024-12-09,54.1,54.33,53.24,53.78,53.78,6487517
2024-12-10,53.77,53.97,53.07,53.52,53.52,6946335
2024-12-11,53.14,53.38,52.55,52.97,52.97,4165385
2024-12-12,54.86,55.03,54.32,54.67,54.67,4819529
2024-12-13,53.83,54.82,53.27,54.05,54.05,3107229
2024-12-16,55.69,56.07,55.0,55.53,55.53,5083859
2024-12-17,56.4,56.55,55.92,56.24,56.24,9305572
2024-12-18,56.25,56.47,55.53,56.0,56.0,5267882
2024-12-19,56.01,56.42,55.35,55.89,55.89,6312290
2024-12-20,56.69,57.28,56.53,56.9,56.9,10767887
2024-12-23,58.18,58.49,57.35,57.92,57.92,4271365
2024-12-24,58.19,58.21,58.16,58.19,58.19,4123854
2024-12-25,59.85,60.35,59.4,59.87,59.87,6730858
2024-12-26,59.44,59.93,58.52,59.23,59.23,6169861
2024-12-27,60.58,60.83,60.23,60.53,60.53,7591444
2024-12-30,60.62,61.72,59.99,60.85,60.85,4766989
2024-12-31,62.43,62.84,61.44,62.14,62.14,8019120
2025-01-01,61.23,61.36,60.84,61.1,61.1,9088172
2025-01-02,60.64,61.28,60.42,60.85,60.85,5406683
2025-01-03,60.18,61.05,59.77,60.41,60.41,5253754
2025-01-06,59.89,60.1,59.16,59.63,59.63,3965219
2025-01-07,57.8,58.46,57.51,57.99,57.99,4576951
2025-01-08,57.52,57.63,57.22,57.42,57.42,3245426
2025-01-09,57.24,57.26,57.23,57.25,57.25,9992151
2025-01-10,56.6,57.44,56.28,56.86,56.86,2330011
2025-01-13,56.01,56.89,55.7,56.29,56.29,3653038
2025-01-14,55.13,55.62,54.85,55.24,55.24,4370225
2025-01-15,55.47,55.93,55.31,55.62,55.62,7627635
2025-01-16,56.43,57.17,56.22,56.7,56.7,4166271
2025-01-17,57.01,57.63,56.78,57.2,57.2,4019793
2025-01-20,57.38,57.67,57.08,57.37,57.37,10031730
2025-01-21,56.84,57.21,56.68,56.95,56.95,5224006
2025-01-22,55.84,56.53,55.54,56.03,56.03,3179020
2025-01-23,55.36,55.87,55.12,55.5,55.5,8429806
2025-01-24,55.57,55.86,54.62,55.24,55.24,3787253
2025-01-27,56.21,56.57,55.84,56.2,56.2,5433843
2025-01-28,55.53,55.94,55.06,55.5,55.5,5200579
2025-01-29,54.43,54.76,54.17,54.46,54.46,5929370
2025-01-30,54.95,55.1,54.66,54.88,54.88,3910652
2025-01-31,53.68,53.79,53.54,53.67,53.67,3671497
2025-02-03,53.84,54.2,53.0,53.6,53.6,7433925
2025-02-04,52.86,53.18,52.56,52.87,52.87,7737195
2025-02-05,53.93,54.1,53.5,53.8,53.8,3193428
2025-02-06,54.48,55.08,53.72,54.4,54.4,10401134
2025-02-07,54.12,54.46,53.41,53.93,53.93,2871343
2025-02-10,51.22,51.78,50.83,51.3,51.3,5523156
2025-02-11,51.44,51.68,50.84,51.26,51.26,11201508
2025-02-12,50.76,51.03,50.58,50.8,50.8,3175670
2025-02-13,51.17,51.52,50.48,51.0,51.0,3406075
2025-02-14,50.3,50.53,50.21,50.37,50.37,9652011
2025-02-17,50.7,51.14,50.1,50.62,50.62,3002242
2025-02-18,50.26,50.36,50.22,50.29,50.29,5065589
2025-02-19,50.55,50.98,50.21,50.6,50.6,8625300
2025-02-20,50.59,50.82,50.43,50.63,50.63,4037378
2025-02-21,50.6,50.99,50.38,50.68,50.68,4909207
2025-02-24,52.51,53.0,52.24,52.62,52.62,4127399
2025-02-25,53.5,53.79,53.11,53.45,53.45,4271929
2025-02-26,54.13,54.39,53.73,54.06,54.06,3598120
2025-02-27,53.23,53.75,53.08,53.42,53.42,4275078
2025-02-28,54.05,54.44,53.94,54.19,54.19,4203161
2025-03-03,55.46,56.04,54.76,55.4,55.4,3712834
2025-03-04,56.79,57.1,56.47,56.79,56.79,6829339
2025-03-05,56.36,56.98,55.77,56.38,56.38,3334723
2025-03-06,57.18,57.55,56.46,57.01,57.01,3507717
2025-03-07,56.24,56.7,55.97,56.33,56.33,6523200
2025-03-10,54.43,55.26,53.85,54.55,54.55,2921908
2025-03-11,54.99,55.52,54.24,54.88,54.88,2842187
2025-03-12,54.21,54.72,53.78,54.25,54.25,7879904
2025-03-13,53.8,53.8,53.79,53.8,53.8,9410080
2025-03-14,55.56,55.72,55.14,55.43,55.43,4070458
2025-03-17,55.44,55.77,54.63,55.2,55.2,5929934
2025-03-18,56.25,56.73,55.77,56.25,56.25,4698938
2025-03-19,57.19,57.58,56.89,57.23,57.23,4336656
2025-03-20,57.55,57.81,56.67,57.24,57.24,2463396
2025-03-21,56.58,57.13,56.23,56.68,56.68,2862704
2025-03-24,56.18,56.49,55.85,56.17,56.17,2206834
2025-03-25,56.1,56.62,55.84,56.23,56.23,6466603
2025-03-26,55.26,55.38,55.03,55.21,55.21,5103986
2025-03-27,54.63,55.15,53.64,54.4,54.4,5988801
2025-03-28,53.56,54.02,53.2,53.61,53.61,7291291
2025-03-31,53.34,53.55,52.97,53.26,53.26,4919185
2025-04-01,52.78,52.81,52.76,52.79,52.79,3347661
2025-04-02,53.19,53.33,52.81,53.07,53.07,4187849
2025-04-03,53.54,53.94,53.27,53.61,53.61,7281538
2025-04-04,53.36,53.75,52.89,53.32,53.32,6467885
2025-04-07,52.83,52.93,52.57,52.75,52.75,7101826
2025-04-08,51.9,52.53,51.74,52.13,52.13,3999398
2025-04-09,51.4,51.69,51.15,51.42,51.42,4541146
2025-04-10,49.37,49.78,48.95,49.36,49.36,7479576
2025-04-11,49.49,50.19,49.1,49.64,49.64,2153897
2025-04-14,49.86,49.98,49.4,49.69,49.69,8578077
2025-04-15,50.92,51.19,50.26,50.72,50.72,12136878
2025-04-16,50.19,50.31,49.81,50.06,50.06,4621054
2025-04-17,49.35,49.5,49.07,49.28,49.28,3841366
2025-04-18,49.03,49.51,48.81,49.16,49.16,2182602
2025-04-21,47.42,47.77,46.99,47.38,47.38,5025744
2025-04-22,47.29,47.66,47.09,47.38,47.38,4640518
2025-04-23,46.81,47.72,46.36,47.04,47.04,11656240
2025-04-24,48.41,48.76,47.95,48.35,48.35,8440808
2025-04-25,49.22,49.48,48.62,49.05,49.05,5967153
2025-04-28,48.68,49.21,48.55,48.88,48.88,5289818
2025-04-29,48.98,49.71,48.67,49.19,49.19,3747055
2025-04-30,48.87,49.41,48.47,48.94,48.94,5592012
2025-05-01,50.12,50.33,49.36,49.84,49.84,7560969
2025-05-02,52.53,53.04,51.75,52.4,52.4,4608727
2025-05-05,52.53,52.77,51.89,52.33,52.33,3235500
2025-05-06,49.82,50.3,49.38,49.84,49.84,5074440
2025-05-07,48.77,48.89,48.61,48.75,48.75,4539028
2025-05-08,47.93,48.25,47.81,48.03,48.03,4576912
2025-05-09,49.2,49.42,49.01,49.21,49.21,3519210
2025-05-12,48.64,49.06,47.99,48.52,48.52,5552655
2025-05-13,49.42,49.64,48.57,49.11,49.11,8073619
2025-05-14,48.82,49.09,48.55,48.82,48.82,3649666
2025-05-15,48.64,48.77,48.37,48.57,48.57,3137506
2025-05-16,48.38,48.66,48.24,48.45,48.45,1761972
2025-05-19,47.92,48.47,47.63,48.05,48.05,3928520
2025-05-20,48.85,49.82,48.49,49.16,49.16,11886240
2025-05-21,49.35,49.83,48.53,49.18,49.18,7725195
2025-05-22,48.1,48.3,47.79,48.04,48.04,2975037
2025-05-23,47.51,48.31,47.27,47.79,47.79,2928956
2025-05-26,46.59,47.33,46.12,46.72,46.72,7451202
2025-05-27,49.23,49.51,48.73,49.12,49.12,7446094
2025-05-28,48.91,49.4,48.31,48.86,48.86,2414245
2025-05-29,48.71,48.89,48.45,48.67,48.67,4654571
2025-05-30,47.23,47.78,46.93,47.35,47.35,8179586
2025-06-02,46.73,47.2,46.4,46.8,46.8,4679994
2025-06-03,46.42,46.83,45.93,46.38,46.38,5311601
2025-06-04,46.69,47.08,46.41,46.75,46.75,5545992
2025-06-05,47.4,47.77,46.95,47.36,47.36,4540151
2025-06-06,47.96,48.27,47.23,47.75,47.75,5498361
2025-06-09,47.64,48.14,47.34,47.74,47.74,7694279
2025-06-10,47.11,47.67,46.78,47.23,47.23,4815846
2025-06-11,46.47,46.82,46.33,46.58,46.58,11130925
2025-06-12,46.36,46.93,46.06,46.49,46.49,4074159
2025-06-13,46.44,46.78,46.04,46.41,46.41,4351790
2025-06-16,45.96,46.31,45.43,45.87,45.87,3435018
2025-06-17,45.85,46.07,45.43,45.75,45.75,4257332
2025-06-18,45.03,45.43,44.76,45.09,45.09,4112682
2025-06-19,45.14,45.33,44.46,44.89,44.89,3769380
2025-06-20,43.25,43.87,42.81,43.34,43.34,3728475
2025-06-23,43.57,43.75,43.21,43.48,43.48,9049364
2025-06-24,44.05,44.24,43.5,43.87,43.87,3699287
2025-06-25,43.92,44.69,43.71,44.2,44.2,3422464
2025-06-26,45.52,45.87,44.82,45.35,45.35,4875243
2025-06-27,43.84,44.49,43.64,44.07,44.07,5543638
2025-06-30,43.24,43.55,42.39,42.97,42.97,5904730
2025-07-01,41.8,42.15,41.68,41.91,41.91,5025468
2025-07-02,41.96,42.51,41.74,42.12,42.12,4929937
2025-07-03,43.11,43.3,42.97,43.14,43.14,6022128
2025-07-04,43.23,43.63,42.85,43.24,43.24,3992303
2025-07-07,44.05,44.23,43.39,43.81,43.81,3017889
2025-07-08,43.09,43.51,42.73,43.12,43.12,5990845
2025-07-09,43.12,43.4,42.61,43.0,43.0,5579456
2025-07-10,42.75,43.37,42.22,42.8,42.8,5233461
2025-07-11,42.58,42.83,42.28,42.56,42.56,4582560
2025-07-14,42.58,43.0,42.37,42.69,42.69,4414432
2025-07-15,42.59,43.32,42.23,42.78,42.78,6444776
2025-07-16,42.94,44.11,42.61,43.36,43.36,4377932
2025-07-17,45.34,45.7,45.0,45.35,45.35,8307369
2025-07-18,45.95,46.19,45.05,45.62,45.62,5849120
2025-07-21,45.74,46.31,45.15,45.73,45.73,7483714
2025-07-22,45.2,45.88,44.51,45.2,45.2,9982094
2025-07-23,45.75,45.97,45.1,45.53,45.53,4848592
2025-07-24,45.78,46.18,45.34,45.76,45.76,10214506
2025-07-25,44.86,45.09,44.52,44.81,44.81,5915998
2025-07-28,45.85,46.13,45.56,45.85,45.85,5464161
2025-07-29,44.9,45.05,44.64,44.85,44.85,5028804
2025-07-30,43.67,44.25,43.51,43.88,43.88,4174742
2025-07-31,44.63,45.02,44.52,44.77,44.77,4914601
2025-08-01,44.0,44.18,43.8,43.99,43.99,5978238
2025-08-04,43.83,44.22,43.09,43.66,43.66,4601747
2025-08-05,43.7,44.0,43.49,43.74,43.74,4973954
2025-08-06,43.98,44.17,43.68,43.93,43.93,5538421
2025-08-07,42.69,43.43,42.43,42.93,42.93,4411810
2025-08-08,44.15,44.32,43.7,44.01,44.01,3601644
2025-08-11,44.67,45.36,44.47,44.92,44.92,6738868
2025-08-12,45.12,45.2,44.84,45.02,45.02,9856116
2025-08-13,44.93,45.15,44.3,44.72,44.72,3957013
2025-08-14,46.58,46.78,46.14,46.46,46.46,5255713
2025-08-15,46.28,46.91,45.67,46.29,46.29,6202921
2025-08-18,47.68,48.09,47.54,47.82,47.82,4668814
2025-08-19,48.33,48.53,47.58,48.06,48.06,7674577
2025-08-20,48.31,48.72,47.69,48.21,48.21,3483239
2025-08-21,48.23,48.72,47.75,48.24,48.24,6801887
2025-08-22,47.95,48.08,47.44,47.76,47.76,10683051
2025-08-25,48.0,48.15,47.66,47.9,47.9,3844873
2025-08-26,47.2,47.9,46.88,47.39,47.39,3428730
2025-08-27,48.01,48.19,47.74,47.96,47.96,5971625
2025-08-28,47.54,47.82,47.27,47.54,47.54,5749065
2025-08-29,46.99,47.27,46.68,46.98,46.98,4473826
2025-09-01,46.74,47.29,46.51,46.9,46.9,4694779
2025-09-02,47.43,47.79,47.29,47.54,47.54,7085250
2025-09-03,47.74,48.4,47.12,47.76,47.76,5945092
2025-09-04,46.73,47.17,46.48,46.83,46.83,7632297
2025-09-05,49.03,49.38,48.65,49.01,49.01,9627692
2025-09-08,49.61,49.94,49.31,49.62,49.62,5479307
2025-09-09,52.09,52.61,51.58,52.09,52.09,15528133
2025-09-10,53.5,54.0,53.25,53.62,53.62,6411266
2025-09-11,53.86,54.37,53.64,54.01,54.01,9726640
2025-09-12,53.11,53.87,52.9,53.38,53.38,4398001
2025-09-15,53.29,53.63,52.59,53.11,53.11,4474521
2025-09-16,52.66,53.04,52.28,52.66,52.66,7784147
2025-09-17,54.23,54.44,54.0,54.22,54.22,6808250
2025-09-18,55.99,56.21,55.49,55.85,55.85,3693080
2025-09-19,54.87,55.41,53.76,54.59,54.59,8039529
2025-09-22,55.3,55.7,54.5,55.1,55.1,4320754
2025-09-23,55.55,56.27,55.31,55.79,55.79,9162821
2025-09-24,55.75,56.14,55.51,55.83,55.83,3983057
2025-09-25,56.16,56.62,55.65,56.13,56.13,7930308
2025-09-26,56.05,56.28,55.63,55.95,55.95,8512137
2025-09-29,56.51,56.78,55.84,56.31,56.31,6200217
2025-09-30,55.44,55.92,54.78,55.35,55.35,6626479
2025-10-01,54.77,55.36,54.35,54.85,54.85,8454654
2025-10-02,55.65,55.79,55.35,55.57,55.57,7189143
2025-10-03,56.61,56.95,56.44,56.7,56.7,6176122
2025-10-06,55.34,55.87,54.55,55.21,55.21,3293287
2025-10-07,57.93,58.2,56.88,57.54,57.54,5420009
2025-10-08,57.0,57.41,56.63,57.02,57.02,2585359
2025-10-09,58.06,58.8,57.76,58.28,58.28,9322277
2025-10-10,58.44,58.73,57.39,58.06,58.06,9602517
2025-10-13,58.99,59.3,58.28,58.79,58.79,2400163
2025-10-14,58.83,59.14,58.11,58.62,58.62,6384722
2025-10-15,59.1,59.38,59.0,59.19,59.19,8562252
2025-10-16,58.43,58.64,58.25,58.44,58.44,2563447
2025-10-17,58.41,58.69,57.34,58.02,58.02,5124979
2025-10-20,57.81,58.03,57.63,57.83,57.83,4999597
2025-10-21,57.69,58.15,57.49,57.82,57.82,8273228
2025-10-22,57.38,57.71,57.04,57.38,57.38,3053028
2025-10-23,56.52,57.35,55.91,56.63,56.63,5406053
2025-10-24,56.55,57.19,56.38,56.79,56.79,6877228
2025-10-27,56.58,57.41,56.36,56.89,56.89,2280699
2025-10-28,57.23,57.45,57.0,57.22,57.22,7638947
2025-10-29,55.48,55.88,54.59,55.24,55.24,15184884
2025-10-30,55.42,55.67,55.24,55.45,55.45,2167349
2025-10-31,56.36,56.77,56.02,56.4,56.4,11644906
2025-11-03,55.71,55.92,55.31,55.61,55.61,6375508
2025-11-04,54.81,55.34,54.33,54.83,54.83,2336472
2025-11-05,54.92,55.65,54.72,55.19,55.19,3844418
2025-11-06,55.45,55.64,55.26,55.45,55.45,4615476
2025-11-07,55.6,56.3,55.33,55.82,55.82,10576411
2025-11-10,56.58,56.94,55.94,56.44,56.44,5685052
2025-11-11,56.02,56.33,55.7,56.02,56.02,6679349
2025-11-12,55.07,55.44,54.46,54.95,54.95,6190581
2025-11-13,56.04,56.72,55.54,56.13,56.13,5732448
2025-11-14,56.03,56.38,55.38,55.88,55.88,6247917
2025-11-17,56.61,56.91,56.3,56.6,56.6,5323365
2025-11-18,56.45,56.88,56.18,56.53,56.53,6618103
2025-11-19,58.67,59.14,58.39,58.76,58.76,4700730
2025-11-20,58.24,58.67,57.95,58.31,58.31,6561371
2025-11-21,57.98,58.17,57.86,58.02,58.02,3250166
2025-11-24,57.79,58.27,57.58,57.92,57.92,5526677
2025-11-25,57.44,57.73,56.99,57.36,57.36,8039300
2025-11-26,58.24,58.72,57.37,58.04,58.04,5020044
2025-11-27,57.02,57.71,56.75,57.23,57.23,5716296
2025-11-28,57.11,57.74,56.58,57.16,57.16,5456994
2025-12-01,56.79,57.48,56.58,57.03,57.03,6515845
2025-12-02,57.62,57.82,57.19,57.5,57.5,5346077
2025-12-03,56.79,57.25,56.47,56.86,56.86,4451684
2025-12-04,55.35,55.77,54.93,55.35,55.35,5330657
2025-12-05,55.61,55.72,55.42,55.57,55.57,6736599
2025-12-08,55.43,56.09,55.23,55.66,55.66,5244577
2025-12-09,54.6,54.94,54.44,54.69,54.69,6734072
2025-12-10,53.72,54.22,53.02,53.62,53.62,7814665
2025-12-11,54.15,54.6,53.32,53.96,53.96,3256481
2025-12-12,54.81,55.26,54.16,54.71,54.71,3551080
2025-12-15,54.16,55.14,53.48,54.31,54.31,3091822
2025-12-16,53.55,54.04,52.99,53.51,53.51,5369812
2025-12-17,55.21,55.54,54.72,55.13,55.13,5491715
2025-12-18,54.78,55.55,54.55,55.05,55.05,5831061
2025-12-19,56.44,57.05,56.26,56.66,56.66,4214124
2025-12-22,56.63,57.49,56.35,56.92,56.92,7646984
2025-12-23,55.48,56.3,55.14,55.72,55.72,5731269
2025-12-24,58.05,58.39,57.3,57.85,57.85,3095574
2025-12-25,59.37,59.6,58.61,59.11,59.11,11233427
2025-12-26,59.19,59.75,58.91,59.33,59.33,4527973
2025-12-29,59.46,59.75,59.36,59.56,59.56,10221821
2025-12-30,60.03,60.5,59.85,60.18,60.18,6714413
2025-12-31,59.67,59.91,58.76,59.34,59.34,3888500
2026-01-01,60.2,61.23,59.78,60.51,60.51,5982737
2026-01-02,59.17,59.86,58.76,59.31,59.31,5070337
2026-01-05,59.66,59.99,59.49,59.74,59.74,5618028
2026-01-06,60.07,60.59,59.91,60.25,60.25,5397577
2026-01-07,59.79,60.04,59.41,59.73,59.73,3456162
2026-01-08,60.52,61.23,60.19,60.71,60.71,7714799
2026-01-09,60.66,60.97,60.24,60.6,60.6,3347118
2026-01-12,59.39,59.67,59.05,59.36,59.36,3499716
2026-01-13,59.16,59.51,58.73,59.12,59.12,3155830
2026-01-14,58.48,59.25,58.12,58.69,58.69,5292053
2026-01-15,58.22,59.02,57.65,58.33,58.33,2116705
2026-01-16,59.01,59.59,58.39,58.99,58.99,4930896
2026-01-19,59.45,59.79,59.11,59.45,59.45,3417023
2026-01-20,58.39,58.95,57.97,58.46,58.46,6734396
2026-01-21,57.72,58.21,57.2,57.71,57.71,4129082
2026-01-22,58.15,59.11,57.39,58.25,58.25,5745773
2026-01-23,60.22,60.68,59.4,60.04,60.04,7567343
2026-01-26,59.32,59.71,59.2,59.45,59.45,6681024
2026-01-27,58.71,59.3,58.56,58.93,58.93,5243854
2026-01-28,59.16,59.37,59.1,59.23,59.23,4001861
2026-01-29,59.07,59.8,58.82,59.31,59.31,3849307
2026-01-30,58.7,59.18,58.4,58.79,58.79,4635335
2026-02-02,59.5,59.63,59.04,59.34,59.34,3922868
2026-02-03,58.84,59.84,58.39,59.11,59.11,2458117
2026-02-04,58.53,59.03,57.73,58.38,58.38,5642910
2026-02-05,58.36,58.62,57.82,58.22,58.22,5823006
2026-02-06,56.69,57.05,56.11,56.58,56.58,4511581
2026-02-09,57.61,58.21,56.96,57.58,57.58,3769219
2026-02-10,58.48,59.12,58.19,58.66,58.66,2571234
2026-02-11,59.53,59.76,59.02,59.39,59.39,5278614
2026-02-12,59.25,59.92,58.98,59.45,59.45,6389669
2026-02-13,60.8,61.04,60.21,60.62,60.62,7230238
2026-02-16,61.53,61.71,61.43,61.57,61.57,4310303
2026-02-17,61.69,62.88,61.24,62.06,62.06,4788267
2026-02-18,62.68,63.62,62.25,62.94,62.94,12168397
2026-02-19,62.05,62.87,61.58,62.23,62.23,5739394
2026-02-20,61.56,62.53,61.14,61.84,61.84,5280971
2026-02-23,62.56,62.75,62.01,62.38,62.38,4270976
2026-02-24,64.38,64.75,63.31,64.03,64.03,7853233
2026-02-25,63.42,63.58,63.24,63.41,63.41,6702798
2026-02-26,65.5,65.87,64.83,65.35,65.35,6825109
2026-02-27,65.31,66.11,64.96,65.53,65.53,6717223
2026-03-02,65.62,66.42,65.09,65.75,65.75,5977349
2026-03-03,65.02,65.95,64.38,65.17,65.17,2711659
2026-03-04,67.12,67.84,66.5,67.17,67.17,4953181
2026-03-05,67.71,68.1,67.01,67.56,67.56,5767186
2026-03-06,67.09,68.38,66.54,67.46,67.46,5845049
2026-03-09,66.87,67.3,66.72,67.01,67.01,6434874
2026-03-10,67.15,67.64,66.46,67.05,67.05,4231753
2026-03-11,67.7,68.15,67.45,67.8,67.8,6698556
2026-03-12,66.9,67.16,65.95,66.55,66.55,7814932
2026-03-13,65.82,66.11,65.3,65.71,65.71,3500858
2026-03-16,66.1,66.44,65.5,65.97,65.97,6085257
2026-03-17,66.72,67.3,66.4,66.85,66.85,6647441
2026-03-18,67.72,68.77,66.88,67.82,67.82,6700974
2026-03-19,68.0,68.38,67.07,67.72,67.72,4714881
2026-03-20,66.59,67.01,65.96,66.48,66.48,3209828
2026-03-23,66.6,67.15,65.88,66.52,66.52,5506723
2026-03-24,65.98,66.34,65.38,65.86,65.86,7562594
2026-03-25,68.16,68.92,67.88,68.4,68.4,2021284
2026-03-26,70.09,70.64,69.32,69.98,69.98,3754311
2026-03-27,69.66,70.13,68.34,69.24,69.24,6145035
2026-03-30,68.24,68.58,67.57,68.08,68.08,6910514
2026-03-31,68.0,68.87,67.58,68.23,68.23,5609983
2026-04-01,67.22,67.52,66.5,67.01,67.01,4357416
2026-04-02,66.94,67.65,66.41,67.03,67.03,8889274
2026-04-03,66.97,67.28,66.55,66.92,66.92,2187266
2026-04-06,68.99,69.83,68.76,69.3,69.3,5458702
2026-04-07,68.29,68.52,67.85,68.19,68.19,4854274
2026-04-08,69.63,69.96,68.71,69.34,69.34,13286955
2026-04-09,69.1,70.04,68.77,69.41,69.41,3398266
2026-04-10,70.14,70.75,69.34,70.04,70.04,6490213
2026-04-13,69.15,69.83,68.82,69.33,69.33,4424401
2026-04-14,68.63,68.86,68.3,68.58,68.58,9872606
2026-04-15,70.3,71.55,69.98,70.76,70.76,4919497
2026-04-16,68.23,68.86,67.85,68.35,68.35,10480724
2026-04-17,68.36,68.8,67.19,67.99,67.99,8901605
2026-04-20,68.19,69.29,67.91,68.6,68.6,2521790
2026-04-21,69.5,69.95,68.62,69.29,69.29,7792776
2026-04-22,69.47,69.99,68.5,69.24,69.24,2875840
2026-04-23,68.49,69.22,68.05,68.64,68.64,5908111
2026-04-24,67.13,67.66,66.88,67.27,67.27,7231209
2026-04-27,70.19,70.22,70.18,70.2,70.2,2944762
2026-04-28,69.96,70.2,69.23,69.72,69.72,9238349
2026-04-29,69.34,69.84,69.21,69.53,69.53,4219400
2026-04-30,67.77,68.08,67.03,67.55,67.55,10784523
2026-05-01,67.72,68.09,66.95,67.52,67.52,7469809
2026-05-04,68.57,69.61,67.9,68.76,68.76,10440498
2026-05-05,69.47,70.23,68.94,69.58,69.58,2873668
2026-05-06,68.26,68.54,67.87,68.2,68.2,3748597
2026-05-07,68.46,69.67,68.13,68.9,68.9,6915268
2026-05-08,70.19,70.46,69.82,70.14,70.14,4866281
2026-05-11,69.49,69.66,69.0,69.33,69.33,3320015
2026-05-12,70.29,70.5,69.7,70.1,70.1,4321297
2026-05-13,68.98,69.21,68.61,68.91,68.91,4854268
2026-05-14,68.69,69.2,68.55,68.87,68.87,5185509
2026-05-15,70.34,71.26,69.3,70.28,70.28,8081155
2026-05-18,71.61,72.11,70.43,71.27,71.27,5149415
2026-05-19,71.54,72.06,71.05,71.55,71.55,6239385
2026-05-20,71.78,72.19,71.16,71.67,71.67,7962802
2026-05-21,71.22,71.75,70.51,71.13,71.13,4278049
2026-05-22,71.83,71.99,71.62,71.81,71.81,6221508
2026-05-25,71.05,71.34,69.93,70.64,70.64,9321407
2026-05-26,70.69,71.19,69.86,70.53,70.53,11834934
2026-05-27,71.85,72.97,71.53,72.25,72.25,6793542
2026-05-28,73.36,73.62,72.84,73.23,73.23,4806249
2026-05-29,74.49,75.35,74.17,74.76,74.76,6379549
2026-06-01,73.22,73.87,72.99,73.43,73.43,8256418
2026-06-02,73.84,74.87,73.13,74.0,74.0,4477177
2026-06-03,74.1,75.26,73.8,74.53,74.53,5088044
2026-06-04,74.67,75.12,74.05,74.58,74.58,3389854
2026-06-05,75.34,75.66,74.56,75.11,75.11,4391136
2026-06-08,74.92,75.56,74.52,75.04,75.04,4250213
2026-06-09,77.21,78.43,76.89,77.66,77.66,5073268
2026-06-10,78.36,78.9,77.8,78.35,78.35,4503297
2026-06-11,78.71,79.2,77.81,78.51,78.51,3092802
2026-06-12,78.4,78.76,77.21,77.99,77.99,4568743
2026-06-15,78.03,78.58,77.66,78.12,78.12,5420515
2026-06-16,79.73,80.3,79.37,79.84,79.84,6681623
2026-06-17,80.34,80.5,80.26,80.38,80.38,6906639
2026-06-18,81.88,82.73,81.08,81.91,81.91,5067872
2026-06-19,84.05,84.32,83.46,83.89,83.89,6565423
2026-06-22,84.95,85.93,84.52,85.22,85.22,5262886
2026-06-23,87.7,88.29,86.99,87.64,87.64,3794622
2026-06-24,86.98,87.88,85.99,86.94,86.94,6792820
2026-06-25,86.11,86.97,85.7,86.34,86.34,3958798
2026-06-26,86.03,86.54,85.45,86.0,86.0,3652587
2026-06-29,85.9,87.05,84.31,85.68,85.68,8901149
2026-06-30,86.91,87.19,86.17,86.68,86.68,4574732
2026-07-01,87.63,87.8,87.09,87.45,87.45,6834063
2026-07-02,86.59,87.02,85.93,86.47,86.47,6224300
2026-07-03,85.82,86.24,84.69,85.46,85.46,2743148
2026-07-06,85.0,85.96,83.67,84.81,84.81,8364252
2026-07-07,86.45,87.23,85.54,86.38,86.38,7513495
2026-07-08,85.5,85.64,85.15,85.4,85.4,6596937
2026-07-09,88.04,88.95,87.58,88.27,88.27,5032109
2026-07-10,89.3,90.17,88.48,89.32,89.32,1540750
2026-07-13,90.04,91.31,89.29,90.3,90.3,3931300
2026-07-14,89.39,90.12,88.72,89.42,89.42,3209111
2026-07-15,89.38,90.03,88.81,89.42,89.42,4005918
2026-07-16,88.64,90.25,88.14,89.19,89.19,8537779
2026-07-17,89.85,90.22,88.57,89.39,89.39,3191754
2026-07-20,91.93,93.05,91.1,92.07,92.07,6133310
2026-07-21,92.51,93.65,92.03,92.84,92.84,4884725
2026-07-22,91.69,91.93,90.99,91.46,91.46,11327221
2026-07-23,90.66,91.34,89.72,90.53,90.53,3489025
2026-07-24,88.59,89.02,87.31,88.16,88.16,8159039
2026-07-27,87.67,88.14,87.29,87.72,87.72,2651440
2026-07-28,87.88,88.18,87.09,87.64,87.64,6712443
2026-07-29,89.71,90.17,88.61,89.39,89.39,6383953
2026-07-30,89.88,90.35,89.1,89.73,89.73,3670290
2026-07-31,93.96,94.53,92.61,93.57,93.57,3527959
2026-08-03,91.69,92.82,91.05,91.93,91.93,5217977
2026-08-04,92.0,92.29,90.93,91.61,91.61,7106344
2026-08-05,91.81,92.18,91.51,91.84,91.84,10641728
2026-08-06,92.09,93.01,91.44,92.23,92.23,5468762
2026-08-07,90.7,91.01,89.45,90.23,90.23,6292324
2026-08-10,91.26,91.74,90.4,91.07,91.07,2929322
2026-08-11,89.87,91.05,89.21,90.13,90.13,6821789
2026-08-12,88.76,90.05,88.31,89.18,89.18,4806946
2026-08-13,89.39,89.77,87.88,88.82,88.82,5642425
2026-08-14,89.46,90.32,88.46,89.39,89.39,4653196
2026-08-17,90.28,90.59,89.74,90.16,90.16,5702511
2026-08-18,89.02,89.52,88.12,88.82,88.82,3723171
2026-08-19,86.88,88.47,85.6,87.04,87.04,3611828
2026-08-20,86.92,87.12,86.32,86.72,86.72,3015000
2026-08-21,86.44,87.06,85.92,86.49,86.49,4336928
2026-08-24,87.85,88.64,87.51,88.08,88.08,5069823
2026-08-25,86.47,87.12,85.51,86.32,86.32,5465617
2026-08-26,86.16,86.78,85.39,86.08,86.08,3456714
2026-08-27,85.81,86.22,84.74,85.48,85.48,7121526
2026-08-28,85.19,85.63,83.87,84.75,84.75,7754170
2026-08-31,84.24,85.33,83.46,84.4,84.4,6679991
2026-09-01,88.0,88.76,87.52,88.14,88.14,11087674
2026-09-02,88.43,88.69,88.12,88.41,88.41,2778928
2026-09-03,88.32,88.8,87.42,88.11,88.11,6089392
2026-09-04,87.16,87.49,86.62,87.06,87.06,4661465
2026-09-07,87.33,87.62,86.17,86.89,86.89,4877594
2026-09-08,86.45,87.48,85.83,86.65,86.65,6604135
2026-09-09,88.31,89.06,87.42,88.24,88.24,13176741
2026-09-10,88.56,89.28,87.44,88.36,88.36,4417316
2026-09-11,88.61,89.64,88.11,88.88,88.88,2361878
2026-09-14,88.74,89.42,88.5,88.96,88.96,7588530
2026-09-15,89.05,90.42,88.48,89.45,89.45,7139652
2026-09-16,88.42,88.57,87.91,88.24,88.24,3754040
