,Open,High,Low,Close,Adj Close,Volume
2000-01-03,23.89,24.08,23.7,23.89,23.89,9468862
2000-01-04,23.32,23.51,23.14,23.32,23.32,5026874
2000-01-05,23.02,23.21,22.84,23.02,23.02,6017735
2000-01-06,23.27,23.45,23.08,23.27,23.27,3206600
2000-01-07,23.62,23.8,23.43,23.62,23.62,5232782
2000-01-10,24.26,24.45,24.06,24.26,24.26,9978946
2000-01-11,24.5,24.7,24.31,24.5,24.5,9270657
2000-01-12,25.04,25.24,24.84,25.04,25.04,7430381
2000-01-13,26.14,26.35,25.93,26.14,26.14,4362721
2000-01-14,26.32,26.53,26.11,26.32,26.32,11143129
2000-01-17,26.24,26.45,26.03,26.24,26.24,3196159
2000-01-18,26.07,26.28,25.87,26.07,26.07,4244979
2000-01-19,26.64,26.85,26.42,26.64,26.64,4150207
2000-01-20,26.42,26.63,26.2,26.42,26.42,1792425
2000-01-21,25.92,26.12,25.71,25.92,25.92,8001048
2000-01-24,25.91,26.11,25.7,25.91,25.91,3472235
2000-01-25,25.65,25.86,25.45,25.65,25.65,1320134
2000-01-26,25.69,25.9,25.49,25.69,25.69,4839695
2000-01-27,25.54,25.74,25.33,25.54,25.54,6269991
2000-01-28,25.04,25.24,24.84,25.04,25.04,3308679
2000-01-31,25.02,25.22,24.82,25.02,25.02,5878118
2000-02-01,24.63,24.83,24.43,24.63,24.63,3873267
2000-02-02,24.8,25.0,24.6,24.8,24.8,4256307
2000-02-03,25.02,25.22,24.82,25.02,25.02,3255765
2000-02-04,24.48,24.67,24.28,24.48,24.48,3463397
2000-02-07,24.1,24.29,23.91,24.1,24.1,4746403
2000-02-08,24.02,24.21,23.83,24.02,24.02,2911959
2000-02-09,24.08,24.27,23.89,24.08,24.08,4281180
2000-02-10,24.24,24.43,24.05,24.24,24.24,5827180
2000-02-11,24.41,24.6,24.21,24.41,24.41,5319319
2000-02-14,24.17,24.36,23.98,24.17,24.17,4805019
2000-02-15,24.82,25.02,24.62,24.82,24.82,5223453
2000-02-16,24.84,25.04,24.64,24.84,24.84,7041382
2000-02-17,24.83,25.02,24.63,24.83,24.83,5635810
2000-02-18,24.81,25.01,24.61,24.81,24.81,6155087
2000-02-21,25.55,25.76,25.35,25.55,25.55,3431602
2000-02-22,24.92,25.12,24.72,24.92,24.92,2421918
2000-02-23,25.08,25.28,24.88,25.08,25.08,3751528
2000-02-24,25.67,25.88,25.47,25.67,25.67,6694001
2000-02-25,26.64,26.86,26.43,26.64,26.64,4032636
2000-02-28,26.56,26.77,26.35,26.56,26.56,6738525
2000-02-29,25.7,25.91,25.5,25.7,25.7,6627117
2000-03-01,25.93,26.13,25.72,25.93,25.93,4581866
2000-03-02,26.44,26.65,26.22,26.44,26.44,4101938
2000-03-03,26.96,27.17,26.74,26.96,26.96,5929038
2000-03-06,27.14,27.35,26.92,27.14,27.14,9072962
2000-03-07,27.01,27.23,26.8,27.01,27.01,3386796
2000-03-08,26.6,26.82,26.39,26.6,26.6,6874223
2000-03-09,27.1,27.31,26.88,27.1,27.1,6596081
2000-03-10,26.78,27.0,26.57,26.78,26.78,3859601
2000-03-13,26.21,26.42,26.0,26.21,26.21,7283930
2000-03-14,26.36,26.58,26.15,26.36,26.36,4205222
2000-03-15,25.8,26.01,25.59,25.8,25.8,5804932
2000-03-16,25.4,25.6,25.19,25.4,25.4,2254688
2000-03-17,25.52,25.72,25.32,25.52,25.52,5522933
2000-03-20,25.69,25.9,25.49,25.69,25.69,6274274
2000-03-21,25.12,25.32,24.92,25.12,25.12,3410514
2000-03-22,25.58,25.78,25.37,25.58,25.58,3991622
2000-03-23,25.83,26.03,25.62,25.83,25.83,9041788
2000-03-24,26.01,26.22,25.8,26.01,26.01,8929727
2000-03-27,27.15,27.37,26.93,27.15,27.15,6350299
2000-03-28,26.64,26.86,26.43,26.64,26.64,3143561
2000-03-29,27.03,27.25,26.82,27.03,27.03,10230652
2000-03-30,26.72,26.93,26.5,26.72,26.72,5486949
2000-03-31,27.18,27.4,26.96,27.18,27.18,2063535
2000-04-03,27.47,27.68,27.25,27.47,27.47,7179602
2000-04-04,27.15,27.37,26.94,27.15,27.15,6729979
2000-04-05,27.68,27.9,27.46,27.68,27.68,10190800
2000-04-06,27.33,27.54,27.11,27.33,27.33,3629651
2000-04-07,27.62,27.84,27.4,27.62,27.62,4762891
2000-04-10,27.29,27.51,27.08,27.29,27.29,6952220
2000-04-11,27.36,27.58,27.14,27.36,27.36,7419184
2000-04-12,27.08,27.29,26.86,27.08,27.08,4478252
2000-04-13,27.26,27.48,27.04,27.26,27.26,4046905
2000-04-14,27.07,27.29,26.86,27.07,27.07,5415627
2000-04-17,27.43,27.65,27.21,27.43,27.43,5232083
2000-04-18,27.59,27.81,27.37,27.59,27.59,8198551
2000-04-19,26.81,27.02,26.59,26.81,26.81,9490287
2000-04-20,27.16,27.38,26.94,27.16,27.16,7240608
2000-04-21,28.19,28.42,27.97,28.19,28.19,8758796
2000-04-24,29.06,29.3,28.83,29.06,29.06,11212407
2000-04-25,28.95,29.18,28.71,28.95,28.95,8889959
2000-04-26,29.09,29.33,28.86,29.09,29.09,4158999
2000-04-27,29.27,29.51,29.04,29.27,29.27,2068311
2000-04-28,29.26,29.5,29.03,29.26,29.26,7329021
2000-05-01,29.55,29.79,29.32,29.55,29.55,6114088
2000-05-02,29.6,29.84,29.36,29.6,29.6,13014739
2000-05-03,30.03,30.27,29.79,30.03,30.03,4674460
2000-05-04,29.87,30.11,29.63,29.87,29.87,4728640
2000-05-05,30.23,30.47,29.99,30.23,30.23,7939217
2000-05-08,29.73,29.97,29.49,29.73,29.73,7298589
2000-05-09,29.24,29.47,29.0,29.24,29.24,6020740
2000-05-10,28.92,29.15,28.69,28.92,28.92,3006146
2000-05-11,28.56,28.79,28.33,28.56,28.56,8539006
2000-05-12,29.57,29.8,29.33,29.57,29.57,4292526
2000-05-15,29.85,30.09,29.61,29.85,29.85,5053480
2000-05-16,30.23,30.47,29.98,30.23,30.23,6480459
2000-05-17,29.74,29.98,29.5,29.74,29.74,3716839
2000-05-18,29.94,30.18,29.7,29.94,29.94,5451164
2000-05-19,29.53,29.76,29.29,29.53,29.53,2434506
2000-05-22,28.58,28.8,28.35,28.58,28.58,6055298
2000-05-23,28.74,28.97,28.51,28.74,28.74,4724329
2000-05-24,28.53,28.76,28.3,28.53,28.53,6544645
2000-05-25,28.79,29.02,28.56,28.79,28.79,2974117
2000-05-26,28.76,28.99,28.53,28.76,28.76,8677266
2000-05-29,28.89,29.12,28.66,28.89,28.89,5303870
2000-05-30,28.91,29.14,28.68,28.91,28.91,9370539
2000-05-31,29.25,29.49,29.02,29.25,29.25,4185473
2000-06-01,29.57,29.8,29.33,29.57,29.57,8332663
2000-06-02,29.4,29.64,29.17,29.4,29.4,9165859
2000-06-05,29.37,29.6,29.13,29.37,29.37,4833965
2000-06-06,28.46,28.68,28.23,28.46,28.46,3865401
2000-06-07,28.3,28.52,28.07,28.3,28.3,5334748
2000-06-08,28.85,29.08,28.62,28.85,28.85,6628655
2000-06-09,28.5,28.73,28.28,28.5,28.5,4740472
2000-06-12,28.6,28.83,28.37,28.6,28.6,2984362
2000-06-13,28.43,28.65,28.2,28.43,28.43,3886840
2000-06-14,28.68,28.91,28.45,28.68,28.68,7920007
2000-06-15,29.03,29.26,28.8,29.03,29.03,4753381
2000-06-16,28.39,28.62,28.16,28.39,28.39,4687799
2000-06-19,28.13,28.35,27.9,28.13,28.13,4031885
2000-06-20,28.65,28.88,28.42,28.65,28.65,3357983
2000-06-21,28.26,28.49,28.04,28.26,28.26,6986792
2000-06-22,28.16,28.39,27.94,28.16,28.16,10046866
2000-06-23,28.18,28.4,27.95,28.18,28.18,5985634
2000-06-26,27.69,27.91,27.47,27.69,27.69,4238943
2000-06-27,27.42,27.64,27.2,27.42,27.42,5583565
2000-06-28,27.16,27.38,26.94,27.16,27.16,9090076
2000-06-29,27.37,27.59,27.15,27.37,27.37,10053887
2000-06-30,27.2,27.41,26.98,27.2,27.2,6159391
2000-07-03,27.01,27.23,26.8,27.01,27.01,5229219
2000-07-04,26.91,27.13,26.7,26.91,26.91,6080455
2000-07-05,27.11,27.33,26.9,27.11,27.11,3190423
2000-07-06,27.1,27.32,26.88,27.1,27.1,7317591
2000-07-07,26.99,27.21,26.78,26.99,26.99,3651922
2000-07-10,27.17,27.39,26.96,27.17,27.17,6763891
2000-07-11,26.36,26.57,26.15,26.36,26.36,13738278
2000-07-12,26.63,26.84,26.42,26.63,26.63,4551482
2000-07-13,27.44,27.66,27.23,27.44,27.44,3181195
2000-07-14,27.78,28.0,27.55,27.78,27.78,6411523
2000-07-17,27.92,28.14,27.7,27.92,27.92,4877166
2000-07-18,27.37,27.59,27.15,27.37,27.37,3953809
2000-07-19,27.07,27.28,26.85,27.07,27.07,4417899
2000-07-20,26.94,27.16,26.73,26.94,26.94,7529836
2000-07-21,27.09,27.31,26.88,27.09,27.09,7628202
2000-07-24,27.0,27.21,26.78,27.0,27.0,5581935
2000-07-25,27.04,27.25,26.82,27.04,27.04,10508533
2000-07-26,27.08,27.3,26.87,27.08,27.08,4805945
2000-07-27,27.11,27.33,26.89,27.11,27.11,9369384
2000-07-28,27.46,27.68,27.24,27.46,27.46,6583980
2000-07-31,27.93,28.15,27.71,27.93,27.93,4482185
2000-08-01,27.94,28.16,27.72,27.94,27.94,5225781
2000-08-02,28.38,28.6,28.15,28.38,28.38,3461258
2000-08-03,27.74,27.96,27.51,27.74,27.74,6266253
2000-08-04,27.31,27.53,27.09,27.31,27.31,5847306
2000-08-07,27.17,27.39,26.95,27.17,27.17,4180568
2000-08-08,26.68,26.89,26.46,26.68,26.68,5137028
2000-08-09,26.31,26.52,26.1,26.31,26.31,3303560
2000-08-10,26.52,26.73,26.31,26.52,26.52,6161170
2000-08-11,26.74,26.95,26.52,26.74,26.74,7503475
2000-08-14,26.87,27.09,26.66,26.87,26.87,4436252
2000-08-15,26.83,27.05,26.62,26.83,26.83,5670183
2000-08-16,26.74,26.95,26.52,26.74,26.74,4205109
2000-08-17,26.29,26.51,26.08,26.29,26.29,5132594
2000-08-18,26.06,26.27,25.85,26.06,26.06,3736335
2000-08-21,25.95,26.16,25.74,25.95,25.95,5020087
2000-08-22,25.48,25.69,25.28,25.48,25.48,4562724
2000-08-23,24.67,24.86,24.47,24.67,24.67,9787183
2000-08-24,24.54,24.74,24.34,24.54,24.54,2253038
2000-08-25,25.1,25.3,24.9,25.1,25.1,5175285
2000-08-28,25.15,25.35,24.94,25.15,25.15,6823001
2000-08-29,25.56,25.76,25.35,25.56,25.56,5132473
2000-08-30,25.56,25.77,25.36,25.56,25.56,3779871
2000-08-31,26.28,26.49,26.07,26.28,26.28,8304691
2000-09-01,26.51,26.72,26.3,26.51,26.51,6793037
2000-09-04,26.24,26.45,26.03,26.24,26.24,10382420
2000-09-05,26.37,26.58,26.16,26.37,26.37,7067624
2000-09-06,26.2,26.41,25.99,26.2,26.2,9413519
2000-09-07,26.05,26.26,25.84,26.05,26.05,8078829
2000-09-08,26.09,26.29,25.88,26.09,26.09,6342292
2000-09-11,26.78,26.99,26.56,26.78,26.78,6256063
2000-09-12,26.65,26.87,26.44,26.65,26.65,4170245
2000-09-13,26.81,27.02,26.6,26.81,26.81,5066936
2000-09-14,27.51,27.73,27.29,27.51,27.51,6935444
2000-09-15,27.5,27.72,27.28,27.5,27.5,4571724
2000-09-18,27.78,28.0,27.56,27.78,27.78,5332324
2000-09-19,28.05,28.28,27.83,28.05,28.05,7066702
2000-09-20,28.75,28.98,28.52,28.75,28.75,4329664
2000-09-21,28.52,28.75,28.29,28.52,28.52,4057630
2000-09-22,27.52,27.74,27.3,27.52,27.52,6131440
2000-09-25,27.57,27.79,27.35,27.57,27.57,4396219
2000-09-26,27.83,28.05,27.61,27.83,27.83,3909689
2000-09-27,27.82,28.04,27.6,27.82,27.82,6367695
2000-09-28,28.11,28.34,27.89,28.11,28.11,5435437
2000-09-29,28.44,28.66,28.21,28.44,28.44,5588352
2000-10-02,27.45,27.67,27.23,27.45,27.45,5239864
2000-10-03,27.79,28.01,27.57,27.79,27.79,3811461
2000-10-04,27.4,27.62,27.18,27.4,27.4,3883011
2000-10-05,26.68,26.89,26.47,26.68,26.68,8793362
2000-10-06,26.26,26.47,26.05,26.26,26.26,2779071
2000-10-09,26.72,26.93,26.5,26.72,26.72,6850526
2000-10-10,26.67,26.89,26.46,26.67,26.67,5440659
2000-10-11,26.67,26.88,26.45,26.67,26.67,3720770
2000-10-12,26.01,26.22,25.81,26.01,26.01,4937402
2000-10-13,26.21,26.42,26.0,26.21,26.21,4235938
2000-10-16,26.61,26.83,26.4,26.61,26.61,5529990
2000-10-17,26.47,26.68,26.26,26.47,26.47,5047770
2000-10-18,25.92,26.12,25.71,25.92,25.92,3218772
2000-10-19,26.07,26.28,25.87,26.07,26.07,3574434
2000-10-20,25.71,25.92,25.51,25.71,25.71,3319310
2000-10-23,25.48,25.68,25.27,25.48,25.48,5230216
2000-10-24,25.16,25.36,24.96,25.16,25.16,7816391
2000-10-25,25.8,26.0,25.59,25.8,25.8,3670933
2000-10-26,26.06,26.27,25.85,26.06,26.06,3342428
2000-10-27,25.86,26.07,25.65,25.86,25.86,5561032
2000-10-30,26.14,26.34,25.93,26.14,26.14,7056396
2000-10-31,25.56,25.77,25.36,25.56,25.56,4582298
2000-11-01,26.12,26.33,25.92,26.12,26.12,6878359
2000-11-02,26.22,26.43,26.01,26.22,26.22,18683129
2000-11-03,25.65,25.85,25.44,25.65,25.65,5917691
2000-11-06,25.71,25.91,25.5,25.71,25.71,7878286
2000-11-07,26.24,26.45,26.03,26.24,26.24,4811814
2000-11-08,27.37,27.59,27.15,27.37,27.37,3972780
2000-11-09,27.17,27.39,26.95,27.17,27.17,2345037
2000-11-10,27.18,27.39,26.96,27.18,27.18,8510399
2000-11-13,26.75,26.96,26.54,26.75,26.75,5483244
2000-11-14,26.78,27.0,26.57,26.78,26.78,9347252
2000-11-15,26.58,26.79,26.37,26.58,26.58,5907646
2000-11-16,26.61,26.83,26.4,26.61,26.61,4885537
2000-11-17,25.69,25.9,25.48,25.69,25.69,5133085
2000-11-20,25.91,26.12,25.71,25.91,25.91,6080014
2000-11-21,25.95,26.16,25.74,25.95,25.95,5021494
2000-11-22,26.21,26.42,26.0,26.21,26.21,8627026
2000-11-23,26.25,26.46,26.04,26.25,26.25,8694637
2000-11-24,26.52,26.73,26.31,26.52,26.52,7668974
2000-11-27,26.36,26.57,26.15,26.36,26.36,6233051
2000-11-28,25.97,26.18,25.76,25.97,25.97,3235340
2000-11-29,25.55,25.76,25.35,25.55,25.55,22653381
2000-11-30,25.53,25.73,25.32,25.53,25.53,7079821
2000-12-01,25.93,26.13,25.72,25.93,25.93,5544990
2000-12-04,25.58,25.78,25.37,25.58,25.58,4659449
2000-12-05,25.76,25.97,25.56,25.76,25.76,5290120
2000-12-06,26.58,26.79,26.37,26.58,26.58,4112989
2000-12-07,26.8,27.01,26.59,26.8,26.8,6592849
2000-12-08,26.29,26.5,26.08,26.29,26.29,8743579
2000-12-11,25.98,26.18,25.77,25.98,25.98,5194004
2000-12-12,25.94,26.15,25.73,25.94,25.94,4053886
2000-12-13,26.2,26.41,25.99,26.2,26.2,5516308
2000-12-14,25.58,25.78,25.37,25.58,25.58,4149249
2000-12-15,26.25,26.46,26.04,26.25,26.25,5292780
2000-12-18,26.04,26.25,25.83,26.04,26.04,3770525
2000-12-19,25.62,25.83,25.42,25.62,25.62,4509177
2000-12-20,25.46,25.66,25.26,25.46,25.46,6434175
2000-12-21,25.21,25.42,25.01,25.21,25.21,10333503
2000-12-22,25.09,25.29,24.89,25.09,25.09,3375225
2000-12-25,25.56,25.76,25.35,25.56,25.56,3670042
2000-12-26,25.46,25.66,25.25,25.46,25.46,7729534
2000-12-27,25.77,25.97,25.56,25.77,25.77,9122500
2000-12-28,25.21,25.41,25.01,25.21,25.21,4777267
2000-12-29,25.22,25.42,25.01,25.22,25.22,4468097
2001-01-01,25.27,25.47,25.07,25.27,25.27,6593388
2001-01-02,25.22,25.43,25.02,25.22,25.22,4884187
2001-01-03,25.27,25.48,25.07,25.27,25.27,4160326
2001-01-04,24.98,25.18,24.78,24.98,24.98,6058971
2001-01-05,24.59,24.79,24.4,24.59,24.59,6136489
2001-01-08,24.8,25.0,24.6,24.8,24.8,3694378
2001-01-09,24.82,25.02,24.62,24.82,24.82,5989703
2001-01-10,24.97,25.17,24.77,24.97,24.97,5282471
2001-01-11,24.73,24.93,24.53,24.73,24.73,13195879
2001-01-12,25.38,25.58,25.17,25.38,25.38,4896530
2001-01-15,25.37,25.57,25.17,25.37,25.37,3574572
2001-01-16,25.06,25.26,24.86,25.06,25.06,6330958
2001-01-17,25.22,25.42,25.02,25.22,25.22,8716127
2001-01-18,25.2,25.4,25.0,25.2,25.2,2327443
2001-01-19,25.93,26.13,25.72,25.93,25.93,3052749
2001-01-22,25.98,26.19,25.78,25.98,25.98,6165899
2001-01-23,26.6,26.81,26.39,26.6,26.6,4861593
2001-01-24,26.97,27.18,26.75,26.97,26.97,2729274
2001-01-25,27.63,27.85,27.41,27.63,27.63,4918322
2001-01-26,26.78,27.0,26.57,26.78,26.78,4610943
2001-01-29,26.69,26.9,26.48,26.69,26.69,3727857
2001-01-30,27.74,27.96,27.51,27.74,27.74,7067583
2001-01-31,27.85,28.07,27.63,27.85,27.85,4970387
2001-02-01,27.24,27.45,27.02,27.24,27.24,7140568
2001-02-02,27.66,27.88,27.44,27.66,27.66,9304926
2001-02-05,27.27,27.49,27.05,27.27,27.27,6023066
2001-02-06,27.63,27.85,27.41,27.63,27.63,5817427
2001-02-07,28.34,28.57,28.12,28.34,28.34,4620481
2001-02-08,28.3,28.52,28.07,28.3,28.3,5768243
2001-02-09,27.95,28.17,27.73,27.95,27.95,2835868
2001-02-12,28.32,28.55,28.1,28.32,28.32,5489782
2001-02-13,28.32,28.55,28.09,28.32,28.32,10318131
2001-02-14,28.76,28.99,28.53,28.76,28.76,6374307
2001-02-15,29.33,29.56,29.09,29.33,29.33,6089428
2001-02-16,29.01,29.24,28.78,29.01,29.01,10950777
2001-02-19,28.87,29.1,28.64,28.87,28.87,3700231
2001-02-20,29.25,29.49,29.02,29.25,29.25,8013599
2001-02-21,30.05,30.29,29.81,30.05,30.05,5366156
2001-02-22,30.59,30.84,30.35,30.59,30.59,8051636
2001-02-23,30.74,30.99,30.49,30.74,30.74,7822672
2001-02-26,31.06,31.3,30.81,31.06,31.06,8599659
2001-02-27,31.37,31.62,31.12,31.37,31.37,3070822
2001-02-28,32.14,32.4,31.88,32.14,32.14,5270505
2001-03-01,31.66,31.92,31.41,31.66,31.66,6153771
2001-03-02,32.13,32.38,31.87,32.13,32.13,7522564
2001-03-05,32.49,32.75,32.23,32.49,32.49,4201110
2001-03-06,33.06,33.33,32.8,33.06,33.06,5158845
2001-03-07,33.18,33.44,32.91,33.18,33.18,3991168
2001-03-08,32.82,33.08,32.55,32.82,32.82,3770037
2001-03-09,32.8,33.06,32.54,32.8,32.8,3091923
2001-03-12,32.89,33.16,32.63,32.89,32.89,4137728
2001-03-13,32.84,33.1,32.58,32.84,32.84,9856337
2001-03-14,31.86,32.11,31.6,31.86,31.86,9233809
2001-03-15,32.05,32.31,31.79,32.05,32.05,5317381
2001-03-16,31.31,31.56,31.06,31.31,31.31,3278474
2001-03-19,31.34,31.59,31.09,31.34,31.34,5718358
2001-03-20,31.4,31.65,31.15,31.4,31.4,9051564
2001-03-21,31.89,32.15,31.64,31.89,31.89,3002290
2001-03-22,31.06,31.31,30.81,31.06,31.06,6065412
2001-03-23,31.11,31.36,30.86,31.11,31.11,10650215
2001-03-26,30.96,31.21,30.71,30.96,30.96,8669375
2001-03-27,30.4,30.65,30.16,30.4,30.4,8380275
2001-03-28,31.33,31.58,31.08,31.33,31.33,3394774
2001-03-29,31.77,32.03,31.52,31.77,31.77,5188636
2001-03-30,32.73,32.99,32.47,32.73,32.73,6151433
2001-04-02,33.01,33.28,32.75,33.01,33.01,5484586
2001-04-03,33.3,33.57,33.04,33.3,33.3,5929986
2001-04-04,32.95,33.22,32.69,32.95,32.95,5114360
2001-04-05,33.07,33.34,32.81,33.07,33.07,2396006
2001-04-06,33.01,33.28,32.75,33.01,33.01,7882172
2001-04-09,33.6,33.87,33.33,33.6,33.6,7549520
2001-04-10,33.14,33.41,32.88,33.14,33.14,3887044
2001-04-11,33.26,33.53,33.0,33.26,33.26,4243629
2001-04-12,33.34,33.6,33.07,33.34,33.34,9973024
2001-04-13,33.99,34.26,33.71,33.99,33.99,7360422
2001-04-16,34.07,34.34,33.8,34.07,34.07,3311098
2001-04-17,33.92,34.19,33.65,33.92,33.92,3914899
2001-04-18,34.03,34.3,33.75,34.03,34.03,6338436
2001-04-19,33.27,33.54,33.01,33.27,33.27,3726027
2001-04-20,33.32,33.59,33.05,33.32,33.32,9141829
2001-04-23,33.14,33.41,32.88,33.14,33.14,7211896
2001-04-24,32.54,32.8,32.28,32.54,32.54,3481208
2001-04-25,33.27,33.53,33.0,33.27,33.27,4993580
2001-04-26,33.12,33.38,32.85,33.12,33.12,3287802
2001-04-27,33.64,33.91,33.38,33.64,33.64,6515382
2001-04-30,33.85,34.12,33.58,33.85,33.85,5762521
2001-05-01,34.88,35.16,34.6,34.88,34.88,4355453
2001-05-02,36.35,36.64,36.06,36.35,36.35,10219463
2001-05-03,36.02,36.31,35.74,36.02,36.02,2848900
2001-05-04,36.92,37.22,36.63,36.92,36.92,2324162
2001-05-07,38.16,38.46,37.85,38.16,38.16,6692582
2001-05-08,39.16,39.47,38.84,39.16,39.16,3700708
2001-05-09,40.37,40.69,40.05,40.37,40.37,4540150
2001-05-10,39.9,40.21,39.58,39.9,39.9,7710756
2001-05-11,39.18,39.5,38.87,39.18,39.18,3947953
2001-05-14,39.24,39.55,38.92,39.24,39.24,6414583
2001-05-15,38.75,39.06,38.44,38.75,38.75,5352544
2001-05-16,38.55,38.86,38.24,38.55,38.55,5609916
2001-05-17,38.97,39.28,38.66,38.97,38.97,4325886
2001-05-18,38.73,39.04,38.42,38.73,38.73,9616189
2001-05-21,39.96,40.28,39.64,39.96,39.96,7307349
2001-05-22,40.03,40.35,39.71,40.03,40.03,4322246
2001-05-23,40.13,40.45,39.81,40.13,40.13,4673253
2001-05-24,40.72,41.05,40.4,40.72,40.72,3010506
2001-05-25,40.0,40.32,39.68,40.0,40.0,4404020
2001-05-28,39.44,39.76,39.13,39.44,39.44,7608874
2001-05-29,38.84,39.15,38.53,38.84,38.84,6552197
2001-05-30,39.27,39.59,38.96,39.27,39.27,4486356
2001-05-31,38.96,39.28,38.65,38.96,38.96,4313971
2001-06-01,39.24,39.56,38.93,39.24,39.24,4469153
2001-06-04,39.75,40.07,39.43,39.75,39.75,6208456
2001-06-05,39.16,39.47,38.84,39.16,39.16,8154639
2001-06-06,39.5,39.82,39.18,39.5,39.5,7756643
2001-06-07,38.85,39.16,38.54,38.85,38.85,7388822
2001-06-08,38.9,39.21,38.59,38.9,38.9,10460389
2001-06-11,39.31,39.62,38.99,39.31,39.31,5807005
2001-06-12,40.29,40.62,39.97,40.29,40.29,5366736
2001-06-13,41.03,41.36,40.7,41.03,41.03,6904160
2001-06-14,41.38,41.71,41.05,41.38,41.38,9755518
2001-06-15,41.52,41.85,41.19,41.52,41.52,8925543
2001-06-18,41.15,41.48,40.82,41.15,41.15,5032710
2001-06-19,40.6,40.92,40.27,40.6,40.6,4829392
2001-06-20,40.14,40.46,39.82,40.14,40.14,3764219
2001-06-21,39.22,39.54,38.91,39.22,39.22,6442867
2001-06-22,38.05,38.35,37.74,38.05,38.05,5825433
2001-06-25,37.27,37.56,36.97,37.27,37.27,9056374
2001-06-26,38.25,38.55,37.94,38.25,38.25,3833374
2001-06-27,37.9,38.21,37.6,37.9,37.9,9281211
2001-06-28,37.23,37.53,36.93,37.23,37.23,2687393
2001-06-29,37.74,38.04,37.43,37.74,37.74,3030100
2001-07-02,37.26,37.56,36.96,37.26,37.26,7060588
2001-07-03,37.46,37.76,37.17,37.46,37.46,1794162
2001-07-04,38.0,38.3,37.69,38.0,38.0,5827823
2001-07-05,37.66,37.96,37.35,37.66,37.66,8521757
2001-07-06,36.66,36.96,36.37,36.66,36.66,3973226
2001-07-09,37.13,37.43,36.84,37.13,37.13,5753877
2001-07-10,36.94,37.23,36.64,36.94,36.94,4649718
2001-07-11,37.63,37.93,37.33,37.63,37.63,3040811
2001-07-12,38.25,38.56,37.94,38.25,38.25,9529261
2001-07-13,38.54,38.85,38.23,38.54,38.54,2769506
2001-07-16,39.22,39.53,38.9,39.22,39.22,9718403
2001-07-17,38.91,39.22,38.6,38.91,38.91,5041950
2001-07-18,38.11,38.42,37.81,38.11,38.11,5746197
2001-07-19,37.68,37.98,37.37,37.68,37.68,10135362
2001-07-20,38.15,38.45,37.84,38.15,38.15,5954618
2001-07-23,37.45,37.75,37.15,37.45,37.45,5148549
2001-07-24,37.37,37.67,37.07,37.37,37.37,3228694
2001-07-25,37.38,37.68,37.08,37.38,37.38,7514842
2001-07-26,36.78,37.07,36.48,36.78,36.78,3115411
2001-07-27,37.14,37.44,36.85,37.14,37.14,3145830
2001-07-30,37.09,37.39,36.79,37.09,37.09,3775248
2001-07-31,37.94,38.24,37.64,37.94,37.94,7479249
2001-08-01,36.99,37.28,36.69,36.99,36.99,3538638
2001-08-02,37.48,37.78,37.18,37.48,37.48,3974976
2001-08-03,37.47,37.77,37.17,37.47,37.47,3199471
2001-08-06,37.5,37.8,37.2,37.5,37.5,7571945
2001-08-07,36.97,37.26,36.67,36.97,36.97,6706628
2001-08-08,36.07,36.36,35.78,36.07,36.07,6117649
2001-08-09,36.1,36.39,35.81,36.1,36.1,9438937
2001-08-10,35.55,35.84,35.27,35.55,35.55,4202855
2001-08-13,35.26,35.54,34.97,35.26,35.26,9474989
2001-08-14,35.71,35.99,35.42,35.71,35.71,4420037
2001-08-15,36.56,36.85,36.26,36.56,36.56,6533912
2001-08-16,36.42,36.71,36.12,36.42,36.42,4991027
2001-08-17,35.91,36.2,35.62,35.91,35.91,2821326
2001-08-20,36.24,36.53,35.95,36.24,36.24,4315011
2001-08-21,36.11,36.4,35.82,36.11,36.11,2485590
2001-08-22,35.56,35.85,35.28,35.56,35.56,6159235
2001-08-23,36.01,36.3,35.72,36.01,36.01,4046651
2001-08-24,36.25,36.54,35.96,36.25,36.25,6310991
2001-08-27,36.37,36.66,36.08,36.37,36.37,6242810
2001-08-28,36.05,36.34,35.76,36.05,36.05,7439217
2001-08-29,35.77,36.06,35.49,35.77,35.77,2437698
2001-08-30,35.87,36.15,35.58,35.87,35.87,4762243
2001-08-31,36.9,37.19,36.6,36.9,36.9,2671025
2001-09-03,36.83,37.13,36.54,36.83,36.83,9130711
2001-09-04,37.35,37.65,37.05,37.35,37.35,9881998
2001-09-05,37.42,37.72,37.12,37.42,37.42,4943786
2001-09-06,37.03,37.32,36.73,37.03,37.03,3782166
2001-09-07,37.11,37.41,36.82,37.11,37.11,5182729
2001-09-10,36.58,36.88,36.29,36.58,36.58,7009737
2001-09-11,37.17,37.46,36.87,37.17,37.17,3475474
2001-09-12,36.85,37.15,36.56,36.85,36.85,2360843
2001-09-13,37.61,37.91,37.31,37.61,37.61,4492876
2001-09-14,37.56,37.86,37.26,37.56,37.56,7566316
2001-09-17,37.73,38.03,37.43,37.73,37.73,7476730
2001-09-18,37.9,38.2,37.6,37.9,37.9,4813080
2001-09-19,38.11,38.42,37.81,38.11,38.11,2818646
2001-09-20,38.4,38.71,38.1,38.4,38.4,11281152
2001-09-21,37.63,37.93,37.33,37.63,37.63,6109135
2001-09-24,37.22,37.52,36.93,37.22,37.22,6628345
2001-09-25,37.85,38.16,37.55,37.85,37.85,10287760
2001-09-26,38.09,38.39,37.78,38.09,38.09,5977300
2001-09-27,37.4,37.7,37.1,37.4,37.4,4060461
2001-09-28,37.49,37.79,37.19,37.49,37.49,4151052
2001-10-01,37.86,38.16,37.56,37.86,37.86,4203085
2001-10-02,37.3,37.6,37.0,37.3,37.3,6988008
2001-10-03,37.21,37.51,36.91,37.21,37.21,7595850
2001-10-04,37.11,37.4,36.81,37.11,37.11,3253512
2001-10-05,36.28,36.57,35.99,36.28,36.28,7958870
2001-10-08,37.27,37.57,36.97,37.27,37.27,4584736
2001-10-09,38.54,38.85,38.23,38.54,38.54,8374990
2001-10-10,38.52,38.83,38.21,38.52,38.52,3627411
2001-10-11,38.43,38.74,38.12,38.43,38.43,12176124
2001-10-12,39.29,39.6,38.97,39.29,39.29,7259650
2001-10-15,38.83,39.14,38.52,38.83,38.83,3685715
2001-10-16,38.59,38.9,38.28,38.59,38.59,4760340
2001-10-17,38.45,38.76,38.14,38.45,38.45,3842472
2001-10-18,38.56,38.87,38.25,38.56,38.56,7103693
2001-10-19,38.17,38.48,37.87,38.17,38.17,4820791
2001-10-22,38.03,38.33,37.72,38.03,38.03,5454559
2001-10-23,37.89,38.2,37.59,37.89,37.89,6640827
2001-10-24,38.76,39.07,38.45,38.76,38.76,5264701
2001-10-25,38.19,38.5,37.89,38.19,38.19,3561795
2001-10-26,38.28,38.58,37.97,38.28,38.28,5676200
2001-10-29,37.37,37.67,37.07,37.37,37.37,5577085
2001-10-30,37.66,37.96,37.36,37.66,37.66,5069744
2001-10-31,37.23,37.53,36.93,37.23,37.23,2126225
2001-11-01,37.16,37.46,36.86,37.16,37.16,6353685
2001-11-02,36.66,36.95,36.37,36.66,36.66,5594528
2001-11-05,36.66,36.96,36.37,36.66,36.66,6169783
2001-11-06,35.43,35.71,35.14,35.43,35.43,9922529
2001-11-07,35.82,36.1,35.53,35.82,35.82,4451396
2001-11-08,35.57,35.86,35.29,35.57,35.57,5843357
2001-11-09,35.94,36.23,35.65,35.94,35.94,4606774
2001-11-12,36.24,36.53,35.95,36.24,36.24,6176596
2001-11-13,35.99,36.28,35.7,35.99,35.99,4880117
2001-11-14,35.86,36.15,35.58,35.86,35.86,2419319
2001-11-15,34.85,35.13,34.57,34.85,34.85,6260817
2001-11-16,34.6,34.87,34.32,34.6,34.6,6557108
2001-11-19,34.04,34.31,33.76,34.04,34.04,7215820
2001-11-20,33.45,33.71,33.18,33.45,33.45,8161262
2001-11-21,33.21,33.47,32.94,33.21,33.21,11674502
2001-11-22,33.68,33.94,33.41,33.68,33.68,15192339
2001-11-23,32.45,32.7,32.19,32.45,32.45,4687803
2001-11-26,32.03,32.29,31.78,32.03,32.03,8102485
2001-11-27,32.29,32.55,32.03,32.29,32.29,6269181
2001-11-28,32.33,32.58,32.07,32.33,32.33,7637733
2001-11-29,32.76,33.02,32.5,32.76,32.76,7005936
2001-11-30,33.04,33.3,32.77,33.04,33.04,3953492
2001-12-03,33.3,33.56,33.03,33.3,33.3,4348686
2001-12-04,33.67,33.94,33.4,33.67,33.67,6762537
2001-12-05,34.2,34.47,33.92,34.2,34.2,12300387
2001-12-06,33.57,33.84,33.3,33.57,33.57,5426242
2001-12-07,33.27,33.54,33.0,33.27,33.27,7729105
2001-12-10,33.52,33.79,33.25,33.52,33.52,4336421
2001-12-11,34.46,34.74,34.19,34.46,34.46,6758544
2001-12-12,33.89,34.16,33.62,33.89,33.89,12633984
2001-12-13,34.06,34.34,33.79,34.06,34.06,4925610
2001-12-14,34.23,34.51,33.96,34.23,34.23,3416375
2001-12-17,34.24,34.52,33.97,34.24,34.24,5789158
2001-12-18,33.34,33.61,33.08,33.34,33.34,4417231
2001-12-19,33.91,34.18,33.64,33.91,33.91,3742477
2001-12-20,34.56,34.83,34.28,34.56,34.56,3012358
2001-12-21,34.41,34.69,34.13,34.41,34.41,6414165
2001-12-24,34.02,34.3,33.75,34.02,34.02,4200014
2001-12-25,34.15,34.42,33.88,34.15,34.15,9327996
2001-12-26,34.57,34.85,34.29,34.57,34.57,7141721
2001-12-27,35.02,35.3,34.74,35.02,35.02,6619089
2001-12-28,35.34,35.62,35.06,35.34,35.34,11051404
2001-12-31,35.95,36.24,35.66,35.95,35.95,5410981
2002-01-01,35.71,35.99,35.42,35.71,35.71,7258950
2002-01-02,36.08,36.37,35.79,36.08,36.08,6454518
2002-01-03,36.41,36.7,36.11,36.41,36.41,5237082
2002-01-04,36.23,36.52,35.94,36.23,36.23,5259468
2002-01-07,37.29,37.59,36.99,37.29,37.29,9846993
2002-01-08,36.66,36.95,36.37,36.66,36.66,8411650
2002-01-09,37.17,37.47,36.87,37.17,37.17,4977903
2002-01-10,36.75,37.05,36.46,36.75,36.75,3790925
2002-01-11,37.21,37.51,36.92,37.21,37.21,3709423
2002-01-14,37.65,37.95,37.35,37.65,37.65,5965570
2002-01-15,37.68,37.98,37.37,37.68,37.68,2748728
2002-01-16,37.48,37.78,37.18,37.48,37.48,4800829
2002-01-17,37.14,37.44,36.84,37.14,37.14,2800832
2002-01-18,36.77,37.07,36.48,36.77,36.77,5267645
2002-01-21,36.49,36.78,36.2,36.49,36.49,3466473
2002-01-22,37.2,37.5,36.9,37.2,37.2,5289552
2002-01-23,36.96,37.25,36.66,36.96,36.96,5122490
2002-01-24,38.02,38.33,37.72,38.02,38.02,3504552
2002-01-25,37.2,37.5,36.91,37.2,37.2,2941602
2002-01-28,37.51,37.81,37.21,37.51,37.51,2926894
2002-01-29,37.17,37.47,36.88,37.17,37.17,6037513
2002-01-30,36.77,37.06,36.47,36.77,36.77,6084306
2002-01-31,36.91,37.21,36.62,36.91,36.91,10570533
2002-02-01,36.45,36.75,36.16,36.45,36.45,6701118
2002-02-04,35.89,36.17,35.6,35.89,35.89,8485596
2002-02-05,36.24,36.53,35.95,36.24,36.24,6438888
2002-02-06,34.89,35.17,34.61,34.89,34.89,11014601
2002-02-07,34.98,35.26,34.7,34.98,34.98,10561877
2002-02-08,35.23,35.52,34.95,35.23,35.23,5691750
2002-02-11,34.86,35.14,34.58,34.86,34.86,8925975
2002-02-12,35.06,35.35,34.78,35.06,35.06,5409113
2002-02-13,34.71,34.99,34.43,34.71,34.71,9378618
2002-02-14,35.3,35.58,35.02,35.3,35.3,4837638
2002-02-15,34.94,35.22,34.66,34.94,34.94,5164286
2002-02-18,35.73,36.02,35.45,35.73,35.73,4556860
2002-02-19,36.12,36.41,35.83,36.12,36.12,5569616
2002-02-20,35.76,36.05,35.47,35.76,35.76,6678584
2002-02-21,36.62,36.91,36.32,36.62,36.62,4307142
2002-02-22,35.27,35.56,34.99,35.27,35.27,5718981
2002-02-25,34.71,34.99,34.43,34.71,34.71,6240428
2002-02-26,34.76,35.04,34.48,34.76,34.76,12108838
2002-02-27,34.87,35.15,34.59,34.87,34.87,5458760
2002-02-28,35.38,35.67,35.1,35.38,35.38,5544329
2002-03-01,36.71,37.01,36.42,36.71,36.71,6056731
2002-03-04,37.16,37.46,36.87,37.16,37.16,5063345
2002-03-05,37.44,37.74,37.14,37.44,37.44,8077940
2002-03-06,37.15,37.45,36.85,37.15,37.15,10112652
2002-03-07,36.62,36.91,36.33,36.62,36.62,5220506
2002-03-08,36.06,36.35,35.77,36.06,36.06,5856656
2002-03-11,36.7,37.0,36.41,36.7,36.7,10148978
2002-03-12,35.98,36.27,35.7,35.98,35.98,3940277
2002-03-13,36.1,36.38,35.81,36.1,36.1,7826829
2002-03-14,35.9,36.18,35.61,35.9,35.9,5314966
2002-03-15,36.2,36.49,35.91,36.2,36.2,6351012
2002-03-18,35.33,35.62,35.05,35.33,35.33,2628998
2002-03-19,35.68,35.97,35.4,35.68,35.68,4004537
2002-03-20,36.01,36.3,35.72,36.01,36.01,4832331
2002-03-21,36.69,36.98,36.4,36.69,36.69,8026393
2002-03-22,37.02,37.32,36.72,37.02,37.02,10037135
2002-03-25,37.78,38.08,37.48,37.78,37.78,10247680
2002-03-26,38.16,38.47,37.86,38.16,38.16,2674499
2002-03-27,37.45,37.75,37.15,37.45,37.45,6223680
2002-03-28,37.25,37.55,36.95,37.25,37.25,4801246
2002-03-29,35.54,35.83,35.26,35.54,35.54,5050589
2002-04-01,35.48,35.76,35.19,35.48,35.48,3364971
2002-04-02,35.79,36.08,35.5,35.79,35.79,5769688
2002-04-03,35.57,35.86,35.29,35.57,35.57,6696403
2002-04-04,36.29,36.58,36.0,36.29,36.29,5838884
2002-04-05,37.92,38.22,37.61,37.92,37.92,4553188
2002-04-08,37.46,37.76,37.16,37.46,37.46,2455716
2002-04-09,38.34,38.64,38.03,38.34,38.34,2331126
2002-04-10,38.54,38.85,38.23,38.54,38.54,5779581
2002-04-11,38.69,39.0,38.38,38.69,38.69,8251706
2002-04-12,38.29,38.6,37.98,38.29,38.29,6859487
2002-04-15,38.9,39.21,38.59,38.9,38.9,5647914
2002-04-16,39.57,39.89,39.25,39.57,39.57,7256228
2002-04-17,40.75,41.07,40.42,40.75,40.75,10636595
2002-04-18,40.57,40.89,40.24,40.57,40.57,4269980
2002-04-19,41.39,41.73,41.06,41.39,41.39,5088255
2002-04-22,41.27,41.6,40.94,41.27,41.27,4605877
2002-04-23,40.81,41.13,40.48,40.81,40.81,3851692
2002-04-24,41.48,41.81,41.15,41.48,41.48,3608584
2002-04-25,42.79,43.13,42.44,42.79,42.79,4211408
2002-04-26,42.2,42.54,41.86,42.2,42.2,4164899
2002-04-29,43.78,44.13,43.43,43.78,43.78,6068297
2002-04-30,43.63,43.98,43.28,43.63,43.63,5861492
2002-05-01,43.77,44.12,43.42,43.77,43.77,14007897
2002-05-02,42.83,43.17,42.48,42.83,42.83,6462959
2002-05-03,43.21,43.56,42.87,43.21,43.21,4347012
2002-05-06,42.5,42.84,42.16,42.5,42.5,7628839
2002-05-07,41.54,41.87,41.2,41.54,41.54,1756624
2002-05-08,41.16,41.49,40.83,41.16,41.16,6184304
2002-05-09,41.91,42.24,41.57,41.91,41.91,7346484
2002-05-10,42.49,42.83,42.15,42.49,42.49,5111759
2002-05-13,42.02,42.36,41.69,42.02,42.02,8335180
2002-05-14,42.75,43.09,42.41,42.75,42.75,5891701
2002-05-15,42.5,42.84,42.16,42.5,42.5,3485481
2002-05-16,41.74,42.08,41.41,41.74,41.74,5177270
2002-05-17,41.98,42.31,41.64,41.98,41.98,10721215
2002-05-20,41.87,42.21,41.54,41.87,41.87,4152950
2002-05-21,41.74,42.07,41.4,41.74,41.74,8841928
2002-05-22,41.44,41.77,41.11,41.44,41.44,5831406
2002-05-23,41.33,41.66,40.99,41.33,41.33,6154476
2002-05-24,42.39,42.73,42.05,42.39,42.39,9901077
2002-05-27,42.23,42.57,41.89,42.23,42.23,14434767
2002-05-28,42.21,42.55,41.88,42.21,42.21,4862536
2002-05-29,42.79,43.14,42.45,42.79,42.79,8461890
2002-05-30,43.51,43.86,43.16,43.51,43.51,5935933
2002-05-31,43.52,43.87,43.17,43.52,43.52,4310357
2002-06-03,43.9,44.25,43.55,43.9,43.9,7670630
2002-06-04,43.95,44.3,43.6,43.95,43.95,5521951
2002-06-05,43.78,44.13,43.43,43.78,43.78,5468090
2002-06-06,43.31,43.66,42.96,43.31,43.31,5473538
2002-06-07,42.39,42.73,42.05,42.39,42.39,3750089
2002-06-10,42.43,42.77,42.09,42.43,42.43,6450720
2002-06-11,42.34,42.68,42.0,42.34,42.34,2957375
2002-06-12,42.9,43.25,42.56,42.9,42.9,3881562
2002-06-13,42.0,42.33,41.66,42.0,42.0,2296504
2002-06-14,41.21,41.54,40.88,41.21,41.21,11512875
2002-06-17,40.95,41.28,40.62,40.95,40.95,14827093
2002-06-18,40.81,41.14,40.49,40.81,40.81,6497952
2002-06-19,40.05,40.37,39.73,40.05,40.05,4475474
2002-06-20,39.31,39.62,38.99,39.31,39.31,4668713
2002-06-21,38.6,38.91,38.29,38.6,38.6,2877098
2002-06-24,38.94,39.26,38.63,38.94,38.94,5003306
2002-06-25,37.56,37.86,37.26,37.56,37.56,4421278
2002-06-26,37.54,37.84,37.24,37.54,37.54,5907703
2002-06-27,36.66,36.96,36.37,36.66,36.66,8467727
2002-06-28,36.88,37.17,36.58,36.88,36.88,5968116
2002-07-01,37.84,38.14,37.53,37.84,37.84,4447275
2002-07-02,37.65,37.95,37.34,37.65,37.65,4880426
2002-07-03,37.85,38.16,37.55,37.85,37.85,7145365
2002-07-04,38.94,39.26,38.63,38.94,38.94,8819607
2002-07-05,38.89,39.21,38.58,38.89,38.89,9807224
2002-07-08,38.77,39.08,38.46,38.77,38.77,4824938
2002-07-09,37.7,38.0,37.4,37.7,37.7,3592885
2002-07-10,37.43,37.73,37.13,37.43,37.43,5002657
2002-07-11,36.79,37.09,36.5,36.79,36.79,7258479
2002-07-12,36.64,36.93,36.34,36.64,36.64,3927884
2002-07-15,35.73,36.01,35.44,35.73,35.73,6419667
2002-07-16,35.99,36.28,35.7,35.99,35.99,3081044
2002-07-17,35.99,36.28,35.7,35.99,35.99,6808368
2002-07-18,35.72,36.01,35.44,35.72,35.72,5005854
2002-07-19,35.95,36.24,35.66,35.95,35.95,11821702
2002-07-22,35.76,36.04,35.47,35.76,35.76,3934305
2002-07-23,35.71,36.0,35.43,35.71,35.71,5102793
2002-07-24,35.5,35.78,35.21,35.5,35.5,3646390
2002-07-25,35.87,36.16,35.59,35.87,35.87,3563390
2002-07-26,36.21,36.5,35.92,36.21,36.21,4437735
2002-07-29,36.36,36.65,36.07,36.36,36.36,5592378
2002-07-30,36.89,37.18,36.59,36.89,36.89,5038977
2002-07-31,36.95,37.24,36.65,36.95,36.95,2494974
2002-08-01,36.97,37.26,36.67,36.97,36.97,13840786
2002-08-02,36.62,36.91,36.33,36.62,36.62,5690228
2002-08-05,36.82,37.11,36.52,36.82,36.82,6615162
2002-08-06,37.44,37.74,37.14,37.44,37.44,3997525
2002-08-07,37.52,37.82,37.22,37.52,37.52,6959432
2002-08-08,38.01,38.32,37.71,38.01,38.01,6189577
2002-08-09,37.82,38.12,37.51,37.82,37.82,5078425
2002-08-12,38.5,38.81,38.19,38.5,38.5,7528422
2002-08-13,36.96,37.26,36.67,36.96,36.96,4306313
2002-08-14,36.7,37.0,36.41,36.7,36.7,7009834
2002-08-15,37.69,37.99,37.39,37.69,37.69,2106627
2002-08-16,37.81,38.11,37.51,37.81,37.81,5802623
2002-08-19,36.8,37.09,36.5,36.8,36.8,5134314
2002-08-20,36.11,36.39,35.82,36.11,36.11,6457825
2002-08-21,36.22,36.51,35.93,36.22,36.22,6792688
2002-08-22,35.91,36.2,35.62,35.91,35.91,4797843
2002-08-23,35.06,35.34,34.78,35.06,35.06,3553794
2002-08-26,35.15,35.43,34.87,35.15,35.15,5211723
2002-08-27,35.49,35.77,35.2,35.49,35.49,5514369
2002-08-28,35.49,35.77,35.21,35.49,35.49,3076967
2002-08-29,35.2,35.48,34.91,35.2,35.2,7356015
2002-08-30,35.07,35.35,34.79,35.07,35.07,8030452
2002-09-02,35.49,35.77,35.2,35.49,35.49,5647258
2002-09-03,35.65,35.94,35.37,35.65,35.65,2306036
2002-09-04,35.57,35.86,35.29,35.57,35.57,7529939
2002-09-05,35.07,35.35,34.79,35.07,35.07,5723626
2002-09-06,35.48,35.76,35.19,35.48,35.48,6218785
2002-09-09,35.41,35.69,35.13,35.41,35.41,8419956
2002-09-10,36.31,36.61,36.02,36.31,36.31,3762042
2002-09-11,37.41,37.71,37.11,37.41,37.41,4835070
2002-09-12,37.39,37.69,37.09,37.39,37.39,6078549
2002-09-13,37.32,37.62,37.02,37.32,37.32,4618033
2002-09-16,36.96,37.26,36.67,36.96,36.96,2923985
2002-09-17,36.08,36.37,35.8,36.08,36.08,4380867
2002-09-18,35.35,35.64,35.07,35.35,35.35,7436592
2002-09-19,34.65,34.93,34.37,34.65,34.65,5232682
2002-09-20,34.34,34.62,34.07,34.34,34.34,6743009
2002-09-23,34.72,35.0,34.44,34.72,34.72,10504216
2002-09-24,35.45,35.73,35.16,35.45,35.45,7348957
2002-09-25,36.47,36.76,36.18,36.47,36.47,7118286
2002-09-26,36.39,36.69,36.1,36.39,36.39,6385017
2002-09-27,37.25,37.55,36.95,37.25,37.25,3791864
2002-09-30,36.98,37.28,36.68,36.98,36.98,11480823
2002-10-01,36.54,36.83,36.24,36.54,36.54,8733571
2002-10-02,38.12,38.42,37.81,38.12,38.12,4727750
2002-10-03,38.44,38.74,38.13,38.44,38.44,6726563
2002-10-04,38.35,38.66,38.04,38.35,38.35,3048954
2002-10-07,38.82,39.13,38.51,38.82,38.82,4555962
2002-10-08,38.41,38.72,38.1,38.41,38.41,6941805
2002-10-09,39.52,39.84,39.2,39.52,39.52,4810828
2002-10-10,39.42,39.74,39.11,39.42,39.42,14085651
2002-10-11,39.25,39.57,38.94,39.25,39.25,5465275
2002-10-14,40.14,40.46,39.82,40.14,40.14,7851761
2002-10-15,39.43,39.74,39.11,39.43,39.43,5980428
2002-10-16,39.81,40.12,39.49,39.81,39.81,8248481
2002-10-17,39.27,39.58,38.95,39.27,39.27,7185170
2002-10-18,38.27,38.58,37.96,38.27,38.27,9092002
2002-10-21,38.61,38.91,38.3,38.61,38.61,8083847
2002-10-22,39.02,39.33,38.71,39.02,39.02,6281342
2002-10-23,39.73,40.05,39.41,39.73,39.73,4460554
2002-10-24,40.25,40.57,39.93,40.25,40.25,6912529
2002-10-25,41.28,41.61,40.95,41.28,41.28,5131053
2002-10-28,40.58,40.9,40.26,40.58,40.58,8191111
2002-10-29,40.25,40.57,39.93,40.25,40.25,5168640
2002-10-30,40.51,40.84,40.19,40.51,40.51,12261914
2002-10-31,39.67,39.99,39.36,39.67,39.67,4213871
2002-11-01,40.48,40.81,40.16,40.48,40.48,4612836
2002-11-04,41.04,41.37,40.71,41.04,41.04,6820256
2002-11-05,41.36,41.69,41.03,41.36,41.36,4244893
2002-11-06,41.41,41.74,41.08,41.41,41.41,2936631
2002-11-07,41.14,41.47,40.81,41.14,41.14,7174551
2002-11-08,41.54,41.87,41.21,41.54,41.54,7042673
2002-11-11,42.04,42.38,41.7,42.04,42.04,6972535
2002-11-12,42.72,43.06,42.38,42.72,42.72,4420145
2002-11-13,41.69,42.02,41.36,41.69,41.69,6618947
2002-11-14,40.99,41.32,40.67,40.99,40.99,1637161
2002-11-15,40.56,40.89,40.24,40.56,40.56,5975500
2002-11-18,40.99,41.32,40.66,40.99,40.99,3745429
2002-11-19,40.51,40.83,40.18,40.51,40.51,5889976
2002-11-20,41.42,41.76,41.09,41.42,41.42,3898693
2002-11-21,42.32,42.66,41.98,42.32,42.32,4371233
2002-11-22,42.2,42.53,41.86,42.2,42.2,4502995
2002-11-25,42.27,42.61,41.94,42.27,42.27,5719232
2002-11-26,42.34,42.68,42.0,42.34,42.34,5769514
2002-11-27,41.53,41.87,41.2,41.53,41.53,3718677
2002-11-28,41.53,41.86,41.19,41.53,41.53,6115191
2002-11-29,41.99,42.33,41.65,41.99,41.99,6258785
2002-12-02,41.96,42.3,41.62,41.96,41.96,5109535
2002-12-03,41.6,41.94,41.27,41.6,41.6,3748559
2002-12-04,42.85,43.19,42.5,42.85,42.85,4656845
2002-12-05,42.95,43.3,42.61,42.95,42.95,3767883
2002-12-06,42.76,43.1,42.41,42.76,42.76,3955075
2002-12-09,42.03,42.37,41.69,42.03,42.03,1747210
2002-12-10,40.95,41.27,40.62,40.95,40.95,6617294
2002-12-11,40.77,41.09,40.44,40.77,40.77,5025452
2002-12-12,39.77,40.09,39.46,39.77,39.77,7852348
2002-12-13,39.68,40.0,39.37,39.68,39.68,8803811
2002-12-16,39.15,39.46,38.83,39.15,39.15,3142097
2002-12-17,39.46,39.78,39.15,39.46,39.46,13609001
2002-12-18,39.41,39.72,39.09,39.41,39.41,7328714
2002-12-19,40.04,40.36,39.72,40.04,40.04,5598965
2002-12-20,39.85,40.16,39.53,39.85,39.85,7014725
2002-12-23,39.8,40.12,39.48,39.8,39.8,4408613
2002-12-24,40.0,40.32,39.68,40.0,40.0,8268823
2002-12-25,40.75,41.08,40.43,40.75,40.75,4664078
2002-12-26,40.54,40.86,40.21,40.54,40.54,2249063
2002-12-27,40.62,40.94,40.29,40.62,40.62,7886617
2002-12-30,41.06,41.39,40.73,41.06,41.06,7187553
2002-12-31,41.25,41.58,40.92,41.25,41.25,6870570
2003-01-01,42.44,42.78,42.1,42.44,42.44,2095259
2003-01-02,42.68,43.02,42.34,42.68,42.68,6837636
2003-01-03,42.6,42.94,42.26,42.6,42.6,2687101
2003-01-06,42.37,42.7,42.03,42.37,42.37,6828918
2003-01-07,41.8,42.14,41.47,41.8,41.8,5507292
2003-01-08,42.97,43.31,42.63,42.97,42.97,5381936
2003-01-09,42.67,43.01,42.33,42.67,42.67,3491954
2003-01-10,43.31,43.66,42.97,43.31,43.31,7439604
2003-01-13,42.64,42.98,42.3,42.64,42.64,4173996
2003-01-14,41.81,42.15,41.48,41.81,41.81,4771756
2003-01-15,41.78,42.12,41.45,41.78,41.78,3601829
2003-01-16,41.27,41.6,40.94,41.27,41.27,6106005
2003-01-17,40.58,40.9,40.25,40.58,40.58,8073494
2003-01-20,41.04,41.37,40.71,41.04,41.04,9028689
2003-01-21,42.05,42.39,41.72,42.05,42.05,5226714
2003-01-22,42.79,43.14,42.45,42.79,42.79,6811638
2003-01-23,43.57,43.92,43.22,43.57,43.57,7424027
2003-01-24,44.07,44.42,43.72,44.07,44.07,9059266
2003-01-27,43.52,43.87,43.17,43.52,43.52,9106683
2003-01-28,42.93,43.27,42.59,42.93,42.93,6919134
2003-01-29,41.41,41.74,41.08,41.41,41.41,10558715
2003-01-30,42.07,42.4,41.73,42.07,42.07,12801806
2003-01-31,40.83,41.15,40.5,40.83,40.83,6010022
2003-02-03,40.42,40.74,40.1,40.42,40.42,4800066
2003-02-04,40.26,40.58,39.93,40.26,40.26,7881820
2003-02-05,40.68,41.0,40.35,40.68,40.68,2672342
2003-02-06,40.66,40.99,40.34,40.66,40.66,4378425
2003-02-07,41.56,41.89,41.22,41.56,41.56,6071809
2003-02-10,41.39,41.72,41.06,41.39,41.39,4642771
2003-02-11,41.6,41.94,41.27,41.6,41.6,6256133
2003-02-12,42.04,42.38,41.71,42.04,42.04,8748958
2003-02-13,42.18,42.52,41.84,42.18,42.18,4491869
2003-02-14,42.45,42.79,42.11,42.45,42.45,2241974
2003-02-17,41.3,41.63,40.97,41.3,41.3,5138084
2003-02-18,41.76,42.1,41.43,41.76,41.76,11123684
2003-02-19,41.4,41.73,41.07,41.4,41.4,3148676
2003-02-20,41.36,41.69,41.03,41.36,41.36,7873502
2003-02-21,40.53,40.86,40.21,40.53,40.53,6388564
2003-02-24,39.5,39.81,39.18,39.5,39.5,3634764
2003-02-25,39.41,39.73,39.1,39.41,39.41,4078415
2003-02-26,39.36,39.67,39.04,39.36,39.36,6299591
2003-02-27,39.44,39.75,39.12,39.44,39.44,9828716
2003-02-28,38.81,39.12,38.5,38.81,38.81,8923619
2003-03-03,39.42,39.73,39.1,39.42,39.42,6171021
2003-03-04,38.81,39.12,38.49,38.81,38.81,5451755
2003-03-05,38.24,38.55,37.94,38.24,38.24,7040105
2003-03-06,39.13,39.45,38.82,39.13,39.13,3615595
2003-03-07,40.19,40.51,39.87,40.19,40.19,4717428
2003-03-10,40.88,41.21,40.55,40.88,40.88,3254791
2003-03-11,40.83,41.15,40.5,40.83,40.83,5129147
2003-03-12,40.24,40.56,39.92,40.24,40.24,6357678
2003-03-13,40.02,40.34,39.7,40.02,40.02,2908031
2003-03-14,40.52,40.85,40.2,40.52,40.52,7845658
2003-03-17,41.15,41.48,40.82,41.15,41.15,9633543
2003-03-18,41.29,41.62,40.96,41.29,41.29,5891469
2003-03-19,41.36,41.69,41.03,41.36,41.36,2992451
2003-03-20,40.85,41.18,40.53,40.85,40.85,4411699
2003-03-21,41.4,41.73,41.06,41.4,41.4,3454454
2003-03-24,41.14,41.47,40.81,41.14,41.14,2877696
2003-03-25,41.82,42.15,41.49,41.82,41.82,5499899
2003-03-26,41.94,42.28,41.61,41.94,41.94,5219877
2003-03-27,42.23,42.57,41.9,42.23,42.23,5208504
2003-03-28,41.21,41.54,40.88,41.21,41.21,12590209
2003-03-31,40.11,40.44,39.79,40.11,40.11,5379519
2003-04-01,40.34,40.66,40.01,40.34,40.34,3163854
2003-04-02,40.09,40.41,39.77,40.09,40.09,10005612
2003-04-03,40.62,40.94,40.29,40.62,40.62,5857145
2003-04-04,40.11,40.43,39.79,40.11,40.11,6907191
2003-04-07,39.77,40.09,39.45,39.77,39.77,5556201
2003-04-08,39.96,40.28,39.64,39.96,39.96,9705179
2003-04-09,40.24,40.56,39.91,40.24,40.24,3651565
2003-04-10,41.7,42.04,41.37,41.7,41.7,3609948
2003-04-11,40.93,41.26,40.6,40.93,40.93,5106600
2003-04-14,40.65,40.98,40.33,40.65,40.65,4037297
2003-04-15,40.67,41.0,40.34,40.67,40.67,7856059
2003-04-16,41.06,41.39,40.73,41.06,41.06,4583546
2003-04-17,41.08,41.4,40.75,41.08,41.08,4376977
2003-04-18,40.37,40.69,40.04,40.37,40.37,5565849
2003-04-21,39.35,39.66,39.03,39.35,39.35,5239159
2003-04-22,38.37,38.68,38.07,38.37,38.37,7464437
2003-04-23,38.18,38.48,37.87,38.18,38.18,3876716
2003-04-24,38.44,38.74,38.13,38.44,38.44,7908750
2003-04-25,38.09,38.39,37.78,38.09,38.09,6910311
2003-04-28,37.89,38.19,37.59,37.89,37.89,8463916
2003-04-29,38.6,38.91,38.29,38.6,38.6,5114914
2003-04-30,39.05,39.37,38.74,39.05,39.05,4668034
2003-05-01,38.33,38.64,38.02,38.33,38.33,7248445
2003-05-02,39.69,40.0,39.37,39.69,39.69,4949524
2003-05-05,40.35,40.67,40.03,40.35,40.35,4071033
2003-05-06,40.24,40.56,39.91,40.24,40.24,6990128
2003-05-07,40.02,40.34,39.7,40.02,40.02,5404181
2003-05-08,39.23,39.55,38.92,39.23,39.23,2208909
2003-05-09,39.5,39.81,39.18,39.5,39.5,13590096
2003-05-12,39.04,39.36,38.73,39.04,39.04,4616162
2003-05-13,39.1,39.42,38.79,39.1,39.1,2244871
2003-05-14,37.65,37.96,37.35,37.65,37.65,5321492
2003-05-15,36.61,36.91,36.32,36.61,36.61,6808102
2003-05-16,37.28,37.58,36.98,37.28,37.28,8737085
2003-05-19,38.2,38.5,37.89,38.2,38.2,6022446
2003-05-20,38.7,39.01,38.39,38.7,38.7,10274501
2003-05-21,39.14,39.45,38.82,39.14,39.14,3958950
2003-05-22,38.5,38.81,38.19,38.5,38.5,2043675
2003-05-23,37.81,38.11,37.51,37.81,37.81,6158827
2003-05-26,37.42,37.72,37.12,37.42,37.42,3291627
2003-05-27,37.19,37.49,36.89,37.19,37.19,6209714
2003-05-28,36.28,36.57,35.99,36.28,36.28,6147456
2003-05-29,36.18,36.47,35.9,36.18,36.18,3692536
2003-05-30,36.14,36.43,35.85,36.14,36.14,2812837
2003-06-02,35.55,35.84,35.27,35.55,35.55,5140314
2003-06-03,35.58,35.87,35.3,35.58,35.58,10338214
2003-06-04,35.19,35.47,34.9,35.19,35.19,6705100
2003-06-05,34.9,35.17,34.62,34.9,34.9,6002530
2003-06-06,35.28,35.57,35.0,35.28,35.28,7066393
2003-06-09,35.4,35.69,35.12,35.4,35.4,2213433
2003-06-10,36.65,36.95,36.36,36.65,36.65,7062042
2003-06-11,37.41,37.7,37.11,37.41,37.41,4734302
2003-06-12,37.18,37.48,36.88,37.18,37.18,3077437
2003-06-13,36.77,37.06,36.47,36.77,36.77,5848343
2003-06-16,36.34,36.63,36.05,36.34,36.34,3017515
2003-06-17,35.78,36.07,35.49,35.78,35.78,4810599
2003-06-18,34.89,35.17,34.61,34.89,34.89,9146468
2003-06-19,33.93,34.2,33.66,33.93,33.93,3076419
2003-06-20,33.97,34.24,33.7,33.97,33.97,7862252
2003-06-23,33.78,34.05,33.51,33.78,33.78,3332633
2003-06-24,34.1,34.37,33.82,34.1,34.1,5660880
2003-06-25,34.56,34.83,34.28,34.56,34.56,7238913
2003-06-26,34.01,34.28,33.74,34.01,34.01,4354800
2003-06-27,34.29,34.57,34.02,34.29,34.29,2321989
2003-06-30,34.18,34.45,33.91,34.18,34.18,3639670
2003-07-01,33.57,33.84,33.3,33.57,33.57,6111893
2003-07-02,33.23,33.49,32.96,33.23,33.23,4121480
2003-07-03,33.31,33.58,33.05,33.31,33.31,4712316
2003-07-04,33.01,33.28,32.75,33.01,33.01,7641217
2003-07-07,33.85,34.12,33.58,33.85,33.85,7927239
2003-07-08,34.03,34.3,33.76,34.03,34.03,3330486
2003-07-09,34.38,34.66,34.11,34.38,34.38,10443202
2003-07-10,34.48,34.76,34.2,34.48,34.48,3376449
2003-07-11,34.18,34.45,33.91,34.18,34.18,9070006
2003-07-14,33.89,34.16,33.62,33.89,33.89,4461358
2003-07-15,34.04,34.31,33.77,34.04,34.04,3110241
2003-07-16,35.23,35.52,34.95,35.23,35.23,6440148
2003-07-17,35.08,35.36,34.8,35.08,35.08,8728637
2003-07-18,34.86,35.14,34.58,34.86,34.86,7340735
2003-07-21,35.89,36.18,35.61,35.89,35.89,6209133
2003-07-22,35.58,35.86,35.3,35.58,35.58,4448367
2003-07-23,35.79,36.08,35.5,35.79,35.79,7187409
2003-07-24,35.72,36.01,35.44,35.72,35.72,4911048
2003-07-25,35.59,35.87,35.3,35.59,35.59,8169037
2003-07-28,34.97,35.25,34.69,34.97,34.97,4991967
2003-07-29,35.08,35.36,34.8,35.08,35.08,6008626
2003-07-30,35.33,35.61,35.05,35.33,35.33,6315447
2003-07-31,34.71,34.98,34.43,34.71,34.71,3333647
2003-08-01,35.38,35.66,35.1,35.38,35.38,6528018
2003-08-04,34.63,34.9,34.35,34.63,34.63,5215790
2003-08-05,34.34,34.62,34.07,34.34,34.34,6496285
2003-08-06,33.66,33.93,33.39,33.66,33.66,9173260
2003-08-07,34.16,34.44,33.89,34.16,34.16,2703204
2003-08-08,34.6,34.88,34.32,34.6,34.6,4681170
2003-08-11,34.11,34.38,33.84,34.11,34.11,5386994
2003-08-12,34.1,34.37,33.83,34.1,34.1,4814950
2003-08-13,35.06,35.34,34.77,35.06,35.06,8822467
2003-08-14,35.43,35.72,35.15,35.43,35.43,11458213
2003-08-15,35.22,35.5,34.94,35.22,35.22,11888602
2003-08-18,35.71,35.99,35.42,35.71,35.71,6216154
2003-08-19,35.77,36.05,35.48,35.77,35.77,8085139
2003-08-20,35.18,35.46,34.9,35.18,35.18,6505835
2003-08-21,35.11,35.39,34.83,35.11,35.11,7149335
2003-08-22,34.94,35.22,34.66,34.94,34.94,5101925
2003-08-25,34.99,35.27,34.71,34.99,34.99,3346681
2003-08-26,35.15,35.44,34.87,35.15,35.15,9575879
2003-08-27,35.75,36.03,35.46,35.75,35.75,6390031
2003-08-28,35.75,36.04,35.47,35.75,35.75,7500394
2003-08-29,35.93,36.22,35.65,35.93,35.93,12406508
2003-09-01,35.61,35.89,35.32,35.61,35.61,4855820
2003-09-02,35.33,35.61,35.04,35.33,35.33,6928531
2003-09-03,35.68,35.97,35.4,35.68,35.68,6480500
2003-09-04,36.08,36.37,35.79,36.08,36.08,4975183
2003-09-05,36.14,36.43,35.85,36.14,36.14,5489714
2003-09-08,36.04,36.33,35.75,36.04,36.04,5468612
2003-09-09,36.07,36.36,35.78,36.07,36.07,2293007
2003-09-10,35.57,35.86,35.29,35.57,35.57,3206943
2003-09-11,35.9,36.19,35.62,35.9,35.9,7836621
2003-09-12,35.4,35.68,35.11,35.4,35.4,2794599
2003-09-15,35.69,35.98,35.4,35.69,35.69,3384453
2003-09-16,36.2,36.49,35.91,36.2,36.2,4027283
2003-09-17,36.46,36.75,36.17,36.46,36.46,3605546
2003-09-18,36.45,36.74,36.15,36.45,36.45,3504270
2003-09-19,36.81,37.1,36.51,36.81,36.81,5125629
2003-09-22,36.49,36.78,36.2,36.49,36.49,4311339
2003-09-23,35.77,36.05,35.48,35.77,35.77,4498926
2003-09-24,34.11,34.39,33.84,34.11,34.11,5439383
2003-09-25,33.57,33.84,33.3,33.57,33.57,3335654
2003-09-26,33.1,33.37,32.84,33.1,33.1,3495747
2003-09-29,32.93,33.19,32.67,32.93,32.93,3986509
2003-09-30,32.42,32.68,32.16,32.42,32.42,4995500
2003-10-01,32.13,32.38,31.87,32.13,32.13,2995992
2003-10-02,32.52,32.79,32.26,32.52,32.52,6709112
2003-10-03,32.51,32.77,32.25,32.51,32.51,7649688
2003-10-06,32.61,32.87,32.35,32.61,32.61,8352519
2003-10-07,32.55,32.81,32.29,32.55,32.55,6084674
2003-10-08,32.52,32.78,32.26,32.52,32.52,4638452
2003-10-09,33.21,33.47,32.94,33.21,33.21,6961738
2003-10-10,32.96,33.22,32.7,32.96,32.96,6342255
2003-10-13,32.51,32.77,32.25,32.51,32.51,6963252
2003-10-14,33.22,33.48,32.95,33.22,33.22,6161910
2003-10-15,33.08,33.34,32.81,33.08,33.08,2805531
2003-10-16,32.84,33.1,32.58,32.84,32.84,3954140
2003-10-17,32.8,33.06,32.53,32.8,32.8,2076808
2003-10-20,32.82,33.08,32.56,32.82,32.82,4827902
2003-10-21,32.79,33.05,32.53,32.79,32.79,5866693
2003-10-22,32.82,33.08,32.55,32.82,32.82,3836932
2003-10-23,31.34,31.59,31.09,31.34,31.34,7995021
2003-10-24,30.92,31.16,30.67,30.92,30.92,4532468
2003-10-27,30.64,30.89,30.4,30.64,30.64,7365355
2003-10-28,30.33,30.58,30.09,30.33,30.33,4654012
2003-10-29,30.62,30.87,30.38,30.62,30.62,4994656
2003-10-30,30.49,30.73,30.24,30.49,30.49,3436746
2003-10-31,29.85,30.09,29.61,29.85,29.85,4467415
2003-11-03,29.4,29.64,29.17,29.4,29.4,6570580
2003-11-04,29.28,29.52,29.05,29.28,29.28,4767031
2003-11-05,29.34,29.58,29.11,29.34,29.34,4307662
2003-11-06,28.48,28.71,28.25,28.48,28.48,6355596
2003-11-07,28.31,28.53,28.08,28.31,28.31,6111173
2003-11-10,27.6,27.82,27.38,27.6,27.6,4038852
2003-11-11,27.97,28.19,27.74,27.97,27.97,3190404
2003-11-12,27.67,27.9,27.45,27.67,27.67,11156213
2003-11-13,27.6,27.82,27.38,27.6,27.6,7920855
2003-11-14,28.38,28.61,28.15,28.38,28.38,4592503
2003-11-17,28.18,28.4,27.95,28.18,28.18,6297985
2003-11-18,28.23,28.46,28.01,28.23,28.23,4807050
2003-11-19,28.09,28.32,27.87,28.09,28.09,6431161
2003-11-20,27.78,28.0,27.55,27.78,27.78,6298130
2003-11-21,27.45,27.67,27.23,27.45,27.45,3275436
2003-11-24,27.95,28.18,27.73,27.95,27.95,5644711
2003-11-25,27.54,27.76,27.32,27.54,27.54,9123267
2003-11-26,27.31,27.53,27.09,27.31,27.31,5709939
2003-11-27,27.16,27.38,26.94,27.16,27.16,8227302
2003-11-28,26.74,26.96,26.53,26.74,26.74,7411959
2003-12-01,27.41,27.63,27.19,27.41,27.41,5826973
2003-12-02,27.75,27.97,27.53,27.75,27.75,4754375
2003-12-03,27.48,27.7,27.26,27.48,27.48,9102846
2003-12-04,27.61,27.83,27.39,27.61,27.61,3810460
2003-12-05,27.62,27.85,27.4,27.62,27.62,6477762
2003-12-08,26.79,27.0,26.57,26.79,26.79,3461987
2003-12-09,26.41,26.62,26.2,26.41,26.41,4543757
2003-12-10,26.11,26.32,25.9,26.11,26.11,6731170
2003-12-11,26.05,26.26,25.85,26.05,26.05,4654779
2003-12-12,25.91,26.11,25.7,25.91,25.91,10543778
2003-12-15,25.46,25.67,25.26,25.46,25.46,9834407
2003-12-16,26.08,26.29,25.87,26.08,26.08,4384580
2003-12-17,25.66,25.87,25.45,25.66,25.66,6859563
2003-12-18,25.43,25.63,25.22,25.43,25.43,8943169
2003-12-19,24.51,24.7,24.31,24.51,24.51,7087845
2003-12-22,24.7,24.89,24.5,24.7,24.7,3046304
2003-12-23,24.2,24.39,24.01,24.2,24.2,7466028
2003-12-24,24.3,24.49,24.11,24.3,24.3,5714612
2003-12-25,24.15,24.35,23.96,24.15,24.15,4905722
2003-12-26,24.36,24.55,24.16,24.36,24.36,6842335
2003-12-29,24.76,24.95,24.56,24.76,24.76,4764252
2003-12-30,24.39,24.59,24.2,24.39,24.39,3590484
2003-12-31,24.5,24.7,24.31,24.5,24.5,5332948
2004-01-01,24.05,24.24,23.86,24.05,24.05,6334290
2004-01-02,23.73,23.92,23.54,23.73,23.73,5117683
2004-01-05,23.48,23.66,23.29,23.48,23.48,6608835
2004-01-06,23.53,23.72,23.34,23.53,23.53,6916604
2004-01-07,23.28,23.47,23.1,23.28,23.28,3296486
2004-01-08,23.01,23.2,22.83,23.01,23.01,6842084
2004-01-09,23.14,23.32,22.95,23.14,23.14,5086908
2004-01-12,22.58,22.76,22.39,22.58,22.58,4873319
2004-01-13,22.97,23.15,22.78,22.97,22.97,3804854
2004-01-14,23.23,23.41,23.04,23.23,23.23,7009284
2004-01-15,23.39,23.57,23.2,23.39,23.39,14420794
2004-01-16,23.13,23.32,22.95,23.13,23.13,7501274
2004-01-19,23.2,23.39,23.02,23.2,23.2,6136758
2004-01-20,23.88,24.07,23.69,23.88,23.88,5939199
2004-01-21,23.78,23.97,23.59,23.78,23.78,5313561
2004-01-22,23.95,24.14,23.76,23.95,23.95,3730897
2004-01-23,24.8,25.0,24.6,24.8,24.8,6340873
2004-01-26,24.85,25.04,24.65,24.85,24.85,9540288
2004-01-27,24.38,24.57,24.18,24.38,24.38,2626493
2004-01-28,23.74,23.93,23.55,23.74,23.74,6242455
2004-01-29,23.86,24.05,23.67,23.86,23.86,2648019
2004-01-30,24.05,24.25,23.86,24.05,24.05,4174694
2004-02-02,23.88,24.07,23.69,23.88,23.88,8934691
2004-02-03,23.91,24.1,23.72,23.91,23.91,3500577
2004-02-04,23.89,24.08,23.69,23.89,23.89,10949163
2004-02-05,23.87,24.06,23.68,23.87,23.87,4326096
2004-02-06,23.81,24.0,23.62,23.81,23.81,3711938
2004-02-09,24.13,24.32,23.93,24.13,24.13,2296222
2004-02-10,23.44,23.63,23.25,23.44,23.44,16358964
2004-02-11,24.25,24.45,24.06,24.25,24.25,3179379
2004-02-12,24.67,24.86,24.47,24.67,24.67,5691158
2004-02-13,24.46,24.66,24.27,24.46,24.46,3928687
2004-02-16,24.83,25.02,24.63,24.83,24.83,3641177
2004-02-17,25.39,25.59,25.19,25.39,25.39,17188336
2004-02-18,25.28,25.49,25.08,25.28,25.28,7529920
2004-02-19,25.71,25.92,25.5,25.71,25.71,4527335
2004-02-20,25.66,25.87,25.46,25.66,25.66,5960820
2004-02-23,25.71,25.91,25.5,25.71,25.71,1825684
2004-02-24,25.75,25.96,25.54,25.75,25.75,3056328
2004-02-25,25.89,26.1,25.68,25.89,25.89,5871880
2004-02-26,25.62,25.82,25.41,25.62,25.62,6899276
2004-02-27,26.36,26.57,26.15,26.36,26.36,10301467
2004-03-01,26.55,26.77,26.34,26.55,26.55,7704023
2004-03-02,26.76,26.98,26.55,26.76,26.76,4283044
2004-03-03,27.14,27.35,26.92,27.14,27.14,5702473
2004-03-04,27.17,27.39,26.96,27.17,27.17,2236615
2004-03-05,28.2,28.43,27.98,28.2,28.2,10433142
2004-03-08,28.67,28.9,28.44,28.67,28.67,5962901
2004-03-09,27.54,27.76,27.32,27.54,27.54,5423378
2004-03-10,28.38,28.6,28.15,28.38,28.38,6442267
2004-03-11,27.97,28.19,27.75,27.97,27.97,4900457
2004-03-12,28.04,28.26,27.81,28.04,28.04,7411437
2004-03-15,26.84,27.06,26.63,26.84,26.84,3493718
2004-03-16,26.7,26.91,26.48,26.7,26.7,8142708
2004-03-17,26.06,26.26,25.85,26.06,26.06,8084751
2004-03-18,26.23,26.44,26.02,26.23,26.23,6027009
2004-03-19,25.91,26.12,25.7,25.91,25.91,6038548
2004-03-22,25.82,26.03,25.61,25.82,25.82,3640523
2004-03-23,25.55,25.76,25.35,25.55,25.55,3563526
2004-03-24,26.21,26.42,26.0,26.21,26.21,4452776
2004-03-25,25.89,26.1,25.69,25.89,25.89,12058564
2004-03-26,26.37,26.58,26.16,26.37,26.37,6659800
2004-03-29,26.0,26.21,25.79,26.0,26.0,4193471
2004-03-30,25.95,26.16,25.74,25.95,25.95,6397951
2004-03-31,25.73,25.93,25.52,25.73,25.73,5583441
2004-04-01,25.98,26.19,25.78,25.98,25.98,5859098
2004-04-02,25.28,25.48,25.08,25.28,25.28,5877282
2004-04-05,25.48,25.68,25.28,25.48,25.48,7275946
2004-04-06,25.13,25.33,24.93,25.13,25.13,4211331
2004-04-07,24.74,24.94,24.54,24.74,24.74,5164638
2004-04-08,25.01,25.21,24.81,25.01,25.01,7504461
2004-04-09,25.2,25.4,25.0,25.2,25.2,6933766
2004-04-12,24.99,25.19,24.79,24.99,24.99,6380131
2004-04-13,25.61,25.82,25.41,25.61,25.61,4078296
2004-04-14,25.5,25.71,25.3,25.5,25.5,6991496
2004-04-15,26.23,26.44,26.02,26.23,26.23,9320127
2004-04-16,26.48,26.69,26.27,26.48,26.48,4604085
2004-04-19,26.53,26.75,26.32,26.53,26.53,10325943
2004-04-20,26.44,26.65,26.23,26.44,26.44,4187469
2004-04-21,26.37,26.58,26.16,26.37,26.37,4148804
2004-04-22,26.51,26.72,26.3,26.51,26.51,9676368
2004-04-23,26.04,26.24,25.83,26.04,26.04,2263397
2004-04-26,25.83,26.04,25.63,25.83,25.83,5011882
2004-04-27,25.58,25.79,25.38,25.58,25.58,2334636
2004-04-28,25.14,25.34,24.93,25.14,25.14,4699858
2004-04-29,25.58,25.78,25.37,25.58,25.58,4651551
2004-04-30,25.56,25.76,25.35,25.56,25.56,6248494
2004-05-03,24.84,25.03,24.64,24.84,24.84,4827932
2004-05-04,24.92,25.11,24.72,24.92,24.92,7278207
2004-05-05,25.23,25.43,25.03,25.23,25.23,3983753
2004-05-06,25.69,25.9,25.49,25.69,25.69,5349233
2004-05-07,25.38,25.58,25.18,25.38,25.38,4214785
2004-05-10,25.11,25.31,24.9,25.11,25.11,5379869
2004-05-11,25.07,25.27,24.87,25.07,25.07,6638025
2004-05-12,24.74,24.94,24.54,24.74,24.74,4749351
2004-05-13,24.83,25.02,24.63,24.83,24.83,5233100
2004-05-14,25.09,25.29,24.89,25.09,25.09,4616641
2004-05-17,25.32,25.53,25.12,25.32,25.32,3882725
2004-05-18,25.37,25.57,25.17,25.37,25.37,8363200
2004-05-19,24.83,25.03,24.63,24.83,24.83,3585608
2004-05-20,24.44,24.63,24.24,24.44,24.44,5840654
2004-05-21,24.21,24.41,24.02,24.21,24.21,5184709
2004-05-24,23.48,23.66,23.29,23.48,23.48,2875407
2004-05-25,23.01,23.19,22.82,23.01,23.01,3877593
2004-05-26,23.43,23.62,23.24,23.43,23.43,6640795
2004-05-27,23.36,23.54,23.17,23.36,23.36,4129447
2004-05-28,23.57,23.76,23.38,23.57,23.57,3838726
2004-05-31,23.86,24.05,23.67,23.86,23.86,4529543
2004-06-01,23.53,23.71,23.34,23.53,23.53,2221196
2004-06-02,23.4,23.59,23.22,23.4,23.4,4685306
2004-06-03,23.27,23.45,23.08,23.27,23.27,3179460
2004-06-04,23.05,23.23,22.87,23.05,23.05,4567069
2004-06-07,23.16,23.34,22.97,23.16,23.16,6996682
2004-06-08,22.63,22.82,22.45,22.63,22.63,2100966
2004-06-09,22.15,22.32,21.97,22.15,22.15,5976349
2004-06-10,22.55,22.73,22.37,22.55,22.55,5534337
2004-06-11,22.64,22.82,22.45,22.64,22.64,3720535
2004-06-14,23.26,23.44,23.07,23.26,23.26,7267718
2004-06-15,22.88,23.06,22.69,22.88,22.88,3773487
2004-06-16,21.76,21.93,21.59,21.76,21.76,6998785
2004-06-17,22.0,22.18,21.83,22.0,22.0,3729709
2004-06-18,21.62,21.8,21.45,21.62,21.62,6683884
2004-06-21,21.57,21.74,21.4,21.57,21.57,3314563
2004-06-22,21.65,21.82,21.47,21.65,21.65,4139895
2004-06-23,21.6,21.77,21.43,21.6,21.6,3678141
2004-06-24,21.96,22.14,21.79,21.96,21.96,2936329
2004-06-25,21.57,21.74,21.4,21.57,21.57,6793839
2004-06-28,21.82,21.99,21.64,21.82,21.82,8221461
2004-06-29,22.45,22.63,22.27,22.45,22.45,4727477
2004-06-30,23.24,23.43,23.05,23.24,23.24,3447194
2004-07-01,23.71,23.9,23.52,23.71,23.71,4479026
2004-07-02,23.99,24.18,23.8,23.99,23.99,7346195
2004-07-05,24.11,24.3,23.91,24.11,24.11,5257148
2004-07-06,24.61,24.8,24.41,24.61,24.61,7676763
2004-07-07,25.1,25.3,24.9,25.1,25.1,13919892
2004-07-08,24.99,25.19,24.79,24.99,24.99,6237588
2004-07-09,25.66,25.86,25.45,25.66,25.66,7991505
2004-07-12,25.88,26.09,25.68,25.88,25.88,3288185
2004-07-13,26.2,26.41,25.99,26.2,26.2,6627241
2004-07-14,26.51,26.72,26.3,26.51,26.51,7195105
2004-07-15,26.64,26.85,26.42,26.64,26.64,3594424
2004-07-16,26.81,27.03,26.6,26.81,26.81,13541296
2004-07-19,27.36,27.58,27.15,27.36,27.36,3088614
2004-07-20,27.05,27.27,26.84,27.05,27.05,8315535
2004-07-21,25.98,26.19,25.78,25.98,25.98,5635645
2004-07-22,26.19,26.4,25.98,26.19,26.19,6238076
2004-07-23,26.5,26.71,26.29,26.5,26.5,11569369
2004-07-26,26.64,26.86,26.43,26.64,26.64,8592741
2004-07-27,26.13,26.34,25.92,26.13,26.13,3847399
2004-07-28,26.05,26.26,25.84,26.05,26.05,3118788
2004-07-29,26.53,26.74,26.32,26.53,26.53,3023667
2004-07-30,26.95,27.17,26.74,26.95,26.95,2635662
2004-08-02,27.43,27.65,27.21,27.43,27.43,4018834
2004-08-03,27.6,27.82,27.38,27.6,27.6,3237533
2004-08-04,27.33,27.55,27.11,27.33,27.33,4863325
2004-08-05,27.13,27.34,26.91,27.13,27.13,9028224
2004-08-06,27.14,27.36,26.93,27.14,27.14,10362984
2004-08-09,27.07,27.29,26.86,27.07,27.07,5393512
2004-08-10,26.72,26.93,26.5,26.72,26.72,3810583
2004-08-11,26.94,27.16,26.73,26.94,26.94,4576843
2004-08-12,27.27,27.49,27.05,27.27,27.27,4092425
2004-08-13,26.81,27.02,26.59,26.81,26.81,6745841
2004-08-16,27.03,27.24,26.81,27.03,27.03,8837477
2004-08-17,27.02,27.24,26.81,27.02,27.02,3530740
2004-08-18,26.66,26.88,26.45,26.66,26.66,4545846
2004-08-19,26.97,27.18,26.75,26.97,26.97,8704907
2004-08-20,26.55,26.77,26.34,26.55,26.55,7406542
2004-08-23,26.74,26.95,26.52,26.74,26.74,4518180
2004-08-24,26.65,26.86,26.43,26.65,26.65,3424521
2004-08-25,26.08,26.28,25.87,26.08,26.08,4367402
2004-08-26,25.57,25.78,25.37,25.57,25.57,4158897
2004-08-27,25.95,26.16,25.74,25.95,25.95,4256640
2004-08-30,26.31,26.53,26.1,26.31,26.31,3858928
2004-08-31,26.5,26.71,26.28,26.5,26.5,5701473
2004-09-01,26.69,26.91,26.48,26.69,26.69,4626739
2004-09-02,26.55,26.77,26.34,26.55,26.55,6794797
2004-09-03,27.05,27.26,26.83,27.05,27.05,5469122
2004-09-06,26.92,27.14,26.71,26.92,26.92,8228250
2004-09-07,26.32,26.53,26.11,26.32,26.32,4490050
2004-09-08,26.36,26.57,26.15,26.36,26.36,4060227
2004-09-09,26.97,27.18,26.75,26.97,26.97,3482278
2004-09-10,26.22,26.43,26.01,26.22,26.22,4528922
2004-09-13,26.74,26.96,26.53,26.74,26.74,6663433
2004-09-14,27.48,27.7,27.26,27.48,27.48,8726275
2004-09-15,27.31,27.53,27.09,27.31,27.31,2903067
2004-09-16,26.78,26.99,26.56,26.78,26.78,5059753
2004-09-17,27.43,27.64,27.21,27.43,27.43,10388420
2004-09-20,27.09,27.31,26.87,27.09,27.09,3029388
2004-09-21,27.43,27.65,27.21,27.43,27.43,13489579
2004-09-22,27.84,28.06,27.62,27.84,27.84,5038153
2004-09-23,27.43,27.65,27.22,27.43,27.43,3824218
2004-09-24,27.29,27.51,27.07,27.29,27.29,4238942
2004-09-27,26.8,27.02,26.59,26.8,26.8,3413480
2004-09-28,26.72,26.93,26.51,26.72,26.72,7400080
2004-09-29,26.48,26.69,26.27,26.48,26.48,8089887
2004-09-30,25.93,26.14,25.73,25.93,25.93,5605598
2004-10-01,26.02,26.23,25.81,26.02,26.02,4527284
2004-10-04,25.58,25.79,25.38,25.58,25.58,4412607
2004-10-05,25.68,25.89,25.48,25.68,25.68,7095307
2004-10-06,25.89,26.1,25.69,25.89,25.89,7881782
2004-10-07,25.18,25.38,24.98,25.18,25.18,3268933
2004-10-08,24.81,25.0,24.61,24.81,24.81,3936873
2004-10-11,24.86,25.06,24.66,24.86,24.86,5249976
2004-10-12,24.74,24.93,24.54,24.74,24.74,6895215
2004-10-13,24.74,24.94,24.54,24.74,24.74,14813850
2004-10-14,25.1,25.3,24.9,25.1,25.1,5035027
2004-10-15,25.24,25.44,25.04,25.24,25.24,7090570
2004-10-18,24.45,24.64,24.25,24.45,24.45,6984024
2004-10-19,25.02,25.22,24.82,25.02,25.02,4403556
2004-10-20,24.63,24.83,24.43,24.63,24.63,4313357
2004-10-21,24.54,24.74,24.35,24.54,24.54,4363173
2004-10-22,24.5,24.7,24.31,24.5,24.5,4621229
2004-10-25,24.43,24.63,24.23,24.43,24.43,4370776
2004-10-26,24.25,24.45,24.06,24.25,24.25,8789332
2004-10-27,24.03,24.22,23.84,24.03,24.03,6775036
2004-10-28,23.92,24.12,23.73,23.92,23.92,3999170
2004-10-29,23.53,23.72,23.34,23.53,23.53,5270282
2004-11-01,23.53,23.72,23.34,23.53,23.53,3271705
2004-11-02,23.02,23.2,22.84,23.02,23.02,4160622
2004-11-03,22.98,23.16,22.79,22.98,22.98,7930353
2004-11-04,22.62,22.8,22.44,22.62,22.62,8334452
2004-11-05,23.11,23.3,22.93,23.11,23.11,6297969
2004-11-08,22.19,22.36,22.01,22.19,22.19,3138184
2004-11-09,22.47,22.65,22.29,22.47,22.47,9572101
2004-11-10,22.74,22.92,22.56,22.74,22.74,5261641
2004-11-11,22.78,22.97,22.6,22.78,22.78,4104706
2004-11-12,22.63,22.81,22.45,22.63,22.63,9121241
2004-11-15,23.08,23.26,22.89,23.08,23.08,5871704
2004-11-16,23.53,23.72,23.34,23.53,23.53,5357318
2004-11-17,23.72,23.91,23.53,23.72,23.72,3691513
2004-11-18,23.91,24.1,23.72,23.91,23.91,3713141
2004-11-19,23.88,24.07,23.69,23.88,23.88,6048971
2004-11-22,23.9,24.09,23.71,23.9,23.9,4015993
2004-11-23,24.3,24.5,24.11,24.3,24.3,5052515
2004-11-24,24.34,24.53,24.14,24.34,24.34,5318100
2004-11-25,24.24,24.44,24.05,24.24,24.24,9161204
2004-11-26,23.93,24.12,23.73,23.93,23.93,4102455
2004-11-29,23.82,24.01,23.63,23.82,23.82,6831797
2004-11-30,23.54,23.72,23.35,23.54,23.54,2461683
2004-12-01,23.5,23.68,23.31,23.5,23.5,6882972
2004-12-02,23.81,24.01,23.62,23.81,23.81,3043004
2004-12-03,23.72,23.91,23.53,23.72,23.72,3861299
2004-12-06,24.12,24.31,23.92,24.12,24.12,3104942
2004-12-07,24.18,24.38,23.99,24.18,24.18,4239653
2004-12-08,24.2,24.4,24.01,24.2,24.2,4986822
2004-12-09,23.77,23.96,23.58,23.77,23.77,6074351
2004-12-10,23.53,23.72,23.34,23.53,23.53,2657062
2004-12-13,23.85,24.04,23.66,23.85,23.85,3162036
2004-12-14,24.47,24.66,24.27,24.47,24.47,1681068
2004-12-15,24.46,24.66,24.27,24.46,24.46,8146491
2004-12-16,23.61,23.8,23.43,23.61,23.61,4342751
2004-12-17,23.26,23.45,23.08,23.26,23.26,5945530
2004-12-20,23.44,23.63,23.25,23.44,23.44,10256003
2004-12-21,23.74,23.93,23.55,23.74,23.74,4139657
2004-12-22,23.7,23.89,23.51,23.7,23.7,8617873
2004-12-23,23.88,24.07,23.69,23.88,23.88,3855684
2004-12-24,24.02,24.21,23.83,24.02,24.02,5442412
2004-12-27,23.63,23.82,23.44,23.63,23.63,4640673
2004-12-28,23.94,24.13,23.75,23.94,23.94,6706739
2004-12-29,23.19,23.37,23.0,23.19,23.19,12900312
2004-12-30,23.03,23.22,22.85,23.03,23.03,3027245
2004-12-31,22.52,22.7,22.34,22.52,22.52,7280221
2005-01-03,22.25,22.43,22.08,22.25,22.25,6697888
2005-01-04,22.28,22.46,22.1,22.28,22.28,3426148
2005-01-05,21.99,22.17,21.82,21.99,21.99,6069934
2005-01-06,22.28,22.46,22.11,22.28,22.28,5887878
2005-01-07,22.16,22.33,21.98,22.16,22.16,4495356
2005-01-10,21.77,21.94,21.59,21.77,21.77,7657556
2005-01-11,22.05,22.22,21.87,22.05,22.05,8208000
2005-01-12,21.98,22.16,21.8,21.98,21.98,5216413
2005-01-13,22.05,22.23,21.88,22.05,22.05,10680867
2005-01-14,21.85,22.03,21.68,21.85,21.85,5242354
2005-01-17,22.18,22.36,22.01,22.18,22.18,4972855
2005-01-18,22.24,22.42,22.06,22.24,22.24,5226013
2005-01-19,22.64,22.82,22.46,22.64,22.64,4049920
2005-01-20,22.8,22.98,22.62,22.8,22.8,2654155
2005-01-21,22.65,22.84,22.47,22.65,22.65,3686538
2005-01-24,21.99,22.17,21.82,21.99,21.99,5300497
2005-01-25,22.0,22.18,21.82,22.0,22.0,9780233
2005-01-26,22.02,22.19,21.84,22.02,22.02,3732877
2005-01-27,22.27,22.45,22.1,22.27,22.27,8197991
2005-01-28,21.95,22.13,21.77,21.95,21.95,5039130
2005-01-31,22.31,22.49,22.13,22.31,22.31,8069552
2005-02-01,22.33,22.51,22.15,22.33,22.33,5521459
2005-02-02,22.44,22.62,22.26,22.44,22.44,4123789
2005-02-03,22.68,22.86,22.5,22.68,22.68,4480788
2005-02-04,22.27,22.44,22.09,22.27,22.27,2541309
2005-02-07,22.67,22.85,22.48,22.67,22.67,3205191
2005-02-08,23.18,23.37,23.0,23.18,23.18,4853814
2005-02-09,22.56,22.74,22.38,22.56,22.56,5467033
2005-02-10,22.8,22.98,22.61,22.8,22.8,4113387
2005-02-11,22.57,22.75,22.39,22.57,22.57,5038337
2005-02-14,22.96,23.15,22.78,22.96,22.96,6071943
2005-02-15,22.52,22.7,22.34,22.52,22.52,10814892
2005-02-16,22.56,22.74,22.38,22.56,22.56,3116190
2005-02-17,22.55,22.73,22.37,22.55,22.55,6614180
2005-02-18,22.37,22.55,22.19,22.37,22.37,8570204
2005-02-21,22.36,22.54,22.18,22.36,22.36,2515352
2005-02-22,22.38,22.56,22.2,22.38,22.38,7510304
2005-02-23,22.78,22.96,22.6,22.78,22.78,7142084
2005-02-24,23.39,23.58,23.2,23.39,23.39,4736383
2005-02-25,23.27,23.46,23.09,23.27,23.27,5819925
2005-02-28,23.17,23.36,22.98,23.17,23.17,2364269
2005-03-01,23.13,23.32,22.95,23.13,23.13,3662169
2005-03-02,23.87,24.06,23.68,23.87,23.87,4913246
2005-03-03,24.25,24.45,24.06,24.25,24.25,7308898
2005-03-04,24.96,25.16,24.76,24.96,24.96,4390766
2005-03-07,24.86,25.06,24.66,24.86,24.86,3557307
2005-03-08,24.76,24.95,24.56,24.76,24.76,2519428
2005-03-09,24.48,24.67,24.28,24.48,24.48,8710968
2005-03-10,24.21,24.4,24.01,24.21,24.21,4855669
2005-03-11,24.24,24.43,24.04,24.24,24.24,6319145
2005-03-14,24.38,24.57,24.18,24.38,24.38,4890457
2005-03-15,24.12,24.31,23.93,24.12,24.12,3591924
2005-03-16,24.29,24.49,24.1,24.29,24.29,9897745
2005-03-17,24.24,24.43,24.04,24.24,24.24,4835628
2005-03-18,24.3,24.5,24.11,24.3,24.3,2834671
2005-03-21,24.13,24.33,23.94,24.13,24.13,4178871
2005-03-22,24.76,24.96,24.56,24.76,24.76,2832953
2005-03-23,24.9,25.1,24.7,24.9,24.9,3157762
2005-03-24,24.66,24.86,24.47,24.66,24.66,4876764
2005-03-25,24.72,24.91,24.52,24.72,24.72,4317568
2005-03-28,24.42,24.62,24.23,24.42,24.42,6411463
2005-03-29,24.22,24.41,24.02,24.22,24.22,2128720
2005-03-30,23.35,23.53,23.16,23.35,23.35,5070062
2005-03-31,23.19,23.38,23.01,23.19,23.19,3289968
2005-04-01,23.57,23.76,23.38,23.57,23.57,4711241
2005-04-04,23.26,23.44,23.07,23.26,23.26,6804619
2005-04-05,23.62,23.81,23.43,23.62,23.62,4721944
2005-04-06,24.1,24.29,23.9,24.1,24.1,5626588
2005-04-07,24.29,24.49,24.1,24.29,24.29,2620108
2005-04-08,23.83,24.02,23.64,23.83,23.83,2693376
2005-04-11,23.44,23.63,23.25,23.44,23.44,5638813
2005-04-12,23.92,24.11,23.73,23.92,23.92,7044536
2005-04-13,23.34,23.52,23.15,23.34,23.34,8958754
2005-04-14,22.36,22.54,22.19,22.36,22.36,7769594
2005-04-15,22.08,22.26,21.91,22.08,22.08,8006980
2005-04-18,21.52,21.69,21.35,21.52,21.52,3812065
2005-04-19,21.66,21.84,21.49,21.66,21.66,4052091
2005-04-20,21.62,21.79,21.45,21.62,21.62,7524974
2005-04-21,21.34,21.51,21.17,21.34,21.34,4990316
2005-04-22,20.85,21.02,20.68,20.85,20.85,7557131
2005-04-25,21.31,21.48,21.14,21.31,21.31,2990305
2005-04-26,21.45,21.62,21.28,21.45,21.45,7602894
2005-04-27,21.5,21.67,21.33,21.5,21.5,3610642
2005-04-28,21.3,21.48,21.13,21.3,21.3,9489867
2005-04-29,21.03,21.19,20.86,21.03,21.03,6606463
2005-05-02,20.62,20.78,20.45,20.62,20.62,5947268
2005-05-03,20.62,20.78,20.45,20.62,20.62,4252652
2005-05-04,20.57,20.74,20.41,20.57,20.57,5513533
2005-05-05,20.23,20.39,20.07,20.23,20.23,4572675
2005-05-06,20.58,20.75,20.42,20.58,20.58,6740059
2005-05-09,20.59,20.76,20.43,20.59,20.59,7061892
2005-05-10,20.66,20.82,20.49,20.66,20.66,5112732
2005-05-11,20.72,20.89,20.56,20.72,20.72,5153789
2005-05-12,20.94,21.11,20.77,20.94,20.94,5794422
2005-05-13,20.93,21.09,20.76,20.93,20.93,3878073
2005-05-16,20.64,20.81,20.48,20.64,20.64,4295879
2005-05-17,21.07,21.24,20.9,21.07,21.07,3517288
2005-05-18,20.47,20.63,20.3,20.47,20.47,7308167
2005-05-19,20.26,20.43,20.1,20.26,20.26,7122608
2005-05-20,20.47,20.64,20.31,20.47,20.47,4396476
2005-05-23,21.17,21.34,21.0,21.17,21.17,4246626
2005-05-24,21.28,21.45,21.11,21.28,21.28,7339839
2005-05-25,20.84,21.01,20.67,20.84,20.84,5809199
2005-05-26,20.7,20.87,20.54,20.7,20.7,8432782
2005-05-27,20.56,20.72,20.39,20.56,20.56,8026353
2005-05-30,20.82,20.99,20.65,20.82,20.82,20029079
2005-05-31,20.76,20.93,20.59,20.76,20.76,6245232
2005-06-01,20.89,21.06,20.72,20.89,20.89,6201712
2005-06-02,20.94,21.1,20.77,20.94,20.94,3282067
2005-06-03,20.84,21.01,20.67,20.84,20.84,5083981
2005-06-06,20.41,20.57,20.24,20.41,20.41,4016255
2005-06-07,21.28,21.45,21.11,21.28,21.28,2335701
2005-06-08,21.24,21.41,21.07,21.24,21.24,5455071
2005-06-09,21.32,21.49,21.15,21.32,21.32,4880311
2005-06-10,21.68,21.86,21.51,21.68,21.68,3761110
2005-06-13,22.06,22.23,21.88,22.06,22.06,7433084
2005-06-14,22.1,22.27,21.92,22.1,22.1,8586015
2005-06-15,21.62,21.79,21.45,21.62,21.62,3896283
2005-06-16,21.28,21.45,21.11,21.28,21.28,2755839
2005-06-17,20.95,21.12,20.78,20.95,20.95,7624215
2005-06-20,20.78,20.95,20.62,20.78,20.78,4209499
2005-06-21,20.87,21.04,20.71,20.87,20.87,5308305
2005-06-22,21.24,21.41,21.07,21.24,21.24,4069041
2005-06-23,21.5,21.67,21.33,21.5,21.5,8647846
2005-06-24,21.89,22.07,21.72,21.89,21.89,4947530
2005-06-27,21.62,21.8,21.45,21.62,21.62,11049748
2005-06-28,21.83,22.0,21.65,21.83,21.83,4945528
2005-06-29,21.35,21.52,21.18,21.35,21.35,1938634
2005-06-30,21.43,21.6,21.26,21.43,21.43,8938640
2005-07-01,21.32,21.49,21.15,21.32,21.32,3768473
2005-07-04,21.15,21.32,20.99,21.15,21.15,3407238
2005-07-05,21.25,21.42,21.08,21.25,21.25,3325928
2005-07-06,21.49,21.66,21.31,21.49,21.49,4006588
2005-07-07,21.92,22.1,21.75,21.92,21.92,5112653
2005-07-08,22.03,22.2,21.85,22.03,22.03,5643487
2005-07-11,21.63,21.8,21.46,21.63,21.63,3902490
2005-07-12,20.85,21.01,20.68,20.85,20.85,6223944
2005-07-13,21.25,21.42,21.08,21.25,21.25,4198053
2005-07-14,20.8,20.96,20.63,20.8,20.8,6465780
2005-07-15,20.59,20.75,20.42,20.59,20.59,5948201
2005-07-18,20.18,20.34,20.01,20.18,20.18,10509437
2005-07-19,20.14,20.3,19.98,20.14,20.14,7151908
2005-07-20,20.37,20.54,20.21,20.37,20.37,5467065
2005-07-21,20.69,20.86,20.53,20.69,20.69,6073779
2005-07-22,21.0,21.17,20.83,21.0,21.0,6453994
2005-07-25,20.4,20.56,20.23,20.4,20.4,6484357
2005-07-26,20.16,20.32,20.0,20.16,20.16,3738311
2005-07-27,19.9,20.06,19.74,19.9,19.9,4071369
2005-07-28,20.06,20.22,19.9,20.06,20.06,3308330
2005-07-29,19.57,19.73,19.41,19.57,19.57,3055145
2005-08-01,19.29,19.45,19.14,19.29,19.29,7437652
2005-08-02,18.87,19.02,18.72,18.87,18.87,4974998
2005-08-03,19.22,19.38,19.07,19.22,19.22,2265818
2005-08-04,18.91,19.06,18.76,18.91,18.91,4364988
2005-08-05,18.88,19.03,18.73,18.88,18.88,4478118
2005-08-08,18.98,19.13,18.82,18.98,18.98,4856573
2005-08-09,18.89,19.04,18.74,18.89,18.89,3470395
2005-08-10,19.3,19.45,19.14,19.3,19.3,4268382
2005-08-11,19.56,19.71,19.4,19.56,19.56,5303506
2005-08-12,19.61,19.77,19.46,19.61,19.61,8924799
2005-08-15,19.57,19.73,19.41,19.57,19.57,2307807
2005-08-16,19.5,19.65,19.34,19.5,19.5,4407011
2005-08-17,19.91,20.07,19.75,19.91,19.91,5418331
2005-08-18,20.11,20.27,19.95,20.11,20.11,5232607
2005-08-19,19.21,19.36,19.05,19.21,19.21,4846035
2005-08-22,19.21,19.36,19.06,19.21,19.21,9693345
2005-08-23,18.92,19.07,18.77,18.92,18.92,1585815
2005-08-24,19.15,19.3,18.99,19.15,19.15,8065201
2005-08-25,19.54,19.7,19.39,19.54,19.54,6050068
2005-08-26,19.66,19.82,19.51,19.66,19.66,3796312
2005-08-29,19.59,19.75,19.44,19.59,19.59,4046425
2005-08-30,19.9,20.06,19.74,19.9,19.9,5370707
2005-08-31,20.0,20.16,19.84,20.0,20.0,6149015
2005-09-01,20.2,20.37,20.04,20.2,20.2,9939181
2005-09-02,19.91,20.07,19.75,19.91,19.91,7519205
2005-09-05,20.16,20.32,20.0,20.16,20.16,9112156
2005-09-06,20.53,20.69,20.36,20.53,20.53,6067907
2005-09-07,20.19,20.35,20.03,20.19,20.19,5081190
2005-09-08,20.58,20.74,20.41,20.58,20.58,5034006
2005-09-09,19.99,20.15,19.83,19.99,19.99,4488281
2005-09-12,20.01,20.17,19.85,20.01,20.01,5588971
2005-09-13,20.43,20.6,20.27,20.43,20.43,6780583
2005-09-14,20.21,20.37,20.05,20.21,20.21,5937716
2005-09-15,20.0,20.16,19.84,20.0,20.0,7847086
2005-09-16,19.86,20.02,19.7,19.86,19.86,5034287
2005-09-19,20.61,20.78,20.45,20.61,20.61,3953044
2005-09-20,20.09,20.25,19.93,20.09,20.09,8741614
2005-09-21,20.39,20.56,20.23,20.39,20.39,5241970
2005-09-22,19.9,20.06,19.74,19.9,19.9,4237044
2005-09-23,20.21,20.37,20.05,20.21,20.21,4090359
2005-09-26,20.49,20.65,20.32,20.49,20.49,5430697
2005-09-27,20.42,20.58,20.25,20.42,20.42,4613520
2005-09-28,20.5,20.67,20.34,20.5,20.5,4763392
2005-09-29,19.99,20.15,19.83,19.99,19.99,4500479
2005-09-30,20.13,20.29,19.97,20.13,20.13,3207913
2005-10-03,20.15,20.31,19.99,20.15,20.15,3807580
2005-10-04,20.37,20.54,20.21,20.37,20.37,2613811
2005-10-05,20.18,20.34,20.02,20.18,20.18,4054705
2005-10-06,20.74,20.9,20.57,20.74,20.74,3643450
2005-10-07,20.48,20.64,20.31,20.48,20.48,14598173
2005-10-10,20.08,20.24,19.92,20.08,20.08,5953222
2005-10-11,20.01,20.17,19.85,20.01,20.01,2863652
2005-10-12,20.42,20.59,20.26,20.42,20.42,5093180
2005-10-13,20.94,21.1,20.77,20.94,20.94,5611597
2005-10-14,20.98,21.15,20.81,20.98,20.98,5434071
2005-10-17,20.44,20.6,20.28,20.44,20.44,4340215
2005-10-18,20.56,20.73,20.4,20.56,20.56,4389159
2005-10-19,20.36,20.52,20.2,20.36,20.36,5527760
2005-10-20,20.3,20.47,20.14,20.3,20.3,11206092
2005-10-21,19.53,19.69,19.37,19.53,19.53,8543213
2005-10-24,20.24,20.4,20.08,20.24,20.24,16437895
2005-10-25,20.37,20.53,20.21,20.37,20.37,7849039
2005-10-26,20.33,20.49,20.16,20.33,20.33,6852239
2005-10-27,20.37,20.53,20.21,20.37,20.37,7259150
2005-10-28,20.12,20.28,19.96,20.12,20.12,2845829
2005-10-31,20.43,20.6,20.27,20.43,20.43,5619087
2005-11-01,20.19,20.35,20.03,20.19,20.19,5436933
2005-11-02,20.13,20.29,19.97,20.13,20.13,3289722
2005-11-03,20.1,20.26,19.93,20.1,20.1,5866233
2005-11-04,20.18,20.34,20.02,20.18,20.18,10070539
2005-11-07,19.8,19.96,19.64,19.8,19.8,9392661
2005-11-08,19.76,19.91,19.6,19.76,19.76,10360227
2005-11-09,20.02,20.18,19.86,20.02,20.02,4416830
2005-11-10,20.49,20.66,20.33,20.49,20.49,6596817
2005-11-11,20.08,20.24,19.92,20.08,20.08,6333557
2005-11-14,20.0,20.16,19.84,20.0,20.0,8256957
2005-11-15,20.19,20.35,20.02,20.19,20.19,3014372
2005-11-16,19.43,19.59,19.28,19.43,19.43,4573306
2005-11-17,19.38,19.53,19.22,19.38,19.38,3594279
2005-11-18,19.66,19.82,19.51,19.66,19.66,4428030
2005-11-21,19.31,19.47,19.16,19.31,19.31,3701476
2005-11-22,18.98,19.13,18.82,18.98,18.98,7188421
2005-11-23,19.12,19.28,18.97,19.12,19.12,7476392
2005-11-24,19.19,19.35,19.04,19.19,19.19,2392938
2005-11-25,18.99,19.14,18.83,18.99,18.99,6142053
2005-11-28,18.87,19.02,18.72,18.87,18.87,3756743
2005-11-29,18.79,18.94,18.64,18.79,18.79,4716887
2005-11-30,18.96,19.12,18.81,18.96,18.96,4582643
2005-12-01,19.45,19.6,19.29,19.45,19.45,3673511
2005-12-02,19.82,19.97,19.66,19.82,19.82,7730649
2005-12-05,20.0,20.16,19.84,20.0,20.0,3703578
2005-12-06,20.23,20.39,20.06,20.23,20.23,5324034
2005-12-07,20.48,20.65,20.32,20.48,20.48,6720222
2005-12-08,21.32,21.49,21.15,21.32,21.32,4398087
2005-12-09,20.99,21.16,20.82,20.99,20.99,6656583
2005-12-12,21.38,21.55,21.21,21.38,21.38,7024369
2005-12-13,21.76,21.94,21.59,21.76,21.76,7577499
2005-12-14,21.23,21.4,21.06,21.23,21.23,6397752
2005-12-15,21.19,21.36,21.02,21.19,21.19,5981046
2005-12-16,21.11,21.27,20.94,21.11,21.11,3038305
2005-12-19,21.65,21.83,21.48,21.65,21.65,4770180
2005-12-20,21.67,21.84,21.5,21.67,21.67,6859118
2005-12-21,21.41,21.58,21.24,21.41,21.41,2933010
2005-12-22,21.67,21.85,21.5,21.67,21.67,6477770
2005-12-23,21.95,22.12,21.77,21.95,21.95,18630937
2005-12-26,21.68,21.85,21.5,21.68,21.68,3085589
2005-12-27,21.36,21.53,21.19,21.36,21.36,4122148
2005-12-28,21.78,21.95,21.6,21.78,21.78,3256798
2005-12-29,22.42,22.6,22.24,22.42,22.42,2836798
2005-12-30,22.37,22.55,22.19,22.37,22.37,3892040
2006-01-02,21.79,21.96,21.61,21.79,21.79,3135357
2006-01-03,21.82,21.99,21.64,21.82,21.82,5495203
2006-01-04,21.72,21.89,21.55,21.72,21.72,3892177
2006-01-05,21.89,22.07,21.72,21.89,21.89,4095389
2006-01-06,21.77,21.94,21.59,21.77,21.77,3573438
2006-01-09,21.55,21.72,21.38,21.55,21.55,5098631
2006-01-10,21.23,21.4,21.06,21.23,21.23,4708928
2006-01-11,20.97,21.14,20.8,20.97,20.97,5014929
2006-01-12,21.11,21.28,20.94,21.11,21.11,3646698
2006-01-13,21.46,21.63,21.29,21.46,21.46,3041784
2006-01-16,21.06,21.23,20.89,21.06,21.06,8471568
2006-01-17,21.5,21.67,21.33,21.5,21.5,3306720
2006-01-18,21.42,21.59,21.25,21.42,21.42,2208105
2006-01-19,21.63,21.81,21.46,21.63,21.63,4683292
2006-01-20,21.22,21.39,21.05,21.22,21.22,7236814
2006-01-23,20.82,20.98,20.65,20.82,20.82,7942293
2006-01-24,20.42,20.58,20.26,20.42,20.42,4049682
2006-01-25,20.81,20.97,20.64,20.81,20.81,5730874
2006-01-26,21.14,21.31,20.97,21.14,21.14,5207126
2006-01-27,21.73,21.9,21.55,21.73,21.73,2327613
2006-01-30,21.44,21.61,21.27,21.44,21.44,2406527
2006-01-31,21.39,21.56,21.22,21.39,21.39,3811351
2006-02-01,21.56,21.73,21.38,21.56,21.56,10644438
2006-02-02,22.06,22.24,21.88,22.06,22.06,3120406
2006-02-03,21.72,21.89,21.55,21.72,21.72,9402414
2006-02-06,21.56,21.73,21.39,21.56,21.56,4035439
2006-02-07,21.66,21.84,21.49,21.66,21.66,2657293
2006-02-08,21.41,21.58,21.23,21.41,21.41,11004329
2006-02-09,21.63,21.81,21.46,21.63,21.63,3719958
2006-02-10,21.53,21.7,21.35,21.53,21.53,5212033
2006-02-13,21.52,21.69,21.35,21.52,21.52,7275160
2006-02-14,21.7,21.88,21.53,21.7,21.7,9307048
2006-02-15,21.11,21.28,20.94,21.11,21.11,5884764
2006-02-16,21.42,21.59,21.24,21.42,21.42,6686750
2006-02-17,21.59,21.77,21.42,21.59,21.59,7647168
2006-02-20,21.02,21.19,20.86,21.02,21.02,4788075
2006-02-21,20.46,20.62,20.3,20.46,20.46,5144243
2006-02-22,20.3,20.46,20.13,20.3,20.3,8142385
2006-02-23,20.27,20.43,20.1,20.27,20.27,3781256
2006-02-24,20.39,20.55,20.23,20.39,20.39,6058406
2006-02-27,20.59,20.76,20.43,20.59,20.59,6415751
2006-02-28,20.42,20.59,20.26,20.42,20.42,4701912
2006-03-01,20.61,20.77,20.44,20.61,20.61,3741859
2006-03-02,20.24,20.4,20.07,20.24,20.24,4423123
2006-03-03,20.58,20.74,20.41,20.58,20.58,3811380
2006-03-06,20.43,20.6,20.27,20.43,20.43,4074367
2006-03-07,20.71,20.88,20.55,20.71,20.71,10651984
2006-03-08,20.97,21.14,20.81,20.97,20.97,5348399
2006-03-09,20.97,21.14,20.81,20.97,20.97,8542087
2006-03-10,20.85,21.02,20.69,20.85,20.85,14100903
2006-03-13,20.49,20.65,20.32,20.49,20.49,3753403
2006-03-14,20.21,20.37,20.05,20.21,20.21,4392686
2006-03-15,20.32,20.48,20.16,20.32,20.32,3798641
2006-03-16,20.66,20.82,20.49,20.66,20.66,6790506
2006-03-17,21.29,21.46,21.12,21.29,21.29,3750906
2006-03-20,21.14,21.31,20.97,21.14,21.14,6827908
2006-03-21,21.75,21.93,21.58,21.75,21.75,2628829
2006-03-22,21.53,21.7,21.35,21.53,21.53,9323594
2006-03-23,21.44,21.61,21.26,21.44,21.44,5492635
2006-03-24,21.14,21.3,20.97,21.14,21.14,3647151
2006-03-27,21.35,21.52,21.18,21.35,21.35,3218618
2006-03-28,21.1,21.27,20.93,21.1,21.1,3310457
2006-03-29,20.79,20.95,20.62,20.79,20.79,5046161
2006-03-30,20.69,20.86,20.52,20.69,20.69,5077792
2006-03-31,21.12,21.29,20.95,21.12,21.12,4604617
2006-04-03,21.46,21.63,21.29,21.46,21.46,2720657
2006-04-04,21.12,21.29,20.96,21.12,21.12,5028524
2006-04-05,20.85,21.01,20.68,20.85,20.85,4467642
2006-04-06,21.29,21.46,21.12,21.29,21.29,6559863
2006-04-07,22.0,22.18,21.83,22.0,22.0,10941808
2006-04-10,22.43,22.61,22.25,22.43,22.43,5975990
2006-04-11,23.12,23.3,22.93,23.12,23.12,8215627
2006-04-12,22.88,23.07,22.7,22.88,22.88,7941912
2006-04-13,23.18,23.36,22.99,23.18,23.18,5915149
2006-04-14,23.04,23.23,22.86,23.04,23.04,8759229
2006-04-17,23.07,23.26,22.89,23.07,23.07,2919598
2006-04-18,23.09,23.28,22.91,23.09,23.09,6897946
2006-04-19,23.03,23.22,22.85,23.03,23.03,2217316
2006-04-20,23.01,23.19,22.82,23.01,23.01,9713885
2006-04-21,22.96,23.14,22.78,22.96,22.96,7320588
2006-04-24,23.06,23.24,22.87,23.06,23.06,5936310
2006-04-25,23.2,23.39,23.02,23.2,23.2,11809323
2006-04-26,23.13,23.32,22.95,23.13,23.13,4343011
2006-04-27,22.65,22.83,22.47,22.65,22.65,5527058
2006-04-28,22.53,22.71,22.35,22.53,22.53,8777571
2006-05-01,22.13,22.31,21.95,22.13,22.13,7065528
2006-05-02,21.83,22.0,21.65,21.83,21.83,6474373
2006-05-03,22.35,22.53,22.17,22.35,22.35,7800957
2006-05-04,22.28,22.46,22.11,22.28,22.28,5235203
2006-05-05,22.27,22.45,22.1,22.27,22.27,3727853
2006-05-08,22.5,22.68,22.32,22.5,22.5,5535382
2006-05-09,23.24,23.42,23.05,23.24,23.24,4063923
2006-05-10,24.17,24.37,23.98,24.17,24.17,6540921
2006-05-11,23.76,23.95,23.57,23.76,23.76,5348451
2006-05-12,24.3,24.5,24.11,24.3,24.3,4437939
2006-05-15,24.47,24.67,24.28,24.47,24.47,10379149
2006-05-16,25.1,25.3,24.9,25.1,25.1,7963084
2006-05-17,24.94,25.14,24.74,24.94,24.94,6602780
2006-05-18,24.45,24.64,24.25,24.45,24.45,4942995
2006-05-19,24.33,24.52,24.13,24.33,24.33,7654703
2006-05-22,24.77,24.97,24.57,24.77,24.77,13762942
2006-05-23,24.99,25.19,24.79,24.99,24.99,6410015
2006-05-24,26.15,26.36,25.94,26.15,26.15,11119936
2006-05-25,26.35,26.56,26.14,26.35,26.35,4421855
2006-05-26,26.55,26.76,26.33,26.55,26.55,4429077
2006-05-29,27.01,27.22,26.79,27.01,27.01,3288560
2006-05-30,26.98,27.19,26.76,26.98,26.98,4314893
2006-05-31,26.91,27.12,26.69,26.91,26.91,4223855
2006-06-01,26.65,26.87,26.44,26.65,26.65,6711779
2006-06-02,26.09,26.3,25.88,26.09,26.09,4959150
2006-06-05,26.89,27.11,26.68,26.89,26.89,4697859
2006-06-06,26.72,26.93,26.51,26.72,26.72,8147053
2006-06-07,26.74,26.96,26.53,26.74,26.74,7314655
2006-06-08,26.78,26.99,26.56,26.78,26.78,3924837
2006-06-09,26.8,27.01,26.58,26.8,26.8,7742654
2006-06-12,27.06,27.27,26.84,27.06,27.06,2438497
2006-06-13,26.57,26.78,26.36,26.57,26.57,4271866
2006-06-14,26.01,26.21,25.8,26.01,26.01,6459951
2006-06-15,25.9,26.11,25.69,25.9,25.9,6910542
2006-06-16,26.3,26.52,26.09,26.3,26.3,4904640
2006-06-19,26.08,26.29,25.88,26.08,26.08,10202378
2006-06-20,25.92,26.13,25.72,25.92,25.92,7032739
2006-06-21,26.14,26.35,25.93,26.14,26.14,7148786
2006-06-22,25.49,25.69,25.29,25.49,25.49,4265127
2006-06-23,25.91,26.12,25.7,25.91,25.91,4175717
2006-06-26,26.14,26.34,25.93,26.14,26.14,6366526
2006-06-27,25.59,25.8,25.39,25.59,25.59,5223061
2006-06-28,25.78,25.98,25.57,25.78,25.78,11137719
2006-06-29,25.99,26.2,25.78,25.99,25.99,4453537
2006-06-30,26.53,26.75,26.32,26.53,26.53,4785640
2006-07-03,26.09,26.3,25.88,26.09,26.09,4177422
2006-07-04,25.57,25.78,25.37,25.57,25.57,4112946
2006-07-05,25.82,26.03,25.62,25.82,25.82,3639174
2006-07-06,25.85,26.06,25.65,25.85,25.85,7763890
2006-07-07,26.33,26.54,26.12,26.33,26.33,4562817
2006-07-10,26.35,26.56,26.14,26.35,26.35,6638001
2006-07-11,26.02,26.23,25.81,26.02,26.02,8302534
2006-07-12,25.76,25.97,25.55,25.76,25.76,9073941
2006-07-13,25.86,26.07,25.65,25.86,25.86,5909929
2006-07-14,25.88,26.09,25.68,25.88,25.88,8841951
2006-07-17,26.49,26.7,26.28,26.49,26.49,8460143
2006-07-18,27.46,27.68,27.24,27.46,27.46,9165184
2006-07-19,27.12,27.34,26.9,27.12,27.12,7364126
2006-07-20,27.14,27.35,26.92,27.14,27.14,5700136
2006-07-21,26.92,27.14,26.71,26.92,26.92,4940402
2006-07-24,26.71,26.93,26.5,26.71,26.71,9310509
2006-07-25,26.74,26.95,26.52,26.74,26.74,4315607
2006-07-26,25.91,26.12,25.7,25.91,25.91,4476616
2006-07-27,26.09,26.3,25.89,26.09,26.09,16761377
2006-07-28,26.0,26.21,25.79,26.0,26.0,9508147
2006-07-31,26.51,26.72,26.3,26.51,26.51,2838985
2006-08-01,26.22,26.43,26.01,26.22,26.22,5776602
2006-08-02,26.6,26.81,26.38,26.6,26.6,4762420
2006-08-03,26.45,26.66,26.24,26.45,26.45,6855977
2006-08-04,26.77,26.99,26.56,26.77,26.77,4336180
2006-08-07,26.83,27.04,26.61,26.83,26.83,8987755
2006-08-08,26.9,27.11,26.68,26.9,26.9,4736680
2006-08-09,27.61,27.83,27.38,27.61,27.61,4578587
2006-08-10,27.81,28.04,27.59,27.81,27.81,5871730
2006-08-11,28.12,28.35,27.9,28.12,28.12,2734876
2006-08-14,27.9,28.12,27.67,27.9,27.9,4055355
2006-08-15,27.52,27.74,27.3,27.52,27.52,1331651
2006-08-16,26.61,26.83,26.4,26.61,26.61,4594882
2006-08-17,26.82,27.03,26.6,26.82,26.82,3035665
2006-08-18,26.85,27.06,26.64,26.85,26.85,9485210
2006-08-21,26.3,26.51,26.09,26.3,26.3,10607824
2006-08-22,25.68,25.88,25.47,25.68,25.68,4107601
2006-08-23,26.31,26.52,26.1,26.31,26.31,7573757
2006-08-24,25.93,26.14,25.72,25.93,25.93,4603581
2006-08-25,25.49,25.69,25.28,25.49,25.49,2330388
2006-08-28,24.94,25.14,24.74,24.94,24.94,8532579
2006-08-29,24.97,25.17,24.77,24.97,24.97,5472391
2006-08-30,24.68,24.88,24.49,24.68,24.68,4811942
2006-08-31,24.43,24.62,24.23,24.43,24.43,4536662
2006-09-01,24.13,24.32,23.93,24.13,24.13,3848507
2006-09-04,23.7,23.89,23.51,23.7,23.7,5563747
2006-09-05,23.92,24.11,23.73,23.92,23.92,8812720
2006-09-06,23.62,23.81,23.43,23.62,23.62,4874252
2006-09-07,23.67,23.86,23.48,23.67,23.67,4944064
2006-09-08,24.05,24.24,23.85,24.05,24.05,9668994
2006-09-11,24.17,24.36,23.97,24.17,24.17,9536460
2006-09-12,23.9,24.09,23.71,23.9,23.9,8100742
2006-09-13,24.01,24.21,23.82,24.01,24.01,6548087
2006-09-14,23.98,24.17,23.79,23.98,23.98,5477744
2006-09-15,23.48,23.67,23.3,23.48,23.48,3746046
2006-09-18,23.46,23.65,23.28,23.46,23.46,3538545
2006-09-19,23.1,23.29,22.92,23.1,23.1,6785206
2006-09-20,23.03,23.22,22.85,23.03,23.03,8265939
2006-09-21,23.52,23.71,23.33,23.52,23.52,7641588
2006-09-22,23.11,23.3,22.93,23.11,23.11,7162280
2006-09-25,22.73,22.91,22.55,22.73,22.73,7529918
2006-09-26,22.38,22.56,22.2,22.38,22.38,4975989
2006-09-27,21.8,21.97,21.62,21.8,21.8,8022867
2006-09-28,21.37,21.54,21.19,21.37,21.37,6155698
2006-09-29,21.09,21.26,20.92,21.09,21.09,4370873
2006-10-02,21.75,21.93,21.58,21.75,21.75,7468617
2006-10-03,22.19,22.37,22.01,22.19,22.19,5727888
2006-10-04,21.66,21.84,21.49,21.66,21.66,7233291
2006-10-05,21.32,21.49,21.15,21.32,21.32,3777910
2006-10-06,21.05,21.22,20.88,21.05,21.05,4882375
2006-10-09,21.26,21.43,21.09,21.26,21.26,5930960
2006-10-10,21.56,21.73,21.39,21.56,21.56,6118161
2006-10-11,21.39,21.56,21.21,21.39,21.39,4623761
2006-10-12,21.59,21.76,21.41,21.59,21.59,2394247
2006-10-13,21.94,22.12,21.77,21.94,21.94,1972379
2006-10-16,21.57,21.74,21.4,21.57,21.57,8510791
2006-10-17,21.53,21.7,21.36,21.53,21.53,4606467
2006-10-18,21.49,21.66,21.31,21.49,21.49,3050267
2006-10-19,21.74,21.92,21.57,21.74,21.74,5418138
2006-10-20,21.77,21.94,21.59,21.77,21.77,2287540
2006-10-23,21.93,22.1,21.75,21.93,21.93,5873003
2006-10-24,21.81,21.99,21.64,21.81,21.81,5619371
2006-10-25,21.98,22.16,21.81,21.98,21.98,4823130
2006-10-26,22.39,22.57,22.21,22.39,22.39,21427283
2006-10-27,22.82,23.0,22.63,22.82,22.82,7816351
2006-10-30,22.51,22.69,22.33,22.51,22.51,2835820
2006-10-31,22.07,22.25,21.9,22.07,22.07,5412321
2006-11-01,22.26,22.43,22.08,22.26,22.26,4220417
2006-11-02,22.39,22.57,22.21,22.39,22.39,3918724
2006-11-03,22.75,22.94,22.57,22.75,22.75,7130690
2006-11-06,23.65,23.84,23.46,23.65,23.65,5829406
2006-11-07,23.6,23.79,23.42,23.6,23.6,6428309
2006-11-08,23.17,23.35,22.98,23.17,23.17,5806658
2006-11-09,23.31,23.5,23.13,23.31,23.31,7150630
2006-11-10,23.17,23.35,22.98,23.17,23.17,4478092
2006-11-13,23.34,23.53,23.15,23.34,23.34,3161828
2006-11-14,23.51,23.7,23.33,23.51,23.51,7019912
2006-11-15,23.25,23.44,23.07,23.25,23.25,7004263
2006-11-16,22.5,22.68,22.32,22.5,22.5,5569623
2006-11-17,23.13,23.31,22.94,23.13,23.13,7578870
2006-11-20,23.89,24.08,23.7,23.89,23.89,4969500
2006-11-21,24.33,24.52,24.13,24.33,24.33,6822868
2006-11-22,24.17,24.37,23.98,24.17,24.17,15750024
2006-11-23,24.12,24.31,23.92,24.12,24.12,5612686
2006-11-24,24.2,24.4,24.01,24.2,24.2,6459881
2006-11-27,23.89,24.09,23.7,23.89,23.89,8271428
2006-11-28,24.76,24.96,24.56,24.76,24.76,4898608
2006-11-29,24.8,24.99,24.6,24.8,24.8,5193710
2006-11-30,25.48,25.68,25.27,25.48,25.48,10151154
2006-12-01,25.41,25.61,25.21,25.41,25.41,5959863
2006-12-04,25.31,25.51,25.1,25.31,25.31,4558925
2006-12-05,25.31,25.51,25.11,25.31,25.31,3731451
2006-12-06,25.6,25.8,25.39,25.6,25.6,2162173
2006-12-07,26.07,26.28,25.86,26.07,26.07,4160499
2006-12-08,25.59,25.79,25.38,25.59,25.59,5940749
2006-12-11,26.22,26.42,26.01,26.22,26.22,1414769
2006-12-12,26.27,26.48,26.06,26.27,26.27,7236024
2006-12-13,26.06,26.27,25.85,26.06,26.06,3592901
2006-12-14,25.57,25.77,25.36,25.57,25.57,5224592
2006-12-15,25.53,25.73,25.32,25.53,25.53,4563620
2006-12-18,25.3,25.51,25.1,25.3,25.3,11618093
2006-12-19,25.84,26.05,25.64,25.84,25.84,7240114
2006-12-20,25.24,25.44,25.04,25.24,25.24,6675198
2006-12-21,26.03,26.24,25.82,26.03,26.03,3838245
2006-12-22,25.03,25.23,24.83,25.03,25.03,2600065
2006-12-25,24.81,25.01,24.61,24.81,24.81,6585209
2006-12-26,25.28,25.48,25.08,25.28,25.28,7908737
2006-12-27,25.69,25.9,25.48,25.69,25.69,6663601
2006-12-28,25.4,25.61,25.2,25.4,25.4,5638958
2006-12-29,25.75,25.95,25.54,25.75,25.75,6291591
2007-01-01,26.36,26.57,26.15,26.36,26.36,4060288
2007-01-02,25.9,26.11,25.69,25.9,25.9,5484432
2007-01-03,25.39,25.59,25.19,25.39,25.39,5423998
2007-01-04,25.73,25.93,25.52,25.73,25.73,7807771
2007-01-05,25.97,26.18,25.76,25.97,25.97,5393284
2007-01-08,26.28,26.49,26.07,26.28,26.28,2953174
2007-01-09,26.14,26.35,25.93,26.14,26.14,4777234
2007-01-10,26.23,26.44,26.02,26.23,26.23,7404669
2007-01-11,26.8,27.01,26.58,26.8,26.8,6011220
2007-01-12,26.9,27.12,26.69,26.9,26.9,6850003
2007-01-15,26.99,27.2,26.77,26.99,26.99,5227656
2007-01-16,27.2,27.42,26.99,27.2,27.2,3591399
2007-01-17,27.34,27.56,27.13,27.34,27.34,5460626
2007-01-18,27.14,27.35,26.92,27.14,27.14,5691475
2007-01-19,27.46,27.68,27.24,27.46,27.46,7588721
2007-01-22,27.89,28.11,27.67,27.89,27.89,4482341
2007-01-23,27.51,27.73,27.29,27.51,27.51,2412665
2007-01-24,27.88,28.1,27.65,27.88,27.88,4783222
2007-01-25,27.94,28.17,27.72,27.94,27.94,2503640
2007-01-26,27.65,27.88,27.43,27.65,27.65,5672117
2007-01-29,27.61,27.83,27.39,27.61,27.61,8943725
2007-01-30,27.41,27.62,27.19,27.41,27.41,8040000
2007-01-31,27.22,27.44,27.0,27.22,27.22,5541697
2007-02-01,27.31,27.52,27.09,27.31,27.31,6162904
2007-02-02,27.81,28.03,27.59,27.81,27.81,5552500
2007-02-05,28.2,28.43,27.98,28.2,28.2,7837757
2007-02-06,28.48,28.71,28.26,28.48,28.48,4120365
2007-02-07,28.72,28.95,28.49,28.72,28.72,6997198
2007-02-08,28.38,28.61,28.15,28.38,28.38,9327036
2007-02-09,28.42,28.65,28.19,28.42,28.42,3379522
2007-02-12,28.48,28.71,28.25,28.48,28.48,8552433
2007-02-13,28.72,28.95,28.49,28.72,28.72,5665230
2007-02-14,29.12,29.35,28.89,29.12,29.12,3547701
2007-02-15,29.19,29.42,28.95,29.19,29.19,3772328
2007-02-16,28.76,28.99,28.53,28.76,28.76,3123724
2007-02-19,28.9,29.13,28.67,28.9,28.9,12206131
2007-02-20,28.6,28.83,28.38,28.6,28.6,6730633
2007-02-21,28.61,28.84,28.38,28.61,28.61,5692180
2007-02-22,28.08,28.3,27.85,28.08,28.08,6560700
2007-02-23,27.83,28.05,27.6,27.83,27.83,3552203
2007-02-26,27.73,27.95,27.51,27.73,27.73,4635414
2007-02-27,27.87,28.09,27.64,27.87,27.87,5618831
2007-02-28,27.91,28.13,27.68,27.91,27.91,2988175
2007-03-01,28.44,28.67,28.22,28.44,28.44,4258217
2007-03-02,28.52,28.74,28.29,28.52,28.52,5433417
2007-03-05,28.46,28.68,28.23,28.46,28.46,5976828
2007-03-06,28.41,28.63,28.18,28.41,28.41,4910402
2007-03-07,28.59,28.82,28.36,28.59,28.59,3773288
2007-03-08,27.74,27.96,27.52,27.74,27.74,7851834
2007-03-09,28.39,28.62,28.17,28.39,28.39,7580667
2007-03-12,28.94,29.17,28.71,28.94,28.94,7750691
2007-03-13,29.22,29.45,28.98,29.22,29.22,2706295
2007-03-14,29.03,29.26,28.8,29.03,29.03,5418647
2007-03-15,30.09,30.33,29.85,30.09,30.09,5184764
2007-03-16,30.61,30.85,30.37,30.61,30.61,6695641
2007-03-19,30.92,31.17,30.67,30.92,30.92,6648688
2007-03-20,30.55,30.79,30.31,30.55,30.55,4693787
2007-03-21,31.25,31.5,31.0,31.25,31.25,8335270
2007-03-22,31.82,32.08,31.57,31.82,31.82,3384442
2007-03-23,31.56,31.82,31.31,31.56,31.56,10741903
2007-03-26,32.37,32.63,32.11,32.37,32.37,5289160
2007-03-27,31.68,31.93,31.43,31.68,31.68,5465767
2007-03-28,31.61,31.86,31.35,31.61,31.61,10134181
2007-03-29,31.47,31.72,31.22,31.47,31.47,4068095
2007-03-30,32.19,32.45,31.94,32.19,32.19,4184152
2007-04-02,32.43,32.69,32.17,32.43,32.43,3264293
2007-04-03,31.84,32.09,31.58,31.84,31.84,4913974
2007-04-04,31.81,32.06,31.55,31.81,31.81,6245506
2007-04-05,32.01,32.26,31.75,32.01,32.01,8695029
2007-04-06,33.07,33.34,32.81,33.07,33.07,15115543
2007-04-09,34.38,34.66,34.11,34.38,34.38,6173707
2007-04-10,34.89,35.17,34.61,34.89,34.89,5777976
2007-04-11,35.07,35.35,34.79,35.07,35.07,5678182
2007-04-12,36.34,36.63,36.05,36.34,36.34,5268655
2007-04-13,36.22,36.51,35.93,36.22,36.22,4772003
2007-04-16,35.84,36.13,35.56,35.84,35.84,4787411
2007-04-17,35.76,36.04,35.47,35.76,35.76,10721582
2007-04-18,35.18,35.46,34.9,35.18,35.18,4179700
2007-04-19,34.92,35.2,34.64,34.92,34.92,4264970
2007-04-20,34.24,34.51,33.97,34.24,34.24,8247992
2007-04-23,33.51,33.78,33.24,33.51,33.51,5063667
2007-04-24,33.92,34.19,33.65,33.92,33.92,6805767
2007-04-25,34.6,34.88,34.32,34.6,34.6,9806602
2007-04-26,34.81,35.09,34.54,34.81,34.81,7301515
2007-04-27,35.6,35.88,35.32,35.6,35.6,5547615
2007-04-30,35.61,35.9,35.33,35.61,35.61,3025263
2007-05-01,34.98,35.25,34.7,34.98,34.98,4786070
2007-05-02,34.92,35.2,34.64,34.92,34.92,5604142
2007-05-03,35.04,35.32,34.76,35.04,35.04,6060664
2007-05-04,35.09,35.37,34.81,35.09,35.09,3608677
2007-05-07,35.23,35.51,34.95,35.23,35.23,4765383
2007-05-08,34.44,34.72,34.17,34.44,34.44,8078861
2007-05-09,34.31,34.58,34.03,34.31,34.31,4666954
2007-05-10,33.71,33.98,33.44,33.71,33.71,8364158
2007-05-11,34.36,34.63,34.09,34.36,34.36,4744337
2007-05-14,34.99,35.27,34.71,34.99,34.99,2220904
2007-05-15,35.4,35.68,35.12,35.4,35.4,4458767
2007-05-16,36.13,36.42,35.84,36.13,36.13,10358966
2007-05-17,35.62,35.9,35.33,35.62,35.62,4417299
2007-05-18,35.58,35.86,35.29,35.58,35.58,4488544
2007-05-21,36.22,36.51,35.93,36.22,36.22,4431976
2007-05-22,36.34,36.63,36.05,36.34,36.34,7032441
2007-05-23,35.87,36.15,35.58,35.87,35.87,2951413
2007-05-24,36.73,37.02,36.43,36.73,36.73,8842961
2007-05-25,35.82,36.11,35.54,35.82,35.82,4641230
2007-05-28,35.55,35.84,35.27,35.55,35.55,6932891
2007-05-29,35.54,35.82,35.25,35.54,35.54,11722357
2007-05-30,35.93,36.21,35.64,35.93,35.93,6421527
2007-05-31,35.06,35.34,34.78,35.06,35.06,4967165
2007-06-01,34.57,34.85,34.29,34.57,34.57,6237396
2007-06-04,34.81,35.09,34.53,34.81,34.81,6414345
2007-06-05,34.26,34.53,33.98,34.26,34.26,16116058
2007-06-06,33.93,34.21,33.66,33.93,33.93,4096720
2007-06-07,33.49,33.75,33.22,33.49,33.49,2680156
2007-06-08,33.0,33.27,32.74,33.0,33.0,7088453
2007-06-11,33.41,33.68,33.15,33.41,33.41,7286125
2007-06-12,34.13,34.4,33.86,34.13,34.13,6054728
2007-06-13,33.82,34.09,33.55,33.82,33.82,5738637
2007-06-14,33.8,34.07,33.53,33.8,33.8,7198415
2007-06-15,33.32,33.59,33.06,33.32,33.32,6124256
2007-06-18,34.43,34.7,34.15,34.43,34.43,4945519
2007-06-19,34.08,34.35,33.8,34.08,34.08,7881905
2007-06-20,35.17,35.45,34.89,35.17,35.17,5925781
2007-06-21,34.51,34.79,34.24,34.51,34.51,6551322
2007-06-22,34.95,35.23,34.67,34.95,34.95,5524922
2007-06-25,34.24,34.51,33.96,34.24,34.24,3373811
2007-06-26,33.68,33.95,33.41,33.68,33.68,10129005
2007-06-27,34.01,34.28,33.74,34.01,34.01,1897781
2007-06-28,34.23,34.5,33.95,34.23,34.23,11282497
2007-06-29,33.55,33.82,33.28,33.55,33.55,5089904
2007-07-02,33.85,34.12,33.58,33.85,33.85,4230064
2007-07-03,33.98,34.25,33.71,33.98,33.98,5068418
2007-07-04,34.02,34.29,33.74,34.02,34.02,5332496
2007-07-05,33.61,33.87,33.34,33.61,33.61,3724828
2007-07-06,33.86,34.13,33.59,33.86,33.86,7050739
2007-07-09,32.45,32.71,32.19,32.45,32.45,7291591
2007-07-10,32.15,32.4,31.89,32.15,32.15,4157958
2007-07-11,33.17,33.44,32.91,33.17,33.17,4960905
2007-07-12,33.78,34.05,33.51,33.78,33.78,5277025
2007-07-13,34.72,35.0,34.44,34.72,34.72,4026005
2007-07-16,34.66,34.94,34.39,34.66,34.66,5902191
2007-07-17,34.75,35.02,34.47,34.75,34.75,6182608
2007-07-18,34.6,34.88,34.32,34.6,34.6,4242427
2007-07-19,34.26,34.53,33.98,34.26,34.26,7262910
2007-07-20,33.51,33.78,33.25,33.51,33.51,4048033
2007-07-23,34.08,34.35,33.81,34.08,34.08,8471548
2007-07-24,33.55,33.81,33.28,33.55,33.55,3686242
2007-07-25,33.25,33.51,32.98,33.25,33.25,5457931
2007-07-26,32.51,32.77,32.25,32.51,32.51,5208623
2007-07-27,31.95,32.21,31.69,31.95,31.95,5329864
2007-07-30,32.28,32.54,32.03,32.28,32.28,8723568
2007-07-31,33.37,33.64,33.11,33.37,33.37,5657528
2007-08-01,33.11,33.38,32.85,33.11,33.11,6315875
2007-08-02,34.22,34.49,33.94,34.22,34.22,4949933
2007-08-03,34.7,34.98,34.42,34.7,34.7,4033668
2007-08-06,34.31,34.59,34.04,34.31,34.31,5631021
2007-08-07,33.93,34.2,33.65,33.93,33.93,6201732
2007-08-08,34.53,34.81,34.26,34.53,34.53,5194211
2007-08-09,34.28,34.56,34.01,34.28,34.28,6124840
2007-08-10,34.17,34.44,33.9,34.17,34.17,3183970
2007-08-13,34.42,34.69,34.14,34.42,34.42,6296564
2007-08-14,35.34,35.62,35.05,35.34,35.34,7578633
2007-08-15,34.87,35.15,34.59,34.87,34.87,8144861
2007-08-16,34.06,34.33,33.79,34.06,34.06,17823622
2007-08-17,33.58,33.85,33.31,33.58,33.58,4091008
2007-08-20,32.86,33.13,32.6,32.86,32.86,3847366
2007-08-21,32.87,33.14,32.61,32.87,32.87,11221384
2007-08-22,33.67,33.94,33.4,33.67,33.67,4997261
2007-08-23,34.29,34.56,34.01,34.29,34.29,6739343
2007-08-24,34.36,34.64,34.09,34.36,34.36,7447820
2007-08-27,34.6,34.88,34.32,34.6,34.6,8284429
2007-08-28,34.97,35.25,34.69,34.97,34.97,5698436
2007-08-29,34.28,34.55,34.0,34.28,34.28,2836433
2007-08-30,34.61,34.88,34.33,34.61,34.61,8290106
2007-08-31,34.31,34.58,34.03,34.31,34.31,6679317
2007-09-03,34.22,34.49,33.94,34.22,34.22,4663612
2007-09-04,34.35,34.63,34.08,34.35,34.35,3000978
2007-09-05,34.34,34.62,34.07,34.34,34.34,7905343
2007-09-06,35.06,35.34,34.78,35.06,35.06,6378382
2007-09-07,34.66,34.94,34.38,34.66,34.66,3838522
2007-09-10,34.2,34.47,33.93,34.2,34.2,6233950
2007-09-11,33.92,34.19,33.65,33.92,33.92,8174693
2007-09-12,33.79,34.06,33.52,33.79,33.79,8165206
2007-09-13,33.93,34.2,33.66,33.93,33.93,4687800
2007-09-14,33.84,34.11,33.57,33.84,33.84,3276806
2007-09-17,33.49,33.76,33.22,33.49,33.49,6116691
2007-09-18,34.64,34.92,34.36,34.64,34.64,5597152
2007-09-19,34.04,34.31,33.77,34.04,34.04,4826737
2007-09-20,34.07,34.34,33.79,34.07,34.07,3341620
2007-09-21,35.48,35.77,35.2,35.48,35.48,6040825
2007-09-24,34.99,35.27,34.71,34.99,34.99,9407002
2007-09-25,34.22,34.49,33.95,34.22,34.22,3956482
2007-09-26,34.78,35.06,34.51,34.78,34.78,7097467
2007-09-27,34.07,34.35,33.8,34.07,34.07,7470510
2007-09-28,34.13,34.4,33.86,34.13,34.13,3593613
2007-10-01,34.23,34.51,33.96,34.23,34.23,3301592
2007-10-02,34.15,34.43,33.88,34.15,34.15,2554084
2007-10-03,34.18,34.45,33.9,34.18,34.18,8306470
2007-10-04,34.44,34.71,34.16,34.44,34.44,4594223
2007-10-05,34.24,34.52,33.97,34.24,34.24,4923044
2007-10-08,35.11,35.39,34.83,35.11,35.11,6733200
2007-10-09,35.59,35.87,35.3,35.59,35.59,4870613
2007-10-10,35.17,35.45,34.89,35.17,35.17,3816193
2007-10-11,35.95,36.24,35.66,35.95,35.95,5530093
2007-10-12,36.02,36.31,35.73,36.02,36.02,13191125
2007-10-15,35.65,35.93,35.36,35.65,35.65,5768968
2007-10-16,35.82,36.11,35.54,35.82,35.82,5846702
2007-10-17,35.13,35.41,34.85,35.13,35.13,4508351
2007-10-18,35.55,35.83,35.26,35.55,35.55,5898818
2007-10-19,34.8,35.08,34.52,34.8,34.8,4698744
2007-10-22,34.67,34.95,34.39,34.67,34.67,11594367
2007-10-23,34.47,34.75,34.2,34.47,34.47,2372697
2007-10-24,35.32,35.6,35.04,35.32,35.32,3664615
2007-10-25,35.1,35.38,34.82,35.1,35.1,4735658
2007-10-26,34.96,35.24,34.68,34.96,34.96,6868969
2007-10-29,34.25,34.53,33.98,34.25,34.25,8207288
2007-10-30,34.66,34.94,34.38,34.66,34.66,3666477
2007-10-31,34.37,34.64,34.09,34.37,34.37,6612925
2007-11-01,34.28,34.56,34.01,34.28,34.28,8206465
2007-11-02,33.59,33.86,33.33,33.59,33.59,8502902
2007-11-05,33.52,33.79,33.25,33.52,33.52,4115530
2007-11-06,34.99,35.27,34.71,34.99,34.99,4308563
2007-11-07,35.84,36.12,35.55,35.84,35.84,8057411
2007-11-08,35.29,35.57,35.0,35.29,35.29,9236154
2007-11-09,35.76,36.05,35.47,35.76,35.76,3005504
2007-11-12,35.84,36.12,35.55,35.84,35.84,3849488
2007-11-13,35.76,36.05,35.47,35.76,35.76,5508780
2007-11-14,35.36,35.65,35.08,35.36,35.36,8673596
2007-11-15,34.57,34.85,34.3,34.57,34.57,4284189
2007-11-16,35.57,35.85,35.29,35.57,35.57,8004134
2007-11-19,35.44,35.72,35.15,35.44,35.44,2666368
2007-11-20,35.7,35.98,35.41,35.7,35.7,4553815
2007-11-21,36.08,36.37,35.79,36.08,36.08,3461219
2007-11-22,35.64,35.92,35.35,35.64,35.64,12763976
2007-11-23,36.61,36.9,36.32,36.61,36.61,11268635
2007-11-26,37.06,37.35,36.76,37.06,37.06,3339535
2007-11-27,37.42,37.72,37.12,37.42,37.42,13818434
2007-11-28,36.47,36.76,36.18,36.47,36.47,6570999
2007-11-29,36.22,36.51,35.93,36.22,36.22,11427421
2007-11-30,36.72,37.01,36.42,36.72,36.72,4710765
2007-12-03,36.7,37.0,36.41,36.7,36.7,7739428
2007-12-04,36.88,37.17,36.58,36.88,36.88,4015204
2007-12-05,37.66,37.96,37.36,37.66,37.66,5100222
2007-12-06,37.23,37.53,36.93,37.23,37.23,7566635
2007-12-07,38.43,38.74,38.12,38.43,38.43,5178689
2007-12-10,38.94,39.26,38.63,38.94,38.94,5405851
2007-12-11,39.52,39.84,39.21,39.52,39.52,6139713
2007-12-12,39.29,39.6,38.98,39.29,39.29,4515963
2007-12-13,39.21,39.52,38.89,39.21,39.21,8818632
2007-12-14,38.93,39.24,38.62,38.93,38.93,9611050
2007-12-17,39.42,39.73,39.1,39.42,39.42,7399039
2007-12-18,40.05,40.37,39.73,40.05,40.05,6775335
2007-12-19,39.81,40.13,39.49,39.81,39.81,8781975
2007-12-20,39.88,40.2,39.56,39.88,39.88,6659683
2007-12-21,39.72,40.04,39.4,39.72,39.72,2830218
2007-12-24,39.08,39.39,38.77,39.08,39.08,9212183
2007-12-25,37.61,37.91,37.31,37.61,37.61,6692151
2007-12-26,37.09,37.38,36.79,37.09,37.09,6944006
2007-12-27,37.09,37.39,36.8,37.09,37.09,8257085
2007-12-28,37.92,38.22,37.62,37.92,37.92,6447025
2007-12-31,38.25,38.55,37.94,38.25,38.25,5167088
2008-01-01,37.91,38.22,37.61,37.91,37.91,4771116
2008-01-02,39.36,39.68,39.05,39.36,39.36,4299661
2008-01-03,40.02,40.34,39.7,40.02,40.02,4942299
2008-01-04,41.11,41.44,40.78,41.11,41.11,4477409
2008-01-07,40.53,40.86,40.21,40.53,40.53,2766059
2008-01-08,40.75,41.08,40.43,40.75,40.75,10668776
2008-01-09,39.95,40.27,39.63,39.95,39.95,6835683
2008-01-10,39.72,40.03,39.4,39.72,39.72,4371074
2008-01-11,39.56,39.88,39.24,39.56,39.56,2314991
2008-01-14,39.97,40.29,39.65,39.97,39.97,3537577
2008-01-15,40.05,40.37,39.73,40.05,40.05,6103766
2008-01-16,40.25,40.57,39.93,40.25,40.25,4837949
2008-01-17,41.18,41.51,40.85,41.18,41.18,3357273
2008-01-18,39.66,39.98,39.34,39.66,39.66,4899506
2008-01-21,39.86,40.18,39.54,39.86,39.86,2162141
2008-01-22,40.22,40.54,39.9,40.22,40.22,5719324
2008-01-23,39.61,39.93,39.29,39.61,39.61,6028466
2008-01-24,39.92,40.24,39.6,39.92,39.92,2243422
2008-01-25,40.21,40.54,39.89,40.21,40.21,3127349
2008-01-28,39.77,40.09,39.46,39.77,39.77,3180934
2008-01-29,39.58,39.89,39.26,39.58,39.58,4503882
2008-01-30,39.34,39.65,39.02,39.34,39.34,5396185
2008-01-31,38.85,39.16,38.54,38.85,38.85,5040015
2008-02-01,38.5,38.81,38.19,38.5,38.5,5914081
2008-02-04,39.83,40.15,39.51,39.83,39.83,4159985
2008-02-05,40.46,40.79,40.14,40.46,40.46,16391240
2008-02-06,40.19,40.51,39.86,40.19,40.19,2600728
2008-02-07,39.95,40.27,39.63,39.95,39.95,7517904
2008-02-08,40.23,40.56,39.91,40.23,40.23,5885522
2008-02-11,40.54,40.86,40.21,40.54,40.54,4464324
2008-02-12,40.73,41.06,40.4,40.73,40.73,9057688
2008-02-13,40.75,41.08,40.42,40.75,40.75,3088420
2008-02-14,39.79,40.11,39.47,39.79,39.79,5080609
2008-02-15,39.16,39.48,38.85,39.16,39.16,4487800
2008-02-18,39.58,39.9,39.26,39.58,39.58,3418009
2008-02-19,39.12,39.43,38.81,39.12,39.12,5184872
2008-02-20,38.94,39.25,38.63,38.94,38.94,5691859
2008-02-21,38.82,39.13,38.51,38.82,38.82,9269821
2008-02-22,38.16,38.47,37.86,38.16,38.16,4326763
2008-02-25,37.24,37.54,36.94,37.24,37.24,3653097
2008-02-26,36.88,37.18,36.59,36.88,36.88,7690556
2008-02-27,37.18,37.48,36.88,37.18,37.18,12757039
2008-02-28,37.97,38.27,37.66,37.97,37.97,4706503
2008-02-29,38.23,38.53,37.92,38.23,38.23,3677137
2008-03-03,37.23,37.53,36.93,37.23,37.23,6892023
2008-03-04,37.69,37.99,37.39,37.69,37.69,7074765
2008-03-05,38.28,38.58,37.97,38.28,38.28,2294629
2008-03-06,39.18,39.5,38.87,39.18,39.18,6303964
2008-03-07,39.63,39.94,39.31,39.63,39.63,6819986
2008-03-10,40.45,40.77,40.12,40.45,40.45,4519687
2008-03-11,41.13,41.46,40.8,41.13,41.13,6780522
2008-03-12,41.23,41.56,40.9,41.23,41.23,4200258
2008-03-13,41.36,41.69,41.03,41.36,41.36,4738130
2008-03-14,40.73,41.05,40.4,40.73,40.73,7037347
2008-03-17,42.52,42.86,42.18,42.52,42.52,5169331
2008-03-18,42.61,42.95,42.27,42.61,42.61,6647645
2008-03-19,43.46,43.81,43.11,43.46,43.46,6044304
2008-03-20,43.37,43.71,43.02,43.37,43.37,4875282
2008-03-21,42.88,43.22,42.54,42.88,42.88,6766707
2008-03-24,42.59,42.93,42.25,42.59,42.59,8280744
2008-03-25,41.53,41.86,41.2,41.53,41.53,4880987
2008-03-26,41.77,42.11,41.44,41.77,41.77,1923634
2008-03-27,42.53,42.87,42.19,42.53,42.53,4721733
2008-03-28,42.7,43.05,42.36,42.7,42.7,3126550
2008-03-31,42.71,43.05,42.36,42.71,42.71,5481126
2008-04-01,42.7,43.04,42.36,42.7,42.7,6650571
2008-04-02,42.07,42.4,41.73,42.07,42.07,6328507
2008-04-03,42.05,42.39,41.71,42.05,42.05,6236925
2008-04-04,41.64,41.98,41.31,41.64,41.64,9653169
2008-04-07,42.33,42.66,41.99,42.33,42.33,5139807
2008-04-08,41.97,42.31,41.63,41.97,41.97,2572312
2008-04-09,42.18,42.51,41.84,42.18,42.18,4801245
2008-04-10,41.44,41.77,41.11,41.44,41.44,5091545
2008-04-11,42.96,43.31,42.62,42.96,42.96,4594023
2008-04-14,43.23,43.58,42.88,43.23,43.23,4148005
2008-04-15,43.64,43.98,43.29,43.64,43.64,8415562
2008-04-16,43.14,43.48,42.79,43.14,43.14,4608695
2008-04-17,43.0,43.34,42.66,43.0,43.0,3416018
2008-04-18,43.47,43.82,43.12,43.47,43.47,7159272
2008-04-21,43.28,43.63,42.93,43.28,43.28,2778152
2008-04-22,43.2,43.54,42.85,43.2,43.2,3151551
2008-04-23,42.93,43.28,42.59,42.93,42.93,8213040
2008-04-24,43.51,43.86,43.16,43.51,43.51,7054295
2008-04-25,43.92,44.27,43.57,43.92,43.92,4983477
2008-04-28,43.96,44.31,43.61,43.96,43.96,8080255
2008-04-29,44.51,44.86,44.15,44.51,44.51,3990958
2008-04-30,44.38,44.74,44.03,44.38,44.38,5824896
2008-05-01,43.59,43.94,43.24,43.59,43.59,4775398
2008-05-02,43.88,44.23,43.53,43.88,43.88,7357986
2008-05-05,44.3,44.65,43.94,44.3,44.3,7172013
2008-05-06,42.98,43.33,42.64,42.98,42.98,3890714
2008-05-07,43.46,43.81,43.11,43.46,43.46,8773791
2008-05-08,42.97,43.31,42.62,42.97,42.97,13636019
2008-05-09,42.3,42.64,41.96,42.3,42.3,4128639
2008-05-12,42.66,43.0,42.32,42.66,42.66,3306681
2008-05-13,41.41,41.74,41.07,41.41,41.41,6110447
2008-05-14,41.25,41.58,40.92,41.25,41.25,4441478
2008-05-15,41.03,41.36,40.7,41.03,41.03,6845560
2008-05-16,41.82,42.15,41.48,41.82,41.82,4161868
2008-05-19,42.28,42.62,41.94,42.28,42.28,3952546
2008-05-20,42.25,42.59,41.91,42.25,42.25,9212963
2008-05-21,41.85,42.19,41.52,41.85,41.85,10212214
2008-05-22,41.45,41.79,41.12,41.45,41.45,5160743
2008-05-23,43.15,43.5,42.81,43.15,43.15,5220033
2008-05-26,42.82,43.16,42.48,42.82,42.82,4224060
2008-05-27,41.83,42.17,41.5,41.83,41.83,6369214
2008-05-28,42.31,42.65,41.97,42.31,42.31,3064639
2008-05-29,42.54,42.88,42.19,42.54,42.54,3403599
2008-05-30,42.05,42.39,41.72,42.05,42.05,5427930
2008-06-02,41.98,42.32,41.65,41.98,41.98,8559948
2008-06-03,41.89,42.22,41.55,41.89,41.89,9883613
2008-06-04,42.72,43.06,42.37,42.72,42.72,8761308
2008-06-05,43.16,43.51,42.82,43.16,43.16,6926329
2008-06-06,43.5,43.85,43.15,43.5,43.5,7349638
2008-06-09,44.46,44.82,44.11,44.46,44.46,3922817
2008-06-10,45.35,45.71,44.99,45.35,45.35,8187037
2008-06-11,45.88,46.24,45.51,45.88,45.88,3631280
2008-06-12,46.12,46.49,45.75,46.12,46.12,8901534
2008-06-13,46.74,47.11,46.37,46.74,46.74,5322865
2008-06-16,46.64,47.01,46.26,46.64,46.64,3744386
2008-06-17,45.98,46.35,45.61,45.98,45.98,4267036
2008-06-18,44.08,44.43,43.73,44.08,44.08,4797306
2008-06-19,42.69,43.03,42.34,42.69,42.69,4472845
2008-06-20,43.59,43.94,43.24,43.59,43.59,5214744
2008-06-23,43.85,44.2,43.5,43.85,43.85,5322673
2008-06-24,44.02,44.37,43.67,44.02,44.02,2054887
2008-06-25,44.56,44.91,44.2,44.56,44.56,3565454
2008-06-26,44.21,44.56,43.85,44.21,44.21,5376624
2008-06-27,43.78,44.13,43.43,43.78,43.78,2442377
2008-06-30,43.49,43.84,43.14,43.49,43.49,1879757
2008-07-01,43.67,44.02,43.32,43.67,43.67,4232522
2008-07-02,43.79,44.14,43.44,43.79,43.79,4780590
2008-07-03,42.92,43.26,42.58,42.92,42.92,3382483
2008-07-04,42.89,43.24,42.55,42.89,42.89,5058575
2008-07-07,43.32,43.67,42.98,43.32,43.32,6123397
2008-07-08,43.87,44.22,43.52,43.87,43.87,3092555
2008-07-09,45.14,45.51,44.78,45.14,45.14,4132801
2008-07-10,44.12,44.47,43.77,44.12,44.12,4459367
2008-07-11,43.73,44.08,43.38,43.73,43.73,6845095
2008-07-14,42.65,42.99,42.31,42.65,42.65,6319266
2008-07-15,42.01,42.35,41.68,42.01,42.01,9086611
2008-07-16,41.86,42.19,41.52,41.86,41.86,4281471
2008-07-17,41.68,42.01,41.34,41.68,41.68,4753666
2008-07-18,41.12,41.45,40.79,41.12,41.12,5152181
2008-07-21,41.54,41.87,41.21,41.54,41.54,6410881
2008-07-22,41.45,41.78,41.12,41.45,41.45,8510270
2008-07-23,40.54,40.87,40.22,40.54,40.54,2792134
2008-07-24,40.2,40.52,39.88,40.2,40.2,9161351
2008-07-25,40.28,40.6,39.96,40.28,40.28,2577856
2008-07-28,41.44,41.77,41.11,41.44,41.44,11464162
2008-07-29,41.6,41.93,41.27,41.6,41.6,4864370
2008-07-30,42.41,42.75,42.07,42.41,42.41,5562792
2008-07-31,42.83,43.17,42.49,42.83,42.83,6123948
2008-08-01,42.44,42.78,42.1,42.44,42.44,5250948
2008-08-04,41.95,42.28,41.61,41.95,41.95,7748024
2008-08-05,41.83,42.16,41.49,41.83,41.83,4805253
2008-08-06,43.06,43.4,42.71,43.06,43.06,3945572
2008-08-07,43.31,43.66,42.96,43.31,43.31,4429768
2008-08-08,43.47,43.81,43.12,43.47,43.47,7232827
2008-08-11,43.01,43.35,42.66,43.01,43.01,7700959
2008-08-12,41.95,42.29,41.62,41.95,41.95,11471984
2008-08-13,42.4,42.74,42.06,42.4,42.4,5022423
2008-08-14,42.57,42.91,42.23,42.57,42.57,11124123
2008-08-15,41.85,42.19,41.52,41.85,41.85,10347333
2008-08-18,41.6,41.93,41.26,41.6,41.6,10745409
2008-08-19,40.96,41.29,40.63,40.96,40.96,6572256
2008-08-20,41.2,41.53,40.87,41.2,41.2,4800816
2008-08-21,41.84,42.18,41.51,41.84,41.84,15469382
2008-08-22,41.6,41.93,41.26,41.6,41.6,4875145
2008-08-25,41.4,41.73,41.06,41.4,41.4,3209627
2008-08-26,42.5,42.85,42.16,42.5,42.5,3277181
2008-08-27,42.91,43.26,42.57,42.91,42.91,5003863
2008-08-28,41.41,41.74,41.08,41.41,41.41,6775481
2008-08-29,41.69,42.03,41.36,41.69,41.69,4241485
2008-09-01,42.67,43.01,42.33,42.67,42.67,9762211
2008-09-02,42.75,43.1,42.41,42.75,42.75,6052637
2008-09-03,42.82,43.17,42.48,42.82,42.82,5773947
2008-09-04,43.21,43.55,42.86,43.21,43.21,5845523
2008-09-05,42.71,43.05,42.37,42.71,42.71,5733746
2008-09-08,43.32,43.66,42.97,43.32,43.32,5572970
2008-09-09,42.86,43.2,42.52,42.86,42.86,4531495
2008-09-10,43.1,43.44,42.75,43.1,43.1,4722431
2008-09-11,42.86,43.2,42.51,42.86,42.86,2468527
2008-09-12,43.19,43.54,42.85,43.19,43.19,5855229
2008-09-15,43.11,43.46,42.77,43.11,43.11,4534121
2008-09-16,43.13,43.47,42.78,43.13,43.13,3015094
2008-09-17,43.43,43.78,43.08,43.43,43.43,3432100
2008-09-18,44.1,44.45,43.75,44.1,44.1,7786251
2008-09-19,44.94,45.3,44.58,44.94,44.94,5632362
2008-09-22,45.66,46.03,45.3,45.66,45.66,5916920
2008-09-23,45.69,46.05,45.32,45.69,45.69,1863466
2008-09-24,44.91,45.27,44.55,44.91,44.91,3716181
2008-09-25,45.0,45.36,44.64,45.0,45.0,5407233
2008-09-26,44.62,44.97,44.26,44.62,44.62,4772808
2008-09-29,43.59,43.94,43.25,43.59,43.59,9775960
2008-09-30,43.62,43.97,43.27,43.62,43.62,10836635
2008-10-01,44.48,44.84,44.13,44.48,44.48,10799194
2008-10-02,44.47,44.83,44.12,44.47,44.47,2879981
2008-10-03,44.2,44.56,43.85,44.2,44.2,3347805
2008-10-06,42.82,43.16,42.48,42.82,42.82,2793037
2008-10-07,43.34,43.69,42.99,43.34,43.34,4229598
2008-10-08,44.33,44.69,43.98,44.33,44.33,5060304
2008-10-09,44.55,44.91,44.2,44.55,44.55,7547097
2008-10-10,45.88,46.25,45.52,45.88,45.88,4639337
2008-10-13,46.39,46.76,46.02,46.39,46.39,4291207
2008-10-14,46.38,46.75,46.0,46.38,46.38,10355641
2008-10-15,46.75,47.12,46.38,46.75,46.75,9676470
2008-10-16,45.36,45.73,45.0,45.36,45.36,3609519
2008-10-17,45.42,45.78,45.05,45.42,45.42,7095414
2008-10-20,45.47,45.83,45.11,45.47,45.47,5307719
2008-10-21,45.26,45.62,44.9,45.26,45.26,8038509
2008-10-22,45.32,45.68,44.96,45.32,45.32,6082450
2008-10-23,45.43,45.8,45.07,45.43,45.43,5310069
2008-10-24,44.92,45.28,44.57,44.92,44.92,7617218
2008-10-27,45.73,46.09,45.36,45.73,45.73,6768847
2008-10-28,45.04,45.4,44.68,45.04,45.04,4733521
2008-10-29,45.26,45.62,44.9,45.26,45.26,3670423
2008-10-30,45.82,46.18,45.45,45.82,45.82,12372466
2008-10-31,45.18,45.54,44.82,45.18,45.18,8981894
2008-11-03,46.07,46.44,45.7,46.07,46.07,4395397
2008-11-04,46.06,46.43,45.69,46.06,46.06,4238079
2008-11-05,46.39,46.76,46.02,46.39,46.39,3126345
2008-11-06,47.17,47.55,46.8,47.17,47.17,6188592
2008-11-07,45.68,46.04,45.31,45.68,45.68,4698408
2008-11-10,46.78,47.16,46.41,46.78,46.78,6306177
2008-11-11,47.28,47.65,46.9,47.28,47.28,3970540
2008-11-12,47.42,47.8,47.04,47.42,47.42,8516170
2008-11-13,48.85,49.24,48.46,48.85,48.85,6725183
2008-11-14,48.08,48.47,47.7,48.08,48.08,7596762
2008-11-17,48.9,49.29,48.5,48.9,48.9,5576002
2008-11-18,49.96,50.36,49.56,49.96,49.96,3640237
2008-11-19,50.22,50.62,49.82,50.22,50.22,7012547
2008-11-20,49.3,49.69,48.9,49.3,49.3,5954130
2008-11-21,50.33,50.73,49.93,50.33,50.33,8381108
2008-11-24,49.13,49.53,48.74,49.13,49.13,5634200
2008-11-25,49.93,50.33,49.53,49.93,49.93,11500387
2008-11-26,48.38,48.77,48.0,48.38,48.38,3221969
2008-11-27,48.5,48.88,48.11,48.5,48.5,7510747
2008-11-28,47.81,48.2,47.43,47.81,47.81,4549649
2008-12-01,49.09,49.48,48.7,49.09,49.09,4774149
2008-12-02,48.27,48.66,47.88,48.27,48.27,5304489
2008-12-03,48.61,49.0,48.22,48.61,48.61,4579944
2008-12-04,47.76,48.15,47.38,47.76,47.76,6889360
2008-12-05,46.89,47.27,46.52,46.89,46.89,4253081
2008-12-08,47.24,47.62,46.87,47.24,47.24,2846626
2008-12-09,46.51,46.88,46.13,46.51,46.51,3083773
2008-12-10,46.46,46.83,46.08,46.46,46.46,5008163
2008-12-11,46.68,47.05,46.31,46.68,46.68,8870404
2008-12-12,46.68,47.05,46.31,46.68,46.68,5102950
2008-12-15,45.57,45.93,45.2,45.57,45.57,5460662
2008-12-16,45.14,45.5,44.77,45.14,45.14,5388230
2008-12-17,45.49,45.85,45.12,45.49,45.49,4405222
2008-12-18,45.14,45.5,44.78,45.14,45.14,3871945
2008-12-19,45.06,45.42,44.7,45.06,45.06,2975876
2008-12-22,46.08,46.45,45.71,46.08,46.08,5966240
2008-12-23,45.81,46.17,45.44,45.81,45.81,5676556
2008-12-24,45.84,46.21,45.48,45.84,45.84,4994192
2008-12-25,45.1,45.46,44.73,45.1,45.1,7483153
2008-12-26,44.95,45.31,44.59,44.95,44.95,3633700
2008-12-29,44.79,45.15,44.44,44.79,44.79,4379664
2008-12-30,44.35,44.7,43.99,44.35,44.35,10921953
2008-12-31,44.38,44.73,44.02,44.38,44.38,4599485
2009-01-01,44.11,44.47,43.76,44.11,44.11,3006344
2009-01-02,44.33,44.68,43.97,44.33,44.33,7127718
2009-01-05,44.01,44.36,43.66,44.01,44.01,3647777
2009-01-06,44.23,44.58,43.87,44.23,44.23,10662307
2009-01-07,44.23,44.58,43.88,44.23,44.23,6276609
2009-01-08,44.02,44.37,43.67,44.02,44.02,5411401
2009-01-09,44.6,44.96,44.24,44.6,44.6,7632150
2009-01-12,44.36,44.71,44.0,44.36,44.36,3369218
2009-01-13,43.36,43.71,43.02,43.36,43.36,6010313
2009-01-14,43.67,44.02,43.32,43.67,43.67,5579492
2009-01-15,43.67,44.02,43.32,43.67,43.67,9508756
2009-01-16,44.14,44.49,43.79,44.14,44.14,3142227
2009-01-19,44.06,44.41,43.71,44.06,44.06,3899386
2009-01-20,43.82,44.17,43.47,43.82,43.82,6501022
2009-01-21,43.73,44.08,43.38,43.73,43.73,7423512
2009-01-22,43.41,43.76,43.06,43.41,43.41,12237758
2009-01-23,44.61,44.97,44.25,44.61,44.61,4825626
2009-01-26,44.25,44.6,43.89,44.25,44.25,7058432
2009-01-27,44.75,45.11,44.39,44.75,44.75,6420797
2009-01-28,45.34,45.71,44.98,45.34,45.34,9148626
2009-01-29,45.94,46.31,45.58,45.94,45.94,5217467
2009-01-30,46.13,46.5,45.76,46.13,46.13,4698449
2009-02-02,46.18,46.55,45.81,46.18,46.18,4158566
2009-02-03,46.91,47.28,46.53,46.91,46.91,5752522
2009-02-04,46.91,47.29,46.54,46.91,46.91,8967463
2009-02-05,48.15,48.53,47.76,48.15,48.15,6621956
2009-02-06,49.34,49.73,48.94,49.34,49.34,5077105
2009-02-09,47.98,48.37,47.6,47.98,47.98,7885169
2009-02-10,48.83,49.22,48.44,48.83,48.83,5633543
2009-02-11,48.92,49.31,48.52,48.92,48.92,5570837
2009-02-12,49.46,49.86,49.07,49.46,49.46,5237761
2009-02-13,50.32,50.73,49.92,50.32,50.32,6987991
2009-02-16,50.75,51.16,50.34,50.75,50.75,9207912
2009-02-17,50.27,50.67,49.87,50.27,50.27,7929666
2009-02-18,50.13,50.53,49.73,50.13,50.13,5765773
2009-02-19,49.32,49.72,48.93,49.32,49.32,10667736
2009-02-20,49.97,50.37,49.57,49.97,49.97,6636062
2009-02-23,49.89,50.29,49.5,49.89,49.89,4610618
2009-02-24,49.93,50.33,49.54,49.93,49.93,4315572
2009-02-25,50.3,50.7,49.9,50.3,50.3,2640007
2009-02-26,49.65,50.05,49.26,49.65,49.65,3197328
2009-02-27,49.57,49.96,49.17,49.57,49.57,6225715
2009-03-02,49.96,50.36,49.56,49.96,49.96,2858243
2009-03-03,50.26,50.67,49.86,50.26,50.26,7819841
2009-03-04,50.41,50.81,50.0,50.41,50.41,5398423
2009-03-05,51.31,51.72,50.9,51.31,51.31,4741416
2009-03-06,50.93,51.34,50.52,50.93,50.93,7302957
2009-03-09,50.88,51.28,50.47,50.88,50.88,9541593
2009-03-10,51.03,51.43,50.62,51.03,51.03,10283944
2009-03-11,51.67,52.09,51.26,51.67,51.67,4661882
2009-03-12,52.16,52.58,51.75,52.16,52.16,4081169
2009-03-13,52.74,53.17,52.32,52.74,52.74,6996522
2009-03-16,51.27,51.68,50.86,51.27,51.27,3369024
2009-03-17,53.07,53.5,52.65,53.07,53.07,4417596
2009-03-18,53.98,54.41,53.55,53.98,53.98,6065864
2009-03-19,54.84,55.28,54.4,54.84,54.84,3411960
2009-03-20,55.91,56.35,55.46,55.91,55.91,3629377
2009-03-23,57.49,57.95,57.03,57.49,57.49,8775534
2009-03-24,56.47,56.92,56.01,56.47,56.47,7933016
2009-03-25,56.63,57.09,56.18,56.63,56.63,8618736
2009-03-26,57.81,58.28,57.35,57.81,57.81,9087445
2009-03-27,59.72,60.2,59.24,59.72,59.72,3502879
2009-03-30,59.0,59.47,58.52,59.0,59.0,3830307
2009-03-31,58.37,58.83,57.9,58.37,58.37,3722392
2009-04-01,58.47,58.93,58.0,58.47,58.47,5148262
2009-04-02,58.7,59.17,58.23,58.7,58.7,5574340
2009-04-03,58.72,59.19,58.25,58.72,58.72,2407875
2009-04-06,58.84,59.31,58.37,58.84,58.84,6977611
2009-04-07,58.0,58.46,57.53,58.0,58.0,4130485
2009-04-08,58.65,59.12,58.18,58.65,58.65,7307491
2009-04-09,59.33,59.8,58.86,59.33,59.33,3470262
2009-04-10,58.93,59.41,58.46,58.93,58.93,2929706
2009-04-13,57.62,58.08,57.16,57.62,57.62,6176539
2009-04-14,57.33,57.78,56.87,57.33,57.33,8223736
2009-04-15,60.26,60.75,59.78,60.26,60.26,4918981
2009-04-16,61.3,61.79,60.81,61.3,61.3,3752846
2009-04-17,60.69,61.17,60.2,60.69,60.69,3665771
2009-04-20,59.54,60.02,59.07,59.54,59.54,7033547
2009-04-21,58.84,59.31,58.37,58.84,58.84,3331186
2009-04-22,57.65,58.11,57.19,57.65,57.65,5372793
2009-04-23,56.5,56.95,56.05,56.5,56.5,6924762
2009-04-24,57.72,58.18,57.26,57.72,57.72,4963537
2009-04-27,58.7,59.17,58.23,58.7,58.7,5273650
2009-04-28,58.76,59.23,58.29,58.76,58.76,5660207
2009-04-29,58.17,58.63,57.7,58.17,58.17,7085325
2009-04-30,59.52,60.0,59.04,59.52,59.52,3375663
2009-05-01,57.66,58.12,57.2,57.66,57.66,4337413
2009-05-04,58.65,59.12,58.18,58.65,58.65,6835345
2009-05-05,59.58,60.06,59.1,59.58,59.58,8781282
2009-05-06,60.24,60.73,59.76,60.24,60.24,7359552
2009-05-07,59.7,60.18,59.22,59.7,59.7,7858803
2009-05-08,59.89,60.37,59.41,59.89,59.89,6165906
2009-05-11,60.8,61.29,60.31,60.8,60.8,6937592
2009-05-12,60.71,61.2,60.23,60.71,60.71,5924776
2009-05-13,61.52,62.01,61.02,61.52,61.52,4632096
2009-05-14,62.01,62.5,61.51,62.01,62.01,4853023
2009-05-15,62.57,63.07,62.07,62.57,62.57,10012312
2009-05-18,64.13,64.64,63.62,64.13,64.13,6930672
2009-05-19,64.83,65.35,64.31,64.83,64.83,9875846
2009-05-20,64.49,65.0,63.97,64.49,64.49,2655748
2009-05-21,62.63,63.13,62.13,62.63,62.63,6583304
2009-05-22,63.55,64.06,63.04,63.55,63.55,5422365
2009-05-25,63.75,64.26,63.24,63.75,63.75,7688067
2009-05-26,63.94,64.45,63.43,63.94,63.94,12059264
2009-05-27,64.62,65.13,64.1,64.62,64.62,6264614
2009-05-28,64.5,65.01,63.98,64.5,64.5,5472595
2009-05-29,65.17,65.69,64.65,65.17,65.17,5353985
2009-06-01,66.81,67.35,66.28,66.81,66.81,5629816
2009-06-02,69.14,69.69,68.59,69.14,69.14,3295440
2009-06-03,69.11,69.66,68.56,69.11,69.11,5896195
2009-06-04,67.0,67.53,66.46,67.0,67.0,5807086
2009-06-05,67.43,67.97,66.89,67.43,67.43,5766433
2009-06-08,67.83,68.38,67.29,67.83,67.83,8038298
2009-06-09,67.19,67.73,66.66,67.19,67.19,1211559
2009-06-10,68.2,68.75,67.66,68.2,68.2,8240804
2009-06-11,68.14,68.69,67.6,68.14,68.14,5542408
2009-06-12,67.5,68.04,66.96,67.5,67.5,9661793
2009-06-15,66.67,67.2,66.13,66.67,66.67,4728873
2009-06-16,65.34,65.87,64.82,65.34,65.34,7032043
2009-06-17,67.29,67.83,66.75,67.29,67.29,5413357
2009-06-18,68.29,68.84,67.74,68.29,68.29,4812772
2009-06-19,69.1,69.66,68.55,69.1,69.1,8948661
2009-06-22,70.69,71.26,70.13,70.69,70.69,2995585
2009-06-23,70.38,70.94,69.81,70.38,70.38,5414171
2009-06-24,69.61,70.17,69.05,69.61,69.61,9094806
2009-06-25,68.92,69.47,68.37,68.92,68.92,3283055
2009-06-26,68.31,68.86,67.77,68.31,68.31,4295288
2009-06-29,68.03,68.57,67.48,68.03,68.03,8467872
2009-06-30,67.1,67.64,66.56,67.1,67.1,5826980
2009-07-01,68.01,68.56,67.47,68.01,68.01,8687841
2009-07-02,67.68,68.22,67.14,67.68,67.68,4208644
2009-07-03,67.41,67.95,66.87,67.41,67.41,5134610
2009-07-06,68.71,69.26,68.16,68.71,68.71,5986981
2009-07-07,69.63,70.19,69.07,69.63,69.63,15454102
2009-07-08,69.13,69.68,68.57,69.13,69.13,4964612
2009-07-09,68.53,69.08,67.98,68.53,68.53,7978856
2009-07-10,68.34,68.89,67.79,68.34,68.34,6518156
2009-07-13,68.24,68.79,67.7,68.24,68.24,5548467
2009-07-14,66.66,67.19,66.12,66.66,66.66,6183069
2009-07-15,66.31,66.84,65.78,66.31,66.31,6316768
2009-07-16,66.83,67.36,66.29,66.83,66.83,5162777
2009-07-17,66.83,67.36,66.29,66.83,66.83,12558583
2009-07-20,66.3,66.84,65.77,66.3,66.3,10877618
2009-07-21,67.86,68.41,67.32,67.86,67.86,5327726
2009-07-22,67.66,68.2,67.12,67.66,67.66,4057398
2009-07-23,67.5,68.04,66.96,67.5,67.5,7256928
2009-07-24,68.03,68.58,67.49,68.03,68.03,3174376
2009-07-27,66.77,67.3,66.23,66.77,66.77,6540214
2009-07-28,66.98,67.52,66.45,66.98,66.98,4314150
2009-07-29,65.04,65.56,64.52,65.04,65.04,4845197
2009-07-30,65.49,66.02,64.97,65.49,65.49,4699289
2009-07-31,65.78,66.3,65.25,65.78,65.78,4231599
2009-08-03,65.73,66.26,65.21,65.73,65.73,5749586
2009-08-04,66.21,66.74,65.68,66.21,66.21,8951952
2009-08-05,65.79,66.31,65.26,65.79,65.79,5851290
2009-08-06,66.33,66.86,65.8,66.33,66.33,3769411
2009-08-07,66.8,67.33,66.26,66.8,66.8,10512385
2009-08-10,68.41,68.96,67.86,68.41,68.41,5403491
2009-08-11,68.81,69.36,68.26,68.81,68.81,7203447
2009-08-12,68.25,68.8,67.71,68.25,68.25,6156042
2009-08-13,68.14,68.69,67.6,68.14,68.14,3577940
2009-08-14,70.0,70.56,69.44,70.0,70.0,4799060
2009-08-17,68.79,69.34,68.24,68.79,68.79,7724081
2009-08-18,70.28,70.85,69.72,70.28,70.28,4911042
2009-08-19,71.36,71.93,70.79,71.36,71.36,4289210
2009-08-20,71.09,71.66,70.52,71.09,71.09,5257348
2009-08-21,70.67,71.24,70.1,70.67,70.67,10043874
2009-08-24,70.39,70.95,69.83,70.39,70.39,7835296
2009-08-25,72.11,72.68,71.53,72.11,72.11,7506540
2009-08-26,72.56,73.14,71.98,72.56,72.56,2763300
2009-08-27,71.66,72.24,71.09,71.66,71.66,9112641
2009-08-28,73.21,73.79,72.62,73.21,73.21,6797069
2009-08-31,72.58,73.16,72.0,72.58,72.58,8784602
2009-09-01,74.85,75.45,74.25,74.85,74.85,9714509
2009-09-02,73.6,74.19,73.01,73.6,73.6,2767524
2009-09-03,73.37,73.96,72.78,73.37,73.37,5340518
2009-09-04,72.32,72.9,71.75,72.32,72.32,5647168
2009-09-07,74.55,75.15,73.96,74.55,74.55,4915752
2009-09-08,74.51,75.11,73.92,74.51,74.51,4496489
2009-09-09,73.67,74.26,73.08,73.67,73.67,4641859
2009-09-10,74.97,75.57,74.37,74.97,74.97,9120225
2009-09-11,75.66,76.26,75.05,75.66,75.66,4748655
2009-09-14,76.18,76.79,75.57,76.18,76.18,2623068
2009-09-15,75.61,76.22,75.01,75.61,75.61,8011026
2009-09-16,77.49,78.11,76.87,77.49,77.49,3880343
2009-09-17,74.77,75.37,74.17,74.77,74.77,3727881
2009-09-18,75.62,76.23,75.02,75.62,75.62,6188043
2009-09-21,73.86,74.45,73.26,73.86,73.86,6240822
2009-09-22,73.94,74.53,73.34,73.94,73.94,2999911
2009-09-23,73.72,74.31,73.13,73.72,73.72,2944020
2009-09-24,74.14,74.74,73.55,74.14,74.14,2124679
2009-09-25,74.72,75.32,74.12,74.72,74.72,5294737
2009-09-28,75.81,76.42,75.2,75.81,75.81,5721654
2009-09-29,75.63,76.23,75.02,75.63,75.63,3438198
2009-09-30,75.6,76.2,74.99,75.6,75.6,5323184
2009-10-01,75.16,75.76,74.56,75.16,75.16,4938585
2009-10-02,77.19,77.81,76.58,77.19,77.19,6190864
2009-10-05,79.35,79.99,78.72,79.35,79.35,6672466
2009-10-06,81.68,82.33,81.02,81.68,81.68,4329825
2009-10-07,81.27,81.92,80.62,81.27,81.27,4173734
2009-10-08,81.13,81.78,80.48,81.13,81.13,8677016
2009-10-09,81.34,82.0,80.69,81.34,81.34,5405159
2009-10-12,78.16,78.79,77.54,78.16,78.16,2889216
2009-10-13,80.61,81.26,79.97,80.61,80.61,3940219
2009-10-14,81.58,82.23,80.92,81.58,81.58,3436382
2009-10-15,80.96,81.61,80.31,80.96,80.96,5895718
2009-10-16,82.02,82.68,81.37,82.02,82.02,5742800
2009-10-19,82.37,83.03,81.71,82.37,82.37,5892357
2009-10-20,83.89,84.57,83.22,83.89,83.89,3572156
2009-10-21,86.79,87.49,86.1,86.79,86.79,3388213
2009-10-22,84.25,84.92,83.57,84.25,84.25,2742045
2009-10-23,83.16,83.83,82.5,83.16,83.16,4487630
2009-10-26,82.51,83.17,81.85,82.51,82.51,5811482
2009-10-27,81.99,82.65,81.33,81.99,81.99,2957905
2009-10-28,82.17,82.83,81.51,82.17,82.17,4850814
2009-10-29,81.41,82.06,80.76,81.41,81.41,2755676
2009-10-30,82.1,82.75,81.44,82.1,82.1,5837313
2009-11-02,83.91,84.58,83.24,83.91,83.91,3089942
2009-11-03,83.73,84.4,83.06,83.73,83.73,4044565
2009-11-04,84.04,84.71,83.37,84.04,84.04,8449460
2009-11-05,85.75,86.44,85.06,85.75,85.75,5588824
2009-11-06,85.1,85.78,84.42,85.1,85.1,4558019
2009-11-09,85.32,86.01,84.64,85.32,85.32,5560630
2009-11-10,86.14,86.83,85.45,86.14,86.14,6446664
2009-11-11,87.35,88.05,86.66,87.35,87.35,6552407
2009-11-12,88.72,89.43,88.01,88.72,88.72,8919026
2009-11-13,88.59,89.29,87.88,88.59,88.59,4482630
2009-11-16,87.14,87.84,86.44,87.14,87.14,3057357
2009-11-17,84.72,85.39,84.04,84.72,84.72,4243571
2009-11-18,84.28,84.95,83.6,84.28,84.28,5343537
2009-11-19,82.67,83.33,82.01,82.67,82.67,5242294
2009-11-20,81.92,82.58,81.27,81.92,81.92,8746531
2009-11-23,81.35,82.0,80.7,81.35,81.35,2945831
2009-11-24,79.6,80.23,78.96,79.6,79.6,2784186
2009-11-25,81.98,82.63,81.32,81.98,81.98,3746250
2009-11-26,81.39,82.05,80.74,81.39,81.39,5243296
2009-11-27,79.72,80.36,79.09,79.72,79.72,3971452
2009-11-30,79.03,79.66,78.4,79.03,79.03,4845553
2009-12-01,78.6,79.23,77.97,78.6,78.6,4184720
2009-12-02,78.76,79.39,78.13,78.76,78.76,4281732
2009-12-03,79.3,79.93,78.66,79.3,79.3,9654377
2009-12-04,82.33,82.99,81.67,82.33,82.33,6595229
2009-12-07,82.69,83.35,82.03,82.69,82.69,9096505
2009-12-08,83.43,84.09,82.76,83.43,83.43,5018263
2009-12-09,84.4,85.08,83.73,84.4,84.4,5553661
2009-12-10,83.47,84.14,82.8,83.47,83.47,5422540
2009-12-11,85.42,86.1,84.74,85.42,85.42,5134990
2009-12-14,86.95,87.64,86.25,86.95,86.95,2453148
2009-12-15,88.83,89.54,88.12,88.83,88.83,7558064
2009-12-16,88.31,89.02,87.61,88.31,88.31,4075447
2009-12-17,88.67,89.38,87.96,88.67,88.67,3406618
2009-12-18,87.99,88.7,87.29,87.99,87.99,9462188
2009-12-21,88.57,89.28,87.86,88.57,88.57,3865730
2009-12-22,87.21,87.91,86.51,87.21,87.21,4599923
2009-12-23,87.6,88.31,86.9,87.6,87.6,3242978
2009-12-24,88.17,88.88,87.47,88.17,88.17,4913379
2009-12-25,85.54,86.23,84.86,85.54,85.54,9242853
2009-12-28,85.71,86.39,85.02,85.71,85.71,3664422
2009-12-29,86.58,87.28,85.89,86.58,86.58,6003623
2009-12-30,85.49,86.17,84.8,85.49,85.49,3406024
2009-12-31,87.62,88.32,86.92,87.62,87.62,5360180
2010-01-01,85.49,86.17,84.8,85.49,85.49,3441585
2010-01-04,84.93,85.61,84.25,84.93,84.93,6684983
2010-01-05,86.14,86.83,85.45,86.14,86.14,6943487
2010-01-06,86.71,87.4,86.02,86.71,86.71,7569836
2010-01-07,85.39,86.07,84.71,85.39,85.39,4088268
2010-01-08,85.21,85.89,84.52,85.21,85.21,3870708
2010-01-11,83.4,84.07,82.74,83.4,83.4,4902331
2010-01-12,84.02,84.7,83.35,84.02,84.02,6086156
2010-01-13,86.07,86.76,85.38,86.07,86.07,7960188
2010-01-14,89.53,90.24,88.81,89.53,89.53,4929722
2010-01-15,90.52,91.24,89.8,90.52,90.52,5610384
2010-01-18,91.33,92.06,90.6,91.33,91.33,5855532
2010-01-19,91.57,92.3,90.84,91.57,91.57,10572321
2010-01-20,94.29,95.04,93.53,94.29,94.29,3064605
2010-01-21,96.38,97.15,95.61,96.38,96.38,5795636
2010-01-22,97.39,98.17,96.61,97.39,97.39,6000039
2010-01-25,97.26,98.03,96.48,97.26,97.26,7543307
2010-01-26,97.91,98.69,97.12,97.91,97.91,7722975
2010-01-27,98.12,98.91,97.34,98.12,98.12,6034247
2010-01-28,98.37,99.16,97.58,98.37,98.37,11202245
2010-01-29,99.11,99.9,98.31,99.11,99.11,3354381
2010-02-01,96.11,96.88,95.34,96.11,96.11,4283588
2010-02-02,95.91,96.68,95.15,95.91,95.91,4721296
2010-02-03,95.54,96.3,94.77,95.54,95.54,4176306
2010-02-04,95.62,96.39,94.86,95.62,95.62,6326954
2010-02-05,96.32,97.09,95.55,96.32,96.32,5766962
2010-02-08,94.51,95.27,93.76,94.51,94.51,4812718
2010-02-09,96.7,97.47,95.92,96.7,96.7,5249062
2010-02-10,97.3,98.08,96.52,97.3,97.3,9990257
2010-02-11,97.03,97.8,96.25,97.03,97.03,4545534
2010-02-12,97.61,98.39,96.83,97.61,97.61,4730192
2010-02-15,96.18,96.95,95.41,96.18,96.18,6570978
2010-02-16,96.6,97.38,95.83,96.6,96.6,4993079
2010-02-17,95.82,96.59,95.05,95.82,95.82,6212711
2010-02-18,94.96,95.72,94.2,94.96,94.96,6182184
2010-02-19,93.68,94.43,92.93,93.68,93.68,9969232
2010-02-22,93.33,94.07,92.58,93.33,93.33,9716910
2010-02-23,93.63,94.38,92.88,93.63,93.63,5724671
2010-02-24,94.49,95.25,93.73,94.49,94.49,5131788
2010-02-25,94.5,95.26,93.75,94.5,94.5,7565897
2010-02-26,94.81,95.57,94.05,94.81,94.81,6945553
2010-03-01,93.94,94.69,93.19,93.94,93.94,4424903
2010-03-02,94.47,95.23,93.71,94.47,94.47,9003177
2010-03-03,92.72,93.46,91.97,92.72,92.72,5578130
2010-03-04,93.97,94.73,93.22,93.97,93.97,7284301
2010-03-05,90.68,91.41,89.95,90.68,90.68,4707176
2010-03-08,90.33,91.06,89.61,90.33,90.33,5510648
2010-03-09,90.7,91.42,89.97,90.7,90.7,5948064
2010-03-10,89.87,90.59,89.15,89.87,89.87,5793527
2010-03-11,89.81,90.53,89.09,89.81,89.81,4011063
2010-03-12,92.03,92.76,91.29,92.03,92.03,4733131
2010-03-15,89.85,90.57,89.13,89.85,89.85,3391230
2010-03-16,91.19,91.92,90.46,91.19,91.19,6199999
2010-03-17,93.44,94.18,92.69,93.44,93.44,7556273
2010-03-18,93.11,93.85,92.36,93.11,93.11,3920790
2010-03-19,92.61,93.35,91.87,92.61,92.61,4355799
2010-03-22,90.92,91.65,90.19,90.92,90.92,4318073
2010-03-23,91.1,91.83,90.37,91.1,91.1,6026120
2010-03-24,91.75,92.49,91.02,91.75,91.75,6488614
2010-03-25,92.28,93.02,91.54,92.28,92.28,4820321
2010-03-26,90.63,91.35,89.9,90.63,90.63,6624130
2010-03-29,91.25,91.98,90.52,91.25,91.25,4133465
2010-03-30,90.35,91.08,89.63,90.35,90.35,10843753
2010-03-31,92.7,93.44,91.95,92.7,92.7,3450120
2010-04-01,91.04,91.77,90.31,91.04,91.04,9271602
2010-04-02,90.73,91.46,90.0,90.73,90.73,7430110
2010-04-05,92.63,93.37,91.89,92.63,92.63,8844068
2010-04-06,93.61,94.36,92.86,93.61,93.61,3116017
2010-04-07,94.65,95.41,93.89,94.65,94.65,7709038
2010-04-08,94.49,95.25,93.73,94.49,94.49,4001397
2010-04-09,93.12,93.87,92.38,93.12,93.12,8282505
2010-04-12,95.45,96.21,94.68,95.45,95.45,4395017
2010-04-13,92.76,93.51,92.02,92.76,92.76,5398379
2010-04-14,94.87,95.63,94.11,94.87,94.87,8270420
2010-04-15,95.37,96.14,94.61,95.37,95.37,7710952
2010-04-16,93.84,94.59,93.08,93.84,93.84,10316919
2010-04-19,96.17,96.94,95.4,96.17,96.17,5423146
2010-04-20,97.3,98.08,96.52,97.3,97.3,7992837
2010-04-21,96.62,97.39,95.85,96.62,96.62,11792466
2010-04-22,95.13,95.89,94.37,95.13,95.13,2780574
2010-04-23,94.86,95.62,94.1,94.86,94.86,5967543
2010-04-26,95.85,96.62,95.08,95.85,95.85,5399215
2010-04-27,96.92,97.69,96.14,96.92,96.92,2678027
2010-04-28,98.62,99.4,97.83,98.62,98.62,4826290
2010-04-29,100.79,101.6,99.99,100.79,100.79,3903222
2010-04-30,100.0,100.8,99.2,100.0,100.0,5465391
2010-05-03,98.98,99.78,98.19,98.98,98.98,6606953
2010-05-04,96.56,97.33,95.79,96.56,96.56,7961558
2010-05-05,95.56,96.32,94.79,95.56,95.56,8318254
2010-05-06,95.53,96.3,94.77,95.53,95.53,4963502
2010-05-07,96.05,96.82,95.29,96.05,96.05,5126316
2010-05-10,95.99,96.76,95.22,95.99,95.99,2354310
2010-05-11,97.62,98.4,96.84,97.62,97.62,3458801
2010-05-12,97.4,98.18,96.62,97.4,97.4,4914961
2010-05-13,96.27,97.04,95.5,96.27,96.27,3388723
2010-05-14,99.15,99.94,98.35,99.15,99.15,4236822
2010-05-17,99.82,100.62,99.02,99.82,99.82,5150063
2010-05-18,96.7,97.47,95.93,96.7,96.7,5902277
2010-05-19,95.6,96.36,94.83,95.6,95.6,4353608
2010-05-20,92.98,93.73,92.24,92.98,92.98,2690834
2010-05-21,94.12,94.87,93.37,94.12,94.12,12816841
2010-05-24,91.79,92.53,91.06,91.79,91.79,4200728
2010-05-25,90.0,90.72,89.28,90.0,90.0,4921144
2010-05-26,88.54,89.24,87.83,88.54,88.54,4325758
2010-05-27,88.63,89.34,87.92,88.63,88.63,10698763
2010-05-28,88.17,88.88,87.47,88.17,88.17,6808989
2010-05-31,88.25,88.95,87.54,88.25,88.25,3602209
2010-06-01,88.69,89.4,87.99,88.69,88.69,3724728
2010-06-02,89.58,90.29,88.86,89.58,89.58,5229001
2010-06-03,88.5,89.21,87.79,88.5,88.5,9172282
2010-06-04,88.24,88.94,87.53,88.24,88.24,3283725
2010-06-07,88.96,89.67,88.25,88.96,88.96,9500638
2010-06-08,91.33,92.06,90.6,91.33,91.33,4771364
2010-06-09,91.19,91.92,90.46,91.19,91.19,3131608
2010-06-10,92.11,92.85,91.37,92.11,92.11,4548406
2010-06-11,90.3,91.02,89.58,90.3,90.3,3996210
2010-06-14,91.95,92.68,91.21,91.95,91.95,5350690
2010-06-15,91.32,92.05,90.59,91.32,91.32,4666927
2010-06-16,93.04,93.78,92.29,93.04,93.04,5440763
2010-06-17,95.08,95.84,94.32,95.08,95.08,3121346
2010-06-18,93.17,93.91,92.42,93.17,93.17,4106725
2010-06-21,96.08,96.85,95.32,96.08,96.08,2950506
2010-06-22,95.56,96.32,94.79,95.56,95.56,5096666
2010-06-23,95.0,95.76,94.24,95.0,95.0,5498963
2010-06-24,93.17,93.92,92.43,93.17,93.17,4258890
2010-06-25,92.36,93.1,91.62,92.36,92.36,7073066
2010-06-28,93.67,94.42,92.92,93.67,93.67,3884588
2010-06-29,92.67,93.41,91.93,92.67,92.67,6151467
2010-06-30,92.89,93.64,92.15,92.89,92.89,3673197
2010-07-01,93.44,94.19,92.69,93.44,93.44,6104438
2010-07-02,93.89,94.64,93.14,93.89,93.89,5820935
2010-07-05,95.9,96.66,95.13,95.9,95.9,3141856
2010-07-06,99.05,99.84,98.26,99.05,99.05,6366932
2010-07-07,98.87,99.66,98.08,98.87,98.87,7392412
2010-07-08,97.86,98.65,97.08,97.86,97.86,4165450
2010-07-09,97.37,98.15,96.59,97.37,97.37,6212034
2010-07-12,95.71,96.48,94.94,95.71,95.71,4786443
2010-07-13,95.36,96.13,94.6,95.36,95.36,6397533
2010-07-14,93.64,94.38,92.89,93.64,93.64,2795612
2010-07-15,93.86,94.61,93.11,93.86,93.86,5888090
2010-07-16,94.36,95.12,93.61,94.36,94.36,5684217
2010-07-19,94.6,95.36,93.84,94.6,94.6,11189188
2010-07-20,93.24,93.98,92.49,93.24,93.24,6040464
2010-07-21,91.35,92.09,90.62,91.35,91.35,8582594
2010-07-22,93.63,94.37,92.88,93.63,93.63,3258982
2010-07-23,93.92,94.67,93.17,93.92,93.92,7117247
2010-07-26,91.41,92.15,90.68,91.41,91.41,4634076
2010-07-27,92.21,92.95,91.47,92.21,92.21,3190699
2010-07-28,93.14,93.89,92.4,93.14,93.14,4229254
2010-07-29,96.05,96.82,95.28,96.05,96.05,5425822
2010-07-30,93.08,93.82,92.33,93.08,93.08,5685707
2010-08-02,93.79,94.54,93.04,93.79,93.79,10449517
2010-08-03,94.14,94.89,93.38,94.14,94.14,5274962
2010-08-04,95.5,96.27,94.74,95.5,95.5,3502551
2010-08-05,96.84,97.61,96.06,96.84,96.84,3254301
2010-08-06,99.25,100.05,98.46,99.25,99.25,3915467
2010-08-09,97.98,98.76,97.19,97.98,97.98,9486247
2010-08-10,97.46,98.24,96.68,97.46,97.46,6358291
2010-08-11,97.23,98.01,96.45,97.23,97.23,13137468
2010-08-12,97.77,98.56,96.99,97.77,97.77,1966550
2010-08-13,95.56,96.33,94.8,95.56,95.56,5211473
2010-08-16,93.7,94.45,92.95,93.7,93.7,9124083
2010-08-17,94.04,94.79,93.28,94.04,94.04,5486479
2010-08-18,95.18,95.95,94.42,95.18,95.18,5594621
2010-08-19,96.77,97.54,95.99,96.77,96.77,3410972
2010-08-20,98.34,99.12,97.55,98.34,98.34,7111725
2010-08-23,98.42,99.21,97.64,98.42,98.42,4738919
2010-08-24,100.62,101.42,99.81,100.62,100.62,6286735
2010-08-25,99.47,100.27,98.68,99.47,99.47,8676396
2010-08-26,97.95,98.74,97.17,97.95,97.95,7469846
2010-08-27,99.73,100.52,98.93,99.73,99.73,5745377
2010-08-30,97.92,98.71,97.14,97.92,97.92,4539611
2010-08-31,98.25,99.04,97.46,98.25,98.25,5419149
2010-09-01,97.4,98.18,96.62,97.4,97.4,6159773
2010-09-02,97.65,98.43,96.87,97.65,97.65,3596148
2010-09-03,99.95,100.75,99.15,99.95,99.95,4010273
2010-09-06,100.38,101.18,99.57,100.38,100.38,5694078
2010-09-07,100.64,101.44,99.83,100.64,100.64,3147512
2010-09-08,100.67,101.47,99.86,100.67,100.67,5609385
2010-09-09,100.89,101.7,100.08,100.89,100.89,5754556
2010-09-10,101.89,102.71,101.08,101.89,101.89,7788576
2010-09-13,101.6,102.42,100.79,101.6,101.6,8305863
2010-09-14,100.51,101.31,99.7,100.51,100.51,4585450
2010-09-15,100.79,101.59,99.98,100.79,100.79,2571909
2010-09-16,98.96,99.75,98.17,98.96,98.96,3568892
2010-09-17,97.91,98.69,97.13,97.91,97.91,7988973
2010-09-20,98.75,99.54,97.96,98.75,98.75,2664696
2010-09-21,100.52,101.32,99.71,100.52,100.52,6503858
2010-09-22,101.64,102.45,100.82,101.64,101.64,5625492
2010-09-23,102.72,103.54,101.9,102.72,102.72,7898348
2010-09-24,100.19,100.99,99.38,100.19,100.19,4909278
2010-09-27,99.11,99.9,98.32,99.11,99.11,5791037
2010-09-28,97.59,98.38,96.81,97.59,97.59,3078773
2010-09-29,95.97,96.74,95.2,95.97,95.97,4992024
2010-09-30,97.54,98.32,96.76,97.54,97.54,4051720
2010-10-01,98.04,98.83,97.26,98.04,98.04,7483241
2010-10-04,98.59,99.38,97.8,98.59,98.59,11048964
2010-10-05,97.72,98.5,96.94,97.72,97.72,5371844
2010-10-06,98.43,99.21,97.64,98.43,98.43,4004200
2010-10-07,99.89,100.69,99.09,99.89,99.89,3853941
2010-10-08,99.2,99.99,98.4,99.2,99.2,17186120
2010-10-11,101.71,102.52,100.89,101.71,101.71,6595144
2010-10-12,104.39,105.23,103.56,104.39,104.39,8228774
2010-10-13,102.06,102.88,101.25,102.06,102.06,5282859
2010-10-14,101.71,102.53,100.9,101.71,101.71,7658169
2010-10-15,103.07,103.9,102.25,103.07,103.07,4513002
2010-10-18,104.77,105.61,103.93,104.77,104.77,5268856
2010-10-19,105.67,106.52,104.83,105.67,105.67,9210567
2010-10-20,104.04,104.87,103.21,104.04,104.04,5046698
2010-10-21,106.57,107.42,105.72,106.57,106.57,8447066
2010-10-22,103.61,104.44,102.78,103.61,103.61,6465796
2010-10-25,104.51,105.35,103.68,104.51,104.51,4869557
2010-10-26,106.08,106.92,105.23,106.08,106.08,4579007
2010-10-27,106.62,107.47,105.77,106.62,106.62,4112013
2010-10-28,106.6,107.46,105.75,106.6,106.6,2937306
2010-10-29,105.65,106.5,104.81,105.65,105.65,4924505
2010-11-01,104.56,105.4,103.72,104.56,104.56,3068190
2010-11-02,105.9,106.75,105.06,105.9,105.9,4223460
2010-11-03,105.78,106.63,104.93,105.78,105.78,4687996
2010-11-04,109.08,109.95,108.2,109.08,109.08,9204890
2010-11-05,108.27,109.14,107.4,108.27,108.27,4131292
2010-11-08,107.36,108.22,106.5,107.36,107.36,4338752
2010-11-09,108.98,109.85,108.11,108.98,108.98,6523049
2010-11-10,108.59,109.45,107.72,108.59,108.59,3692992
2010-11-11,105.35,106.19,104.51,105.35,105.35,3771636
2010-11-12,104.1,104.93,103.26,104.1,104.1,7178519
2010-11-15,103.63,104.45,102.8,103.63,103.63,5534302
2010-11-16,104.04,104.87,103.21,104.04,104.04,5669666
2010-11-17,104.03,104.87,103.2,104.03,104.03,3289836
2010-11-18,102.61,103.43,101.79,102.61,102.61,4663051
2010-11-19,102.75,103.57,101.93,102.75,102.75,2949498
2010-11-22,102.21,103.03,101.4,102.21,102.21,8843063
2010-11-23,103.72,104.55,102.89,103.72,103.72,6192909
2010-11-24,104.76,105.59,103.92,104.76,104.76,7251111
2010-11-25,105.28,106.13,104.44,105.28,105.28,2661784
2010-11-26,105.94,106.79,105.09,105.94,105.94,4345364
2010-11-29,105.97,106.82,105.13,105.97,105.97,8204399
2010-11-30,103.24,104.07,102.42,103.24,103.24,6313495
2010-12-01,103.62,104.45,102.79,103.62,103.62,10455486
2010-12-02,104.56,105.4,103.73,104.56,104.56,3390870
2010-12-03,103.33,104.16,102.51,103.33,103.33,5539228
2010-12-06,102.48,103.3,101.66,102.48,102.48,6648115
2010-12-07,103.92,104.75,103.08,103.92,103.92,4510931
2010-12-08,101.42,102.23,100.61,101.42,101.42,4721110
2010-12-09,101.08,101.89,100.27,101.08,101.08,8697446
2010-12-10,100.54,101.34,99.73,100.54,100.54,9148940
2010-12-13,102.91,103.73,102.09,102.91,102.91,5949419
2010-12-14,104.84,105.68,104.0,104.84,104.84,6056053
2010-12-15,106.93,107.79,106.08,106.93,106.93,3363782
2010-12-16,107.11,107.96,106.25,107.11,107.11,4911841
2010-12-17,105.8,106.65,104.95,105.8,105.8,9701863
2010-12-20,104.8,105.64,103.96,104.8,104.8,3238025
2010-12-21,103.63,104.46,102.8,103.63,103.63,6347236
2010-12-22,103.53,104.36,102.7,103.53,103.53,5407664
2010-12-23,103.4,104.23,102.57,103.4,103.4,3081563
2010-12-24,104.48,105.31,103.64,104.48,104.48,3010098
2010-12-27,107.21,108.07,106.35,107.21,107.21,8161647
2010-12-28,106.41,107.27,105.56,106.41,106.41,4869272
2010-12-29,106.92,107.78,106.07,106.92,106.92,5666503
2010-12-30,107.01,107.87,106.16,107.01,107.01,5790256
2010-12-31,107.95,108.81,107.09,107.95,107.95,6574336
2011-01-03,106.4,107.25,105.55,106.4,106.4,5291214
2011-01-04,105.72,106.57,104.87,105.72,105.72,3830710
2011-01-05,106.94,107.8,106.08,106.94,106.94,3512607
2011-01-06,106.92,107.77,106.06,106.92,106.92,3334153
2011-01-07,107.12,107.97,106.26,107.12,107.12,3920789
2011-01-10,107.85,108.71,106.98,107.85,107.85,4262247
2011-01-11,107.73,108.59,106.87,107.73,107.73,3952864
2011-01-12,108.65,109.52,107.78,108.65,108.65,4327939
2011-01-13,107.24,108.1,106.38,107.24,107.24,5398963
2011-01-14,104.97,105.81,104.13,104.97,104.97,5369328
2011-01-17,105.51,106.35,104.66,105.51,105.51,14621358
2011-01-18,107.74,108.61,106.88,107.74,107.74,6096614
2011-01-19,107.13,107.99,106.28,107.13,107.13,4638946
2011-01-20,109.56,110.44,108.68,109.56,109.56,9116340
2011-01-21,109.22,110.09,108.34,109.22,109.22,3618440
2011-01-24,106.89,107.75,106.04,106.89,106.89,8176775
2011-01-25,103.5,104.33,102.67,103.5,103.5,3233066
2011-01-26,101.54,102.35,100.73,101.54,101.54,4689169
2011-01-27,97.78,98.57,97.0,97.78,97.78,10907724
2011-01-28,98.21,98.99,97.42,98.21,98.21,8571571
2011-01-31,98.29,99.08,97.5,98.29,98.29,7029870
2011-02-01,97.54,98.32,96.76,97.54,97.54,6001559
2011-02-02,99.27,100.06,98.48,99.27,99.27,2600540
2011-02-03,99.38,100.17,98.58,99.38,99.38,11002436
2011-02-04,101.1,101.91,100.29,101.1,101.1,6612728
2011-02-07,102.24,103.06,101.43,102.24,102.24,5254571
2011-02-08,102.49,103.31,101.67,102.49,102.49,8917172
2011-02-09,100.63,101.44,99.83,100.63,100.63,4098213
2011-02-10,98.23,99.02,97.45,98.23,98.23,6514285
2011-02-11,96.46,97.23,95.69,96.46,96.46,2737691
2011-02-14,94.03,94.78,93.28,94.03,94.03,4021232
2011-02-15,90.08,90.8,89.36,90.08,90.08,5830427
2011-02-16,88.26,88.97,87.56,88.26,88.26,8489211
2011-02-17,86.76,87.45,86.07,86.76,86.76,3591187
2011-02-18,84.41,85.09,83.74,84.41,84.41,5222553
2011-02-21,83.07,83.74,82.41,83.07,83.07,3559939
2011-02-22,82.85,83.52,82.19,82.85,82.85,3190103
2011-02-23,83.58,84.25,82.91,83.58,83.58,4213543
2011-02-24,83.65,84.32,82.98,83.65,83.65,4166417
2011-02-25,82.83,83.5,82.17,82.83,82.83,3662625
2011-02-28,81.04,81.68,80.39,81.04,81.04,4693001
2011-03-01,83.6,84.27,82.93,83.6,83.6,3688870
2011-03-02,82.8,83.46,82.14,82.8,82.8,4501652
2011-03-03,84.34,85.01,83.66,84.34,84.34,6748792
2011-03-04,86.16,86.85,85.47,86.16,86.16,4880679
2011-03-07,84.04,84.71,83.37,84.04,84.04,5362618
2011-03-08,83.5,84.17,82.83,83.5,83.5,5966669
2011-03-09,83.34,84.01,82.67,83.34,83.34,7686368
2011-03-10,82.6,83.26,81.94,82.6,82.6,2913092
2011-03-11,81.85,82.51,81.2,81.85,81.85,6768660
2011-03-14,82.09,82.75,81.44,82.09,82.09,3189381
2011-03-15,84.15,84.82,83.47,84.15,84.15,3075398
2011-03-16,85.02,85.7,84.34,85.02,85.02,9132680
2011-03-17,84.42,85.1,83.75,84.42,84.42,19396034
2011-03-18,84.14,84.81,83.47,84.14,84.14,4997451
2011-03-21,85.39,86.08,84.71,85.39,85.39,9442875
2011-03-22,84.92,85.6,84.24,84.92,84.92,7279470
2011-03-23,83.07,83.73,82.4,83.07,83.07,9389115
2011-03-24,82.64,83.3,81.98,82.64,82.64,4073179
2011-03-25,83.66,84.33,82.99,83.66,83.66,8749260
2011-03-28,86.95,87.65,86.26,86.95,86.95,4955304
2011-03-29,85.95,86.64,85.26,85.95,85.95,3939631
2011-03-30,86.95,87.65,86.26,86.95,86.95,4128337
2011-03-31,82.72,83.38,82.06,82.72,82.72,5830230
2011-04-01,81.71,82.37,81.06,81.71,81.71,4133316
2011-04-04,80.36,81.0,79.72,80.36,80.36,5987598
2011-04-05,82.18,82.84,81.52,82.18,82.18,8184992
2011-04-06,82.17,82.82,81.51,82.17,82.17,4923368
2011-04-07,81.04,81.69,80.4,81.04,81.04,3263396
2011-04-08,79.68,80.32,79.04,79.68,79.68,10237862
2011-04-11,80.34,80.99,79.7,80.34,80.34,2172634
2011-04-12,80.26,80.9,79.62,80.26,80.26,4969061
2011-04-13,79.24,79.87,78.6,79.24,79.24,7359350
2011-04-14,80.1,80.74,79.46,80.1,80.1,6114320
2011-04-15,79.84,80.48,79.2,79.84,79.84,6689062
2011-04-18,81.25,81.9,80.6,81.25,81.25,6252985
2011-04-19,81.48,82.13,80.83,81.48,81.48,5557355
2011-04-20,84.38,85.06,83.71,84.38,84.38,3795842
2011-04-21,83.69,84.36,83.02,83.69,83.69,7159575
2011-04-22,82.4,83.05,81.74,82.4,82.4,6011867
2011-04-25,81.64,82.29,80.98,81.64,81.64,3752336
2011-04-26,79.98,80.62,79.34,79.98,79.98,7988517
2011-04-27,82.31,82.97,81.65,82.31,82.31,4671383
2011-04-28,83.21,83.88,82.55,83.21,83.21,6678903
2011-04-29,84.43,85.1,83.75,84.43,84.43,3982468
2011-05-02,82.63,83.29,81.97,82.63,82.63,6821340
2011-05-03,82.81,83.47,82.15,82.81,82.81,2359867
2011-05-04,81.99,82.64,81.33,81.99,81.99,4821296
2011-05-05,82.26,82.92,81.6,82.26,82.26,7346680
2011-05-06,82.97,83.63,82.3,82.97,82.97,14614795
2011-05-09,80.79,81.44,80.15,80.79,80.79,3657534
2011-05-10,79.79,80.43,79.15,79.79,79.79,7601430
2011-05-11,79.71,80.35,79.07,79.71,79.71,6798645
2011-05-12,77.85,78.47,77.22,77.85,77.85,3067518
2011-05-13,78.66,79.29,78.03,78.66,78.66,6223300
2011-05-16,80.42,81.06,79.78,80.42,80.42,13510567
2011-05-17,79.41,80.04,78.77,79.41,79.41,2982684
2011-05-18,80.61,81.25,79.96,80.61,80.61,5590482
2011-05-19,80.42,81.06,79.78,80.42,80.42,3487925
2011-05-20,77.93,78.56,77.31,77.93,77.93,4716556
2011-05-23,78.89,79.52,78.26,78.89,78.89,6847376
2011-05-24,78.71,79.34,78.08,78.71,78.71,6505757
2011-05-25,77.86,78.48,77.23,77.86,77.86,6336877
2011-05-26,78.05,78.67,77.42,78.05,78.05,2379744
2011-05-27,78.5,79.13,77.87,78.5,78.5,4453329
2011-05-30,78.29,78.92,77.67,78.29,78.29,7814011
2011-05-31,80.28,80.92,79.63,80.28,80.28,3925823
2011-06-01,79.86,80.5,79.22,79.86,79.86,6880079
2011-06-02,79.75,80.39,79.11,79.75,79.75,8712026
2011-06-03,80.65,81.3,80.01,80.65,80.65,8962593
2011-06-06,81.98,82.63,81.32,81.98,81.98,4160118
2011-06-07,84.11,84.78,83.44,84.11,84.11,6886945
2011-06-08,83.55,84.22,82.88,83.55,83.55,6916952
2011-06-09,84.89,85.57,84.21,84.89,84.89,4279037
2011-06-10,85.2,85.88,84.52,85.2,85.2,5067371
2011-06-13,85.67,86.36,84.99,85.67,85.67,5369219
2011-06-14,85.23,85.91,84.54,85.23,85.23,6917170
2011-06-15,83.71,84.38,83.04,83.71,83.71,3771032
2011-06-16,83.0,83.67,82.34,83.0,83.0,5263483
2011-06-17,81.4,82.05,80.75,81.4,81.4,5511878
2011-06-20,80.68,81.33,80.03,80.68,80.68,5156068
2011-06-21,81.26,81.91,80.61,81.26,81.26,5907320
2011-06-22,80.77,81.42,80.13,80.77,80.77,1890849
2011-06-23,81.48,82.13,80.83,81.48,81.48,6230143
2011-06-24,82.22,82.88,81.57,82.22,82.22,4578280
2011-06-27,81.95,82.61,81.29,81.95,81.95,4710100
2011-06-28,82.45,83.11,81.79,82.45,82.45,4208005
2011-06-29,83.69,84.36,83.02,83.69,83.69,2516804
2011-06-30,83.64,84.31,82.97,83.64,83.64,4554302
2011-07-01,82.73,83.39,82.07,82.73,82.73,3597358
2011-07-04,83.69,84.36,83.02,83.69,83.69,6752427
2011-07-05,85.79,86.47,85.1,85.79,85.79,6565489
2011-07-06,85.49,86.18,84.81,85.49,85.49,8117290
2011-07-07,85.11,85.79,84.43,85.11,85.11,3592322
2011-07-08,84.64,85.31,83.96,84.64,84.64,10027648
2011-07-11,85.77,86.46,85.08,85.77,85.77,3833234
2011-07-12,85.66,86.35,84.98,85.66,85.66,5001217
2011-07-13,82.53,83.19,81.87,82.53,82.53,3045306
2011-07-14,85.22,85.9,84.54,85.22,85.22,5731946
2011-07-15,85.86,86.55,85.17,85.86,85.86,5381598
2011-07-18,85.93,86.62,85.24,85.93,85.93,5694666
2011-07-19,85.22,85.9,84.54,85.22,85.22,5355147
2011-07-20,84.5,85.18,83.83,84.5,84.5,5262879
2011-07-21,84.62,85.3,83.94,84.62,84.62,2627892
2011-07-22,83.42,84.09,82.75,83.42,83.42,2819950
2011-07-25,83.53,84.2,82.86,83.53,83.53,7620046
2011-07-26,84.75,85.43,84.07,84.75,84.75,4828059
2011-07-27,83.97,84.64,83.3,83.97,83.97,6231932
2011-07-28,83.18,83.84,82.51,83.18,83.18,5235628
2011-07-29,82.66,83.32,82.0,82.66,82.66,7038305
2011-08-01,84.47,85.14,83.79,84.47,84.47,4974009
2011-08-02,84.51,85.19,83.84,84.51,84.51,4145303
2011-08-03,82.81,83.48,82.15,82.81,82.81,4887983
2011-08-04,81.12,81.77,80.47,81.12,81.12,7223488
2011-08-05,80.16,80.8,79.52,80.16,80.16,4617696
2011-08-08,81.33,81.98,80.68,81.33,81.33,4882679
2011-08-09,81.42,82.07,80.77,81.42,81.42,4407194
2011-08-10,79.44,80.07,78.8,79.44,79.44,3867784
2011-08-11,78.62,79.25,77.99,78.62,78.62,4627185
2011-08-12,77.4,78.02,76.78,77.4,77.4,12582121
2011-08-15,75.49,76.09,74.88,75.49,75.49,8422230
2011-08-16,74.47,75.07,73.88,74.47,74.47,6089247
2011-08-17,75.4,76.0,74.8,75.4,75.4,5442303
2011-08-18,75.29,75.89,74.69,75.29,75.29,3594971
2011-08-19,75.13,75.73,74.53,75.13,75.13,7692801
2011-08-22,77.02,77.63,76.4,77.02,77.02,9178298
2011-08-23,76.08,76.69,75.47,76.08,76.08,6990493
2011-08-24,77.37,77.98,76.75,77.37,77.37,5742899
2011-08-25,76.09,76.7,75.49,76.09,76.09,4577528
2011-08-26,76.22,76.83,75.61,76.22,76.22,8997839
2011-08-29,77.04,77.66,76.43,77.04,77.04,3134549
2011-08-30,77.11,77.72,76.49,77.11,77.11,9512001
2011-08-31,77.81,78.44,77.19,77.81,77.81,5089470
2011-09-01,79.91,80.55,79.27,79.91,79.91,5540678
2011-09-02,80.49,81.13,79.85,80.49,80.49,8820164
2011-09-05,79.7,80.33,79.06,79.7,79.7,7158884
2011-09-06,79.83,80.47,79.19,79.83,79.83,6593751
2011-09-07,79.29,79.92,78.65,79.29,79.29,6254909
2011-09-08,78.11,78.74,77.49,78.11,78.11,10946365
2011-09-09,80.94,81.59,80.29,80.94,80.94,5937425
2011-09-12,79.11,79.74,78.47,79.11,79.11,4004560
2011-09-13,78.66,79.29,78.03,78.66,78.66,3294069
2011-09-14,78.33,78.95,77.7,78.33,78.33,4055084
2011-09-15,78.64,79.27,78.01,78.64,78.64,5497655
2011-09-16,80.33,80.97,79.69,80.33,80.33,4198437
2011-09-19,77.85,78.47,77.23,77.85,77.85,2653105
2011-09-20,77.81,78.44,77.19,77.81,77.81,6631108
2011-09-21,77.42,78.04,76.8,77.42,77.42,8523137
2011-09-22,76.84,77.45,76.22,76.84,76.84,7703315
2011-09-23,77.6,78.22,76.98,77.6,77.6,6411493
2011-09-26,76.7,77.31,76.09,76.7,76.7,7554464
2011-09-27,76.72,77.34,76.11,76.72,76.72,4107578
2011-09-28,76.26,76.87,75.65,76.26,76.26,6325244
2011-09-29,75.27,75.87,74.67,75.27,75.27,8373267
2011-09-30,75.63,76.23,75.02,75.63,75.63,9171192
2011-10-03,76.33,76.94,75.72,76.33,76.33,7371288
2011-10-04,75.95,76.56,75.34,75.95,75.95,5524395
2011-10-05,76.97,77.58,76.35,76.97,76.97,2750857
2011-10-06,76.75,77.37,76.14,76.75,76.75,5431774
2011-10-07,78.3,78.93,77.67,78.3,78.3,2887943
2011-10-10,79.31,79.94,78.67,79.31,79.31,8141105
2011-10-11,79.18,79.81,78.55,79.18,79.18,6964633
2011-10-12,78.57,79.2,77.95,78.57,78.57,7636371
2011-10-13,77.5,78.12,76.88,77.5,77.5,4270962
2011-10-14,75.64,76.25,75.04,75.64,75.64,3970635
2011-10-17,76.62,77.23,76.01,76.62,76.62,11571448
2011-10-18,75.96,76.57,75.36,75.96,75.96,6160291
2011-10-19,75.8,76.41,75.19,75.8,75.8,7670568
2011-10-20,75.67,76.27,75.06,75.67,75.67,7306818
2011-10-21,76.26,76.87,75.65,76.26,76.26,6406929
2011-10-24,76.62,77.23,76.0,76.62,76.62,3437930
2011-10-25,75.86,76.46,75.25,75.86,75.86,3758809
2011-10-26,76.41,77.02,75.79,76.41,76.41,5719354
2011-10-27,76.18,76.79,75.57,76.18,76.18,6036821
2011-10-28,77.04,77.66,76.42,77.04,77.04,3000527
2011-10-31,75.65,76.26,75.05,75.65,75.65,5365832
2011-11-01,75.44,76.05,74.84,75.44,75.44,5799839
2011-11-02,77.53,78.15,76.91,77.53,77.53,7977547
2011-11-03,79.63,80.26,78.99,79.63,79.63,7947803
2011-11-04,82.34,83.0,81.68,82.34,82.34,6436617
2011-11-07,85.14,85.83,84.46,85.14,85.14,11525324
2011-11-08,83.52,84.19,82.85,83.52,83.52,4483456
2011-11-09,82.81,83.47,82.15,82.81,82.81,3121048
2011-11-10,84.8,85.47,84.12,84.8,84.8,5609596
2011-11-11,85.57,86.26,84.89,85.57,85.57,5155208
2011-11-14,84.49,85.16,83.81,84.49,84.49,8059115
2011-11-15,85.27,85.95,84.59,85.27,85.27,9084635
2011-11-16,88.41,89.12,87.71,88.41,88.41,5661517
2011-11-17,88.25,88.96,87.54,88.25,88.25,3734817
2011-11-18,87.79,88.49,87.09,87.79,87.79,2541714
2011-11-21,87.12,87.81,86.42,87.12,87.12,5430250
2011-11-22,86.71,87.4,86.02,86.71,86.71,4763185
2011-11-23,87.64,88.34,86.94,87.64,87.64,12092867
2011-11-24,89.23,89.94,88.52,89.23,89.23,4351190
2011-11-25,89.5,90.22,88.79,89.5,89.5,4790434
2011-11-28,87.15,87.84,86.45,87.15,87.15,7376721
2011-11-29,85.64,86.33,84.96,85.64,85.64,5480811
2011-11-30,86.14,86.83,85.45,86.14,86.14,4384708
2011-12-01,86.63,87.33,85.94,86.63,86.63,7244998
2011-12-02,84.92,85.59,84.24,84.92,84.92,8420357
2011-12-05,85.98,86.67,85.3,85.98,85.98,8000694
2011-12-06,87.16,87.86,86.47,87.16,87.16,8407887
2011-12-07,87.17,87.87,86.47,87.17,87.17,4529551
2011-12-08,89.18,89.89,88.47,89.18,89.18,6438557
2011-12-09,92.17,92.9,91.43,92.17,92.17,6140257
2011-12-12,91.33,92.06,90.6,91.33,91.33,6713241
2011-12-13,91.76,92.49,91.03,91.76,91.76,6097664
2011-12-14,94.21,94.97,93.46,94.21,94.21,9095186
2011-12-15,93.57,94.32,92.82,93.57,93.57,6094174
2011-12-16,92.4,93.14,91.66,92.4,92.4,8287018
2011-12-19,92.32,93.05,91.58,92.32,92.32,2876107
2011-12-20,94.44,95.19,93.68,94.44,94.44,11350159
2011-12-21,94.47,95.22,93.71,94.47,94.47,5266133
2011-12-22,94.24,94.99,93.48,94.24,94.24,8475096
2011-12-23,89.87,90.59,89.15,89.87,89.87,3749814
2011-12-26,89.14,89.85,88.43,89.14,89.14,1621490
2011-12-27,90.75,91.48,90.02,90.75,90.75,8215954
2011-12-28,90.23,90.95,89.5,90.23,90.23,8145341
2011-12-29,92.55,93.29,91.81,92.55,92.55,7427323
2011-12-30,93.96,94.71,93.21,93.96,93.96,7961874
2012-01-02,93.62,94.37,92.87,93.62,93.62,6697496
2012-01-03,93.82,94.57,93.07,93.82,93.82,7994004
2012-01-04,94.63,95.39,93.87,94.63,94.63,3157033
2012-01-05,94.15,94.9,93.4,94.15,94.15,6415609
2012-01-06,91.96,92.7,91.23,91.96,91.96,2204799
2012-01-09,90.62,91.34,89.89,90.62,90.62,3228287
2012-01-10,89.88,90.6,89.16,89.88,89.88,11257617
2012-01-11,89.29,90.01,88.58,89.29,89.29,4738177
2012-01-12,87.28,87.98,86.58,87.28,87.28,10364472
2012-01-13,89.35,90.07,88.64,89.35,89.35,6975955
2012-01-16,88.73,89.44,88.02,88.73,88.73,3862812
2012-01-17,89.06,89.77,88.35,89.06,89.06,13663849
2012-01-18,90.0,90.72,89.28,90.0,90.0,6643498
2012-01-19,89.99,90.71,89.27,89.99,89.99,5098321
2012-01-20,89.25,89.96,88.54,89.25,89.25,7431860
2012-01-23,89.32,90.03,88.6,89.32,89.32,3161582
2012-01-24,89.02,89.73,88.31,89.02,89.02,2925722
2012-01-25,87.33,88.03,86.63,87.33,87.33,8386202
2012-01-26,86.49,87.19,85.8,86.49,86.49,7153644
2012-01-27,87.27,87.97,86.57,87.27,87.27,4500298
2012-01-30,86.88,87.57,86.18,86.88,86.88,9682161
2012-01-31,87.06,87.76,86.36,87.06,87.06,5216997
2012-02-01,86.22,86.91,85.53,86.22,86.22,4876844
2012-02-02,85.81,86.5,85.12,85.81,85.81,5645450
2012-02-03,88.75,89.46,88.04,88.75,88.75,5710568
2012-02-06,88.11,88.82,87.41,88.11,88.11,7947667
2012-02-07,87.1,87.8,86.4,87.1,87.1,4600675
2012-02-08,88.16,88.86,87.45,88.16,88.16,3733931
2012-02-09,88.7,89.41,87.99,88.7,88.7,11904945
2012-02-10,86.51,87.2,85.82,86.51,86.51,4988933
2012-02-13,86.62,87.31,85.93,86.62,86.62,8735034
2012-02-14,86.29,86.98,85.6,86.29,86.29,3969374
2012-02-15,85.42,86.1,84.73,85.42,85.42,13849996
2012-02-16,83.98,84.65,83.31,83.98,83.98,4112741
2012-02-17,83.21,83.88,82.55,83.21,83.21,3324331
2012-02-20,82.84,83.51,82.18,82.84,82.84,5992536
2012-02-21,82.75,83.42,82.09,82.75,82.75,5131894
2012-02-22,82.66,83.32,82.0,82.66,82.66,4433426
2012-02-23,81.55,82.2,80.89,81.55,81.55,3540925
2012-02-24,80.53,81.17,79.89,80.53,80.53,5291869
2012-02-27,80.0,80.64,79.36,80.0,80.0,4126449
2012-02-28,81.77,82.42,81.11,81.77,81.77,4258730
2012-02-29,82.47,83.13,81.81,82.47,82.47,3500507
2012-03-01,78.8,79.43,78.17,78.8,78.8,3065977
2012-03-02,78.56,79.19,77.93,78.56,78.56,3653723
2012-03-05,78.63,79.26,78.0,78.63,78.63,3963239
2012-03-06,77.57,78.19,76.95,77.57,77.57,2581679
2012-03-07,78.3,78.93,77.67,78.3,78.3,11110181
2012-03-08,79.57,80.21,78.94,79.57,79.57,5517995
2012-03-09,78.1,78.72,77.47,78.1,78.1,9311817
2012-03-12,79.4,80.03,78.76,79.4,79.4,9402747
2012-03-13,79.1,79.74,78.47,79.1,79.1,6927866
2012-03-14,77.27,77.89,76.65,77.27,77.27,1680546
2012-03-15,76.44,77.05,75.83,76.44,76.44,5129591
2012-03-16,76.03,76.63,75.42,76.03,76.03,5317756
2012-03-19,72.7,73.29,72.12,72.7,72.7,8187054
2012-03-20,73.73,74.32,73.14,73.73,73.73,6917955
2012-03-21,74.13,74.72,73.54,74.13,74.13,9601195
2012-03-22,74.41,75.01,73.82,74.41,74.41,6664707
2012-03-23,72.33,72.9,71.75,72.33,72.33,3748356
2012-03-26,72.47,73.04,71.89,72.47,72.47,6743417
2012-03-27,71.76,72.33,71.18,71.76,71.76,5274710
2012-03-28,70.66,71.22,70.09,70.66,70.66,5660986
2012-03-29,72.45,73.03,71.87,72.45,72.45,5063340
2012-03-30,72.58,73.16,72.0,72.58,72.58,4935639
2012-04-02,73.15,73.74,72.57,73.15,73.15,3264260
2012-04-03,72.99,73.57,72.4,72.99,72.99,4126092
2012-04-04,71.86,72.44,71.29,71.86,71.86,2478876
2012-04-05,70.26,70.82,69.7,70.26,70.26,10578119
2012-04-06,71.79,72.36,71.21,71.79,71.79,2746764
2012-04-09,71.6,72.17,71.02,71.6,71.6,14691592
2012-04-10,72.47,73.05,71.89,72.47,72.47,2606884
2012-04-11,72.4,72.98,71.82,72.4,72.4,3526256
2012-04-12,72.25,72.82,71.67,72.25,72.25,7417452
2012-04-13,73.28,73.87,72.7,73.28,73.28,4505432
2012-04-16,74.35,74.95,73.76,74.35,74.35,4139854
2012-04-17,74.82,75.42,74.22,74.82,74.82,6987570
2012-04-18,72.97,73.55,72.39,72.97,72.97,4848811
2012-04-19,71.7,72.28,71.13,71.7,71.7,4182051
2012-04-20,71.78,72.35,71.2,71.78,71.78,4902939
2012-04-23,70.17,70.73,69.61,70.17,70.17,6262989
2012-04-24,69.71,70.27,69.15,69.71,69.71,8506788
2012-04-25,70.23,70.8,69.67,70.23,70.23,6985393
2012-04-26,71.92,72.5,71.35,71.92,71.92,7865137
2012-04-27,73.35,73.93,72.76,73.35,73.35,6045208
2012-04-30,74.7,75.29,74.1,74.7,74.7,5960565
2012-05-01,73.68,74.27,73.09,73.68,73.68,9083221
2012-05-02,71.61,72.19,71.04,71.61,71.61,3267554
2012-05-03,71.56,72.13,70.99,71.56,71.56,5094423
2012-05-04,72.35,72.93,71.77,72.35,72.35,6969591
2012-05-07,70.65,71.21,70.08,70.65,70.65,9228841
2012-05-08,71.0,71.56,70.43,71.0,71.0,3547885
2012-05-09,71.51,72.08,70.94,71.51,71.51,6829610
2012-05-10,72.2,72.78,71.62,72.2,72.2,5621490
2012-05-11,74.9,75.49,74.3,74.9,74.9,6499994
2012-05-14,75.87,76.48,75.27,75.87,75.87,3830979
2012-05-15,73.19,73.77,72.6,73.19,73.19,5643437
2012-05-16,73.96,74.55,73.36,73.96,73.96,2858944
2012-05-17,72.94,73.53,72.36,72.94,72.94,5613590
2012-05-18,72.68,73.26,72.09,72.68,72.68,3269269
2012-05-21,70.38,70.95,69.82,70.38,70.38,5050152
2012-05-22,71.7,72.27,71.12,71.7,71.7,8517184
2012-05-23,71.04,71.61,70.47,71.04,71.04,5489749
2012-05-24,70.81,71.38,70.25,70.81,70.81,3351006
2012-05-25,70.64,71.21,70.08,70.64,70.64,4112360
2012-05-28,71.99,72.57,71.42,71.99,71.99,8129968
2012-05-29,73.4,73.98,72.81,73.4,73.4,7364753
2012-05-30,74.18,74.77,73.59,74.18,74.18,3391503
2012-05-31,73.73,74.32,73.14,73.73,73.73,2605086
2012-06-01,74.55,75.15,73.95,74.55,74.55,5880922
2012-06-04,75.44,76.04,74.83,75.44,75.44,8331415
2012-06-05,76.49,77.1,75.88,76.49,76.49,7318411
2012-06-06,74.82,75.42,74.22,74.82,74.82,8398785
2012-06-07,73.05,73.63,72.46,73.05,73.05,3483434
2012-06-08,73.87,74.46,73.28,73.87,73.87,6376602
2012-06-11,73.97,74.56,73.38,73.97,73.97,5980426
2012-06-12,73.63,74.22,73.05,73.63,73.63,4749157
2012-06-13,73.15,73.74,72.57,73.15,73.15,8587506
2012-06-14,75.56,76.17,74.96,75.56,75.56,3108954
2012-06-15,76.65,77.26,76.04,76.65,76.65,2930372
2012-06-18,76.1,76.71,75.49,76.1,76.1,6596497
2012-06-19,75.88,76.49,75.27,75.88,75.88,4208017
2012-06-20,75.73,76.34,75.13,75.73,75.73,4440290
2012-06-21,76.2,76.81,75.59,76.2,76.2,5508784
2012-06-22,78.17,78.8,77.55,78.17,78.17,10045735
2012-06-25,78.39,79.02,77.76,78.39,78.39,6587057
2012-06-26,77.64,78.26,77.02,77.64,77.64,11374209
2012-06-27,79.79,80.43,79.15,79.79,79.79,7430342
2012-06-28,78.46,79.09,77.83,78.46,78.46,15326362
2012-06-29,77.62,78.24,77.0,77.62,77.62,8042558
2012-07-02,78.85,79.48,78.22,78.85,78.85,4381700
2012-07-03,77.29,77.91,76.67,77.29,77.29,7322268
2012-07-04,74.67,75.27,74.07,74.67,74.67,10729116
2012-07-05,73.97,74.56,73.38,73.97,73.97,9084706
2012-07-06,73.72,74.31,73.13,73.72,73.72,6075296
2012-07-09,73.43,74.02,72.84,73.43,73.43,5451694
2012-07-10,74.21,74.81,73.62,74.21,74.21,7475045
2012-07-11,75.01,75.61,74.41,75.01,75.01,5524960
2012-07-12,74.77,75.36,74.17,74.77,74.77,6833921
2012-07-13,77.04,77.65,76.42,77.04,77.04,3898243
2012-07-16,78.25,78.88,77.62,78.25,78.25,5922819
2012-07-17,80.72,81.37,80.08,80.72,80.72,7066257
2012-07-18,79.27,79.91,78.64,79.27,79.27,8273617
2012-07-19,81.42,82.07,80.76,81.42,81.42,9105639
2012-07-20,80.41,81.05,79.77,80.41,80.41,5473755
2012-07-23,79.6,80.24,78.97,79.6,79.6,5861425
2012-07-24,79.83,80.47,79.19,79.83,79.83,5234926
2012-07-25,79.48,80.11,78.84,79.48,79.48,4012237
2012-07-26,78.82,79.45,78.19,78.82,78.82,4499631
2012-07-27,78.34,78.96,77.71,78.34,78.34,3477703
2012-07-30,78.24,78.86,77.61,78.24,78.24,9071275
2012-07-31,76.99,77.61,76.38,76.99,76.99,2653083
2012-08-01,76.17,76.78,75.56,76.17,76.17,2152281
2012-08-02,75.07,75.67,74.47,75.07,75.07,6958732
2012-08-03,75.47,76.07,74.86,75.47,75.47,4455200
2012-08-06,74.2,74.8,73.61,74.2,74.2,3456765
2012-08-07,72.36,72.94,71.78,72.36,72.36,9816955
2012-08-08,74.42,75.01,73.82,74.42,74.42,5290945
2012-08-09,74.78,75.37,74.18,74.78,74.78,4790245
2012-08-10,75.49,76.1,74.89,75.49,75.49,7912980
2012-08-13,76.59,77.2,75.98,76.59,76.59,8346065
2012-08-14,76.07,76.67,75.46,76.07,76.07,6941472
2012-08-15,76.16,76.77,75.55,76.16,76.16,4820844
2012-08-16,77.13,77.75,76.51,77.13,77.13,3049823
2012-08-17,76.55,77.16,75.94,76.55,76.55,3558952
2012-08-20,75.29,75.89,74.68,75.29,75.29,4533706
2012-08-21,76.79,77.41,76.18,76.79,76.79,6180637
2012-08-22,77.37,77.98,76.75,77.37,77.37,8164587
2012-08-23,76.46,77.07,75.85,76.46,76.46,4749750
2012-08-24,75.7,76.3,75.09,75.7,75.7,5043494
2012-08-27,75.3,75.91,74.7,75.3,75.3,3189974
2012-08-28,75.47,76.08,74.87,75.47,75.47,5814794
2012-08-29,74.08,74.68,73.49,74.08,74.08,6327368
2012-08-30,74.34,74.93,73.74,74.34,74.34,9623695
2012-08-31,77.18,77.79,76.56,77.18,77.18,6954448
2012-09-03,77.28,77.89,76.66,77.28,77.28,6188858
2012-09-04,76.09,76.7,75.49,76.09,76.09,3022060
2012-09-05,76.1,76.71,75.49,76.1,76.1,6273028
2012-09-06,76.96,77.58,76.35,76.96,76.96,3764745
2012-09-07,75.83,76.44,75.23,75.83,75.83,2455549
2012-09-10,76.3,76.91,75.69,76.3,76.3,9610814
2012-09-11,78.96,79.59,78.32,78.96,78.96,4123621
2012-09-12,80.01,80.65,79.37,80.01,80.01,7615045
2012-09-13,80.48,81.12,79.83,80.48,80.48,4226431
2012-09-14,80.2,80.84,79.56,80.2,80.2,3725090
2012-09-17,80.04,80.68,79.4,80.04,80.04,3895835
2012-09-18,80.23,80.87,79.59,80.23,80.23,4634485
2012-09-19,79.65,80.29,79.01,79.65,79.65,8110718
2012-09-20,78.5,79.13,77.87,78.5,78.5,11170942
2012-09-21,78.15,78.78,77.53,78.15,78.15,5728481
2012-09-24,76.13,76.74,75.52,76.13,76.13,4121100
2012-09-25,76.34,76.95,75.73,76.34,76.34,11581317
2012-09-26,77.14,77.75,76.52,77.14,77.14,6840297
2012-09-27,79.0,79.63,78.37,79.0,79.0,5907883
2012-09-28,79.19,79.82,78.55,79.19,79.19,8118773
2012-10-01,78.13,78.76,77.51,78.13,78.13,4800958
2012-10-02,80.46,81.11,79.82,80.46,80.46,8654869
2012-10-03,79.49,80.13,78.86,79.49,79.49,3799160
2012-10-04,79.71,80.35,79.07,79.71,79.71,11460112
2012-10-05,79.69,80.33,79.06,79.69,79.69,8450617
2012-10-08,78.69,79.32,78.06,78.69,78.69,3242494
2012-10-09,80.53,81.17,79.88,80.53,80.53,4638634
2012-10-10,79.64,80.28,79.0,79.64,79.64,3967669
2012-10-11,79.75,80.39,79.11,79.75,79.75,5553568
2012-10-12,78.48,79.1,77.85,78.48,78.48,3141406
2012-10-15,77.85,78.47,77.22,77.85,77.85,3614471
2012-10-16,77.67,78.29,77.05,77.67,77.67,11189014
2012-10-17,76.2,76.81,75.59,76.2,76.2,5838773
2012-10-18,76.57,77.18,75.96,76.57,76.57,2195208
2012-10-19,74.72,75.31,74.12,74.72,74.72,4987241
2012-10-22,72.9,73.48,72.31,72.9,72.9,5144736
2012-10-23,72.2,72.78,71.63,72.2,72.2,7968726
2012-10-24,71.85,72.42,71.27,71.85,71.85,3047659
2012-10-25,73.26,73.84,72.67,73.26,73.26,2937359
2012-10-26,73.77,74.36,73.18,73.77,73.77,3854692
2012-10-29,74.98,75.58,74.38,74.98,74.98,2638350
2012-10-30,73.47,74.06,72.89,73.47,73.47,4197095
2012-10-31,71.72,72.3,71.15,71.72,71.72,4351930
2012-11-01,69.41,69.97,68.85,69.41,69.41,6896162
2012-11-02,70.17,70.73,69.61,70.17,70.17,9781411
2012-11-05,70.73,71.3,70.17,70.73,70.73,8821252
2012-11-06,70.37,70.93,69.81,70.37,70.37,4563677
2012-11-07,70.3,70.86,69.74,70.3,70.3,5509352
2012-11-08,71.32,71.89,70.75,71.32,71.32,4560135
2012-11-09,70.5,71.07,69.94,70.5,70.5,4224744
2012-11-12,70.9,71.47,70.33,70.9,70.9,4729032
2012-11-13,70.59,71.16,70.03,70.59,70.59,2141297
2012-11-14,70.87,71.44,70.31,70.87,70.87,8267758
2012-11-15,69.58,70.14,69.02,69.58,69.58,5744276
2012-11-16,68.29,68.84,67.75,68.29,68.29,5035044
2012-11-19,67.22,67.76,66.69,67.22,67.22,9862328
2012-11-20,67.06,67.59,66.52,67.06,67.06,5987491
2012-11-21,66.72,67.26,66.19,66.72,66.72,11637590
2012-11-22,65.79,66.32,65.27,65.79,65.79,4190112
2012-11-23,66.17,66.7,65.64,66.17,66.17,3255198
2012-11-26,66.7,67.23,66.17,66.7,66.7,3538639
2012-11-27,67.7,68.24,67.16,67.7,67.7,7583562
2012-11-28,69.19,69.75,68.64,69.19,69.19,7636943
2012-11-29,69.05,69.61,68.5,69.05,69.05,4110470
2012-11-30,70.44,71.0,69.87,70.44,70.44,8743375
2012-12-03,70.41,70.97,69.85,70.41,70.41,4644830
2012-12-04,69.25,69.8,68.69,69.25,69.25,7769209
2012-12-05,69.43,69.98,68.87,69.43,69.43,7426189
2012-12-06,70.31,70.88,69.75,70.31,70.31,4164272
2012-12-07,68.18,68.73,67.64,68.18,68.18,8942485
2012-12-10,67.05,67.59,66.52,67.05,67.05,2623429
2012-12-11,67.38,67.92,66.84,67.38,67.38,7279812
2012-12-12,69.37,69.93,68.82,69.37,69.37,4047672
2012-12-13,69.65,70.21,69.09,69.65,69.65,6720354
2012-12-14,69.94,70.5,69.38,69.94,69.94,4073856
2012-12-17,71.13,71.7,70.56,71.13,71.13,4061490
2012-12-18,69.78,70.34,69.22,69.78,69.78,9676409
2012-12-19,69.65,70.21,69.09,69.65,69.65,6610910
2012-12-20,68.72,69.27,68.17,68.72,68.72,3855734
2012-12-21,69.96,70.52,69.4,69.96,69.96,4980406
2012-12-24,69.81,70.37,69.25,69.81,69.81,7553608
2012-12-25,71.32,71.9,70.75,71.32,71.32,3042597
2012-12-26,70.3,70.86,69.73,70.3,70.3,6575809
2012-12-27,68.82,69.38,68.27,68.82,68.82,8076824
2012-12-28,68.26,68.8,67.71,68.26,68.26,5967346
2012-12-31,70.1,70.66,69.53,70.1,70.1,4830275
2013-01-01,70.7,71.27,70.14,70.7,70.7,8070033
2013-01-02,71.77,72.35,71.2,71.77,71.77,5106641
2013-01-03,73.04,73.63,72.46,73.04,73.04,5670834
2013-01-04,72.74,73.32,72.16,72.74,72.74,9124537
2013-01-07,73.58,74.17,72.99,73.58,73.58,3414577
2013-01-08,74.4,74.99,73.8,74.4,74.4,4029484
2013-01-09,73.62,74.2,73.03,73.62,73.62,8062556
2013-01-10,72.47,73.05,71.89,72.47,72.47,3960544
2013-01-11,72.08,72.66,71.51,72.08,72.08,2983827
2013-01-14,71.08,71.65,70.51,71.08,71.08,6371735
2013-01-15,72.2,72.78,71.62,72.2,72.2,5402815
2013-01-16,71.96,72.54,71.38,71.96,71.96,7527054
2013-01-17,71.02,71.58,70.45,71.02,71.02,3994867
2013-01-18,72.21,72.79,71.64,72.21,72.21,5266895
2013-01-21,70.88,71.44,70.31,70.88,70.88,8221602
2013-01-22,73.01,73.59,72.43,73.01,73.01,6665330
2013-01-23,71.73,72.3,71.15,71.73,71.73,7153748
2013-01-24,70.76,71.32,70.19,70.76,70.76,4602556
2013-01-25,71.52,72.09,70.95,71.52,71.52,3157452
2013-01-28,71.99,72.57,71.41,71.99,71.99,10689801
2013-01-29,72.38,72.96,71.8,72.38,72.38,5541309
2013-01-30,74.08,74.68,73.49,74.08,74.08,8674227
2013-01-31,74.29,74.88,73.7,74.29,74.29,5949212
2013-02-01,72.74,73.32,72.16,72.74,72.74,5118933
2013-02-04,72.39,72.97,71.81,72.39,72.39,6346716
2013-02-05,71.27,71.84,70.7,71.27,71.27,4863649
2013-02-06,70.48,71.05,69.92,70.48,70.48,7353886
2013-02-07,70.8,71.37,70.23,70.8,70.8,3828303
2013-02-08,71.44,72.01,70.87,71.44,71.44,4495102
2013-02-11,71.2,71.77,70.63,71.2,71.2,7175648
2013-02-12,69.87,70.43,69.31,69.87,69.87,6055948
2013-02-13,68.99,69.54,68.44,68.99,68.99,5285888
2013-02-14,69.55,70.11,68.99,69.55,69.55,5410610
2013-02-15,71.25,71.82,70.68,71.25,71.25,5353225
2013-02-18,73.82,74.41,73.23,73.82,73.82,2612685
2013-02-19,72.26,72.84,71.68,72.26,72.26,8959783
2013-02-20,71.83,72.4,71.25,71.83,71.83,6172506
2013-02-21,72.04,72.61,71.46,72.04,72.04,2350144
2013-02-22,70.56,71.12,69.99,70.56,70.56,6609916
2013-02-25,70.13,70.69,69.57,70.13,70.13,9613443
2013-02-26,68.65,69.2,68.1,68.65,68.65,11445160
2013-02-27,67.19,67.73,66.65,67.19,67.19,3749688
2013-02-28,68.22,68.76,67.67,68.22,68.22,4955532
2013-03-01,67.27,67.81,66.73,67.27,67.27,12856999
2013-03-04,67.12,67.66,66.58,67.12,67.12,6451144
2013-03-05,65.32,65.84,64.79,65.32,65.32,9814773
2013-03-06,65.33,65.86,64.81,65.33,65.33,5341135
2013-03-07,66.14,66.67,65.61,66.14,66.14,10158146
2013-03-08,67.09,67.63,66.56,67.09,67.09,8951407
2013-03-11,67.79,68.33,67.25,67.79,67.79,5904680
2013-03-12,67.61,68.15,67.07,67.61,67.61,3236943
2013-03-13,67.16,67.7,66.62,67.16,67.16,2489576
2013-03-14,67.86,68.4,67.32,67.86,67.86,4980686
2013-03-15,66.74,67.28,66.21,66.74,66.74,5237718
2013-03-18,66.0,66.53,65.47,66.0,66.0,7198223
2013-03-19,63.82,64.33,63.31,63.82,63.82,3569945
2013-03-20,63.22,63.73,62.72,63.22,63.22,7329655
2013-03-21,62.52,63.02,62.02,62.52,62.52,5600054
2013-03-22,61.5,61.99,61.01,61.5,61.5,5785630
2013-03-25,61.79,62.28,61.29,61.79,61.79,7571067
2013-03-26,63.68,64.18,63.17,63.68,63.68,3224070
2013-03-27,63.85,64.36,63.34,63.85,63.85,5068819
2013-03-28,64.43,64.95,63.92,64.43,64.43,3671066
2013-03-29,65.02,65.54,64.5,65.02,65.02,3686350
2013-04-01,64.41,64.92,63.89,64.41,64.41,3333131
2013-04-02,64.27,64.79,63.76,64.27,64.27,4671805
2013-04-03,64.64,65.15,64.12,64.64,64.64,4840032
2013-04-04,65.11,65.63,64.59,65.11,65.11,4660829
2013-04-05,65.27,65.79,64.75,65.27,65.27,6140034
2013-04-08,67.19,67.72,66.65,67.19,67.19,6091642
2013-04-09,66.26,66.79,65.73,66.26,66.26,3903294
2013-04-10,66.5,67.03,65.96,66.5,66.5,5007446
2013-04-11,66.56,67.09,66.02,66.56,66.56,4368291
2013-04-12,67.41,67.95,66.87,67.41,67.41,10849022
2013-04-15,65.23,65.75,64.71,65.23,65.23,3649773
2013-04-16,64.35,64.87,63.84,64.35,64.35,6380519
2013-04-17,64.43,64.95,63.91,64.43,64.43,4892982
2013-04-18,64.24,64.75,63.73,64.24,64.24,2728692
2013-04-19,63.13,63.63,62.62,63.13,63.13,7990537
2013-04-22,62.64,63.14,62.14,62.64,62.64,10244595
2013-04-23,62.17,62.66,61.67,62.17,62.17,3841618
2013-04-24,62.36,62.86,61.86,62.36,62.36,8891834
2013-04-25,63.6,64.11,63.09,63.6,63.6,7997269
2013-04-26,62.86,63.36,62.35,62.86,62.86,5831293
2013-04-29,60.7,61.19,60.22,60.7,60.7,6148042
2013-04-30,61.85,62.35,61.36,61.85,61.85,7697537
2013-05-01,64.05,64.57,63.54,64.05,64.05,8405217
2013-05-02,64.88,65.4,64.36,64.88,64.88,2962393
2013-05-03,65.42,65.95,64.9,65.42,65.42,5440839
2013-05-06,64.99,65.51,64.48,64.99,64.99,1994190
2013-05-07,65.52,66.05,65.0,65.52,65.52,4104189
2013-05-08,64.87,65.39,64.35,64.87,64.87,5759763
2013-05-09,64.08,64.59,63.57,64.08,64.08,9142829
2013-05-10,66.28,66.81,65.75,66.28,66.28,8420990
2013-05-13,64.78,65.3,64.26,64.78,64.78,5932966
2013-05-14,64.42,64.93,63.9,64.42,64.42,7277176
2013-05-15,64.05,64.56,63.54,64.05,64.05,4447826
2013-05-16,64.85,65.37,64.33,64.85,64.85,4451501
2013-05-17,66.02,66.55,65.49,66.02,66.02,6287499
2013-05-20,68.36,68.9,67.81,68.36,68.36,7221013
2013-05-21,68.53,69.08,67.98,68.53,68.53,4519502
2013-05-22,66.72,67.25,66.18,66.72,66.72,3031792
2013-05-23,64.98,65.5,64.46,64.98,64.98,8474125
2013-05-24,63.96,64.47,63.45,63.96,63.96,4721858
2013-05-27,64.54,65.06,64.03,64.54,64.54,5087452
2013-05-28,64.26,64.78,63.75,64.26,64.26,2464956
2013-05-29,62.9,63.41,62.4,62.9,62.9,7147422
2013-05-30,64.33,64.85,63.82,64.33,64.33,3418303
2013-05-31,63.22,63.73,62.71,63.22,63.22,3299301
2013-06-03,62.7,63.2,62.2,62.7,62.7,3424744
2013-06-04,63.1,63.61,62.6,63.1,63.1,4061972
2013-06-05,63.76,64.27,63.25,63.76,63.76,7813592
2013-06-06,63.49,63.99,62.98,63.49,63.49,2339816
2013-06-07,63.62,64.13,63.11,63.62,63.62,4731628
2013-06-10,62.9,63.4,62.39,62.9,62.9,5536291
2013-06-11,61.9,62.4,61.41,61.9,61.9,6328130
2013-06-12,62.83,63.34,62.33,62.83,62.83,3410109
2013-06-13,64.08,64.59,63.57,64.08,64.08,6776528
2013-06-14,66.06,66.58,65.53,66.06,66.06,3883667
2013-06-17,66.95,67.48,66.41,66.95,66.95,4631834
2013-06-18,67.52,68.06,66.98,67.52,67.52,12161401
2013-06-19,69.05,69.61,68.5,69.05,69.05,7738293
2013-06-20,67.98,68.52,67.43,67.98,67.98,6050160
2013-06-21,66.29,66.82,65.76,66.29,66.29,4641836
2013-06-24,67.01,67.55,66.48,67.01,67.01,4068358
2013-06-25,65.91,66.44,65.38,65.91,65.91,9633465
2013-06-26,63.99,64.5,63.48,63.99,63.99,2693786
2013-06-27,65.21,65.73,64.69,65.21,65.21,11684542
2013-06-28,64.55,65.06,64.03,64.55,64.55,8554612
2013-07-01,63.82,64.33,63.31,63.82,63.82,3843701
2013-07-02,63.99,64.5,63.48,63.99,63.99,3279156
2013-07-03,64.16,64.67,63.64,64.16,64.16,4358486
2013-07-04,63.24,63.75,62.74,63.24,63.24,3987469
2013-07-05,64.74,65.26,64.22,64.74,64.74,8513750
2013-07-08,65.45,65.98,64.93,65.45,65.45,7367918
2013-07-09,64.8,65.32,64.28,64.8,64.8,5759146
2013-07-10,64.12,64.64,63.61,64.12,64.12,3874107
2013-07-11,63.43,63.94,62.92,63.43,63.43,10398627
2013-07-12,62.56,63.07,62.06,62.56,62.56,5913930
2013-07-15,61.18,61.66,60.69,61.18,61.18,5151028
2013-07-16,60.7,61.19,60.22,60.7,60.7,12991960
2013-07-17,60.64,61.13,60.16,60.64,60.64,6946008
2013-07-18,61.23,61.72,60.74,61.23,61.23,5842513
2013-07-19,62.11,62.61,61.61,62.11,62.11,3955371
2013-07-22,63.44,63.95,62.94,63.44,63.44,4869897
2013-07-23,64.08,64.6,63.57,64.08,64.08,3786555
2013-07-24,63.03,63.53,62.53,63.03,63.03,4299472
2013-07-25,63.68,64.19,63.17,63.68,63.68,5263342
2013-07-26,64.41,64.93,63.9,64.41,64.41,4309261
2013-07-29,66.89,67.43,66.36,66.89,66.89,7287033
2013-07-30,67.77,68.32,67.23,67.77,67.77,5287455
2013-07-31,68.81,69.36,68.26,68.81,68.81,13213927
2013-08-01,69.93,70.49,69.37,69.93,69.93,6092080
2013-08-02,71.63,72.2,71.06,71.63,71.63,8921000
2013-08-05,69.58,70.13,69.02,69.58,69.58,4689602
2013-08-06,69.36,69.92,68.81,69.36,69.36,4751456
2013-08-07,69.53,70.09,68.98,69.53,69.53,4860380
2013-08-08,68.76,69.31,68.21,68.76,68.76,6902621
2013-08-09,68.91,69.46,68.36,68.91,68.91,4671439
2013-08-12,69.69,70.24,69.13,69.69,69.69,5314654
2013-08-13,71.39,71.96,70.82,71.39,71.39,8454340
2013-08-14,72.92,73.5,72.34,72.92,72.92,4855673
2013-08-15,75.15,75.75,74.55,75.15,75.15,6328880
2013-08-16,73.08,73.66,72.5,73.08,73.08,8235662
2013-08-19,72.27,72.85,71.69,72.27,72.27,4088367
2013-08-20,70.82,71.39,70.25,70.82,70.82,4698941
2013-08-21,71.67,72.24,71.09,71.67,71.67,7985687
2013-08-22,68.78,69.33,68.23,68.78,68.78,4782577
2013-08-23,68.88,69.43,68.33,68.88,68.88,8669537
2013-08-26,68.03,68.57,67.49,68.03,68.03,6310889
2013-08-27,68.85,69.4,68.3,68.85,68.85,7585664
2013-08-28,68.01,68.55,67.46,68.01,68.01,7745133
2013-08-29,66.45,66.99,65.92,66.45,66.45,8660214
2013-08-30,66.58,67.11,66.04,66.58,66.58,9403928
2013-09-02,64.95,65.47,64.43,64.95,64.95,8719044
2013-09-03,64.53,65.05,64.01,64.53,64.53,4845028
2013-09-04,64.06,64.57,63.54,64.06,64.06,3583950
2013-09-05,65.23,65.75,64.71,65.23,65.23,4007988
2013-09-06,64.41,64.92,63.89,64.41,64.41,8466725
2013-09-09,65.46,65.98,64.93,65.46,65.46,9059821
2013-09-10,65.99,66.52,65.46,65.99,65.99,3708586
2013-09-11,65.58,66.1,65.05,65.58,65.58,10455374
2013-09-12,63.93,64.45,63.42,63.93,63.93,6338267
2013-09-13,63.5,64.01,63.0,63.5,63.5,5373452
2013-09-16,63.36,63.86,62.85,63.36,63.36,5452556
2013-09-17,62.32,62.82,61.82,62.32,62.32,6210020
2013-09-18,61.88,62.37,61.38,61.88,61.88,5210846
2013-09-19,61.26,61.75,60.77,61.26,61.26,2626692
2013-09-20,60.14,60.62,59.66,60.14,60.14,3851822
2013-09-23,61.47,61.97,60.98,61.47,61.47,5879758
2013-09-24,61.53,62.02,61.04,61.53,61.53,3926822
2013-09-25,61.46,61.95,60.97,61.46,61.46,3443865
2013-09-26,62.32,62.82,61.82,62.32,62.32,8802399
2013-09-27,62.23,62.73,61.73,62.23,62.23,1955234
2013-09-30,62.54,63.04,62.04,62.54,62.54,10462452
2013-10-01,62.82,63.32,62.31,62.82,62.82,3919554
2013-10-02,63.16,63.66,62.65,63.16,63.16,4874706
2013-10-03,63.4,63.91,62.9,63.4,63.4,4407633
2013-10-04,62.5,63.0,62.0,62.5,62.5,5487800
2013-10-07,62.77,63.27,62.27,62.77,62.77,3500863
2013-10-08,63.89,64.4,63.38,63.89,63.89,4150417
2013-10-09,64.15,64.66,63.63,64.15,64.15,7080460
2013-10-10,66.36,66.89,65.83,66.36,66.36,5981572
2013-10-11,66.2,66.73,65.67,66.2,66.2,2185051
2013-10-14,68.04,68.59,67.5,68.04,68.04,3413839
2013-10-15,66.56,67.09,66.03,66.56,66.56,5490946
2013-10-16,67.48,68.02,66.94,67.48,67.48,8692069
2013-10-17,68.29,68.84,67.74,68.29,68.29,2533775
2013-10-18,68.58,69.13,68.03,68.58,68.58,5367032
2013-10-21,67.4,67.94,66.86,67.4,67.4,6000966
2013-10-22,67.6,68.15,67.06,67.6,67.6,4356083
2013-10-23,67.8,68.34,67.25,67.8,67.8,3867301
2013-10-24,67.37,67.91,66.83,67.37,67.37,3454489
2013-10-25,65.73,66.25,65.2,65.73,65.73,2526029
2013-10-28,65.3,65.82,64.77,65.3,65.3,5104977
2013-10-29,64.86,65.38,64.34,64.86,64.86,6855615
2013-10-30,65.52,66.04,64.99,65.52,65.52,6678192
2013-10-31,64.47,64.99,63.95,64.47,64.47,4501891
2013-11-01,63.63,64.14,63.12,63.63,63.63,5749847
2013-11-04,65.21,65.73,64.69,65.21,65.21,3538878
2013-11-05,65.37,65.9,64.85,65.37,65.37,7241951
2013-11-06,66.77,67.31,66.24,66.77,66.77,4218021
2013-11-07,68.06,68.6,67.51,68.06,68.06,6174504
2013-11-08,67.24,67.78,66.71,67.24,67.24,9153496
2013-11-11,69.25,69.8,68.69,69.25,69.25,4668910
2013-11-12,69.06,69.61,68.5,69.06,69.06,6298642
2013-11-13,70.69,71.25,70.12,70.69,70.69,9091477
2013-11-14,70.8,71.36,70.23,70.8,70.8,7779309
2013-11-15,71.19,71.76,70.62,71.19,71.19,6124647
2013-11-18,70.06,70.62,69.5,70.06,70.06,4526260
2013-11-19,70.56,71.13,70.0,70.56,70.56,9911520
2013-11-20,72.44,73.02,71.86,72.44,72.44,3180220
2013-11-21,72.64,73.22,72.06,72.64,72.64,4630963
2013-11-22,73.53,74.11,72.94,73.53,73.53,3750656
2013-11-25,73.48,74.06,72.89,73.48,73.48,12094714
2013-11-26,74.0,74.59,73.41,74.0,74.0,1985595
2013-11-27,74.16,74.76,73.57,74.16,74.16,7471678
2013-11-28,74.73,75.33,74.14,74.73,74.73,3253141
2013-11-29,75.5,76.1,74.89,75.5,75.5,10406845
2013-12-02,75.88,76.48,75.27,75.88,75.88,5584032
2013-12-03,73.94,74.54,73.35,73.94,73.94,5607374
2013-12-04,74.72,75.32,74.13,74.72,74.72,2633337
2013-12-05,74.45,75.04,73.85,74.45,74.45,6221457
2013-12-06,75.49,76.09,74.89,75.49,75.49,5199606
2013-12-09,75.3,75.91,74.7,75.3,75.3,5687020
2013-12-10,75.11,75.71,74.51,75.11,75.11,4213554
2013-12-11,74.13,74.73,73.54,74.13,74.13,4460364
2013-12-12,72.41,72.99,71.83,72.41,72.41,3874533
2013-12-13,72.37,72.95,71.79,72.37,72.37,4507195
2013-12-16,70.97,71.53,70.4,70.97,70.97,3637246
2013-12-17,71.93,72.51,71.36,71.93,71.93,5515846
2013-12-18,71.29,71.86,70.72,71.29,71.29,6347471
2013-12-19,70.52,71.08,69.95,70.52,70.52,9024666
2013-12-20,72.19,72.77,71.61,72.19,72.19,5315461
2013-12-23,73.97,74.56,73.37,73.97,73.97,6821706
2013-12-24,73.76,74.35,73.17,73.76,73.76,11517118
2013-12-25,72.03,72.61,71.46,72.03,72.03,4217703
2013-12-26,73.27,73.86,72.69,73.27,73.27,3622917
2013-12-27,73.26,73.84,72.67,73.26,73.26,7590113
2013-12-30,73.17,73.75,72.58,73.17,73.17,10420667
2013-12-31,72.94,73.53,72.36,72.94,72.94,6877732
2014-01-01,73.86,74.45,73.27,73.86,73.86,4215774
2014-01-02,71.6,72.17,71.03,71.6,71.6,4812805
2014-01-03,73.13,73.72,72.55,73.13,73.13,3289707
2014-01-06,72.33,72.91,71.75,72.33,72.33,6687181
2014-01-07,71.94,72.51,71.36,71.94,71.94,6334014
2014-01-08,71.71,72.28,71.13,71.71,71.71,7181622
2014-01-09,70.34,70.9,69.78,70.34,70.34,5237474
2014-01-10,68.81,69.36,68.26,68.81,68.81,5733337
2014-01-13,68.63,69.18,68.08,68.63,68.63,6650495
2014-01-14,67.45,67.99,66.91,67.45,67.45,4418858
2014-01-15,67.4,67.94,66.86,67.4,67.4,3949959
2014-01-16,66.81,67.34,66.27,66.81,66.81,6662213
2014-01-17,67.39,67.93,66.85,67.39,67.39,4073632
2014-01-20,66.88,67.41,66.34,66.88,66.88,11476791
2014-01-21,66.01,66.54,65.48,66.01,66.01,5508173
2014-01-22,66.22,66.75,65.69,66.22,66.22,9162977
2014-01-23,67.07,67.61,66.54,67.07,67.07,3695467
2014-01-24,66.04,66.57,65.51,66.04,66.04,5825455
2014-01-27,67.44,67.98,66.9,67.44,67.44,6078667
2014-01-28,67.63,68.17,67.09,67.63,67.63,5254311
2014-01-29,67.32,67.86,66.79,67.32,67.32,7181729
2014-01-30,68.03,68.57,67.49,68.03,68.03,3458320
2014-01-31,69.96,70.52,69.4,69.96,69.96,4482309
2014-02-03,70.0,70.56,69.44,70.0,70.0,10914418
2014-02-04,70.61,71.18,70.05,70.61,70.61,5465026
2014-02-05,70.37,70.94,69.81,70.37,70.37,5035676
2014-02-06,71.32,71.89,70.74,71.32,71.32,3150565
2014-02-07,71.21,71.78,70.64,71.21,71.21,4875514
2014-02-10,71.91,72.49,71.34,71.91,71.91,3497809
2014-02-11,71.22,71.79,70.65,71.22,71.22,6651131
2014-02-12,71.4,71.97,70.83,71.4,71.4,3880477
2014-02-13,70.63,71.2,70.07,70.63,70.63,5510876
2014-02-14,71.75,72.32,71.17,71.75,71.75,4612080
2014-02-17,72.09,72.67,71.51,72.09,72.09,4498923
2014-02-18,71.08,71.65,70.51,71.08,71.08,3973328
2014-02-19,70.52,71.08,69.96,70.52,70.52,4872457
2014-02-20,70.33,70.89,69.76,70.33,70.33,3894165
2014-02-21,67.9,68.44,67.36,67.9,67.9,6945568
2014-02-24,67.47,68.01,66.93,67.47,67.47,6138209
2014-02-25,68.75,69.3,68.2,68.75,68.75,10349643
2014-02-26,68.67,69.22,68.12,68.67,68.67,2494852
2014-02-27,67.6,68.14,67.06,67.6,67.6,9986670
2014-02-28,68.37,68.92,67.83,68.37,68.37,8144992
2014-03-03,68.06,68.6,67.52,68.06,68.06,8922843
2014-03-04,68.3,68.85,67.76,68.3,68.3,8552254
2014-03-05,69.18,69.73,68.62,69.18,69.18,8171926
2014-03-06,69.83,70.38,69.27,69.83,69.83,3851549
2014-03-07,69.83,70.39,69.28,69.83,69.83,9564554
2014-03-10,69.16,69.71,68.61,69.16,69.16,6984305
2014-03-11,70.65,71.21,70.08,70.65,70.65,5953643
2014-03-12,70.2,70.76,69.64,70.2,70.2,4815055
2014-03-13,69.89,70.45,69.33,69.89,69.89,2822944
2014-03-14,68.98,69.53,68.43,68.98,68.98,5684248
2014-03-17,68.05,68.59,67.5,68.05,68.05,7736079
2014-03-18,70.01,70.57,69.45,70.01,70.01,4267447
2014-03-19,68.06,68.61,67.52,68.06,68.06,2737412
2014-03-20,67.53,68.07,66.99,67.53,67.53,6491071
2014-03-21,68.6,69.15,68.05,68.6,68.6,7248277
2014-03-24,68.52,69.06,67.97,68.52,68.52,5532633
2014-03-25,68.05,68.6,67.51,68.05,68.05,3972388
2014-03-26,68.7,69.25,68.15,68.7,68.7,2402549
2014-03-27,69.43,69.99,68.88,69.43,69.43,4072316
2014-03-28,69.59,70.15,69.03,69.59,69.59,6504326
2014-03-31,70.0,70.56,69.44,70.0,70.0,8420695
2014-04-01,70.65,71.21,70.08,70.65,70.65,2938265
2014-04-02,72.17,72.75,71.59,72.17,72.17,5588561
2014-04-03,72.17,72.75,71.59,72.17,72.17,4628468
2014-04-04,72.55,73.13,71.97,72.55,72.55,12345523
2014-04-07,73.41,74.0,72.82,73.41,73.41,4319008
2014-04-08,71.64,72.21,71.06,71.64,71.64,2674024
2014-04-09,72.66,73.24,72.08,72.66,72.66,3967741
2014-04-10,73.39,73.98,72.81,73.39,73.39,4009012
2014-04-11,72.54,73.12,71.96,72.54,72.54,4998782
2014-04-14,71.03,71.6,70.47,71.03,71.03,7069836
2014-04-15,70.12,70.68,69.56,70.12,70.12,6347717
2014-04-16,69.57,70.12,69.01,69.57,69.57,6303237
2014-04-17,69.83,70.38,69.27,69.83,69.83,6547688
2014-04-18,70.22,70.78,69.66,70.22,70.22,4826254
2014-04-21,71.77,72.35,71.2,71.77,71.77,6727010
2014-04-22,73.42,74.0,72.83,73.42,73.42,9792088
2014-04-23,72.63,73.21,72.05,72.63,72.63,3129380
2014-04-24,71.95,72.53,71.38,71.95,71.95,8483153
2014-04-25,71.0,71.57,70.43,71.0,71.0,10947524
2014-04-28,69.83,70.39,69.27,69.83,69.83,12289495
2014-04-29,69.19,69.74,68.63,69.19,69.19,4277256
2014-04-30,68.79,69.34,68.23,68.79,68.79,7950307
2014-05-01,68.03,68.58,67.49,68.03,68.03,4763329
2014-05-02,66.72,67.25,66.19,66.72,66.72,4679780
2014-05-05,68.1,68.64,67.55,68.1,68.1,5465334
2014-05-06,69.39,69.95,68.84,69.39,69.39,2286458
2014-05-07,69.05,69.6,68.5,69.05,69.05,5637295
2014-05-08,68.42,68.97,67.87,68.42,68.42,9989816
2014-05-09,65.84,66.37,65.31,65.84,65.84,7920367
2014-05-12,65.82,66.35,65.29,65.82,65.82,4305159
2014-05-13,66.82,67.35,66.28,66.82,66.82,8115943
2014-05-14,66.6,67.13,66.07,66.6,66.6,3659360
2014-05-15,66.05,66.58,65.52,66.05,66.05,5227240
2014-05-16,65.2,65.72,64.68,65.2,65.2,9194638
2014-05-19,65.21,65.73,64.68,65.21,65.21,7732729
2014-05-20,65.75,66.28,65.23,65.75,65.75,8834738
2014-05-21,67.3,67.84,66.77,67.3,67.3,7288905
2014-05-22,66.27,66.8,65.74,66.27,66.27,2588034
2014-05-23,65.93,66.46,65.4,65.93,65.93,5113229
2014-05-26,66.51,67.05,65.98,66.51,66.51,7490757
2014-05-27,67.25,67.79,66.71,67.25,67.25,5945020
2014-05-28,67.37,67.91,66.83,67.37,67.37,5781139
2014-05-29,69.02,69.57,68.47,69.02,69.02,7576209
2014-05-30,68.16,68.71,67.61,68.16,68.16,4880523
2014-06-02,67.26,67.79,66.72,67.26,67.26,8087184
2014-06-03,65.38,65.9,64.85,65.38,65.38,7267156
2014-06-04,66.61,67.15,66.08,66.61,66.61,6509977
2014-06-05,66.65,67.19,66.12,66.65,66.65,2943831
2014-06-06,67.14,67.68,66.61,67.14,67.14,7037226
2014-06-09,67.38,67.91,66.84,67.38,67.38,13601009
2014-06-10,67.49,68.03,66.95,67.49,67.49,7136511
2014-06-11,67.64,68.18,67.1,67.64,67.64,8540001
2014-06-12,67.22,67.76,66.68,67.22,67.22,4433082
2014-06-13,68.49,69.04,67.94,68.49,68.49,4691518
2014-06-16,69.56,70.12,69.0,69.56,69.56,7245375
2014-06-17,69.77,70.33,69.21,69.77,69.77,8959042
2014-06-18,67.76,68.3,67.22,67.76,67.76,5925057
2014-06-19,67.84,68.39,67.3,67.84,67.84,4658431
2014-06-20,66.83,67.36,66.29,66.83,66.83,4374700
2014-06-23,67.63,68.17,67.09,67.63,67.63,2290190
2014-06-24,67.58,68.12,67.04,67.58,67.58,7331379
2014-06-25,67.95,68.49,67.4,67.95,67.95,7453011
2014-06-26,67.97,68.51,67.42,67.97,67.97,3207759
2014-06-27,67.09,67.62,66.55,67.09,67.09,4719506
2014-06-30,66.51,67.05,65.98,66.51,66.51,6706161
2014-07-01,66.73,67.27,66.2,66.73,66.73,4501722
2014-07-02,67.77,68.31,67.22,67.77,67.77,10692314
2014-07-03,69.17,69.73,68.62,69.17,69.17,4392317
2014-07-04,70.17,70.74,69.61,70.17,70.17,6275849
2014-07-07,69.12,69.68,68.57,69.12,69.12,11986394
2014-07-08,68.4,68.95,67.85,68.4,68.4,4339402
2014-07-09,68.84,69.39,68.29,68.84,68.84,2607624
2014-07-10,68.8,69.35,68.25,68.8,68.8,4174686
2014-07-11,68.08,68.62,67.53,68.08,68.08,4338743
2014-07-14,67.91,68.45,67.37,67.91,67.91,6075928
2014-07-15,68.63,69.18,68.08,68.63,68.63,4767045
2014-07-16,68.77,69.32,68.22,68.77,68.77,5899887
2014-07-17,68.32,68.87,67.78,68.32,68.32,5124607
2014-07-18,69.22,69.78,68.67,69.22,69.22,3322281
2014-07-21,70.13,70.69,69.57,70.13,70.13,4380929
2014-07-22,70.12,70.68,69.56,70.12,70.12,6771942
2014-07-23,69.63,70.19,69.07,69.63,69.63,3313134
2014-07-24,71.44,72.01,70.86,71.44,71.44,4939690
2014-07-25,70.39,70.96,69.83,70.39,70.39,3028637
2014-07-28,68.99,69.55,68.44,68.99,68.99,3578002
2014-07-29,70.96,71.53,70.39,70.96,70.96,4952929
2014-07-30,70.4,70.96,69.83,70.4,70.4,3647641
2014-07-31,71.66,72.23,71.09,71.66,71.66,3285477
2014-08-01,70.79,71.36,70.22,70.79,70.79,9567386
2014-08-04,69.87,70.43,69.31,69.87,69.87,5753682
2014-08-05,67.51,68.05,66.97,67.51,67.51,4267745
2014-08-06,70.77,71.34,70.2,70.77,70.77,3518098
2014-08-07,70.5,71.06,69.93,70.5,70.5,7709305
2014-08-08,70.6,71.17,70.04,70.6,70.6,5033092
2014-08-11,70.74,71.3,70.17,70.74,70.74,5485877
2014-08-12,68.99,69.54,68.44,68.99,68.99,3257287
2014-08-13,68.39,68.94,67.84,68.39,68.39,6471962
2014-08-14,67.41,67.95,66.87,67.41,67.41,6567844
2014-08-15,66.27,66.8,65.74,66.27,66.27,4822822
2014-08-18,65.95,66.48,65.42,65.95,65.95,4391780
2014-08-19,64.48,65.0,63.97,64.48,64.48,5816903
2014-08-20,63.12,63.63,62.62,63.12,63.12,4706035
2014-08-21,63.61,64.12,63.1,63.61,63.61,5480406
2014-08-22,63.36,63.87,62.85,63.36,63.36,6518506
2014-08-25,63.38,63.89,62.88,63.38,63.38,3754181
2014-08-26,62.81,63.32,62.31,62.81,62.81,3189588
2014-08-27,63.3,63.8,62.79,63.3,63.3,4819763
2014-08-28,63.22,63.73,62.71,63.22,63.22,3639042
2014-08-29,62.4,62.9,61.9,62.4,62.4,7688292
2014-09-01,60.68,61.17,60.2,60.68,60.68,3233143
2014-09-02,58.38,58.85,57.91,58.38,58.38,3655314
2014-09-03,58.52,58.99,58.05,58.52,58.52,3477028
2014-09-04,59.6,60.08,59.12,59.6,59.6,7748309
2014-09-05,60.18,60.66,59.7,60.18,60.18,7027507
2014-09-08,62.07,62.57,61.58,62.07,62.07,3926248
2014-09-09,63.42,63.93,62.91,63.42,63.42,4488605
2014-09-10,62.07,62.57,61.57,62.07,62.07,3522061
2014-09-11,60.21,60.7,59.73,60.21,60.21,3162547
2014-09-12,59.9,60.38,59.42,59.9,59.9,7146424
2014-09-15,60.51,60.99,60.02,60.51,60.51,7857016
2014-09-16,60.77,61.26,60.29,60.77,60.77,3403750
2014-09-17,60.1,60.58,59.62,60.1,60.1,5496141
2014-09-18,59.69,60.17,59.21,59.69,59.69,6910755
2014-09-19,60.13,60.61,59.65,60.13,60.13,4680911
2014-09-22,59.65,60.13,59.17,59.65,59.65,6855086
2014-09-23,58.75,59.22,58.28,58.75,58.75,8404316
2014-09-24,59.09,59.57,58.62,59.09,59.09,5048912
2014-09-25,59.59,60.07,59.11,59.59,59.59,5068916
2014-09-26,59.59,60.06,59.11,59.59,59.59,7391298
2014-09-29,58.39,58.85,57.92,58.39,58.39,9049598
2014-09-30,57.38,57.84,56.92,57.38,57.38,6437927
2014-10-01,59.93,60.41,59.45,59.93,59.93,8041700
2014-10-02,59.48,59.95,59.0,59.48,59.48,4412242
2014-10-03,57.13,57.59,56.68,57.13,57.13,6802403
2014-10-06,56.89,57.34,56.43,56.89,56.89,2868769
2014-10-07,57.01,57.47,56.55,57.01,57.01,4626695
2014-10-08,58.16,58.62,57.69,58.16,58.16,8729999
2014-10-09,58.9,59.37,58.42,58.9,58.9,8128317
2014-10-10,58.76,59.23,58.29,58.76,58.76,4816945
2014-10-13,58.05,58.51,57.58,58.05,58.05,4190673
2014-10-14,58.25,58.72,57.78,58.25,58.25,4208310
2014-10-15,57.8,58.26,57.34,57.8,57.8,6909967
2014-10-16,59.4,59.87,58.92,59.4,59.4,4990055
2014-10-17,60.68,61.17,60.2,60.68,60.68,6456579
2014-10-20,60.17,60.65,59.69,60.17,60.17,6326449
2014-10-21,60.03,60.51,59.55,60.03,60.03,4790425
2014-10-22,61.35,61.84,60.86,61.35,61.35,5074411
2014-10-23,60.71,61.19,60.22,60.71,60.71,3220437
2014-10-24,60.73,61.22,60.25,60.73,60.73,7858507
2014-10-27,61.11,61.6,60.63,61.11,61.11,5661976
2014-10-28,61.45,61.94,60.96,61.45,61.45,3335533
2014-10-29,61.5,61.99,61.01,61.5,61.5,5850285
2014-10-30,61.5,61.99,61.01,61.5,61.5,4474294
2014-10-31,61.89,62.38,61.39,61.89,61.89,4306696
2014-11-03,60.92,61.41,60.44,60.92,60.92,4698089
2014-11-04,61.96,62.46,61.47,61.96,61.96,11019295
2014-11-05,62.85,63.35,62.35,62.85,62.85,3428852
2014-11-06,62.46,62.96,61.96,62.46,62.46,3633385
2014-11-07,62.82,63.32,62.32,62.82,62.82,4527654
2014-11-10,62.56,63.06,62.06,62.56,62.56,10855159
2014-11-11,62.26,62.75,61.76,62.26,62.26,7140512
2014-11-12,63.52,64.03,63.01,63.52,63.52,5940665
2014-11-13,64.4,64.91,63.88,64.4,64.4,4324659
2014-11-14,67.22,67.76,66.69,67.22,67.22,3831150
2014-11-17,67.51,68.05,66.97,67.51,67.51,8370601
2014-11-18,68.46,69.01,67.91,68.46,68.46,9975402
2014-11-19,68.29,68.83,67.74,68.29,68.29,5366489
2014-11-20,66.84,67.38,66.31,66.84,66.84,12114495
2014-11-21,67.62,68.16,67.08,67.62,67.62,3452086
2014-11-24,67.81,68.35,67.27,67.81,67.81,4428923
2014-11-25,67.43,67.97,66.89,67.43,67.43,3845760
2014-11-26,66.83,67.37,66.3,66.83,66.83,5044766
2014-11-27,65.43,65.96,64.91,65.43,65.43,5712756
2014-11-28,67.21,67.75,66.67,67.21,67.21,5245037
2014-12-01,66.98,67.51,66.44,66.98,66.98,2232395
2014-12-02,67.02,67.56,66.48,67.02,67.02,4048093
2014-12-03,67.31,67.85,66.77,67.31,67.31,5410000
2014-12-04,68.35,68.9,67.81,68.35,68.35,8894707
2014-12-05,69.73,70.29,69.17,69.73,69.73,7402858
2014-12-08,69.44,69.99,68.88,69.44,69.44,5840775
2014-12-09,67.99,68.54,67.45,67.99,67.99,7261551
2014-12-10,68.79,69.34,68.24,68.79,68.79,5953942
2014-12-11,70.43,70.99,69.86,70.43,70.43,5554197
2014-12-12,69.46,70.01,68.9,69.46,69.46,4431973
2014-12-15,70.88,71.45,70.31,70.88,70.88,4785404
2014-12-16,69.79,70.35,69.23,69.79,69.79,4750793
2014-12-17,69.72,70.28,69.17,69.72,69.72,3233330
2014-12-18,70.16,70.72,69.6,70.16,70.16,5649608
2014-12-19,69.19,69.74,68.64,69.19,69.19,2879326
2014-12-22,70.68,71.24,70.11,70.68,70.68,8134807
2014-12-23,69.45,70.0,68.89,69.45,69.45,2734729
2014-12-24,69.53,70.09,68.98,69.53,69.53,4634186
2014-12-25,68.01,68.55,67.47,68.01,68.01,4759148
2014-12-26,67.07,67.61,66.53,67.07,67.07,6452742
2014-12-29,67.47,68.01,66.93,67.47,67.47,6919984
2014-12-30,67.11,67.65,66.58,67.11,67.11,6578869
2014-12-31,68.04,68.58,67.49,68.04,68.04,8756862
2015-01-01,69.68,70.24,69.13,69.68,69.68,2910301
2015-01-02,69.7699966430664,70.81999969482422,69.72000122070312,70.05999755859375,57.200382232666016,3146200
2015-01-05,69.7300033569336,70.08999633789062,69.1500015258789,69.37000274658203,56.63704299926758,4845500
2015-01-06,69.91999816894531,70.91000366210938,69.19999694824219,69.72000122070312,56.92279815673828,5127400
2015-01-07,70.02999877929688,70.52999877929688,68.44999694824219,69.2300033569336,56.52273941040039,9043000
2015-01-08,70.0,71.48999786376953,69.66000366210938,70.87000274658203,57.8616943359375,7472200
2015-01-09,70.02999877929688,70.11000061035156,69.01000213623047,69.93000030517578,57.0942611694336,8141700
2015-01-12,70.22000122070312,70.61000061035156,69.27999877929688,69.41999816894531,56.67787551879883,5797600
2015-01-13,70.06999969482422,70.80000305175781,68.80999755859375,69.37999725341797,56.64520263671875,3364800
2015-01-14,68.7699966430664,69.87999725341797,68.70999908447266,69.76000213623047,56.95546340942383,3376100
2015-01-15,70.44000244140625,71.2699966430664,69.7300033569336,69.73999786376953,56.93913650512695,4055000
2015-01-16,69.58999633789062,70.87999725341797,69.44000244140625,70.68000030517578,57.70659637451172,4263300
2015-01-20,70.87000274658203,72.0999984741211,70.87000274658203,72.02999877929688,58.80880355834961,6163300
2015-01-21,71.62000274658203,72.5,71.11000061035156,72.23999786376953,58.98023223876953,5195900
2015-01-22,72.69000244140625,72.69000244140625,71.63999938964844,72.45999908447266,59.15986633300781,4582800
2015-01-23,72.45999908447266,72.86000061035156,72.05000305175781,72.12999725341797,58.89043426513672,2903200
2015-01-26,71.86000061035156,72.16999816894531,71.05999755859375,72.11000061035156,58.87409973144531,3466600
2015-01-27,71.76000213623047,72.13999938964844,71.44999694824219,71.7300033569336,58.56385040283203,3661600
2015-01-28,72.11000061035156,72.37999725341797,70.76000213623047,70.97000122070312,57.94335174560547,3105200
2015-01-29,70.97000122070312,72.16000366210938,70.41999816894531,72.11000061035156,58.87409973144531,4416600
2015-01-30,73.0199966430664,73.47000122070312,71.58000183105469,72.0,58.78428268432617,6720100
2015-02-02,71.87000274658203,72.0,70.2300033569336,71.69000244140625,58.531192779541016,6274500
2015-02-03,71.58999633789062,71.63999938964844,69.8499984741211,70.88999938964844,57.878055572509766,6811500
2015-02-04,70.2300033569336,70.48999786376953,69.7699966430664,70.22000122070312,57.33100128173828,5376400
2015-02-05,70.69999694824219,71.56999969482422,70.68000030517578,71.41000366210938,58.30257797241211,3847000
2015-02-06,71.16000366210938,71.38999938964844,70.23999786376953,70.36000061035156,57.4453125,3246000
2015-02-09,70.0,70.26000213623047,69.37999725341797,69.61000061035156,56.832984924316406,3771200
2015-02-10,70.11000061035156,70.55999755859375,69.88999938964844,70.5,57.55961608886719,6888000
2015-02-11,70.0,70.62000274658203,69.69999694824219,69.94999694824219,57.51850891113281,3456400
2015-02-12,70.19000244140625,70.55000305175781,69.83000183105469,70.52999877929688,57.99543380737305,3383500
2015-02-13,70.69000244140625,70.88999938964844,70.19000244140625,70.55999755859375,58.02009201049805,2691900
2015-02-17,70.41000366210938,71.62999725341797,70.30000305175781,71.55999755859375,58.84236526489258,3971600
2015-02-18,71.41000366210938,71.44999694824219,70.19999694824219,71.01000213623047,58.39014053344727,3800000
2015-02-19,70.83000183105469,71.29000091552734,70.7699966430664,71.12000274658203,58.48057174682617,2337000
2015-02-20,70.97000122070312,71.95999908447266,70.2699966430664,71.87999725341797,59.10549545288086,3461700
2015-02-23,71.80999755859375,71.91999816894531,70.70999908447266,71.08999633789062,58.45591354370117,3378600
2015-02-24,71.0,71.5,70.51000213623047,70.9000015258789,58.29967498779297,3158600
2015-02-25,70.87000274658203,70.87000274658203,70.05000305175781,70.36000061035156,57.85564041137695,3029500
2015-02-26,70.16999816894531,70.30999755859375,69.54000091552734,70.02999877929688,57.58428955078125,4544900
2015-02-27,69.94999694824219,70.5,69.91000366210938,70.16999816894531,57.69941329956055,3353200
2015-03-02,70.16999816894531,71.13999938964844,70.16000366210938,71.12000274658203,58.48057174682617,3815100
2015-03-03,71.12000274658203,71.1500015258789,70.08999633789062,70.37000274658203,57.86386489868164,4137300
2015-03-04,70.01000213623047,70.81999969482422,69.80999755859375,70.6500015258789,58.09409332275391,3005100
2015-03-05,70.73999786376953,71.08999633789062,70.4000015258789,70.58999633789062,58.04477691650391,3465900
2015-03-06,70.26000213623047,70.26000213623047,68.30999755859375,68.41000366210938,56.25220489501953,5880800
2015-03-09,68.73999786376953,69.73999786376953,68.41999816894531,69.58000183105469,57.21426773071289,5848000
2015-03-10,69.12000274658203,69.43000030517578,68.55000305175781,68.77999877929688,56.55644989013672,3664900
2015-03-11,68.88999938964844,69.33000183105469,68.41000366210938,68.45999908447266,56.293304443359375,3424500
2015-03-12,68.75,69.62999725341797,68.54000091552734,69.55999755859375,57.19783401489258,2724000
2015-03-13,69.41000366210938,70.05000305175781,69.13999938964844,69.88999938964844,57.46917343139648,3223800
2015-03-16,70.2699966430664,71.4000015258789,70.18000030517578,71.06999969482422,58.43947219848633,3922300
2015-03-17,70.70999908447266,71.26000213623047,70.33000183105469,70.83999633789062,58.25032043457031,2572500
2015-03-18,70.9000015258789,74.16999816894531,70.69000244140625,73.54000091552734,60.470489501953125,6436200
2015-03-19,73.26000213623047,74.58000183105469,72.58999633789062,74.22000122070312,61.02964782714844,7051200
2015-03-20,75.22000122070312,76.19999694824219,74.54000091552734,76.12000274658203,62.59194564819336,10713900
2015-03-23,76.0199966430664,77.45999908447266,75.94999694824219,76.36000061035156,62.78933334350586,6284400
2015-03-24,76.2699966430664,76.69999694824219,75.36000061035156,75.55999755859375,62.13151550292969,5111600
2015-03-25,75.66000366210938,76.4800033569336,74.36000061035156,74.36000061035156,61.14476013183594,5431600
2015-03-26,74.0,74.3499984741211,73.41999816894531,73.44000244140625,60.38825607299805,4023500
2015-03-27,73.62000274658203,73.98999786376953,73.19999694824219,73.58000183105469,60.50340270996094,4171600
2015-03-30,74.0,74.19999694824219,73.66999816894531,73.87000274658203,60.74185180664063,3370700
2015-03-31,73.3499984741211,73.9800033569336,72.6500015258789,72.6500015258789,59.73867034912109,4348000
2015-04-01,72.91999816894531,72.97000122070312,71.06999969482422,71.52999877929688,58.81772613525391,5875800
2015-04-02,71.45999908447266,71.77999877929688,70.52999877929688,71.23999786376953,58.57923889160156,3781800
2015-04-06,71.12999725341797,71.70999908447266,70.83999633789062,71.30999755859375,58.63680648803711,3936900
2015-04-07,71.25,72.08000183105469,71.18000030517578,71.69999694824219,58.957462310791016,3128100
2015-04-08,71.91999816894531,72.27999877929688,71.54000091552734,72.1500015258789,59.32754135131836,3215400
2015-04-09,72.22000122070312,72.55999755859375,71.9000015258789,72.36000061035156,59.50023651123047,2595800
2015-04-10,72.5,73.9800033569336,72.25,73.91999816894531,60.782962799072266,3956400
2015-04-13,73.27999877929688,73.63999938964844,73.11000061035156,73.5199966430664,60.45403671264648,4351500
2015-04-14,73.30000305175781,73.75,73.0999984741211,73.45999908447266,60.40473556518555,3950600
2015-04-15,73.54000091552734,74.0199966430664,73.30000305175781,73.70999908447266,60.61028671264648,4358700
2015-04-16,73.61000061035156,74.0,73.38999938964844,73.48999786376953,60.429386138916016,2880000
2015-04-17,73.01000213623047,73.19999694824219,71.95999908447266,72.47000122070312,59.59064865112305,4386700
2015-04-20,73.0,73.26000213623047,72.30000305175781,72.41000366210938,59.54131317138672,2540400
2015-04-21,72.9800033569336,73.12000274658203,72.05999755859375,72.20999908447266,59.37686538696289,4048400
2015-04-22,72.47000122070312,72.47000122070312,71.87999725341797,72.30000305175781,59.450870513916016,3506100
2015-04-23,72.87999725341797,72.94000244140625,71.06999969482422,72.4000015258789,59.53310012817383,5448700
2015-04-24,72.22000122070312,72.43000030517578,71.26000213623047,71.58000183105469,58.85882186889648,3816300
2015-04-27,71.93000030517578,72.16999816894531,70.62999725341797,70.88999938964844,58.29146194458008,5328400
2015-04-28,70.62000274658203,71.27999877929688,70.19999694824219,71.18000030517578,58.52993392944336,4557900
2015-04-29,71.86000061035156,72.81999969482422,71.83999633789062,72.27999877929688,59.4344367980957,6789600
2015-04-30,71.95999908447266,72.61000061035156,71.43000030517578,71.87000274658203,59.09727478027344,5479300
2015-05-01,72.26000213623047,73.33000183105469,71.25,73.12000274658203,60.12516403198242,6533400
2015-05-04,73.25,73.58999633789062,72.8499984741211,73.05000305175781,60.06757354736328,4040700
2015-05-05,72.83000183105469,72.97000122070312,71.81999969482422,71.91000366210938,59.13020324707031,3735900
2015-05-06,71.97000122070312,72.27999877929688,71.54000091552734,72.05000305175781,59.24529266357422,3567600
2015-05-07,71.75,72.29000091552734,71.72000122070312,71.81999969482422,59.056182861328125,3628100
2015-05-08,72.5,73.69999694824219,72.5,73.26000213623047,60.24026107788086,3713300
2015-05-11,73.26000213623047,73.98999786376953,73.19000244140625,73.47000122070312,60.41292190551758,2958600
2015-05-12,73.13999938964844,73.13999938964844,72.30999755859375,72.44000244140625,59.56599044799805,3152800
2015-05-13,72.76000213623047,73.2300033569336,72.48999786376953,72.80000305175781,59.862003326416016,2682100
2015-05-14,72.68000030517578,73.22000122070312,72.43000030517578,73.05999755859375,60.49127578735352,3364300
2015-05-15,73.2300033569336,73.41999816894531,72.58999633789062,72.9000015258789,60.35879135131836,3464400
2015-05-18,73.05000305175781,73.08999633789062,72.62000274658203,72.94000244140625,60.391876220703125,2162000
2015-05-19,72.81999969482422,73.58000183105469,72.62999725341797,73.44999694824219,60.81417846679688,3548000
2015-05-20,73.44999694824219,73.69000244140625,73.18000030517578,73.36000061035156,60.73963165283203,1980300
2015-05-21,73.33999633789062,74.3499984741211,73.18000030517578,74.2699966430664,61.49310302734375,3288200
2015-05-22,74.05000305175781,74.33000183105469,73.87000274658203,74.30000305175781,61.51795196533203,3023400
2015-05-26,73.95999908447266,74.37000274658203,73.81999969482422,74.30999755859375,61.52618789672852,4194600
2015-05-27,74.36000061035156,74.98999786376953,74.13999938964844,74.9000015258789,62.01469802856445,2901100
2015-05-28,74.80000305175781,76.4800033569336,74.73999786376953,76.41000366210938,63.26495361328125,4823600
2015-05-29,76.1500015258789,79.55000305175781,76.0199966430664,78.9000015258789,65.32659149169922,11917000
2015-06-01,78.91999816894531,79.8499984741211,78.77999877929688,79.0,65.40941619873047,4866500
2015-06-02,78.76000213623047,78.76000213623047,77.51000213623047,77.94999694824219,64.5400161743164,4467700
2015-06-03,78.0,78.16999816894531,77.27999877929688,77.83000183105469,64.44065856933594,3270800
2015-06-04,77.33999633789062,78.5999984741211,77.33000183105469,77.68000030517578,64.31644439697266,3786500
2015-06-05,77.55999755859375,78.26000213623047,76.98999786376953,78.12000274658203,64.68077850341797,2788900
2015-06-08,77.9800033569336,78.8499984741211,77.83000183105469,78.5199966430664,65.01195526123047,6065900
2015-06-09,78.37000274658203,82.88999938964844,78.01000213623047,82.7699966430664,68.53083038330078,10109100
2015-06-10,81.98999786376953,83.48999786376953,81.30999755859375,83.18000030517578,68.87030029296875,13169400
2015-06-11,83.11000061035156,87.23999786376953,83.08000183105469,86.58999633789062,71.69364929199219,16740800
2015-06-12,85.88999938964844,86.0,83.08999633789062,84.20999908447266,69.72310638427734,12630500
2015-06-15,83.56999969482422,84.61000061035156,83.08999633789062,84.08000183105469,69.61544036865234,5462700
2015-06-16,83.91000366210938,85.31999969482422,83.62999725341797,84.77999877929688,70.19502258300781,5694500
2015-06-17,84.68000030517578,84.68000030517578,83.01000213623047,83.52999877929688,69.16007232666016,5968200
2015-06-18,83.88999938964844,84.37000274658203,82.75,83.04000091552734,68.75437927246094,7251500
2015-06-19,82.47000122070312,83.20999908447266,82.31999969482422,82.62999725341797,68.41490173339844,6907000
2015-06-22,83.30000305175781,83.44000244140625,82.8499984741211,82.91999816894531,68.6550064086914,3537100
2015-06-23,83.75,83.75,82.44999694824219,82.66999816894531,68.44803619384766,3643500
2015-06-24,82.5,83.08000183105469,82.26000213623047,82.26000213623047,68.10855102539062,4212100
2015-06-25,84.16000366210938,86.9000015258789,84.08000183105469,84.80000305175781,70.21160888671875,9630100
2015-06-26,85.19000244140625,85.93000030517578,84.58000183105469,85.8499984741211,71.08096313476562,14369800
2015-06-29,85.3499984741211,85.58000183105469,83.7300033569336,83.77999877929688,69.36708068847656,4441900
2015-06-30,84.5,84.56999969482422,83.38999938964844,83.48999786376953,69.12693786621094,4261200
2015-07-01,83.80000305175781,84.95999908447266,83.5999984741211,84.8499984741211,70.25300598144531,3629100
2015-07-02,85.20999908447266,86.23999786376953,84.69000244140625,86.13999938964844,71.3210678100586,5128100
2015-07-06,85.30999755859375,86.44000244140625,85.25,86.3499984741211,71.49493408203125,5062900
2015-07-07,86.63999938964844,88.77999877929688,86.05999755859375,88.7300033569336,73.46549987792969,6912300
2015-07-08,88.2699966430664,88.5,87.16999816894531,87.25,72.24010467529297,5330000
2015-07-09,88.0,88.30999755859375,86.9000015258789,87.4800033569336,72.43053436279297,4767600
2015-07-10,88.30000305175781,88.45999908447266,87.69999694824219,88.29000091552734,73.10121154785156,4471200
2015-07-13,89.13999938964844,90.18000030517578,88.66999816894531,88.81999969482422,73.54000854492188,5940500
2015-07-14,89.05000305175781,89.0999984741211,87.8499984741211,88.76000213623047,73.49034118652344,6028700
2015-07-15,87.79000091552734,88.16999816894531,86.0999984741211,86.37999725341797,71.519775390625,6615900
2015-07-16,86.80000305175781,87.45999908447266,86.58000183105469,87.16999816894531,72.17388916015625,5578000
2015-07-17,87.0,87.44000244140625,86.62000274658203,87.37000274658203,72.33949279785156,4430100
2015-07-20,87.69999694824219,87.91999816894531,87.2699966430664,87.87000274658203,72.75346374511719,4320500
2015-07-21,87.58000183105469,87.69000244140625,85.5199966430664,85.56999969482422,70.84913635253906,8065300
2015-07-22,83.31999969482422,86.80000305175781,81.5,86.37999725341797,71.519775390625,12677800
2015-07-23,89.05999755859375,89.87000274658203,85.62000274658203,86.76000213623047,71.83441162109375,5258500
2015-07-24,86.0,86.20999908447266,84.16000366210938,84.72000122070312,70.1453628540039,3460300
2015-07-27,84.5,84.61000061035156,83.33999633789062,84.1500015258789,69.6734390258789,5420600
2015-07-28,84.70999908447266,85.69999694824219,84.5,85.68000030517578,70.940185546875,3027800
2015-07-29,85.91000366210938,85.98999786376953,84.70999908447266,85.08999633789062,70.45171356201172,2711800
2015-07-30,84.26000213623047,84.97000122070312,83.9800033569336,84.54000091552734,69.99634552001953,3867800
2015-07-31,84.87999725341797,85.26000213623047,84.37999725341797,84.51000213623047,69.97147369384766,4113600
2015-08-03,84.80999755859375,85.0,83.52999877929688,84.13999938964844,69.66513061523438,4815500
2015-08-04,84.48999786376953,84.98999786376953,83.8499984741211,84.05000305175781,69.59061431884766,2848200
2015-08-05,84.68000030517578,85.08000183105469,83.97000122070312,84.7300033569336,70.15365600585938,3776800
2015-08-06,85.13999938964844,85.13999938964844,81.23999786376953,82.69999694824219,68.47286987304688,3866500
2015-08-07,82.5,82.69000244140625,80.6500015258789,82.2699966430664,68.11681365966797,4545300
2015-08-10,82.81999969482422,83.7699966430664,82.44000244140625,83.51000213623047,69.1435317993164,3211600
2015-08-11,82.80999755859375,83.75,82.7300033569336,83.54000091552734,69.16835021972656,3205600
2015-08-12,82.70999908447266,83.5,81.63999938964844,83.37999725341797,69.45158386230469,2826900
2015-08-13,83.19999694824219,83.75,82.88999938964844,83.02999877929688,69.16002655029297,2253900
2015-08-14,82.91000366210938,83.94999694824219,82.79000091552734,83.91000366210938,69.8930435180664,2280200
2015-08-17,83.26000213623047,83.77999877929688,82.93000030517578,83.47000122070312,69.52649688720703,2814700
2015-08-18,83.83000183105469,83.98999786376953,83.2300033569336,83.38999938964844,69.45989990234375,2241400
2015-08-19,83.13999938964844,84.52999877929688,82.56999969482422,83.7699966430664,69.77640533447266,2651300
2015-08-20,86.86000061035156,88.94999694824219,85.80999755859375,87.33000183105469,72.74174499511719,10887700
2015-08-21,86.9800033569336,87.69999694824219,84.52999877929688,84.52999877929688,70.40946197509766,8320000
2015-08-24,81.5999984741211,82.95999908447266,79.5,80.7300033569336,67.24422454833984,8620700
2015-08-25,82.19000244140625,82.5999984741211,77.86000061035156,78.26000213623047,65.18683624267578,6439000
2015-08-26,79.87999725341797,81.30000305175781,77.7699966430664,81.0999984741211,67.55242919921875,7217800
2015-08-27,81.79000091552734,84.04000091552734,81.70999908447266,83.73999786376953,69.75141906738281,4703400
2015-08-28,83.73999786376953,84.0,82.7699966430664,83.19000244140625,69.2933120727539,4860800
2015-08-31,83.41000366210938,84.41999816894531,82.05000305175781,82.3499984741211,68.5936050415039,3445300
2015-09-01,80.25,81.25,79.4000015258789,79.80000305175781,66.46958923339844,4300500
2015-09-02,80.70999908447266,81.83000183105469,80.30000305175781,81.80999755859375,68.14382934570312,3257900
2015-09-03,82.05000305175781,82.86000061035156,81.33999633789062,81.5999984741211,67.96890258789062,3227700
2015-09-04,80.63999938964844,81.11000061035156,79.68000030517578,80.31999969482422,66.90274047851562,3416400
2015-09-08,81.45999908447266,82.9800033569336,81.26000213623047,82.87999725341797,69.03507995605469,2643600
2015-09-09,83.44999694824219,83.5,80.88999938964844,81.08999633789062,67.5440902709961,2839600
2015-09-10,81.12000274658203,81.66999816894531,80.5,80.83999633789062,67.33588409423828,3667700
2015-09-11,80.6500015258789,81.8499984741211,78.73999786376953,81.80000305175781,68.135498046875,3645900
2015-09-14,81.91999816894531,82.27999877929688,81.27999877929688,81.88999938964844,68.21044158935547,3197200
2015-09-15,82.43000030517578,83.36000061035156,82.11000061035156,82.95999908447266,69.1017074584961,3532600
2015-09-16,84.0999984741211,84.52999877929688,82.61000061035156,84.44999694824219,70.34281158447266,3845000
2015-09-17,84.47000122070312,92.8499984741211,84.27999877929688,89.9800033569336,74.94904327392578,16918100
2015-09-18,90.6999969482422,91.4499969482422,88.37999725341797,88.48999786376953,73.70794677734375,11578000
2015-09-21,89.0999984741211,89.80999755859375,87.11000061035156,87.58999633789062,72.9582748413086,6644100
2015-09-22,86.81999969482422,87.9800033569336,86.62000274658203,87.80000305175781,73.13324737548828,5059500
2015-09-23,88.0,88.41999816894531,86.58000183105469,86.69000244140625,72.2086410522461,4863300
2015-09-24,86.44999694824219,86.54000091552734,85.08000183105469,85.3499984741211,71.09247589111328,5693500
2015-09-25,86.23999786376953,86.43000030517578,83.2300033569336,84.05999755859375,70.01795196533203,5794900
2015-09-28,83.68000030517578,83.86000061035156,78.5,79.73999786376953,66.41961669921875,8295100
2015-09-29,80.37000274658203,82.19999694824219,79.19000244140625,80.27999877929688,66.86942291259766,7315200
2015-09-30,81.52999877929688,83.7699966430664,81.5,83.69000244140625,69.70977783203125,6780700
2015-10-01,83.5999984741211,85.31999969482422,83.4000015258789,85.18000030517578,70.95089721679688,5350400
2015-10-02,84.16000366210938,87.55000305175781,83.58999633789062,87.5199966430664,72.89997863769531,5616600
2015-10-05,88.08000183105469,88.4800033569336,85.5999984741211,86.56999969482422,72.10865783691406,5297400
2015-10-06,86.38999938964844,86.51000213623047,82.08000183105469,84.16999816894531,70.10958099365234,5521200
2015-10-07,84.30000305175781,84.8499984741211,82.4000015258789,83.98999786376953,69.95967864990234,5128000
2015-10-08,83.1500015258789,83.98999786376953,81.79000091552734,83.7699966430664,69.77640533447266,4595400
2015-10-09,85.33000183105469,86.56999969482422,85.0,86.13999938964844,71.75051879882812,5115100
2015-10-12,78.58000183105469,80.75,78.30000305175781,79.44000244140625,66.16972351074219,26477400
2015-10-13,79.79000091552734,81.25,79.54000091552734,79.62000274658203,66.31966400146484,10104700
2015-10-14,80.97000122070312,82.0,79.05000305175781,79.25,66.01145935058594,9495500
2015-10-15,79.33999633789062,80.08000183105469,78.80999755859375,79.86000061035156,66.51957702636719,6408600
2015-10-16,80.58000183105469,81.52999877929688,79.95999908447266,81.51000213623047,67.89391326904297,5519800
2015-10-19,81.12999725341797,81.30000305175781,79.47000122070312,80.25,66.84444427490234,5869900
2015-10-20,80.1500015258789,80.33999633789062,77.62999725341797,77.79000091552734,64.79534912109375,7458000
2015-10-21,78.2300033569336,78.37999725341797,75.91999816894531,77.01000213623047,64.1456527709961,8955200
2015-10-22,77.22000122070312,77.83999633789062,75.16000366210938,76.9800033569336,64.12067413330078,10075500
2015-10-23,77.55000305175781,79.08000183105469,77.2699966430664,78.30999755859375,65.22848510742188,5679200
2015-10-26,78.30999755859375,79.86000061035156,77.7699966430664,79.11000061035156,65.89485168457031,4755200
2015-10-27,79.5,80.94999694824219,79.5,80.91000366210938,67.3941650390625,4771600
2015-10-28,81.19999694824219,83.0999984741211,80.38999938964844,83.06999969482422,69.19334411621094,5710300
2015-10-29,82.30000305175781,83.56999969482422,81.29000091552734,82.0,68.30207061767578,5158600
2015-10-30,82.08000183105469,82.55000305175781,81.56999969482422,81.56999969482422,67.94392395019531,4044300
2015-11-02,81.13999938964844,82.18000030517578,80.80999755859375,82.04000091552734,68.33543395996094,3473900
2015-11-03,82.2300033569336,82.54000091552734,81.12999725341797,81.66999816894531,68.02723693847656,4826100
2015-11-04,82.1500015258789,82.1500015258789,80.93000030517578,81.05000305175781,67.51078796386719,3401900
2015-11-05,81.0,81.4000015258789,79.66000366210938,80.61000061035156,67.1442642211914,3787200
2015-11-06,80.30000305175781,80.58999633789062,78.44000244140625,80.45999908447266,67.01932525634766,6082600
2015-11-09,80.02999877929688,80.29000091552734,78.58000183105469,79.36000061035156,66.1030502319336,4160200
2015-11-10,78.70999908447266,80.31999969482422,78.70999908447266,80.05999755859375,67.10897827148438,3302600
2015-11-11,80.0999984741211,81.27999877929688,79.97000122070312,80.69999694824219,67.64545440673828,3323400
2015-11-12,80.55000305175781,80.76000213623047,79.80000305175781,79.86000061035156,66.94133758544922,3647800
2015-11-13,79.66000366210938,80.2699966430664,79.18000030517578,79.55000305175781,66.68148040771484,3638600
2015-11-16,80.0,81.26000213623047,79.9800033569336,81.2300033569336,68.08970642089844,3318900
2015-11-17,80.93000030517578,82.43000030517578,80.62999725341797,81.30000305175781,68.14836120605469,3012100
2015-11-18,81.48999786376953,83.76000213623047,81.38999938964844,83.6500015258789,70.11819458007812,3916600
2015-11-19,83.19999694824219,83.87999725341797,82.7300033569336,83.72000122070312,70.17688751220703,3156100
2015-11-20,84.30000305175781,85.5,84.11000061035156,84.47000122070312,70.80558013916016,4251500
2015-11-23,84.5,84.91999816894531,84.12000274658203,84.73999786376953,71.03189086914062,4033100
2015-11-24,83.55999755859375,84.31999969482422,83.05000305175781,83.87999725341797,70.3110122680664,3431100
2015-11-25,83.87999725341797,84.41999816894531,83.55000305175781,83.73999786376953,70.19366455078125,2529400
2015-11-27,83.7699966430664,84.25,83.5999984741211,83.6500015258789,70.11819458007812,1253800
2015-11-30,83.76000213623047,84.02999877929688,82.04000091552734,82.04000091552734,68.7686996459961,6563300
2015-12-01,84.20999908447266,86.52999877929688,83.33999633789062,86.5,72.50719451904297,7368900
2015-12-02,86.26000213623047,86.7300033569336,84.41999816894531,84.55999755859375,70.88099670410156,4444800
2015-12-03,84.6500015258789,84.83999633789062,82.55999755859375,83.05999755859375,69.62368774414062,3669800
2015-12-04,83.47000122070312,87.27999877929688,83.43000030517578,86.62000274658203,72.6078109741211,6987600
2015-12-07,87.44999694824219,88.16000366210938,85.88999938964844,86.37999725341797,72.40660095214844,4379000
2015-12-08,85.62000274658203,87.66999816894531,85.56999969482422,86.41000366210938,72.43174743652344,4761000
2015-12-09,86.0199966430664,86.31999969482422,83.56999969482422,83.86000061035156,70.29425811767578,5479500
2015-12-10,84.2300033569336,85.51000213623047,83.36000061035156,84.91000366210938,71.17439270019531,3667200
2015-12-11,83.80000305175781,84.37999725341797,83.12000274658203,83.29000091552734,69.81645202636719,3738200
2015-12-14,83.36000061035156,84.70999908447266,82.97000122070312,84.68000030517578,70.98160552978516,5208700
2015-12-15,85.18000030517578,85.9800033569336,85.0199966430664,85.5199966430664,71.68572998046875,3975500
2015-12-16,86.0,86.58000183105469,84.05000305175781,86.29000091552734,72.3311538696289,2983600
2015-12-17,86.75,87.20999908447266,86.19999694824219,86.22000122070312,72.27249145507812,3928200
2015-12-18,85.56999969482422,85.9800033569336,84.7699966430664,84.7699966430664,71.05706024169922,5821300
2015-12-21,85.72000122070312,86.44999694824219,85.1500015258789,86.04000091552734,72.1216049194336,3742400
2015-12-22,86.2699966430664,86.47000122070312,85.2699966430664,85.91000366210938,72.01263427734375,2446100
2015-12-23,86.36000061035156,86.87000274658203,86.12999725341797,86.19999694824219,72.25574493408203,2804200
2015-12-24,85.9800033569336,86.1500015258789,85.47000122070312,85.8499984741211,71.96234130859375,1486900
2015-12-28,85.58000183105469,85.69999694824219,84.88999938964844,85.48999786376953,71.66058349609375,2031100
2015-12-29,85.83999633789062,86.87000274658203,85.5999984741211,86.25,72.2976303100586,2097700
2015-12-30,86.44999694824219,87.0999984741211,86.13999938964844,86.19999694824219,72.25574493408203,1969400
2015-12-31,85.72000122070312,85.75,84.08000183105469,84.26000213623047,70.62952423095703,3178500
2016-01-04,83.4000015258789,83.5999984741211,81.79000091552734,82.87000274658203,69.46442413330078,6907300
2016-01-05,82.9000015258789,85.4000015258789,82.87000274658203,84.11000061035156,70.50379943847656,7475300
2016-01-06,82.69000244140625,84.87999725341797,82.5,83.58000183105469,70.05953979492188,6628400
2016-01-07,81.62999725341797,82.80999755859375,80.83000183105469,81.41000366210938,68.2406005859375,5833200
2016-01-08,81.66999816894531,82.48999786376953,81.04000091552734,81.25,68.10648345947266,5880200
2016-01-11,81.30000305175781,81.91999816894531,78.83000183105469,80.2699966430664,67.2850112915039,4889300
2016-01-12,80.61000061035156,81.0,79.5199966430664,80.4000015258789,67.39397430419922,4329300
2016-01-13,80.73999786376953,80.81999969482422,79.08999633789062,79.30000305175781,66.47190856933594,4628400
2016-01-14,79.27999877929688,82.7300033569336,78.62000274658203,82.54000091552734,69.18778228759766,8253700
2016-01-15,80.69000244140625,81.58000183105469,80.08000183105469,81.23999786376953,68.09807586669922,6674300
2016-01-19,82.30999755859375,84.80000305175781,81.95999908447266,83.2300033569336,69.76617431640625,9162300
2016-01-20,81.8499984741211,83.47000122070312,80.41000366210938,82.62000274658203,69.25485229492188,8354400
2016-01-21,82.55999755859375,82.62000274658203,80.58999633789062,81.4000015258789,68.23220825195312,4930800
2016-01-22,82.4000015258789,83.16000366210938,81.91000366210938,82.4800033569336,69.13751983642578,3456300
2016-01-25,82.5,83.19999694824219,81.62000274658203,81.70999908447266,68.49203491210938,2632800
2016-01-26,81.75,82.16999816894531,80.91000366210938,81.95999908447266,68.70160675048828,4583400
2016-01-27,81.61000061035156,83.25,80.95999908447266,81.76000213623047,68.53397369384766,4341900
2016-01-28,81.87000274658203,82.48999786376953,76.54000091552734,76.80999755859375,64.38473510742188,10128700
2016-01-29,77.36000061035156,79.41999816894531,77.2300033569336,79.0999984741211,66.30424499511719,7042500
2016-02-01,78.20999908447266,79.16000366210938,77.27999877929688,78.4000015258789,65.71749877929688,4056000
2016-02-02,77.66000366210938,78.30000305175781,76.08999633789062,76.30000305175781,63.95721054077149,4804200
2016-02-03,76.45999908447266,77.55000305175781,74.18000030517578,76.08999633789062,63.78118515014648,6966400
2016-02-04,75.94999694824219,76.52999877929688,73.44000244140625,74.27999877929688,62.26398849487305,6339500
2016-02-05,74.16000366210938,75.81999969482422,73.55000305175781,74.31999969482422,62.29751586914063,6312800
2016-02-08,73.55000305175781,74.58000183105469,72.83000183105469,74.19000244140625,62.18854522705078,4348800
2016-02-09,73.43000030517578,74.95999908447266,72.72000122070312,73.73999786376953,61.81134033203125,5160000
2016-02-10,73.7300033569336,74.87000274658203,72.9800033569336,73.06999969482422,61.6762809753418,4748700
2016-02-11,72.19999694824219,72.62999725341797,70.83000183105469,71.41999816894531,60.28356552124024,5425400
2016-02-12,71.56999969482422,71.7300033569336,70.43000030517578,71.2699966430664,60.15696334838867,6332600
2016-02-16,71.94999694824219,73.41999816894531,71.93000030517578,73.33000183105469,61.89573669433594,4811300
2016-02-17,74.01000213623047,74.91999816894531,73.08999633789062,74.68000030517578,63.03524017333984,4000300
2016-02-18,73.41999816894531,74.55000305175781,73.16000366210938,73.47000122070312,62.0139274597168,5620000
2016-02-19,72.69000244140625,73.06999969482422,72.19999694824219,72.61000061035156,61.28800201416016,6650800
2016-02-22,72.91000366210938,73.63999938964844,72.0999984741211,73.01000213623047,61.62564849853516,5672600
2016-02-23,73.0999984741211,74.5,73.05999755859375,73.47000122070312,62.0139274597168,4411200
2016-02-24,73.33000183105469,74.27999877929688,72.63999938964844,74.0999984741211,62.54567337036133,3636100
2016-02-25,74.2699966430664,74.88999938964844,73.7699966430664,74.81999969482422,63.15340805053711,4306800
2016-02-26,75.41999816894531,75.79000091552734,73.41000366210938,73.5999984741211,62.12364959716797,4807700
2016-02-29,73.37000274658203,73.37000274658203,71.9800033569336,72.0,60.77312088012695,5730200
2016-03-01,72.62999725341797,72.80999755859375,71.86000061035156,72.73999786376953,61.39773941040039,4541700
2016-03-02,72.7300033569336,74.05000305175781,72.44000244140625,74.0199966430664,62.478153228759766,6738800
2016-03-03,73.80000305175781,73.88999938964844,72.58000183105469,73.25,61.82820510864258,4526500
2016-03-04,73.37000274658203,74.05999755859375,72.9000015258789,73.5999984741211,62.12364959716797,3481600
2016-03-07,73.16999816894531,73.95999908447266,72.80000305175781,73.4000015258789,61.95480728149414,3443100
2016-03-08,72.94000244140625,74.55000305175781,72.88999938964844,73.0,61.61721420288086,3278900
2016-03-09,73.51000213623047,73.94000244140625,73.0,73.54000091552734,62.07299423217773,2372000
2016-03-10,74.0,74.20999908447266,72.43000030517578,73.0199966430664,61.634056091308594,4419200
2016-03-11,73.47000122070312,74.94999694824219,73.19000244140625,74.6500015258789,63.00994110107422,3527200
2016-03-14,74.26000213623047,74.5999984741211,73.79000091552734,73.91000366210938,62.38529586791992,3201800
2016-03-15,71.6500015258789,72.0,69.5999984741211,71.23999786376953,60.13162612915039,13748200
2016-03-16,71.29000091552734,72.9000015258789,71.16999816894531,72.4800033569336,61.17827987670898,5287400
2016-03-17,72.2300033569336,72.3499984741211,67.87999725341797,69.05999755859375,58.29154968261719,15421600
2016-03-18,69.19999694824219,71.05000305175781,69.05999755859375,70.94999694824219,59.88685989379883,10131700
2016-03-21,70.80000305175781,71.05000305175781,69.83999633789062,70.25,59.29600143432617,5900100
2016-03-22,70.20999908447266,72.23999786376953,70.16000366210938,71.91999816894531,60.705596923828125,7655400
2016-03-23,72.16999816894531,72.2300033569336,70.91000366210938,71.16999816894531,60.07254409790039,3884400
2016-03-24,70.6500015258789,71.44000244140625,70.19999694824219,71.12000274658203,60.03035354614258,2892900
2016-03-28,71.3499984741211,71.47000122070312,70.37999725341797,70.62000274658203,59.608306884765625,2661900
2016-03-29,70.73999786376953,71.94000244140625,70.66000366210938,71.69999694824219,60.5199089050293,3814800
2016-03-30,71.9800033569336,72.33000183105469,71.06999969482422,71.77999877929688,60.58743667602539,3081000
2016-03-31,71.7699966430664,72.33000183105469,71.0999984741211,72.01000213623047,60.78159332275391,3680000
2016-04-01,71.5999984741211,73.69999694824219,71.52999877929688,73.41999816894531,61.97169876098633,4083600
2016-04-04,73.55999755859375,73.79000091552734,72.88999938964844,73.18000030517578,61.769134521484375,2796300
2016-04-05,72.77999877929688,73.6500015258789,72.4800033569336,73.04000091552734,61.65095901489258,3591800
2016-04-06,72.80000305175781,75.05999755859375,72.80000305175781,74.76000213623047,63.10274124145508,5669100
2016-04-07,74.51000213623047,75.16000366210938,73.8499984741211,74.58999633789062,62.959266662597656,3724100
2016-04-08,75.27999877929688,75.27999877929688,73.86000061035156,74.38999938964844,62.79043960571289,3224900
2016-04-11,74.4800033569336,74.73999786376953,73.80000305175781,73.94999694824219,62.419063568115234,3351100
2016-04-12,73.77999877929688,75.29000091552734,73.52999877929688,74.56999969482422,62.9423942565918,2849800
2016-04-13,74.7300033569336,75.23999786376953,74.08000183105469,75.16000366210938,63.44041061401367,2341600
2016-04-14,75.30000305175781,75.83000183105469,74.80000305175781,75.62999725341797,63.83710479736328,3022100
2016-04-15,75.62000274658203,76.25,75.08999633789062,75.52999877929688,63.75270080566406,3007500
2016-04-18,75.58000183105469,77.26000213623047,75.19000244140625,77.22000122070312,65.17918395996094,4088400
2016-04-19,77.58000183105469,78.5,76.63999938964844,77.25,65.20449829101562,3819600
2016-04-20,77.27999877929688,77.7699966430664,76.58000183105469,77.08000183105469,65.06101989746094,4049400
2016-04-21,77.16999816894531,78.0999984741211,76.91000366210938,77.37000274658203,65.30577087402344,3286600
2016-04-22,77.0999984741211,77.94000244140625,76.93000030517578,77.83000183105469,65.69408416748047,2697200
2016-04-25,77.45999908447266,78.0,77.1500015258789,77.94000244140625,65.78690338134766,3767100
2016-04-26,76.62000274658203,78.30000305175781,76.08999633789062,76.2699966430664,64.37731170654297,5347300
2016-04-27,76.5199966430664,77.16000366210938,75.81999969482422,76.51000213623047,64.57988739013672,3690900
2016-04-28,76.12000274658203,76.66000366210938,75.66999816894531,76.45999908447266,64.5376968383789,4383000
2016-04-29,76.51000213623047,76.51000213623047,75.0999984741211,75.52999877929688,63.75270080566406,3386600
2016-05-02,75.94999694824219,77.08000183105469,75.80999755859375,76.75,64.78245544433594,3571900
2016-05-03,76.33999633789062,76.6500015258789,75.58999633789062,76.25,64.36044311523438,3270700
2016-05-04,75.16999816894531,75.62000274658203,74.62999725341797,74.87000274658203,63.19561004638672,4176800
2016-05-05,74.72000122070312,75.38999938964844,74.55000305175781,75.2699966430664,63.5332260131836,3446400
2016-05-06,74.72000122070312,74.94999694824219,73.33999633789062,74.5999984741211,62.96772003173828,4196900
2016-05-09,74.77999877929688,75.9000015258789,74.76000213623047,75.58999633789062,63.803340911865234,2963200
2016-05-10,76.29000091552734,77.12999725341797,76.05000305175781,76.87999725341797,64.89218139648438,4366000
2016-05-11,75.97000122070312,77.05999755859375,75.83999633789062,76.30999755859375,64.84122467041016,3716300
2016-05-12,76.72000122070312,76.94000244140625,75.36000061035156,75.95999908447266,64.54380798339844,4081900
2016-05-13,75.81999969482422,77.05000305175781,75.56999969482422,76.33000183105469,64.85820007324219,3629700
2016-05-16,75.9800033569336,78.47000122070312,75.83999633789062,78.29000091552734,66.52362060546875,4580100
2016-05-17,78.20999908447266,78.70999908447266,75.5199966430664,76.38999938964844,64.90917205810547,7153300
2016-05-18,76.4000015258789,76.8499984741211,75.61000061035156,76.33000183105469,64.85820007324219,4664900
2016-05-19,75.12000274658203,75.2300033569336,73.73999786376953,74.30999755859375,63.14181137084961,4848800
2016-05-20,74.79000091552734,75.54000091552734,74.68000030517578,74.80999755859375,63.5666389465332,4689200
2016-05-23,75.0,75.13999938964844,73.91999816894531,74.08000183105469,62.94637680053711,4440500
2016-05-24,74.55000305175781,75.19999694824219,74.36000061035156,74.98999786376953,63.71958541870117,3711800
2016-05-25,75.48999786376953,75.5,74.44999694824219,74.54000091552734,63.33724594116211,4621700
2016-05-26,74.5999984741211,75.5999984741211,74.2699966430664,75.5199966430664,64.1699447631836,2654600
2016-05-27,75.5199966430664,75.72000122070312,74.66999816894531,74.98999786376953,63.71958541870117,3247500
2016-05-31,75.01000213623047,75.62999725341797,74.70999908447266,75.02999877929688,63.75358581542969,4438800
2016-06-01,74.9000015258789,75.44000244140625,74.68000030517578,74.94000244140625,63.677093505859375,2450200
2016-06-02,75.22000122070312,75.68000030517578,74.9000015258789,75.45999908447266,64.11895751953125,3231000
2016-06-03,75.5,75.5999984741211,74.25,75.12000274658203,63.83006286621094,5319000
2016-06-06,75.11000061035156,75.5,74.19999694824219,74.83999633789062,63.59214782714844,3253800
2016-06-07,74.62000274658203,75.05000305175781,74.51000213623047,74.69999694824219,63.47317886352539,2902900
2016-06-08,74.66000366210938,75.08999633789062,74.4000015258789,74.91000366210938,63.65161895751953,3194900
2016-06-09,74.7699966430664,75.54000091552734,74.23999786376953,74.43000030517578,63.2437858581543,2760500
2016-06-10,74.08999633789062,74.19000244140625,73.16999816894531,73.94999694824219,62.83590316772461,4124200
2016-06-13,74.08000183105469,74.97000122070312,73.66999816894531,73.86000061035156,62.75942611694336,3767000
2016-06-14,73.54000091552734,74.37000274658203,73.05999755859375,74.31999969482422,63.150299072265625,3691900
2016-06-15,74.7300033569336,74.88999938964844,73.61000061035156,73.70999908447266,62.63196563720703,3408900
2016-06-16,73.47000122070312,74.47000122070312,72.94999694824219,74.25,63.0908088684082,4788700
2016-06-17,74.6500015258789,75.08000183105469,73.47000122070312,73.86000061035156,62.75942611694336,6604900
2016-06-20,74.44999694824219,74.69999694824219,73.22000122070312,73.27999877929688,62.26659393310547,3640100
2016-06-21,73.69999694824219,73.80000305175781,72.52999877929688,72.56999969482422,61.66329193115234,5999200
2016-06-22,72.5,73.91000366210938,72.5,73.06999969482422,62.08815383911133,4410800
2016-06-23,73.58999633789062,73.94000244140625,73.19999694824219,73.94000244140625,62.82741165161133,2989700
2016-06-24,72.44999694824219,75.12000274658203,71.87000274658203,74.33000183105469,63.15879440307617,10471300
2016-06-27,74.05999755859375,75.06999969482422,73.19999694824219,74.88999938964844,63.634613037109375,7657800
2016-06-28,75.12999725341797,76.25,73.75,75.1500015258789,63.85554504394531,8012300
2016-06-29,75.87999725341797,78.23999786376953,75.87000274658203,78.1500015258789,66.40467834472656,7123700
2016-06-30,78.19999694824219,78.80999755859375,77.45999908447266,78.75,66.91448211669922,4017200
2016-07-01,78.88999938964844,79.33000183105469,78.37000274658203,78.94999694824219,67.08442687988281,2909600
2016-07-05,78.80999755859375,79.9000015258789,78.75,79.63999938964844,67.67074584960938,3286600
2016-07-06,79.31999969482422,80.4000015258789,79.0999984741211,80.0199966430664,67.99362182617188,4669800
2016-07-07,79.83000183105469,80.05000305175781,78.6500015258789,79.31999969482422,67.39881134033203,3587300
2016-07-08,79.31999969482422,79.9000015258789,78.93000030517578,79.66000366210938,67.68771362304688,3134900
2016-07-11,79.54000091552734,79.7699966430664,78.94999694824219,79.13999938964844,67.24589538574219,3461400
2016-07-12,79.62999725341797,79.83999633789062,78.97000122070312,79.66999816894531,67.69619750976562,4430000
2016-07-13,79.91000366210938,80.02999877929688,79.33000183105469,79.36000061035156,67.43281555175781,2917200
2016-07-14,79.5,80.69000244140625,79.4000015258789,80.58999633789062,68.47795867919922,3823800
2016-07-15,80.9800033569336,81.0,79.94000244140625,80.22000122070312,68.16356658935547,4529100
2016-07-18,80.37000274658203,80.58999633789062,79.86000061035156,79.94999694824219,67.93416595458984,3087600
2016-07-19,79.8499984741211,80.25,79.58000183105469,79.97000122070312,67.95113372802734,3303700
2016-07-20,80.2699966430664,80.5199966430664,79.98999786376953,80.27999877929688,68.21454620361328,2811100
2016-07-21,80.19999694824219,80.5999984741211,80.0199966430664,80.4000015258789,68.31651306152344,2685900
2016-07-22,80.4000015258789,81.70999908447266,80.27999877929688,81.58999633789062,69.32764434814453,4315900
2016-07-25,81.58999633789062,82.0,81.0,81.9800033569336,69.6590805053711,4180100
2016-07-26,82.75,83.3499984741211,81.62999725341797,82.08999633789062,69.75249481201172,5134900
2016-07-27,82.25,83.58999633789062,82.1500015258789,83.4000015258789,70.86563873291016,4057200
2016-07-28,83.25,83.38999938964844,81.94999694824219,82.93000030517578,70.46626281738281,4862000
2016-07-29,83.06999969482422,83.44999694824219,82.63999938964844,82.88999938964844,70.4322738647461,3016200
2016-08-01,83.0199966430664,83.79000091552734,82.94000244140625,83.18000030517578,70.6786880493164,3131100
2016-08-02,83.13999938964844,83.69999694824219,82.56999969482422,83.31999969482422,70.79767608642578,3340100
2016-08-03,83.41999816894531,83.41999816894531,82.36000061035156,82.72000122070312,70.287841796875,2940900
2016-08-04,83.0199966430664,83.0199966430664,82.37000274658203,82.41999816894531,70.03292083740234,2093800
2016-08-05,82.41999816894531,82.5199966430664,81.04000091552734,81.55999755859375,69.30218505859375,5886900
2016-08-08,81.44000244140625,81.8499984741211,80.45999908447266,81.5999984741211,69.3361587524414,4227300
2016-08-09,81.75,82.13999938964844,80.69999694824219,81.5,69.25122833251953,2242800
2016-08-10,80.12000274658203,81.16000366210938,79.66999816894531,80.55000305175781,68.44397735595703,4956700
2016-08-11,79.9800033569336,80.66999816894531,79.9800033569336,80.55999755859375,68.88863372802734,2408000
2016-08-12,80.19000244140625,80.72000122070312,79.9000015258789,80.22000122070312,68.59788513183594,2525000
2016-08-15,80.33000183105469,80.62000274658203,80.06999969482422,80.26000213623047,68.63209533691406,2780400
2016-08-16,80.25,80.4000015258789,79.83999633789062,79.83999633789062,68.27294921875,2158700
2016-08-17,80.16000366210938,80.3499984741211,79.58000183105469,80.11000061035156,68.50386047363281,2519500
2016-08-18,80.0999984741211,80.37999725341797,79.48999786376953,79.77999877929688,68.22164916992188,3037200
2016-08-19,79.55000305175781,79.79000091552734,78.77999877929688,79.05999755859375,67.60594177246094,3745500
2016-08-22,79.31999969482422,79.9000015258789,79.0199966430664,79.29000091552734,67.8026351928711,3157000
2016-08-23,79.68000030517578,79.97000122070312,79.44000244140625,79.56999969482422,68.04206085205078,3406900
2016-08-24,79.69999694824219,79.98999786376953,78.18000030517578,78.44000244140625,67.07579040527344,3423000
2016-08-25,78.44000244140625,79.16999816894531,77.80000305175781,78.01000213623047,66.70806884765625,2800500
2016-08-26,78.05000305175781,78.81999969482422,77.83999633789062,78.23999786376953,66.90475463867188,2602300
2016-08-29,78.33000183105469,78.73999786376953,78.05000305175781,78.5999984741211,67.21259307861328,2203300
2016-08-30,78.5999984741211,78.5999984741211,77.62999725341797,77.7699966430664,66.50285339355469,2025700
2016-08-31,77.88999938964844,78.08999633789062,77.52999877929688,77.75,66.48574829101562,2182600
2016-09-01,77.75,78.0,76.80000305175781,77.2300033569336,66.04107666015625,3544700
2016-09-02,77.5199966430664,77.62999725341797,76.44999694824219,76.8499984741211,65.71612548828125,3943400
2016-09-06,77.12000274658203,78.69999694824219,77.12000274658203,78.51000213623047,67.13563537597656,5528600
2016-09-07,78.48999786376953,78.88999938964844,78.26000213623047,78.58999633789062,67.20402526855469,2971400
2016-09-08,80.02999877929688,80.16999816894531,79.41000366210938,79.88999938964844,68.31570434570312,4405400
2016-09-09,79.62000274658203,79.62000274658203,78.19999694824219,78.23999786376953,66.90475463867188,4152500
2016-09-12,77.98999786376953,79.29000091552734,77.80999755859375,79.08000183105469,67.62303924560547,3288900
2016-09-13,78.87000274658203,78.87000274658203,77.98999786376953,78.4800033569336,67.11000061035156,3149000
2016-09-14,78.66999816894531,79.23999786376953,78.0199966430664,78.29000091552734,66.94750213623047,2660900
2016-09-15,78.12000274658203,79.05999755859375,77.7699966430664,78.81999969482422,67.4007339477539,2652300
2016-09-16,78.69999694824219,78.91000366210938,78.16999816894531,78.80000305175781,67.38362121582031,4255100
2016-09-19,78.79000091552734,79.37000274658203,78.48999786376953,79.16000366210938,67.69148254394531,3321500
2016-09-20,79.62999725341797,80.3499984741211,79.29000091552734,79.87999725341797,68.30713653564453,3629400
2016-09-21,79.80000305175781,81.0,79.68000030517578,80.87000274658203,69.15371704101562,3147600
2016-09-22,81.05000305175781,81.45999908447266,80.7300033569336,81.29000091552734,69.51286315917969,2639800
2016-09-23,80.97000122070312,81.45999908447266,80.7699966430664,81.16000366210938,69.40171813964844,2197700
2016-09-26,81.0,81.1500015258789,79.5,79.5199966430664,67.99931335449219,4332800
2016-09-27,80.62000274658203,80.93000030517578,79.61000061035156,80.87999725341797,69.16227722167969,6888900
2016-09-28,80.83999633789062,81.16999816894531,80.0199966430664,80.70999908447266,69.01688385009766,2467800
2016-09-29,80.3499984741211,80.47000122070312,79.2300033569336,79.73999786376953,68.18743133544922,3269200
2016-09-30,80.0999984741211,80.6500015258789,80.02999877929688,80.26000213623047,68.63209533691406,3623000
2016-10-03,80.0,81.06999969482422,79.69000244140625,81.0,69.26490020751953,3983500
2016-10-04,81.05999755859375,81.41000366210938,80.68000030517578,81.11000061035156,69.35895538330078,3184100
2016-10-05,81.3499984741211,82.08999633789062,81.2300033569336,81.75,69.90624237060547,3560400
2016-10-06,81.25,81.77999877929688,80.7300033569336,81.47000122070312,69.66680145263672,2994200
2016-10-07,81.56999969482422,82.30999755859375,81.30000305175781,82.08999633789062,70.19696807861328,4241400
2016-10-10,82.12999725341797,83.23999786376953,82.0999984741211,83.05999755859375,71.02642059326172,4608400
2016-10-11,82.5999984741211,82.8499984741211,81.25,81.80999755859375,69.95753479003906,4218200
2016-10-12,81.80999755859375,82.22000122070312,80.45999908447266,80.51000213623047,68.84586334228516,3629800
2016-10-13,79.93000030517578,80.48999786376953,79.5999984741211,80.0,68.40975952148438,3565000
2016-10-14,80.16999816894531,80.31999969482422,79.20999908447266,79.2699966430664,67.78553009033203,3143900
2016-10-17,79.52999877929688,79.52999877929688,78.01000213623047,78.52999877929688,67.15271759033203,3884700
2016-10-18,79.08999633789062,79.1500015258789,78.5,78.7699966430664,67.35796356201172,3218300
2016-10-19,78.95999908447266,79.33000183105469,78.52999877929688,78.55999755859375,67.17839813232422,2988500
2016-10-20,78.7300033569336,79.11000061035156,78.38999938964844,78.73999786376953,67.33232116699219,2661900
2016-10-21,78.54000091552734,78.77999877929688,78.08000183105469,78.25,66.9133071899414,3215000
2016-10-24,78.48999786376953,78.69000244140625,77.44000244140625,77.56999969482422,66.33180236816406,4363200
2016-10-25,76.87999725341797,78.27999877929688,75.5,77.75,66.48574829101562,8496000
2016-10-26,77.41999816894531,77.6500015258789,76.37000274658203,76.76000213623047,65.63917541503906,2988700
2016-10-27,77.36000061035156,77.41999816894531,76.12999725341797,76.16000366210938,65.1260986328125,3789900
2016-10-28,75.62000274658203,75.68000030517578,73.86000061035156,74.52999877929688,63.73225021362305,5651500
2016-10-31,74.62999725341797,74.73999786376953,73.80000305175781,73.83999633789062,63.14223861694336,3562100
2016-11-01,73.80999755859375,73.9800033569336,71.8499984741211,72.9800033569336,62.40679931640625,8190500
2016-11-02,73.1500015258789,73.48999786376953,72.63999938964844,72.6500015258789,62.124637603759766,4433900
2016-11-03,72.80999755859375,73.27999877929688,71.87999725341797,72.11000061035156,61.662872314453125,4843200
2016-11-04,72.12000274658203,73.02999877929688,71.66999816894531,72.48999786376953,61.9878044128418,3617200
2016-11-07,73.22000122070312,73.93000030517578,73.05000305175781,73.87999725341797,63.1764030456543,4969400
2016-11-08,73.56999969482422,74.47000122070312,73.36000061035156,74.0199966430664,63.2961311340332,2690800
2016-11-09,77.1500015258789,79.30000305175781,76.58000183105469,78.38999938964844,67.03298950195312,7332700
2016-11-10,78.95999908447266,79.69999694824219,78.0,78.33999633789062,67.42897033691406,6904800
2016-11-11,77.97000122070312,78.08999633789062,76.79000091552734,77.66999816894531,66.85224151611328,3072700
2016-11-14,78.01000213623047,78.23999786376953,76.69000244140625,77.0199966430664,66.29278564453125,3221700
2016-11-15,77.43000030517578,77.54000091552734,76.18000030517578,77.31999969482422,66.551025390625,3097600
2016-11-16,77.5199966430664,77.5199966430664,76.81999969482422,76.94000244140625,66.22393798828125,1922300
2016-11-17,77.0,77.80999755859375,76.7300033569336,77.70999908447266,66.88668823242188,4519200
2016-11-18,77.58000183105469,77.91999816894531,76.5199966430664,76.66999816894531,65.99154663085938,4571600
2016-11-21,76.80000305175781,77.04000091552734,76.0999984741211,76.63999938964844,65.96570587158203,4060300
2016-11-22,77.80999755859375,77.80999755859375,75.5,75.98999786376953,65.40623474121094,5208800
2016-11-23,64.33999633789062,68.43000030517578,64.18000030517578,68.0,58.52909469604492,53877200
2016-11-25,68.52999877929688,69.13999938964844,67.77999877929688,69.12000274658203,59.493106842041016,8620700
2016-11-28,68.43000030517578,68.43000030517578,67.0999984741211,67.19999694824219,57.84049987792969,12507700
2016-11-29,67.56999969482422,67.63999938964844,66.4800033569336,67.1500015258789,57.79746627807617,8930000
2016-11-30,67.30000305175781,67.81999969482422,66.80999755859375,67.12000274658203,57.77165222167969,9085300
2016-12-01,67.29000091552734,67.30000305175781,65.66000366210938,65.97000122070312,56.781837463378906,7168100
2016-12-02,66.30000305175781,68.38999938964844,65.95999908447266,67.70999908447266,58.27947235107422,12272200
2016-12-05,68.16000366210938,68.30999755859375,66.73999786376953,67.26000213623047,57.89215469360352,7286000
2016-12-06,67.19999694824219,67.93000030517578,67.12999725341797,67.80000305175781,58.35695266723633,4617200
2016-12-07,67.25,67.37999725341797,66.55999755859375,67.37999725341797,57.99543762207031,5835900
2016-12-08,67.05000305175781,67.2699966430664,66.38999938964844,67.19000244140625,57.83190155029297,4811400
2016-12-09,67.37999725341797,68.16999816894531,67.22000122070312,67.8499984741211,58.39996337890625,4350800
2016-12-12,67.9800033569336,68.54000091552734,67.41999816894531,67.61000061035156,58.19340896606445,5273700
2016-12-13,67.98999786376953,68.88999938964844,67.98999786376953,68.63999938964844,59.07994842529297,6010900
2016-12-14,68.41999816894531,68.91999816894531,67.54000091552734,67.66999816894531,58.24505615234375,6140300
2016-12-15,70.37000274658203,71.58999633789062,69.66000366210938,71.37000274658203,61.42971420288086,14320800
2016-12-16,72.86000061035156,73.70999908447266,71.76000213623047,73.30999755859375,63.099491119384766,17584700
2016-12-19,73.4800033569336,74.48999786376953,73.30000305175781,73.41999816894531,63.19419097900391,6102400
2016-12-20,73.6500015258789,74.0999984741211,73.0,73.37999725341797,63.159759521484375,6001500
2016-12-21,73.33000183105469,73.88999938964844,73.0999984741211,73.25,63.0478744506836,5054100
2016-12-22,73.16000366210938,73.4800033569336,72.68000030517578,73.26000213623047,63.05649566650391,4827500
2016-12-23,73.4800033569336,74.0,73.26000213623047,73.79000091552734,63.51266098022461,2570100
2016-12-27,74.05999755859375,74.45999908447266,73.68000030517578,73.80999755859375,63.52988052368164,2786700
2016-12-28,73.66000366210938,73.77999877929688,72.97000122070312,73.05999755859375,62.88432312011719,3256800
2016-12-29,73.38999938964844,73.87000274658203,73.23999786376953,73.55999755859375,63.3146858215332,3031600
2016-12-30,73.47000122070312,73.75,73.2300033569336,73.55000305175781,63.30606842041016,2933900
2017-01-03,73.94000244140625,74.66999816894531,73.54000091552734,74.5999984741211,64.20984649658203,3622700
2017-01-04,74.94999694824219,75.0,74.37999725341797,74.72000122070312,64.31314849853516,3021600
2017-01-05,74.93000030517578,77.87000274658203,74.43000030517578,75.58999633789062,65.06198120117188,3310800
2017-01-06,75.45999908447266,76.06999969482422,75.02999877929688,75.66999816894531,65.13082885742188,2296500
2017-01-09,75.66999816894531,76.62000274658203,75.51000213623047,76.2699966430664,65.6472396850586,3204100
2017-01-10,76.44000244140625,76.55999755859375,75.80999755859375,76.2699966430664,65.6472396850586,3559400
2017-01-11,76.51000213623047,76.91999816894531,74.0,75.26000213623047,64.77791595458984,7701700
2017-01-12,74.8499984741211,77.5,74.76000213623047,77.1500015258789,66.4046859741211,11900700
2017-01-13,76.91999816894531,78.12000274658203,76.37999725341797,77.4000015258789,66.61986541748047,5602600
2017-01-17,77.05999755859375,77.05999755859375,75.87000274658203,76.8499984741211,66.14645385742188,4913300
2017-01-18,77.31999969482422,77.70999908447266,76.87999725341797,77.52999877929688,66.73175811767578,3360300
2017-01-19,77.47000122070312,77.62000274658203,76.76000213623047,76.83999633789062,66.13784790039062,4439200
2017-01-20,77.0199966430664,77.41000366210938,76.47000122070312,76.80999755859375,66.11204528808594,4371200
2017-01-23,76.23999786376953,76.87999725341797,76.16000366210938,76.31999969482422,65.69029235839844,5055100
2017-01-24,76.19999694824219,76.43000030517578,74.16999816894531,74.8499984741211,64.42501068115234,6594300
2017-01-25,75.12000274658203,75.5999984741211,74.2699966430664,74.8499984741211,64.42501068115234,4830800
2017-01-26,74.9800033569336,75.3499984741211,74.54000091552734,74.58000183105469,64.19264221191406,3748000
2017-01-27,74.91999816894531,75.4000015258789,74.51000213623047,75.37999725341797,64.8812026977539,3132800
2017-01-30,75.08999633789062,75.18000030517578,74.25,74.69999694824219,64.29591369628906,5909600
2017-01-31,74.25,77.27999877929688,74.0,77.02999877929688,66.3013916015625,6964100
2017-02-01,77.88999938964844,78.56999969482422,76.91000366210938,77.5999984741211,66.79199981689453,4959200
2017-02-02,76.98999786376953,77.91000366210938,76.55000305175781,77.38999938964844,66.61125183105469,3830900
2017-02-03,77.47000122070312,77.87999725341797,76.70999908447266,77.2300033569336,66.47354888916016,3836300
2017-02-06,76.91999816894531,77.8499984741211,76.76000213623047,77.83000183105469,66.98998260498047,2835500
2017-02-07,77.68000030517578,78.01000213623047,77.31999969482422,77.69999694824219,66.87808990478516,3346800
2017-02-08,77.44000244140625,78.6500015258789,77.19000244140625,78.11000061035156,67.23098754882812,2820800
2017-02-09,78.11000061035156,78.58999633789062,77.69000244140625,77.69999694824219,66.87808990478516,2962600
2017-02-10,77.87000274658203,78.25,77.5999984741211,77.79000091552734,66.9555435180664,2598600
2017-02-13,77.56999969482422,78.05999755859375,77.52999877929688,77.7699966430664,67.38883209228516,2097500
2017-02-14,77.5,78.83000183105469,77.25,78.80999755859375,68.28997802734375,3311200
2017-02-15,78.33999633789062,80.54000091552734,78.05000305175781,80.25,69.53778839111328,4272800
2017-02-16,80.05000305175781,80.37999725341797,79.41000366210938,80.04000091552734,69.35578155517578,3629600
2017-02-17,80.13999938964844,81.0,80.06999969482422,80.38999938964844,69.65908813476562,3111100
2017-02-21,80.16999816894531,80.87000274658203,80.11000061035156,80.36000061035156,69.63306427001953,3178800
2017-02-22,80.41999816894531,81.20999908447266,80.33000183105469,81.06999969482422,70.24830627441406,3468800
2017-02-23,81.37999725341797,82.87999725341797,81.13999938964844,82.55000305175781,71.5307388305664,6193500
2017-02-24,82.41999816894531,83.23999786376953,82.23999786376953,82.87000274658203,71.80802917480469,4016000
2017-02-27,82.83000183105469,83.4000015258789,82.66000366210938,83.05999755859375,71.97267150878906,3104200
2017-02-28,82.81999969482422,83.4800033569336,82.58000183105469,82.80999755859375,71.75605010986328,3672000
2017-03-01,83.44000244140625,84.13999938964844,82.97000122070312,83.8499984741211,72.65721893310547,3420600
2017-03-02,83.87000274658203,83.94999694824219,82.83999633789062,82.91000366210938,71.84270477294922,3371600
2017-03-03,82.69999694824219,83.9000015258789,82.5999984741211,83.77999877929688,72.59651947021484,2649100
2017-03-06,83.25,84.27999877929688,82.94999694824219,83.83000183105469,72.63990020751953,3960100
2017-03-07,82.94999694824219,83.13999938964844,81.37000274658203,82.73999786376953,71.69535827636719,5570600
2017-03-08,82.73999786376953,83.98999786376953,82.66999816894531,83.41000366210938,72.27595520019531,4491800
2017-03-09,83.66999816894531,84.7699966430664,83.51000213623047,84.55000305175781,73.26375579833984,5861600
2017-03-10,84.5,84.55000305175781,83.9000015258789,84.36000061035156,73.0991439819336,3629400
2017-03-13,84.51000213623047,84.55000305175781,83.83000183105469,84.13999938964844,72.90851593017578,2248500
2017-03-14,84.0,84.55000305175781,83.91999816894531,84.45999908447266,73.18579864501953,2839100
2017-03-15,84.43000030517578,86.13999938964844,84.37000274658203,85.87999725341797,74.41625213623047,4883900
2017-03-16,85.54000091552734,85.54000091552734,83.80000305175781,84.98999786376953,73.64502716064453,4742800
2017-03-17,84.44000244140625,84.75,83.83000183105469,83.95999908447266,72.7525405883789,5786900
2017-03-20,84.5999984741211,84.86000061035156,83.97000122070312,84.05999755859375,72.83918762207031,3121900
2017-03-21,84.33999633789062,84.94999694824219,83.62999725341797,83.7300033569336,72.5532455444336,4066200
2017-03-22,84.08999633789062,84.55000305175781,83.47000122070312,84.36000061035156,73.0991439819336,2850300
2017-03-23,83.91999816894531,85.05000305175781,83.91999816894531,84.41999816894531,73.15111541748047,3021100
2017-03-24,84.30000305175781,84.9800033569336,83.86000061035156,84.18000030517578,72.94316101074219,2479100
2017-03-27,83.9000015258789,84.44000244140625,83.73999786376953,84.23999786376953,72.9951400756836,2340300
2017-03-28,84.2699966430664,85.0,84.04000091552734,84.75,73.43708801269531,2755000
2017-03-29,84.55000305175781,84.76000213623047,84.31999969482422,84.44000244140625,73.16845703125,2066600
2017-03-30,84.56999969482422,84.94999694824219,84.08000183105469,84.76000213623047,73.44576263427734,3204100
2017-03-31,84.4000015258789,84.94000244140625,84.08000183105469,84.11000061035156,72.88250732421875,3151900
2017-04-03,84.12999725341797,84.80999755859375,84.06999969482422,84.44999694824219,73.17713165283203,2429900
2017-04-04,84.52999877929688,86.38999938964844,84.29000091552734,86.08999633789062,74.59822082519531,4624600
2017-04-05,85.91999816894531,86.72000122070312,85.56999969482422,85.62999725341797,74.19961547851562,4056300
2017-04-06,85.47000122070312,85.9000015258789,85.12000274658203,85.36000061035156,73.96565246582031,2684600
2017-04-07,85.33999633789062,85.66000366210938,84.91000366210938,85.31999969482422,73.93099212646484,2808500
2017-04-10,85.45999908447266,85.8499984741211,85.2300033569336,85.47000122070312,74.06095123291016,1994900
2017-04-11,85.47000122070312,86.13999938964844,85.31999969482422,85.93000030517578,74.45957946777344,2699200
2017-04-12,85.73999786376953,86.33999633789062,85.66999816894531,86.25,74.73686218261719,2545100
2017-04-13,86.02999877929688,86.31999969482422,85.77999877929688,85.87999725341797,74.41625213623047,2172500
2017-04-17,81.30000305175781,82.98999786376953,81.11000061035156,82.37999725341797,71.3834457397461,12424500
2017-04-18,81.91000366210938,82.0999984741211,80.88999938964844,81.19999694824219,70.3609390258789,8210800
2017-04-19,81.12000274658203,81.70999908447266,79.87999725341797,80.88999938964844,70.09233093261719,5504500
2017-04-20,81.19000244140625,82.19999694824219,80.75,81.94000244140625,71.00216674804688,3267200
2017-04-21,81.81999969482422,82.23999786376953,81.66999816894531,81.88999938964844,70.95884704589844,3204000
2017-04-24,82.81999969482422,83.7300033569336,82.72000122070312,83.41999816894531,72.28460693359375,4813600
2017-04-25,82.70999908447266,82.70999908447266,80.5,81.19999694824219,70.3609390258789,9221100
2017-04-26,81.33999633789062,81.70999908447266,80.93000030517578,80.95999908447266,70.15299224853516,4421700
2017-04-27,80.97000122070312,81.5999984741211,80.69000244140625,81.33000183105469,70.47358703613281,3219200
2017-04-28,81.37000274658203,82.25,81.19999694824219,82.05999755859375,71.1061782836914,3161800
2017-05-01,82.08999633789062,82.22000122070312,81.75,81.81999969482422,70.89818572998047,2397200
2017-05-02,81.9800033569336,81.9800033569336,81.5,81.69999694824219,70.794189453125,3626500
2017-05-03,81.26000213623047,81.55999755859375,81.23999786376953,81.25,70.404296875,3373200
2017-05-04,81.3499984741211,83.0999984741211,81.29000091552734,83.04000091552734,71.95533752441406,3567100
2017-05-05,83.05999755859375,83.11000061035156,82.06999969482422,82.51000213623047,71.49610137939453,3135600
2017-05-08,82.36000061035156,82.41000366210938,80.36000061035156,80.66999816894531,69.90170288085938,4712900
2017-05-09,80.81999969482422,80.94000244140625,80.3499984741211,80.79000091552734,70.00568389892578,3988100
2017-05-10,80.83999633789062,81.11000061035156,80.19000244140625,81.05000305175781,70.23096466064453,4018500
2017-05-11,80.72000122070312,81.0,79.91000366210938,80.22000122070312,69.96063995361328,3920500
2017-05-12,80.33000183105469,80.61000061035156,79.73999786376953,80.19000244140625,69.9344711303711,2935200
2017-05-15,80.19000244140625,80.48999786376953,79.43000030517578,80.30000305175781,70.03038024902344,2559100
2017-05-16,80.2300033569336,80.30000305175781,78.4000015258789,78.98999786376953,68.88792419433594,7170100
2017-05-17,78.98999786376953,79.02999877929688,77.91999816894531,78.13999938964844,68.14665222167969,4486000
2017-05-18,78.56999969482422,78.94000244140625,78.04000091552734,78.30000305175781,68.28618621826172,2928200
2017-05-19,78.5,78.70999908447266,77.7300033569336,77.80000305175781,67.85011291503906,5091800
2017-05-22,77.9000015258789,78.01000213623047,76.8499984741211,76.9800033569336,67.13499450683594,6936500
2017-05-23,77.19000244140625,78.36000061035156,77.0199966430664,77.98999786376953,68.01581573486328,5884800
2017-05-24,77.98999786376953,78.27999877929688,77.80000305175781,77.95999908447266,67.98963165283203,2253800
2017-05-25,78.30999755859375,78.45999908447266,77.76000213623047,78.33999633789062,68.32106018066406,1736700
2017-05-26,78.12000274658203,78.3499984741211,77.72000122070312,78.05000305175781,68.06814575195312,2238900
2017-05-30,77.94999694824219,78.66999816894531,77.75,78.3499984741211,68.32979583740234,3244900
2017-05-31,78.4800033569336,79.91000366210938,78.4800033569336,79.56999969482422,69.39376068115234,5163900
2017-06-01,79.5999984741211,80.2300033569336,79.37999725341797,79.98999786376953,69.76004791259766,3093100
2017-06-02,80.47000122070312,81.05999755859375,79.9000015258789,80.12999725341797,69.88213348388672,4005700
2017-06-05,80.0,80.06999969482422,78.9800033569336,79.3499984741211,69.20185852050781,2814800
2017-06-06,79.41000366210938,79.45999908447266,78.75,79.08999633789062,68.97514343261719,2688000
2017-06-07,79.16000366210938,79.54000091552734,79.08999633789062,79.38999938964844,69.23676300048828,2899900
2017-06-08,79.38999938964844,80.45999908447266,79.33999633789062,80.0999984741211,69.8559799194336,4610400
2017-06-09,80.0999984741211,81.19000244140625,79.69999694824219,81.04000091552734,70.6757583618164,4599300
2017-06-12,80.95999908447266,81.29000091552734,80.83999633789062,80.9000015258789,70.55366516113281,2842400
2017-06-13,81.20999908447266,81.29000091552734,80.23999786376953,81.25,70.85889434814453,4492900
2017-06-14,80.9000015258789,81.61000061035156,80.7699966430664,81.5999984741211,71.16413116455078,4025600
2017-06-15,81.38999938964844,82.1500015258789,80.95999908447266,82.05000305175781,71.55655670166016,3484800
2017-06-16,82.23999786376953,82.55999755859375,81.66000366210938,81.87999725341797,71.40830993652344,4903200
2017-06-19,82.0199966430664,82.76000213623047,81.87000274658203,82.33999633789062,71.80948638916016,2538000
2017-06-20,82.22000122070312,83.68000030517578,82.22000122070312,82.75,72.16706085205078,3694700
2017-06-21,83.0999984741211,83.41000366210938,82.37999725341797,82.63999938964844,72.07112121582031,3781400
2017-06-22,82.83999633789062,84.76000213623047,82.83999633789062,84.30999755859375,73.52755737304688,4891600
2017-06-23,84.12000274658203,84.33999633789062,83.70999908447266,83.88999938964844,73.1612548828125,3928000
2017-06-26,84.08999633789062,84.44999694824219,83.66000366210938,84.27999877929688,73.50138854980469,2952800
2017-06-27,84.18000030517578,84.33000183105469,83.04000091552734,83.04000091552734,72.41999053955078,2365800
2017-06-28,83.44999694824219,83.91999816894531,82.9000015258789,83.0999984741211,72.47229766845703,3035300
2017-06-29,83.08999633789062,83.22000122070312,82.30999755859375,82.69999694824219,72.12344360351562,2366800
2017-06-30,82.97000122070312,83.12999725341797,82.0,82.30000305175781,71.77462005615234,5713900
2017-07-03,82.41000366210938,82.91000366210938,82.31999969482422,82.69999694824219,72.12344360351562,1464700
2017-07-05,82.62999725341797,82.76000213623047,82.02999877929688,82.69999694824219,72.12344360351562,2263600
2017-07-06,82.31999969482422,82.56999969482422,81.37000274658203,81.5999984741211,71.16413116455078,3391000
2017-07-07,81.62000274658203,82.3499984741211,81.43000030517578,82.29000091552734,71.76590728759766,1803700
2017-07-10,82.33000183105469,82.56999969482422,81.88999938964844,82.27999877929688,71.75718688964844,2269700
2017-07-11,82.38999938964844,82.83999633789062,81.87999725341797,82.3499984741211,71.81822204589844,2708900
2017-07-12,82.7300033569336,84.0199966430664,82.61000061035156,83.5,72.8211441040039,3527000
2017-07-13,83.55999755859375,84.2300033569336,83.16000366210938,84.0199966430664,73.2746353149414,2944100
2017-07-14,84.11000061035156,84.58000183105469,83.80999755859375,84.3499984741211,73.56243896484375,2005700
2017-07-17,84.30999755859375,84.52999877929688,83.41999816894531,83.63999938964844,72.9432373046875,1989100
2017-07-18,83.51000213623047,83.7699966430664,83.22000122070312,83.69999694824219,72.99555969238281,1704500
2017-07-19,83.5199966430664,84.27999877929688,83.5199966430664,84.2300033569336,73.45777893066406,2297400
2017-07-20,84.52999877929688,85.12000274658203,84.41000366210938,84.75,73.9112548828125,2980600
2017-07-21,84.62000274658203,84.95999908447266,84.30999755859375,84.66000366210938,73.8327865600586,3064400
2017-07-24,84.66000366210938,85.52999877929688,84.51000213623047,84.73999786376953,73.90252685546875,3952200
2017-07-25,83.73999786376953,84.4000015258789,80.7699966430664,82.19000244140625,71.67867279052734,13319900
2017-07-26,81.56999969482422,81.87999725341797,81.04000091552734,81.83999633789062,71.37342834472656,7030500
2017-07-27,81.76000213623047,83.05000305175781,81.45999908447266,83.0199966430664,72.40253448486328,5577400
2017-07-28,82.87000274658203,83.22000122070312,82.5,83.0999984741211,72.47229766845703,3820100
2017-07-31,83.33999633789062,83.76000213623047,82.62999725341797,82.66000366210938,72.08856964111328,4083000
2017-08-01,82.86000061035156,83.1500015258789,82.12000274658203,82.37000274658203,71.83564758300781,3439400
2017-08-02,82.05999755859375,82.16999816894531,81.06999969482422,81.81999969482422,71.35598754882812,4574400
2017-08-03,81.58000183105469,82.27999877929688,81.5,81.93000030517578,71.4519271850586,3688300
2017-08-04,81.9000015258789,82.31999969482422,81.76000213623047,82.30999755859375,71.7833023071289,2802600
2017-08-07,82.30999755859375,82.4000015258789,81.72000122070312,82.06999969482422,71.57400512695312,2769700
2017-08-08,81.87000274658203,82.72000122070312,81.62999725341797,81.97000122070312,71.4867935180664,3292600
2017-08-09,82.12999725341797,82.73999786376953,81.97000122070312,82.56999969482422,72.01007080078125,2392100
2017-08-10,82.54000091552734,82.54000091552734,81.66000366210938,82.05000305175781,71.55655670166016,3367500
2017-08-11,81.80000305175781,81.97000122070312,81.12000274658203,81.1500015258789,71.22308349609375,2446400
2017-08-14,81.33999633789062,81.68000030517578,81.18000030517578,81.48999786376953,71.52147674560547,1879600
2017-08-15,81.5,82.33999633789062,81.5,81.70999908447266,71.71455383300781,1949500
2017-08-16,82.13999938964844,82.19999694824219,80.0199966430664,80.69000244140625,70.8193359375,3970500
2017-08-17,80.4000015258789,80.56999969482422,77.69999694824219,77.80000305175781,68.28286743164062,7318200
2017-08-18,77.69999694824219,77.69999694824219,76.94000244140625,77.06999969482422,67.64216613769531,4061300
2017-08-21,77.12000274658203,77.63999938964844,76.88999938964844,77.37999725341797,67.91423797607422,3638100
2017-08-22,77.52999877929688,78.6500015258789,77.52999877929688,78.26000213623047,68.68658447265625,2131900
2017-08-23,78.19999694824219,78.5199966430664,78.05000305175781,78.1500015258789,68.59005737304688,1801500
2017-08-24,78.33000183105469,79.23999786376953,78.26000213623047,78.86000061035156,69.21319580078125,4188400
2017-08-25,78.95999908447266,79.52999877929688,78.73999786376953,78.79000091552734,69.15177154541016,2171500
2017-08-28,79.0999984741211,79.43000030517578,78.62999725341797,78.83999633789062,69.19564056396484,1923200
2017-08-29,78.54000091552734,78.83999633789062,78.12000274658203,78.55000305175781,68.94112396240234,2154300
2017-08-30,79.0999984741211,80.7699966430664,78.75,80.48999786376953,70.643798828125,5036900
2017-08-31,80.7699966430664,81.3499984741211,80.33999633789062,81.29000091552734,71.34595489501953,3939500
2017-09-01,81.54000091552734,81.70999908447266,79.43000030517578,80.08000183105469,70.28397369384766,4345000
2017-09-05,79.47000122070312,80.05000305175781,79.05000305175781,79.81999969482422,70.05575561523438,3384000
2017-09-06,80.20999908447266,80.66999816894531,79.86000061035156,80.51000213623047,70.66136932373047,2689200
2017-09-07,80.62000274658203,82.75,80.37000274658203,81.54000091552734,71.56535339355469,6249300
2017-09-08,81.61000061035156,83.12000274658203,81.54000091552734,82.91999816894531,72.77654266357422,3961300
2017-09-11,82.94000244140625,83.3499984741211,81.7699966430664,82.62999725341797,72.52201080322266,4389200
2017-09-12,82.5999984741211,82.7300033569336,81.93000030517578,82.16999816894531,72.11830139160156,2566400
2017-09-13,81.95999908447266,82.58000183105469,81.87999725341797,82.43000030517578,72.34648895263672,2454900
2017-09-14,82.33000183105469,83.98999786376953,82.12000274658203,83.06999969482422,72.9082260131836,3370300
2017-09-15,83.30000305175781,83.56999969482422,82.18000030517578,82.44000244140625,72.35526275634766,5374500
2017-09-18,82.55000305175781,82.66999816894531,82.06999969482422,82.5199966430664,72.42545318603516,2200000
2017-09-19,82.63999938964844,82.83999633789062,81.55000305175781,81.7300033569336,71.73210906982422,2259200
2017-09-20,82.05999755859375,82.41999816894531,81.38999938964844,82.0199966430664,71.98663330078125,2849900
2017-09-21,82.01000213623047,83.69999694824219,81.87999725341797,83.33000183105469,73.13640594482422,4426700
2017-09-22,83.33999633789062,84.02999877929688,82.73999786376953,83.91000366210938,73.64543151855469,3148700
2017-09-25,83.87000274658203,84.6500015258789,83.80000305175781,84.63999938964844,74.2861328125,4223800
2017-09-26,84.43000030517578,85.12999725341797,84.01000213623047,84.22000122070312,73.91751861572266,2347200
2017-09-27,84.33999633789062,84.80000305175781,83.97000122070312,84.6500015258789,74.29491424560547,3085200
2017-09-28,84.58999633789062,85.58000183105469,84.1500015258789,85.0,74.60209655761719,2841000
2017-09-29,85.16999816894531,85.61000061035156,84.38999938964844,85.54000091552734,75.07604217529297,3506100
2017-10-02,85.77999877929688,86.68000030517578,85.73999786376953,86.3499984741211,75.78699493408203,3071100
2017-10-03,86.23999786376953,86.55999755859375,85.93000030517578,86.44999694824219,75.87471771240234,2128800
2017-10-04,86.5,87.16000366210938,86.27999877929688,86.95999908447266,76.32233428955078,2317700
2017-10-05,86.7699966430664,89.08999633789062,86.38999938964844,87.6500015258789,76.92792510986328,5221000
2017-10-06,87.30999755859375,87.48999786376953,86.63999938964844,87.08000183105469,76.42768096923828,2297200
2017-10-09,87.13999938964844,87.27999877929688,86.45999908447266,87.05000305175781,76.40132141113281,1701400
2017-10-10,85.37999725341797,86.69999694824219,85.25,86.16000366210938,75.6202163696289,4943700
2017-10-11,86.3499984741211,86.66000366210938,85.44999694824219,86.05999755859375,75.53241729736328,3433200
2017-10-12,86.0999984741211,86.44999694824219,85.91000366210938,86.43000030517578,75.85718536376953,1941100
2017-10-13,86.4000015258789,86.69999694824219,85.70999908447266,86.55000305175781,75.9625015258789,3026500
2017-10-16,86.4800033569336,86.73999786376953,85.77999877929688,85.94999694824219,75.43590545654297,3800700
2017-10-17,85.94000244140625,86.5,85.41999816894531,86.05999755859375,75.53241729736328,3643700
2017-10-18,86.33000183105469,86.55999755859375,85.5199966430664,85.7300033569336,75.24281311035156,4002200
2017-10-19,85.69000244140625,86.37999725341797,85.51000213623047,86.36000061035156,75.79576873779297,3233400
2017-10-20,86.5199966430664,87.37999725341797,86.33000183105469,87.2300033569336,76.55933380126953,3223200
2017-10-23,87.47000122070312,88.19000244140625,87.12000274658203,87.18000030517578,76.51542663574219,4909800
2017-10-24,87.41999816894531,88.33000183105469,83.75,85.16999816894531,74.75128936767578,8696100
2017-10-25,85.91000366210938,86.37000274658203,84.68000030517578,84.8499984741211,74.47045135498047,3916000
2017-10-26,84.66999816894531,85.11000061035156,83.83000183105469,84.16000366210938,73.86488342285156,3820700
2017-10-27,84.06999969482422,84.80999755859375,83.58999633789062,83.86000061035156,73.6015625,2892900
2017-10-30,83.76000213623047,83.76000213623047,82.43000030517578,82.6500015258789,72.53955078125,4667200
2017-10-31,82.76000213623047,83.0999984741211,81.72000122070312,81.94000244140625,71.91644287109375,3853300
2017-11-01,82.16999816894531,83.81999969482422,82.0,82.88999938964844,72.75025177001953,3309300
2017-11-02,82.55000305175781,83.91999816894531,82.30999755859375,83.12999725341797,72.96087646484375,2716100
2017-11-03,82.70999908447266,83.58999633789062,82.66000366210938,83.51000213623047,73.29436492919922,1534800
2017-11-06,83.29000091552734,83.43000030517578,82.91999816894531,82.94000244140625,72.79410552978516,1861700
2017-11-07,83.04000091552734,83.41999816894531,82.7699966430664,83.27999877929688,73.09252166748047,2851900
2017-11-08,83.0,84.38999938964844,83.0,84.01000213623047,73.73320007324219,2328700
2017-11-09,83.81999969482422,84.26000213623047,83.62999725341797,83.98999786376953,73.71566772460938,2098600
2017-11-10,83.66999816894531,83.87000274658203,82.56999969482422,83.29000091552734,73.10128784179688,2692500
2017-11-13,83.33000183105469,83.33000183105469,82.52999877929688,82.86000061035156,72.723876953125,2478700
2017-11-14,82.69000244140625,83.11000061035156,82.20999908447266,82.48999786376953,72.8563461303711,2684800
2017-11-15,82.51000213623047,83.13999938964844,81.41999816894531,82.19000244140625,72.59139251708984,1838100
2017-11-16,82.41000366210938,83.62999725341797,81.83999633789062,83.44000244140625,73.69541931152344,2599700
2017-11-17,83.0,83.4800033569336,82.80000305175781,82.88999938964844,73.20968627929688,4097800
2017-11-20,83.08999633789062,83.31999969482422,82.81999969482422,83.18000030517578,73.46580505371094,2205900
2017-11-21,83.6500015258789,84.52999877929688,83.37000274658203,83.51000213623047,73.75723266601562,3529900
2017-11-22,83.66999816894531,84.26000213623047,83.4800033569336,83.68000030517578,73.90737915039062,2230900
2017-11-24,83.87000274658203,84.16999816894531,83.58000183105469,84.02999877929688,74.21651458740234,817600
2017-11-27,84.1500015258789,85.25,84.02999877929688,84.80999755859375,74.90541076660156,2980900
2017-11-28,85.06999969482422,85.36000061035156,84.73999786376953,85.05000305175781,75.11742401123047,2659400
2017-11-29,84.79000091552734,85.23999786376953,84.44999694824219,84.95999908447266,75.03788757324219,2316000
2017-11-30,85.25,85.4800033569336,84.31999969482422,84.63999938964844,74.7552719116211,5002100
2017-12-01,84.9800033569336,85.41000366210938,84.18000030517578,85.31999969482422,75.35586547851562,2736300
2017-12-04,85.48999786376953,86.77999877929688,85.36000061035156,85.58000183105469,75.58547973632812,4228300
2017-12-05,85.58999633789062,86.58000183105469,85.20999908447266,86.05999755859375,76.00945281982422,3876800
2017-12-06,86.04000091552734,86.38999938964844,84.52999877929688,85.31999969482422,75.35586547851562,3130900
2017-12-07,85.20999908447266,85.87000274658203,84.6500015258789,85.87000274658203,75.84162139892578,4344900
2017-12-08,85.66000366210938,86.45999908447266,85.47000122070312,86.44999694824219,76.35388946533203,3777100
2017-12-11,86.61000061035156,86.83999633789062,86.06999969482422,86.66999816894531,76.5481948852539,3336800
2017-12-12,86.48999786376953,86.9000015258789,85.98999786376953,86.70999908447266,76.58353424072266,4252500
2017-12-13,86.41000366210938,89.08999633789062,86.33999633789062,87.88999938964844,77.62572479248047,5786800
2017-12-14,88.22000122070312,88.33000183105469,86.12000274658203,86.5,76.3980484008789,4388400
2017-12-15,86.88999938964844,87.61000061035156,86.2699966430664,86.54000091552734,76.43338775634766,7346400
2017-12-18,86.76000213623047,87.44999694824219,85.98999786376953,86.08000183105469,76.02710723876953,3796000
2017-12-19,86.04000091552734,86.7699966430664,85.8499984741211,86.70999908447266,76.58353424072266,4027600
2017-12-20,86.68000030517578,86.94000244140625,85.63999938964844,85.73999786376953,75.726806640625,3016900
2017-12-21,86.02999877929688,86.18000030517578,85.44000244140625,85.61000061035156,75.61197662353516,2024300
2017-12-22,85.5999984741211,85.77999877929688,84.75,85.06999969482422,75.13505554199219,1834800
2017-12-26,85.29000091552734,85.43000030517578,84.95999908447266,84.98999786376953,75.06440734863281,1099900
2017-12-27,85.19000244140625,85.45999908447266,84.9800033569336,85.13999938964844,75.19688415527344,1332800
2017-12-28,85.30000305175781,85.44000244140625,84.88999938964844,85.05000305175781,75.11742401123047,1731700
2017-12-29,85.12000274658203,85.44000244140625,84.45999908447266,84.45999908447266,74.5962905883789,2563800
2018-01-02,84.45999908447266,85.0,84.05999755859375,84.68000030517578,74.79058074951172,3456700
2018-01-03,84.73999786376953,85.41999816894531,84.2699966430664,85.13999938964844,75.19688415527344,3078400
2018-01-04,85.27999877929688,85.80000305175781,84.73999786376953,85.5199966430664,75.53250122070312,2462500
2018-01-05,86.08999633789062,86.75,85.93000030517578,86.56999969482422,76.45988464355469,2946300
2018-01-08,86.69000244140625,86.70999908447266,85.4000015258789,86.12999725341797,76.0712661743164,3251400
2018-01-09,86.19999694824219,86.41999816894531,85.73999786376953,86.05999755859375,76.00945281982422,2426000
2018-01-10,85.61000061035156,86.16999816894531,85.48999786376953,86.0999984741211,76.04476928710938,1674600
2018-01-11,86.16999816894531,86.58999633789062,85.87000274658203,86.38999938964844,76.3009033203125,2647500
2018-01-12,86.5199966430664,87.41000366210938,86.02999877929688,86.9800033569336,76.8219985961914,2728900
2018-01-16,85.93000030517578,86.58999633789062,85.1500015258789,85.29000091552734,75.32936096191406,4878300
2018-01-17,85.80000305175781,86.36000061035156,85.47000122070312,86.20999908447266,76.14189910888672,4083300
2018-01-18,86.04000091552734,86.13999938964844,85.2699966430664,85.81999969482422,75.79747009277344,4445800
2018-01-19,86.16999816894531,86.27999877929688,85.31999969482422,85.48999786376953,75.50597381591797,5826900
2018-01-22,83.25,85.56999969482422,82.4000015258789,85.44000244140625,75.46183776855469,6374000
2018-01-23,85.18000030517578,85.91999816894531,84.23999786376953,84.41999816894531,74.56097412109375,5728100
2018-01-24,84.86000061035156,85.16000366210938,84.27999877929688,84.30000305175781,74.4549789428711,5977700
2018-01-25,84.80999755859375,85.4000015258789,84.55999755859375,85.01000213623047,75.08206176757812,5201600
2018-01-26,84.76000213623047,87.47000122070312,84.76000213623047,87.08000183105469,76.91032409667969,6394100
2018-01-29,86.7699966430664,88.33000183105469,86.6500015258789,87.5999984741211,77.36959075927734,5324500
2018-01-30,86.63999938964844,86.94000244140625,85.20999908447266,86.08999633789062,76.03594207763672,5388400
2018-01-31,86.5,86.7300033569336,81.2699966430664,81.44999694824219,71.93780517578125,10558500
2018-02-01,81.54000091552734,82.87000274658203,81.29000091552734,82.41000366210938,72.78571319580078,8410700
2018-02-02,81.87999725341797,83.02999877929688,81.12000274658203,81.18000030517578,71.69934844970703,5152500
2018-02-05,80.88999938964844,81.61000061035156,76.55000305175781,77.48999786376953,68.44029235839844,8145200
2018-02-06,76.55999755859375,79.11000061035156,75.70999908447266,77.98999786376953,68.88187408447266,10558800
2018-02-07,77.76000213623047,78.55999755859375,76.70999908447266,76.72000122070312,67.76021575927734,8240300
2018-02-08,77.19000244140625,77.6500015258789,74.19000244140625,74.20999908447266,65.54334259033203,8059600
2018-02-09,75.05999755859375,76.81999969482422,73.69000244140625,76.2300033569336,67.32743072509766,8939700
2018-02-12,76.68000030517578,77.0999984741211,75.19999694824219,76.25,67.34510040283203,6454200
2018-02-13,76.0199966430664,76.58999633789062,75.75,76.20999908447266,67.30976867675781,4041200
2018-02-14,75.41000366210938,77.19000244140625,75.33999633789062,77.02999877929688,68.54035949707031,4361100
2018-02-15,77.75,78.1500015258789,77.02999877929688,78.0199966430664,69.42123413085938,4810700
2018-02-16,77.94999694824219,79.6500015258789,77.91000366210938,78.97000122070312,70.26654815673828,4699600
2018-02-20,78.18000030517578,78.69999694824219,77.18000030517578,77.55000305175781,69.00304412841797,3195000
2018-02-21,77.58999633789062,78.75,77.55000305175781,77.55000305175781,69.00304412841797,3871100
2018-02-22,77.19000244140625,78.08999633789062,76.5199966430664,77.19000244140625,68.68273162841797,7687400
2018-02-23,77.7300033569336,78.86000061035156,77.63999938964844,78.75,70.07080078125,5170300
2018-02-26,78.98999786376953,80.47000122070312,78.97000122070312,80.18000030517578,71.34318542480469,6015900
2018-02-27,80.1500015258789,80.20999908447266,78.69000244140625,78.69999694824219,70.02627563476562,4860400
2018-02-28,78.77999877929688,79.18000030517578,77.01000213623047,77.0199966430664,68.53145599365234,6123400
2018-03-01,77.05999755859375,77.37000274658203,75.52999877929688,76.5,68.06877136230469,6258400
2018-03-02,76.37999725341797,77.5999984741211,76.31999969482422,77.2300033569336,68.71832275390625,3216700
2018-03-05,76.9000015258789,78.08000183105469,76.70999908447266,77.69999694824219,69.1364974975586,3816600
2018-03-06,77.86000061035156,78.0,76.87999725341797,77.19000244140625,68.68273162841797,2962700
2018-03-07,76.58000183105469,77.61000061035156,76.54000091552734,77.44000244140625,68.90518951416016,2266500
2018-03-08,77.6500015258789,79.0199966430664,77.47000122070312,78.88999938964844,70.19535827636719,3497200
2018-03-09,79.27999877929688,79.95999908447266,78.87999725341797,79.61000061035156,70.83600616455078,4399500
2018-03-12,79.83000183105469,79.97000122070312,78.61000061035156,79.04000091552734,70.32884216308594,5059600
2018-03-13,79.08000183105469,79.87000274658203,78.7699966430664,79.1500015258789,70.42670440673828,4863200
2018-03-14,79.38999938964844,79.55999755859375,78.0199966430664,78.48999786376953,69.83941650390625,3167900
2018-03-15,78.58000183105469,79.86000061035156,78.45999908447266,78.75,70.07080078125,3910100
2018-03-16,79.19999694824219,80.48999786376953,79.12000274658203,80.48999786376953,71.61902618408203,8326300
2018-03-19,80.12000274658203,80.19999694824219,78.16000366210938,78.7300033569336,70.05299377441406,5117000
2018-03-20,79.04000091552734,79.19999694824219,77.8499984741211,78.37000274658203,69.732666015625,3943800
2018-03-21,78.45999908447266,79.0,78.02999877929688,78.23999786376953,69.61699676513672,4052000
2018-03-22,77.55999755859375,78.01000213623047,76.41000366210938,76.52999877929688,68.095458984375,3816900
2018-03-23,76.7699966430664,76.80000305175781,74.51000213623047,74.76000213623047,66.5205307006836,4298100
2018-03-26,75.61000061035156,76.2300033569336,74.6500015258789,76.18000030517578,67.78401184082031,3488700
2018-03-27,76.08999633789062,76.5999984741211,75.13999938964844,75.66000366210938,67.32136535644531,4070600
2018-03-28,76.05999755859375,77.66000366210938,76.04000091552734,77.01000213623047,68.52254486083984,4257500
2018-03-29,77.45999908447266,77.80000305175781,76.61000061035156,77.37000274658203,68.8428955078125,3424000
2018-04-02,76.87999725341797,77.30999755859375,75.4000015258789,75.69999694824219,67.35694122314453,6282600
2018-04-03,76.25,77.5999984741211,75.86000061035156,77.54000091552734,68.994140625,3610600
2018-04-04,76.81999969482422,78.81999969482422,76.70999908447266,78.5999984741211,69.93730926513672,3022200
2018-04-05,78.5199966430664,78.8499984741211,78.08999633789062,78.62000274658203,69.95511627197266,2213100
2018-04-06,78.18000030517578,78.25,76.30000305175781,76.8499984741211,68.38020324707031,4012800
2018-04-09,77.2699966430664,78.3499984741211,76.33000183105469,77.33999633789062,68.8161849975586,5377500
2018-04-10,78.08999633789062,79.68000030517578,78.06999969482422,79.22000122070312,70.4889907836914,3657200
2018-04-11,78.3499984741211,78.9000015258789,78.12000274658203,78.7300033569336,70.05299377441406,2830000
2018-04-12,79.19000244140625,79.68000030517578,78.80999755859375,79.29000091552734,70.55126190185547,2121100
2018-04-13,79.87999725341797,80.44999694824219,79.23999786376953,79.72000122070312,70.93387603759766,2652400
2018-04-16,80.45999908447266,80.75,79.66999816894531,80.12000274658203,71.28981018066406,2743000
2018-04-17,80.56999969482422,80.63999938964844,79.48999786376953,79.91999816894531,71.1118392944336,3782400
2018-04-18,79.95999908447266,80.23999786376953,79.58999633789062,79.72000122070312,70.93387603759766,4261000
2018-04-19,78.95999908447266,79.75,78.55000305175781,79.75,70.96056365966797,4989400
2018-04-20,79.63999938964844,79.91000366210938,78.81999969482422,79.05999755859375,70.34661102294922,5424100
2018-04-23,79.43000030517578,80.29000091552734,79.16999816894531,80.19999694824219,71.36097717285156,4015900
2018-04-24,81.16999816894531,81.5,78.91999816894531,80.08999633789062,71.26307678222656,6394900
2018-04-25,80.2699966430664,82.31999969482422,80.01000213623047,81.13999938964844,72.1973876953125,5379000
2018-04-26,81.41999816894531,83.55999755859375,81.41999816894531,82.55000305175781,73.45198822021484,5058700
2018-04-27,82.5,83.23999786376953,82.37999725341797,82.7300033569336,73.61215209960938,3209600
2018-04-30,83.08999633789062,83.20999908447266,81.05999755859375,81.06999969482422,72.13509368896484,5483500
2018-05-01,80.68000030517578,80.93000030517578,78.69000244140625,79.06999969482422,70.35551452636719,6306100
2018-05-02,78.68000030517578,79.38999938964844,78.45999908447266,78.83000183105469,70.1419906616211,5166300
2018-05-03,78.6500015258789,78.69999694824219,77.44000244140625,78.04000091552734,69.43903350830078,4469300
2018-05-04,77.41999816894531,78.62000274658203,77.08999633789062,78.4000015258789,69.75935363769531,3367500
2018-05-07,78.41000366210938,79.26000213623047,78.2300033569336,78.62999725341797,69.9640121459961,3722600
2018-05-08,78.4800033569336,78.9000015258789,78.16999816894531,78.87999725341797,70.18644714355469,4591700
2018-05-09,78.95999908447266,79.6500015258789,78.44999694824219,79.2699966430664,70.53349304199219,3325200
2018-05-10,79.45999908447266,81.16999816894531,79.41000366210938,80.86000061035156,71.94824981689453,3718400
2018-05-11,81.1500015258789,82.44999694824219,81.0199966430664,82.44999694824219,73.36299896240234,4393800
2018-05-14,82.5999984741211,83.31999969482422,82.5,83.06999969482422,73.91468811035156,4739700
2018-05-15,82.72000122070312,82.94000244140625,81.83000183105469,82.20999908447266,73.14945983886719,3662700
2018-05-16,81.80000305175781,81.94999694824219,80.95999908447266,81.18000030517578,72.7310562133789,3614500
2018-05-17,81.04000091552734,81.83999633789062,81.02999877929688,81.66000366210938,73.16108703613281,2808400
2018-05-18,81.48999786376953,82.29000091552734,81.48999786376953,82.06999969482422,73.52842712402344,4002300
2018-05-21,82.29000091552734,82.54000091552734,81.66999816894531,81.83000183105469,73.31341552734375,2505900
2018-05-22,82.13999938964844,82.88999938964844,81.80999755859375,82.22000122070312,73.6628189086914,2620700
2018-05-23,81.70999908447266,82.91999816894531,81.61000061035156,82.68000030517578,74.07494354248047,2516900
2018-05-24,82.70999908447266,82.79000091552734,82.0999984741211,82.70999908447266,74.10181427001953,2481800
2018-05-25,82.79000091552734,83.47000122070312,82.58999633789062,82.7699966430664,74.15558624267578,2338100
2018-05-29,82.11000061035156,82.62000274658203,81.6500015258789,82.44000244140625,73.85992431640625,3459300
2018-05-30,82.91999816894531,84.0199966430664,82.91000366210938,83.86000061035156,75.13214874267578,3475400
2018-05-31,83.87999725341797,85.11000061035156,83.68000030517578,85.04000091552734,76.1893081665039,9526400
2018-06-01,85.19999694824219,85.68000030517578,84.55999755859375,84.8499984741211,76.01909637451172,4057700
2018-06-04,84.6500015258789,85.5199966430664,84.36000061035156,85.06999969482422,76.2162094116211,4263100
2018-06-05,85.25,85.69999694824219,84.54000091552734,84.81999969482422,75.9922103881836,3667600
2018-06-06,84.87999725341797,85.93000030517578,84.66000366210938,85.93000030517578,76.98667907714844,2720100
2018-06-07,86.19999694824219,86.31999969482422,85.31999969482422,85.87999725341797,76.94189453125,3123600
2018-06-08,85.83000183105469,86.41999816894531,85.43000030517578,86.08000183105469,77.12108612060547,3172300
2018-06-11,86.30999755859375,86.77999877929688,85.80999755859375,85.86000061035156,76.92396545410156,3506900
2018-06-12,85.76000213623047,86.0199966430664,85.44999694824219,85.48999786376953,76.59246826171875,3016900
2018-06-13,85.76000213623047,86.37999725341797,85.5999984741211,85.72000122070312,76.79855346679688,3052100
2018-06-14,85.66999816894531,86.45999908447266,85.16999816894531,86.3499984741211,77.36299133300781,3115100
2018-06-15,86.12999725341797,87.2699966430664,86.0999984741211,86.87999725341797,77.83780670166016,5575200
2018-06-18,85.9800033569336,86.1500015258789,85.01000213623047,86.11000061035156,77.14795684814453,2903900
2018-06-19,85.88999938964844,86.87000274658203,85.66999816894531,86.81999969482422,77.78407287597656,3044500
2018-06-20,86.73999786376953,87.16000366210938,86.19999694824219,86.27999877929688,77.30028533935547,4675500
2018-06-21,85.81999969482422,86.27999877929688,85.19000244140625,86.06999969482422,77.11212158203125,2856400
2018-06-22,86.0199966430664,86.4000015258789,85.80999755859375,85.91999816894531,76.97772979736328,3769500
2018-06-25,86.0,86.61000061035156,85.12000274658203,85.7699966430664,76.84333801269531,3414100
2018-06-26,85.54000091552734,86.0,84.95999908447266,85.11000061035156,76.25202941894531,2840600
2018-06-27,84.91000366210938,85.5999984741211,84.63999938964844,84.66999816894531,75.85781860351562,3005400
2018-06-28,84.8499984741211,85.95999908447266,84.80999755859375,85.48999786376953,76.59246826171875,2564600
2018-06-29,85.83999633789062,86.0999984741211,85.12999725341797,85.33000183105469,76.4491195678711,2964000
2018-07-02,85.05999755859375,85.93000030517578,84.70999908447266,85.86000061035156,76.92396545410156,2347000
2018-07-03,85.80999755859375,87.0199966430664,85.80999755859375,86.51000213623047,77.50634765625,2163500
2018-07-05,86.91000366210938,87.19000244140625,86.12999725341797,86.55999755859375,77.55110931396484,2675500
2018-07-06,86.83000183105469,87.70999908447266,86.81999969482422,87.38999938964844,78.29473876953125,2290500
2018-07-09,87.5999984741211,88.33000183105469,87.5199966430664,87.87000274658203,78.72477722167969,2718300
2018-07-10,88.08000183105469,88.2300033569336,87.66999816894531,88.05000305175781,78.88605499267578,2227200
2018-07-11,87.7699966430664,88.06999969482422,87.19999694824219,87.55999755859375,78.4470443725586,2449500
2018-07-12,88.0999984741211,88.98999786376953,87.91999816894531,88.91000366210938,79.65653991699219,2604500
2018-07-13,88.83000183105469,89.87000274658203,88.54000091552734,89.70999908447266,80.37329864501953,3335000
2018-07-16,89.62999725341797,89.83999633789062,88.83999633789062,89.06999969482422,79.79988861083984,3175200
2018-07-17,89.36000061035156,89.97000122070312,89.33999633789062,89.56999969482422,80.24784851074219,2179400
2018-07-18,89.5999984741211,90.12999725341795,89.06999969482422,90.02999877929688,80.65995788574219,3021400
2018-07-19,89.83000183105469,89.9800033569336,88.87000274658203,89.43000030517578,80.12240600585938,3171000
2018-07-20,89.0199966430664,89.37000274658203,88.26000213623047,88.47000122070312,79.2623291015625,3829800
2018-07-23,88.30000305175781,89.16000366210938,88.16999816894531,88.87999725341797,79.62966918945312,3145300
2018-07-24,91.05999755859376,93.76000213623048,90.0,93.3499984741211,83.6344223022461,9910000
2018-07-25,93.16000366210938,96.6500015258789,93.02999877929688,96.43000030517578,86.39390563964844,8476800
2018-07-26,96.63999938964844,96.95999908447266,94.83000183105467,95.18000030517578,85.27396392822266,4826100
2018-07-27,95.6500015258789,96.95999908447266,95.0199966430664,96.5999984741211,86.54618835449219,3975500
2018-07-30,96.37999725341795,98.12000274658205,96.25,98.0199966430664,87.81840515136719,5356000
2018-07-31,98.25,99.1999969482422,97.52999877929688,98.80999755859376,88.52616119384766,4957800
2018-08-01,98.73999786376952,99.3499984741211,98.44000244140624,98.6999969482422,88.4276123046875,4971800
2018-08-02,97.9499969482422,100.38999938964844,97.83999633789062,99.47000122070312,89.11751556396484,4321000
2018-08-03,99.18000030517578,100.69000244140624,98.87999725341795,100.58000183105467,90.11199188232422,4572100
2018-08-06,100.4000015258789,102.58999633789062,100.22000122070312,102.0,91.38420104980467,5090900
2018-08-07,101.79000091552734,103.80999755859376,101.68000030517578,101.94000244140624,91.3304214477539,5095100
2018-08-08,101.8499984741211,102.66999816894533,101.43000030517578,102.2699966430664,91.62608337402344,3901600
2018-08-09,102.05999755859376,102.72000122070312,101.91999816894533,102.19000244140624,91.55441284179688,3298100
2018-08-10,102.1500015258789,103.19000244140624,101.98999786376952,102.25,91.60816192626952,2783800
2018-08-13,102.4499969482422,102.68000030517578,102.12000274658205,102.44000244140624,91.77840423583984,2816400
2018-08-14,101.7699966430664,102.83999633789062,101.2699966430664,102.44000244140624,92.28557586669922,3283900
2018-08-15,102.27999877929688,103.44000244140624,102.08000183105467,103.33000183105467,93.0873565673828,3143200
2018-08-16,103.25,104.94000244140624,103.25,104.36000061035156,94.01526641845705,4427200
2018-08-17,104.43000030517578,105.91999816894533,103.95999908447266,105.5500030517578,95.08729553222656,3824300
2018-08-20,105.58000183105467,106.37999725341795,105.58000183105467,105.81999969482422,95.33051300048828,2765500
2018-08-21,106.0199966430664,106.12999725341795,104.72000122070312,105.06999969482422,94.6549072265625,2775500
2018-08-22,104.8000030517578,105.62999725341795,104.1500015258789,105.02999877929688,94.61886596679688,1964400
2018-08-23,104.98999786376952,105.25,104.38999938964844,104.81999969482422,94.42965698242188,2043400
2018-08-24,105.56999969482422,106.04000091552734,104.52999877929688,105.7699966430664,95.28548431396484,3089900
2018-08-27,106.1500015258789,106.48999786376952,104.94000244140624,105.11000061035156,94.69092559814452,2452500
2018-08-28,105.02999877929688,105.58999633789062,104.58999633789062,105.18000030517578,94.75397491455078,2516800
2018-08-29,104.4000015258789,105.58999633789062,104.27999877929688,105.33000183105467,94.88909912109376,2949500
2018-08-30,105.18000030517578,105.73999786376952,104.94000244140624,105.4800033569336,95.02426147460938,2928600
2018-08-31,105.13999938964844,105.86000061035156,104.47000122070312,105.6500015258789,95.17742156982422,3278900
2018-09-04,105.30999755859376,105.6999969482422,104.37999725341795,104.62000274658205,94.24948120117188,3107000
2018-09-05,104.8499984741211,106.11000061035156,104.6999969482422,105.72000122070312,95.24044036865234,3366600
2018-09-06,105.66999816894533,105.75,103.66000366210938,105.37000274658205,94.92515563964844,3180700
2018-09-07,105.1500015258789,107.23999786376952,104.8000030517578,107.02999877929688,96.4206085205078,3822900
2018-09-10,107.5,107.83999633789062,106.38999938964844,106.41999816894533,95.87105560302734,2950800
2018-09-11,106.41000366210938,106.62000274658205,105.5199966430664,105.63999938964844,95.16838073730467,3516400
2018-09-12,105.80999755859376,106.48999786376952,105.51000213623048,105.97000122070312,95.4656753540039,3926000
2018-09-13,106.16000366210938,106.70999908447266,105.81999969482422,106.58000183105467,96.01521301269533,5167400
2018-09-14,106.56999969482422,106.69000244140624,105.4000015258789,105.7699966430664,95.28548431396484,3103100
2018-09-17,105.61000061035156,106.7699966430664,105.0500030517578,105.70999908447266,95.23143768310548,4972200
2018-09-18,105.87000274658205,107.19000244140624,105.11000061035156,106.87999725341795,96.28549194335938,3668800
2018-09-19,106.87999725341795,107.06999969482422,105.5,105.73999786376952,95.25847625732422,3270400
2018-09-20,105.72000122070312,106.11000061035156,104.22000122070312,106.06999969482422,95.55575561523438,3762000
2018-09-21,106.2300033569336,106.87000274658205,105.3499984741211,106.33000183105467,95.78997039794922,5333700
2018-09-24,105.9499969482422,106.66999816894533,105.58999633789062,105.58999633789062,95.1233139038086,3095500
2018-09-25,106.01000213623048,106.76000213623048,105.54000091552734,105.6999969482422,95.22244262695312,3775700
2018-09-26,106.05999755859376,107.37000274658205,106.01000213623048,106.30999755859376,95.77196502685548,3707300
2018-09-27,106.48999786376952,107.16999816894533,106.20999908447266,106.69000244140624,96.1142807006836,2093700
2018-09-28,106.7699966430664,107.73999786376952,106.3000030517578,107.30999755859376,96.67283630371094,2812300
2018-10-01,107.66999816894533,107.70999908447266,107.02999877929688,107.5999984741211,96.93411254882812,2707500
2018-10-02,107.5,108.13999938964844,107.19000244140624,107.95999908447266,97.25843048095705,3787900
2018-10-03,108.47000122070312,109.61000061035156,108.23999786376952,108.62000274658205,97.8529815673828,5097200
2018-10-04,113.62000274658205,115.68000030517578,111.04000091552734,112.98999786376952,101.78982543945312,10940700
2018-10-05,114.08999633789062,115.4499969482422,114.08999633789062,115.0199966430664,103.6185531616211,8330300
2018-10-08,114.8499984741211,116.61000061035156,114.7699966430664,115.45999908447266,104.01496124267578,6002300
2018-10-09,115.08999633789062,116.0,114.2300033569336,115.4499969482422,104.00596618652344,4716000
2018-10-10,114.95999908447266,115.37000274658205,113.25,113.33999633789062,102.1051025390625,5602900
2018-10-11,113.08999633789062,113.31999969482422,106.58000183105467,107.91000366210938,97.21337890625,7226300
2018-10-12,109.0,111.0199966430664,108.43000030517578,110.4800033569336,99.52861785888672,4519100
2018-10-15,110.5,111.80999755859376,109.9800033569336,110.62000274658205,99.65471649169922,3884700
2018-10-16,110.83999633789062,111.22000122070312,109.93000030517578,111.02999877929688,100.02409362792967,4192800
2018-10-17,110.9800033569336,113.7699966430664,110.86000061035156,113.58999633789062,102.33035278320312,4402100
2018-10-18,113.93000030517578,114.25,112.41000366210938,113.30999755859376,102.0780792236328,3619600
2018-10-19,112.87999725341795,113.36000061035156,110.66000366210938,111.91999816894533,100.8258819580078,4224000
2018-10-22,112.0,112.72000122070312,111.37000274658205,112.02999877929688,100.92497253417967,2938300
2018-10-23,110.6999969482422,111.45999908447266,109.05999755859376,110.38999938964844,99.4475326538086,3757000
2018-10-24,110.22000122070312,111.1500015258789,106.19000244140624,106.31999969482422,95.78097534179688,6739400
2018-10-25,106.43000030517578,108.81999969482422,104.16999816894533,107.88999938964844,97.19535064697266,4114800
2018-10-26,107.0500030517578,107.47000122070312,105.05999755859376,106.38999938964844,95.84400939941406,4464500
2018-10-29,107.4499969482422,109.08000183105467,106.3000030517578,107.4000015258789,96.75389862060548,3587800
2018-10-30,107.2300033569336,108.51000213623048,107.08000183105467,108.33999633789062,97.6007308959961,3325900
2018-10-31,109.58999633789062,110.43000030517578,108.3499984741211,108.44000244140624,97.69082641601562,4349200
2018-11-01,108.73999786376952,109.2300033569336,107.33000183105467,107.86000061035156,97.16832733154295,3639400
2018-11-02,108.13999938964844,108.38999938964844,105.93000030517578,106.75,96.16834259033205,3577200
2018-11-05,110.43000030517578,112.08000183105467,109.76000213623048,110.13999938964844,99.2223129272461,7368600
2018-11-06,109.0,109.3000030517578,104.9499969482422,105.9000015258789,95.4026107788086,6803700
2018-11-07,106.8499984741211,110.77999877929688,106.72000122070312,109.72000122070312,98.8439483642578,5875400
2018-11-08,109.48999786376952,110.94000244140624,109.01000213623048,110.0999984741211,99.18628692626952,3666300
2018-11-09,110.41999816894533,112.54000091552734,109.6999969482422,112.20999908447266,101.08712768554688,5054400
2018-11-12,112.26000213623048,114.70999908447266,112.26000213623048,113.1999969482422,101.9789810180664,5078900
2018-11-13,114.25,114.25,111.83000183105467,112.38999938964844,101.2492904663086,4239700
2018-11-14,112.36000061035156,112.6500015258789,109.73999786376952,109.80999755859376,99.42308044433594,5392800
2018-11-15,109.18000030517578,112.2300033569336,108.54000091552734,112.1999969482422,101.58702850341795,4796800
2018-11-16,111.68000030517578,114.3000030517578,111.66999816894533,113.83000183105467,103.06282043457033,4766400
2018-11-19,113.0,116.0999984741211,113.0,115.80999755859376,104.85552978515624,4869800
2018-11-20,114.87999725341795,116.1999969482422,114.31999969482422,114.72000122070312,103.86864471435548,4877300
2018-11-21,114.27999877929688,114.27999877929688,112.12999725341795,112.2300033569336,101.61418914794922,3619700
2018-11-23,111.86000061035156,113.80999755859376,111.4000015258789,112.87000274658205,102.1936264038086,1897000
2018-11-26,111.26000213623048,113.5999984741211,110.97000122070312,112.37999725341795,101.7499771118164,3296200
2018-11-27,112.27999877929688,114.25,111.70999908447266,114.22000122070312,103.41593933105467,3263200
2018-11-28,114.7300033569336,115.83000183105467,113.76000213623048,115.52999877929688,104.60202026367188,4814500
2018-11-29,115.3000030517578,117.93000030517578,114.97000122070312,117.0,105.93296813964844,4688300
2018-11-30,117.61000061035156,118.70999908447266,116.22000122070312,118.63999938964844,107.41785430908205,8965600
2018-12-03,118.63999938964844,118.69000244140624,117.54000091552734,118.5199966430664,107.30918884277344,4290100
2018-12-04,118.6500015258789,119.83999633789062,116.31999969482422,116.5199966430664,105.49837493896484,5676600
2018-12-06,115.31999969482422,115.98999786376952,112.9800033569336,115.83999633789062,104.88270568847656,5064400
2018-12-07,115.52999877929688,115.77999877929688,112.7699966430664,113.58000183105467,102.83650207519533,4128100
2018-12-10,113.5999984741211,114.6500015258789,111.0199966430664,114.08999633789062,103.29822540283205,3832600
2018-12-11,114.83999633789062,115.62000274658205,113.91999816894533,114.5,103.66944885253906,3806800
2018-12-12,115.4800033569336,115.73999786376952,114.2699966430664,114.33999633789062,103.52458190917967,3758800
2018-12-13,114.62000274658205,115.1500015258789,113.83999633789062,114.86000061035156,103.99539947509766,3609900
2018-12-14,114.29000091552734,114.58000183105467,111.23999786376952,111.93000030517578,101.3425750732422,5306100
2018-12-17,111.20999908447266,111.3000030517578,107.72000122070312,108.36000061035156,98.11024475097656,6121700
2018-12-18,109.43000030517578,109.66000366210938,105.66999816894533,106.5,96.4261703491211,6864400
2018-12-19,111.54000091552734,111.54000091552734,107.6999969482422,109.11000061035156,98.78929138183594,8362800
2018-12-20,109.0999984741211,110.16000366210938,108.12000274658205,109.29000091552734,98.9522705078125,8362300
2018-12-21,109.29000091552734,111.51000213623048,108.68000030517578,109.41999816894533,99.06995391845705,13154500
2018-12-24,109.3499984741211,109.41000366210938,106.62999725341795,106.75,96.65251159667967,3284000
2018-12-26,106.76000213623048,111.08999633789062,106.43000030517578,111.08999633789062,100.58197784423828,3792400
2018-12-27,110.23999786376952,112.9000015258789,108.7300033569336,112.88999938964844,102.21173095703124,4101600
2018-12-28,113.4000015258789,115.08999633789062,112.58999633789062,114.1999969482422,103.3978271484375,3984000
2018-12-31,114.33999633789062,115.8499984741211,114.23999786376952,115.72000122070312,104.77405548095705,2731000
2019-01-02,114.79000091552734,115.43000030517578,112.75,114.87999725341795,104.01349639892578,4247100
2019-01-03,114.72000122070312,114.73999786376952,111.0999984741211,111.30999755859376,100.78118896484376,4203300
2019-01-04,112.20999908447266,114.83999633789062,111.73999786376952,114.66000366210938,103.81431579589844,5795200
2019-01-07,112.37000274658205,116.44000244140624,112.0500030517578,115.27999877929688,104.37567138671876,7749600
2019-01-08,115.69000244140624,116.41999816894533,114.5199966430664,116.33999633789062,105.3354034423828,3428900
2019-01-09,116.37000274658205,118.22000122070312,116.22000122070312,117.20999908447266,106.12312316894533,5820100
2019-01-10,117.08999633789062,117.22000122070312,114.97000122070312,115.94000244140624,104.97322845458984,4282300
2019-01-11,115.2699966430664,116.20999908447266,115.0999984741211,116.18000030517578,105.1905517578125,2648800
2019-01-14,115.1999969482422,115.25,114.33000183105467,114.68000030517578,103.83242797851562,4404600
2019-01-15,113.91000366210938,118.22000122070312,113.4000015258789,117.08999633789062,106.01445770263672,5097700
2019-01-16,116.98999786376952,118.06999969482422,116.4800033569336,116.8000030517578,105.7519073486328,2920600
2019-01-17,116.80999755859376,119.1999969482422,116.5500030517578,119.16000366210938,107.8886489868164,4401900
2019-01-18,115.58000183105467,116.9000015258789,115.0199966430664,116.58999633789062,105.5617446899414,8887000
2019-01-22,115.69000244140624,117.11000061035156,115.69000244140624,117.08999633789062,106.01445770263672,4377500
2019-01-23,117.11000061035156,118.9000015258789,116.91999816894533,118.79000091552734,107.55364990234376,4012100
2019-01-24,118.22000122070312,118.22000122070312,114.1999969482422,114.98999786376952,104.11309051513672,6946200
2019-01-25,115.33999633789062,115.3499984741211,114.04000091552734,114.97000122070312,104.09498596191406,4599100
2019-01-28,114.72000122070312,115.11000061035156,113.54000091552734,115.02999877929688,104.1493148803711,3590900
2019-01-29,114.38999938964844,115.9499969482422,113.91000366210938,115.70999908447266,104.76500701904295,3767400
2019-01-30,115.52999877929688,117.08000183105467,115.52999877929688,116.94000244140624,105.878662109375,4362900
2019-01-31,116.94000244140624,120.13999938964844,116.7300033569336,119.86000061035156,108.52243041992188,5746100
2019-02-01,120.31999969482422,120.98999786376952,119.12999725341795,120.88999938964844,109.45502471923828,4171500
2019-02-04,121.20999908447266,121.83999633789062,118.69000244140624,120.16999816894533,108.80310821533205,4518400
2019-02-05,120.72000122070312,121.73999786376952,120.4000015258789,120.43000030517578,109.03854370117188,8832400
2019-02-06,118.66999816894533,120.81999969482422,117.73999786376952,119.2699966430664,107.98824310302734,7421000
2019-02-07,119.0,119.33000183105467,116.86000061035156,117.5,106.3856964111328,7935000
2019-02-08,117.7300033569336,121.43000030517578,117.4499969482422,119.5999984741211,108.28703308105467,16195100
2019-02-11,119.1999969482422,119.94000244140624,117.04000091552734,118.01000213623048,106.84745025634766,7203100
2019-02-12,117.76000213623048,119.9000015258789,117.5,119.48999786376952,108.1874542236328,6975500
2019-02-13,119.5999984741211,120.27999877929688,118.11000061035156,119.6500015258789,108.3322982788086,12738600
2019-02-14,118.94000244140624,121.25,118.8000030517578,120.75,109.92080688476562,17847000
2019-02-15,121.18000030517578,122.4800033569336,120.4000015258789,122.4800033569336,111.49565887451172,10366400
2019-02-19,121.30999755859376,123.33000183105467,121.3000030517578,122.12999725341795,111.17705535888672,17861300
2019-02-20,122.37999725341795,123.0500030517578,121.61000061035156,122.66000366210938,111.6595230102539,19880300
2019-02-21,122.05999755859376,123.76000213623048,121.8000030517578,122.72000122070312,111.7141342163086,20798700
2019-02-22,122.7300033569336,124.73999786376952,122.6500015258789,124.0,112.87932586669922,19574000
2019-02-25,124.0999984741211,124.66999816894533,123.47000122070312,123.88999938964844,112.77920532226562,13682400
2019-02-26,123.86000061035156,125.16000366210938,123.31999969482422,124.66999816894533,113.4892578125,20790900
2019-02-27,124.48999786376952,126.4800033569336,124.08000183105467,125.68000030517578,114.40866088867188,32135600
2019-02-28,125.5199966430664,127.7699966430664,125.1999969482422,126.29000091552734,114.96397399902344,36023600
2019-03-01,127.25,129.4199981689453,126.58000183105467,128.83999633789062,117.28526306152344,43290900
2019-03-04,130.50999450683594,130.50999450683594,125.33999633789062,127.45999908447266,116.02903747558594,59468600
2019-03-05,128.39999389648438,128.8699951171875,126.72000122070312,128.49000549316406,116.9666519165039,53212600
2019-03-06,128.75,128.7899932861328,125.38999938964844,126.68000030517578,115.31898498535156,74822500
2019-03-07,126.41000366210938,127.19000244140624,125.12999725341795,126.33999633789062,115.0094757080078,60615600
2019-03-08,126.37000274658205,126.9800033569336,125.25,126.6999969482422,115.3371810913086,50169800
2019-03-11,122.8000030517578,124.91000366210938,122.51000213623048,123.5,112.42415618896484,61771200
2019-03-12,123.5,124.0199966430664,122.68000030517578,123.5,112.42415618896484,8077600
2019-03-13,124.5999984741211,130.75,123.16000366210938,124.30999755859376,113.16152954101562,68139300
2019-03-14,124.9800033569336,124.9800033569336,122.51000213623048,123.08000183105467,112.04183197021484,42768700
2019-03-15,123.0999984741211,124.16000366210938,121.95999908447266,123.94000244140624,112.82472229003906,47331000
2019-03-18,123.98999786376952,125.3499984741211,123.5,125.23999786376952,114.00814819335938,16052200
2019-03-19,125.26000213623048,126.6500015258789,125.13999938964844,126.58999633789062,115.23704528808594,13726300
2019-03-20,127.54000091552734,129.10000610351562,126.83000183105467,128.16000366210938,116.66625213623048,7520700
2019-03-21,126.87999725341795,128.97999572753906,126.63999938964844,128.30999755859375,116.80279541015624,5704300
2019-03-22,128.72999572753906,129.47999572753906,127.43000030517578,128.3000030517578,116.79368591308594,15332900
2019-03-25,128.61000061035156,130.5800018310547,128.41000366210938,129.8699951171875,118.22288513183594,5972800
2019-03-26,130.24000549316406,132.1300048828125,129.6999969482422,131.02000427246094,119.26976013183594,5872900
2019-03-27,130.9600067138672,131.55999755859375,128.52000427246094,128.77000427246094,117.22157287597656,7675100
2019-03-28,129.33999633789062,129.89999389648438,128.8699951171875,128.9499969482422,117.38539123535156,6112900
2019-03-29,129.00999450683594,129.94000244140625,128.97999572753906,129.75999450683594,118.12274932861328,5729100
2019-04-01,130.7100067138672,131.35000610351562,129.0500030517578,129.0500030517578,117.47644805908205,5132300
2019-04-02,129.0399932861328,129.57000732421875,128.24000549316406,129.32000732421875,117.72222137451172,3214600
2019-04-03,129.11000061035156,129.25,126.83999633789062,127.0500030517578,115.65581512451172,4425300
2019-04-04,127.33999633789062,127.3499984741211,124.61000061035156,125.61000061035156,114.34494018554688,5539800
2019-04-05,126.48999786376952,127.01000213623048,125.61000061035156,126.98999786376952,115.60120391845705,4656400
2019-04-08,126.5,127.27999877929688,126.08999633789062,127.16000366210938,115.75592041015624,3430900
2019-04-09,126.76000213623048,128.1199951171875,126.5999984741211,127.23999786376952,115.82877349853516,4215600
2019-04-10,127.55999755859376,127.97000122070312,126.93000030517578,127.19000244140624,115.7832489013672,4227100
2019-04-11,126.86000061035156,127.31999969482422,124.51000213623048,125.1500015258789,113.92620086669922,5520700
2019-04-12,125.23999786376952,125.23999786376952,123.0199966430664,123.05999755859376,112.02366638183594,5470400
2019-04-15,123.7699966430664,124.3499984741211,123.16000366210938,124.08000183105467,112.95215606689452,4549100
2019-04-16,124.93000030517578,124.93000030517578,119.79000091552734,119.95999908447266,109.20166015625,6573400
2019-04-17,120.0,120.05999755859376,115.88999938964844,116.5,106.0519561767578,14842800
2019-04-18,116.2300033569336,116.6500015258789,114.13999938964844,115.1999969482422,104.86854553222656,9805800
2019-04-22,115.04000091552734,115.56999969482422,113.6500015258789,115.47000122070312,105.11433410644533,7519700
2019-04-23,116.04000091552734,117.88999938964844,115.43000030517578,117.48999786376952,106.95319366455078,5891500
2019-04-24,118.29000091552734,118.43000030517578,117.2300033569336,118.0,107.41744232177734,4254100
2019-04-25,117.75,118.68000030517578,116.75,118.2300033569336,107.62680053710938,3425000
2019-04-26,118.83000183105467,119.91999816894533,118.66999816894533,119.87000274658205,109.11973571777344,3372500
2019-04-29,119.9000015258789,120.01000213623048,119.25,119.5999984741211,108.87395477294922,4097200
2019-04-30,116.61000061035156,117.13999938964844,114.91000366210938,117.04000091552734,106.54354095458984,7548300
2019-05-01,117.0500030517578,119.52999877929688,116.55999755859376,118.18000030517578,107.58128356933594,5392100
2019-05-02,118.44000244140624,118.56999969482422,116.86000061035156,118.45999908447266,107.83618927001952,4168800
2019-05-03,118.44000244140624,118.44000244140624,116.54000091552734,116.91000366210938,106.42520904541016,5695500
2019-05-06,115.81999969482422,117.08000183105467,115.3000030517578,116.6500015258789,106.1884994506836,5952100
2019-05-07,116.3000030517578,116.48999786376952,114.45999908447266,114.94000244140624,104.63187408447266,5127200
2019-05-08,115.8499984741211,116.88999938964844,115.2300033569336,116.25,105.82437133789062,2992600
2019-05-09,115.86000061035156,116.1500015258789,114.77999877929688,115.8000030517578,105.41475677490234,5818900
2019-05-10,115.62999725341795,116.31999969482422,114.22000122070312,116.22000122070312,105.79705810546876,3660500
2019-05-13,114.86000061035156,115.19000244140624,113.87000274658205,114.37000274658205,104.11297607421876,4284600
2019-05-14,114.7300033569336,115.52999877929688,114.52999877929688,114.94000244140624,104.63187408447266,3668400
2019-05-15,115.25,115.83999633789062,114.31999969482422,115.62000274658205,105.25089263916016,3724400
2019-05-16,114.56999969482422,117.68000030517578,114.56999969482422,116.7300033569336,106.85748291015624,3914100
2019-05-17,115.6999969482422,116.6500015258789,115.22000122070312,116.01000213623048,106.19833374023438,3109800
2019-05-20,115.87000274658205,116.3000030517578,115.0,116.2300033569336,106.39974975585938,3042800
2019-05-21,117.04000091552734,117.79000091552734,116.52999877929688,116.58000183105467,106.72013854980467,2611100
2019-05-22,116.12000274658205,118.38999938964844,116.12000274658205,117.9800033569336,108.0017318725586,3934200
2019-05-23,117.76000213623048,117.95999908447266,116.4800033569336,116.80999755859376,106.93069458007812,3653500
2019-05-24,117.52999877929688,117.5500030517578,116.4499969482422,116.79000091552734,106.91236114501952,2086400
2019-05-28,117.08999633789062,118.41000366210938,115.6999969482422,115.76000213623048,105.96951293945312,5007200
2019-05-29,115.61000061035156,115.8000030517578,114.43000030517578,115.48999786376952,105.72235107421876,5915800
2019-05-30,115.48999786376952,116.3000030517578,114.95999908447266,115.9000015258789,106.09764862060548,2392800
2019-05-31,115.33999633789062,117.58000183105467,114.98999786376952,115.94000244140624,106.13426971435548,6098400
2019-06-03,116.52999877929688,117.72000122070312,116.04000091552734,116.7699966430664,106.89407348632812,4722000
2019-06-04,118.08000183105467,118.93000030517578,117.41000366210938,117.55999755859376,107.61724853515624,3122700
2019-06-05,118.02999877929688,118.37999725341795,116.52999877929688,117.0199966430664,107.1229248046875,4175800
2019-06-06,117.5199966430664,118.94000244140624,117.2699966430664,117.5,107.56233215332033,3882800
2019-06-07,118.19000244140624,118.94000244140624,117.88999938964844,118.3499984741211,108.34043884277344,2726300
2019-06-10,116.0,116.0,113.87999725341795,113.93000030517578,104.29425811767578,8172400
2019-06-11,114.77999877929688,115.58999633789062,111.8499984741211,112.20999908447266,102.71973419189452,5681200
2019-06-12,112.5,115.5,112.5,115.23999786376952,105.49346160888672,3793800
2019-06-13,115.4000015258789,115.4000015258789,110.61000061035156,111.81999969482422,102.36272430419922,8477300
2019-06-14,112.12999725341795,112.25,111.01000213623048,111.73999786376952,102.28948974609376,3188100
2019-06-17,111.63999938964844,113.41999816894533,111.33999633789062,113.4000015258789,103.80908966064452,3032300
2019-06-18,113.6500015258789,114.83000183105467,113.22000122070312,114.6500015258789,104.95333862304688,2868700
2019-06-19,115.0199966430664,115.98999786376952,114.33999633789062,115.2300033569336,105.48429870605467,3320600
2019-06-20,116.3499984741211,117.06999969482422,115.26000213623048,115.55999755859376,105.7863998413086,2840100
2019-06-21,115.73999786376952,115.93000030517578,114.80999755859376,115.48999786376952,105.72235107421876,4024600
2019-06-24,115.08000183105467,116.1500015258789,114.70999908447266,115.62999725341795,105.85047149658205,2570500
2019-06-25,115.51000213623048,116.83000183105467,115.16999816894533,115.36000061035156,105.60334777832033,2110100
2019-06-26,114.80999755859376,114.9499969482422,110.62000274658205,111.33999633789062,101.92335510253906,4677500
2019-06-27,111.73999786376952,112.20999908447266,111.16000366210938,111.47000122070312,102.04232025146484,3615900
2019-06-28,111.8000030517578,111.83000183105467,110.0199966430664,110.79000091552734,101.41983032226562,8958700
2019-07-01,111.30999755859376,112.83999633789062,110.63999938964844,112.73999786376952,103.20491790771484,3236400
2019-07-02,112.81999969482422,114.20999908447266,112.4000015258789,114.1999969482422,104.54141235351562,2343400
2019-07-03,114.87000274658205,115.47000122070312,113.77999877929688,114.41999816894533,104.7428207397461,3707700
2019-07-05,114.0500030517578,114.37000274658205,112.5500030517578,112.81999969482422,103.27814483642578,2444000
2019-07-08,112.47000122070312,112.79000091552734,110.91000366210938,111.5199966430664,102.08809661865234,2998700
2019-07-09,111.8499984741211,113.36000061035156,111.8499984741211,113.08000183105467,103.51614379882812,2717700
2019-07-10,113.2699966430664,114.6500015258789,112.66999816894533,114.52999877929688,104.84351348876952,3339100
2019-07-11,111.52999877929688,112.23999786376952,109.0999984741211,109.81999969482422,100.53189086914062,6589600
2019-07-12,109.47000122070312,109.47000122070312,105.1500015258789,108.29000091552734,99.13128662109376,7211100
2019-07-15,108.3000030517578,109.16000366210938,107.58999633789062,108.47000122070312,99.29605102539062,4405200
2019-07-16,109.0,109.19000244140624,107.97000122070312,108.81999969482422,99.61644744873048,2206500
2019-07-17,109.3499984741211,109.6500015258789,107.08000183105467,107.08999633789062,98.0327606201172,3507300
2019-07-18,107.83000183105467,108.4800033569336,107.23999786376952,108.33999633789062,99.1770477294922,3232900
2019-07-19,108.5,108.5199966430664,106.58000183105467,106.79000091552734,97.75813293457033,4820600
2019-07-22,106.91999816894533,107.36000061035156,105.87000274658205,107.2699966430664,98.19752502441406,2894400
2019-07-23,107.5,109.4000015258789,106.05999755859376,108.22000122070312,99.06720733642578,5098200
2019-07-24,108.3499984741211,109.66000366210938,107.16000366210938,108.5199966430664,99.34180450439452,3762700
2019-07-25,108.56999969482422,110.37999725341795,107.68000030517578,107.81999969482422,98.70101928710938,4596700
2019-07-26,107.91999816894533,109.2300033569336,107.54000091552734,108.2699966430664,99.11296844482422,3470700
2019-07-29,108.06999969482422,110.23999786376952,108.06999969482422,108.72000122070312,99.52490997314452,3192500
2019-07-30,108.3000030517578,110.0199966430664,107.0,108.69000244140624,99.49742889404295,4664200
2019-07-31,108.05999755859376,110.70999908447266,107.61000061035156,108.9499969482422,99.73545837402344,5535700
2019-08-01,109.0199966430664,110.73999786376952,108.30999755859376,110.51000213623048,101.16351318359376,3679000
2019-08-02,110.95999908447266,113.2699966430664,110.19000244140624,112.41999816894533,102.91197204589844,4477700
2019-08-05,111.37999725341795,112.48999786376952,107.44000244140624,108.70999908447266,99.51575469970705,4765800
2019-08-06,109.47000122070312,112.12000274658205,109.04000091552734,111.4000015258789,101.97825622558594,5490000
2019-08-07,110.37000274658205,111.37999725341795,108.52999877929688,111.12000274658205,101.72191619873048,4231700
2019-08-08,111.95999908447266,114.54000091552734,111.63999938964844,113.97000122070312,104.33088684082033,4815900
2019-08-09,113.23999786376952,114.5500030517578,112.3499984741211,113.7699966430664,104.14779663085938,2788100
2019-08-12,112.9000015258789,114.05999755859376,112.29000091552734,113.5999984741211,103.99217224121094,2318400
2019-08-13,113.52999877929688,116.13999938964844,113.43000030517578,115.6999969482422,105.91456604003906,5247200
2019-08-14,114.86000061035156,114.87000274658205,110.22000122070312,110.29000091552734,101.52811431884766,4937900
2019-08-15,110.41999816894533,111.30999755859376,109.20999908447266,110.2300033569336,101.47289276123048,3939900
2019-08-16,110.94000244140624,111.33000183105467,109.29000091552734,110.5199966430664,101.73983001708984,3497600
2019-08-19,111.0500030517578,112.94000244140624,110.79000091552734,112.52999877929688,103.59014892578124,2903500
2019-08-20,112.33000183105467,112.87999725341795,110.91000366210938,111.01000213623048,102.19090270996094,2074800
2019-08-21,112.0,112.44000244140624,110.0,111.45999908447266,102.6051788330078,2207300
2019-08-22,111.44000244140624,112.2699966430664,110.79000091552734,111.61000061035156,102.74324035644533,1840200
2019-08-23,111.45999908447266,112.55999755859376,108.87999725341795,109.51000213623048,100.8101043701172,3870100
2019-08-26,110.61000061035156,111.81999969482422,110.25,111.77999877929688,102.89974212646484,2565500
2019-08-27,112.30999755859376,112.87999725341795,110.7300033569336,110.7300033569336,101.9331512451172,2945200
2019-08-28,110.33000183105467,111.54000091552734,109.79000091552734,110.97000122070312,102.15409088134766,1744400
2019-08-29,111.80999755859376,112.37999725341795,110.5999984741211,112.25,103.33240509033205,2708600
2019-08-30,112.81999969482422,114.16999816894533,111.91999816894533,112.97000122070312,103.99520111083984,2870700
2019-09-03,112.54000091552734,114.0199966430664,112.19000244140624,113.95999908447266,104.9065399169922,3710300
2019-09-04,114.37999725341795,114.5,112.4499969482422,113.25,104.25296783447266,3756400
2019-09-05,113.95999908447266,115.44000244140624,113.26000213623048,114.5999984741211,105.4957046508789,4045900
2019-09-06,114.77999877929688,114.98999786376952,113.83999633789062,114.0500030517578,104.9894027709961,2904700
2019-09-09,114.5199966430664,114.5199966430664,110.3499984741211,111.06999969482422,102.24616241455078,4982300
2019-09-10,108.37000274658205,111.12999725341795,106.4000015258789,111.0999984741211,102.27375793457033,6589500
2019-09-11,111.77999877929688,112.0,110.29000091552734,111.69000244140624,102.81690979003906,3404100
2019-09-12,111.91999816894533,112.41999816894533,111.12000274658205,111.47000122070312,102.61436462402344,3578500
2019-09-13,111.73999786376952,112.1500015258789,110.23999786376952,110.88999938964844,102.08045959472656,2842600
2019-09-16,110.41999816894533,110.52999877929688,109.20999908447266,110.12999725341795,101.38082122802734,1728900
2019-09-17,110.33000183105467,111.19000244140624,109.62999725341795,111.12000274658205,102.29218292236328,2438100
2019-09-18,111.44000244140624,112.91000366210938,111.16999816894533,112.72000122070312,103.76507568359376,3132500
2019-09-19,112.86000061035156,115.11000061035156,112.38999938964844,114.3499984741211,105.26557159423828,3929800
2019-09-20,115.93000030517578,117.2300033569336,114.47000122070312,116.16000366210938,106.93177795410156,7517700
2019-09-23,116.0,116.54000091552734,113.97000122070312,114.18000030517578,105.10906982421876,2611300
2019-09-24,114.36000061035156,114.5500030517578,111.94000244140624,113.25,104.25296783447266,3480200
2019-09-25,112.87999725341795,113.8499984741211,111.30999755859376,111.38999938964844,102.5407257080078,3093400
2019-09-26,112.04000091552734,112.66000366210938,110.69000244140624,111.81999969482422,102.93656158447266,2266400
2019-09-27,112.3499984741211,113.37000274658205,111.37999725341795,112.37000274658205,103.44288635253906,1906300
2019-09-30,112.4000015258789,113.4499969482422,111.69000244140624,111.83000183105467,102.94577026367188,2516600
2019-10-01,111.94000244140624,112.4499969482422,110.41000366210938,110.95999908447266,102.14490509033205,2203400
2019-10-02,110.33000183105467,110.63999938964844,106.66000366210938,107.0,98.49948120117188,4483900
2019-10-03,107.08999633789062,108.0999984741211,106.20999908447266,107.29000091552734,98.76644897460938,2735000
2019-10-04,107.48999786376952,108.26000213623048,107.0,108.1999969482422,99.6041488647461,2865300
2019-10-07,108.30999755859376,108.6500015258789,107.56999969482422,107.83000183105467,99.26356506347656,1460800
2019-10-08,106.88999938964844,108.33000183105467,105.9499969482422,107.19000244140624,98.67440795898438,2802500
2019-10-09,107.55999755859376,108.1500015258789,106.87999725341795,107.3000030517578,98.77565002441406,1636600
2019-10-10,107.02999877929688,107.48999786376952,106.58000183105467,106.91999816894533,98.42583465576172,2736900
2019-10-11,107.75,109.13999938964844,107.58999633789062,108.36000061035156,99.7514419555664,2554900
2019-10-14,108.5199966430664,109.12999725341795,107.87999725341795,107.9000015258789,99.32799530029295,1341300
2019-10-15,108.3499984741211,110.0999984741211,108.22000122070312,109.6999969482422,100.98497009277344,1760000
2019-10-16,109.18000030517578,109.4800033569336,107.79000091552734,107.9499969482422,99.3740234375,2314600
2019-10-17,109.22000122070312,109.45999908447266,108.26000213623048,108.45999908447266,99.8434829711914,2018900
2019-10-18,108.30999755859376,108.94000244140624,107.9000015258789,108.63999938964844,100.00918579101562,2207100
2019-10-21,108.87000274658205,109.0,107.7699966430664,107.91000366210938,99.33719635009766,3944900
2019-10-22,109.9800033569336,111.45999908447266,108.88999938964844,109.83999633789062,101.11384582519533,5708500
2019-10-23,106.0,107.75,101.36000061035156,107.4000015258789,98.86770629882812,9047500
2019-10-24,107.5,108.20999908447266,106.25,107.83999633789062,99.27275848388672,3304500
2019-10-25,108.08000183105467,110.58999633789062,107.54000091552734,110.1999969482422,101.44525909423828,4234600
2019-10-28,110.62000274658205,113.19000244140624,110.62000274658205,112.98999786376952,104.01361083984376,4168500
2019-10-29,112.5,112.80999755859376,111.5,111.66999816894533,102.7984848022461,2987800
2019-10-30,111.37000274658205,113.20999908447266,111.26000213623048,112.72000122070312,103.76507568359376,2424700
2019-10-31,112.36000061035156,114.66999816894533,112.0,113.9499969482422,104.89735412597656,4124400
2019-11-01,114.06999969482422,114.51000213623048,112.30999755859376,112.51000213623048,103.57176208496094,2629100
2019-11-04,113.23999786376952,114.33000183105467,112.87000274658205,113.11000061035156,104.12409973144533,3002100
2019-11-05,112.9499969482422,113.08000183105467,110.51000213623048,111.25,102.411865234375,3357300
2019-11-06,111.56999969482422,114.29000091552734,111.51000213623048,113.81999969482422,104.77767944335938,3973700
2019-11-07,114.2300033569336,114.62999725341795,112.02999877929688,112.7699966430664,103.81110382080078,3076200
2019-11-08,112.6500015258789,113.56999969482422,112.0999984741211,113.52999877929688,104.51071166992188,2224100
2019-11-11,113.45999908447266,114.20999908447266,112.22000122070312,112.8000030517578,103.83869934082033,1770200
2019-11-12,112.7699966430664,114.04000091552734,112.4499969482422,113.16999816894533,104.17933654785156,2273200
2019-11-13,112.87000274658205,113.52999877929688,112.25,112.79000091552734,103.8294906616211,3250600
2019-11-14,112.19000244140624,112.36000061035156,111.0,111.38999938964844,103.1304702758789,2627100
2019-11-15,111.33000183105467,113.81999969482422,111.33000183105467,113.19000244140624,104.7970199584961,4857400
2019-11-18,113.0199966430664,114.12999725341795,112.86000061035156,114.06999969482422,105.61178588867188,3361600
2019-11-19,114.02999877929688,116.12000274658205,113.75,115.0999984741211,106.56539916992188,3781600
2019-11-20,114.95999908447266,115.91999816894533,114.0500030517578,114.61000061035156,106.11174011230467,3638200
2019-11-21,114.6999969482422,115.5199966430664,113.29000091552734,114.75,106.2413330078125,2909500
2019-11-22,115.08999633789062,116.68000030517578,114.70999908447266,116.1999969482422,107.58381652832033,3120100
2019-11-25,116.5999984741211,118.45999908447266,116.5999984741211,117.47000122070312,108.7596664428711,2939300
2019-11-26,117.47000122070312,118.11000061035156,117.0,117.08999633789062,108.40784454345705,4704900
2019-11-27,117.7300033569336,117.9000015258789,116.62000274658205,117.44000244140624,108.7318878173828,1798200
2019-11-29,117.2300033569336,118.04000091552734,117.16999816894533,117.3499984741211,108.64854431152344,1243900
2019-12-02,117.5199966430664,118.25,116.0999984741211,116.73999786376952,108.08379364013672,2199700
2019-12-03,116.4000015258789,117.91999816894533,115.91999816894533,117.61000061035156,108.88927459716795,2786000
2019-12-04,118.27999877929688,118.83999633789062,117.56999969482422,118.66999816894533,109.87068939208984,2597000
2019-12-05,118.4000015258789,119.91999816894533,117.54000091552734,119.7699966430664,110.8891143798828,3003200
2019-12-06,119.97000122070312,120.70999908447266,119.58000183105467,119.63999938964844,110.7687530517578,2462800
2019-12-09,119.52999877929688,120.83999633789062,118.94000244140624,120.23999786376952,111.3242645263672,2335100
2019-12-10,120.55999755859376,121.1500015258789,120.11000061035156,120.6500015258789,111.70386505126952,3592600
2019-12-11,120.55999755859376,121.1999969482422,119.9800033569336,120.77999877929688,111.82423400878906,3438100
2019-12-12,120.55999755859376,121.93000030517578,120.55999755859376,121.6999969482422,112.67599487304688,2959400
2019-12-13,121.9800033569336,122.19000244140624,120.72000122070312,121.52999877929688,112.51860809326172,3343900
2019-12-16,123.06999969482422,124.26000213623048,122.05999755859376,122.8499984741211,113.74073791503906,3468400
2019-12-17,124.0,127.02999877929688,123.30999755859376,125.33000183105467,116.03684997558594,6718800
2019-12-18,127.87999725341795,129.97999572753906,127.69000244140624,129.47999572753906,119.87911224365234,8173000
2019-12-19,129.0800018310547,130.99000549316406,128.33999633789062,130.85000610351562,121.14753723144533,4423400
2019-12-20,132.49000549316406,137.0,131.24000549316406,132.42999267578125,122.6103744506836,9229900
2019-12-23,132.38999938964844,132.5800018310547,131.02999877929688,131.14999389648438,121.4252700805664,2473400
2019-12-24,131.07000732421875,131.2100067138672,130.1300048828125,131.11000061035156,121.38823699951172,1215800
2019-12-26,131.0,131.6999969482422,130.66000366210938,131.13999938964844,121.41603088378906,1272000
2019-12-27,131.57000732421875,131.77000427246094,130.83999633789062,131.52000427246094,121.76783752441406,2161300
2019-12-30,131.52000427246094,131.92999267578125,130.8699951171875,131.3000030517578,121.56419372558594,1856200
2019-12-31,131.17999267578125,131.52000427246094,130.5,131.42999267578125,121.68450164794922,1549800
2020-01-02,131.77000427246094,132.25999450683594,130.72999572753906,132.2100067138672,122.40672302246094,2204200
2020-01-03,130.3000030517578,132.47000122070312,130.22999572753906,131.77000427246094,121.99934387207033,1963500
2020-01-06,131.4199981689453,132.55999755859375,130.94000244140625,132.25999450683594,122.45298767089844,2102900
2020-01-07,131.6999969482422,132.92999267578125,131.6999969482422,132.50999450683594,122.6844482421875,2448300
2020-01-08,132.4600067138672,134.2100067138672,132.00999450683594,133.7100067138672,123.79544830322266,5188600
2020-01-09,134.5500030517578,136.36000061035156,134.00999450683594,135.9199981689453,125.84163665771484,4522800
2020-01-10,135.77999877929688,138.27000427246094,135.52999877929688,138.0,127.76738739013672,4177600
2020-01-13,138.1999969482422,139.99000549316406,137.88999938964844,138.94000244140625,128.63766479492188,5117100
2020-01-14,138.99000549316406,140.89999389648438,138.1199951171875,140.64999389648438,130.22085571289062,4685200
2020-01-15,140.5800018310547,141.69000244140625,140.00999450683594,141.11000061035156,130.6467742919922,3676500
2020-01-16,141.8300018310547,141.97000122070312,139.85000610351562,141.42999267578125,130.94302368164062,3794800
2020-01-17,140.8800048828125,141.74000549316406,139.36000061035156,139.5800018310547,129.230224609375,5393200
2020-01-21,139.5,141.57000732421875,138.42999267578125,140.91000366210938,130.46160888671875,4849500
2020-01-22,141.25,142.25,140.69000244140625,141.55999755859375,131.06336975097656,2742100
2020-01-23,141.25,141.74000549316406,139.8800048828125,141.2100067138672,130.7393341064453,3138700
2020-01-24,141.85000610351562,141.99000549316406,138.6999969482422,139.07000732421875,128.75804138183594,3183300
2020-01-27,137.33999633789062,139.10000610351562,137.33999633789062,138.30999755859375,128.05433654785156,2826400
2020-01-28,138.69000244140625,139.8800048828125,138.22999572753906,139.25999450683594,128.93394470214844,2649100
2020-01-29,139.50999450683594,141.13999938964844,138.97000122070312,139.9199981689453,129.54501342773438,2815500
2020-01-30,138.17999267578125,143.72000122070312,138.10000610351562,142.6699981689453,132.0911102294922,5243400
2020-01-31,142.85000610351562,142.85000610351562,139.47000122070312,139.63999938964844,129.28573608398438,3913500
2020-02-03,140.52999877929688,141.57000732421875,139.67999267578125,141.0,130.544921875,5137800
2020-02-04,142.3000030517578,144.07000732421875,141.77999877929688,143.44000244140625,132.80401611328125,3177500
2020-02-05,144.77999877929688,147.36000061035156,144.52999877929688,147.35000610351562,136.42408752441406,4060900
2020-02-06,147.74000549316406,147.8699951171875,146.80999755859375,147.3000030517578,136.37782287597656,3285000
2020-02-07,147.22000122070312,147.22000122070312,145.3800048828125,146.41000366210938,135.5537567138672,2670400
2020-02-10,141.5,145.5500030517578,141.1199951171875,145.50999450683594,134.72047424316406,4892100
2020-02-11,145.72999572753906,145.86000061035156,143.17999267578125,144.25,133.55392456054688,2976400
2020-02-12,144.6699981689453,144.89999389648438,143.49000549316406,143.50999450683594,132.86880493164062,3953200
2020-02-13,142.86000061035156,143.74000549316406,141.7899932861328,141.8000030517578,131.96604919433594,3455500
2020-02-14,142.25,142.32000732421875,140.57000732421875,141.1199951171875,131.33323669433594,2273700
2020-02-18,141.02000427246094,141.9600067138672,140.52999877929688,141.00999450683594,131.23085021972656,2858200
2020-02-19,141.6199951171875,141.83999633789062,140.36000061035156,140.8300018310547,131.06332397460938,3082800
2020-02-20,141.6300048828125,142.80999755859375,141.1999969482422,142.0,132.15219116210938,3417000
2020-02-21,141.33999633789062,142.64999389648438,140.3300018310547,142.0399932861328,132.18939208984375,2900900
2020-02-24,139.27999877929688,141.58999633789062,137.8699951171875,138.14999389648438,128.5692138671875,4727400
2020-02-25,138.94000244140625,139.22999572753906,134.6199951171875,135.41000366210938,126.01923370361328,3401600
2020-02-26,136.02999877929688,137.02000427246094,133.30999755859375,133.52999877929688,124.2695770263672,4659000
2020-02-27,133.3300018310547,134.6699981689453,129.0500030517578,129.19000244140625,120.2305908203125,4292800
2020-02-28,126.37999725341795,126.8000030517578,121.51000213623048,126.12999725341795,117.38279724121094,7898300
2020-03-02,127.73999786376952,133.0,126.20999908447266,132.83999633789062,123.62744903564452,7355700
2020-03-03,133.27999877929688,135.64999389648438,128.69000244140625,130.30999755859375,121.27291870117188,6936600
2020-03-04,133.02999877929688,140.86000061035156,133.0,140.3800048828125,130.64451599121094,5301900
2020-03-05,138.3800048828125,141.91000366210938,137.52999877929688,140.14999389648438,130.43051147460938,6882100
2020-03-06,136.1199951171875,142.36000061035156,135.5500030517578,141.4600067138672,131.649658203125,8010700
2020-03-09,134.02000427246094,140.92999267578125,133.30999755859375,135.72000122070312,126.30773162841795,5351300
2020-03-10,139.22999572753906,141.92999267578125,134.72000122070312,141.19000244140625,131.3983917236328,5961200
2020-03-11,139.4600067138672,141.83999633789062,137.38999938964844,140.02000427246094,130.30953979492188,7211800
2020-03-12,130.7899932861328,136.5,125.93000030517578,126.0199966430664,117.2804183959961,7836300
2020-03-13,132.9499969482422,139.3699951171875,128.50999450683594,139.3699951171875,129.70460510253906,6841700
2020-03-16,131.0,138.67999267578125,128.25,129.3800048828125,120.40740966796876,6619700
2020-03-17,133.2100067138672,143.58999633789062,131.10000610351562,143.1999969482422,133.2689971923828,8909200
2020-03-18,136.33999633789062,144.0,134.0800018310547,143.08999633789062,133.16659545898438,6734600
2020-03-19,142.49000549316406,142.97999572753906,131.1199951171875,133.08999633789062,123.8601303100586,6554800
2020-03-20,132.16000366210938,132.25,120.2300033569336,122.4000015258789,113.9114761352539,9113500
2020-03-23,120.9499969482422,126.87999725341795,117.05999755859376,119.0500030517578,110.79383087158205,7299300
2020-03-24,123.23999786376952,124.5999984741211,117.41000366210938,122.88999938964844,114.36750030517578,6827300
2020-03-25,120.12000274658205,126.13999938964844,119.20999908447266,121.94000244140624,113.48338317871094,6472100
2020-03-26,123.29000091552734,135.74000549316406,121.94000244140624,134.35000610351562,125.03277587890624,6723600
2020-03-27,130.64999389648438,137.61000061035156,130.1999969482422,134.11000061035156,124.8093719482422,4717400
2020-03-30,133.8699951171875,141.77000427246094,133.50999450683594,138.44000244140625,128.83909606933594,5057400
2020-03-31,136.9600067138672,142.02000427246094,134.52000427246094,138.72000122070312,129.09971618652344,7560100
2020-04-01,134.0,137.19000244140625,132.97999572753906,136.4199981689453,126.95915222167967,3297900
2020-04-02,135.35000610351562,142.8000030517578,133.02999877929688,142.17999267578125,132.31971740722656,4725000
2020-04-03,140.9199981689453,144.60000610351562,138.4600067138672,139.66000366210938,129.97451782226562,4013200
2020-04-06,142.27000427246094,143.5,140.3000030517578,141.61000061035156,131.7892303466797,4159900
2020-04-07,143.1300048828125,144.8000030517578,140.0500030517578,141.8800048828125,132.04054260253906,3900600
2020-04-08,142.0500030517578,147.25,140.5,146.22000122070312,136.07957458496094,4006600
2020-04-09,144.50999450683594,146.39999389648438,143.5500030517578,145.72999572753906,135.62350463867188,4415300
2020-04-13,144.97000122070312,146.58999633789062,142.8800048828125,144.4199981689453,134.4043426513672,2289000
2020-04-14,147.27999877929688,151.5500030517578,144.0500030517578,151.11000061035156,140.6304168701172,3809600
2020-04-15,148.94000244140625,153.39999389648438,148.50999450683594,151.17999267578125,140.695556640625,3614400
2020-04-16,152.88999938964844,155.58999633789062,152.0,154.72999572753906,143.9994354248047,3512900
2020-04-17,155.4199981689453,157.6699981689453,153.02999877929688,157.2899932861328,146.38182067871094,3709900
2020-04-20,156.6300048828125,160.1999969482422,155.61000061035156,157.7899932861328,146.84716796875,2562200
2020-04-21,155.41000366210938,155.8000030517578,151.41000366210938,152.6699981689453,142.0822296142578,4270200
2020-04-22,154.61000061035156,157.27999877929688,153.57000732421875,156.7100067138672,145.84207153320312,3278000
2020-04-23,157.17999267578125,162.55999755859375,154.0,159.92999267578125,148.8387451171875,5692900
2020-04-24,162.0,164.89999389648438,160.61000061035156,162.92999267578125,151.63070678710938,4414000
2020-04-27,164.0,164.5,160.72000122070312,161.2899932861328,150.10447692871094,3210300
2020-04-28,160.94000244140625,161.97999572753906,156.58999633789062,157.3000030517578,146.39114379882812,3270200
2020-04-29,157.75999450683594,158.02999877929688,154.6699981689453,155.16000366210938,144.39955139160156,3240700
2020-04-30,155.1999969482422,156.97999572753906,153.27999877929688,154.63999938964844,143.91561889648438,4175800
2020-05-01,153.72000122070312,154.60000610351562,151.57000732421875,153.6300048828125,142.97567749023438,2576400
2020-05-04,154.64999389648438,156.0,151.25999450683594,153.27999877929688,142.6499481201172,2228500
2020-05-05,153.8000030517578,159.22000122070312,152.75,157.88999938964844,146.94021606445312,2862600
2020-05-06,158.4600067138672,158.94000244140625,156.35000610351562,156.67999267578125,145.81414794921875,1964800
2020-05-07,157.5,157.69000244140625,152.72000122070312,152.97000122070312,142.36141967773438,2330600
2020-05-08,154.1999969482422,154.4199981689453,152.5500030517578,153.50999450683594,142.86398315429688,1966600
2020-05-11,153.47000122070312,159.47000122070312,153.0800018310547,158.5500030517578,147.55445861816406,3196200
2020-05-12,159.8699951171875,161.39999389648438,157.58999633789062,157.72000122070312,146.78207397460938,2329400
2020-05-13,157.02999877929688,159.35000610351562,156.0399932861328,157.92999267578125,146.97743225097656,2650000
2020-05-14,155.94000244140625,158.9499969482422,153.80999755859375,158.3800048828125,148.0901641845703,2393900
2020-05-15,158.6300048828125,159.50999450683594,156.02999877929688,159.22999572753906,148.88491821289062,2824500
2020-05-18,161.33999633789062,162.3699951171875,157.11000061035156,157.9600067138672,147.69744873046875,2703700
2020-05-19,156.85000610351562,159.1300048828125,155.27999877929688,156.6999969482422,146.519287109375,2339400
2020-05-20,155.27000427246094,157.42999267578125,151.61000061035156,153.1300048828125,143.18124389648438,3780800
2020-05-21,153.14999389648438,153.14999389648438,149.72000122070312,152.27999877929688,142.3864288330078,3049800
2020-05-22,152.22000122070312,152.55999755859375,150.1699981689453,151.16000366210938,141.33921813964844,2355000
2020-05-26,151.11000061035156,151.75999450683594,147.16000366210938,147.9600067138672,138.34713745117188,5013400
2020-05-27,148.1699981689453,148.1699981689453,143.6199951171875,145.6999969482422,136.23390197753906,5376100
2020-05-28,147.42999267578125,152.10000610351562,146.50999450683594,150.64999389648438,140.86231994628906,3982700
2020-05-29,151.66000366210938,153.63999938964844,149.94000244140625,152.9499969482422,143.01292419433594,9466300
2020-06-01,154.47000122070312,154.99000549316406,150.88999938964844,152.4499969482422,142.54542541503906,5233800
2020-06-02,152.0800018310547,154.0800018310547,151.0399932861328,153.86000061035156,143.86380004882812,3269400
2020-06-03,153.33999633789062,154.38999938964844,150.85000610351562,152.52999877929688,142.62022399902344,3190300
2020-06-04,152.2100067138672,153.5399932861328,149.7100067138672,150.7100067138672,140.91848754882812,3328700
2020-06-05,149.6999969482422,151.75999450683594,148.33999633789062,149.2100067138672,139.5159454345703,4578800
2020-06-08,146.75,149.25,146.52000427246094,149.2100067138672,139.5159454345703,4076400
2020-06-09,149.75,151.75,149.11000061035156,149.1300048828125,139.441162109375,4302100
2020-06-10,149.9600067138672,152.39999389648438,149.83999633789062,151.0,141.18960571289062,4940200
2020-06-11,151.85000610351562,152.24000549316406,143.0500030517578,144.0800018310547,134.7191925048828,4547400
2020-06-12,145.5399932861328,146.3800048828125,141.47000122070312,143.5399932861328,134.2142791748047,3973200
2020-06-15,142.0,142.89999389648438,139.67999267578125,141.52000427246094,132.3255615234375,3709900
2020-06-16,156.32000732421875,167.42999267578125,155.0,163.7100067138672,153.0738983154297,15029300
2020-06-17,164.22999572753906,164.36000061035156,159.39999389648438,159.97000122070312,149.57684326171875,4711200
2020-06-18,159.1999969482422,162.97000122070312,158.1999969482422,161.07000732421875,150.60540771484375,3631600
2020-06-19,162.22999572753906,162.47999572753906,158.25999450683594,159.94000244140625,149.54876708984375,6004900
2020-06-22,159.17999267578125,161.47999572753906,158.9199981689453,160.4499969482422,150.02561950683594,2647300
2020-06-23,160.88999938964844,162.8699951171875,158.9499969482422,159.33999633789062,148.98776245117188,2771500
2020-06-24,158.5500030517578,159.7899932861328,156.3300018310547,157.02999877929688,146.82781982421875,3096000
2020-06-25,157.63999938964844,163.38999938964844,156.7100067138672,162.86000061035156,152.2790985107422,3735400
2020-06-26,162.3300018310547,163.7899932861328,160.17999267578125,162.8300018310547,152.25103759765625,5290400
2020-06-29,163.85000610351562,164.2100067138672,161.02999877929688,162.72000122070312,152.14817810058594,2640300
2020-06-30,163.11000061035156,165.1699981689453,162.3000030517578,164.17999267578125,153.51333618164062,3296300
2020-07-01,164.32000732421875,165.47000122070312,162.52000427246094,163.3000030517578,152.6904754638672,2065100
2020-07-02,164.07000732421875,164.77000427246094,162.3699951171875,163.8699951171875,153.2234649658203,1960200
2020-07-06,164.4600067138672,168.9199981689453,164.00999450683594,166.88999938964844,156.0472412109375,2760100
2020-07-07,166.1199951171875,168.3800048828125,165.27000427246094,166.75,155.9163360595703,3273300
2020-07-08,166.83999633789062,169.82000732421875,166.83999633789062,169.1300048828125,158.14170837402344,2781800
2020-07-09,169.8800048828125,170.75,163.7100067138672,166.4499969482422,155.63583374023438,2955200
2020-07-10,166.13999938964844,166.13999938964844,162.74000549316406,163.36000061035156,152.74661254882812,2245100
2020-07-13,164.61000061035156,167.0,161.0399932861328,162.0800018310547,151.54977416992188,3455600
2020-07-14,162.8800048828125,164.77000427246094,161.52999877929688,163.8800048828125,153.2328338623047,2642900
2020-07-15,165.19000244140625,166.47999572753906,163.89999389648438,165.4499969482422,154.70079040527344,2346200
2020-07-16,164.9499969482422,165.44000244140625,162.60000610351562,165.0,154.280029296875,1486800
2020-07-17,166.0399932861328,167.25999450683594,165.11000061035156,165.9600067138672,155.1776580810547,2935800
2020-07-20,166.49000549316406,167.7100067138672,165.72999572753906,167.0399932861328,156.18748474121094,1806200
2020-07-21,166.8699951171875,167.22999572753906,164.75999450683594,165.3000030517578,154.56057739257812,1540700
2020-07-22,165.5399932861328,165.85000610351562,162.3300018310547,164.83999633789062,154.1304473876953,1686500
2020-07-23,165.25999450683594,165.4600067138672,160.7899932861328,161.52000427246094,151.026123046875,2408800
2020-07-24,161.47000122070312,161.47000122070312,158.4499969482422,159.5399932861328,149.17477416992188,2247900
2020-07-27,159.60000610351562,161.74000549316406,158.58999633789062,160.5,150.07240295410156,2709700
2020-07-28,161.6699981689453,165.41000366210938,161.35000610351562,162.64999389648438,152.08273315429688,3483100
2020-07-29,162.52999877929688,163.02999877929688,161.10000610351562,161.75,151.24122619628906,3108900
2020-07-30,158.4499969482422,158.5,150.4499969482422,153.0,143.0596923828125,6638100
2020-07-31,153.1300048828125,153.33999633789062,148.74000549316406,150.2899932861328,140.5257110595703,5342700
2020-08-03,152.8000030517578,153.85000610351562,151.22000122070312,152.83999633789062,142.91009521484375,3615000
2020-08-04,153.3800048828125,156.0,153.08999633789062,154.85000610351562,144.78948974609375,3260000
2020-08-05,157.30999755859375,157.49000549316406,153.3000030517578,154.33999633789062,144.3126220703125,2386400
2020-08-06,153.85000610351562,155.5,151.0,152.8800048828125,142.94747924804688,2176200
2020-08-07,152.9600067138672,153.5,151.5800018310547,152.92999267578125,142.99423217773438,2017100
2020-08-10,152.92999267578125,153.49000549316406,151.52999877929688,153.0,143.0596923828125,1745200
2020-08-11,153.13999938964844,153.13999938964844,150.1999969482422,150.6300048828125,140.8436279296875,2103400
2020-08-12,150.7899932861328,153.1699981689453,150.60000610351562,152.5500030517578,142.63888549804688,2430400
2020-08-13,150.82000732421875,151.69000244140625,149.7899932861328,150.4600067138672,141.37049865722656,2077700
2020-08-14,149.8000030517578,151.69000244140625,149.14999389648438,150.08999633789062,141.0228271484375,1538000
2020-08-17,150.9199981689453,152.6999969482422,150.36000061035156,151.52999877929688,142.3758087158203,2704700
2020-08-18,152.14999389648438,153.14999389648438,151.14999389648438,153.11000061035156,143.86036682128906,1959700
2020-08-19,153.80999755859375,154.41000366210938,152.00999450683594,152.2899932861328,143.08990478515625,1938800
2020-08-20,152.5500030517578,152.85000610351562,150.85000610351562,151.33999633789062,142.19729614257812,1830200
2020-08-21,151.33999633789062,151.35000610351562,147.9499969482422,149.25999450683594,140.24298095703125,3112000
2020-08-24,150.0500030517578,150.39999389648438,148.25,149.52000427246094,140.4873046875,2268400
2020-08-25,150.36000061035156,151.30999755859375,149.30999755859375,149.67999267578125,140.6375732421875,2216100
2020-08-26,149.19000244140625,149.4600067138672,147.41000366210938,149.25999450683594,140.24298095703125,3029700
2020-08-27,150.5800018310547,150.94000244140625,148.94000244140625,148.97000122070312,139.97055053710938,3146100
2020-08-28,148.83999633789062,149.14999389648438,146.97999572753906,147.33999633789062,138.43894958496094,2102600
2020-08-31,147.35000610351562,148.7899932861328,147.02999877929688,148.38999938964844,139.425537109375,4430700
2020-09-01,148.61000061035156,149.1999969482422,146.64999389648438,147.3000030517578,138.4013671875,2358700
2020-09-02,146.7899932861328,150.0,146.50999450683594,149.5500030517578,140.5154266357422,2406800
2020-09-03,152.19000244140625,153.3699951171875,147.4600067138672,149.02000427246094,140.0174560546875,4226100
2020-09-04,148.77000427246094,152.5800018310547,147.9499969482422,150.91000366210938,141.7932891845703,4361800
2020-09-08,150.9499969482422,151.30999755859375,148.5,149.30999755859375,140.2899627685547,4351200
2020-09-09,150.6199951171875,154.1199951171875,150.30999755859375,151.97000122070312,142.78921508789062,2328500
2020-09-10,149.8800048828125,150.60000610351562,145.72000122070312,146.22000122070312,137.3866424560547,3961300
2020-09-11,147.55999755859375,149.19000244140625,146.8800048828125,148.08999633789062,139.14364624023438,3001400
2020-09-14,149.08999633789062,150.50999450683594,147.47000122070312,149.0,139.99867248535156,3072500
2020-09-15,149.9600067138672,151.8699951171875,149.4199981689453,150.0800018310547,141.01344299316406,2923500
2020-09-16,151.72000122070312,152.67999267578125,150.7899932861328,150.9600067138672,141.84027099609375,3618800
2020-09-17,150.1300048828125,152.67999267578125,149.4600067138672,152.47000122070312,143.25904846191406,3620700
2020-09-18,152.0399932861328,154.5,152.0399932861328,154.1699981689453,144.85638427734375,13209800
2020-09-21,153.1699981689453,153.66000366210938,149.05999755859375,151.17999267578125,142.04696655273438,3501600
2020-09-22,150.91000366210938,151.57000732421875,149.14999389648438,149.86000061035156,140.80673217773438,2926400
2020-09-23,150.0500030517578,151.58999633789062,148.6999969482422,149.80999755859375,140.75973510742188,3545700
2020-09-24,149.25999450683594,149.66000366210938,147.3699951171875,148.80999755859375,139.8201446533203,3424200
2020-09-25,148.38999938964844,150.39999389648438,147.85000610351562,150.25999450683594,141.18255615234375,2440600
2020-09-28,151.0,151.5800018310547,147.89999389648438,148.10000610351562,139.15309143066406,2427100
2020-09-29,147.97999572753906,148.44000244140625,145.92999267578125,146.25999450683594,137.42417907714844,3308300
2020-09-30,146.39999389648438,148.4499969482422,145.05999755859375,148.02000427246094,139.07786560058594,5083900
2020-10-01,148.3300018310547,148.7100067138672,144.05999755859375,144.2899932861328,135.5731964111328,3809200
2020-10-02,143.6699981689453,146.94000244140625,143.27000427246094,145.2100067138672,136.4376678466797,3880000
2020-10-05,145.07000732421875,147.47000122070312,144.17999267578125,146.6300048828125,137.77183532714844,2790600
2020-10-06,146.92999267578125,147.8300018310547,143.92999267578125,144.1300048828125,135.42288208007812,2409200
2020-10-07,148.52000427246094,149.88999938964844,146.85000610351562,148.9600067138672,139.9611053466797,4602800
2020-10-08,152.39999389648438,153.94000244140625,150.5,153.5,144.22679138183594,4686100
2020-10-09,154.08999633789062,157.14999389648438,154.07000732421875,156.8800048828125,147.40260314941406,4590600
2020-10-12,156.8300018310547,157.14999389648438,154.4199981689453,154.49000549316406,145.1570281982422,3242700
2020-10-13,153.0,154.3300018310547,148.5500030517578,150.0800018310547,141.01344299316406,5963900
2020-10-14,150.3800048828125,150.60000610351562,147.7100067138672,148.4600067138672,139.49130249023438,2710200
2020-10-15,146.50999450683594,146.91000366210938,145.3800048828125,146.77999877929688,137.9127960205078,3785900
2020-10-16,147.11000061035156,148.3800048828125,146.0,146.1199951171875,137.29263305664062,2918900
2020-10-19,147.0,147.41000366210938,142.2100067138672,142.8000030517578,134.1732177734375,3158900
2020-10-20,143.36000061035156,144.1199951171875,142.11000061035156,143.58999633789062,134.91551208496094,2188700
2020-10-21,142.2899932861328,143.3300018310547,141.2100067138672,141.30999755859375,132.7732391357422,1983700
2020-10-22,141.52999877929688,142.25999450683594,140.8000030517578,141.64999389648438,133.0926971435547,3056600
2020-10-23,142.24000549316406,144.6999969482422,141.72000122070312,142.3800048828125,133.7786102294922,2427200
2020-10-26,141.89999389648438,142.2899932861328,140.0500030517578,141.6999969482422,133.13966369628906,2947100
2020-10-27,133.02000427246094,136.0800018310547,131.8699951171875,131.89999389648438,123.9316864013672,11374600
2020-10-28,130.4600067138672,134.10000610351562,130.30999755859375,131.30999755859375,123.37734985351562,6188000
2020-10-29,132.0,133.1300048828125,130.3800048828125,132.5500030517578,124.54248046875,4099900
2020-10-30,131.75999450683594,133.10000610351562,129.2100067138672,130.4600067138672,122.57870483398438,4335300
2020-11-02,132.5399932861328,133.9499969482422,129.99000549316406,131.6300048828125,123.67803192138672,3449500
2020-11-03,133.63999938964844,134.07000732421875,130.6999969482422,130.97999572753906,123.0672836303711,3628400
2020-11-04,134.91000366210938,151.97999572753906,134.91000366210938,148.58999633789062,139.61341857910156,12211700
2020-11-05,147.67999267578125,148.80999755859375,144.6999969482422,145.52000427246094,136.72894287109375,5731000
2020-11-06,145.0500030517578,147.38999938964844,139.10000610351562,142.74000549316406,134.1168670654297,6229800
2020-11-09,142.5399932861328,144.75,140.60000610351562,142.3300018310547,133.73162841796875,5493800
2020-11-10,147.60000610351562,149.1999969482422,143.7899932861328,146.55999755859375,137.7060546875,5377000
2020-11-11,147.75999450683594,147.75999450683594,143.3699951171875,144.75999450683594,136.01480102539062,3046800
2020-11-12,142.92999267578125,143.4600067138672,139.86000061035156,141.02999877929688,133.1910400390625,3463400
2020-11-13,142.42999267578125,143.2100067138672,141.32000732421875,142.3800048828125,134.4659423828125,2142700
2020-11-16,143.05999755859375,144.3000030517578,140.0,140.58999633789062,132.77548217773438,4957600
2020-11-17,139.57000732421875,141.9600067138672,138.61000061035156,141.1999969482422,133.3515625,3619200
2020-11-18,141.89999389648438,142.4199981689453,140.1300048828125,140.1699981689453,132.3788299560547,2795100
2020-11-19,140.25,143.88999938964844,138.9199981689453,143.41000366210938,135.43875122070312,4626100
2020-11-20,142.83999633789062,147.08999633789062,142.83999633789062,145.49000549316406,137.4031219482422,5063800
2020-11-23,145.5399932861328,145.6199951171875,141.16000366210938,143.3800048828125,135.41043090820312,3794200
2020-11-24,143.38999938964844,145.63999938964844,143.11000061035156,144.89999389648438,136.8459014892578,4127000
2020-11-25,144.89999389648438,145.33999633789062,142.61000061035156,144.75,136.7042236328125,3223700
2020-11-27,145.64999389648438,147.9199981689453,145.36000061035156,147.44000244140625,139.24473571777344,1754000
2020-11-30,146.33999633789062,148.1699981689453,144.89999389648438,145.64999389648438,137.55422973632812,5842200
2020-12-01,146.69000244140625,148.05999755859375,145.25999450683594,145.55999755859375,137.46925354003906,3954400
2020-12-02,145.36000061035156,147.08999633789062,144.3800048828125,145.16000366210938,137.09146118164062,3757400
2020-12-03,145.6999969482422,146.5,143.1300048828125,144.11000061035156,136.09982299804688,4059600
2020-12-04,144.07000732421875,148.72000122070312,144.0,148.4499969482422,140.19859313964844,3058600
2020-12-07,147.3000030517578,148.3300018310547,146.47999572753906,147.4199981689453,139.22579956054688,2637200
2020-12-08,146.97999572753906,150.13999938964844,146.91000366210938,149.3000030517578,141.00131225585938,2754400
2020-12-09,154.58999633789062,158.94000244140625,153.67999267578125,158.0,149.21775817871094,8364400
2020-12-10,159.8699951171875,162.0,158.17999267578125,161.0,152.05099487304688,6430600
2020-12-11,159.72000122070312,161.17999267578125,159.05999755859375,160.0399932861328,151.1443328857422,3441900
2020-12-14,160.69000244140625,162.2899932861328,157.8300018310547,157.91000366210938,149.1327667236328,4390100
2020-12-15,159.42999267578125,168.22999572753906,158.0500030517578,167.42999267578125,158.1235809326172,6974300
2020-12-16,169.69000244140625,173.19000244140625,166.75,172.0500030517578,162.48683166503906,6009900
2020-12-17,171.72999572753906,173.89999389648438,171.10000610351562,172.6300048828125,163.03456115722656,3521100
2020-12-18,172.52000427246094,172.88999938964844,169.0,171.39999389648438,161.87294006347656,7356400
2020-12-21,168.8800048828125,169.0,165.8000030517578,168.77999877929688,159.39854431152344,3655900
2020-12-22,167.7100067138672,168.38999938964844,165.8699951171875,166.72000122070312,157.45306396484375,2447900
2020-12-23,167.4499969482422,168.0,165.47000122070312,165.47999572753906,156.281982421875,1697300
2020-12-24,165.85000610351562,167.94000244140625,165.85000610351562,166.66000366210938,157.39645385742188,627200
2020-12-28,167.2100067138672,167.60000610351562,165.2100067138672,166.5,157.24530029296875,1482000
2020-12-29,166.6300048828125,167.75,165.91000366210938,166.5800018310547,157.32086181640625,1712000
2020-12-30,167.44000244140625,168.38999938964844,166.67999267578125,167.00999450683594,157.7269287109375,1413300
2020-12-31,167.07000732421875,169.13999938964844,166.2899932861328,168.83999633789062,159.4552459716797,1643600
2021-01-04,169.02000427246094,169.47999572753906,163.10000610351562,165.5,156.30088806152344,3164800
2021-01-05,165.19000244140625,166.66000366210938,163.1999969482422,166.32000732421875,157.07533264160156,2322600
2021-01-06,162.97999572753906,167.27999877929688,162.97000122070312,164.32000732421875,155.18646240234375,3619700
2021-01-07,164.17999267578125,167.1199951171875,161.77999877929688,165.8300018310547,156.612548828125,3025500
2021-01-08,166.22000122070312,166.86000061035156,164.63999938964844,166.41000366210938,157.16030883789062,3438100
2021-01-11,185.0,189.3000030517578,182.0200042724609,185.94000244140625,175.60475158691406,11396500
2021-01-12,182.7899932861328,184.2400054931641,177.44000244140625,178.8000030517578,168.86163330078125,7179300
2021-01-13,179.8300018310547,187.6199951171875,179.33999633789062,185.5,175.18919372558594,7303900
2021-01-14,185.2700042724609,188.9600067138672,184.5800018310547,186.69000244140625,176.31307983398438,4413200
2021-01-15,186.8000030517578,191.77999877929688,186.8000030517578,190.7700042724609,180.1662750244141,6624600
2021-01-19,196.0,199.5200042724609,194.07000732421875,198.47999572753903,187.4477081298828,7729100
2021-01-20,198.7700042724609,201.7700042724609,198.67999267578125,201.259994506836,190.07321166992188,5335800
2021-01-21,203.6999969482422,204.72000122070312,198.009994506836,202.3500061035156,191.1026153564453,8698800
2021-01-22,202.0399932861328,206.5399932861328,200.5599975585937,206.13999938964844,194.68191528320312,6128800
2021-01-25,208.2400054931641,212.52999877929688,208.08999633789065,212.3500061035156,200.5468139648437,5959100
2021-01-26,212.5500030517578,213.22999572753903,210.6000061035156,212.72000122070312,200.8961944580078,6601500
2021-01-27,211.07000732421875,212.0200042724609,205.1000061035156,207.57000732421875,196.0324859619141,7358000
2021-01-28,208.0,211.83999633789065,207.57000732421875,210.1199951171875,198.44070434570312,5460400
2021-01-29,211.9600067138672,218.0,204.4600067138672,207.97000122070312,196.4102325439453,8401700
2021-02-01,209.4600067138672,209.88999938964844,203.1000061035156,203.13999938964844,191.84869384765625,5383800
2021-02-02,204.3800048828125,205.8999938964844,197.3500061035156,197.5599975585937,186.5788726806641,5314600
2021-02-03,197.8099975585937,200.58999633789065,196.88999938964844,196.9600067138672,186.01226806640625,3679000
2021-02-04,196.8099975585937,201.8800048828125,195.63999938964844,201.6199951171875,190.4131774902344,2924300
2021-02-05,201.6199951171875,202.9199981689453,200.8500061035156,201.7700042724609,190.5548095703125,2732200
2021-02-08,202.3800048828125,206.42999267578125,201.91000366210932,205.7700042724609,194.33251953125,2909300
2021-02-09,203.75,204.9499969482422,200.32000732421875,201.7100067138672,190.4982147216797,2661300
2021-02-10,204.47000122070312,205.5500030517578,201.63999938964844,204.38999938964844,193.0292205810547,3062700
2021-02-11,202.8699951171875,204.17999267578125,201.6199951171875,202.5800018310547,192.1187896728516,3544700
2021-02-12,201.6499938964844,208.22000122070312,201.1499938964844,207.2899932861328,196.58555603027344,2611300
2021-02-16,205.97999572753903,207.4900054931641,203.6100006103516,205.759994506836,195.1345977783203,2741900
2021-02-17,205.009994506836,206.69000244140625,204.2700042724609,206.4600067138672,195.79844665527344,3329900
2021-02-18,205.3000030517578,205.4199981689453,200.9499969482422,201.1199951171875,190.73419189453125,3919400
2021-02-19,201.1300048828125,202.8800048828125,200.3300018310547,200.9199981689453,190.5445251464844,3434900
2021-02-22,199.17999267578125,201.6100006103516,197.9600067138672,200.67999267578125,190.31690979003903,2263600
2021-02-23,200.3099975585937,204.3099975585937,198.67999267578125,202.47999572753903,192.02395629882807,3287700
2021-02-24,201.6699981689453,206.4600067138672,201.6300048828125,204.5200042724609,193.95864868164065,2848800
2021-02-25,203.57000732421875,205.5500030517578,201.75,203.82000732421875,193.29481506347656,2386700
2021-02-26,206.6999969482422,206.9900054931641,202.0599975585937,204.88999938964844,194.30953979492188,3887900
2021-03-01,205.77999877929688,208.2400054931641,204.77999877929688,206.47000122070312,195.8079376220703,2797400
2021-03-02,208.88999938964844,209.9499969482422,204.1000061035156,204.13999938964844,193.5982360839844,3445300
2021-03-03,203.3699951171875,204.3099975585937,199.7100067138672,202.0,191.56874084472656,3660300
2021-03-04,203.7899932861328,204.7400054931641,198.6100006103516,200.5399932861328,190.1841735839844,4308400
2021-03-05,201.0200042724609,207.6699981689453,200.8800048828125,206.9199981689453,196.23464965820312,3875900
2021-03-08,207.0,210.88999938964844,206.32000732421875,207.02999877929688,196.33897399902344,3300300
2021-03-09,208.33999633789065,212.16000366210932,206.0599975585937,206.1100006103516,195.46658325195312,4227300
2021-03-10,206.88999938964844,208.0399932861328,204.38999938964844,205.4499969482422,194.84060668945312,3400200
2021-03-11,206.509994506836,207.25,204.2700042724609,205.2100067138672,194.6129913330078,4037300
2021-03-12,204.88999938964844,208.4600067138672,202.27999877929688,208.0800018310547,197.3347625732422,4541400
2021-03-15,193.009994506836,193.17999267578125,188.1999969482422,189.16000366210932,179.39183044433594,12388500
2021-03-16,191.5399932861328,191.6199951171875,187.22999572753903,190.8999938964844,181.0419769287109,6194200
2021-03-17,189.72999572753903,189.8300018310547,186.5599975585937,186.72999572753903,177.08729553222656,5134200
2021-03-18,186.0200042724609,187.08999633789065,183.8000030517578,183.92999267578125,174.43185424804688,4240000
2021-03-19,184.6999969482422,185.8000030517578,183.8800048828125,184.2899932861328,174.7733154296875,6048600
2021-03-22,184.0500030517578,185.91000366210932,183.1999969482422,185.83999633789065,176.24325561523438,2666600
2021-03-23,185.3500061035156,186.66000366210932,183.25,183.67999267578125,174.1947784423828,3284700
2021-03-24,183.6999969482422,183.83999633789065,179.82000732421875,180.1699981689453,170.8660430908203,3931500
2021-03-25,181.0,183.63999938964844,180.22000122070312,183.08999633789065,173.63528442382812,2630500
2021-03-26,184.0500030517578,185.91000366210932,182.6300048828125,185.3099975585937,175.7406005859375,2868200
2021-03-29,184.66000366210932,187.6699981689453,183.509994506836,186.33999633789065,176.71742248535156,3002600
2021-03-30,185.52999877929688,186.8600006103516,184.7100067138672,185.5,175.92080688476562,2523600
2021-03-31,185.57000732421875,187.94000244140625,185.259994506836,186.82000732421875,177.17263793945312,3621300
2021-04-01,186.82000732421875,188.07000732421875,184.66000366210932,185.2400054931641,175.6742706298828,2340400
2021-04-05,185.58999633789065,185.8999938964844,183.1000061035156,184.88999938964844,175.34231567382812,2864800
2021-04-06,184.69000244140625,185.6300048828125,182.4900054931641,182.8000030517578,173.36024475097656,2488400
2021-04-07,182.8999938964844,183.17999267578125,181.22000122070312,182.32000732421875,172.90499877929688,3406600
2021-04-08,182.9499969482422,183.97000122070312,182.47000122070312,182.6100006103516,173.18008422851562,2393200
2021-04-09,182.52999877929688,185.13999938964844,182.41000366210932,184.4900054931641,174.96299743652344,2611200
2021-04-12,183.42999267578125,183.94000244140625,180.8800048828125,181.82000732421875,172.4308319091797,2876100
2021-04-13,181.17999267578125,183.63999938964844,181.17999267578125,182.52999877929688,173.10418701171875,3089100
2021-04-14,182.58999633789065,184.47000122070312,182.0500030517578,183.0,173.5499267578125,2002100
2021-04-15,183.7899932861328,187.72000122070312,183.41000366210932,185.9199981689453,176.31912231445312,2586600
2021-04-16,187.3800048828125,190.3000030517578,186.8800048828125,189.25,179.4771728515625,3731800
2021-04-19,189.2400054931641,190.8800048828125,188.07000732421875,189.63999938964844,179.8470458984375,2966400
2021-04-20,190.41000366210932,193.5,190.1699981689453,190.6100006103516,180.76695251464844,2460900
2021-04-21,191.5599975585937,193.009994506836,189.8000030517578,190.9499969482422,181.08937072753903,2219800
2021-04-22,190.0,191.2700042724609,186.75,187.0500030517578,177.3907470703125,2982600
2021-04-23,187.02999877929688,189.1300048828125,187.02999877929688,188.72000122070312,178.97454833984375,2482800
2021-04-26,188.57000732421875,188.6499938964844,186.0599975585937,187.22000122070312,177.55198669433594,2797500
2021-04-27,184.0,185.8699951171875,180.7899932861328,182.2100067138672,172.80072021484375,6838700
2021-04-28,181.4499969482422,182.0,178.5800018310547,180.5500030517578,171.22650146484375,4682800
2021-04-29,181.0599975585937,182.6300048828125,180.0,182.1999969482422,172.79122924804688,2432500
2021-04-30,181.83999633789065,183.9499969482422,181.19000244140625,182.7700042724609,173.331787109375,3103900
2021-05-03,182.9900054931641,186.3500061035156,182.9199981689453,185.9199981689453,176.31912231445312,3197000
2021-05-04,187.52999877929688,190.0800018310547,186.77999877929688,188.1999969482422,178.48138427734375,3703500
2021-05-05,188.6499938964844,193.57000732421875,188.1699981689453,192.8099975585937,182.8533172607422,4274400
2021-05-06,191.5500030517578,194.1000061035156,189.32000732421875,193.88999938964844,183.8775634765625,3101600
2021-05-07,194.82000732421875,196.2700042724609,193.8999938964844,195.4199981689453,185.3285522460937,2526700
2021-05-10,196.1699981689453,196.6100006103516,193.5,194.759994506836,184.7026214599609,2242000
2021-05-11,193.38999938964844,195.75,193.009994506836,194.75,184.6931304931641,1850200
2021-05-12,194.75,195.6499938964844,192.72999572753903,193.1999969482422,183.22315979003903,2397400
2021-05-13,192.25,196.1100006103516,191.75,194.94000244140625,185.6902618408203,2174300
2021-05-14,195.7100067138672,197.2700042724609,194.9199981689453,196.2100067138672,186.9000701904297,1823700
2021-05-17,196.47999572753903,199.6100006103516,195.08999633789065,195.52999877929688,186.25230407714844,2466000
2021-05-18,195.0,196.3500061035156,193.5800018310547,194.6300048828125,185.3950042724609,2369400
2021-05-19,193.6100006103516,197.38999938964844,193.1100006103516,196.509994506836,187.185791015625,3070500
2021-05-20,197.16000366210932,201.0800018310547,196.1699981689453,199.52999877929688,190.0625,3494400
2021-05-21,200.0,201.9199981689453,199.47000122070312,199.8800048828125,190.3959503173828,2579000
2021-05-24,201.0,203.6199951171875,200.0399932861328,201.0200042724609,191.4818115234375,2074900
2021-05-25,201.42999267578125,201.8500061035156,199.13999938964844,199.22000122070312,189.7672271728516,2919100
2021-05-26,199.22999572753903,202.44000244140625,198.25,200.9900054931641,191.4532012939453,2891300
2021-05-27,200.6499938964844,201.3800048828125,195.5,199.1999969482422,189.74815368652344,9340300
2021-05-28,199.1199951171875,202.27999877929688,198.52999877929688,199.7400054931641,190.26254272460932,2386000
2021-06-01,200.32000732421875,200.88999938964844,196.67999267578125,198.4199981689453,189.0051422119141,3070200
2021-06-02,199.009994506836,200.9199981689453,198.25,199.1300048828125,189.68145751953125,2030300
2021-06-03,198.9900054931641,203.63999938964844,198.6100006103516,202.6999969482422,193.08209228515625,3066600
2021-06-04,202.7899932861328,204.4499969482422,201.2899932861328,202.0200042724609,192.43435668945312,2817700
2021-06-07,201.9900054931641,233.3300018310547,201.8300018310547,222.5200042724609,211.9616851806641,17231400
2021-06-08,221.7100067138672,222.2700042724609,217.3699951171875,220.6999969482422,210.2280120849609,4618500
2021-06-09,221.3500061035156,226.72999572753903,220.259994506836,226.0,215.2765350341797,4934900
2021-06-10,226.97000122070312,235.8500061035156,226.25,233.5399932861328,222.4587554931641,5598200
2021-06-11,227.02999877929688,229.58999633789065,221.5599975585937,224.08999633789065,213.45718383789065,5636000
2021-06-14,224.22999572753903,226.66000366210932,223.0200042724609,226.1000061035156,215.37179565429688,2720700
2021-06-15,226.1000061035156,226.66000366210932,222.8699951171875,223.5200042724609,212.9141998291016,2188900
2021-06-16,223.52999877929688,224.3600006103516,220.1999969482422,220.759994506836,210.28515625,2548800
2021-06-17,220.2700042724609,223.1000061035156,220.2700042724609,222.2100067138672,211.66635131835932,1890700
2021-06-18,220.42999267578125,221.0500030517578,218.32000732421875,218.5500030517578,208.18002319335932,4016600
2021-06-21,219.1000061035156,223.7700042724609,218.0800018310547,222.6699981689453,212.10455322265625,3671300
2021-06-22,222.6300048828125,223.6100006103516,220.509994506836,221.44000244140625,210.93292236328125,1658800
2021-06-23,222.19000244140625,222.2400054931641,217.0,217.1000061035156,206.79884338378903,2419600
2021-06-24,234.9199981689453,239.3699951171875,230.4199981689453,232.97000122070312,221.9158172607422,12290500
2021-06-25,233.1199951171875,233.4900054931641,229.38999938964844,230.22000122070312,219.2962951660156,6992200
2021-06-28,229.0,229.8800048828125,226.8800048828125,228.22000122070312,217.3911895751953,2507500
2021-06-29,228.25,231.3999938964844,227.8500061035156,229.3699951171875,218.4866485595703,1621200
2021-06-30,230.08999633789065,230.8500061035156,229.0599975585937,229.5200042724609,218.6295166015625,1786700
2021-07-01,229.509994506836,231.5,228.66000366210932,231.1300048828125,220.1631317138672,1977300
2021-07-02,231.97000122070312,234.2100067138672,231.3300018310547,233.9600067138672,222.85885620117188,1994000
2021-07-06,233.6300048828125,235.5800018310547,233.22999572753903,235.4199981689453,224.2495574951172,3125400
2021-07-07,234.67999267578125,236.58999633789065,233.4600067138672,235.82000732421875,224.6305694580078,3141500
2021-07-08,233.8300018310547,237.2700042724609,232.1000061035156,237.1199951171875,225.86892700195312,2431500
2021-07-09,237.1699981689453,238.47000122070312,232.75,234.9900054931641,223.8399353027344,4030100
2021-07-12,235.1699981689453,238.0,235.1499938964844,236.009994506836,224.81153869628903,2928600
2021-07-13,235.97999572753903,236.6499938964844,234.02999877929688,235.3000030517578,224.13525390625,1974000
2021-07-14,235.7899932861328,237.22999572753903,234.72999572753903,236.3500061035156,225.13540649414065,2103400
2021-07-15,235.009994506836,235.9900054931641,230.69000244140625,231.47000122070312,220.4869537353516,3611200
2021-07-16,232.5,233.0399932861328,231.2100067138672,232.4600067138672,221.43002319335932,2229100
2021-07-19,231.8800048828125,234.3000030517578,230.57000732421875,234.13999938964844,223.03028869628903,2305600
2021-07-20,235.0,237.75,233.94000244140625,235.0200042724609,223.8685607910156,2297800
2021-07-21,236.3800048828125,237.3699951171875,233.58999633789065,237.2899932861328,226.0308380126953,1651500
2021-07-22,237.27999877929688,239.6999969482422,236.3699951171875,238.4900054931641,227.17388916015625,1703500
2021-07-23,239.27999877929688,244.5500030517578,238.5599975585937,244.1499938964844,232.5653533935547,2448100
2021-07-26,242.57000732421875,245.27999877929688,242.57000732421875,243.2100067138672,231.66993713378903,2678800
2021-07-27,243.7100067138672,244.0599975585937,242.66000366210932,243.5800018310547,232.0223693847656,2116500
2021-07-28,243.3699951171875,248.3999938964844,242.63999938964844,246.509994506836,234.8133544921875,1688000
2021-07-29,247.5,248.2400054931641,242.2400054931641,245.3300018310547,233.6893310546875,1924100
2021-07-30,244.8999938964844,245.9499969482422,242.6300048828125,243.5,231.94618225097656,1905100
2021-08-02,245.72999572753903,247.88999938964844,244.25,246.6000061035156,234.89907836914065,1958900
2021-08-03,244.75,259.3699951171875,243.5,255.9900054931641,243.84353637695312,5406200
2021-08-04,256.0,270.6499938964844,255.4199981689453,262.4700012207031,250.0160369873047,3892400
2021-08-05,263.2799987792969,265.510009765625,261.3299865722656,264.19000244140625,251.6544952392578,2262400
2021-08-06,263.510009765625,264.2699890136719,260.739990234375,263.44000244140625,250.9399871826172,2155200
2021-08-09,264.5799865722656,273.0400085449219,264.5,267.1600036621094,254.48358154296875,3238500
2021-08-10,266.75,271.0799865722656,266.17999267578125,269.45001220703125,256.66485595703125,2060200
2021-08-11,269.5899963378906,270.94000244140625,262.6600036621094,264.1000061035156,251.56869506835932,2813300
2021-08-12,263.20001220703125,264.5400085449219,261.489990234375,263.4700012207031,251.77896118164065,2100900
2021-08-13,263.1499938964844,265.69000244140625,263.0199890136719,264.2099914550781,252.4861297607422,1482300
2021-08-16,264.8800048828125,270.260009765625,264.2699890136719,269.94000244140625,257.9618835449219,2623200
2021-08-17,271.1600036621094,275.8699951171875,267.17999267578125,272.7099914550781,260.6088562011719,2096100
2021-08-18,272.010009765625,274.760009765625,268.0299987792969,268.5199890136719,256.6048889160156,2527400
2021-08-19,266.1499938964844,271.8500061035156,265.42999267578125,270.3999938964844,258.4014892578125,1901000
2021-08-20,269.3800048828125,272.8699951171875,269.0599975585937,270.9100036621094,258.88885498046875,1536800
2021-08-23,272.29998779296875,272.9100036621094,267.70001220703125,267.82000732421875,255.93592834472656,2438800
2021-08-24,266.20001220703125,267.44000244140625,261.7799987792969,262.7699890136719,251.11001586914065,3736000
2021-08-25,262.7799987792969,264.5199890136719,261.2900085449219,263.8699951171875,252.16116333007807,2388500
2021-08-26,264.0,265.5899963378906,260.5799865722656,261.32000732421875,249.7243804931641,1732900
2021-08-27,262.5199890136719,263.1300048828125,258.5799865722656,259.75,248.22401428222656,1839700
2021-08-30,261.0299987792969,264.07000732421875,259.6099853515625,262.3099975585937,250.6704559326172,1300700
2021-08-31,262.8399963378906,263.6400146484375,257.8599853515625,258.2900085449219,246.82882690429688,2733400
2021-09-01,258.5400085449219,258.7699890136719,254.4900054931641,257.3999938964844,245.9783172607422,2956800
2021-09-02,257.4100036621094,259.7300109863281,256.4700012207031,259.57000732421875,248.05203247070312,1469700
2021-09-03,260.8299865722656,260.989990234375,256.7799987792969,259.5299987792969,248.01377868652344,1124500
2021-09-07,259.0,260.82000732421875,254.41000366210932,254.8000030517578,243.49368286132807,2403700
2021-09-08,254.6000061035156,255.7100067138672,253.67999267578125,254.83999633789065,243.5319061279297,1542400
2021-09-09,253.2899932861328,254.0200042724609,239.6699981689453,240.0,229.3503875732422,4976600
2021-09-10,242.1999969482422,243.88999938964844,238.57000732421875,239.5,228.87258911132807,4633500
2021-09-13,240.0399932861328,241.1499938964844,235.1499938964844,237.9600067138672,227.4009704589844,2832800
2021-09-14,238.72000122070312,239.7899932861328,231.97999572753903,233.08999633789065,222.7470092773437,3826000
2021-09-15,233.5800018310547,239.3800048828125,233.0599975585937,233.72999572753903,223.358627319336,2802500
2021-09-16,234.0800018310547,234.69000244140625,229.72999572753903,231.0399932861328,220.78797912597656,2958700
2021-09-17,229.7100067138672,230.8300018310547,228.22999572753903,230.1000061035156,219.88967895507807,4480000
2021-09-20,228.08999633789065,232.72999572753903,227.2899932861328,231.63999938964844,221.3613739013672,2803400
2021-09-21,232.0599975585937,233.72000122070312,229.7400054931641,230.1699981689453,219.9565887451172,2172800
2021-09-22,230.0,231.02999877929688,227.5800018310547,228.3000030517578,218.1695709228516,2529600
2021-09-23,229.3000030517578,234.1999969482422,229.009994506836,232.17999267578125,221.8773956298828,1912300
2021-09-24,232.7700042724609,235.38999938964844,231.33999633789065,231.67999267578125,221.3996124267578,1642500
2021-09-27,229.97000122070312,231.0599975585937,225.6100006103516,226.3999938964844,216.35385131835932,2785900
2021-09-28,226.38999938964844,226.3999938964844,220.1999969482422,221.6000061035156,211.76687622070312,3583300
2021-09-29,225.41000366210932,231.44000244140625,224.5599975585937,230.3600006103516,220.1381378173828,3971000
2021-09-30,232.77999877929688,237.16000366210932,230.8000030517578,231.0500030517578,220.79754638671875,3786100
2021-10-01,231.0,231.67999267578125,225.4499969482422,229.58999633789065,219.4023284912109,2215700
2021-10-04,227.8000030517578,230.19000244140625,224.22000122070312,224.8500061035156,214.87266540527344,4784700
2021-10-05,226.44000244140625,232.5599975585937,226.1699981689453,230.92999267578125,220.682846069336,2802000
2021-10-06,230.5599975585937,230.8500061035156,226.0500030517578,227.8500061035156,217.7395172119141,2462700
2021-10-07,229.1199951171875,234.1100006103516,229.0,233.17999267578125,222.8329925537109,2001800
2021-10-08,233.4199981689453,235.8099975585937,231.5500030517578,233.94000244140625,223.559326171875,2563000
2021-10-11,236.6999969482422,237.9900054931641,233.6000061035156,233.6699981689453,223.30126953125,1892300
2021-10-12,234.6999969482422,235.07000732421875,231.97999572753903,232.77999877929688,222.45079040527344,1719200
2021-10-13,234.07000732421875,237.9199981689453,232.8000030517578,236.44000244140625,225.94834899902344,2105700
2021-10-14,237.009994506836,238.44000244140625,234.1100006103516,236.69000244140625,226.18728637695312,1824700
2021-10-15,237.4199981689453,239.3000030517578,235.82000732421875,237.8800048828125,227.324462890625,2598300
2021-10-18,237.9499969482422,242.66000366210932,236.6999969482422,238.97999572753903,228.3756561279297,2546000
2021-10-19,239.0599975585937,242.5500030517578,239.0599975585937,242.3099975585937,231.5579376220703,1573200
2021-10-20,243.72999572753903,245.8999938964844,243.0399932861328,243.72000122070312,232.90533447265625,1537500
2021-10-21,244.9499969482422,244.9499969482422,239.8300018310547,241.1699981689453,230.468490600586,1717700
2021-10-22,240.9600067138672,244.0399932861328,239.5599975585937,243.75,232.9340209960937,1960700
2021-10-25,244.66000366210932,246.2700042724609,240.5200042724609,245.0500030517578,234.1763153076172,2763100
2021-10-26,244.5,248.9199981689453,237.08999633789065,248.44000244140625,237.4158935546875,4533000
2021-10-27,248.6100006103516,254.4600067138672,248.32000732421875,250.1699981689453,239.0691070556641,3181300
2021-10-28,250.16000366210932,256.75,250.0800018310547,253.3500061035156,242.1080322265625,3386500
2021-10-29,253.77999877929688,256.4700012207031,251.7700042724609,254.759994506836,243.45542907714844,3152000
2021-11-01,255.1100006103516,256.4800109863281,248.0500030517578,249.3099975585937,238.24728393554688,2735800
2021-11-02,251.25,259.29998779296875,249.3999938964844,256.8500061035156,245.4527130126953,3987800
2021-11-03,257.7699890136719,266.7900085449219,257.760009765625,266.260009765625,254.44520568847656,4382900
2021-11-04,265.4800109863281,271.1099853515625,265.2699890136719,271.0,258.974853515625,4133400
2021-11-05,268.989990234375,269.489990234375,258.5599975585937,265.0,253.24107360839844,3745700
2021-11-08,263.989990234375,266.9100036621094,259.1499938964844,260.5299987792969,248.96934509277344,2386100
2021-11-09,260.5299987792969,262.1600036621094,258.3900146484375,262.0199890136719,250.393310546875,1963800
2021-11-10,262.0,266.0,261.6000061035156,264.6499938964844,252.90655517578125,2215100
2021-11-11,262.32000732421875,264.32000732421875,261.95001220703125,262.6300048828125,250.9762115478516,1739400
2021-11-12,261.7799987792969,262.5199890136719,258.92999267578125,259.6499938964844,248.93409729003903,1964000
2021-11-15,259.3900146484375,259.6099853515625,257.1600036621094,258.42999267578125,247.76446533203125,1903200
2021-11-16,256.9599914550781,260.3500061035156,255.9900054931641,257.7200012207031,247.08377075195312,2565700
2021-11-17,256.8099975585937,264.54998779296875,256.07000732421875,261.17999267578125,250.4009552001953,2873600
2021-11-18,262.0,263.79998779296875,259.82000732421875,261.3299865722656,250.5447540283203,1689200
2021-11-19,266.42999267578125,270.79998779296875,260.29998779296875,260.70001220703125,249.9408721923828,2786800
2021-11-22,262.2200012207031,263.989990234375,259.1300048828125,260.44000244140625,249.6915283203125,1995400
2021-11-23,259.4700012207031,262.760009765625,259.25,261.9599914550781,251.14881896972656,1986200
2021-11-24,262.7699890136719,264.94000244140625,260.04998779296875,262.0,251.18716430664065,2518500
2021-11-26,261.79998779296875,265.8800048828125,259.0299987792969,260.3699951171875,249.62440490722656,1495500
2021-11-29,260.0199890136719,262.32000732421875,254.5,254.8300018310547,244.3130645751953,4041700
2021-11-30,253.2700042724609,254.0,246.47999572753903,248.0399932861328,237.80328369140625,8265900
2021-12-01,249.44000244140625,255.3000030517578,247.88999938964844,249.1300048828125,238.8483123779297,3241400
2021-12-02,246.5200042724609,249.97999572753903,245.1199951171875,247.8800048828125,237.6498870849609,3817700
2021-12-03,252.1300048828125,253.47999572753903,243.0800018310547,245.5800018310547,235.4447631835937,4169700
2021-12-06,245.9199981689453,246.94000244140625,241.52999877929688,246.3300018310547,236.1638336181641,3491200
2021-12-07,244.2400054931641,245.44000244140625,241.4499969482422,245.1100006103516,234.99420166015625,4035800
2021-12-08,246.6100006103516,248.17999267578125,239.47000122070312,244.32000732421875,234.23683166503903,3636200
2021-12-09,244.4900054931641,245.91000366210932,242.75,242.8999938964844,232.8754119873047,2291100
2021-12-10,241.1999969482422,244.58999633789065,241.1999969482422,244.13999938964844,234.06423950195312,2380800
2021-12-13,245.509994506836,250.6999969482422,245.4600067138672,248.52999877929688,238.2730712890625,3016700
2021-12-14,247.7400054931641,250.009994506836,246.38999938964844,249.3800048828125,239.0879821777344,3424000
2021-12-15,262.07000732421875,275.5400085449219,257.2099914550781,275.2799987792969,263.9190979003906,10016700
2021-12-16,275.6700134277344,283.8999938964844,272.04998779296875,279.0400085449219,267.52392578125,5546400
2021-12-17,276.6700134277344,276.6700134277344,265.3299865722656,267.4200134277344,256.38348388671875,7582900
2021-12-20,269.2300109863281,270.010009765625,260.3500061035156,263.4800109863281,252.60601806640625,3479400
2021-12-21,264.0,265.95001220703125,260.57000732421875,264.8800048828125,253.9483184814453,2702500
2021-12-22,264.739990234375,266.5599975585937,262.8500061035156,266.5,255.50146484375,2721000
2021-12-23,269.04998779296875,275.2699890136719,266.67999267578125,273.1000061035156,261.8290710449219,2632200
2021-12-27,275.0400085449219,280.29998779296875,274.7200012207031,278.4100036621094,266.9198608398437,1677100
2021-12-28,279.3399963378906,279.3999938964844,275.8900146484375,276.42999267578125,265.0215759277344,1033900
2021-12-29,275.82000732421875,279.3599853515625,275.739990234375,278.4200134277344,266.92950439453125,1112300
2021-12-30,279.19000244140625,280.6499938964844,276.3699951171875,277.25,265.8077697753906,1181500
2021-12-31,277.4700012207031,278.7300109863281,276.010009765625,276.2200012207031,264.8202819824219,1315700
2022-01-03,274.4100036621094,274.4100036621094,267.0599975585937,271.7300109863281,260.5155639648437,2621300
2022-01-04,269.0,269.8800048828125,263.5799865722656,266.8099975585937,255.7986602783203,2340500
2022-01-05,268.1600036621094,268.7699890136719,260.4200134277344,260.6499938964844,249.89285278320312,3004200
2022-01-06,260.1000061035156,261.29998779296875,255.4600067138672,259.3299865722656,248.62733459472656,2863200
2022-01-07,259.739990234375,261.25,256.7099914550781,259.5,248.79031372070312,2245100
2022-01-10,258.19000244140625,260.1600036621094,255.88999938964844,260.1099853515625,249.3751373291016,2576700
2022-01-11,261.5899963378906,262.4100036621094,257.0599975585937,262.32000732421875,251.4939727783203,2294000
2022-01-12,252.8999938964844,257.44000244140625,250.97000122070312,255.9199981689453,245.3580780029297,6562800
2022-01-13,254.07000732421875,255.5,248.5500030517578,249.6699981689453,239.3660125732422,3726500
2022-01-14,250.1499938964844,250.5399932861328,242.8999938964844,244.1199951171875,234.04507446289065,2894300
2022-01-18,242.75,248.5200042724609,242.08999633789065,247.07000732421875,236.8733367919922,3241200
2022-01-19,246.3300018310547,250.41000366210932,244.72999572753903,245.0500030517578,234.9366607666016,2487600
2022-01-20,245.5800018310547,247.9499969482422,242.5,243.1300048828125,233.09591674804688,2655400
2022-01-21,246.8800048828125,247.8800048828125,242.1199951171875,243.0599975585937,233.02880859375,2788600
2022-01-24,242.5500030517578,243.759994506836,232.67999267578125,240.4199981689453,230.4977569580078,3712800
2022-01-25,236.8099975585937,241.52999877929688,235.1199951171875,239.4600067138672,229.5774078369141,2525100
2022-01-26,239.6300048828125,242.42999267578125,235.91000366210932,237.8600006103516,228.0434112548828,2913200
2022-01-27,239.97999572753903,243.2700042724609,235.759994506836,236.72000122070312,226.9504547119141,2178500
2022-01-28,237.4900054931641,245.22000122070312,235.0500030517578,245.1000061035156,234.984619140625,3081100
2022-01-31,243.2700042724609,245.4900054931641,241.9199981689453,245.38999938964844,235.26258850097656,3237100
2022-02-01,247.0500030517578,248.83999633789065,243.259994506836,248.27999877929688,238.0334014892578,2449400
2022-02-02,245.3500061035156,251.8800048828125,244.02999877929688,250.8300018310547,240.47817993164065,2586700
2022-02-03,247.5,248.1199951171875,241.1000061035156,244.8099975585937,234.70657348632807,3473600
2022-02-04,242.72000122070312,244.1000061035156,241.22000122070312,242.2700042724609,232.2714385986328,3569300
2022-02-07,242.41000366210932,244.02999877929688,240.3000030517578,243.5500030517578,233.4985809326172,3948300
2022-02-08,241.8999938964844,242.88999938964844,237.47000122070312,239.91000366210932,230.00881958007807,2615000
2022-02-09,241.259994506836,244.4600067138672,241.0599975585937,243.2700042724609,233.23016357421875,1759900
2022-02-10,239.8999938964844,244.08999633789065,238.1100006103516,239.63999938964844,229.7499237060547,2283100
2022-02-11,239.22999572753903,240.6300048828125,234.8500061035156,235.7400054931641,226.0108795166016,2054300
2022-02-14,234.0,236.8800048828125,231.8699951171875,234.69000244140625,225.9434814453125,2572000
2022-02-15,236.6499938964844,244.7899932861328,236.6499938964844,243.83999633789065,234.75250244140625,3409600
2022-02-16,242.5800018310547,247.0200042724609,242.5800018310547,245.5800018310547,236.42762756347656,2459000
2022-02-17,245.5800018310547,245.58999633789065,240.41000366210932,240.97000122070312,231.98947143554688,2059100
2022-02-18,238.0200042724609,242.42999267578125,238.0200042724609,240.3099975585937,231.35406494140625,2517900
2022-02-22,239.2100067138672,240.8600006103516,237.5200042724609,239.1300048828125,230.2180938720703,2936700
2022-02-23,240.5500030517578,242.67999267578125,238.0200042724609,238.3099975585937,229.4285888671875,2296300
2022-02-24,235.17999267578125,243.92999267578125,234.0,243.0800018310547,234.02084350585932,3272300
2022-02-25,243.83999633789065,252.8999938964844,243.72999572753903,250.8500061035156,241.5012969970703,2442200
2022-02-28,246.13999938964844,250.0599975585937,244.58999633789065,249.9499969482422,240.63482666015625,3188800
2022-03-01,247.5599975585937,250.33999633789065,245.44000244140625,249.5,240.2015991210937,2873200
2022-03-02,249.8800048828125,256.4800109863281,249.0599975585937,254.1699981689453,244.69754028320312,2452000
2022-03-03,254.8300018310547,259.5799865722656,254.38999938964844,258.6400146484375,249.00099182128903,3153700
2022-03-04,256.2099914550781,263.4599914550781,255.5200042724609,262.8699951171875,253.0732879638672,3497100
2022-03-07,259.8599853515625,263.6300048828125,257.8599853515625,261.6400146484375,251.88919067382807,3074800
2022-03-08,259.92999267578125,265.29998779296875,258.9100036621094,259.92999267578125,250.2428436279297,3482600
2022-03-09,263.29998779296875,267.7900085449219,262.07000732421875,262.7900085449219,252.99627685546875,2965900
2022-03-10,262.8399963378906,267.7300109863281,262.8399963378906,266.0199890136719,256.1059265136719,2797200
2022-03-11,265.07000732421875,271.7200012207031,265.07000732421875,266.29998779296875,256.3753967285156,2469600
2022-03-14,268.989990234375,270.8999938964844,267.32000732421875,269.0,258.9748840332031,2713800
2022-03-15,269.8699951171875,276.4800109863281,269.8699951171875,275.4599914550781,265.1940612792969,4396900
2022-03-16,277.8500061035156,278.6099853515625,273.010009765625,276.44000244140625,266.1376037597656,3148600
2022-03-17,277.010009765625,285.8900146484375,276.45001220703125,285.510009765625,274.8695678710937,3270100
2022-03-18,285.8399963378906,291.3500061035156,284.8599853515625,287.6400146484375,276.920166015625,4557900
2022-03-21,287.760009765625,295.3299865722656,287.760009765625,289.6400146484375,278.8455505371094,3495700
2022-03-22,289.6700134277344,290.5599975585937,283.3900146484375,285.0199890136719,274.3977355957031,3791600
2022-03-23,284.4200134277344,288.17999267578125,283.3500061035156,284.19000244140625,273.5987548828125,3149200
2022-03-24,286.2900085449219,288.8500061035156,284.6600036621094,287.69000244140625,276.96832275390625,2412400
2022-03-25,288.5,291.6499938964844,286.5799865722656,289.0199890136719,278.2487487792969,2399800
2022-03-28,291.3299865722656,292.45001220703125,288.3099975585937,291.6600036621094,280.7903747558594,2195000
2022-03-29,292.0299987792969,293.1400146484375,287.5799865722656,288.3900146484375,277.6421813964844,2798100
2022-03-30,290.5799865722656,292.2900085449219,287.989990234375,289.8900146484375,279.0863037109375,2220100
2022-03-31,289.3699951171875,291.79998779296875,285.9200134277344,286.3699951171875,275.697509765625,3227600
2022-04-01,286.1499938964844,293.1400146484375,284.0,292.6700134277344,281.7627258300781,3066200
2022-04-04,292.75,294.9800109863281,290.95001220703125,291.4200134277344,280.5592956542969,3014100
2022-04-05,291.7200012207031,295.8299865722656,289.1000061035156,292.489990234375,281.5893859863281,2324200
2022-04-06,296.0899963378906,306.5599975585937,294.7699890136719,305.8399963378906,294.4418029785156,4672900
2022-04-07,305.0,314.0,305.0,308.42999267578125,296.9354248046875,4270800
2022-04-08,308.0,312.3800048828125,307.95001220703125,311.69000244140625,300.0738525390625,3024700
2022-04-11,313.0899963378906,313.760009765625,308.04998779296875,308.9599914550781,297.445556640625,2178100
2022-04-12,306.5799865722656,309.6099853515625,304.17999267578125,308.0799865722656,296.598388671875,2688100
2022-04-13,307.2799987792969,308.29998779296875,300.4100036621094,302.6700134277344,291.3901062011719,2528700
2022-04-14,303.75,304.4700012207031,300.19000244140625,301.8599853515625,290.6102600097656,1898100
2022-04-18,301.07000732421875,302.0599975585937,296.79998779296875,298.82000732421875,287.6834411621094,1581400
2022-04-19,298.4100036621094,299.69000244140625,293.79998779296875,297.010009765625,285.9409484863281,2021700
2022-04-20,297.0199890136719,299.0,292.29998779296875,292.9200134277344,282.00341796875,2608600
2022-04-21,292.9200134277344,293.45001220703125,286.6600036621094,289.6099853515625,278.8167419433594,2716800
2022-04-22,289.29998779296875,289.6199951171875,278.3999938964844,278.7300109863281,268.3422241210937,2772600
2022-04-25,278.75,285.95001220703125,276.8299865722656,285.20001220703125,274.5711364746094,2410200
2022-04-26,286.17999267578125,290.2099914550781,282.7900085449219,282.8299865722656,272.2894592285156,2166600
2022-04-27,283.1000061035156,288.1300048828125,280.5899963378906,285.0899963378906,274.4651794433594,2352100
2022-04-28,295.989990234375,300.510009765625,288.5599975585937,297.2699890136719,286.1912536621094,5886900
2022-04-29,295.7900085449219,297.3099975585937,289.1400146484375,292.1300048828125,281.2428283691406,3910900
2022-05-02,291.2300109863281,292.8399963378906,284.2799987792969,289.5599975585937,278.7686462402344,2789900
2022-05-03,288.6300048828125,289.8099975585937,284.1099853515625,288.07000732421875,277.3341369628906,2109500
2022-05-04,288.5,296.9800109863281,284.1199951171875,294.8999938964844,283.9095458984375,2743600
2022-05-05,293.4200134277344,294.989990234375,288.29998779296875,292.3699951171875,281.4739074707031,3120200
2022-05-06,290.1700134277344,298.25,288.5199890136719,296.8999938964844,285.8350830078125,2931200
2022-05-09,293.510009765625,294.92999267578125,286.6499938964844,289.2300109863281,278.4508972167969,3460500
2022-05-10,292.0,293.42999267578125,285.0,285.70001220703125,275.0525207519531,3140800
2022-05-11,283.6700134277344,294.5,283.0,286.69000244140625,276.005615234375,2625200
2022-05-12,283.3299865722656,291.989990234375,283.3299865722656,291.79998779296875,280.9251403808594,2370000
2022-05-13,292.6300048828125,292.79998779296875,286.510009765625,291.6300048828125,281.7075500488281,2337700
2022-05-16,292.1099853515625,309.44000244140625,291.6000061035156,299.3800048828125,289.19390869140625,5118300
2022-05-17,300.0,303.3999938964844,293.3900146484375,301.3999938964844,291.1451721191406,2553000
2022-05-18,300.0,302.6000061035156,294.0299987792969,295.19000244140625,285.146484375,2161400
2022-05-19,293.5799865722656,293.5799865722656,284.3699951171875,286.2699890136719,276.52996826171875,3157400
2022-05-20,290.7300109863281,299.239990234375,288.9200134277344,298.8500061035156,288.6819763183594,3129100
2022-05-23,300.6000061035156,304.9200134277344,299.3500061035156,302.6000061035156,292.30438232421875,2873600
2022-05-24,303.7099914550781,307.6700134277344,299.79998779296875,305.9599914550781,295.54998779296875,2804900
2022-05-25,307.0,310.4200134277344,304.6400146484375,307.010009765625,296.5643310546875,3195700
2022-05-26,305.2300109863281,313.9100036621094,303.6099853515625,313.4599914550781,302.7948303222656,3284200
2022-05-27,312.6499938964844,324.0799865722656,311.260009765625,323.4800109863281,312.4739685058594,3694300
2022-05-31,316.6300048828125,318.4599914550781,309.0299987792969,313.44000244140625,302.7754821777344,6298900
2022-06-01,313.44000244140625,313.8999938964844,305.5899963378906,311.0799865722656,300.4958190917969,2731500
2022-06-02,310.57000732421875,310.6700134277344,298.1700134277344,302.42999267578125,292.14019775390625,3703300
2022-06-03,302.1600036621094,305.8099975585937,300.70001220703125,301.6499938964844,291.38671875,2490000
2022-06-06,315.1300048828125,315.1300048828125,303.0899963378906,303.3599853515625,293.0385131835937,3734400
2022-06-07,303.989990234375,312.1499938964844,303.0199890136719,312.1000061035156,301.4810791015625,3652800
2022-06-08,312.42999267578125,315.5,310.8099975585937,313.489990234375,302.82379150390625,2684500
2022-06-09,311.6000061035156,311.9200134277344,303.1099853515625,303.25,292.9322204589844,1963300
2022-06-10,299.2300109863281,301.6600036621094,296.8699951171875,297.010009765625,286.9045104980469,2469800
2022-06-13,290.42999267578125,293.1600036621094,288.510009765625,291.2799987792969,281.3695068359375,2898800
2022-06-14,289.1700134277344,292.0,287.2900085449219,290.7900085449219,280.89617919921875,2422600
2022-06-15,291.6000061035156,296.3399963378906,288.5299987792969,292.989990234375,283.02130126953125,1970100
2022-06-16,290.20001220703125,290.20001220703125,283.1099853515625,288.07000732421875,278.2687072753906,2628600
2022-06-17,290.010009765625,300.989990234375,289.67999267578125,290.8999938964844,281.0024108886719,6900000
2022-06-21,292.3800048828125,299.2799987792969,290.3099975585937,297.3399963378906,287.2232360839844,2821300
2022-06-22,296.9599914550781,309.6499938964844,296.42999267578125,306.69000244140625,296.2551574707031,4535700
2022-06-23,309.5,313.19000244140625,307.19000244140625,312.7200012207031,302.0800476074219,3729300
2022-06-24,319.54998779296875,325.82000732421875,319.010009765625,325.6199951171875,314.5411071777344,5449900
2022-06-27,324.2300109863281,330.8500061035156,322.0,327.2699890136719,316.13494873046875,3218900
2022-06-28,326.5199890136719,329.07000732421875,316.760009765625,317.6199951171875,306.8132629394531,2742900
2022-06-29,318.1600036621094,324.70001220703125,317.6499938964844,323.0,312.0101928710937,2562500
2022-06-30,322.1300048828125,327.04998779296875,320.010009765625,324.2300109863281,313.19842529296875,2732900
2022-07-01,323.8800048828125,325.3999938964844,317.760009765625,324.7099914550781,313.6620788574219,1817800
2022-07-05,322.44000244140625,327.42999267578125,318.92999267578125,327.17999267578125,316.0480041503906,2107700
2022-07-06,328.0,332.739990234375,326.75,330.1499938964844,318.9169311523437,2252500
2022-07-07,327.25,330.5,326.239990234375,327.95001220703125,316.79180908203125,2395000
2022-07-08,326.54998779296875,334.5199890136719,326.1600036621094,330.4700012207031,319.22607421875,1898200
2022-07-11,330.6099853515625,332.67999267578125,329.42999267578125,331.07000732421875,319.8056945800781,1342600
2022-07-12,330.0,331.989990234375,323.3599853515625,323.5899963378906,312.5801086425781,2058200
2022-07-13,322.010009765625,324.67999267578125,320.8299865722656,322.4599914550781,311.4886474609375,2564200
2022-07-14,317.5400085449219,327.760009765625,315.510009765625,326.8900146484375,315.7679138183594,2615700
2022-07-15,331.9700012207031,335.3299865722656,328.1700134277344,331.6000061035156,320.3176574707031,3340300
2022-07-18,330.1199951171875,331.9700012207031,319.7099914550781,321.7699890136719,310.8221130371094,2116300
2022-07-19,324.0899963378906,327.3800048828125,321.8399963378906,326.20001220703125,315.1014099121094,1628100
2022-07-20,327.0899963378906,327.82000732421875,320.3099975585937,322.0299987792969,311.0732421875,2051000
2022-07-21,321.45001220703125,328.04998779296875,319.7099914550781,326.9200134277344,315.7968444824219,1692100
2022-07-22,326.95001220703125,329.2200012207031,325.8299865722656,328.75,317.56463623046875,1850800
2022-07-25,328.75,332.2699890136719,328.0599975585937,331.54998779296875,320.2693176269531,1741700
2022-07-26,330.989990234375,332.57000732421875,328.6099853515625,331.5599975585937,320.279052734375,1812300
2022-07-27,328.9800109863281,330.8699951171875,325.19000244140625,328.94000244140625,317.7481689453125,1643000
2022-07-28,330.239990234375,333.5899963378906,321.739990234375,330.79998779296875,319.5448608398437,2350900
2022-07-29,331.0599975585937,331.0599975585937,326.82000732421875,329.69000244140625,318.4726257324219,3399900
2022-08-01,327.510009765625,330.42999267578125,323.4599914550781,324.1499938964844,313.12109375,2464300
2022-08-02,327.19000244140625,328.9800109863281,319.3599853515625,320.20001220703125,309.3055114746094,3405700
2022-08-03,320.6300048828125,320.9800109863281,310.2200012207031,313.8299865722656,303.1522521972656,5152200
2022-08-04,310.20001220703125,310.25,302.239990234375,305.7900085449219,295.3857421875,4696300
2022-08-05,302.4800109863281,305.32000732421875,300.3099975585937,301.32000732421875,291.0679016113281,2814300
2022-08-08,300.6499938964844,306.1199951171875,296.5299987792969,302.5,292.207763671875,3218900
2022-08-09,305.0899963378906,306.70001220703125,301.29998779296875,303.0199890136719,292.71002197265625,2122900
2022-08-10,304.5,307.1300048828125,302.5899963378906,304.6099853515625,294.2459411621094,2351000
2022-08-11,301.0299987792969,305.4200134277344,299.6300048828125,301.1700134277344,290.9230041503906,2198800
2022-08-12,302.9200134277344,308.489990234375,301.29998779296875,308.0799865722656,298.5694580078125,2305100
2022-08-15,309.2099914550781,314.6099853515625,307.3099975585937,313.94000244140625,304.2485046386719,2795800
2022-08-16,313.92999267578125,314.3699951171875,309.6300048828125,310.3099975585937,300.7306213378906,2248000
2022-08-17,310.010009765625,320.6000061035156,310.010009765625,316.82000732421875,307.0396423339844,2747200
2022-08-18,316.75,318.9599914550781,314.20001220703125,316.7200012207031,306.94268798828125,2261600
2022-08-19,317.510009765625,325.75,317.5,322.7699890136719,312.8059387207031,3393100
2022-08-22,322.2799987792969,325.7699890136719,320.3900146484375,323.1000061035156,313.125732421875,2488000
2022-08-23,321.239990234375,321.8399963378906,313.8699951171875,315.1000061035156,305.3726501464844,2962000
2022-08-24,316.4700012207031,320.8599853515625,315.2200012207031,318.8699951171875,309.0263366699219,1827000
2022-08-25,320.6000061035156,323.3699951171875,315.8299865722656,323.1400146484375,313.1645202636719,1977900
2022-08-26,323.5899963378906,324.5899963378906,315.2699890136719,315.5599975585937,305.8185119628906,1858000
2022-08-29,313.3399963378906,314.8699951171875,309.67999267578125,310.1499938964844,300.57550048828125,1697000
2022-08-30,310.1400146484375,311.9700012207031,306.010009765625,307.0400085449219,297.5615234375,1980300
2022-08-31,307.1400146484375,308.82000732421875,301.1099853515625,301.2300109863281,291.930908203125,3183500
2022-09-01,301.0,309.4100036621094,300.5,309.1300048828125,299.5870666503906,2939200
2022-09-02,310.1099853515625,310.2200012207031,299.760009765625,301.3299865722656,292.0277709960937,2525400
2022-09-06,302.95001220703125,312.8299865722656,302.2300109863281,306.82000732421875,297.34832763671875,2322200
2022-09-07,308.7699890136719,312.3999938964844,304.8800048828125,311.6000061035156,301.98077392578125,2228100
2022-09-08,311.95001220703125,315.7300109863281,307.5899963378906,315.5,305.76031494140625,2212500
2022-09-09,316.45001220703125,320.1700134277344,315.2200012207031,317.70001220703125,307.8924865722656,2177000
2022-09-12,318.8900146484375,320.45001220703125,314.8800048828125,315.2200012207031,305.4890441894531,2077400
2022-09-13,310.010009765625,312.3099975585937,304.989990234375,306.4800109863281,297.018798828125,2272400
2022-09-14,307.2099914550781,311.8099975585937,305.8999938964844,309.6099853515625,300.0522155761719,2002900
2022-09-15,309.7099914550781,312.2799987792969,305.75,309.4700012207031,299.9164733886719,2348100
2022-09-16,307.9700012207031,311.9599914550781,306.739990234375,308.8900146484375,299.3544311523437,4380200
2022-09-19,306.4800109863281,306.5199890136719,297.6499938964844,305.0899963378906,295.67169189453125,2515300
2022-09-20,303.82000732421875,303.82000732421875,298.94000244140625,301.7300109863281,292.4154968261719,1816800
2022-09-21,301.0,304.5299987792969,296.32000732421875,296.4800109863281,287.32745361328125,2241200
2022-09-22,300.79998779296875,312.6099853515625,299.9599914550781,310.8699951171875,301.27325439453125,5918300
2022-09-23,311.8699951171875,315.17999267578125,305.1199951171875,311.4599914550781,301.8450927734375,4572600
2022-09-26,308.79998779296875,311.7300109863281,304.8800048828125,307.5,298.0072631835937,3760000
2022-09-27,309.1499938964844,313.95001220703125,308.32000732421875,311.1000061035156,301.49615478515625,3019600
2022-09-28,333.5299987792969,341.70001220703125,328.1000061035156,334.3800048828125,324.05743408203125,9436300
2022-09-29,333.9700012207031,334.67999267578125,327.2699890136719,330.010009765625,319.82244873046875,3743100
2022-09-30,327.1499938964844,329.510009765625,322.4200134277344,323.3500061035156,313.3680419921875,4474100
2022-10-03,325.989990234375,329.3500061035156,317.04998779296875,321.54998779296875,311.6236267089844,3340500
2022-10-04,322.17999267578125,330.1000061035156,321.7799987792969,329.8900146484375,319.7061767578125,2622500
2022-10-05,328.29998779296875,333.8500061035156,327.5199890136719,331.7799987792969,321.5378112792969,2186100
2022-10-06,327.94000244140625,339.260009765625,326.8699951171875,332.95001220703125,322.67169189453125,4299200
2022-10-07,332.9700012207031,333.07000732421875,324.8999938964844,326.6600036621094,316.5758972167969,2601600
2022-10-10,326.2300109863281,327.010009765625,320.239990234375,323.8900146484375,313.8913879394531,1956200
2022-10-11,320.0,329.0299987792969,319.42999267578125,327.6000061035156,317.4868469238281,2598900
2022-10-12,327.3800048828125,333.6499938964844,323.8800048828125,324.57000732421875,314.5503845214844,1764700
2022-10-13,319.1199951171875,333.3699951171875,319.1000061035156,332.1000061035156,321.84796142578125,2657400
2022-10-14,331.5599975585937,335.2900085449219,328.2300109863281,331.3900146484375,321.15985107421875,2231400
2022-10-17,332.7900085449219,337.5799865722656,331.75,332.760009765625,322.4875183105469,2230000
2022-10-18,334.1400146484375,335.3299865722656,330.3699951171875,335.0299987792969,324.6874389648437,2087100
2022-10-19,335.25,335.6300048828125,325.9700012207031,329.2900085449219,319.12469482421875,2419000
2022-10-20,331.1499938964844,331.44000244140625,325.8999938964844,329.07000732421875,318.9115295410156,1761200
2022-10-21,329.07000732421875,342.42999267578125,326.7699890136719,340.7699890136719,330.250244140625,3274700
2022-10-24,344.2200012207031,351.7699890136719,344.2200012207031,347.8999938964844,337.16015625,3375900
2022-10-25,346.5199890136719,352.3299865722656,343.04998779296875,351.3099975585937,340.46490478515625,2513100
2022-10-26,352.5,361.4800109863281,350.44000244140625,357.8599853515625,346.8127136230469,2373500
2022-10-27,358.989990234375,361.1199951171875,355.32000732421875,356.3299865722656,345.3299255371094,2347600
2022-10-28,360.3200073242188,362.0,357.0400085449219,359.8999938964844,348.78973388671875,2942100
2022-10-31,358.6499938964844,363.9200134277344,350.4599914550781,362.0899963378906,350.912109375,4258200
2022-11-01,345.8299865722656,358.989990234375,340.75,352.5799865722656,341.6957397460937,7013000
2022-11-02,354.1600036621094,363.1499938964844,350.2099914550781,354.9599914550781,344.0022277832031,3774400
2022-11-03,354.0599975585937,362.8299865722656,351.510009765625,361.6799926757813,350.5147705078125,2602500
2022-11-04,365.2000122070313,365.8800048828125,353.3399963378906,357.4100036621094,346.3765869140625,3004600
2022-11-07,358.0,367.0,357.5,365.0700073242188,353.80010986328125,2560300
2022-11-08,365.1499938964844,368.75,361.9299926757813,366.6600036621094,355.3410949707031,3278600
2022-11-09,368.4400024414063,369.7999877929688,361.9100036621094,363.2699890136719,352.05572509765625,2323700
2022-11-10,367.239990234375,369.0,363.0,368.7200012207031,357.33746337890625,2994000
2022-11-11,366.1600036621094,367.8299865722656,344.5199890136719,352.29998779296875,341.4243469238281,6646300
2022-11-14,359.07000732421875,360.7999877929688,340.1199951171875,356.0599975585937,346.03082275390625,4717400
2022-11-15,356.94000244140625,356.989990234375,346.3599853515625,349.95001220703125,340.09295654296875,4180700
2022-11-16,350.0,356.8800048828125,349.9599914550781,352.92999267578125,342.98895263671875,3563800
2022-11-17,352.9100036621094,362.2999877929688,352.7099914550781,360.7699890136719,350.6081848144531,2929700
2022-11-18,362.5499877929688,364.6700134277344,359.3500061035156,361.6700134277344,351.4828796386719,2420900
2022-11-21,360.3900146484375,363.760009765625,355.3699951171875,361.1700134277344,350.99688720703125,1999200
2022-11-22,362.0,362.7999877929688,357.29998779296875,360.8800048828125,350.7151184082031,2460400
2022-11-23,361.3399963378906,362.4700012207031,358.6300048828125,361.7200012207031,351.5314025878906,1993000
2022-11-25,362.8999938964844,365.8299865722656,361.5499877929688,365.25,354.96197509765625,1039100
2022-11-28,363.4500122070313,369.510009765625,361.0,365.7699890136719,355.46734619140625,2481300
2022-11-29,364.6199951171875,366.1099853515625,360.6400146484375,363.9500122070313,353.6986694335937,2207000
2022-11-30,365.0700073242188,372.3500061035156,361.7999877929688,371.0799865722656,360.6277770996094,5556400
2022-12-01,374.7900085449219,375.1900024414063,368.489990234375,370.3299865722656,359.8988952636719,2516100
2022-12-02,366.0799865722656,375.0400085449219,365.0,374.760009765625,364.2041015625,1925600
2022-12-05,373.760009765625,375.25,368.2799987792969,369.2900085449219,358.88824462890625,2296500
2022-12-06,367.0,370.6400146484375,365.5199890136719,368.5400085449219,358.1592712402344,1971000
2022-12-07,369.3200073242188,375.239990234375,368.760009765625,371.9700012207031,361.4927062988281,1629100
2022-12-08,373.260009765625,373.260009765625,366.5,371.7900085449219,361.3177795410156,2090900
2022-12-09,373.0,374.0,360.80999755859375,360.989990234375,350.8219909667969,2787200
2022-12-12,362.9299926757813,367.8299865722656,362.5,367.25,356.9056701660156,2639200
2022-12-13,361.6300048828125,372.739990234375,358.32000732421875,358.6600036621094,348.5576171875,5032600
2022-12-14,359.010009765625,369.4299926757813,357.0599975585937,363.5,353.26123046875,5095500
2022-12-15,360.6600036621094,363.9700012207031,356.69000244140625,360.010009765625,349.8695983886719,3437100
2022-12-16,357.92999267578125,360.4800109863281,355.1700134277344,359.8699951171875,349.73345947265625,6612200
2022-12-19,357.8099975585937,359.70001220703125,354.6099853515625,357.7799987792969,347.702392578125,2658400
2022-12-20,358.5,361.4500122070313,356.3399963378906,359.6400146484375,349.5099792480469,2276000
2022-12-21,362.6300048828125,370.6799926757813,361.2099914550781,368.010009765625,357.64422607421875,2211200
2022-12-22,367.3200073242188,369.760009765625,362.2900085449219,365.30999755859375,355.0202941894531,1958100
2022-12-23,364.8200073242188,367.8999938964844,362.4700012207031,367.8999938964844,357.5373840332031,1030300
2022-12-27,369.5,369.7300109863281,364.3299865722656,364.8800048828125,354.6023864746094,1372100
2022-12-28,366.1700134277344,368.010009765625,363.9400024414063,365.2200012207031,354.932861328125,996000
2022-12-29,368.1000061035156,370.9500122070313,366.4599914550781,367.0199890136719,356.6821594238281,1077900
2022-12-30,367.489990234375,367.9500122070313,362.1099853515625,365.8399963378906,355.53533935546875,1388000
2023-01-03,366.260009765625,369.0,361.4599914550781,364.989990234375,354.7093200683594,2006700
2023-01-04,364.6400146484375,367.1199951171875,360.3399963378906,363.1000061035156,352.8725280761719,1886200
2023-01-05,360.9500122070313,361.489990234375,352.9599914550781,358.9200134277344,348.8102722167969,2008500
2023-01-06,360.0,366.7000122070313,357.5799865722656,362.9400024414063,352.7170715332031,2131300
2023-01-09,364.0,364.9700012207031,348.7900085449219,349.8299865722656,339.97625732421875,2980600
2023-01-10,349.0,353.2099914550781,343.3399963378906,352.75,342.8140563964844,2465200
2023-01-11,354.3399963378906,361.760009765625,351.0,360.4100036621094,350.2582702636719,2602800
2023-01-12,359.25,360.5,353.0799865722656,359.1199951171875,349.0046691894531,2019700
2023-01-13,359.57000732421875,363.30999755859375,358.6400146484375,361.6199951171875,351.4342346191406,1690900
2023-01-17,361.6199951171875,362.0,356.54998779296875,357.739990234375,347.6635131835937,2435200
2023-01-18,356.32000732421875,359.0,351.5799865722656,352.010009765625,342.09490966796875,2302300
2023-01-19,352.3699951171875,355.79998779296875,350.4200134277344,351.0799865722656,341.1910705566406,2658300
2023-01-20,347.0,349.07000732421875,341.5799865722656,346.07000732421875,336.3222045898437,5391900
2023-01-23,346.6099853515625,346.6099853515625,340.2200012207031,342.2099914550781,332.5709228515625,3403100
2023-01-24,346.0,346.6300048828125,341.3599853515625,346.3900146484375,336.6332397460937,2242500
2023-01-25,345.54998779296875,349.7799987792969,345.1000061035156,349.7300109863281,339.8791809082031,2503300
2023-01-26,351.0,352.17999267578125,346.7300109863281,348.010009765625,338.2076110839844,2576200
2023-01-27,346.1099853515625,348.0899963378906,341.5299987792969,342.1000061035156,332.4640808105469,2363600
2023-01-30,344.3299865722656,347.79998779296875,339.4599914550781,340.5,330.9090881347656,2647700
2023-01-31,340.67999267578125,344.3999938964844,339.3800048828125,344.1499938964844,334.4563293457031,2406700
2023-02-01,342.7900085449219,345.94000244140625,337.5199890136719,342.57000732421875,332.9208374023437,2990900
2023-02-02,334.0,335.29998779296875,317.0,330.70001220703125,321.3851013183594,13036600
2023-02-03,332.95001220703125,342.3299865722656,329.3699951171875,339.0799865722656,329.5290832519531,5670700
2023-02-06,341.9800109863281,343.4200134277344,334.6199951171875,337.6600036621094,328.149169921875,3055700
2023-02-07,336.04998779296875,340.9599914550781,332.69000244140625,339.67999267578125,330.1121826171875,2464100
2023-02-08,338.5599975585937,342.8699951171875,337.82000732421875,340.7300109863281,331.1326599121094,2399400
2023-02-09,340.8900146484375,347.3500061035156,340.5,341.7900085449219,332.1627502441406,3072800
2023-02-10,343.2699890136719,348.42999267578125,342.7300109863281,345.1199951171875,335.3990478515625,1980000
2023-02-13,346.4700012207031,350.8099975585937,346.0,350.3999938964844,340.5302124023437,2291600
2023-02-14,350.5400085449219,353.82000732421875,347.2799987792969,347.5599975585937,338.863037109375,2028900
2023-02-15,345.8500061035156,346.8699951171875,334.3500061035156,335.010009765625,326.6271057128906,3600700
2023-02-16,331.0,332.94000244140625,325.7200012207031,326.07000732421875,317.9107666015625,3654200
2023-02-17,323.1499938964844,331.5899963378906,320.5,328.3999938964844,320.18243408203125,3695600
2023-02-21,327.1499938964844,331.7200012207031,326.3299865722656,327.510009765625,319.3148193359375,2515600
2023-02-22,328.7099914550781,332.6000061035156,326.3299865722656,329.07000732421875,320.8357849121094,2379800
2023-02-23,328.010009765625,332.8299865722656,325.69000244140625,327.5199890136719,319.3244934082031,2229500
2023-02-24,326.0,327.2300109863281,320.0899963378906,321.6400146484375,313.59161376953125,2594600
2023-02-27,322.6000061035156,323.3999938964844,315.8999938964844,316.6199951171875,308.6972351074219,3043500
2023-02-28,315.489990234375,315.489990234375,309.6400146484375,311.2200012207031,303.43243408203125,3966900
2023-03-01,310.0,316.9100036621094,309.20001220703125,314.1700134277344,306.3085327148437,3580800
2023-03-02,311.7900085449219,316.29998779296875,310.5299987792969,315.04998779296875,307.1665344238281,2885200
2023-03-03,316.3699951171875,320.1600036621094,315.239990234375,318.42999267578125,310.4619445800781,3002800
2023-03-06,316.94000244140625,320.239990234375,316.5,318.9599914550781,310.978759765625,2673700
2023-03-07,319.0,320.3500061035156,309.6000061035156,310.6300048828125,302.857177734375,2620800
2023-03-08,310.5,313.0299987792969,309.32000732421875,312.5400085449219,304.7193603515625,2313200
2023-03-09,312.3099975585937,318.7699890136719,312.3099975585937,316.8500061035156,308.9214782714844,3920300
2023-03-10,318.8500061035156,326.5299987792969,314.3399963378906,315.0199890136719,307.1373291015625,4597300
2023-03-13,317.239990234375,331.79998779296875,317.239990234375,324.489990234375,316.37030029296875,5275600
2023-03-14,324.04998779296875,327.2799987792969,321.44000244140625,327.07000732421875,318.8857727050781,4214300
2023-03-15,326.0,331.3599853515625,324.5,329.4700012207031,321.2256774902344,4743500
2023-03-16,327.6400146484375,331.70001220703125,325.0400085449219,329.5299987792969,321.2842102050781,3498200
2023-03-17,331.5,334.95001220703125,328.1000061035156,329.17999267578125,320.9429626464844,8679800
2023-03-20,329.17999267578125,333.94000244140625,329.010009765625,333.6000061035156,325.2523803710937,3540900
2023-03-21,334.3900146484375,334.44000244140625,328.0799865722656,331.0799865722656,322.7953796386719,3240400
2023-03-22,331.7699890136719,335.6000061035156,330.6499938964844,330.9700012207031,322.68817138671875,2472200
2023-03-23,330.8900146484375,335.3399963378906,330.2099914550781,332.6400146484375,324.31640625,2703400
2023-03-24,332.989990234375,336.92999267578125,328.7699890136719,336.1300048828125,327.7190246582031,2791900
2023-03-27,327.79998779296875,336.2200012207031,323.260009765625,334.6000061035156,326.22735595703125,3102300
2023-03-28,335.79998779296875,338.8299865722656,334.7200012207031,337.6499938964844,329.2010192871094,2433200
2023-03-29,339.0,339.7699890136719,334.5799865722656,335.8699951171875,327.4656066894531,2743800
2023-03-30,336.07000732421875,341.3099975585937,336.07000732421875,340.69000244140625,332.1650085449219,2146900
2023-03-31,342.0,343.6499938964844,340.69000244140625,343.4200134277344,334.82672119140625,2933600
2023-04-03,343.239990234375,351.5400085449219,342.29998779296875,350.739990234375,341.9635009765625,3039600
2023-04-04,352.07000732421875,359.0,351.2699890136719,354.6199951171875,345.7464294433594,3585900
2023-04-05,358.0799865722656,364.8500061035156,357.92999267578125,362.239990234375,353.1757507324219,3442700
2023-04-06,364.8500061035156,369.5,364.25,368.2900085449219,359.0743408203125,3531700
2023-04-10,368.1799926757813,368.3500061035156,363.0400085449219,367.0,357.816650390625,1868000
2023-04-11,367.760009765625,368.7999877929688,363.5899963378906,364.0400085449219,354.9306945800781,2027000
2023-04-12,364.0199890136719,372.4400024414063,363.3299865722656,369.0499877929688,359.8153381347656,2672600
2023-04-13,372.6199951171875,375.55999755859375,370.30999755859375,375.1499938964844,365.7626647949219,2839900
2023-04-14,374.239990234375,376.30999755859375,372.510009765625,374.7300109863281,365.3532104492188,2287900
2023-04-17,375.0,375.8999938964844,371.1600036621094,372.3500061035156,363.0327758789063,2059700
2023-04-18,373.0,374.260009765625,369.6600036621094,369.9100036621094,360.65380859375,1925300
2023-04-19,370.5499877929688,371.2799987792969,367.3500061035156,370.4700012207031,361.1997680664063,2173000
2023-04-20,371.3900146484375,376.05999755859375,369.760009765625,374.80999755859375,365.4312133789063,2766500
2023-04-21,378.010009765625,386.2699890136719,378.0,385.239990234375,375.6001586914063,3682500
2023-04-24,385.239990234375,387.0499877929688,381.6300048828125,383.3500061035156,373.7574768066406,2059700
2023-04-25,385.0499877929688,390.4800109863281,384.0,384.8399963378906,375.210205078125,2648600
2023-04-26,381.1199951171875,381.5,370.6799926757813,376.2699890136719,366.8545837402344,3161200
2023-04-27,391.260009765625,398.5299987792969,380.7699890136719,390.3500061035156,380.5823364257813,4981300
2023-04-28,398.0,404.30999755859375,392.510009765625,395.8599853515625,385.9544982910156,5350100
2023-05-01,397.260009765625,407.3500061035156,392.260009765625,405.80999755859375,395.6554870605469,4091100
2023-05-02,407.0,411.5400085449219,399.260009765625,404.2000122070313,394.0857543945313,3884600
2023-05-03,415.0299987792969,434.2000122070313,414.30999755859375,431.1900024414063,420.40032958984375,10129800
2023-05-04,431.4500122070313,432.7000122070313,425.2200012207031,428.4400024414063,417.71923828125,4070700
2023-05-05,428.1000061035156,431.2699890136719,424.55999755859375,427.80999755859375,417.10498046875,2753400
2023-05-08,426.2000122070313,435.0,423.0,432.7200012207031,421.89208984375,2478600
2023-05-09,431.7699890136719,435.6000061035156,428.0499877929688,428.3800048828125,417.6607360839844,2601600
2023-05-10,426.05999755859375,438.3900146484375,426.05999755859375,435.9200134277344,425.0120544433594,2766300
2023-05-11,436.7000122070313,436.8500061035156,431.1199951171875,435.5499877929688,424.65130615234375,2595900
2023-05-12,440.1600036621094,445.5400085449219,434.4200134277344,434.4299926757813,424.66107177734375,3939200
2023-05-15,435.3699951171875,436.0,430.6700134277344,434.510009765625,424.7392272949219,2234800
2023-05-16,434.2000122070313,438.4800109863281,430.6600036621094,436.6499938964844,426.8311462402344,2128800
2023-05-17,438.7999877929688,438.9500122070313,432.7300109863281,437.4700012207031,427.6327209472656,2274200
2023-05-18,436.510009765625,439.5199890136719,433.5899963378906,437.8900146484375,428.0433044433594,2268100
2023-05-19,439.0,447.510009765625,439.0,442.3800048828125,432.4323425292969,3442800
2023-05-22,444.30999755859375,454.9500122070313,432.3900146484375,433.989990234375,424.23095703125,4398000
2023-05-23,432.9200134277344,435.8900146484375,421.510009765625,423.2099914550781,413.693359375,4492100
2023-05-24,424.0,428.9599914550781,420.260009765625,425.7699890136719,416.1958618164063,3133000
2023-05-25,426.3800048828125,428.2000122070313,419.7999877929688,427.30999755859375,417.7012023925781,2882200
2023-05-26,424.8999938964844,431.6700134277344,423.6700134277344,425.7900085449219,416.2153930664063,2338400
2023-05-30,423.7900085449219,428.7300109863281,422.05999755859375,427.239990234375,417.6327209472656,2595700
2023-05-31,427.0,430.55999755859375,424.010009765625,429.4599914550781,419.8027648925781,3950900
2023-06-01,430.2699890136719,436.7900085449219,428.1300048828125,436.489990234375,426.6746520996094,2914400
2023-06-02,439.9599914550781,444.7000122070313,436.7799987792969,442.3299865722656,432.3834228515625,2499000
2023-06-05,443.0,447.7999877929688,441.7099914550781,444.260009765625,434.27001953125,2113800
2023-06-06,447.8299865722656,448.8699951171875,440.0199890136719,443.0700073242188,433.1068115234375,1495300
2023-06-07,440.2000122070313,446.6900024414063,435.6799926757813,436.3699951171875,426.5574645996094,2458300
2023-06-08,435.8800048828125,447.4700012207031,432.3399963378906,445.6600036621094,435.6385803222656,2040300
2023-06-09,449.2999877929688,449.2999877929688,442.6000061035156,446.0400085449219,436.0100402832031,2082000
2023-06-12,446.1499938964844,446.989990234375,438.6799926757813,445.30999755859375,435.29638671875,2566600
2023-06-13,443.6700134277344,447.3999938964844,442.25,445.7200012207031,435.6971740722656,1766300
2023-06-14,444.2900085449219,448.7799987792969,443.5400085449219,447.7200012207031,437.6521911621094,2163300
2023-06-15,448.0,456.5799865722656,447.6900024414063,453.9299926757813,443.72259521484375,2287100
2023-06-16,455.7999877929688,456.9800109863281,447.5,447.7099914550781,437.6424560546875,4295700
2023-06-20,445.8599853515625,454.8800048828125,445.1099853515625,451.9500122070313,441.7870788574219,2506300
2023-06-21,454.5,455.3399963378906,450.2099914550781,453.0,442.8134765625,2347500
2023-06-22,455.0,462.260009765625,453.8200073242188,457.6799926757813,447.3882141113281,2912500
2023-06-23,457.0,460.010009765625,452.3200073242188,458.8399963378906,448.5221862792969,4832100
2023-06-26,465.260009765625,465.260009765625,448.9200134277344,452.760009765625,442.578857421875,3214700
2023-06-27,462.5,467.9800109863281,451.7000122070313,464.5,454.0548706054688,4138700
2023-06-28,468.510009765625,468.5299987792969,457.3200073242188,458.7000122070313,448.3852844238281,2854700
2023-06-29,459.05999755859375,465.8299865722656,457.510009765625,464.489990234375,454.0451049804688,2112400
2023-06-30,464.6499938964844,469.8699951171875,464.0,468.9800109863281,458.4341430664063,3173200
2023-07-03,466.260009765625,466.260009765625,457.3699951171875,461.4200134277344,451.0441589355469,2113200
2023-07-05,462.1000061035156,467.25,460.0,465.7000122070313,455.2278747558594,2130200
2023-07-06,463.1199951171875,467.6000061035156,461.6199951171875,463.2099914550781,452.79388427734375,2191700
2023-07-07,462.3299865722656,463.6099853515625,451.239990234375,452.0799865722656,441.9141845703125,2914700
2023-07-10,452.9599914550781,454.6700134277344,449.7099914550781,453.1600036621094,442.9699401855469,2011400
2023-07-11,450.0,450.55999755859375,437.6099853515625,439.3900146484375,429.5095520019531,3570900
2023-07-12,438.4700012207031,444.2999877929688,435.010009765625,440.6000061035156,430.6922912597656,3107800
2023-07-13,440.2300109863281,442.239990234375,434.3399963378906,434.7000122070313,424.9250183105469,2865100
2023-07-14,441.1000061035156,450.4500122070313,440.8699951171875,449.4599914550781,439.3531188964844,2955000
2023-07-17,449.4500122070313,450.6199951171875,443.260009765625,447.1400146484375,437.0852355957031,2347900
2023-07-18,446.9500122070313,453.3200073242188,445.0400085449219,451.2000122070313,441.053955078125,2237000
2023-07-19,451.3999938964844,455.0,448.55999755859375,453.55999755859375,443.3608703613281,2212800
2023-07-20,455.1499938964844,465.2200012207031,455.0,463.8200073242188,453.3901672363281,2624200
2023-07-21,465.4100036621094,467.0400085449219,461.9700012207031,462.0400085449219,451.6501770019531,2226700
2023-07-24,462.0,465.6400146484375,457.6700134277344,459.3200073242188,448.9913940429688,2190700
2023-07-25,457.760009765625,460.9200134277344,456.6000061035156,457.5400085449219,447.25140380859375,1737800
2023-07-26,455.0,455.0,446.55999755859375,453.5899963378906,443.3901977539063,1959800
2023-07-27,453.3200073242188,458.6799926757813,452.25,454.989990234375,444.7587585449219,1883500
2023-07-28,455.1300048828125,459.5700073242188,451.7799987792969,458.4800109863281,448.1702880859375,1437600
2023-07-31,459.0199890136719,459.0199890136719,450.7999877929688,454.5499877929688,444.32855224609375,2110200
2023-08-01,455.3500061035156,457.3699951171875,451.4500122070313,453.0899963378906,442.9014587402344,1738200
2023-08-02,455.2300109863281,461.6400146484375,451.3200073242188,454.4800109863281,444.2601623535156,2366600
2023-08-03,450.7799987792969,454.1000061035156,448.260009765625,449.1600036621094,439.0599060058594,2414100
2023-08-04,449.239990234375,452.4700012207031,446.8900146484375,449.489990234375,439.3823547363281,1870400
2023-08-07,453.25,455.0,450.5799865722656,454.0799865722656,443.8692626953125,2446400
2023-08-08,506.0,538.0,502.7099914550781,521.5999755859375,509.870849609375,15094500
2023-08-09,520.3699951171875,532.530029296875,516.8900146484375,526.22998046875,514.3966674804688,5376600
2023-08-10,523.469970703125,528.739990234375,519.989990234375,521.3400268554688,509.6168212890625,4108500
2023-08-11,523.719970703125,531.8099975585938,520.0,528.280029296875,516.400634765625,2524300
2023-08-14,531.280029296875,542.2999877929688,529.25,538.0,527.0294799804688,3981100
2023-08-15,537.72998046875,547.2899780273438,533.780029296875,546.6199951171875,535.4737548828125,2826800
2023-08-16,547.4000244140625,552.8699951171875,542.5,546.239990234375,535.101318359375,2597100
2023-08-17,543.2100219726562,548.7999877929688,537.3900146484375,537.6599731445312,526.6964111328125,2549900
2023-08-18,535.030029296875,547.77001953125,533.9000244140625,546.4299926757812,535.2875366210938,2958600
2023-08-21,546.989990234375,553.5,545.75,550.0499877929688,538.8336791992188,2305400
2023-08-22,549.530029296875,556.0999755859375,547.280029296875,553.6599731445312,542.3701782226562,1936600
2023-08-23,556.719970703125,557.4000244140625,548.2100219726562,553.3599853515625,542.0762329101562,2121300
2023-08-24,552.7000122070312,556.97998046875,547.2999877929688,548.0,536.8256225585938,1776700
2023-08-25,549.6300048828125,556.0999755859375,547.0800170898438,553.6500244140625,542.3603515625,1847600
2023-08-28,550.1300048828125,556.22998046875,550.1199951171875,553.9199829101562,542.6248168945312,1373700
2023-08-29,553.4500122070312,556.3499755859375,549.8599853515625,553.9000244140625,542.6051635742188,1701200
2023-08-30,555.010009765625,557.75,547.0399780273438,547.989990234375,536.8157348632812,2191100
2023-08-31,547.02001953125,557.4099731445312,543.0,554.2000122070312,542.8991088867188,3043400
2023-09-01,556.3200073242188,559.2100219726562,553.510009765625,557.1099853515625,545.749755859375,2030800
2023-09-05,559.22998046875,561.9299926757812,556.7100219726562,558.1900024414062,546.8078002929688,2257200
2023-09-06,561.02001953125,561.5900268554688,552.7000122070312,559.9500122070312,548.5317993164062,2424300
2023-09-07,564.1900024414062,576.3099975585938,562.6199951171875,573.22998046875,561.5410766601562,3707100
2023-09-08,572.3300170898438,587.5499877929688,571.219970703125,586.4600219726562,574.5012817382812,4308300
2023-09-11,587.1500244140625,598.1599731445312,584.47998046875,595.5599975585938,583.4157104492188,3876500
2023-09-12,590.969970703125,601.1300048828125,587.8499755859375,599.2999877929688,587.0795288085938,3212100
2023-09-13,594.6599731445312,600.75,591.7000122070312,598.8800048828125,586.6680908203125,3126600
2023-09-14,599.239990234375,601.8400268554688,590.010009765625,591.6099853515625,579.5462036132812,3244800
2023-09-15,592.0,594.0599975585938,575.0599975585938,575.6599731445312,563.9214477539062,5941200
2023-09-18,578.0,578.0,564.4099731445312,571.280029296875,559.6307983398438,2723600
2023-09-19,571.6199951171875,578.4099731445312,570.6300048828125,574.9600219726562,563.23583984375,2185100
2023-09-20,573.4199829101562,575.25,569.1900024414062,569.6400146484375,558.024169921875,1869900
2023-09-21,567.1900024414062,568.0,542.5,550.1300048828125,538.912109375,4049900
2023-09-22,548.8099975585938,555.489990234375,547.6300048828125,550.5399780273438,539.3135986328125,2353800
2023-09-25,550.0999755859375,552.6599731445312,545.75,552.2899780273438,541.0280151367188,1686500
2023-09-26,550.7000122070312,554.1300048828125,548.0,550.010009765625,538.7943725585938,1864300
2023-09-27,549.8900146484375,551.6900024414062,543.6699829101562,549.760009765625,538.5496215820312,2004200
2023-09-28,551.3200073242188,551.6799926757812,541.4000244140625,544.4500122070312,533.3479614257812,2178800
2023-09-29,545.489990234375,546.0900268554688,532.2000122070312,537.1300048828125,526.1771240234375,2967700
2023-10-02,536.010009765625,540.6400146484375,526.8099975585938,538.2899780273438,527.3134765625,2810100
2023-10-03,536.0,537.3400268554688,516.5700073242188,525.1900024414062,514.480712890625,3266100
2023-10-04,525.5599975585938,536.1699829101562,523.6300048828125,531.4600219726562,520.6228637695312,2220400
2023-10-05,533.5399780273438,542.5,531.6099853515625,541.47998046875,530.4384765625,2950700
2023-10-06,544.0,566.3599853515625,542.7100219726562,565.219970703125,553.6942749023438,4745200
2023-10-09,564.02001953125,579.7899780273438,563.5800170898438,571.760009765625,560.1009521484375,4208100
2023-10-10,570.0,585.9500122070312,569.72998046875,579.3099975585938,567.4970703125,3526700
2023-10-11,596.2000122070312,608.7899780273438,585.010009765625,605.280029296875,592.9375,5850600
2023-10-12,605.4600219726562,613.0,602.2000122070312,610.5,598.0509643554688,4063500
2023-10-13,617.8900146484375,629.969970703125,602.5599975585938,609.2000122070312,596.777587890625,3963800
2023-10-16,610.989990234375,621.97998046875,608.4299926757812,616.6400146484375,604.06591796875,2941500
2023-10-17,619.0,620.4000244140625,602.530029296875,608.3099975585938,595.9057006835938,2911700
2023-10-18,607.239990234375,615.8800048828125,603.239990234375,607.239990234375,594.8574829101562,2049100
2023-10-19,605.0,605.0,578.3400268554688,590.7999877929688,578.7528686523438,3493700
2023-10-20,590.0,596.9199829101562,580.8800048828125,584.6400146484375,572.7184448242188,3666900
2023-10-23,586.0599975585938,588.3400268554688,576.1400146484375,576.6500244140625,564.8912963867188,2781900
2023-10-24,580.0,594.52001953125,579.1099853515625,592.4299926757812,580.3497314453125,2633000
2023-10-25,596.9400024414062,599.7000122070312,585.8699951171875,586.4600219726562,574.5012817382812,2283300
2023-10-26,580.0,581.0,566.1599731445312,568.0999755859375,556.515625,2846500
2023-10-27,563.010009765625,570.8099975585938,556.6400146484375,560.22998046875,548.8060302734375,2717400
2023-10-30,571.2100219726562,573.2100219726562,562.5499877929688,565.7100219726562,554.1743774414062,2290900
2023-10-31,568.969970703125,569.6099853515625,547.6099853515625,553.9299926757812,542.6346435546875,3661400
2023-11-01,555.0,558.4299926757812,551.260009765625,554.4600219726562,543.15380859375,2935900
2023-11-02,578.3300170898438,597.4400024414062,571.989990234375,580.2899780273438,568.45703125,5181300
2023-11-03,578.4299926757812,583.0,567.1799926757812,567.8099975585938,556.2315063476562,3056500
2023-11-06,571.0999755859375,597.7100219726562,571.010009765625,595.1900024414062,583.0532836914062,3978500
2023-11-07,597.0,601.9400024414062,590.1300048828125,599.9299926757812,587.6965942382812,3168200
2023-11-08,607.6599731445312,625.8699951171875,592.1799926757812,619.1300048828125,606.5050048828125,7776400
2023-11-09,614.760009765625,615.6500244140625,583.4299926757812,591.3200073242188,579.2621459960938,6279800
2023-11-10,595.0,598.8599853515625,586.0,597.7100219726562,585.5219116210938,3645900
2023-11-13,594.3499755859375,618.75,578.1500244140625,612.7100219726562,600.216064453125,5744800
2023-11-14,608.219970703125,616.0399780273438,602.6699829101562,610.8200073242188,599.4701538085938,3827600
2023-11-15,610.8800048828125,612.9099731445312,584.4199829101562,588.5399780273438,577.6041259765625,4287000
2023-11-16,591.5,595.0900268554688,581.75,588.75,577.8101196289062,3030500
2023-11-17,592.4500122070312,596.1799926757812,587.2100219726562,591.7100219726562,580.71533203125,2628200
2023-11-20,591.4400024414062,604.8599853515625,590.6900024414062,597.5999755859375,586.4957275390625,2827200
2023-11-21,598.4400024414062,601.5599975585938,591.77001953125,592.5999755859375,581.5886840820312,1851600
2023-11-22,595.4000244140625,599.1799926757812,586.75,595.0900268554688,584.0325317382812,2052200
2023-11-24,598.3599853515625,603.5,596.97998046875,601.0999755859375,589.9306640625,1341700
2023-11-27,601.1699829101562,603.6900024414062,591.1400146484375,591.530029296875,580.53857421875,2630700
2023-11-28,592.0,595.3800048828125,589.3599853515625,591.5999755859375,580.6072387695312,1793900
2023-11-29,592.2000122070312,594.5399780273438,584.4400024414062,591.8599853515625,580.8624267578125,1908600
2023-11-30,591.4600219726562,596.22998046875,586.2100219726562,591.0399780273438,580.0577392578125,5658400
2023-12-01,591.7000122070312,601.969970703125,583.0,584.0399780273438,573.1878662109375,3638600
2023-12-04,582.1300048828125,587.0900268554688,574.3300170898438,585.6799926757812,574.7971801757812,2577100
2023-12-05,583.280029296875,591.7999877929688,579.3699951171875,588.1500244140625,577.2213745117188,2157300
2023-12-06,590.739990234375,593.9000244140625,584.4000244140625,589.25,578.3009033203125,2093100
2023-12-07,588.280029296875,588.8699951171875,577.6099853515625,588.27001953125,577.3391723632812,2095000
2023-12-08,589.0,598.2999877929688,584.77001953125,598.0499877929688,586.9374389648438,2446800
2023-12-11,598.6599731445312,601.1900024414062,567.4099731445312,584.0399780273438,573.1878662109375,5614100
2023-12-12,582.0,585.8499755859375,578.1699829101562,584.760009765625,573.8943481445312,2846100
2023-12-13,583.260009765625,598.6699829101562,582.3099975585938,597.5,586.3976440429688,3112500
2023-12-14,594.5,594.5,568.6900024414062,573.6699829101562,563.0103759765625,5275900
2023-12-15,572.0999755859375,573.7100219726562,561.6500244140625,572.0399780273438,561.4105834960938,5317000
2023-12-18,576.469970703125,583.0499877929688,575.7000122070312,579.760009765625,568.9872436523438,3033900
2023-12-19,580.25,585.1099853515625,577.25,579.8099975585938,569.0364379882812,2192700
2023-12-20,576.47998046875,579.8599853515625,570.030029296875,570.2100219726562,559.61474609375,2647100
2023-12-21,571.4099731445312,575.0,567.02001953125,572.0,561.3714599609375,1786500
2023-12-22,573.02001953125,575.9000244140625,567.4199829101562,570.3900146484375,559.7913208007812,2226100
2023-12-26,569.5,572.77001953125,567.6400146484375,570.6699829101562,560.0660400390625,1678700
2023-12-27,570.5,583.6799926757812,570.5,581.510009765625,570.7047729492188,2163400
2023-12-28,581.97998046875,586.6900024414062,580.0,580.8499755859375,570.0570678710938,1973500
2023-12-29,582.8499755859375,586.1699829101562,579.469970703125,582.9199829101562,572.0885620117188,2000100
2024-01-02,580.4099731445312,592.719970703125,579.0499877929688,592.2000122070312,581.1961669921875,3226700
2024-01-03,600.0,619.8400268554688,598.7999877929688,617.7000122070312,606.2222900390625,5130300
2024-01-04,625.260009765625,636.4099731445312,613.27001953125,614.5,603.081787109375,6272500
2024-01-05,614.0,619.9400024414062,610.1900024414062,618.5499877929688,607.0565185546875,2404000
2024-01-08,622.4299926757812,626.0599975585938,609.5900268554688,626.030029296875,614.3974609375,2453900
2024-01-09,630.1099853515625,634.4199829101562,623.719970703125,625.47998046875,613.8577270507812,2918900
2024-01-10,628.489990234375,637.0499877929688,625.760009765625,630.1900024414062,618.4803466796875,2679100
2024-01-11,634.3900146484375,639.760009765625,628.1400146484375,635.719970703125,623.9075317382812,2690300
2024-01-12,638.2000122070312,644.0,633.010009765625,642.9199829101562,630.9735107421875,2067800
2024-01-16,643.9099731445312,647.72998046875,633.6699829101562,634.5700073242188,622.7788696289062,2413600
2024-01-17,639.4500122070312,640.52001953125,625.1900024414062,628.9099731445312,617.2239990234375,2124100
2024-01-18,621.280029296875,623.8800048828125,612.7000122070312,623.3499755859375,611.767333984375,3385000
2024-01-19,622.3900146484375,629.5900268554688,620.0,628.5800170898438,616.9000854492188,3125000
2024-01-22,630.0,632.6400146484375,625.0,630.8800048828125,619.1574096679688,2030200
2024-01-23,627.6900024414062,630.0,614.8200073242188,629.6799926757812,617.979736328125,2525000
2024-01-24,633.52001953125,643.1699829101562,632.0,633.7000122070312,621.925048828125,2276900
2024-01-25,627.3699951171875,632.6099853515625,624.6799926757812,627.6199951171875,615.9578857421875,2407900
2024-01-26,637.3499755859375,639.5999755859375,630.5,639.25,627.371826171875,2410300
2024-01-29,641.5,645.6500244140625,639.77001953125,645.0,633.0150756835938,2718500
2024-01-30,645.7000122070312,646.7999877929688,641.0,644.97998046875,632.9954223632812,2006100
2024-01-31,650.3800048828125,663.5499877929688,637.0,645.6099853515625,633.6137084960938,4719000
2024-02-01,647.3300170898438,660.52001953125,643.1699829101562,660.4299926757812,648.1582641601562,2494300
2024-02-02,662.3800048828125,672.6199951171875,659.739990234375,667.6500244140625,655.2442016601562,3019200
2024-02-05,691.02001953125,711.8800048828125,682.530029296875,706.2000122070312,693.077880859375,7602400
2024-02-06,742.0,742.0,691.0999755859375,705.030029296875,691.9296264648438,8187300
2024-02-07,710.3800048828125,740.989990234375,707.02001953125,725.3800048828125,711.9014892578125,5798000
2024-02-08,728.3200073242188,741.0,725.75,735.6799926757812,722.0100708007812,4636900
2024-02-09,735.5,745.7000122070312,733.6099853515625,740.1599731445312,726.40673828125,2833900
2024-02-12,740.7999877929688,740.7999877929688,726.4500122070312,737.260009765625,723.5606689453125,2932300
2024-02-13,730.1799926757812,742.97998046875,730.1799926757812,742.969970703125,729.1646118164062,2860300
2024-02-14,745.8200073242188,764.0499877929688,745.0,757.3099975585938,744.5408935546875,3394300
2024-02-15,755.7999877929688,762.989990234375,750.010009765625,757.780029296875,745.0031127929688,2507000
2024-02-16,771.030029296875,794.469970703125,763.5,782.0599975585938,768.87353515625,5009400
2024-02-20,790.0,793.3800048828125,753.2000122070312,755.6599731445312,742.918701171875,4701100
2024-02-21,738.0800170898438,749.5,733.239990234375,745.9099731445312,733.333251953125,3541800
2024-02-22,763.5800170898438,775.1199951171875,756.27001953125,769.6400146484375,756.6630249023438,3167400
2024-02-23,774.0,777.6500244140625,762.260009765625,769.5399780273438,756.5646362304688,2394800
2024-02-26,771.2999877929688,780.219970703125,769.1199951171875,771.9199829101562,758.9046630859375,2243800
2024-02-27,754.9000244140625,772.9500122070312,745.4400024414062,765.0,752.101318359375,2716700
2024-02-28,762.25,763.0,751.6599731445312,757.6400146484375,744.8652954101562,2716300
2024-02-29,753.0800170898438,756.4600219726562,744.030029296875,753.6799926757812,740.97216796875,3905400
2024-03-01,769.02001953125,784.0800170898438,764.1300048828125,782.1199951171875,768.9325561523438,4247500
2024-03-04,796.4400024414062,800.780029296875,786.1599731445312,792.280029296875,778.9213256835938,3855600
2024-03-05,785.3099975585938,788.530029296875,769.280029296875,777.5900268554688,764.4789428710938,3168700
2024-03-06,784.2899780273438,787.8499755859375,774.0,779.77001953125,766.6221923828125,2518600
2024-03-07,771.8400268554688,792.989990234375,761.1199951171875,780.1599731445312,767.005615234375,3977400
2024-03-08,780.0,780.0,755.0,762.1400146484375,749.2894287109375,4054900
2024-03-11,752.2100219726562,756.7999877929688,727.6199951171875,734.3699951171875,721.9877319335938,3968900
2024-03-12,740.9600219726562,755.969970703125,738.010009765625,754.9500122070312,742.220703125,2701700
2024-03-13,757.0,760.77001953125,745.7100219726562,757.8400268554688,745.06201171875,2357500
2024-03-14,764.9500122070312,768.0,749.4000244140625,760.72998046875,747.9031982421875,2647500
2024-03-15,755.3800048828125,760.8900146484375,747.7100219726562,754.1699829101562,741.4537963867188,3730100
2024-03-18,762.280029296875,769.6799926757812,758.25,762.6599731445312,749.8007202148438,2521400
2024-03-19,758.4400024414062,773.8499755859375,755.0,772.780029296875,759.75,2557100
2024-03-20,770.1099853515625,773.1599731445312,756.6400146484375,772.8599853515625,759.8286743164062,2038000
2024-03-21,774.0,780.5399780273438,758.8800048828125,770.260009765625,757.2725830078125,3013200
2024-03-22,770.0,777.0,767.280029296875,770.6099853515625,757.6166381835938,1981000
2024-03-25,771.0999755859375,778.489990234375,768.1500244140625,773.1400146484375,760.1040649414062,1806600
2024-03-26,774.2000122070312,778.3300170898438,769.0,774.9000244140625,761.8343505859375,2099000
2024-03-27,778.7100219726562,785.260009765625,767.3800048828125,778.1799926757812,765.0590209960938,2297700
2024-03-28,780.3200073242188,793.6699829101562,776.4400024414062,777.9600219726562,764.8426513671875,3209400
2024-04-01,776.0,777.5,753.8200073242188,760.5499877929688,747.726318359375,2921300
2024-04-02,755.0700073242188,765.0700073242188,753.5,763.9600219726562,751.0789794921875,2596800
2024-04-03,765.6900024414062,787.25,765.4099731445312,775.989990234375,762.9058837890625,3044900
2024-04-04,781.5399780273438,787.9000244140625,767.8200073242188,768.0800170898438,755.1293334960938,2354000
2024-04-05,765.469970703125,786.7100219726562,763.0900268554688,784.2100219726562,770.9873657226562,2113400
2024-04-08,785.02001953125,785.2000122070312,773.3499755859375,777.2899780273438,764.1839599609375,1664200
2024-04-09,777.6400146484375,777.8200073242188,750.6500244140625,757.239990234375,744.4721069335938,2464100
2024-04-10,751.280029296875,765.260009765625,746.8300170898438,761.97998046875,749.132080078125,1700300
2024-04-11,759.780029296875,763.3300170898438,750.6699829101562,759.5900268554688,746.782470703125,1594800
2024-04-12,759.5700073242188,763.5,749.7899780273438,751.6400146484375,738.9666137695312,2495000
2024-04-15,760.0700073242188,768.0,749.52001953125,750.77001953125,738.1112060546875,2358600
2024-04-16,751.6799926757812,753.1400146484375,743.0,746.739990234375,734.149169921875,2569800
2024-04-17,759.2000122070312,771.8300170898438,744.8800048828125,750.77001953125,738.1112060546875,3069400
2024-04-18,749.4199829101562,752.2000122070312,743.77001953125,745.9500122070312,733.37255859375,1717300
2024-04-19,749.1599731445312,750.010009765625,722.0700073242188,726.3099975585938,714.0636596679688,3505500
2024-04-22,729.739990234375,737.8800048828125,725.4199829101562,731.3300170898438,718.9989624023438,2354100
2024-04-23,741.2000122070312,746.1599731445312,731.4400024414062,745.6900024414062,733.1168823242188,2042000
2024-04-24,752.6400146484375,752.6400146484375,728.7899780273438,732.2000122070312,719.8541870117188,2133400
2024-04-25,725.0,727.989990234375,718.2999877929688,724.8699951171875,712.6478881835938,2608800
2024-04-26,723.47998046875,737.4500122070312,721.0,733.510009765625,721.1422729492188,2009200
2024-04-29,735.75,740.5800170898438,729.6099853515625,737.2000122070312,724.77001953125,2665600
2024-04-30,775.0,795.5,767.6599731445312,781.0999755859375,767.9298095703125,7437100
2024-05-01,774.760009765625,782.6099853515625,768.25,776.75,763.6531372070312,2802100
2024-05-02,777.3400268554688,777.3400268554688,754.2899780273438,755.9099731445312,743.1644897460938,3205600
2024-05-03,743.0,745.0,730.3400268554688,734.969970703125,722.5775146484375,4595100
2024-05-06,738.0399780273438,766.989990234375,736.0,766.6799926757812,753.7529907226562,3398300
2024-05-07,768.9000244140625,779.0900268554688,762.1099853515625,777.77001953125,764.656005859375,2879400
2024-05-08,779.0999755859375,781.3499755859375,772.2000122070312,775.0,761.9326171875,2089800
2024-05-09,777.0,784.0,769.2000122070312,771.5499877929688,758.5408325195312,2522100
2024-05-10,774.02001953125,777.4199829101562,760.0,760.0,747.185546875,2082300
2024-05-13,763.5,763.5499877929688,750.530029296875,757.7000122070312,744.9244384765625,1848900
2024-05-14,751.52001953125,764.5,751.52001953125,763.97998046875,751.098388671875,1956200
2024-05-15,764.1500244140625,787.6599731445312,763.0999755859375,787.02001953125,775.0687866210938,3038300
2024-05-16,784.7100219726562,786.47998046875,770.1400146484375,771.1199951171875,759.4102172851562,2299700
2024-05-17,772.8900146484375,774.8699951171875,767.0999755859375,770.0,758.3073120117188,1670300
2024-05-20,766.9000244140625,784.3300170898438,766.1199951171875,783.1799926757812,771.287109375,2188800
2024-05-21,792.4600219726562,816.6099853515625,791.3900146484375,803.1699829101562,790.9735107421875,4334500
2024-05-22,801.0,804.8800048828125,795.25,802.9099731445312,790.7174072265625,1767500
2024-05-23,810.0,820.6099853515625,802.1599731445312,808.4500122070312,796.1734008789062,3025800
2024-05-24,808.0,810.1199951171875,804.1500244140625,807.4299926757812,795.1688842773438,1778100
2024-05-28,809.0,809.0,788.25,807.8599853515625,795.5923461914062,2483500
2024-05-29,803.0,815.6099853515625,802.0900268554688,811.530029296875,799.2067260742188,2380000
2024-05-30,812.7899780273438,819.989990234375,806.1099853515625,815.0599975585938,802.68310546875,1984600
2024-05-31,818.7999877929688,826.2100219726562,811.0999755859375,820.3400268554688,807.8828735351562,4472100
2024-06-03,823.8300170898438,838.280029296875,818.5,831.260009765625,818.6370239257812,2537200
2024-06-04,834.0,835.469970703125,825.3099975585938,832.5900268554688,819.9468383789062,1748300
2024-06-05,830.489990234375,838.4500122070312,817.6199951171875,831.760009765625,819.12939453125,2169000
2024-06-06,834.8800048828125,846.969970703125,831.8800048828125,837.2899780273438,824.5755004882812,2109000
2024-06-07,837.760009765625,856.8099975585938,837.010009765625,849.989990234375,837.0825805664062,2468800
2024-06-10,853.97998046875,871.6300048828125,849.3900146484375,865.0,851.86474609375,3417500
2024-06-11,882.1400146484375,882.1400146484375,852.22998046875,865.8200073242188,852.6721801757812,4109100
2024-06-12,872.0,872.0,853.8499755859375,867.2999877929688,854.1296997070312,2594600
2024-06-13,869.030029296875,885.0599975585938,861.5,883.3300170898438,869.9163208007812,2243400
2024-06-14,882.3300170898438,884.6099853515625,876.0,878.4500122070312,865.1104736328125,2023300
2024-06-17,878.0,892.2000122070312,876.8599853515625,885.010009765625,871.57080078125,2532200
2024-06-18,887.0,894.8699951171875,884.0,891.4600219726562,877.9229125976562,2437000
2024-06-20,893.0,905.4500122070312,870.1300048828125,885.989990234375,872.535888671875,3360000
2024-06-21,885.6599731445312,891.969970703125,879.7999877929688,883.8800048828125,870.4580078125,3445900
2024-06-24,889.97998046875,903.5800170898438,882.9400024414062,890.1099853515625,876.5933837890625,2878200
2024-06-25,891.77001953125,909.4199829101562,891.5,904.6099853515624,890.873046875,2830100
2024-06-26,904.0,906.3499755859376,897.8400268554688,901.260009765625,887.5740356445312,2232100
2024-06-27,903.530029296875,909.5700073242188,899.719970703125,909.0399780273438,895.23583984375,1948100
2024-06-28,911.3099975585938,915.5399780273438,905.3800048828124,905.3800048828124,891.6315307617188,3375400
2024-07-01,911.77001953125,916.8300170898438,904.3099975585938,914.3699951171876,900.4849243164062,2546100
2024-07-02,902.7100219726562,912.0,878.5,906.7100219726562,892.9412841796875,4584600
2024-07-03,911.0,918.5,884.0,898.0999755859375,884.4619750976562,3078400
2024-07-05,898.4299926757812,916.4600219726562,896.9000244140625,914.5700073242188,900.6819458007812,2880900
2024-07-08,917.8900146484376,928.6099853515624,912.0,918.0,904.059814453125,2364600
2024-07-09,929.0499877929688,935.0,920.780029296875,932.5,918.339599609375,2416000
2024-07-10,936.5700073242188,945.6900024414062,933.0,939.780029296875,925.509033203125,2683300
2024-07-11,934.0900268554688,942.8800048828124,918.6199951171876,934.1400146484376,919.9547729492188,2855100
2024-07-12,937.0,950.7899780273438,936.030029296875,948.4000244140624,933.9982299804688,2315100
2024-07-15,956.2000122070312,966.0999755859376,948.0900268554688,950.4600219726562,936.0269165039062,2358700
2024-07-16,955.75,956.3900146484376,938.3800048828124,941.5999755859376,927.3014526367188,2111800
2024-07-17,910.010009765625,925.0,902.6400146484376,905.5900268554688,891.83837890625,4200600
2024-07-18,907.030029296875,909.8699951171876,836.6599731445312,848.9000244140625,836.0091552734375,7649600
2024-07-19,867.6599731445312,880.2100219726562,853.0,857.469970703125,844.448974609375,3782200
2024-07-22,864.7999877929688,874.4199829101562,856.8200073242188,865.969970703125,852.8198852539062,2904500
2024-07-23,870.0,887.719970703125,864.0800170898438,878.2899780273438,864.952880859375,2087700
2024-07-24,872.5,878.3400268554688,854.27001953125,859.8800048828125,846.8224487304688,2726100
2024-07-25,847.0,851.6199951171875,806.3800048828125,821.1900024414062,808.719970703125,5468000
2024-07-26,811.8699951171875,822.010009765625,801.2999877929688,804.6199951171875,792.4014282226562,4173900
2024-07-29,814.010009765625,824.77001953125,804.0,807.7899780273438,795.5234375,2473700
2024-07-30,815.1799926757812,821.9000244140625,775.8099975585938,790.2100219726562,778.2103881835938,3848600
2024-07-31,800.1699829101562,811.1400146484375,792.0900268554688,804.27001953125,792.056884765625,2961700
2024-08-01,833.6199951171875,840.8900146484375,820.1799926757812,832.4400024414062,819.7991333007812,4060700
2024-08-02,816.6699829101562,820.1900024414062,787.02001953125,804.4600219726562,792.2440795898438,3515900
2024-08-05,758.0,792.9400024414062,747.5499877929688,775.260009765625,763.4873657226562,4661800
2024-08-06,789.1400146484375,806.27001953125,785.0,793.1799926757812,781.1353149414062,3437600
2024-08-07,778.2999877929688,786.5800170898438,763.02001953125,772.1400146484375,760.4148559570312,4407700
2024-08-08,875.0,877.780029296875,825.239990234375,845.3099975585938,832.4735717773438,9434900
2024-08-09,860.0,908.489990234375,860.0,891.6799926757812,878.1395874023438,6587600
2024-08-12,904.2100219726562,904.719970703125,883.0,884.3800048828125,870.950439453125,4206100
2024-08-13,894.0800170898438,914.6900024414062,890.3300170898438,908.0499877929688,894.2610473632812,3506800
2024-08-14,910.0,934.3800048828124,903.7899780273438,931.6799926757812,917.5321655273438,3562900
2024-08-15,936.0,937.9600219726562,920.0,931.5800170898438,918.715576171875,3080000
2024-08-16,928.3900146484376,936.2999877929688,919.3900146484376,922.1199951171876,909.38623046875,2364900
2024-08-19,922.1199951171876,926.0,916.5,921.8099975585938,909.0804443359376,2374600
2024-08-20,932.0999755859376,967.0,930.510009765625,949.969970703125,936.8515625,4961500
2024-08-21,955.6199951171876,956.5,939.1699829101562,951.969970703125,938.8239135742188,2617000
2024-08-22,951.97998046875,972.530029296875,948.1400146484376,954.1699829101562,940.9935302734376,3183700
2024-08-23,955.4400024414062,960.5,943.1099853515624,952.739990234375,939.5833129882812,2063300
2024-08-26,949.2000122070312,955.0,942.77001953125,950.530029296875,937.40380859375,2166000
2024-08-27,952.5,972.47998046875,949.9500122070312,954.47998046875,941.2992553710938,2912900
2024-08-28,954.1500244140624,958.3400268554688,943.260009765625,948.9400024414062,935.8358764648438,1701800
2024-08-29,955.0,957.52001953125,936.0,940.2000122070312,927.2164916992188,1762800
2024-08-30,945.0,961.0,940.510009765625,960.02001953125,946.7628173828124,2555100
2024-09-03,957.77001953125,969.6500244140624,951.5800170898438,956.530029296875,943.321044921875,2529400
2024-09-04,949.75,954.0,938.010009765625,946.3099975585938,933.2421264648438,1891700
2024-09-05,941.1599731445312,943.0,906.1699829101562,912.75,900.1455688476562,3201100
2024-09-06,917.760009765625,927.9000244140624,893.0,902.7100219726562,890.2442626953125,3440000
2024-09-09,912.5700073242188,915.4299926757812,895.9199829101562,908.27001953125,895.7274169921875,2405900
2024-09-10,914.1099853515624,915.1099853515624,895.0,901.25,888.8043212890625,1930400
2024-09-11,902.1500244140624,921.5399780273438,897.2000122070312,920.8900146484376,908.1732177734376,2721100
2024-09-12,924.3099975585938,937.6199951171876,918.6300048828124,935.02001953125,922.1080322265624,2510800
2024-09-13,937.010009765625,942.3499755859376,922.0999755859376,923.7100219726562,910.9542846679688,2045400
2024-09-16,931.1300048828124,932.6099853515624,920.4299926757812,923.5399780273438,910.7864990234376,1760300
2024-09-17,921.5,921.5,902.2999877929688,906.1799926757812,893.666259765625,2248000
2024-09-18,906.3099975585938,915.5,903.4600219726562,904.969970703125,892.472900390625,1777000
2024-09-19,912.8499755859376,916.8099975585938,903.8599853515624,915.0399780273438,902.4039916992188,2446500
2024-09-20,921.989990234375,939.8599853515624,913.2000122070312,921.489990234375,908.764892578125,9921800
2024-09-23,921.0,922.0,909.4500122070312,918.52001953125,905.8358764648438,2292000
2024-09-24,922.1199951171876,925.6799926757812,909.2000122070312,924.4299926757812,911.664306640625,2767400
2024-09-25,931.7899780273438,939.2999877929688,921.1900024414062,924.5599975585938,911.79248046875,1805100
2024-09-26,920.260009765625,921.8499755859376,905.2999877929688,909.3200073242188,896.7630615234375,2693000
2024-09-27,893.6199951171875,901.2100219726562,875.6099853515625,877.7899780273438,865.6683959960938,4377300
2024-09-30,864.52001953125,887.4299926757812,858.8099975585938,885.9400024414062,873.705810546875,3244600
2024-10-01,888.8300170898438,891.27001953125,878.8699951171875,884.47998046875,872.2660522460938,2455200
2024-10-02,880.0,893.3499755859375,878.7000122070312,891.0700073242188,878.7650146484375,1751600
2024-10-03,889.5399780273438,892.0,880.8800048828125,885.5499877929688,873.3212280273438,1974700
2024-10-04,885.9099731445312,888.969970703125,876.8900146484375,887.1599731445312,874.908935546875,1970500
2024-10-07,890.510009765625,905.280029296875,889.5700073242188,898.4000244140625,885.9937133789062,2915700
2024-10-08,903.0,921.969970703125,902.22998046875,913.719970703125,901.1021728515624,2200000
2024-10-09,916.2899780273438,921.3499755859376,912.0,919.739990234375,907.0390625,1820100
2024-10-10,920.0,922.0,905.1500244140624,910.6900024414062,898.114013671875,1682100
2024-10-11,916.0399780273438,932.239990234375,911.1799926757812,932.0599975585938,919.1889038085938,2293900
2024-10-14,936.0,937.0,926.0,929.510009765625,916.6741943359376,1550400
2024-10-15,924.4400024414062,926.52001953125,907.7999877929688,913.3200073242188,900.7077026367188,2284200
2024-10-16,910.030029296875,917.8099975585938,897.8400268554688,916.4199829101562,903.764892578125,1645400
2024-10-17,921.0,930.510009765625,916.0399780273438,917.1199951171876,904.4552001953124,2191200
2024-10-18,917.1799926757812,920.9199829101562,905.6199951171876,917.969970703125,905.29345703125,2286900
2024-10-21,917.97998046875,918.8599853515624,904.5599975585938,906.1300048828124,893.6170654296875,1592200
2024-10-22,901.6799926757812,911.1199951171876,900.2000122070312,909.1500244140624,896.5953369140625,1391800
2024-10-23,905.6199951171876,907.9500122070312,891.72998046875,903.25,890.7767944335938,2646600
2024-10-24,898.3300170898438,900.0,888.280029296875,891.3200073242188,879.0115966796875,1797100
2024-10-25,899.72998046875,900.9600219726562,889.4500122070312,892.7000122070312,880.37255859375,2228300
2024-10-28,894.8699951171875,898.2100219726562,890.780029296875,895.5900268554688,883.2225341796875,2084100
2024-10-29,898.2100219726562,907.97998046875,898.2100219726562,903.5800170898438,891.102294921875,3187500
2024-10-30,798.5,860.5,769.0,846.8300170898438,835.1358642578125,18257200
2024-10-31,836.510009765625,853.5,825.239990234375,829.739990234375,818.2818603515625,6582800
2024-11-01,828.0,833.0,816.72998046875,818.9299926757812,807.6212768554688,5266300
2024-11-04,805.0,820.1900024414062,803.6799926757812,806.1400146484375,795.0078735351562,3918100
2024-11-05,803.8300170898438,809.2100219726562,797.489990234375,806.0599975585938,794.9290161132812,3733300
2024-11-06,817.3300170898438,820.72998046875,767.6099853515625,776.3800048828125,765.65869140625,8257900
2024-11-07,784.6500244140625,802.5499877929688,778.1900024414062,797.4500122070312,786.437744140625,4557600
2024-11-08,803.5,847.27001953125,801.260009765625,831.5399780273438,820.0570068359375,7212900
2024-11-11,831.2999877929688,844.0,824.6300048828125,832.4400024414062,820.9446411132812,3342800
2024-11-12,830.2000122070312,833.989990234375,810.719970703125,818.8599853515625,807.5521240234375,3378600
2024-11-13,820.3200073242188,829.1099853515625,811.2899780273438,811.8099975585938,800.5994873046875,3059300
2024-11-14,809.1900024414062,809.1900024414062,783.510009765625,786.22998046875,775.3726196289062,3998800
2024-11-15,775.1900024414062,777.97998046875,744.2000122070312,746.2000122070312,737.1143188476562,7334600
2024-11-18,733.1900024414062,734.0,711.4000244140625,727.2000122070312,718.3456420898438,9148100
2024-11-19,716.3099975585938,730.0,712.4199829101562,729.72998046875,720.8447265625,5832500
2024-11-20,735.7899780273438,757.3699951171875,735.4600219726562,753.4099731445312,744.2365112304688,5158900
2024-11-21,746.1199951171875,753.0,735.0,749.9199829101562,740.7889404296875,4143200
2024-11-22,757.0499877929688,761.280029296875,745.0800170898438,748.010009765625,738.9022827148438,4015500
2024-11-25,750.0,755.0,740.010009765625,755.0,745.80712890625,5690500
2024-11-26,785.2000122070312,807.0,773.9500122070312,789.3200073242188,779.7091674804688,6622600
2024-11-27,788.1199951171875,794.8300170898438,780.2999877929688,788.1900024414062,778.593017578125,2714700
2024-11-29,791.3300170898438,800.3300170898438,789.3300170898438,795.3499755859375,785.665771484375,2206900
2024-12-02,798.1099853515625,805.3499755859375,795.219970703125,799.7999877929688,790.0615844726562,2895600
2024-12-03,802.9299926757812,817.1300048828125,801.6099853515625,813.3300170898438,803.4269409179688,2782100
2024-12-04,828.0999755859375,846.4600219726562,820.5,829.8400268554688,819.7359619140625,3871100
2024-12-05,827.780029296875,831.1300048828125,817.4600219726562,825.6199951171875,815.5671997070312,2423400
2024-12-06,827.6799926757812,841.0,825.6900024414062,826.7100219726562,816.64404296875,3047100
2024-12-09,823.7000122070312,823.7000122070312,801.280029296875,803.5800170898438,793.7955932617188,3176000
2024-12-10,809.27001953125,814.0,797.0,799.5800170898438,789.8443603515625,2695200
2024-12-11,795.25,799.5,786.3699951171875,796.030029296875,786.337646484375,3510900
2024-12-12,796.72998046875,801.8400268554688,778.3900146484375,782.3499755859375,772.8240966796875,2823800
2024-12-13,777.1300048828125,794.25,772.989990234375,789.1199951171875,779.51171875,3059400
2024-12-16,792.0,799.780029296875,775.25,779.0,769.514892578125,3426200
2024-12-17,777.8599853515625,788.0,772.4299926757812,778.6199951171875,769.1395263671875,3924800
2024-12-18,775.0,779.0,762.5,764.7100219726562,755.3988647460938,3354200
2024-12-19,765.0999755859375,772.969970703125,752.4000244140625,757.5399780273438,748.3162231445312,4032600
2024-12-20,811.3499755859375,811.3499755859375,766.6099853515625,767.760009765625,758.4118041992188,9942300
2024-12-23,785.1699829101562,799.3599853515625,773.0700073242188,796.280029296875,786.5845336914062,3622300
2024-12-24,791.3699951171875,797.75,787.0999755859375,795.6699829101562,785.98193359375,1165400
2024-12-26,794.1199951171875,803.9099731445312,791.5,794.1400146484375,784.4706420898438,1274200
2024-12-27,790.0,793.2999877929688,779.219970703125,783.1699829101562,773.6342163085938,2096500
2024-12-30,777.9199829101562,779.760009765625,771.0,773.8400268554688,764.417724609375,1719100
2024-12-31,771.0,773.9099731445312,764.2999877929688,772.0,762.6001586914062,2327000
2025-01-02,780.5900268554688,787.0,771.77001953125,778.0700073242188,768.59619140625,1938900
2025-01-03,778.1699829101562,785.8400268554688,775.530029296875,781.97998046875,772.4585571289062,1799100
2025-01-06,783.719970703125,784.77001953125,763.3499755859375,765.0999755859375,755.7840576171875,3991100
2025-01-07,764.9000244140625,783.9600219726562,761.6199951171875,773.2899780273438,763.87451171875,3576100
2025-01-08,773.8300170898438,792.5599975585938,770.6699829101562,787.219970703125,777.634765625,3478400
2025-01-10,791.9299926757812,800.0,784.8599853515625,799.9000244140625,790.1604614257812,3973100
2025-01-13,794.4000244140625,805.3400268554688,783.6099853515625,797.47998046875,787.7698364257812,3683800
2025-01-14,784.22998046875,784.22998046875,729.0,744.9099731445312,735.8399658203125,10373000
2025-01-15,749.0,754.5999755859375,735.27001953125,746.739990234375,737.647705078125,5736900
2025-01-16,747.5,765.510009765625,746.4000244140625,757.5999755859375,748.3754272460938,3070300
2025-01-17,747.8300170898438,755.280029296875,725.010009765625,725.719970703125,716.8836669921875,5560100
2025-01-21,731.27001953125,743.280029296875,726.530029296875,742.3499755859375,733.3110961914062,5122800
2025-01-22,745.5800170898438,760.3699951171875,739.0499877929688,753.97998046875,744.799560546875,3737800
2025-01-23,747.6599731445312,766.5999755859375,744.25,766.5999755859375,757.265869140625,3127200
2025-01-24,761.9500122070312,789.2899780273438,760.489990234375,785.4099731445312,775.8468627929688,4170600
2025-01-27,778.7100219726562,809.25,778.7100219726562,808.1699829101562,798.3297729492188,3915200
2025-01-28,807.239990234375,816.1500244140625,800.1099853515625,804.989990234375,795.1884155273438,2808800
2025-01-29,806.989990234375,809.1199951171875,799.0,804.0800170898438,794.2896728515625,1827600
2025-01-30,808.4099731445312,824.6199951171875,805.0,823.22998046875,813.2064208984375,2643000
2025-01-31,823.0,827.3499755859375,811.030029296875,811.0800170898438,801.2042846679688,2561600
2025-02-03,804.27001953125,817.9600219726562,801.75,810.4299926757812,800.562255859375,2808800
2025-02-04,811.0499877929688,829.0399780273438,805.9400024414062,826.0700073242188,816.0118408203125,4299700
2025-02-05,835.1500244140625,846.9000244140625,831.0599975585938,842.1799926757812,831.9255981445312,4578900
2025-02-06,839.52001953125,887.739990234375,835.6099853515625,870.3699951171875,859.7724609375,7138500
2025-02-07,876.530029296875,889.3599853515625,869.6199951171875,878.3099975585938,867.6157836914062,4426100
2025-02-10,877.72998046875,880.0,859.3699951171875,868.8800048828125,858.3004760742188,3065600
2025-02-11,867.030029296875,874.1900024414062,860.5,865.0,854.4677734375,1944200
2025-02-12,856.9299926757812,877.780029296875,856.1099853515625,872.969970703125,862.3406982421875,2533400
2025-02-13,877.0700073242188,883.5,867.7999877929688,871.8599853515625,861.2442626953125,2472900
2025-02-14,869.0999755859375,873.5,841.489990234375,844.27001953125,835.427490234375,3222300
2025-02-18,856.4199829101562,862.72998046875,851.3599853515625,857.2000122070312,848.2221069335938,4289400
2025-02-19,857.1799926757812,881.3300170898438,857.1799926757812,867.0499877929688,857.9689331054688,3205500
2025-02-20,866.8400268554688,880.3200073242188,864.0,873.1199951171875,863.9754028320312,2990300
2025-02-21,880.6199951171875,894.4000244140625,873.4299926757812,873.6799926757812,864.5296020507812,3940400
2025-02-24,879.2899780273438,893.1099853515625,870.02001953125,881.4000244140625,872.1687622070312,3017100
2025-02-25,890.739990234375,912.0,890.739990234375,901.7999877929688,892.35498046875,5111300
2025-02-26,898.3699951171875,922.4299926757812,896.5999755859375,915.010009765625,905.4266357421876,3032800
2025-02-27,915.719970703125,925.5,904.0599975585938,905.1599731445312,895.6798095703125,3085400
2025-02-28,901.8400268554688,921.219970703125,892.6099853515625,920.6300048828124,910.98779296875,4071100
2025-03-03,912.7999877929688,935.6300048828124,910.0,929.719970703125,919.9826049804688,3979800
2025-03-04,922.239990234375,929.1599731445312,902.7899780273438,911.0599975585938,901.5180053710938,3343500
2025-03-05,904.7999877929688,930.489990234375,901.6400146484376,929.719970703125,919.9826049804688,3109500
2025-03-06,920.4199829101562,931.3800048828124,898.280029296875,912.760009765625,903.2001953125,3273100
2025-03-07,905.3900146484376,908.0,861.3900146484375,869.5800170898438,860.4724731445312,4818100
2025-03-10,853.9099731445312,863.1900024414062,825.780029296875,829.760009765625,821.0695190429688,5962900
2025-03-11,827.2000122070312,832.3499755859375,811.6400146484375,824.0599975585938,815.42919921875,3796500
2025-03-12,814.9500122070312,834.6500244140625,813.260009765625,821.8599853515625,813.2522583007812,3014800
2025-03-13,818.239990234375,821.1099853515625,795.3800048828125,801.6500244140625,793.25390625,3566300
2025-03-14,803.1099853515625,815.2100219726562,800.0,813.47998046875,804.9600219726562,3102300
2025-03-17,816.9500122070312,829.0,814.5700073242188,824.760009765625,816.1219482421875,2546600
2025-03-18,833.4199829101562,836.2899780273438,812.6199951171875,822.510009765625,813.8954467773438,2354900
2025-03-19,821.719970703125,842.1300048828125,819.5,837.010009765625,828.24365234375,3790500
2025-03-20,839.030029296875,854.3900146484375,832.4600219726562,842.5700073242188,833.7453002929688,4402700
2025-03-21,837.7999877929688,850.4299926757812,825.3200073242188,837.5700073242188,828.7977294921875,5963800
2025-03-24,845.3200073242188,866.8699951171875,837.760009765625,864.9000244140625,855.841552734375,3102400
2025-03-25,869.5499877929688,874.9199829101562,847.9199829101562,852.3499755859375,843.4228515625,2670600
2025-03-26,845.6900024414062,851.4099731445312,826.4000244140625,826.760009765625,818.1008911132812,2562100
2025-03-27,822.8200073242188,826.77001953125,815.2899780273438,821.6699829101562,813.064208984375,2128200
2025-03-28,820.0,829.780029296875,817.4299926757812,822.510009765625,813.8954467773438,2124700
2025-03-31,808.97998046875,828.010009765625,789.4000244140625,825.9099731445312,817.2597045898438,3737000
2025-04-01,818.5999755859375,820.6599731445312,797.0,805.22998046875,796.79638671875,2987700
2025-04-02,795.0399780273438,819.8499755859375,795.0399780273438,818.219970703125,809.6503295898438,2683800
2025-04-03,810.510009765625,818.7899780273438,787.0599975585938,789.0900268554688,780.8255615234375,2675100
2025-04-04,762.1099853515625,768.27001953125,734.7000122070312,738.2100219726562,730.4783325195312,5299400
2025-04-07,697.9299926757812,748.0,677.0900268554688,723.72998046875,716.1499633789062,6274400
2025-04-08,754.97998046875,763.5,713.280029296875,726.239990234375,718.6337280273438,4115200
2025-04-09,704.4000244140625,754.8300170898438,689.0,753.7100219726562,745.8159790039062,6619000
2025-04-10,738.9000244140625,741.9500122070312,691.77001953125,720.9099731445312,713.3595581054688,4182700
2025-04-11,722.8900146484375,735.8400268554688,711.97998046875,732.4099731445312,724.7391357421875,3603400
2025-04-14,750.4500122070312,759.5599975585938,734.52001953125,754.3499755859375,746.4493408203125,3461200
2025-04-15,755.5700073242188,765.3099975585938,751.489990234375,757.1799926757812,749.2496337890625,2458100
2025-04-16,755.6400146484375,756.2999877929688,730.3400268554688,734.9000244140625,727.2030639648438,3302600
2025-04-17,840.7999877929688,858.0,821.8400268554688,839.9600219726562,831.1626586914062,10853400
2025-04-21,841.510009765625,843.9099731445312,807.0,818.02001953125,809.4524536132812,3326600
2025-04-22,821.8800048828125,832.0,814.0,827.5399780273438,818.8726806640625,3086500
2025-04-23,836.9600219726562,846.010009765625,818.6400146484375,829.4199829101562,820.7330322265625,2714600
2025-04-24,836.0,862.25,829.2100219726562,859.72998046875,850.7255859375,2939500
2025-04-25,859.6599731445312,885.5800170898438,851.0700073242188,884.5399780273438,875.2756958007812,3398900
2025-04-28,870.4400024414062,882.25,864.4099731445312,877.2899780273438,868.1016845703125,3457600
2025-04-29,877.7000122070312,892.469970703125,874.030029296875,885.2000122070312,875.9288330078125,2454400
2025-04-30,888.2000122070312,902.5,882.1199951171875,898.9500122070312,889.5349731445312,4374100
2025-05-01,844.0,850.9299926757812,792.0700073242188,794.0999755859375,785.7828979492188,12601100
2025-05-02,825.1199951171875,831.530029296875,807.5900268554688,823.6199951171875,814.9938354492188,6059400
2025-05-05,817.0,829.6400146484375,812.030029296875,821.4600219726562,812.8565063476562,2889600
2025-05-06,816.8900146484375,818.4199829101562,770.3499755859375,775.1199951171875,767.0017700195312,5982000
2025-05-07,780.5,784.3400268554688,772.260009765625,776.719970703125,768.5848999023438,3807800
2025-05-08,765.0,769.97998046875,739.0800170898438,751.4500122070312,743.5796508789062,6162000
2025-05-09,752.010009765625,762.010009765625,733.0,734.5700073242188,726.8764038085938,4072600
2025-05-12,727.8699951171875,765.3300170898438,722.1799926757812,755.5700073242188,747.6566162109375,9176100
2025-05-13,755.5499877929688,759.5,740.8499755859375,746.0599975585938,738.2462158203125,4523900
2025-05-14,749.239990234375,759.5,714.030029296875,715.5599975585938,708.0656127929688,7558500
2025-05-15,725.7000122070312,738.6799926757812,712.2100219726562,733.2899780273438,725.60986328125,5212900
2025-05-16,740.0,758.8699951171875,738.0,757.3900146484375,750.99365234375,4645100
2025-05-19,753.0,758.719970703125,747.5599975585938,755.1099853515625,748.73291015625,4062700
2025-05-20,756.0,763.5,743.0,747.010009765625,740.701416015625,3873500
2025-05-21,747.0499877929688,750.52001953125,723.969970703125,724.9500122070312,718.82763671875,4060000
2025-05-22,717.0999755859375,722.1900024414062,711.5499877929688,715.2000122070312,709.1599731445312,4249900
2025-05-23,710.0,719.6400146484375,709.0,713.7100219726562,707.6826171875,2635700
2025-05-27,717.030029296875,731.3099975585938,714.3300170898438,725.219970703125,719.0953369140625,3792700
2025-05-28,725.219970703125,729.989990234375,714.739990234375,719.3900146484375,713.3145751953125,2948800
2025-05-29,719.22998046875,727.3300170898438,716.9600219726562,722.5700073242188,716.4677734375,2785500
2025-05-30,725.0,745.9000244140625,717.1099853515625,737.6699829101562,731.4402465820312,6106200
2025-06-02,732.5,747.3699951171875,730.7000122070312,747.1199951171875,740.8104248046875,2946900
2025-06-03,746.25,757.0,741.4600219726562,750.780029296875,744.4395141601562,3056500
2025-06-04,756.3900146484375,772.6199951171875,756.0,765.8400268554688,759.3723754882812,3135900
2025-06-05,769.5,770.0,753.0499877929688,765.6799926757812,759.2136840820312,3636400
2025-06-06,768.47998046875,772.5999755859375,765.2000122070312,769.8800048828125,763.378173828125,2069900
2025-06-09,771.9500122070312,779.2899780273438,767.5900268554688,773.7100219726562,767.1759033203125,2262200
2025-06-10,777.0900268554688,808.6300048828125,777.0,807.1900024414062,800.373046875,4744400
2025-06-11,809.6500244140625,820.719970703125,805.030029296875,808.6099853515625,801.7810668945312,3125400
2025-06-12,810.3300170898438,818.5599975585938,806.3499755859375,812.030029296875,805.1721801757812,2271100
2025-06-13,810.3400268554688,825.0,808.0999755859375,819.3599853515625,812.4404296875,2754600
2025-06-16,821.6799926757812,825.0,805.760009765625,807.5800170898438,800.759765625,2821800
2025-06-17,805.1599731445312,805.1599731445312,788.9400024414062,791.239990234375,784.5577392578125,2875600
2025-06-18,789.9500122070312,790.6300048828125,779.4400024414062,785.030029296875,778.4002685546875,2442900
2025-06-20,786.0,786.0,755.5599975585938,762.72998046875,756.28857421875,6210600
2025-06-23,770.530029296875,793.2100219726562,763.8300170898438,770.6400146484375,764.1317749023438,3951500
2025-06-24,772.8900146484375,784.4400024414062,763.02001953125,778.0800170898438,771.509033203125,2788500
2025-06-25,779.0,798.9500122070312,773.5999755859375,792.2999877929688,785.60888671875,3023100
2025-06-26,793.9500122070312,798.7999877929688,788.25,795.1199951171875,788.405029296875,3118200
2025-06-27,795.7999877929688,802.5,774.6400146484375,775.4500122070312,768.9012451171875,4115100
2025-06-30,778.5399780273438,785.0,774.0,779.530029296875,772.94677734375,3041500
2025-07-01,779.530029296875,790.0,773.0,775.9000244140625,769.3473510742188,2734000
2025-07-02,776.5,779.8400268554688,768.0,779.280029296875,772.6989135742188,1978300
2025-07-03,780.4600219726562,783.5499877929688,773.0,780.6699829101562,774.0770874023438,1450800
2025-07-07,780.6799926757812,781.1500244140625,762.030029296875,772.8699951171875,766.343017578125,2576900
2025-07-08,774.8499755859375,792.6900024414062,768.7999877929688,777.6599731445312,771.092529296875,3301800
2025-07-09,783.7999877929688,794.0,781.989990234375,786.9199829101562,780.2743530273438,2703100
2025-07-10,789.6699829101562,799.489990234375,786.4299926757812,790.6500244140625,783.9727783203125,3130400
2025-07-11,786.3499755859375,795.72998046875,777.2000122070312,793.010009765625,786.3129272460938,2852500
2025-07-14,790.0,800.8800048828125,787.3599853515625,799.3400268554688,792.5894775390625,2401400
2025-07-15,801.6699829101562,805.4199829101562,764.3800048828125,771.75,765.232421875,4174100
2025-07-16,773.5,796.0399780273438,772.1599731445312,789.7999877929688,783.1300048828125,3255400
2025-07-17,786.7899780273438,790.0,760.02001953125,761.5,755.0689697265625,4107300
2025-07-18,763.8599853515625,775.9600219726562,760.5,771.7100219726562,765.1927490234375,3357700
2025-07-21,768.1699829101562,772.0,760.5,762.1799926757812,755.7432861328125,3058000
2025-07-22,763.3400268554688,778.2899780273438,762.5,776.4400024414062,769.8828125,2496600
2025-07-23,780.0,800.0900268554688,777.0800170898438,798.8900146484375,792.1432495117188,2683600
2025-07-24,801.3599853515625,810.1400146484375,797.6500244140625,805.4299926757812,798.6279907226562,2786400
2025-07-25,809.0,815.1900024414062,802.3699951171875,812.6900024414062,805.82666015625,2976900
2025-07-28,812.6500244140625,820.219970703125,802.5,808.1099853515625,801.2852783203125,2587700
2025-07-29,774.5,779.489990234375,755.1799926757812,762.9500122070312,756.5067749023438,7100700
2025-07-30,774.0,778.0999755859375,758.4099731445312,760.0800170898438,753.6610107421875,4338700
2025-07-31,747.2999877929688,766.4500122070312,735.4400024414062,740.0700073242188,733.8199462890625,5810300
2025-08-01,746.8200073242188,768.0,745.989990234375,762.3300170898438,755.8919067382812,4859500
2025-08-04,759.969970703125,774.47998046875,752.5700073242188,769.0,762.505615234375,3353400
2025-08-05,765.5700073242188,769.9400024414062,759.52001953125,765.9500122070312,759.4813842773438,3615200
2025-08-06,756.5599975585938,763.0,740.1900024414062,746.3699951171875,740.0667724609375,4752100
2025-08-07,675.6599731445312,678.2899780273438,633.2000122070312,640.8599853515625,635.44775390625,26101600
2025-08-08,655.0,656.1799926757812,623.780029296875,625.6500244140625,620.3662719726562,14125100
2025-08-11,629.4199829101562,654.4400024414062,625.9000244140625,635.219970703125,629.8553466796875,11294200
2025-08-12,639.5,646.1799926757812,629.4000244140625,639.4299926757812,634.0298461914062,6897400
2025-08-13,650.4000244140625,661.75,644.5,660.489990234375,654.9120483398438,6310000
2025-08-14,662.0,685.47998046875,655.0999755859375,684.4299926757812,678.64990234375,8395900
2025-08-15,694.2000122070312,706.7899780273438,685.7999877929688,701.22998046875,696.8351440429688,8224600
2025-08-18,695.02001953125,707.75,693.5,698.0499877929688,693.675048828125,4997300
2025-08-19,706.6099853515625,714.27001953125,698.5499877929688,703.2100219726562,698.8027954101562,5941000
2025-08-20,701.52001953125,705.7999877929688,685.1500244140625,705.4400024414062,701.018798828125,4139400
2025-08-21,705.2000122070312,718.4000244140625,705.2000122070312,709.8200073242188,705.371337890625,3617300
2025-08-22,715.0399780273438,719.4600219726562,709.4299926757812,711.6799926757812,707.2196044921875,3222700
2025-08-25,711.0,713.5,694.22998046875,695.3300170898438,690.9721069335938,2898100
2025-08-26,716.239990234375,736.1799926757812,713.0999755859375,736.030029296875,731.4170532226562,7695600
2025-08-27,736.9600219726562,746.5900268554688,731.5499877929688,734.1699829101562,729.5686645507812,4326200
2025-08-28,735.7999877929688,738.5900268554688,726.3400268554688,731.9600219726562,727.37255859375,3117000
2025-08-29,732.3200073242188,737.4199829101562,728.5,732.5800170898438,727.9886474609375,2551200
2025-09-02,727.989990234375,737.1400146484375,723.6400146484375,735.1900024414062,730.582275390625,3222500
2025-09-03,732.02001953125,737.8300170898438,729.02001953125,737.8300170898438,733.2057495117188,2222500
2025-09-04,736.3200073242188,747.0,735.3300170898438,742.9099731445312,738.2538452148438,2423400
2025-09-05,744.7000122070312,744.7000122070312,722.5700073242188,727.2100219726562,722.65234375,3958200
2025-09-08,729.7100219726562,742.7000122070312,719.219970703125,738.6400146484375,734.0106811523438,4534600
2025-09-09,734.1799926757812,752.8400268554688,733.8699951171875,750.6099853515625,745.9057006835938,2986900
2025-09-10,748.0900268554688,755.7999877929688,742.489990234375,754.6199951171875,749.8905029296875,2477400
2025-09-11,752.47998046875,761.1300048828125,750.3699951171875,756.280029296875,751.5401611328125,2197500
2025-09-12,760.1699829101562,761.5999755859375,748.0,755.3900146484375,750.65576171875,2198300
2025-09-15,753.0700073242188,756.3400268554688,742.1099853515625,748.1900024414062,743.5009155273438,2790900
2025-09-16,745.4099731445312,770.3800048828125,744.5399780273438,764.7100219726562,759.9172973632812,3881300
2025-09-17,761.489990234375,776.9600219726562,756.3400268554688,760.1300048828125,755.3660278320312,3471200
2025-09-18,761.3800048828125,772.5399780273438,759.010009765625,762.9299926757812,758.1483764648438,3464000
2025-09-19,765.0,765.0,749.2000122070312,751.989990234375,747.2769775390625,7349500
2025-09-22,748.5599975585938,762.0399780273438,746.27001953125,754.9500122070312,750.2184448242188,2527400
2025-09-23,750.5700073242188,753.0,743.1699829101562,746.97998046875,742.2984008789062,2910100
2025-09-24,745.989990234375,746.9400024414062,736.1599731445312,741.8499755859375,737.2005615234375,2243000
2025-09-25,737.6699829101562,740.0,712.0499877929688,714.5900268554688,710.1115112304688,5136400
2025-09-26,724.1199951171875,729.0,717.0800170898438,724.5399780273438,719.9990234375,3559700
2025-09-29,725.5499877929688,727.8599853515625,716.0800170898438,726.510009765625,721.956787109375,3309200
2025-09-30,726.9600219726562,766.3499755859375,725.3099975585938,763.0,758.2180786132812,6234300
2025-10-01,763.2999877929688,833.2999877929688,763.2999877929688,825.4199829101562,820.2467651367188,10124500
2025-10-02,814.3599853515625,834.4600219726562,812.8099975585938,819.8499755859375,814.711669921875,4291800
2025-10-03,824.9400024414062,848.1300048828125,816.0999755859375,839.8699951171875,834.6062622070312,5088500
2025-10-06,839.9500122070312,856.5700073242188,838.6599731445312,845.0499877929688,839.7537231445312,3651400
2025-10-07,845.0,848.5399780273438,836.5800170898438,843.6300048828125,838.3425903320312,2610800
2025-10-08,850.0,856.0,844.989990234375,845.719970703125,840.4195556640625,2180900
2025-10-09,851.6900024414062,860.25,845.7000122070312,855.3499755859375,849.9891357421875,3071700
2025-10-10,858.0,864.3499755859375,830.1099853515625,833.489990234375,828.2662353515625,3431000
2025-10-13,832.6799926757812,835.3200073242188,817.3499755859375,819.4000244140625,814.2646484375,2167500
2025-10-14,822.0900268554688,822.0900268554688,806.0,812.3499755859375,807.2587280273438,1928400
2025-10-15,812.5,830.1900024414062,808.5800170898438,826.5700073242188,821.3896484375,2355800
2025-10-16,825.0700073242188,834.7000122070312,815.3699951171875,819.3800048828125,814.24462890625,2272900
2025-10-17,788.9600219726562,804.4400024414062,783.8499755859375,802.8300170898438,797.7984008789062,3983000
2025-10-20,805.5999755859375,809.4099731445312,799.77001953125,808.9600219726562,803.8900146484375,2279700
2025-10-21,806.9299926757812,812.989990234375,798.7100219726562,799.5700073242188,794.5587768554688,2099500
2025-10-22,798.4000244140625,815.9400024414062,793.8200073242188,812.4299926757812,807.3381958007812,2930600
2025-10-23,806.4000244140625,824.7000122070312,806.02001953125,821.0399780273438,815.8941650390625,2632900
2025-10-24,815.2100219726562,834.1500244140625,812.5,825.4500122070312,820.2766723632812,2211200
2025-10-27,825.0,826.4199829101562,811.47998046875,826.4099731445312,821.2305297851562,2114800
2025-10-28,826.0,829.4600219726562,814.0499877929688,820.0999755859375,814.9601440429688,2493500
2025-10-29,827.3099975585938,830.2899780273438,809.6300048828125,813.530029296875,808.4313354492188,3591200
2025-10-30,837.5,853.0,812.25,844.5,839.207275390625,6037200
2025-10-31,839.1599731445312,869.9099731445312,834.1900024414062,862.8599853515625,857.4521484375,5015000
2025-11-03,866.530029296875,901.3400268554688,862.6199951171875,896.530029296875,890.9111938476562,5401500
2025-11-04,891.4099731445312,915.219970703125,883.6400146484375,906.8599853515624,901.1763916015624,5911500
2025-11-05,911.0,955.4600219726562,907.8599853515624,925.8099975585938,920.0076293945312,7272900
2025-11-06,928.0,949.9000244140624,916.260009765625,937.4400024414062,931.5647583007812,6417400
2025-11-07,931.1699829101562,932.0,900.9000244140624,924.3699951171876,918.57666015625,4373400
2025-11-10,939.739990234375,981.989990234375,938.4099731445312,966.6400146484376,960.581787109375,5696600
2025-11-11,966.5499877929688,999.9500122070312,965.2899780273438,988.6199951171876,982.4240112304688,4166400
2025-11-12,993.1199951171876,1022.4199829101562,990.0999755859376,1017.780029296875,1011.4011840820312,5185200
2025-11-13,1010.0900268554688,1032.949951171875,1010.0900268554688,1022.8699951171876,1016.4593505859376,4153600
2025-11-14,1009.0,1033.6199951171875,1007.7899780273438,1025.280029296875,1020.3505249023438,3862300
2025-11-17,1003.719970703125,1032.1400146484375,998.2999877929688,1021.7000122070312,1016.7877807617188,4720000
2025-11-18,1014.010009765625,1040.719970703125,1014.010009765625,1030.050048828125,1025.0975341796875,3430500
2025-11-19,1029.6400146484375,1055.5899658203125,1026.25,1049.5999755859375,1044.5535888671875,3571200
2025-11-20,1045.5,1057.0,1038.25,1043.2900390625,1038.2740478515625,3135700
2025-11-21,1041.0,1066.6500244140625,1038.0,1059.699951171875,1054.60498046875,4266700
2025-11-24,1056.77001953125,1075.719970703125,1049.3800048828125,1070.1600341796875,1065.014892578125,5497200
2025-11-25,1075.8299560546875,1111.1099853515625,1073.25,1109.93994140625,1104.6033935546875,4181500
2025-11-26,1102.0,1111.989990234375,1098.0999755859375,1104.3399658203125,1099.030517578125,3093700
2025-11-28,1096.719970703125,1099.050048828125,1067.68994140625,1075.469970703125,1070.2991943359375,2732200
2025-12-01,1074.3800048828125,1084.1500244140625,1055.0,1057.8900146484375,1052.8037109375,3070200
2025-12-02,1052.5699462890625,1068.1800537109375,1040.3599853515625,1046.1199951171875,1041.09033203125,3280000
2025-12-03,1046.3900146484375,1051.47998046875,1022.3200073242188,1033.56005859375,1028.5906982421875,3447000
2025-12-04,1032.6300048828125,1032.6300048828125,1007.1799926757812,1014.489990234375,1009.6123657226562,3854900
2025-12-05,1023.8400268554688,1027.3900146484375,1004.0,1010.3099975585938,1005.4524536132812,2502100
2025-12-08,1010.739990234375,1014.2000122070312,988.8800048828124,997.5900268554688,992.793701171875,3088600
2025-12-09,1002.8400268554688,1012.0,979.1799926757812,982.219970703125,977.4974975585938,2569700
2025-12-10,985.0,1003.0,977.1199951171876,993.6400146484376,988.8626708984376,2966300
2025-12-11,1008.1500244140624,1031.56005859375,987.0,1009.3800048828124,1004.5269775390624,4517000
2025-12-12,1008.760009765625,1028.9000244140625,1003.5,1027.510009765625,1022.56982421875,3275200
2025-12-15,1032.550048828125,1065.0,1032.550048828125,1062.18994140625,1057.0830078125,4648400
2025-12-16,1063.5,1068.25,1036.22998046875,1054.2900390625,1049.2210693359375,4024500
2025-12-17,1064.300048828125,1064.300048828125,1036.4100341796875,1041.7900390625,1036.7811279296875,3726600
2025-12-18,1041.800048828125,1079.260009765625,1039.5400390625,1056.8800048828125,1051.798583984375,3848600
2025-12-19,1059.010009765625,1075.3800048828125,1059.010009765625,1071.43994140625,1066.28857421875,5829100
2025-12-22,1076.719970703125,1083.47998046875,1063.0,1076.47998046875,1071.3043212890625,2625600
2025-12-23,1063.5,1088.47998046875,1063.5,1071.6400146484375,1066.4876708984375,2108600
2025-12-24,1074.6400146484375,1085.72998046875,1072.7099609375,1076.97998046875,1071.802001953125,932800
2025-12-26,1076.97998046875,1081.3900146484375,1068.300048828125,1077.75,1072.5682373046875,1014600
2025-12-29,1077.949951171875,1085.5,1074.3800048828125,1078.72998046875,1073.5435791015625,1653000
2025-12-30,1078.9599609375,1082.3699951171875,1072.0699462890625,1079.75,1074.5587158203125,1251500
2025-12-31,1079.760009765625,1083.5,1074.4300537109375,1074.6800537109375,1069.5130615234375,1646700
2026-01-02,1076.4000244140625,1080.6600341796875,1052.0799560546875,1080.3599853515625,1075.165771484375,2469100
2026-01-05,1069.22998046875,1085.3800048828125,1033.3800048828125,1041.510009765625,1036.5025634765625,4084800
2026-01-06,1044.1099853515625,1070.8299560546875,1039.9300537109375,1064.0400390625,1058.9241943359375,2690700
2026-01-07,1077.0,1117.6600341796875,1075.9599609375,1108.0899658203125,1102.762451171875,4652800
2026-01-08,1113.68994140625,1133.949951171875,1070.1500244140625,1085.18994140625,1079.972412109375,3156000
2026-01-09,1086.8299560546875,1104.52001953125,1063.030029296875,1063.56005859375,1058.446533203125,2561900
2026-01-12,1058.0,1083.3599853515625,1058.0,1081.0,1075.8026123046875,2380200
2026-01-13,1083.0,1090.219970703125,1069.0899658203125,1077.18994140625,1072.010986328125,2194200
2026-01-14,1081.75,1084.0,1061.1199951171875,1073.2900390625,1068.1297607421875,1912600
2026-01-15,1062.56005859375,1067.6500244140625,1012.5700073242188,1032.969970703125,1028.00341796875,4183400
2026-01-16,1024.4300537109375,1049.93994140625,1018.0,1038.4000244140625,1033.407470703125,3829000
2026-01-20,1028.1500244140625,1045.8499755859375,1015.9600219726562,1041.2900390625,1036.2835693359375,2484900
2026-01-21,1043.8599853515625,1081.3299560546875,1042.02001953125,1078.52001953125,1073.3345947265625,3685900
2026-01-22,1078.52001953125,1095.47998046875,1071.739990234375,1087.3800048828125,1082.1519775390625,2478200
2026-01-23,1083.72998046875,1084.3199462890625,1063.02001953125,1064.2900390625,1059.1729736328125,2592900
2026-01-26,1062.2099609375,1067.0799560546875,1043.3199462890625,1062.75,1057.6402587890625,2244900
2026-01-27,1064.1099853515625,1073.3900146484375,1034.81005859375,1039.510009765625,1034.5120849609375,2587900
2026-01-28,1029.1099853515625,1029.68994140625,1004.1400146484376,1023.7999877929688,1018.8776245117188,3300200
2026-01-29,1025.3599853515625,1040.0,1018.0,1024.1400146484375,1019.2160034179688,2293000
2026-01-30,1033.300048828125,1048.5699462890625,1020.0,1037.1500244140625,1032.163330078125,3303100
2026-02-02,1037.5699462890625,1057.4100341796875,1037.5699462890625,1044.1300048828125,1039.10986328125,2757100
2026-02-03,1040.75,1048.800048828125,993.5800170898438,1003.4600219726562,998.6354370117188,5483900
2026-02-04,1075.1199951171875,1114.0,1065.0,1107.1199951171875,1101.7969970703125,7119400
2026-02-05,1065.5,1075.0,1005.8300170898438,1020.8400268554688,1015.931884765625,7742400
2026-02-06,1056.0,1060.02001953125,1033.27001953125,1058.1800537109375,1053.0924072265625,4887100
2026-02-09,1077.0899658203125,1106.93994140625,1042.9200439453125,1044.6700439453125,1039.6474609375,3423800
2026-02-10,1050.6600341796875,1055.6500244140625,1023.8800048828124,1025.0,1020.0718994140624,3539400
2026-02-11,1026.5,1030.0999755859375,1012.6199951171876,1015.2100219726562,1010.3289794921876,2599900
2026-02-12,1024.8699951171875,1059.8399658203125,1012.0,1038.27001953125,1033.278076171875,3592200
2026-02-13,1039.97998046875,1064.3399658203125,1033.68994140625,1040.0,1036.7271728515625,2698700
2026-02-17,1045.6099853515625,1067.0,1034.8800048828125,1036.050048828125,1032.7896728515625,2984600
2026-02-18,1032.3599853515625,1037.5400390625,1011.3099975585938,1020.5599975585938,1017.348388671875,3236900
2026-02-19,1010.8200073242188,1025.22998046875,1007.0,1023.219970703125,1020.0,2145800
2026-02-20,1023.8599853515624,1028.6500244140625,1002.4600219726562,1009.52001953125,1006.3431396484376,3249400
2026-02-23,1047.02001953125,1064.449951171875,1034.0,1058.56005859375,1055.2288818359375,4767600
2026-02-24,1042.949951171875,1058.9000244140625,1024.0799560546875,1042.1500244140625,1038.8704833984375,2803100
2026-02-25,1036.5799560546875,1053.6300048828125,1027.0,1028.8299560546875,1025.5924072265625,2481900
2026-02-26,1024.0799560546875,1026.9200439453125,1007.3800048828124,1022.02001953125,1018.8038330078124,2666400
2026-02-27,1019.1699829101562,1053.0,1017.3599853515624,1051.989990234375,1048.679443359375,4325900
2026-03-02,1044.6199951171875,1056.199951171875,1013.0,1017.969970703125,1014.7664794921876,3094300
2026-03-03,1015.0,1020.010009765625,995.0700073242188,1007.72998046875,1004.5587158203124,2846000
2026-03-04,1011.6300048828124,1015.6599731445312,993.6599731445312,1003.5700073242188,1000.4118041992188,1965500
2026-03-05,990.0,993.5599975585938,965.5999755859376,983.260009765625,980.165771484375,3769900
2026-03-06,975.0,991.219970703125,966.0900268554688,990.3300170898438,987.2135009765624,2627800
2026-03-09,986.8900146484376,1008.9299926757812,980.5800170898438,1008.3900146484376,1005.2167358398438,2802200
2026-03-10,1006.0,1012.0,994.0,1001.3499755859376,998.1987915039062,1663700
2026-03-11,1000.030029296875,1002.9299926757812,990.2999877929688,999.8400268554688,996.693603515625,1446900
2026-03-12,993.4500122070312,994.5,973.1599731445312,977.25,974.1746215820312,2340100
2026-03-13,980.1300048828124,1003.219970703125,978.0,985.0800170898438,981.9800415039062,1984400
2026-03-16,991.97998046875,998.1699829101562,975.510009765625,989.1199951171876,986.00732421875,2289900
2026-03-17,978.9199829101562,981.1699829101562,925.25,930.3499755859376,927.4222412109376,5637500
2026-03-18,925.0,929.0,905.1099853515624,918.0499877929688,915.1609497070312,3443800
2026-03-19,914.0,924.530029296875,910.8599853515624,917.5,914.6127319335938,2379000
2026-03-20,910.5499877929688,925.3800048828124,899.2899780273438,906.7000122070312,903.8467407226562,4818800
2026-03-23,913.489990234375,926.780029296875,907.22998046875,910.5499877929688,907.6845092773438,2817500
2026-03-24,907.0,908.6699829101562,895.6099853515625,903.02001953125,900.1782836914062,2572700
2026-03-25,912.489990234375,922.1500244140624,909.0900268554688,916.3099975585938,913.4264526367188,2177700
2026-03-26,912.3800048828124,916.3499755859376,896.2899780273438,897.0,894.17724609375,2163200
2026-03-27,896.0,900.8300170898438,877.1099853515625,878.239990234375,875.4762573242188,2740800
2026-03-30,888.47998046875,897.4299926757812,883.1099853515625,886.6300048828125,883.83984375,3070200
2026-03-31,893.489990234375,924.1400146484376,892.1400146484375,919.77001953125,916.8756103515624,3464200
2026-04-01,926.8800048828124,976.6799926757812,925.989990234375,954.52001953125,951.5161743164062,6267900
2026-04-02,945.0,957.6900024414062,930.02001953125,935.5800170898438,932.6358032226562,2727100
2026-04-06,932.0399780273438,936.0,919.780029296875,927.0599975585938,924.142578125,1821100
2026-04-07,924.5,932.6599731445312,898.4500122070312,931.0900268554688,928.1599731445312,2726900
2026-04-08,941.52001953125,961.1400146484376,933.1300048828124,953.2999877929688,950.300048828125,2568000
2026-04-09,948.469970703125,963.760009765625,939.2899780273438,955.1900024414062,952.18408203125,1672100
2026-04-10,963.6900024414062,963.9400024414062,935.5399780273438,939.469970703125,936.5135498046876,1958900
2026-04-13,939.969970703125,945.9000244140624,927.1699829101562,929.5499877929688,926.624755859375,2089600
2026-04-14,925.0,939.9299926757812,915.0399780273438,922.5,919.5969848632812,2360200
2026-04-15,923.5,930.0,888.030029296875,905.030029296875,902.1820068359376,4233400
2026-04-16,911.6699829101562,920.0,898.1500244140625,903.989990234375,901.1452026367188,2836600
2026-04-17,917.7999877929688,929.989990234375,917.7999877929688,927.030029296875,924.1127319335938,3266100
2026-04-20,926.9000244140624,929.6400146484376,912.5,919.9000244140624,917.0051879882812,1926300
2026-04-21,910.2000122070312,913.0499877929688,881.1099853515625,903.02001953125,900.1782836914062,4062800
2026-04-22,906.4000244140624,922.5399780273438,902.22998046875,921.47998046875,918.5801391601562,2623800
2026-04-23,929.489990234375,930.0,911.8900146484376,917.6500244140624,914.76220703125,2149200
2026-04-24,900.010009765625,900.4199829101562,871.72998046875,883.9600219726562,881.1782836914062,4463700
2026-04-27,878.1300048828125,891.2000122070312,868.0399780273438,868.27001953125,865.5376586914062,2700300
2026-04-28,871.9000244140625,878.1500244140625,863.3499755859375,874.0,871.2495727539062,2561300
2026-04-29,866.0399780273438,869.02001953125,850.510009765625,851.2100219726562,848.5313110351562,3904600
2026-04-30,898.780029296875,945.5,896.7999877929688,934.5999755859376,931.6588745117188,8236700
2026-05-01,948.9500122070312,984.4500122070312,943.7999877929688,963.3300170898438,960.2984619140624,4352400
2026-05-04,960.0,974.219970703125,951.760009765625,967.9299926757812,964.884033203125,3696900
2026-05-05,971.8900146484376,992.7999877929688,964.4099731445312,988.8699951171876,985.758056640625,2955500
2026-05-06,991.3499755859376,996.489990234375,983.5,987.0499877929688,983.9437866210938,3921200
2026-05-07,985.3699951171876,989.0,967.0999755859376,974.9600219726562,971.8919067382812,3494900
2026-05-08,974.0700073242188,980.0,947.510009765625,948.4500122070312,945.4652709960938,3559200
2026-05-11,949.0,995.0,943.260009765625,966.989990234375,963.9469604492188,3517500
2026-05-12,974.4400024414062,997.52001953125,971.1799926757812,989.8699951171876,986.7549438476562,3037500
2026-05-13,994.75,1022.8200073242188,992.0,1015.75,1012.553466796875,3486400
2026-05-14,1017.489990234375,1018.1699829101562,996.010009765625,1006.7000122070312,1003.531982421875,1751700
2026-05-15,1006.97998046875,1014.3800048828124,997.4099731445312,1004.9199829101562,1003.4819946289062,2820700
2026-05-18,1000.6099853515624,1003.0,978.8699951171876,988.0900268554688,986.6761474609376,2016000
2026-05-19,989.510009765625,1021.7999877929688,984.5999755859376,1021.4099731445312,1019.9484252929688,3796000
2026-05-20,1024.989990234375,1037.8800048828125,1003.6900024414062,1018.8699951171876,1017.4120483398438,2998800
2026-05-21,1024.300048828125,1047.300048828125,1022.0,1041.6500244140625,1040.1595458984375,2705200
2026-05-22,1049.81005859375,1070.3399658203125,1047.0699462890625,1065.0,1063.47607421875,3470600
2026-05-26,1075.0,1082.0,1060.3599853515625,1064.739990234375,1063.2164306640625,2981000
2026-05-27,1072.260009765625,1093.0,1069.9000244140625,1082.9200439453125,1081.3704833984375,2583000
2026-05-28,1096.6400146484375,1149.0999755859375,1092.010009765625,1126.800048828125,1125.1876220703125,4600700
2026-05-29,1127.0,1132.6600341796875,1089.010009765625,1105.0,1103.4188232421875,4600800
2026-06-01,1095.0,1106.1700439453125,1071.5999755859375,1082.199951171875,1080.6513671875,2693400
2026-06-02,1067.3699951171875,1078.219970703125,1052.1500244140625,1064.1500244140625,1062.6273193359375,2408500
2026-06-03,1059.5,1093.280029296875,1053.510009765625,1078.780029296875,1077.236328125,2655600
2026-06-04,1108.5999755859375,1140.4599609375,1101.6199951171875,1125.27001953125,1123.6597900390625,4046700
2026-06-05,1142.969970703125,1166.2900390625,1131.030029296875,1131.4200439453125,1129.801025390625,4126200
2026-06-08,1159.0,1182.72998046875,1143.5999755859375,1149.1500244140625,1147.505615234375,4504400
2026-06-09,1165.0,1174.5999755859375,1137.75,1144.6800537109375,1143.0421142578125,3822000
2026-06-10,1152.5,1166.4200439453125,1133.530029296875,1136.3699951171875,1134.743896484375,2700600
2026-06-11,1139.7099609375,1170.1199951171875,1125.6400146484375,1160.949951171875,1159.2886962890625,2764900
2026-06-12,1165.0,1169.989990234375,1132.81005859375,1133.0,1131.3787841796875,2438400
2026-06-15,1134.0,1137.489990234375,1112.010009765625,1129.3499755859375,1127.7340087890625,3167200
2026-06-16,1138.8199462890625,1146.68994140625,1115.5,1122.5,1120.893798828125,2260700
2026-06-17,1116.699951171875,1121.489990234375,1104.9000244140625,1112.0,1110.4088134765625,2383300
2026-06-18,1120.489990234375,1122.3299560546875,1088.6600341796875,1098.5699462890625,1096.9979248046875,4470500
2026-06-22,1112.239990234375,1119.449951171875,1093.1500244140625,1102.0799560546875,1100.5029296875,3015000
2026-06-23,1117.0,1122.02001953125,1079.219970703125,1107.0799560546875,1105.495849609375,3316300
2026-06-24,1129.4100341796875,1135.1400146484375,1100.97998046875,1117.260009765625,1115.6612548828125,2908200
2026-06-25,1126.989990234375,1145.4300537109375,1114.0,1127.68994140625,1126.0762939453125,2757200
2026-06-26,1128.800048828125,1215.760009765625,1128.0,1208.1199951171875,1206.3912353515625,7725800
2026-06-29,1222.780029296875,1238.0,1203.1400146484375,1229.9300537109375,1228.170166015625,3684700
2026-06-30,1228.8800048828125,1230.050048828125,1190.199951171875,1199.4300537109375,1197.7137451171875,3723600
2026-07-01,1217.510009765625,1217.510009765625,1173.9300537109375,1191.739990234375,1190.03466796875,2720400
2026-07-02,1193.010009765625,1232.0,1180.300048828125,1213.9100341796875,1212.1729736328125,3296100
2026-07-06,1208.0,1213.7900390625,1183.3399658203125,1200.06005859375,1198.3428955078125,2348800
2026-07-07,1232.8800048828125,1249.449951171875,1222.77001953125,1235.56005859375,1233.7921142578125,2933800
2026-07-08,1221.0999755859375,1241.8900146484375,1204.1600341796875,1215.8299560546875,1214.0902099609375,2608600
2026-07-09,1211.6400146484375,1230.0,1200.3699951171875,1216.949951171875,1215.2086181640625,2088100
2026-07-10,1210.31005859375,1212.9599609375,1178.3199462890625,1188.5799560546875,1186.879150390625,2010200
2026-07-13,1180.1099853515625,1196.2900390625,1166.010009765625,1181.8699951171875,1180.1788330078125,2072700
2026-07-14,1166.010009765625,1166.010009765625,1140.739990234375,1152.5400390625,1150.890869140625,2642900
2026-07-15,1145.5,1160.8199462890625,1134.4000244140625,1156.6300048828125,1154.9749755859375,2552200
2026-07-16,1162.27001953125,1189.0699462890625,1141.199951171875,1169.1700439453125,1167.4970703125,2791100
2026-07-17,1159.449951171875,1187.949951171875,1151.010009765625,1179.1099853515625,1177.4227294921875,2757500
2026-07-20,1179.6500244140625,1187.1199951171875,1144.4300537109375,1146.9000244140625,1145.2589111328125,2644200
2026-07-21,1143.0,1177.5799560546875,1139.0,1175.4100341796875,1173.7281494140625,2092000
2026-07-22,1173.9100341796875,1175.0,1153.5,1163.010009765625,1161.3458251953125,1555800
2026-07-23,1146.6199951171875,1189.5899658203125,1141.780029296875,1185.8699951171875,1184.173095703125,1909900
2026-07-24,1194.3499755859375,1206.93994140625,1187.5,1196.030029296875,1194.318603515625,1983300
2026-07-27,1201.0,1205.050048828125,1183.449951171875,1197.530029296875,1195.81640625,1592800
2026-07-28,1217.5999755859375,1232.0,1205.010009765625,1220.6600341796875,1218.913330078125,2375400
2026-07-29,1215.1800537109375,1229.18994140625,1204.800048828125,1210.02001953125,1208.28857421875,2170900
2026-07-30,1174.030029296875,1186.6500244140625,1153.1400146484375,1154.969970703125,1153.3172607421875,3027700
2026-07-31,1148.510009765625,1150.6300048828125,1119.0,1148.8399658203125,1147.196044921875,2884600
2026-08-03,1152.0,1161.93994140625,1109.1500244140625,1121.3599853515625,1119.75537109375,2934000
2026-08-04,1117.3800048828125,1135.8299560546875,1109.1600341796875,1115.6800537109375,1114.0836181640625,4097200
2026-08-05,1174.0,1216.93994140625,1138.4300537109375,1169.8599853515625,1168.18603515625,6445700
2026-08-06,1196.550048828125,1230.8800048828125,1173.5,1191.93994140625,1190.234375,3422400
2026-08-07,1188.0,1196.800048828125,1161.199951171875,1185.7099609375,1184.0133056640625,2898500
2026-08-10,1185.010009765625,1231.93994140625,1184.4100341796875,1231.93994140625,1230.1771240234375,3011900
2026-08-11,1230.6500244140625,1238.0,1209.530029296875,1215.02001953125,1213.2813720703125,2113200
2026-08-12,1201.72998046875,1226.5,1191.0799560546875,1220.280029296875,1218.533935546875,1941600
2026-08-13,1238.300048828125,1240.0999755859375,1206.0,1209.0,1207.27001953125,1927300
2026-08-14,1194.010009765625,1199.0,1171.199951171875,1180.1600341796875,1180.1600341796875,2274500
2026-08-17,1175.199951171875,1198.52001953125,1163.5,1183.1600341796875,1183.1600341796875,1807000
2026-08-18,1200.0,1228.469970703125,1194.010009765625,1225.72998046875,1225.72998046875,2509100
2026-08-19,1245.81005859375,1292.6500244140625,1240.5400390625,1280.3399658203125,1280.3399658203125,4541800
2026-08-20,1274.1300048828125,1280.280029296875,1243.22998046875,1244.4000244140625,1244.4000244140625,2621400
2026-08-21,1232.0,1271.219970703125,1230.0,1255.4000244140625,1255.4000244140625,2497300
2026-08-24,1262.1400146484375,1262.1400146484375,1230.949951171875,1246.9300537109375,1246.9300537109375,1664600
2026-08-25,1249.0,1264.72998046875,1229.7900390625,1233.6600341796875,1233.6600341796875,2141100
2026-08-26,1234.0,1235.780029296875,1180.010009765625,1189.4100341796875,1189.4100341796875,3000500
2026-08-27,1182.25,1190.1099853515625,1171.7099609375,1176.0999755859375,1176.0999755859375,2730600
2026-08-28,1172.6600341796875,1180.0,1162.9300537109375,1174.6099853515625,1174.6099853515625,2450800
2026-08-31,1168.469970703125,1171.449951171875,1147.0,1156.72998046875,1156.72998046875,3055800
2026-09-01,1188.0,1188.3299560546875,1156.8499755859375,1160.0,1160.0,2520100
2026-09-02,1164.1500244140625,1187.8299560546875,1158.0,1160.0799560546875,1160.0799560546875,2445100
2026-09-03,1170.0,1171.6600341796875,1137.5,1159.3699951171875,1159.3699951171875,2304991
2026-09-04,1206.99,1216.64,1197.33,1206.99,1206.99,8130566
2026-09-07,1200.18,1209.78,1190.58,1200.18,1200.18,9224956
2026-09-08,1208.59,1218.26,1198.92,1208.59,1208.59,9041940
2026-09-09,1212.16,1221.85,1202.46,1212.16,1212.16,5363352
2026-09-10,1218.71,1228.46,1208.96,1218.71,1218.71,7478455
2026-09-11,1198.85,1208.44,1189.26,1198.85,1198.85,4248663
2026-09-14,1189.86,1199.37,1180.34,1189.86,1189.86,6930252
2026-09-15,1208.33,1218.0,1198.67,1208.33,1208.33,7257524
2026-09-16,1223.86,1233.65,1214.07,1223.86,1223.86,9079918
