,Open,High,Low,Close,Adj Close,Volume
2000-01-03,17.32,17.46,17.18,17.32,17.32,3304866
2000-01-04,17.13,17.27,16.99,17.13,17.13,3411942
2000-01-05,17.21,17.35,17.07,17.21,17.21,9160590
2000-01-06,17.03,17.17,16.9,17.03,17.03,4617889
2000-01-07,17.01,17.14,16.87,17.01,17.01,6513355
2000-01-10,16.77,16.9,16.63,16.77,16.77,4423017
2000-01-11,16.55,16.68,16.42,16.55,16.55,5133725
2000-01-12,16.77,16.91,16.64,16.77,16.77,5014135
2000-01-13,16.5,16.63,16.37,16.5,16.5,1842521
2000-01-14,16.22,16.35,16.09,16.22,16.22,6250920
2000-01-17,16.47,16.61,16.34,16.47,16.47,5387276
2000-01-18,16.77,16.9,16.63,16.77,16.77,4901501
2000-01-19,16.49,16.62,16.36,16.49,16.49,9337490
2000-01-20,16.75,16.88,16.61,16.75,16.75,3483569
2000-01-21,16.52,16.65,16.39,16.52,16.52,3595293
2000-01-24,16.31,16.44,16.18,16.31,16.31,5213742
2000-01-25,16.27,16.4,16.14,16.27,16.27,7793433
2000-01-26,16.41,16.54,16.28,16.41,16.41,5399644
2000-01-27,16.16,16.29,16.03,16.16,16.16,9358405
2000-01-28,16.3,16.43,16.17,16.3,16.3,6013664
2000-01-31,16.35,16.48,16.22,16.35,16.35,11108699
2000-02-01,16.15,16.28,16.02,16.15,16.15,6225642
2000-02-02,15.97,16.1,15.85,15.97,15.97,7280234
2000-02-03,15.78,15.9,15.65,15.78,15.78,4606305
2000-02-04,15.88,16.01,15.76,15.88,15.88,4592779
2000-02-07,15.87,15.99,15.74,15.87,15.87,4669466
2000-02-08,15.62,15.75,15.5,15.62,15.62,5673660
2000-02-09,15.89,16.02,15.76,15.89,15.89,6156090
2000-02-10,15.7,15.83,15.58,15.7,15.7,7517777
2000-02-11,15.82,15.95,15.69,15.82,15.82,6741792
2000-02-14,15.35,15.47,15.23,15.35,15.35,6561130
2000-02-15,15.53,15.66,15.41,15.53,15.53,4447528
2000-02-16,15.66,15.79,15.54,15.66,15.66,3918859
2000-02-17,15.87,16.0,15.74,15.87,15.87,11959680
2000-02-18,15.34,15.46,15.21,15.34,15.34,5657272
2000-02-21,15.55,15.68,15.43,15.55,15.55,5097911
2000-02-22,15.6,15.73,15.48,15.6,15.6,3332845
2000-02-23,15.39,15.51,15.27,15.39,15.39,5980081
2000-02-24,15.8,15.93,15.67,15.8,15.8,3004546
2000-02-25,16.0,16.13,15.88,16.0,16.0,4241072
2000-02-28,16.01,16.14,15.88,16.01,16.01,8366038
2000-02-29,16.01,16.14,15.88,16.01,16.01,4552613
2000-03-01,16.09,16.22,15.96,16.09,16.09,5032989
2000-03-02,15.88,16.01,15.75,15.88,15.88,4444777
2000-03-03,15.65,15.78,15.53,15.65,15.65,6024530
2000-03-06,15.4,15.53,15.28,15.4,15.4,3665241
2000-03-07,15.3,15.42,15.17,15.3,15.3,7706617
2000-03-08,15.19,15.32,15.07,15.19,15.19,3532219
2000-03-09,15.32,15.44,15.2,15.32,15.32,4145070
2000-03-10,15.69,15.81,15.56,15.69,15.69,3709214
2000-03-13,15.6,15.73,15.48,15.6,15.6,6083293
2000-03-14,15.61,15.73,15.48,15.61,15.61,4585322
2000-03-15,15.72,15.84,15.59,15.72,15.72,6168936
2000-03-16,15.67,15.8,15.55,15.67,15.67,5583458
2000-03-17,15.55,15.68,15.43,15.55,15.55,3707884
2000-03-20,15.58,15.7,15.45,15.58,15.58,3491366
2000-03-21,15.46,15.58,15.34,15.46,15.46,4189390
2000-03-22,15.88,16.0,15.75,15.88,15.88,10362906
2000-03-23,15.43,15.55,15.3,15.43,15.43,4131452
2000-03-24,15.3,15.42,15.18,15.3,15.3,4197891
2000-03-27,15.43,15.55,15.3,15.43,15.43,3713262
2000-03-28,15.22,15.35,15.1,15.22,15.22,5248743
2000-03-29,15.34,15.46,15.22,15.34,15.34,4681203
2000-03-30,15.6,15.72,15.47,15.6,15.6,3717634
2000-03-31,16.11,16.24,15.98,16.11,16.11,6828998
2000-04-03,15.57,15.69,15.44,15.57,15.57,5191126
2000-04-04,15.48,15.6,15.36,15.48,15.48,6989667
2000-04-05,15.47,15.6,15.35,15.47,15.47,8429389
2000-04-06,15.79,15.92,15.67,15.79,15.79,3021779
2000-04-07,15.7,15.82,15.57,15.7,15.7,5918625
2000-04-10,15.9,16.03,15.77,15.9,15.9,6723200
2000-04-11,15.95,16.08,15.82,15.95,15.95,3256344
2000-04-12,15.7,15.83,15.58,15.7,15.7,3076057
2000-04-13,15.58,15.7,15.45,15.58,15.58,2593125
2000-04-14,15.52,15.65,15.4,15.52,15.52,8319146
2000-04-17,15.56,15.69,15.44,15.56,15.56,6437800
2000-04-18,15.74,15.87,15.61,15.74,15.74,6057043
2000-04-19,16.08,16.21,15.95,16.08,16.08,4210213
2000-04-20,15.97,16.1,15.84,15.97,15.97,4168800
2000-04-21,15.93,16.06,15.8,15.93,15.93,4749975
2000-04-24,15.82,15.95,15.7,15.82,15.82,5074818
2000-04-25,15.9,16.03,15.78,15.9,15.9,3516188
2000-04-26,16.01,16.13,15.88,16.01,16.01,10908797
2000-04-27,15.81,15.93,15.68,15.81,15.81,5736288
2000-04-28,15.49,15.62,15.37,15.49,15.49,6597661
2000-05-01,15.32,15.44,15.2,15.32,15.32,12452333
2000-05-02,15.55,15.67,15.42,15.55,15.55,4303057
2000-05-03,15.1,15.22,14.98,15.1,15.1,9329125
2000-05-04,14.87,14.99,14.75,14.87,14.87,6962347
2000-05-05,14.55,14.67,14.43,14.55,14.55,3501491
2000-05-08,14.71,14.83,14.59,14.71,14.71,5249644
2000-05-09,15.08,15.2,14.96,15.08,15.08,6569448
2000-05-10,15.41,15.53,15.29,15.41,15.41,11140404
2000-05-11,15.18,15.3,15.06,15.18,15.18,4078089
2000-05-12,15.2,15.32,15.08,15.2,15.2,7745511
2000-05-15,15.24,15.36,15.11,15.24,15.24,1934753
2000-05-16,15.14,15.26,15.02,15.14,15.14,4724938
2000-05-17,15.19,15.32,15.07,15.19,15.19,11469206
2000-05-18,15.17,15.29,15.05,15.17,15.17,4283612
2000-05-19,14.86,14.98,14.74,14.86,14.86,5926888
2000-05-22,14.85,14.97,14.73,14.85,14.85,7651421
2000-05-23,14.78,14.9,14.66,14.78,14.78,5442784
2000-05-24,14.52,14.64,14.41,14.52,14.52,3279166
2000-05-25,14.76,14.88,14.64,14.76,14.76,4427149
2000-05-26,14.83,14.95,14.71,14.83,14.83,4582603
2000-05-29,14.82,14.94,14.7,14.82,14.82,9783081
2000-05-30,15.27,15.39,15.14,15.27,15.27,5860834
2000-05-31,15.23,15.36,15.11,15.23,15.23,6832023
2000-06-01,15.42,15.54,15.3,15.42,15.42,4432407
2000-06-02,15.44,15.57,15.32,15.44,15.44,4768780
2000-06-05,15.9,16.03,15.77,15.9,15.9,4511195
2000-06-06,15.93,16.05,15.8,15.93,15.93,9877788
2000-06-07,15.83,15.96,15.71,15.83,15.83,6252117
2000-06-08,15.63,15.75,15.5,15.63,15.63,5701846
2000-06-09,15.96,16.09,15.83,15.96,15.96,4179349
2000-06-12,16.25,16.38,16.12,16.25,16.25,5829370
2000-06-13,16.15,16.28,16.02,16.15,16.15,5105595
2000-06-14,16.04,16.17,15.91,16.04,16.04,7713296
2000-06-15,16.28,16.41,16.15,16.28,16.28,6239055
2000-06-16,15.95,16.08,15.82,15.95,15.95,6739411
2000-06-19,15.96,16.09,15.83,15.96,15.96,3677295
2000-06-20,16.12,16.25,15.99,16.12,16.12,6887830
2000-06-21,16.12,16.25,15.99,16.12,16.12,4971937
2000-06-22,15.9,16.03,15.77,15.9,15.9,4966884
2000-06-23,16.31,16.45,16.18,16.31,16.31,9926048
2000-06-26,16.12,16.25,15.99,16.12,16.12,8170067
2000-06-27,15.65,15.78,15.53,15.65,15.65,4573705
2000-06-28,15.7,15.83,15.57,15.7,15.7,9626935
2000-06-29,15.81,15.93,15.68,15.81,15.81,6118562
2000-06-30,15.71,15.83,15.58,15.71,15.71,6324164
2000-07-03,15.61,15.74,15.49,15.61,15.61,5990497
2000-07-04,15.57,15.7,15.45,15.57,15.57,5550490
2000-07-05,15.44,15.56,15.31,15.44,15.44,5150642
2000-07-06,15.12,15.25,15.0,15.12,15.12,5968876
2000-07-07,14.63,14.75,14.52,14.63,14.63,5062276
2000-07-10,14.32,14.43,14.2,14.32,14.32,13103945
2000-07-11,14.49,14.61,14.38,14.49,14.49,4095672
2000-07-12,14.36,14.47,14.24,14.36,14.36,7564915
2000-07-13,14.53,14.65,14.42,14.53,14.53,6441956
2000-07-14,14.15,14.27,14.04,14.15,14.15,3804435
2000-07-17,14.32,14.43,14.2,14.32,14.32,5229045
2000-07-18,14.44,14.55,14.32,14.44,14.44,6982926
2000-07-19,14.23,14.34,14.12,14.23,14.23,4036731
2000-07-20,14.48,14.6,14.37,14.48,14.48,4546063
2000-07-21,14.72,14.84,14.6,14.72,14.72,6583396
2000-07-24,14.73,14.85,14.62,14.73,14.73,11945242
2000-07-25,15.01,15.13,14.89,15.01,15.01,6591894
2000-07-26,15.32,15.44,15.2,15.32,15.32,2630696
2000-07-27,14.91,15.03,14.79,14.91,14.91,6002391
2000-07-28,15.2,15.32,15.07,15.2,15.2,5057023
2000-07-31,14.96,15.08,14.84,14.96,14.96,7326274
2000-08-01,14.76,14.87,14.64,14.76,14.76,8675959
2000-08-02,14.96,15.08,14.84,14.96,14.96,5900443
2000-08-03,15.01,15.13,14.89,15.01,15.01,8009536
2000-08-04,15.05,15.17,14.93,15.05,15.05,6592257
2000-08-07,14.89,15.01,14.77,14.89,14.89,7496947
2000-08-08,14.61,14.72,14.49,14.61,14.61,5352991
2000-08-09,14.63,14.75,14.51,14.63,14.63,3532475
2000-08-10,14.24,14.36,14.13,14.24,14.24,4613635
2000-08-11,14.34,14.45,14.22,14.34,14.34,4385260
2000-08-14,14.55,14.66,14.43,14.55,14.55,8159153
2000-08-15,14.35,14.46,14.23,14.35,14.35,2963219
2000-08-16,14.17,14.28,14.06,14.17,14.17,9958341
2000-08-17,14.25,14.36,14.13,14.25,14.25,6880758
2000-08-18,14.3,14.41,14.18,14.3,14.3,6805154
2000-08-21,14.36,14.47,14.24,14.36,14.36,3018402
2000-08-22,14.18,14.29,14.06,14.18,14.18,4085208
2000-08-23,14.11,14.23,14.0,14.11,14.11,6038545
2000-08-24,13.99,14.1,13.88,13.99,13.99,4499030
2000-08-25,13.96,14.07,13.84,13.96,13.96,5523511
2000-08-28,14.16,14.27,14.05,14.16,14.16,8701258
2000-08-29,14.51,14.63,14.39,14.51,14.51,6840666
2000-08-30,14.41,14.52,14.29,14.41,14.41,7360622
2000-08-31,14.71,14.83,14.6,14.71,14.71,10568437
2000-09-01,14.78,14.9,14.66,14.78,14.78,6305047
2000-09-04,14.99,15.11,14.87,14.99,14.99,4280913
2000-09-05,15.17,15.3,15.05,15.17,15.17,6480682
2000-09-06,15.33,15.45,15.2,15.33,15.33,4807535
2000-09-07,15.37,15.49,15.24,15.37,15.37,7658644
2000-09-08,15.4,15.53,15.28,15.4,15.4,4523843
2000-09-11,15.53,15.65,15.41,15.53,15.53,7497965
2000-09-12,15.29,15.41,15.17,15.29,15.29,6888966
2000-09-13,15.06,15.18,14.94,15.06,15.06,6740357
2000-09-14,15.08,15.2,14.96,15.08,15.08,5236563
2000-09-15,14.45,14.57,14.34,14.45,14.45,6019084
2000-09-18,14.29,14.4,14.17,14.29,14.29,16449709
2000-09-19,13.99,14.1,13.88,13.99,13.99,10318029
2000-09-20,13.71,13.82,13.6,13.71,13.71,9644973
2000-09-21,13.75,13.86,13.64,13.75,13.75,8329488
2000-09-22,14.26,14.37,14.14,14.26,14.26,3698964
2000-09-25,14.22,14.34,14.11,14.22,14.22,4584154
2000-09-26,14.09,14.2,13.98,14.09,14.09,2204967
2000-09-27,13.53,13.64,13.42,13.53,13.53,3675409
2000-09-28,13.63,13.74,13.52,13.63,13.63,4730449
2000-09-29,13.46,13.56,13.35,13.46,13.46,7455376
2000-10-02,13.78,13.89,13.67,13.78,13.78,7500010
2000-10-03,13.82,13.93,13.71,13.82,13.82,3106777
2000-10-04,14.09,14.2,13.98,14.09,14.09,4020728
2000-10-05,13.89,14.01,13.78,13.89,13.89,6135157
2000-10-06,13.75,13.86,13.64,13.75,13.75,3207126
2000-10-09,13.71,13.82,13.6,13.71,13.71,3672754
2000-10-10,13.65,13.76,13.55,13.65,13.65,3943781
2000-10-11,13.45,13.56,13.34,13.45,13.45,5842083
2000-10-12,13.51,13.62,13.41,13.51,13.51,6651759
2000-10-13,13.86,13.97,13.75,13.86,13.86,5880219
2000-10-16,13.79,13.9,13.68,13.79,13.79,4038796
2000-10-17,14.13,14.25,14.02,14.13,14.13,7394927
2000-10-18,14.26,14.37,14.15,14.26,14.26,3964873
2000-10-19,14.49,14.61,14.38,14.49,14.49,3200716
2000-10-20,14.66,14.78,14.54,14.66,14.66,8277924
2000-10-23,14.73,14.85,14.61,14.73,14.73,12072427
2000-10-24,14.86,14.98,14.74,14.86,14.86,5975676
2000-10-25,14.72,14.84,14.6,14.72,14.72,3878203
2000-10-26,14.34,14.45,14.22,14.34,14.34,9296159
2000-10-27,14.72,14.83,14.6,14.72,14.72,4098544
2000-10-30,14.72,14.84,14.61,14.72,14.72,10685823
2000-10-31,14.91,15.03,14.79,14.91,14.91,7846369
2000-11-01,14.68,14.8,14.57,14.68,14.68,6606631
2000-11-02,14.48,14.59,14.36,14.48,14.48,4967277
2000-11-03,14.44,14.56,14.33,14.44,14.44,6472316
2000-11-06,14.57,14.68,14.45,14.57,14.57,4050722
2000-11-07,14.41,14.52,14.29,14.41,14.41,6598975
2000-11-08,14.3,14.42,14.19,14.3,14.3,6195126
2000-11-09,14.39,14.51,14.28,14.39,14.39,5237869
2000-11-10,14.19,14.3,14.08,14.19,14.19,5293310
2000-11-13,13.98,14.1,13.87,13.98,13.98,3373847
2000-11-14,14.17,14.28,14.05,14.17,14.17,9741399
2000-11-15,14.14,14.25,14.02,14.14,14.14,3832440
2000-11-16,14.09,14.2,13.98,14.09,14.09,4632293
2000-11-17,14.16,14.28,14.05,14.16,14.16,7670955
2000-11-20,14.29,14.41,14.18,14.29,14.29,2769850
2000-11-21,14.32,14.44,14.21,14.32,14.32,5725648
2000-11-22,14.04,14.15,13.92,14.04,14.04,6017620
2000-11-23,14.24,14.36,14.13,14.24,14.24,8263945
2000-11-24,14.29,14.4,14.17,14.29,14.29,7744164
2000-11-27,14.55,14.66,14.43,14.55,14.55,5255790
2000-11-28,14.81,14.93,14.69,14.81,14.81,2318681
2000-11-29,14.78,14.9,14.67,14.78,14.78,2355407
2000-11-30,14.93,15.05,14.81,14.93,14.93,3676619
2000-12-01,14.45,14.56,14.33,14.45,14.45,4960059
2000-12-04,14.19,14.3,14.08,14.19,14.19,2961002
2000-12-05,14.4,14.51,14.28,14.4,14.4,5626361
2000-12-06,14.55,14.66,14.43,14.55,14.55,6599040
2000-12-07,14.53,14.64,14.41,14.53,14.53,4100453
2000-12-08,14.35,14.47,14.24,14.35,14.35,9120714
2000-12-11,14.5,14.62,14.38,14.5,14.5,5406911
2000-12-12,14.7,14.82,14.58,14.7,14.7,4989019
2000-12-13,14.24,14.35,14.13,14.24,14.24,7909083
2000-12-14,14.09,14.2,13.98,14.09,14.09,6834129
2000-12-15,14.06,14.18,13.95,14.06,14.06,2059120
2000-12-18,14.02,14.13,13.9,14.02,14.02,4980163
2000-12-19,13.8,13.91,13.69,13.8,13.8,10143261
2000-12-20,13.96,14.07,13.84,13.96,13.96,5581184
2000-12-21,13.65,13.76,13.54,13.65,13.65,6604655
2000-12-22,13.53,13.64,13.42,13.53,13.53,2983183
2000-12-25,13.25,13.35,13.14,13.25,13.25,2642141
2000-12-26,13.26,13.37,13.15,13.26,13.26,5234219
2000-12-27,13.26,13.37,13.15,13.26,13.26,3716860
2000-12-28,13.84,13.95,13.73,13.84,13.84,6869438
2000-12-29,14.55,14.67,14.43,14.55,14.55,3189045
2001-01-01,14.73,14.85,14.61,14.73,14.73,5056906
2001-01-02,14.83,14.95,14.71,14.83,14.83,3810326
2001-01-03,15.12,15.24,15.0,15.12,15.12,8276073
2001-01-04,15.23,15.36,15.11,15.23,15.23,4969894
2001-01-05,15.3,15.43,15.18,15.3,15.3,9759759
2001-01-08,15.35,15.48,15.23,15.35,15.35,5961355
2001-01-09,14.86,14.98,14.75,14.86,14.86,6303930
2001-01-10,14.37,14.48,14.25,14.37,14.37,7378707
2001-01-11,14.77,14.89,14.65,14.77,14.77,2472497
2001-01-12,14.52,14.63,14.4,14.52,14.52,3922245
2001-01-15,14.85,14.97,14.73,14.85,14.85,2501719
2001-01-16,14.74,14.85,14.62,14.74,14.74,7365004
2001-01-17,14.4,14.52,14.29,14.4,14.4,3286076
2001-01-18,14.52,14.64,14.41,14.52,14.52,4134439
2001-01-19,14.71,14.83,14.6,14.71,14.71,4004311
2001-01-22,14.46,14.58,14.35,14.46,14.46,10491516
2001-01-23,14.27,14.38,14.15,14.27,14.27,5442230
2001-01-24,13.79,13.9,13.68,13.79,13.79,4756316
2001-01-25,13.57,13.67,13.46,13.57,13.57,7408141
2001-01-26,13.38,13.49,13.28,13.38,13.38,5661850
2001-01-29,13.68,13.79,13.57,13.68,13.68,4305897
2001-01-30,13.57,13.68,13.46,13.57,13.57,8947038
2001-01-31,13.69,13.8,13.58,13.69,13.69,3762859
2001-02-01,13.6,13.71,13.49,13.6,13.6,3859524
2001-02-02,13.43,13.54,13.32,13.43,13.43,2428627
2001-02-05,13.55,13.66,13.44,13.55,13.55,5409001
2001-02-06,13.29,13.4,13.18,13.29,13.29,3741500
2001-02-07,13.3,13.4,13.19,13.3,13.3,2959163
2001-02-08,12.99,13.1,12.89,12.99,12.99,6777122
2001-02-09,13.04,13.15,12.94,13.04,13.04,6751473
2001-02-12,12.89,12.99,12.78,12.89,12.89,4824807
2001-02-13,12.82,12.92,12.72,12.82,12.82,4777839
2001-02-14,13.15,13.25,13.04,13.15,13.15,5065919
2001-02-15,12.97,13.07,12.87,12.97,12.97,6016490
2001-02-16,13.03,13.14,12.93,13.03,13.03,8675707
2001-02-19,13.38,13.48,13.27,13.38,13.38,3598876
2001-02-20,13.39,13.5,13.28,13.39,13.39,2093497
2001-02-21,13.19,13.29,13.08,13.19,13.19,3916629
2001-02-22,12.95,13.06,12.85,12.95,12.95,4664621
2001-02-23,12.83,12.93,12.73,12.83,12.83,6100098
2001-02-26,12.96,13.07,12.86,12.96,12.96,5366694
2001-02-27,13.37,13.48,13.26,13.37,13.37,2990137
2001-02-28,12.95,13.06,12.85,12.95,12.95,3265403
2001-03-01,13.05,13.16,12.95,13.05,13.05,6576875
2001-03-02,13.01,13.12,12.91,13.01,13.01,4680202
2001-03-05,13.02,13.12,12.92,13.02,13.02,5589023
2001-03-06,12.91,13.01,12.8,12.91,12.91,5120567
2001-03-07,12.8,12.91,12.7,12.8,12.8,5528962
2001-03-08,12.41,12.51,12.31,12.41,12.41,6413146
2001-03-09,12.43,12.53,12.33,12.43,12.43,6152626
2001-03-12,12.73,12.83,12.63,12.73,12.73,6730101
2001-03-13,12.98,13.09,12.88,12.98,12.98,5868485
2001-03-14,12.99,13.09,12.89,12.99,12.99,8028352
2001-03-15,13.21,13.31,13.1,13.21,13.21,5273983
2001-03-16,12.96,13.06,12.86,12.96,12.96,2074891
2001-03-19,13.22,13.33,13.12,13.22,13.22,11544568
2001-03-20,13.52,13.63,13.41,13.52,13.52,6828110
2001-03-21,13.4,13.51,13.29,13.4,13.4,5267313
2001-03-22,13.66,13.77,13.55,13.66,13.66,4394837
2001-03-23,13.64,13.75,13.53,13.64,13.64,7208580
2001-03-26,13.92,14.03,13.81,13.92,13.92,2465254
2001-03-27,14.06,14.17,13.94,14.06,14.06,4651897
2001-03-28,14.16,14.27,14.05,14.16,14.16,3652174
2001-03-29,14.1,14.21,13.99,14.1,14.1,4682410
2001-03-30,13.9,14.01,13.79,13.9,13.9,3834638
2001-04-02,13.64,13.75,13.53,13.64,13.64,13974437
2001-04-03,13.56,13.67,13.45,13.56,13.56,4005155
2001-04-04,13.65,13.75,13.54,13.65,13.65,7672017
2001-04-05,13.59,13.7,13.48,13.59,13.59,4339119
2001-04-06,13.79,13.9,13.68,13.79,13.79,4997386
2001-04-09,13.99,14.1,13.88,13.99,13.99,8232391
2001-04-10,13.67,13.78,13.56,13.67,13.67,4101771
2001-04-11,13.69,13.8,13.58,13.69,13.69,10323026
2001-04-12,13.72,13.83,13.61,13.72,13.72,3379865
2001-04-13,14.2,14.31,14.08,14.2,14.2,4795873
2001-04-16,14.33,14.44,14.21,14.33,14.33,6338878
2001-04-17,14.35,14.46,14.23,14.35,14.35,4136526
2001-04-18,14.34,14.46,14.23,14.34,14.34,10432135
2001-04-19,14.24,14.35,14.12,14.24,14.24,4876924
2001-04-20,14.17,14.28,14.06,14.17,14.17,7062744
2001-04-23,14.03,14.14,13.92,14.03,14.03,7549814
2001-04-24,14.16,14.28,14.05,14.16,14.16,9261566
2001-04-25,14.52,14.64,14.4,14.52,14.52,8763637
2001-04-26,14.89,15.01,14.77,14.89,14.89,4052558
2001-04-27,15.05,15.17,14.93,15.05,15.05,2552944
2001-04-30,14.93,15.05,14.81,14.93,14.93,8423397
2001-05-01,15.38,15.5,15.25,15.38,15.38,7346364
2001-05-02,15.42,15.54,15.29,15.42,15.42,3746449
2001-05-03,15.42,15.54,15.29,15.42,15.42,14990050
2001-05-04,15.0,15.12,14.88,15.0,15.0,4056903
2001-05-07,14.75,14.87,14.64,14.75,14.75,3807537
2001-05-08,14.6,14.72,14.49,14.6,14.6,2682609
2001-05-09,14.6,14.72,14.48,14.6,14.6,6788924
2001-05-10,14.54,14.66,14.43,14.54,14.54,4048234
2001-05-11,14.56,14.67,14.44,14.56,14.56,6369731
2001-05-14,14.72,14.84,14.6,14.72,14.72,3722377
2001-05-15,14.51,14.62,14.39,14.51,14.51,5195920
2001-05-16,14.59,14.7,14.47,14.59,14.59,3243690
2001-05-17,14.62,14.74,14.5,14.62,14.62,7897969
2001-05-18,14.61,14.73,14.49,14.61,14.61,8751115
2001-05-21,14.36,14.48,14.25,14.36,14.36,7293514
2001-05-22,14.47,14.58,14.35,14.47,14.47,4116463
2001-05-23,14.7,14.82,14.58,14.7,14.7,4947681
2001-05-24,14.42,14.54,14.31,14.42,14.42,5549618
2001-05-25,14.5,14.62,14.38,14.5,14.5,5920994
2001-05-28,14.76,14.88,14.65,14.76,14.76,3274878
2001-05-29,15.05,15.17,14.93,15.05,15.05,3189753
2001-05-30,15.24,15.36,15.12,15.24,15.24,9860303
2001-05-31,15.08,15.2,14.96,15.08,15.08,5897286
2001-06-01,15.29,15.41,15.17,15.29,15.29,4432936
2001-06-04,15.05,15.17,14.93,15.05,15.05,4529384
2001-06-05,15.23,15.35,15.1,15.23,15.23,3510382
2001-06-06,15.37,15.49,15.24,15.37,15.37,6812581
2001-06-07,15.42,15.54,15.3,15.42,15.42,4321808
2001-06-08,15.27,15.4,15.15,15.27,15.27,7253664
2001-06-11,15.27,15.39,15.14,15.27,15.27,4002671
2001-06-12,15.23,15.35,15.11,15.23,15.23,11406577
2001-06-13,15.5,15.62,15.37,15.5,15.5,10807449
2001-06-14,15.42,15.54,15.29,15.42,15.42,9812713
2001-06-15,15.68,15.81,15.56,15.68,15.68,3329192
2001-06-18,15.47,15.59,15.34,15.47,15.47,3270961
2001-06-19,15.36,15.48,15.24,15.36,15.36,4060111
2001-06-20,16.02,16.15,15.89,16.02,16.02,3487373
2001-06-21,15.73,15.86,15.61,15.73,15.73,4485845
2001-06-22,15.19,15.31,15.07,15.19,15.19,2449499
2001-06-25,14.9,15.02,14.78,14.9,14.9,9192097
2001-06-26,15.03,15.15,14.91,15.03,15.03,5850516
2001-06-27,15.31,15.43,15.19,15.31,15.31,5498518
2001-06-28,15.56,15.68,15.43,15.56,15.56,3282636
2001-06-29,15.29,15.41,15.17,15.29,15.29,11849435
2001-07-02,15.27,15.39,15.15,15.27,15.27,5554772
2001-07-03,15.21,15.33,15.09,15.21,15.21,3973136
2001-07-04,15.0,15.12,14.88,15.0,15.0,7255437
2001-07-05,15.34,15.46,15.22,15.34,15.34,4229857
2001-07-06,15.26,15.38,15.13,15.26,15.26,2546673
2001-07-09,15.25,15.38,15.13,15.25,15.25,7244404
2001-07-10,15.48,15.6,15.35,15.48,15.48,3272286
2001-07-11,15.49,15.62,15.37,15.49,15.49,3169552
2001-07-12,15.37,15.49,15.24,15.37,15.37,3760881
2001-07-13,15.59,15.71,15.46,15.59,15.59,7287786
2001-07-16,15.07,15.2,14.95,15.07,15.07,4468102
2001-07-17,14.98,15.1,14.86,14.98,14.98,3197189
2001-07-18,15.16,15.28,15.04,15.16,15.16,4610711
2001-07-19,15.17,15.29,15.04,15.17,15.17,6612901
2001-07-20,15.13,15.25,15.01,15.13,15.13,9276945
2001-07-23,15.46,15.59,15.34,15.46,15.46,5384327
2001-07-24,15.69,15.82,15.57,15.69,15.69,7845178
2001-07-25,15.58,15.7,15.45,15.58,15.58,3670770
2001-07-26,15.89,16.02,15.77,15.89,15.89,4725543
2001-07-27,15.58,15.7,15.45,15.58,15.58,3160498
2001-07-30,15.69,15.82,15.57,15.69,15.69,9487839
2001-07-31,15.57,15.7,15.45,15.57,15.57,2787442
2001-08-01,15.23,15.35,15.1,15.23,15.23,7563058
2001-08-02,15.01,15.13,14.89,15.01,15.01,5819484
2001-08-03,15.15,15.27,15.03,15.15,15.15,7121810
2001-08-06,15.17,15.29,15.05,15.17,15.17,5033991
2001-08-07,15.36,15.48,15.23,15.36,15.36,3902060
2001-08-08,15.21,15.33,15.09,15.21,15.21,6631206
2001-08-09,15.26,15.38,15.14,15.26,15.26,5509747
2001-08-10,15.28,15.41,15.16,15.28,15.28,4668396
2001-08-13,15.56,15.68,15.43,15.56,15.56,3613778
2001-08-14,15.79,15.92,15.67,15.79,15.79,5454990
2001-08-15,15.87,15.99,15.74,15.87,15.87,13650322
2001-08-16,15.67,15.8,15.55,15.67,15.67,3838337
2001-08-17,15.97,16.09,15.84,15.97,15.97,4373807
2001-08-20,16.0,16.12,15.87,16.0,16.0,4396175
2001-08-21,16.31,16.44,16.18,16.31,16.31,8192013
2001-08-22,16.33,16.46,16.2,16.33,16.33,5139582
2001-08-23,16.16,16.29,16.03,16.16,16.16,7613691
2001-08-24,15.79,15.92,15.66,15.79,15.79,5104891
2001-08-27,16.4,16.53,16.27,16.4,16.4,3714862
2001-08-28,16.39,16.52,16.26,16.39,16.39,3153767
2001-08-29,17.07,17.21,16.94,17.07,17.07,6447418
2001-08-30,17.34,17.48,17.2,17.34,17.34,4874971
2001-08-31,17.65,17.79,17.51,17.65,17.65,2341139
2001-09-03,17.36,17.49,17.22,17.36,17.36,5219783
2001-09-04,17.6,17.74,17.46,17.6,17.6,4583566
2001-09-05,17.75,17.89,17.61,17.75,17.75,6716830
2001-09-06,18.33,18.47,18.18,18.33,18.33,3313597
2001-09-07,18.59,18.73,18.44,18.59,18.59,8480010
2001-09-10,18.24,18.39,18.1,18.24,18.24,8062151
2001-09-11,18.01,18.15,17.87,18.01,18.01,6258149
2001-09-12,18.08,18.23,17.94,18.08,18.08,4883551
2001-09-13,18.35,18.5,18.2,18.35,18.35,5269695
2001-09-14,18.06,18.2,17.91,18.06,18.06,2966084
2001-09-17,17.88,18.02,17.73,17.88,17.88,4468943
2001-09-18,18.0,18.15,17.86,18.0,18.0,7153269
2001-09-19,18.35,18.49,18.2,18.35,18.35,8940435
2001-09-20,18.48,18.63,18.33,18.48,18.48,6280353
2001-09-21,18.15,18.29,18.0,18.15,18.15,3992820
2001-09-24,17.83,17.97,17.69,17.83,17.83,5515993
2001-09-25,17.83,17.98,17.69,17.83,17.83,2089592
2001-09-26,17.28,17.42,17.14,17.28,17.28,5495110
2001-09-27,17.27,17.4,17.13,17.27,17.27,7321932
2001-09-28,17.26,17.4,17.12,17.26,17.26,4500486
2001-10-01,17.61,17.76,17.47,17.61,17.61,3859230
2001-10-02,17.3,17.44,17.16,17.3,17.3,6975991
2001-10-03,17.3,17.44,17.16,17.3,17.3,7537185
2001-10-04,17.4,17.54,17.26,17.4,17.4,3454659
2001-10-05,17.23,17.37,17.1,17.23,17.23,5541917
2001-10-08,17.11,17.25,16.97,17.11,17.11,3210167
2001-10-09,17.1,17.23,16.96,17.1,17.1,4385611
2001-10-10,17.23,17.37,17.09,17.23,17.23,9309914
2001-10-11,17.11,17.24,16.97,17.11,17.11,2992485
2001-10-12,17.23,17.37,17.1,17.23,17.23,16583141
2001-10-15,17.43,17.57,17.29,17.43,17.43,6594780
2001-10-16,17.25,17.39,17.11,17.25,17.25,3786986
2001-10-17,17.46,17.6,17.33,17.46,17.46,5590211
2001-10-18,17.5,17.64,17.36,17.5,17.5,3981898
2001-10-19,17.41,17.55,17.28,17.41,17.41,4562944
2001-10-22,17.68,17.82,17.54,17.68,17.68,4220617
2001-10-23,18.49,18.63,18.34,18.49,18.49,3957512
2001-10-24,18.51,18.66,18.36,18.51,18.51,5695999
2001-10-25,18.12,18.27,17.98,18.12,18.12,3307137
2001-10-26,17.93,18.08,17.79,17.93,17.93,4356568
2001-10-29,17.76,17.9,17.62,17.76,17.76,10458492
2001-10-30,18.0,18.14,17.86,18.0,18.0,4673878
2001-10-31,17.84,17.98,17.69,17.84,17.84,3750167
2001-11-01,18.42,18.57,18.27,18.42,18.42,13183257
2001-11-02,18.82,18.97,18.67,18.82,18.82,7196624
2001-11-05,18.92,19.07,18.77,18.92,18.92,5691989
2001-11-06,18.93,19.08,18.78,18.93,18.93,6246396
2001-11-07,18.14,18.29,18.0,18.14,18.14,4141847
2001-11-08,18.28,18.43,18.13,18.28,18.28,5794716
2001-11-09,18.53,18.68,18.38,18.53,18.53,11152981
2001-11-12,18.5,18.65,18.35,18.5,18.5,4829614
2001-11-13,18.83,18.98,18.68,18.83,18.83,10173082
2001-11-14,18.69,18.84,18.54,18.69,18.69,2928143
2001-11-15,18.9,19.05,18.75,18.9,18.9,4872257
2001-11-16,19.27,19.43,19.12,19.27,19.27,11477902
2001-11-19,19.26,19.41,19.1,19.26,19.26,8934943
2001-11-20,19.09,19.24,18.94,19.09,19.09,3485475
2001-11-21,18.62,18.77,18.47,18.62,18.62,4635929
2001-11-22,18.59,18.74,18.44,18.59,18.59,7605104
2001-11-23,18.28,18.42,18.13,18.28,18.28,5178207
2001-11-26,17.98,18.12,17.84,17.98,17.98,6693179
2001-11-27,17.75,17.9,17.61,17.75,17.75,4632850
2001-11-28,17.67,17.81,17.53,17.67,17.67,3332839
2001-11-29,17.83,17.97,17.68,17.83,17.83,4264295
2001-11-30,18.24,18.38,18.09,18.24,18.24,13563636
2001-12-03,18.2,18.34,18.05,18.2,18.2,3221835
2001-12-04,18.21,18.36,18.07,18.21,18.21,5574777
2001-12-05,18.4,18.54,18.25,18.4,18.4,3625889
2001-12-06,18.76,18.91,18.61,18.76,18.76,5875160
2001-12-07,18.87,19.02,18.72,18.87,18.87,5163161
2001-12-10,18.92,19.07,18.77,18.92,18.92,6191958
2001-12-11,18.72,18.87,18.57,18.72,18.72,7939768
2001-12-12,18.69,18.84,18.54,18.69,18.69,3619231
2001-12-13,19.04,19.19,18.89,19.04,19.04,7935145
2001-12-14,19.09,19.24,18.93,19.09,19.09,5102188
2001-12-17,19.7,19.86,19.54,19.7,19.7,3979116
2001-12-18,20.0,20.16,19.84,20.0,20.0,4722416
2001-12-19,19.99,20.15,19.83,19.99,19.99,6741120
2001-12-20,20.3,20.46,20.14,20.3,20.3,6029761
2001-12-21,20.54,20.71,20.38,20.54,20.54,4785775
2001-12-24,20.31,20.48,20.15,20.31,20.31,4766879
2001-12-25,20.76,20.93,20.59,20.76,20.76,2334294
2001-12-26,20.81,20.98,20.64,20.81,20.81,7773317
2001-12-27,20.82,20.99,20.66,20.82,20.82,4340203
2001-12-28,20.79,20.96,20.63,20.79,20.79,6000024
2001-12-31,20.75,20.92,20.58,20.75,20.75,6578869
2002-01-01,20.53,20.69,20.36,20.53,20.53,3672705
2002-01-02,20.16,20.32,19.99,20.16,20.16,4947529
2002-01-03,20.09,20.25,19.93,20.09,20.09,2006075
2002-01-04,20.33,20.49,20.17,20.33,20.33,9784704
2002-01-07,20.34,20.51,20.18,20.34,20.34,4480002
2002-01-08,20.5,20.66,20.33,20.5,20.5,5186473
2002-01-09,20.42,20.59,20.26,20.42,20.42,4269503
2002-01-10,19.94,20.1,19.78,19.94,19.94,5013458
2002-01-11,19.76,19.91,19.6,19.76,19.76,2898873
2002-01-14,19.6,19.75,19.44,19.6,19.6,3529856
2002-01-15,19.31,19.46,19.15,19.31,19.31,3883690
2002-01-16,19.66,19.81,19.5,19.66,19.66,4611779
2002-01-17,19.25,19.41,19.1,19.25,19.25,4129941
2002-01-18,18.68,18.83,18.53,18.68,18.68,9363347
2002-01-21,18.46,18.61,18.31,18.46,18.46,1867862
2002-01-22,18.79,18.94,18.64,18.79,18.79,4439995
2002-01-23,18.99,19.14,18.84,18.99,18.99,3859678
2002-01-24,18.73,18.88,18.58,18.73,18.73,11133102
2002-01-25,19.0,19.15,18.85,19.0,19.0,5069640
2002-01-28,18.48,18.62,18.33,18.48,18.48,3727366
2002-01-29,18.21,18.35,18.06,18.21,18.21,4559305
2002-01-30,18.16,18.31,18.02,18.16,18.16,4230408
2002-01-31,18.22,18.37,18.07,18.22,18.22,4373000
2002-02-01,18.71,18.86,18.56,18.71,18.71,6754740
2002-02-04,18.58,18.73,18.43,18.58,18.58,6618347
2002-02-05,18.65,18.8,18.5,18.65,18.65,3833632
2002-02-06,18.6,18.74,18.45,18.6,18.6,7712591
2002-02-07,18.33,18.47,18.18,18.33,18.33,6635501
2002-02-08,18.18,18.32,18.03,18.18,18.18,4949427
2002-02-11,18.06,18.21,17.92,18.06,18.06,3748711
2002-02-12,18.19,18.34,18.05,18.19,18.19,6743019
2002-02-13,18.02,18.16,17.88,18.02,18.02,4596996
2002-02-14,18.19,18.33,18.04,18.19,18.19,4050901
2002-02-15,18.39,18.54,18.24,18.39,18.39,7322606
2002-02-18,18.87,19.02,18.72,18.87,18.87,3372310
2002-02-19,18.75,18.9,18.6,18.75,18.75,4196617
2002-02-20,18.67,18.82,18.52,18.67,18.67,6472125
2002-02-21,18.12,18.27,17.98,18.12,18.12,10268793
2002-02-22,17.91,18.05,17.77,17.91,17.91,15265005
2002-02-25,18.33,18.48,18.19,18.33,18.33,5733159
2002-02-26,18.27,18.41,18.12,18.27,18.27,5752614
2002-02-27,18.01,18.15,17.87,18.01,18.01,5432872
2002-02-28,17.9,18.05,17.76,17.9,17.9,6101522
2002-03-01,18.26,18.41,18.12,18.26,18.26,4212475
2002-03-04,18.4,18.55,18.26,18.4,18.4,5118454
2002-03-05,17.97,18.11,17.83,17.97,17.97,5616671
2002-03-06,18.04,18.18,17.89,18.04,18.04,4935866
2002-03-07,17.63,17.77,17.49,17.63,17.63,5568798
2002-03-08,17.97,18.12,17.83,17.97,17.97,4652880
2002-03-11,18.14,18.28,17.99,18.14,18.14,3285056
2002-03-12,18.27,18.42,18.12,18.27,18.27,4850754
2002-03-13,18.5,18.64,18.35,18.5,18.5,6832121
2002-03-14,18.7,18.85,18.55,18.7,18.7,11029511
2002-03-15,18.92,19.07,18.77,18.92,18.92,8511112
2002-03-18,18.93,19.08,18.77,18.93,18.93,13775777
2002-03-19,19.72,19.88,19.57,19.72,19.72,3718650
2002-03-20,19.99,20.15,19.83,19.99,19.99,12131467
2002-03-21,20.27,20.43,20.11,20.27,20.27,6619319
2002-03-22,20.5,20.66,20.33,20.5,20.5,5938525
2002-03-25,20.93,21.1,20.76,20.93,20.93,3557723
2002-03-26,20.96,21.12,20.79,20.96,20.96,4846753
2002-03-27,20.94,21.1,20.77,20.94,20.94,4080074
2002-03-28,20.72,20.88,20.55,20.72,20.72,4869166
2002-03-29,21.19,21.36,21.02,21.19,21.19,6634151
2002-04-01,21.63,21.8,21.46,21.63,21.63,4358752
2002-04-02,21.68,21.85,21.51,21.68,21.68,10688075
2002-04-03,21.5,21.67,21.33,21.5,21.5,7059879
2002-04-04,21.21,21.37,21.04,21.21,21.21,5243824
2002-04-05,21.6,21.78,21.43,21.6,21.6,5136587
2002-04-08,21.66,21.83,21.49,21.66,21.66,7197898
2002-04-09,21.78,21.95,21.61,21.78,21.78,2868716
2002-04-10,21.75,21.92,21.57,21.75,21.75,3272270
2002-04-11,21.55,21.72,21.38,21.55,21.55,5738180
2002-04-12,21.36,21.53,21.19,21.36,21.36,6062992
2002-04-15,20.77,20.94,20.61,20.77,20.77,2153972
2002-04-16,20.43,20.6,20.27,20.43,20.43,4692285
2002-04-17,20.39,20.55,20.22,20.39,20.39,13201979
2002-04-18,20.06,20.23,19.9,20.06,20.06,2427845
2002-04-19,19.61,19.76,19.45,19.61,19.61,4954261
2002-04-22,19.77,19.93,19.62,19.77,19.77,3440938
2002-04-23,19.96,20.12,19.8,19.96,19.96,5458218
2002-04-24,20.26,20.42,20.1,20.26,20.26,6129903
2002-04-25,20.27,20.43,20.1,20.27,20.27,10351081
2002-04-26,20.09,20.25,19.93,20.09,20.09,5401494
2002-04-29,20.05,20.21,19.89,20.05,20.05,6398018
2002-04-30,19.73,19.89,19.57,19.73,19.73,4014060
2002-05-01,19.72,19.88,19.56,19.72,19.72,7920043
2002-05-02,20.22,20.38,20.06,20.22,20.22,2817024
2002-05-03,19.78,19.94,19.63,19.78,19.78,1531765
2002-05-06,19.77,19.93,19.62,19.77,19.77,6436574
2002-05-07,19.76,19.91,19.6,19.76,19.76,4773891
2002-05-08,19.62,19.78,19.47,19.62,19.62,9198279
2002-05-09,19.74,19.9,19.58,19.74,19.74,6018902
2002-05-10,19.9,20.06,19.74,19.9,19.9,5014722
2002-05-13,19.45,19.61,19.3,19.45,19.45,4452316
2002-05-14,19.85,20.01,19.69,19.85,19.85,3658549
2002-05-15,19.57,19.72,19.41,19.57,19.57,3333173
2002-05-16,19.53,19.68,19.37,19.53,19.53,4812198
2002-05-17,19.96,20.12,19.8,19.96,19.96,6781964
2002-05-20,19.72,19.87,19.56,19.72,19.72,6097709
2002-05-21,19.47,19.63,19.32,19.47,19.47,5268554
2002-05-22,19.23,19.38,19.07,19.23,19.23,5491339
2002-05-23,18.76,18.91,18.61,18.76,18.76,5843095
2002-05-24,18.45,18.59,18.3,18.45,18.45,3373096
2002-05-27,18.82,18.97,18.67,18.82,18.82,3708181
2002-05-28,19.06,19.21,18.91,19.06,19.06,5184008
2002-05-29,19.37,19.52,19.21,19.37,19.37,7476232
2002-05-30,19.52,19.68,19.36,19.52,19.52,3346022
2002-05-31,19.48,19.63,19.32,19.48,19.48,5392486
2002-06-03,19.62,19.77,19.46,19.62,19.62,7231265
2002-06-04,19.47,19.63,19.32,19.47,19.47,7712932
2002-06-05,19.91,20.07,19.75,19.91,19.91,6368444
2002-06-06,20.25,20.41,20.09,20.25,20.25,7938915
2002-06-07,20.49,20.66,20.33,20.49,20.49,4690298
2002-06-10,20.22,20.38,20.05,20.22,20.22,3547073
2002-06-11,20.47,20.63,20.3,20.47,20.47,3893809
2002-06-12,21.04,21.21,20.87,21.04,21.04,7039306
2002-06-13,21.17,21.34,21.01,21.17,21.17,4478206
2002-06-14,21.31,21.48,21.14,21.31,21.31,6425969
2002-06-17,21.06,21.23,20.9,21.06,21.06,2176981
2002-06-18,21.01,21.18,20.84,21.01,21.01,7564626
2002-06-19,21.16,21.33,20.99,21.16,21.16,17995627
2002-06-20,21.13,21.3,20.96,21.13,21.13,4952426
2002-06-21,20.76,20.92,20.59,20.76,20.76,9344170
2002-06-24,21.06,21.23,20.89,21.06,21.06,6773404
2002-06-25,21.08,21.25,20.91,21.08,21.08,2329635
2002-06-26,21.49,21.67,21.32,21.49,21.49,2654722
2002-06-27,21.66,21.84,21.49,21.66,21.66,3277527
2002-06-28,21.53,21.71,21.36,21.53,21.53,6671978
2002-07-01,21.29,21.46,21.12,21.29,21.29,2765041
2002-07-02,21.6,21.78,21.43,21.6,21.6,7332238
2002-07-03,21.87,22.04,21.69,21.87,21.87,3180165
2002-07-04,22.14,22.32,21.97,22.14,22.14,2009608
2002-07-05,21.82,22.0,21.65,21.82,21.82,5859743
2002-07-08,22.3,22.48,22.13,22.3,22.3,5657133
2002-07-09,21.96,22.13,21.78,21.96,21.96,2174546
2002-07-10,22.37,22.55,22.19,22.37,22.37,4880983
2002-07-11,22.22,22.39,22.04,22.22,22.22,4842979
2002-07-12,22.32,22.5,22.14,22.32,22.32,7420946
2002-07-15,23.05,23.24,22.87,23.05,23.05,5885338
2002-07-16,22.67,22.85,22.49,22.67,22.67,2105759
2002-07-17,22.78,22.97,22.6,22.78,22.78,11230560
2002-07-18,23.25,23.44,23.07,23.25,23.25,7839644
2002-07-19,23.61,23.8,23.42,23.61,23.61,8893001
2002-07-22,22.99,23.18,22.81,22.99,22.99,5599361
2002-07-23,23.29,23.47,23.1,23.29,23.29,4663471
2002-07-24,23.12,23.31,22.94,23.12,23.12,3336790
2002-07-25,23.38,23.56,23.19,23.38,23.38,11711352
2002-07-26,23.22,23.41,23.04,23.22,23.22,4871274
2002-07-29,23.03,23.21,22.84,23.03,23.03,2811455
2002-07-30,23.01,23.2,22.83,23.01,23.01,8218673
2002-07-31,23.2,23.39,23.01,23.2,23.2,2283682
2002-08-01,23.58,23.76,23.39,23.58,23.58,5883486
2002-08-02,23.49,23.67,23.3,23.49,23.49,5689056
2002-08-05,23.78,23.97,23.59,23.78,23.78,4132967
2002-08-06,23.73,23.92,23.54,23.73,23.73,3259985
2002-08-07,23.64,23.83,23.45,23.64,23.64,5082081
2002-08-08,23.95,24.14,23.76,23.95,23.95,7329048
2002-08-09,23.78,23.97,23.59,23.78,23.78,4144409
2002-08-12,23.46,23.65,23.27,23.46,23.46,4447916
2002-08-13,23.94,24.13,23.75,23.94,23.94,3733851
2002-08-14,23.81,24.0,23.62,23.81,23.81,6910685
2002-08-15,24.21,24.41,24.02,24.21,24.21,6833770
2002-08-16,23.6,23.79,23.41,23.6,23.6,4156932
2002-08-19,23.54,23.73,23.36,23.54,23.54,8557978
2002-08-20,23.8,23.99,23.61,23.8,23.8,5016190
2002-08-21,23.53,23.72,23.34,23.53,23.53,5064576
2002-08-22,23.64,23.83,23.45,23.64,23.64,5946667
2002-08-23,23.79,23.98,23.6,23.79,23.79,5752116
2002-08-26,23.78,23.97,23.59,23.78,23.78,3934283
2002-08-27,23.83,24.02,23.63,23.83,23.83,6730919
2002-08-28,24.37,24.56,24.17,24.37,24.37,5946952
2002-08-29,24.15,24.34,23.95,24.15,24.15,4611750
2002-08-30,24.58,24.78,24.38,24.58,24.58,8460870
2002-09-02,24.55,24.75,24.36,24.55,24.55,7050849
2002-09-03,24.81,25.01,24.61,24.81,24.81,4686344
2002-09-04,25.05,25.25,24.85,25.05,25.05,10198237
2002-09-05,24.56,24.76,24.37,24.56,24.56,1302840
2002-09-06,24.04,24.23,23.85,24.04,24.04,7151053
2002-09-09,24.34,24.54,24.15,24.34,24.34,2972054
2002-09-10,24.78,24.98,24.58,24.78,24.78,7890073
2002-09-11,24.93,25.13,24.74,24.93,24.93,1932051
2002-09-12,24.81,25.01,24.61,24.81,24.81,3938898
2002-09-13,25.04,25.24,24.84,25.04,25.04,13322759
2002-09-16,24.83,25.03,24.63,24.83,24.83,18377116
2002-09-17,24.26,24.46,24.07,24.26,24.26,4019733
2002-09-18,24.33,24.52,24.13,24.33,24.33,3147986
2002-09-19,25.15,25.35,24.94,25.15,25.15,4396855
2002-09-20,25.61,25.82,25.41,25.61,25.61,4269969
2002-09-23,26.23,26.44,26.02,26.23,26.23,3323276
2002-09-24,26.58,26.79,26.36,26.58,26.58,7620608
2002-09-25,26.98,27.19,26.76,26.98,26.98,8264137
2002-09-26,27.49,27.71,27.27,27.49,27.49,4494571
2002-09-27,27.87,28.1,27.65,27.87,27.87,7439882
2002-09-30,27.58,27.8,27.36,27.58,27.58,2386834
2002-10-01,27.82,28.05,27.6,27.82,27.82,3528621
2002-10-02,28.04,28.26,27.81,28.04,28.04,5001364
2002-10-03,27.92,28.15,27.7,27.92,27.92,7941875
2002-10-04,27.64,27.86,27.42,27.64,27.64,6354262
2002-10-07,28.2,28.43,27.98,28.2,28.2,14249532
2002-10-08,28.79,29.02,28.56,28.79,28.79,5401303
2002-10-09,28.28,28.5,28.05,28.28,28.28,4990177
2002-10-10,27.68,27.91,27.46,27.68,27.68,7965897
2002-10-11,27.35,27.57,27.14,27.35,27.35,15693574
2002-10-14,27.08,27.3,26.87,27.08,27.08,8942430
2002-10-15,27.3,27.52,27.08,27.3,27.3,5794900
2002-10-16,27.16,27.37,26.94,27.16,27.16,4858905
2002-10-17,26.74,26.95,26.52,26.74,26.74,4815536
2002-10-18,27.33,27.54,27.11,27.33,27.33,5342282
2002-10-21,28.09,28.32,27.87,28.09,28.09,8672961
2002-10-22,28.24,28.47,28.02,28.24,28.24,2791599
2002-10-23,28.3,28.53,28.08,28.3,28.3,3342290
2002-10-24,27.91,28.13,27.69,27.91,27.91,4122030
2002-10-25,27.55,27.77,27.33,27.55,27.55,7494835
2002-10-28,27.13,27.35,26.91,27.13,27.13,5189282
2002-10-29,27.21,27.42,26.99,27.21,27.21,2696401
2002-10-30,28.13,28.35,27.9,28.13,28.13,2401479
2002-10-31,27.95,28.17,27.73,27.95,27.95,4287876
2002-11-01,27.68,27.91,27.46,27.68,27.68,3920789
2002-11-04,27.53,27.75,27.31,27.53,27.53,4051835
2002-11-05,27.83,28.06,27.61,27.83,27.83,3589981
2002-11-06,27.88,28.11,27.66,27.88,27.88,5985047
2002-11-07,28.27,28.5,28.05,28.27,28.27,6953963
2002-11-08,28.75,28.98,28.52,28.75,28.75,2148408
2002-11-11,28.99,29.22,28.76,28.99,28.99,5606990
2002-11-12,29.46,29.69,29.22,29.46,29.46,7321694
2002-11-13,29.59,29.82,29.35,29.59,29.59,3503657
2002-11-14,29.55,29.79,29.32,29.55,29.55,6550869
2002-11-15,29.85,30.09,29.61,29.85,29.85,5844205
2002-11-18,29.37,29.61,29.14,29.37,29.37,5997964
2002-11-19,29.66,29.9,29.42,29.66,29.66,8785944
2002-11-20,30.06,30.3,29.82,30.06,30.06,4971747
2002-11-21,29.45,29.68,29.21,29.45,29.45,4082358
2002-11-22,29.43,29.66,29.19,29.43,29.43,4508360
2002-11-25,28.98,29.21,28.74,28.98,28.98,6133537
2002-11-26,28.82,29.05,28.59,28.82,28.82,6134845
2002-11-27,29.48,29.71,29.24,29.48,29.48,4670684
2002-11-28,30.28,30.52,30.04,30.28,30.28,5970274
2002-11-29,30.32,30.57,30.08,30.32,30.32,4299110
2002-12-02,30.24,30.48,30.0,30.24,30.24,4451766
2002-12-03,30.63,30.87,30.38,30.63,30.63,7082893
2002-12-04,31.12,31.37,30.87,31.12,31.12,4908723
2002-12-05,31.01,31.26,30.76,31.01,31.01,8657471
2002-12-06,30.44,30.68,30.19,30.44,30.44,8443428
2002-12-09,30.05,30.29,29.81,30.05,30.05,6797720
2002-12-10,30.38,30.62,30.14,30.38,30.38,3597465
2002-12-11,30.14,30.38,29.9,30.14,30.14,5956089
2002-12-12,29.38,29.61,29.14,29.38,29.38,5191460
2002-12-13,29.97,30.21,29.73,29.97,29.97,2706561
2002-12-16,29.5,29.74,29.26,29.5,29.5,4912018
2002-12-17,28.68,28.91,28.45,28.68,28.68,4305512
2002-12-18,28.38,28.61,28.15,28.38,28.38,10262075
2002-12-19,27.97,28.2,27.75,27.97,27.97,5424333
2002-12-20,28.7,28.93,28.47,28.7,28.7,5611920
2002-12-23,29.47,29.7,29.23,29.47,29.47,6558794
2002-12-24,29.81,30.05,29.57,29.81,29.81,3101864
2002-12-25,29.65,29.89,29.41,29.65,29.65,8692537
2002-12-26,29.41,29.65,29.18,29.41,29.41,9304233
2002-12-27,28.86,29.1,28.63,28.86,28.86,5809694
2002-12-30,28.33,28.55,28.1,28.33,28.33,6483425
2002-12-31,28.84,29.07,28.61,28.84,28.84,9186573
2003-01-01,29.1,29.33,28.86,29.1,29.1,4400726
2003-01-02,29.26,29.49,29.02,29.26,29.26,19013130
2003-01-03,28.8,29.03,28.57,28.8,28.8,3682357
2003-01-06,28.64,28.87,28.41,28.64,28.64,4560530
2003-01-07,28.09,28.31,27.86,28.09,28.09,8962692
2003-01-08,28.32,28.54,28.09,28.32,28.32,8437459
2003-01-09,28.46,28.68,28.23,28.46,28.46,6242107
2003-01-10,28.62,28.85,28.39,28.62,28.62,6344424
2003-01-13,28.92,29.16,28.69,28.92,28.92,4830572
2003-01-14,28.98,29.21,28.75,28.98,28.98,3415344
2003-01-15,28.63,28.86,28.4,28.63,28.63,4864948
2003-01-16,28.13,28.36,27.9,28.13,28.13,4637136
2003-01-17,28.47,28.7,28.24,28.47,28.47,8318759
2003-01-20,28.5,28.73,28.27,28.5,28.5,6983518
2003-01-21,29.08,29.31,28.85,29.08,29.08,4514282
2003-01-22,29.08,29.31,28.84,29.08,29.08,12087927
2003-01-23,28.97,29.2,28.74,28.97,28.97,7714308
2003-01-24,29.03,29.27,28.8,29.03,29.03,8125245
2003-01-27,28.75,28.98,28.52,28.75,28.75,2756405
2003-01-28,29.44,29.68,29.21,29.44,29.44,4119809
2003-01-29,29.86,30.1,29.62,29.86,29.86,2620877
2003-01-30,29.43,29.66,29.19,29.43,29.43,7503613
2003-01-31,29.43,29.67,29.2,29.43,29.43,7288958
2003-02-03,29.08,29.31,28.85,29.08,29.08,5432709
2003-02-04,28.8,29.03,28.57,28.8,28.8,4154128
2003-02-05,28.93,29.16,28.7,28.93,28.93,4945688
2003-02-06,29.4,29.63,29.16,29.4,29.4,6421942
2003-02-07,30.03,30.27,29.79,30.03,30.03,6956023
2003-02-10,30.25,30.49,30.0,30.25,30.25,2164814
2003-02-11,30.59,30.83,30.34,30.59,30.59,4873492
2003-02-12,30.79,31.04,30.54,30.79,30.79,4267907
2003-02-13,31.15,31.4,30.91,31.15,31.15,9885023
2003-02-14,32.0,32.26,31.74,32.0,32.0,4105686
2003-02-17,31.4,31.66,31.15,31.4,31.4,3493678
2003-02-18,31.57,31.82,31.32,31.57,31.57,3233020
2003-02-19,31.43,31.69,31.18,31.43,31.43,5069141
2003-02-20,31.52,31.77,31.27,31.52,31.52,4531135
2003-02-21,31.31,31.56,31.06,31.31,31.31,4795520
2003-02-24,31.09,31.34,30.84,31.09,31.09,7121987
2003-02-25,30.76,31.01,30.52,30.76,30.76,7179852
2003-02-26,30.56,30.81,30.32,30.56,30.56,2666221
2003-02-27,30.56,30.8,30.31,30.56,30.56,5505453
2003-02-28,30.91,31.16,30.66,30.91,30.91,4890704
2003-03-03,30.78,31.03,30.54,30.78,30.78,5957631
2003-03-04,30.33,30.57,30.09,30.33,30.33,3479103
2003-03-05,31.33,31.58,31.08,31.33,31.33,5979116
2003-03-06,31.06,31.31,30.81,31.06,31.06,3187149
2003-03-07,31.03,31.28,30.78,31.03,31.03,2907604
2003-03-10,30.75,30.99,30.5,30.75,30.75,8026760
2003-03-11,31.14,31.39,30.89,31.14,31.14,4983002
2003-03-12,31.56,31.81,31.3,31.56,31.56,3748433
2003-03-13,31.43,31.68,31.18,31.43,31.43,4785210
2003-03-14,31.28,31.53,31.03,31.28,31.28,7524379
2003-03-17,30.29,30.53,30.05,30.29,30.29,8741988
2003-03-18,30.58,30.82,30.33,30.58,30.58,4799141
2003-03-19,30.54,30.79,30.3,30.54,30.54,3320996
2003-03-20,31.32,31.57,31.07,31.32,31.32,4456514
2003-03-21,31.75,32.0,31.5,31.75,31.75,7324244
2003-03-24,32.48,32.73,32.22,32.48,32.48,8911241
2003-03-25,32.44,32.7,32.18,32.44,32.44,11478800
2003-03-26,33.12,33.38,32.85,33.12,33.12,4032704
2003-03-27,33.05,33.32,32.79,33.05,33.05,3236076
2003-03-28,32.72,32.98,32.46,32.72,32.72,7953289
2003-03-31,33.26,33.53,32.99,33.26,33.26,2148963
2003-04-01,33.0,33.26,32.74,33.0,33.0,2306700
2003-04-02,33.29,33.55,33.02,33.29,33.29,2433827
2003-04-03,34.04,34.31,33.77,34.04,34.04,4074311
2003-04-04,33.64,33.91,33.37,33.64,33.64,4332718
2003-04-07,34.98,35.26,34.7,34.98,34.98,5600104
2003-04-08,35.83,36.12,35.55,35.83,35.83,4509081
2003-04-09,35.41,35.69,35.13,35.41,35.41,8246489
2003-04-10,35.19,35.47,34.91,35.19,35.19,3717027
2003-04-11,35.18,35.46,34.9,35.18,35.18,4024861
2003-04-14,34.49,34.77,34.21,34.49,34.49,5040986
2003-04-15,34.67,34.95,34.39,34.67,34.67,3955719
2003-04-16,33.89,34.17,33.62,33.89,33.89,6045801
2003-04-17,33.33,33.6,33.06,33.33,33.33,3893098
2003-04-18,33.11,33.38,32.85,33.11,33.11,4805676
2003-04-21,33.25,33.51,32.98,33.25,33.25,3247749
2003-04-22,33.05,33.32,32.79,33.05,33.05,5928969
2003-04-23,32.3,32.56,32.04,32.3,32.3,5602115
2003-04-24,32.85,33.11,32.59,32.85,32.85,4750775
2003-04-25,33.12,33.39,32.86,33.12,33.12,8900038
2003-04-28,33.27,33.54,33.01,33.27,33.27,6737010
2003-04-29,33.41,33.68,33.15,33.41,33.41,3581036
2003-04-30,33.13,33.39,32.86,33.13,33.13,16585648
2003-05-01,33.05,33.31,32.79,33.05,33.05,11448385
2003-05-02,32.83,33.1,32.57,32.83,32.83,3271340
2003-05-05,32.03,32.28,31.77,32.03,32.03,13615554
2003-05-06,31.77,32.02,31.51,31.77,31.77,7244385
2003-05-07,31.78,32.03,31.52,31.78,31.78,6174892
2003-05-08,32.2,32.45,31.94,32.2,32.2,6823098
2003-05-09,32.12,32.38,31.87,32.12,32.12,6565751
2003-05-12,31.81,32.07,31.56,31.81,31.81,6274514
2003-05-13,32.38,32.64,32.12,32.38,32.38,2067690
2003-05-14,32.8,33.06,32.53,32.8,32.8,4897093
2003-05-15,32.73,32.99,32.47,32.73,32.73,6526789
2003-05-16,33.11,33.38,32.85,33.11,33.11,4386773
2003-05-19,32.51,32.77,32.25,32.51,32.51,7363628
2003-05-20,32.48,32.74,32.22,32.48,32.48,11672673
2003-05-21,31.79,32.05,31.54,31.79,31.79,17000199
2003-05-22,32.16,32.42,31.91,32.16,32.16,4754135
2003-05-23,32.4,32.66,32.14,32.4,32.4,4541371
2003-05-26,32.33,32.59,32.08,32.33,32.33,4326843
2003-05-27,32.12,32.38,31.87,32.12,32.12,4551795
2003-05-28,32.59,32.85,32.33,32.59,32.59,14052973
2003-05-29,32.29,32.55,32.03,32.29,32.29,4920709
2003-05-30,31.76,32.02,31.51,31.76,31.76,6498326
2003-06-02,30.76,31.0,30.51,30.76,30.76,7800264
2003-06-03,30.25,30.49,30.01,30.25,30.25,2610023
2003-06-04,29.53,29.77,29.3,29.53,29.53,5887363
2003-06-05,29.15,29.38,28.92,29.15,29.15,8681009
2003-06-06,29.29,29.52,29.05,29.29,29.29,5045929
2003-06-09,28.4,28.63,28.17,28.4,28.4,6378805
2003-06-10,28.73,28.96,28.5,28.73,28.73,9539024
2003-06-11,28.8,29.03,28.57,28.8,28.8,5016081
2003-06-12,28.66,28.89,28.44,28.66,28.66,7679794
2003-06-13,29.17,29.41,28.94,29.17,29.17,9652804
2003-06-16,29.01,29.24,28.77,29.01,29.01,5184213
2003-06-17,28.77,29.0,28.54,28.77,28.77,3686366
2003-06-18,28.31,28.53,28.08,28.31,28.31,5125357
2003-06-19,28.38,28.6,28.15,28.38,28.38,5663810
2003-06-20,27.61,27.83,27.39,27.61,27.61,4529410
2003-06-23,27.55,27.77,27.33,27.55,27.55,7095586
2003-06-24,27.76,27.98,27.53,27.76,27.76,10620185
2003-06-25,27.63,27.85,27.41,27.63,27.63,5719577
2003-06-26,27.64,27.86,27.42,27.64,27.64,7179478
2003-06-27,28.74,28.97,28.51,28.74,28.74,8142431
2003-06-30,28.91,29.14,28.68,28.91,28.91,5083888
2003-07-01,28.84,29.07,28.61,28.84,28.84,9900973
2003-07-02,28.5,28.73,28.28,28.5,28.5,2491478
2003-07-03,28.28,28.5,28.05,28.28,28.28,7194217
2003-07-04,27.47,27.69,27.25,27.47,27.47,3050730
2003-07-07,28.13,28.35,27.9,28.13,28.13,3484620
2003-07-08,28.34,28.56,28.11,28.34,28.34,3496605
2003-07-09,27.99,28.21,27.76,27.99,27.99,4037687
2003-07-10,27.88,28.1,27.66,27.88,27.88,3060562
2003-07-11,27.48,27.7,27.26,27.48,27.48,4383127
2003-07-14,26.93,27.14,26.71,26.93,26.93,4965776
2003-07-15,26.37,26.58,26.16,26.37,26.37,4864601
2003-07-16,26.42,26.64,26.21,26.42,26.42,4416919
2003-07-17,27.65,27.87,27.43,27.65,27.65,7521434
2003-07-18,26.47,26.68,26.26,26.47,26.47,5461252
2003-07-21,26.47,26.68,26.26,26.47,26.47,5024837
2003-07-22,26.56,26.77,26.34,26.56,26.56,3343078
2003-07-23,27.59,27.81,27.37,27.59,27.59,6371748
2003-07-24,27.48,27.7,27.26,27.48,27.48,2823672
2003-07-25,28.0,28.23,27.78,28.0,28.0,4666886
2003-07-28,28.2,28.43,27.98,28.2,28.2,3804215
2003-07-29,27.62,27.84,27.4,27.62,27.62,4913628
2003-07-30,27.44,27.66,27.22,27.44,27.44,5182667
2003-07-31,27.31,27.53,27.09,27.31,27.31,4300499
2003-08-01,27.3,27.52,27.08,27.3,27.3,2799771
2003-08-04,27.67,27.89,27.45,27.67,27.67,5178827
2003-08-05,26.97,27.19,26.75,26.97,26.97,3618239
2003-08-06,26.57,26.78,26.36,26.57,26.57,4385299
2003-08-07,26.31,26.52,26.1,26.31,26.31,4867742
2003-08-08,26.72,26.93,26.51,26.72,26.72,10319729
2003-08-11,26.49,26.7,26.28,26.49,26.49,6199820
2003-08-12,26.08,26.28,25.87,26.08,26.08,4436013
2003-08-13,26.07,26.28,25.87,26.07,26.07,6271534
2003-08-14,26.51,26.72,26.29,26.51,26.51,5946419
2003-08-15,26.19,26.4,25.98,26.19,26.19,3570539
2003-08-18,26.68,26.9,26.47,26.68,26.68,6687556
2003-08-19,26.83,27.04,26.61,26.83,26.83,12913851
2003-08-20,27.22,27.44,27.01,27.22,27.22,7055204
2003-08-21,27.11,27.33,26.89,27.11,27.11,4038370
2003-08-22,27.86,28.08,27.64,27.86,27.86,4465870
2003-08-25,27.81,28.03,27.58,27.81,27.81,7194374
2003-08-26,28.0,28.23,27.78,28.0,28.0,5702452
2003-08-27,27.34,27.56,27.12,27.34,27.34,5618376
2003-08-28,28.47,28.7,28.25,28.47,28.47,4135476
2003-08-29,27.8,28.02,27.58,27.8,27.8,5763744
2003-09-01,27.75,27.97,27.52,27.75,27.75,3534850
2003-09-02,27.88,28.11,27.66,27.88,27.88,6742138
2003-09-03,28.05,28.27,27.83,28.05,28.05,6205190
2003-09-04,28.29,28.51,28.06,28.29,28.29,8562316
2003-09-05,28.37,28.59,28.14,28.37,28.37,6301869
2003-09-08,28.03,28.25,27.81,28.03,28.03,5458247
2003-09-09,27.69,27.91,27.47,27.69,27.69,4892292
2003-09-10,27.38,27.6,27.16,27.38,27.38,6180821
2003-09-11,27.5,27.72,27.28,27.5,27.5,7784911
2003-09-12,27.74,27.96,27.51,27.74,27.74,9056244
2003-09-15,27.97,28.19,27.74,27.97,27.97,5818192
2003-09-16,27.99,28.21,27.76,27.99,27.99,4989240
2003-09-17,27.89,28.11,27.67,27.89,27.89,5144337
2003-09-18,28.01,28.23,27.79,28.01,28.01,17290717
2003-09-19,27.99,28.21,27.76,27.99,27.99,6827099
2003-09-22,28.14,28.37,27.92,28.14,28.14,8230207
2003-09-23,27.94,28.17,27.72,27.94,27.94,7035587
2003-09-24,27.48,27.7,27.26,27.48,27.48,3933571
2003-09-25,27.85,28.07,27.62,27.85,27.85,4618029
2003-09-26,27.32,27.54,27.1,27.32,27.32,5515920
2003-09-29,27.06,27.27,26.84,27.06,27.06,4234414
2003-09-30,27.45,27.67,27.23,27.45,27.45,5797320
2003-10-01,27.49,27.71,27.27,27.49,27.49,4502090
2003-10-02,26.73,26.94,26.51,26.73,26.73,7100694
2003-10-03,27.02,27.23,26.8,27.02,27.02,4502127
2003-10-06,27.67,27.9,27.45,27.67,27.67,5450667
2003-10-07,28.44,28.67,28.21,28.44,28.44,5450003
2003-10-08,28.4,28.62,28.17,28.4,28.4,10010814
2003-10-09,27.68,27.91,27.46,27.68,27.68,4152984
2003-10-10,27.84,28.06,27.62,27.84,27.84,6987889
2003-10-13,27.81,28.04,27.59,27.81,27.81,3627643
2003-10-14,26.82,27.03,26.6,26.82,26.82,7798470
2003-10-15,26.42,26.63,26.21,26.42,26.42,8263590
2003-10-16,26.16,26.37,25.95,26.16,26.16,4702910
2003-10-17,26.05,26.26,25.84,26.05,26.05,2662862
2003-10-20,26.64,26.85,26.42,26.64,26.64,10874186
2003-10-21,27.29,27.51,27.07,27.29,27.29,2722139
2003-10-22,27.44,27.66,27.22,27.44,27.44,9157693
2003-10-23,27.43,27.65,27.21,27.43,27.43,5944034
2003-10-24,27.88,28.11,27.66,27.88,27.88,6061293
2003-10-27,28.57,28.8,28.34,28.57,28.57,5574488
2003-10-28,28.68,28.91,28.45,28.68,28.68,5197128
2003-10-29,28.71,28.94,28.48,28.71,28.71,14269936
2003-10-30,29.05,29.28,28.82,29.05,29.05,2401083
2003-10-31,28.39,28.61,28.16,28.39,28.39,10841295
2003-11-03,28.0,28.22,27.77,28.0,28.0,6403626
2003-11-04,27.81,28.04,27.59,27.81,27.81,3389798
2003-11-05,27.63,27.85,27.41,27.63,27.63,7291711
2003-11-06,27.74,27.96,27.51,27.74,27.74,3647061
2003-11-07,27.01,27.23,26.79,27.01,27.01,2917488
2003-11-10,27.49,27.71,27.27,27.49,27.49,5466565
2003-11-11,27.1,27.31,26.88,27.1,27.1,2906546
2003-11-12,28.09,28.31,27.86,28.09,28.09,5688774
2003-11-13,27.84,28.06,27.62,27.84,27.84,4059075
2003-11-14,27.63,27.86,27.41,27.63,27.63,5449124
2003-11-17,27.56,27.78,27.33,27.56,27.56,4548267
2003-11-18,27.03,27.25,26.82,27.03,27.03,4633256
2003-11-19,26.81,27.02,26.59,26.81,26.81,4503647
2003-11-20,26.72,26.93,26.5,26.72,26.72,3129662
2003-11-21,26.57,26.78,26.36,26.57,26.57,6501872
2003-11-24,26.05,26.26,25.84,26.05,26.05,5272515
2003-11-25,26.23,26.44,26.02,26.23,26.23,15211284
2003-11-26,26.34,26.55,26.13,26.34,26.34,2287851
2003-11-27,26.25,26.46,26.04,26.25,26.25,7583340
2003-11-28,26.12,26.33,25.91,26.12,26.12,9504649
2003-12-01,25.92,26.12,25.71,25.92,25.92,7352079
2003-12-02,26.03,26.24,25.82,26.03,26.03,15251725
2003-12-03,25.8,26.01,25.59,25.8,25.8,5004041
2003-12-04,25.67,25.88,25.47,25.67,25.67,7604489
2003-12-05,25.38,25.58,25.17,25.38,25.38,9573371
2003-12-08,25.36,25.56,25.15,25.36,25.36,6610976
2003-12-09,25.74,25.95,25.53,25.74,25.74,3291168
2003-12-10,26.05,26.26,25.84,26.05,26.05,3095360
2003-12-11,26.5,26.72,26.29,26.5,26.5,3579652
2003-12-12,26.23,26.44,26.02,26.23,26.23,4500049
2003-12-15,26.06,26.27,25.85,26.06,26.06,5102802
2003-12-16,24.98,25.18,24.78,24.98,24.98,6572952
2003-12-17,24.81,25.01,24.61,24.81,24.81,4353556
2003-12-18,24.81,25.01,24.61,24.81,24.81,4529780
2003-12-19,24.97,25.17,24.77,24.97,24.97,3800230
2003-12-22,25.35,25.55,25.15,25.35,25.35,3553896
2003-12-23,25.24,25.44,25.04,25.24,25.24,2540250
2003-12-24,25.93,26.13,25.72,25.93,25.93,8693188
2003-12-25,26.54,26.75,26.33,26.54,26.54,6206074
2003-12-26,26.01,26.22,25.8,26.01,26.01,3733880
2003-12-29,26.48,26.69,26.27,26.48,26.48,4142079
2003-12-30,26.98,27.2,26.77,26.98,26.98,4146752
2003-12-31,27.23,27.44,27.01,27.23,27.23,3549334
2004-01-01,27.38,27.6,27.16,27.38,27.38,4189202
2004-01-02,26.61,26.82,26.4,26.61,26.61,10590379
2004-01-05,27.08,27.3,26.86,27.08,27.08,3871171
2004-01-06,26.66,26.88,26.45,26.66,26.66,4632686
2004-01-07,26.14,26.35,25.93,26.14,26.14,4291416
2004-01-08,25.86,26.07,25.66,25.86,25.86,6877560
2004-01-09,26.27,26.48,26.06,26.27,26.27,4178703
2004-01-12,25.72,25.93,25.52,25.72,25.72,4173680
2004-01-13,25.71,25.92,25.51,25.71,25.71,5048976
2004-01-14,25.38,25.58,25.17,25.38,25.38,2168156
2004-01-15,25.71,25.92,25.51,25.71,25.71,8842037
2004-01-16,26.11,26.32,25.9,26.11,26.11,3690694
2004-01-19,25.74,25.94,25.53,25.74,25.74,4828690
2004-01-20,25.32,25.52,25.12,25.32,25.32,6751354
2004-01-21,25.49,25.69,25.28,25.49,25.49,5647641
2004-01-22,26.0,26.21,25.79,26.0,26.0,3938046
2004-01-23,25.62,25.83,25.42,25.62,25.62,8035063
2004-01-26,25.31,25.52,25.11,25.31,25.31,5278315
2004-01-27,25.57,25.78,25.37,25.57,25.57,5200781
2004-01-28,25.45,25.66,25.25,25.45,25.45,9613697
2004-01-29,25.4,25.6,25.19,25.4,25.4,6767012
2004-01-30,25.42,25.63,25.22,25.42,25.42,6695232
2004-02-02,25.61,25.81,25.4,25.61,25.61,5877259
2004-02-03,25.51,25.71,25.3,25.51,25.51,3006150
2004-02-04,25.61,25.82,25.41,25.61,25.61,8118644
2004-02-05,25.56,25.77,25.36,25.56,25.56,6262444
2004-02-06,26.08,26.29,25.87,26.08,26.08,6629406
2004-02-09,27.12,27.34,26.9,27.12,27.12,10746824
2004-02-10,27.66,27.88,27.44,27.66,27.66,4633683
2004-02-11,27.96,28.18,27.74,27.96,27.96,4549192
2004-02-12,27.92,28.14,27.69,27.92,27.92,8630888
2004-02-13,27.93,28.15,27.7,27.93,27.93,5495430
2004-02-16,27.42,27.64,27.21,27.42,27.42,10358721
2004-02-17,27.58,27.8,27.36,27.58,27.58,4153312
2004-02-18,27.57,27.79,27.35,27.57,27.57,16194008
2004-02-19,27.94,28.16,27.72,27.94,27.94,8705926
2004-02-20,28.21,28.44,27.99,28.21,28.21,4444981
2004-02-23,28.34,28.56,28.11,28.34,28.34,3140159
2004-02-24,28.44,28.67,28.21,28.44,28.44,4371298
2004-02-25,27.98,28.2,27.75,27.98,27.98,4432675
2004-02-26,28.04,28.26,27.82,28.04,28.04,4499689
2004-02-27,27.98,28.2,27.76,27.98,27.98,5022718
2004-03-01,27.87,28.1,27.65,27.87,27.87,2323552
2004-03-02,28.07,28.29,27.84,28.07,28.07,3577537
2004-03-03,27.44,27.66,27.22,27.44,27.44,3185077
2004-03-04,27.67,27.89,27.45,27.67,27.67,4308816
2004-03-05,27.72,27.94,27.5,27.72,27.72,7464525
2004-03-08,28.37,28.59,28.14,28.37,28.37,5371889
2004-03-09,28.95,29.18,28.71,28.95,28.95,3426195
2004-03-10,29.78,30.02,29.54,29.78,29.78,11575346
2004-03-11,30.28,30.52,30.03,30.28,30.28,13341148
2004-03-12,30.66,30.91,30.42,30.66,30.66,6490301
2004-03-15,30.23,30.47,29.99,30.23,30.23,5466355
2004-03-16,29.37,29.61,29.14,29.37,29.37,7114335
2004-03-17,28.84,29.07,28.61,28.84,28.84,2497585
2004-03-18,28.62,28.85,28.39,28.62,28.62,4624275
2004-03-19,28.49,28.72,28.26,28.49,28.49,2608152
2004-03-22,29.09,29.32,28.86,29.09,29.09,2940596
2004-03-23,29.18,29.41,28.94,29.18,29.18,6345957
2004-03-24,28.97,29.2,28.74,28.97,28.97,3656586
2004-03-25,29.24,29.48,29.01,29.24,29.24,3814740
2004-03-26,29.48,29.71,29.24,29.48,29.48,5418741
2004-03-29,29.64,29.88,29.4,29.64,29.64,3627815
2004-03-30,29.61,29.85,29.37,29.61,29.61,3673003
2004-03-31,30.01,30.25,29.77,30.01,30.01,6577793
2004-04-01,29.43,29.67,29.2,29.43,29.43,6532196
2004-04-02,29.45,29.68,29.21,29.45,29.45,5518466
2004-04-05,29.87,30.11,29.63,29.87,29.87,4758154
2004-04-06,30.02,30.26,29.78,30.02,30.02,4790785
2004-04-07,29.73,29.97,29.49,29.73,29.73,5428379
2004-04-08,30.14,30.38,29.9,30.14,30.14,11081161
2004-04-09,31.15,31.4,30.9,31.15,31.15,5018428
2004-04-12,31.58,31.84,31.33,31.58,31.58,5043337
2004-04-13,31.68,31.93,31.42,31.68,31.68,4939051
2004-04-14,31.18,31.43,30.93,31.18,31.18,5742056
2004-04-15,31.15,31.4,30.9,31.15,31.15,3997419
2004-04-16,31.21,31.46,30.96,31.21,31.21,8197475
2004-04-19,31.57,31.83,31.32,31.57,31.57,4198581
2004-04-20,32.52,32.78,32.26,32.52,32.52,4436771
2004-04-21,32.53,32.79,32.27,32.53,32.53,1987815
2004-04-22,32.16,32.41,31.9,32.16,32.16,4379804
2004-04-23,31.68,31.94,31.43,31.68,31.68,5790615
2004-04-26,32.05,32.31,31.8,32.05,32.05,5106224
2004-04-27,32.05,32.31,31.8,32.05,32.05,4877636
2004-04-28,31.49,31.74,31.24,31.49,31.49,4178072
2004-04-29,32.05,32.3,31.79,32.05,32.05,9742142
2004-04-30,31.84,32.09,31.58,31.84,31.84,5342113
2004-05-03,31.94,32.2,31.69,31.94,31.94,3214626
2004-05-04,32.88,33.15,32.62,32.88,32.88,6918747
2004-05-05,32.51,32.77,32.25,32.51,32.51,5489044
2004-05-06,31.59,31.85,31.34,31.59,31.59,4677793
2004-05-07,31.4,31.65,31.15,31.4,31.4,6426475
2004-05-10,30.92,31.17,30.67,30.92,30.92,3416386
2004-05-11,30.2,30.44,29.96,30.2,30.2,4377855
2004-05-12,30.44,30.69,30.2,30.44,30.44,6841936
2004-05-13,30.58,30.82,30.33,30.58,30.58,2761433
2004-05-14,31.02,31.27,30.77,31.02,31.02,9613515
2004-05-17,30.8,31.05,30.56,30.8,30.8,3359486
2004-05-18,30.83,31.08,30.59,30.83,30.83,7736668
2004-05-19,31.01,31.26,30.76,31.01,31.01,4986188
2004-05-20,30.76,31.0,30.51,30.76,30.76,6126794
2004-05-21,30.96,31.2,30.71,30.96,30.96,4899519
2004-05-24,30.93,31.18,30.68,30.93,30.93,5130767
2004-05-25,29.77,30.01,29.54,29.77,29.77,4286429
2004-05-26,29.5,29.74,29.27,29.5,29.5,7593167
2004-05-27,29.52,29.75,29.28,29.52,29.52,5296952
2004-05-28,29.86,30.1,29.62,29.86,29.86,1854354
2004-05-31,29.41,29.65,29.18,29.41,29.41,10560288
2004-06-01,30.33,30.57,30.09,30.33,30.33,3081652
2004-06-02,30.37,30.61,30.12,30.37,30.37,3057110
2004-06-03,30.52,30.77,30.28,30.52,30.52,6358199
2004-06-04,30.47,30.72,30.23,30.47,30.47,6838176
2004-06-07,30.54,30.78,30.29,30.54,30.54,5012942
2004-06-08,30.61,30.85,30.36,30.61,30.61,13903795
2004-06-09,30.6,30.85,30.36,30.6,30.6,7798085
2004-06-10,30.78,31.03,30.53,30.78,30.78,2453525
2004-06-11,30.02,30.26,29.78,30.02,30.02,12017976
2004-06-14,30.14,30.38,29.9,30.14,30.14,4545947
2004-06-15,30.49,30.73,30.24,30.49,30.49,3052104
2004-06-16,29.58,29.82,29.34,29.58,29.58,1874233
2004-06-17,29.83,30.07,29.59,29.83,29.83,3695542
2004-06-18,29.72,29.95,29.48,29.72,29.72,8575415
2004-06-21,30.1,30.34,29.86,30.1,30.1,4365756
2004-06-22,30.55,30.79,30.3,30.55,30.55,3090070
2004-06-23,29.57,29.81,29.33,29.57,29.57,5079700
2004-06-24,29.98,30.22,29.74,29.98,29.98,6270810
2004-06-25,29.48,29.71,29.24,29.48,29.48,3729038
2004-06-28,28.74,28.96,28.51,28.74,28.74,3773852
2004-06-29,28.55,28.78,28.32,28.55,28.55,4891393
2004-06-30,28.62,28.84,28.39,28.62,28.62,3192523
2004-07-01,28.76,28.99,28.53,28.76,28.76,3637565
2004-07-02,28.76,28.99,28.53,28.76,28.76,3418927
2004-07-05,28.98,29.21,28.75,28.98,28.98,7868229
2004-07-06,29.17,29.4,28.93,29.17,29.17,6451713
2004-07-07,29.59,29.83,29.35,29.59,29.59,9861751
2004-07-08,29.71,29.94,29.47,29.71,29.71,3409525
2004-07-09,28.47,28.7,28.24,28.47,28.47,5045331
2004-07-12,29.28,29.52,29.05,29.28,29.28,6015885
2004-07-13,29.59,29.83,29.36,29.59,29.59,8604638
2004-07-14,29.4,29.63,29.16,29.4,29.4,4997012
2004-07-15,28.82,29.05,28.59,28.82,28.82,3956960
2004-07-16,29.07,29.3,28.83,29.07,29.07,2502642
2004-07-19,29.11,29.34,28.87,29.11,29.11,4980479
2004-07-20,29.08,29.32,28.85,29.08,29.08,6054168
2004-07-21,28.85,29.09,28.62,28.85,28.85,5943936
2004-07-22,28.75,28.98,28.52,28.75,28.75,5439856
2004-07-23,28.63,28.86,28.4,28.63,28.63,3579283
2004-07-26,28.32,28.55,28.09,28.32,28.32,4594675
2004-07-27,28.41,28.64,28.18,28.41,28.41,8562023
2004-07-28,28.28,28.51,28.06,28.28,28.28,5800128
2004-07-29,28.91,29.14,28.68,28.91,28.91,10632782
2004-07-30,28.95,29.18,28.71,28.95,28.95,6904034
2004-08-02,28.82,29.05,28.59,28.82,28.82,5142038
2004-08-03,29.44,29.68,29.21,29.44,29.44,11767317
2004-08-04,29.77,30.01,29.53,29.77,29.77,4929685
2004-08-05,29.77,30.01,29.53,29.77,29.77,5260110
2004-08-06,29.55,29.79,29.31,29.55,29.55,3840718
2004-08-09,29.47,29.71,29.24,29.47,29.47,4062218
2004-08-10,28.95,29.18,28.72,28.95,28.95,8936910
2004-08-11,29.05,29.29,28.82,29.05,29.05,5653589
2004-08-12,28.2,28.43,27.97,28.2,28.2,8192356
2004-08-13,27.35,27.57,27.13,27.35,27.35,4578070
2004-08-16,27.6,27.82,27.38,27.6,27.6,15232712
2004-08-17,27.94,28.16,27.72,27.94,27.94,8298423
2004-08-18,27.92,28.14,27.7,27.92,27.92,2494926
2004-08-19,28.2,28.43,27.98,28.2,28.2,3106975
2004-08-20,27.62,27.84,27.4,27.62,27.62,6315125
2004-08-23,28.43,28.65,28.2,28.43,28.43,8995898
2004-08-24,28.41,28.63,28.18,28.41,28.41,3158065
2004-08-25,29.0,29.24,28.77,29.0,29.0,5256594
2004-08-26,28.95,29.18,28.72,28.95,28.95,9236097
2004-08-27,29.21,29.44,28.97,29.21,29.21,6161157
2004-08-30,29.17,29.4,28.94,29.17,29.17,5594691
2004-08-31,29.26,29.5,29.03,29.26,29.26,3739578
2004-09-01,28.46,28.69,28.23,28.46,28.46,6413114
2004-09-02,28.4,28.63,28.17,28.4,28.4,3269611
2004-09-03,28.15,28.38,27.93,28.15,28.15,3181249
2004-09-06,28.71,28.94,28.48,28.71,28.71,5369995
2004-09-07,28.53,28.75,28.3,28.53,28.53,7228706
2004-09-08,28.2,28.43,27.98,28.2,28.2,9421443
2004-09-09,27.96,28.19,27.74,27.96,27.96,6575251
2004-09-10,27.9,28.13,27.68,27.9,27.9,5036350
2004-09-13,27.21,27.42,26.99,27.21,27.21,4018529
2004-09-14,27.66,27.89,27.44,27.66,27.66,5605220
2004-09-15,27.53,27.75,27.31,27.53,27.53,5355045
2004-09-16,27.16,27.37,26.94,27.16,27.16,2825402
2004-09-17,27.15,27.36,26.93,27.15,27.15,6161484
2004-09-20,26.87,27.09,26.66,26.87,26.87,7220560
2004-09-21,26.57,26.79,26.36,26.57,26.57,6555132
2004-09-22,27.12,27.34,26.9,27.12,27.12,7477639
2004-09-23,26.95,27.17,26.74,26.95,26.95,5143999
2004-09-24,26.56,26.78,26.35,26.56,26.56,4187871
2004-09-27,26.68,26.9,26.47,26.68,26.68,7581610
2004-09-28,26.76,26.98,26.55,26.76,26.76,4346761
2004-09-29,26.7,26.91,26.48,26.7,26.7,5326331
2004-09-30,27.01,27.23,26.8,27.01,27.01,6717065
2004-10-01,27.43,27.65,27.21,27.43,27.43,2887402
2004-10-04,27.27,27.49,27.05,27.27,27.27,8336087
2004-10-05,27.48,27.7,27.26,27.48,27.48,5092130
2004-10-06,28.11,28.34,27.89,28.11,28.11,4992342
2004-10-07,27.84,28.07,27.62,27.84,27.84,5112370
2004-10-08,27.62,27.84,27.39,27.62,27.62,3373485
2004-10-11,28.02,28.25,27.8,28.02,28.02,4451235
2004-10-12,27.82,28.04,27.6,27.82,27.82,4067060
2004-10-13,28.35,28.57,28.12,28.35,28.35,7159685
2004-10-14,28.06,28.29,27.84,28.06,28.06,4022456
2004-10-15,28.28,28.5,28.05,28.28,28.28,5722271
2004-10-18,28.57,28.8,28.34,28.57,28.57,4784278
2004-10-19,28.12,28.35,27.9,28.12,28.12,7162550
2004-10-20,28.04,28.26,27.81,28.04,28.04,6129743
2004-10-21,28.38,28.6,28.15,28.38,28.38,10784331
2004-10-22,28.92,29.15,28.69,28.92,28.92,7358503
2004-10-25,29.25,29.48,29.02,29.25,29.25,8338382
2004-10-26,29.42,29.66,29.19,29.42,29.42,5223805
2004-10-27,29.55,29.79,29.32,29.55,29.55,6314827
2004-10-28,29.88,30.12,29.64,29.88,29.88,7972448
2004-10-29,29.76,30.0,29.52,29.76,29.76,7844682
2004-11-01,29.82,30.06,29.59,29.82,29.82,9038715
2004-11-02,29.56,29.8,29.33,29.56,29.56,4454162
2004-11-03,29.07,29.3,28.83,29.07,29.07,6958157
2004-11-04,29.8,30.04,29.57,29.8,29.8,2242808
2004-11-05,28.81,29.04,28.58,28.81,28.81,6841532
2004-11-08,29.33,29.57,29.1,29.33,29.33,3057481
2004-11-09,29.79,30.03,29.55,29.79,29.79,4676041
2004-11-10,29.75,29.99,29.51,29.75,29.75,3887113
2004-11-11,29.46,29.7,29.23,29.46,29.46,8741511
2004-11-12,29.48,29.72,29.24,29.48,29.48,7016146
2004-11-15,28.64,28.87,28.41,28.64,28.64,5384145
2004-11-16,29.6,29.84,29.37,29.6,29.6,15658650
2004-11-17,29.71,29.94,29.47,29.71,29.71,3303591
2004-11-18,30.15,30.39,29.9,30.15,30.15,7657667
2004-11-19,29.59,29.83,29.36,29.59,29.59,7632082
2004-11-22,29.97,30.21,29.73,29.97,29.97,8205427
2004-11-23,29.99,30.23,29.75,29.99,29.99,6438527
2004-11-24,29.82,30.06,29.58,29.82,29.82,5331269
2004-11-25,30.03,30.27,29.79,30.03,30.03,5029263
2004-11-26,29.4,29.64,29.17,29.4,29.4,4973742
2004-11-29,29.81,30.05,29.57,29.81,29.81,3596662
2004-11-30,30.22,30.46,29.98,30.22,30.22,3642204
2004-12-01,30.18,30.42,29.94,30.18,30.18,9450795
2004-12-02,30.19,30.44,29.95,30.19,30.19,3397211
2004-12-03,30.33,30.57,30.09,30.33,30.33,6637212
2004-12-06,30.45,30.69,30.2,30.45,30.45,5781063
2004-12-07,31.06,31.3,30.81,31.06,31.06,6109478
2004-12-08,31.64,31.89,31.39,31.64,31.64,2017921
2004-12-09,31.93,32.19,31.68,31.93,31.93,4685724
2004-12-10,31.73,31.99,31.48,31.73,31.73,3891067
2004-12-13,31.87,32.12,31.61,31.87,31.87,4418387
2004-12-14,32.47,32.73,32.21,32.47,32.47,7142275
2004-12-15,31.84,32.1,31.59,31.84,31.84,6229361
2004-12-16,31.25,31.5,31.0,31.25,31.25,5573368
2004-12-17,31.57,31.82,31.32,31.57,31.57,3057112
2004-12-20,32.68,32.94,32.42,32.68,32.68,7412283
2004-12-21,32.92,33.18,32.66,32.92,32.92,6481840
2004-12-22,33.67,33.94,33.4,33.67,33.67,13945468
2004-12-23,33.91,34.18,33.64,33.91,33.91,3752013
2004-12-24,34.2,34.47,33.92,34.2,34.2,8153976
2004-12-27,33.93,34.2,33.65,33.93,33.93,13668577
2004-12-28,34.39,34.66,34.11,34.39,34.39,5580560
2004-12-29,35.28,35.56,35.0,35.28,35.28,2579160
2004-12-30,34.91,35.19,34.63,34.91,34.91,4035699
2004-12-31,35.4,35.68,35.12,35.4,35.4,7830737
2005-01-03,34.54,34.82,34.26,34.54,34.54,6625380
2005-01-04,35.13,35.41,34.85,35.13,35.13,2891120
2005-01-05,34.73,35.01,34.46,34.73,34.73,4956517
2005-01-06,34.24,34.52,33.97,34.24,34.24,4722328
2005-01-07,34.09,34.36,33.82,34.09,34.09,5266892
2005-01-10,33.73,34.0,33.46,33.73,33.73,6016396
2005-01-11,33.5,33.76,33.23,33.5,33.5,4756723
2005-01-12,33.4,33.67,33.14,33.4,33.4,3219319
2005-01-13,33.1,33.36,32.83,33.1,33.1,3240403
2005-01-14,33.02,33.29,32.76,33.02,33.02,6120018
2005-01-17,33.37,33.63,33.1,33.37,33.37,5715077
2005-01-18,32.8,33.06,32.54,32.8,32.8,5363383
2005-01-19,32.34,32.6,32.08,32.34,32.34,8830905
2005-01-20,32.38,32.64,32.12,32.38,32.38,3876768
2005-01-21,32.02,32.27,31.76,32.02,32.02,4440016
2005-01-24,31.29,31.54,31.04,31.29,31.29,4440964
2005-01-25,31.31,31.56,31.05,31.31,31.31,5454815
2005-01-26,30.63,30.88,30.39,30.63,30.63,4822849
2005-01-27,30.51,30.75,30.26,30.51,30.51,5988175
2005-01-28,30.62,30.86,30.37,30.62,30.62,5373677
2005-01-31,31.43,31.68,31.17,31.43,31.43,7442700
2005-02-01,31.7,31.96,31.45,31.7,31.7,4236597
2005-02-02,32.75,33.01,32.49,32.75,32.75,6835249
2005-02-03,32.3,32.56,32.04,32.3,32.3,6750656
2005-02-04,32.3,32.56,32.04,32.3,32.3,4906211
2005-02-07,32.38,32.64,32.12,32.38,32.38,3948577
2005-02-08,31.82,32.07,31.56,31.82,31.82,3208911
2005-02-09,32.11,32.36,31.85,32.11,32.11,5364142
2005-02-10,32.21,32.47,31.95,32.21,32.21,7416751
2005-02-11,32.59,32.85,32.33,32.59,32.59,4422908
2005-02-14,32.18,32.44,31.93,32.18,32.18,7427893
2005-02-15,32.48,32.74,32.22,32.48,32.48,4193064
2005-02-16,32.8,33.06,32.54,32.8,32.8,4010463
2005-02-17,33.0,33.26,32.73,33.0,33.0,6976125
2005-02-18,32.96,33.22,32.69,32.96,32.96,6970572
2005-02-21,33.38,33.65,33.11,33.38,33.38,4194994
2005-02-22,32.21,32.47,31.95,32.21,32.21,3567990
2005-02-23,32.2,32.46,31.94,32.2,32.2,4465866
2005-02-24,32.14,32.4,31.88,32.14,32.14,3947080
2005-02-25,32.86,33.13,32.6,32.86,32.86,8255753
2005-02-28,32.87,33.13,32.6,32.87,32.87,4236241
2005-03-01,33.41,33.68,33.14,33.41,33.41,3860224
2005-03-02,34.01,34.28,33.74,34.01,34.01,7128068
2005-03-03,34.55,34.83,34.27,34.55,34.55,3067261
2005-03-04,34.09,34.36,33.82,34.09,34.09,11084683
2005-03-07,34.75,35.03,34.47,34.75,34.75,6032971
2005-03-08,35.12,35.4,34.84,35.12,35.12,4176045
2005-03-09,35.24,35.52,34.96,35.24,35.24,4670073
2005-03-10,35.02,35.3,34.74,35.02,35.02,2413053
2005-03-11,35.33,35.61,35.04,35.33,35.33,7406314
2005-03-14,35.27,35.55,34.99,35.27,35.27,7086737
2005-03-15,35.09,35.37,34.81,35.09,35.09,3508372
2005-03-16,35.14,35.42,34.86,35.14,35.14,11096622
2005-03-17,34.82,35.1,34.54,34.82,34.82,5353789
2005-03-18,34.36,34.64,34.09,34.36,34.36,4102766
2005-03-21,34.16,34.44,33.89,34.16,34.16,2965849
2005-03-22,33.61,33.88,33.34,33.61,33.61,5701103
2005-03-23,33.57,33.84,33.3,33.57,33.57,6071378
2005-03-24,33.0,33.26,32.74,33.0,33.0,3855396
2005-03-25,32.74,33.0,32.48,32.74,32.74,6022787
2005-03-28,31.67,31.93,31.42,31.67,31.67,4810750
2005-03-29,32.25,32.5,31.99,32.25,32.25,8499714
2005-03-30,32.53,32.79,32.27,32.53,32.53,5062194
2005-03-31,32.32,32.58,32.06,32.32,32.32,6809874
2005-04-01,31.9,32.16,31.65,31.9,31.9,4088209
2005-04-04,30.94,31.18,30.69,30.94,30.94,4184554
2005-04-05,31.71,31.96,31.45,31.71,31.71,11065888
2005-04-06,31.58,31.83,31.33,31.58,31.58,2033138
2005-04-07,31.49,31.75,31.24,31.49,31.49,4125986
2005-04-08,31.92,32.17,31.66,31.92,31.92,4357939
2005-04-11,31.44,31.69,31.19,31.44,31.44,7268972
2005-04-12,30.93,31.18,30.69,30.93,30.93,2920124
2005-04-13,30.88,31.13,30.63,30.88,30.88,7171811
2005-04-14,30.63,30.88,30.39,30.63,30.63,4161479
2005-04-15,30.82,31.07,30.58,30.82,30.82,5308354
2005-04-18,30.65,30.89,30.4,30.65,30.65,3429794
2005-04-19,31.15,31.4,30.9,31.15,31.15,9409722
2005-04-20,30.59,30.83,30.34,30.59,30.59,3676848
2005-04-21,30.35,30.6,30.11,30.35,30.35,3611468
2005-04-22,30.16,30.4,29.92,30.16,30.16,7267911
2005-04-25,30.46,30.71,30.22,30.46,30.46,7763287
2005-04-26,30.81,31.05,30.56,30.81,30.81,5745138
2005-04-27,30.62,30.87,30.38,30.62,30.62,4454649
2005-04-28,30.54,30.78,30.29,30.54,30.54,5424303
2005-04-29,30.82,31.07,30.57,30.82,30.82,3430515
2005-05-02,30.67,30.92,30.43,30.67,30.67,4362164
2005-05-03,30.9,31.14,30.65,30.9,30.9,6947681
2005-05-04,31.18,31.43,30.93,31.18,31.18,5206589
2005-05-05,31.26,31.51,31.01,31.26,31.26,4469997
2005-05-06,31.03,31.28,30.78,31.03,31.03,6759538
2005-05-09,31.24,31.49,30.99,31.24,31.24,10788781
2005-05-10,31.46,31.72,31.21,31.46,31.46,5002020
2005-05-11,32.37,32.63,32.11,32.37,32.37,4808870
2005-05-12,32.54,32.8,32.28,32.54,32.54,4197630
2005-05-13,32.58,32.84,32.32,32.58,32.58,3264110
2005-05-16,32.29,32.55,32.04,32.29,32.29,7648855
2005-05-17,32.2,32.46,31.94,32.2,32.2,13163707
2005-05-18,32.02,32.28,31.77,32.02,32.02,3650566
2005-05-19,31.97,32.23,31.72,31.97,31.97,3550394
2005-05-20,31.67,31.93,31.42,31.67,31.67,3671667
2005-05-23,32.62,32.88,32.36,32.62,32.62,5494643
2005-05-24,32.83,33.09,32.57,32.83,32.83,5749666
2005-05-25,34.32,34.6,34.05,34.32,34.32,4609931
2005-05-26,34.17,34.44,33.9,34.17,34.17,17005848
2005-05-27,34.57,34.84,34.29,34.57,34.57,4005051
2005-05-30,34.32,34.6,34.05,34.32,34.32,3247305
2005-05-31,33.37,33.63,33.1,33.37,33.37,9035493
2005-06-01,33.75,34.02,33.48,33.75,33.75,4656036
2005-06-02,33.59,33.86,33.32,33.59,33.59,10032941
2005-06-03,32.63,32.89,32.37,32.63,32.63,4799297
2005-06-06,33.21,33.48,32.94,33.21,33.21,4798136
2005-06-07,33.84,34.12,33.57,33.84,33.84,7449451
2005-06-08,34.07,34.35,33.8,34.07,34.07,3194957
2005-06-09,34.22,34.49,33.94,34.22,34.22,5425114
2005-06-10,34.43,34.71,34.16,34.43,34.43,7658952
2005-06-13,34.38,34.65,34.1,34.38,34.38,2989635
2005-06-14,33.24,33.5,32.97,33.24,33.24,4735924
2005-06-15,32.52,32.78,32.26,32.52,32.52,6644513
2005-06-16,32.44,32.7,32.18,32.44,32.44,5167749
2005-06-17,32.17,32.42,31.91,32.17,32.17,5007525
2005-06-20,31.68,31.94,31.43,31.68,31.68,5225943
2005-06-21,32.44,32.7,32.18,32.44,32.44,4668207
2005-06-22,32.32,32.58,32.06,32.32,32.32,4192984
2005-06-23,32.25,32.51,31.99,32.25,32.25,3964233
2005-06-24,31.82,32.07,31.56,31.82,31.82,2925187
2005-06-27,32.12,32.37,31.86,32.12,32.12,3132223
2005-06-28,31.29,31.54,31.04,31.29,31.29,6904741
2005-06-29,31.15,31.4,30.9,31.15,31.15,10148147
2005-06-30,31.08,31.33,30.83,31.08,31.08,2422620
2005-07-01,30.94,31.19,30.69,30.94,30.94,5394769
2005-07-04,31.41,31.66,31.16,31.41,31.41,10110027
2005-07-05,30.65,30.89,30.4,30.65,30.65,6731387
2005-07-06,30.5,30.74,30.25,30.5,30.5,7644370
2005-07-07,31.34,31.59,31.09,31.34,31.34,6754686
2005-07-08,31.77,32.03,31.52,31.77,31.77,7950049
2005-07-11,31.82,32.08,31.57,31.82,31.82,5722797
2005-07-12,31.67,31.92,31.42,31.67,31.67,3890927
2005-07-13,31.68,31.93,31.42,31.68,31.68,6571021
2005-07-14,31.93,32.19,31.68,31.93,31.93,8859087
2005-07-15,32.99,33.26,32.73,32.99,32.99,3408764
2005-07-18,32.62,32.89,32.36,32.62,32.62,3911359
2005-07-19,32.56,32.82,32.3,32.56,32.56,4705716
2005-07-20,33.22,33.48,32.95,33.22,33.22,5333739
2005-07-21,33.83,34.1,33.56,33.83,33.83,5709987
2005-07-22,34.03,34.3,33.76,34.03,34.03,4956149
2005-07-25,33.41,33.68,33.14,33.41,33.41,3233659
2005-07-26,33.35,33.61,33.08,33.35,33.35,5241711
2005-07-27,32.91,33.17,32.65,32.91,32.91,4690328
2005-07-28,33.12,33.39,32.86,33.12,33.12,6711306
2005-07-29,33.1,33.37,32.84,33.1,33.1,4219785
2005-08-01,33.3,33.57,33.04,33.3,33.3,3736551
2005-08-02,33.92,34.19,33.65,33.92,33.92,9316249
2005-08-03,34.13,34.41,33.86,34.13,34.13,3630724
2005-08-04,34.65,34.93,34.38,34.65,34.65,3243496
2005-08-05,34.45,34.73,34.17,34.45,34.45,6471937
2005-08-08,34.51,34.78,34.23,34.51,34.51,6511313
2005-08-09,33.79,34.06,33.52,33.79,33.79,3975983
2005-08-10,33.78,34.05,33.51,33.78,33.78,2016430
2005-08-11,33.24,33.51,32.98,33.24,33.24,7830927
2005-08-12,34.06,34.34,33.79,34.06,34.06,8753264
2005-08-15,34.44,34.71,34.16,34.44,34.44,3518992
2005-08-16,33.59,33.85,33.32,33.59,33.59,7180840
2005-08-17,34.04,34.31,33.77,34.04,34.04,12637658
2005-08-18,33.02,33.28,32.76,33.02,33.02,7964397
2005-08-19,33.49,33.76,33.22,33.49,33.49,4808531
2005-08-22,34.01,34.28,33.73,34.01,34.01,8570044
2005-08-23,34.83,35.11,34.56,34.83,34.83,5946375
2005-08-24,34.43,34.7,34.15,34.43,34.43,7583458
2005-08-25,34.47,34.75,34.2,34.47,34.47,10562069
2005-08-26,33.53,33.8,33.26,33.53,33.53,6161629
2005-08-29,32.64,32.9,32.38,32.64,32.64,5690938
2005-08-30,32.59,32.85,32.33,32.59,32.59,4163790
2005-08-31,32.71,32.97,32.44,32.71,32.71,4935528
2005-09-01,31.78,32.04,31.53,31.78,31.78,4150854
2005-09-02,31.84,32.1,31.59,31.84,31.84,4692286
2005-09-05,31.04,31.29,30.8,31.04,31.04,2335391
2005-09-06,31.87,32.12,31.61,31.87,31.87,4325244
2005-09-07,31.01,31.26,30.76,31.01,31.01,4521290
2005-09-08,30.46,30.71,30.22,30.46,30.46,5524570
2005-09-09,31.24,31.49,30.99,31.24,31.24,3079271
2005-09-12,30.92,31.17,30.68,30.92,30.92,6867706
2005-09-13,30.85,31.1,30.61,30.85,30.85,7245920
2005-09-14,31.58,31.83,31.33,31.58,31.58,13340187
2005-09-15,31.39,31.64,31.14,31.39,31.39,5759799
2005-09-16,31.59,31.84,31.34,31.59,31.59,5596787
2005-09-19,31.73,31.98,31.47,31.73,31.73,3661183
2005-09-20,31.83,32.09,31.58,31.83,31.83,4287497
2005-09-21,31.95,32.21,31.7,31.95,31.95,6106416
2005-09-22,32.24,32.5,31.98,32.24,32.24,3364868
2005-09-23,31.65,31.9,31.39,31.65,31.65,15411226
2005-09-26,31.45,31.7,31.2,31.45,31.45,3005211
2005-09-27,32.03,32.29,31.77,32.03,32.03,8612981
2005-09-28,32.03,32.29,31.78,32.03,32.03,5465851
2005-09-29,31.73,31.99,31.48,31.73,31.73,3925748
2005-09-30,31.48,31.73,31.22,31.48,31.48,5364408
2005-10-03,30.84,31.09,30.59,30.84,30.84,8705994
2005-10-04,30.28,30.52,30.04,30.28,30.28,4845965
2005-10-05,30.66,30.9,30.41,30.66,30.66,4882247
2005-10-06,29.58,29.82,29.35,29.58,29.58,8046756
2005-10-07,29.26,29.49,29.03,29.26,29.26,3777038
2005-10-10,29.11,29.34,28.88,29.11,29.11,8227601
2005-10-11,29.41,29.64,29.17,29.41,29.41,5048993
2005-10-12,29.93,30.17,29.69,29.93,29.93,8399636
2005-10-13,30.3,30.54,30.06,30.3,30.3,6753502
2005-10-14,29.56,29.8,29.33,29.56,29.56,2513553
2005-10-17,29.69,29.93,29.45,29.69,29.69,9059796
2005-10-18,29.51,29.74,29.27,29.51,29.51,5852307
2005-10-19,29.76,29.99,29.52,29.76,29.76,2268970
2005-10-20,30.09,30.33,29.85,30.09,30.09,8064419
2005-10-21,29.76,30.0,29.52,29.76,29.76,8488867
2005-10-24,29.74,29.98,29.5,29.74,29.74,4897916
2005-10-25,29.43,29.66,29.19,29.43,29.43,5266353
2005-10-26,29.6,29.84,29.36,29.6,29.6,5703078
2005-10-27,29.85,30.09,29.61,29.85,29.85,4600527
2005-10-28,30.37,30.61,30.13,30.37,30.37,2764066
2005-10-31,30.0,30.24,29.76,30.0,30.0,5017369
2005-11-01,29.96,30.2,29.72,29.96,29.96,6026195
2005-11-02,29.77,30.0,29.53,29.77,29.77,3116920
2005-11-03,29.51,29.75,29.27,29.51,29.51,4748903
2005-11-04,30.39,30.63,30.14,30.39,30.39,4295086
2005-11-07,30.64,30.89,30.4,30.64,30.64,3122337
2005-11-08,30.38,30.63,30.14,30.38,30.38,4969759
2005-11-09,30.54,30.78,30.3,30.54,30.54,3442273
2005-11-10,31.52,31.77,31.27,31.52,31.52,6000789
2005-11-11,31.74,31.99,31.48,31.74,31.74,9256892
2005-11-14,31.18,31.43,30.94,31.18,31.18,5269768
2005-11-15,31.32,31.57,31.07,31.32,31.32,3727401
2005-11-16,31.36,31.61,31.11,31.36,31.36,6415558
2005-11-17,31.54,31.8,31.29,31.54,31.54,3441942
2005-11-18,31.42,31.67,31.16,31.42,31.42,6506715
2005-11-21,32.15,32.41,31.9,32.15,32.15,5435401
2005-11-22,32.49,32.75,32.23,32.49,32.49,5580474
2005-11-23,32.12,32.37,31.86,32.12,32.12,5558205
2005-11-24,32.19,32.44,31.93,32.19,32.19,8757732
2005-11-25,32.59,32.85,32.33,32.59,32.59,3782070
2005-11-28,32.68,32.94,32.41,32.68,32.68,12421143
2005-11-29,32.55,32.81,32.29,32.55,32.55,2367585
2005-11-30,32.04,32.3,31.79,32.04,32.04,5263292
2005-12-01,32.39,32.65,32.13,32.39,32.39,5876641
2005-12-02,32.44,32.7,32.18,32.44,32.44,7260718
2005-12-05,32.59,32.85,32.32,32.59,32.59,5515403
2005-12-06,32.94,33.2,32.68,32.94,32.94,12916175
2005-12-07,32.91,33.17,32.65,32.91,32.91,3813271
2005-12-08,34.25,34.52,33.98,34.25,34.25,11828682
2005-12-09,34.39,34.66,34.11,34.39,34.39,6137856
2005-12-12,34.57,34.84,34.29,34.57,34.57,6983141
2005-12-13,35.09,35.37,34.81,35.09,35.09,11501789
2005-12-14,35.24,35.52,34.96,35.24,35.24,5642730
2005-12-15,35.12,35.4,34.84,35.12,35.12,4180835
2005-12-16,35.29,35.58,35.01,35.29,35.29,7301243
2005-12-19,35.44,35.73,35.16,35.44,35.44,6122940
2005-12-20,35.18,35.46,34.9,35.18,35.18,4285901
2005-12-21,35.06,35.35,34.78,35.06,35.06,5652912
2005-12-22,34.99,35.27,34.71,34.99,34.99,7325272
2005-12-23,35.17,35.45,34.89,35.17,35.17,8034035
2005-12-26,35.36,35.64,35.07,35.36,35.36,2366986
2005-12-27,36.12,36.41,35.83,36.12,36.12,6140931
2005-12-28,35.37,35.65,35.08,35.37,35.37,8396039
2005-12-29,34.72,35.0,34.44,34.72,34.72,7588383
2005-12-30,34.38,34.65,34.1,34.38,34.38,5424928
2006-01-02,34.5,34.77,34.22,34.5,34.5,3590245
2006-01-03,35.13,35.41,34.85,35.13,35.13,9230775
2006-01-04,35.84,36.13,35.55,35.84,35.84,3091609
2006-01-05,35.89,36.18,35.61,35.89,35.89,7962404
2006-01-06,35.04,35.32,34.76,35.04,35.04,7598204
2006-01-09,34.62,34.89,34.34,34.62,34.62,4601158
2006-01-10,33.83,34.1,33.56,33.83,33.83,5965457
2006-01-11,33.99,34.26,33.72,33.99,33.99,3427606
2006-01-12,34.29,34.57,34.02,34.29,34.29,8973128
2006-01-13,33.05,33.32,32.79,33.05,33.05,5706289
2006-01-16,33.32,33.59,33.05,33.32,33.32,6341794
2006-01-17,33.37,33.63,33.1,33.37,33.37,3963634
2006-01-18,33.52,33.79,33.25,33.52,33.52,3523864
2006-01-19,33.2,33.47,32.94,33.2,33.2,2926605
2006-01-20,32.88,33.14,32.62,32.88,32.88,5175267
2006-01-23,33.0,33.27,32.74,33.0,33.0,5273904
2006-01-24,33.27,33.54,33.01,33.27,33.27,9310539
2006-01-25,32.39,32.65,32.13,32.39,32.39,4912781
2006-01-26,32.55,32.81,32.29,32.55,32.55,5246156
2006-01-27,33.34,33.61,33.08,33.34,33.34,4855853
2006-01-30,34.16,34.44,33.89,34.16,34.16,5809884
2006-01-31,33.34,33.61,33.07,33.34,33.34,4612613
2006-02-01,32.77,33.03,32.51,32.77,32.77,6824764
2006-02-02,32.92,33.19,32.66,32.92,32.92,4276720
2006-02-03,32.27,32.53,32.01,32.27,32.27,2129529
2006-02-06,31.85,32.1,31.59,31.85,31.85,4861407
2006-02-07,32.03,32.29,31.78,32.03,32.03,3875879
2006-02-08,32.87,33.14,32.61,32.87,32.87,3379831
2006-02-09,33.41,33.67,33.14,33.41,33.41,3178376
2006-02-10,32.36,32.62,32.1,32.36,32.36,7356834
2006-02-13,32.16,32.42,31.91,32.16,32.16,3994542
2006-02-14,32.01,32.26,31.75,32.01,32.01,6395806
2006-02-15,31.85,32.11,31.6,31.85,31.85,3387284
2006-02-16,32.6,32.87,32.34,32.6,32.6,5080646
2006-02-17,32.44,32.7,32.18,32.44,32.44,5514625
2006-02-20,32.78,33.04,32.51,32.78,32.78,3005400
2006-02-21,32.42,32.68,32.16,32.42,32.42,7564891
2006-02-22,33.01,33.27,32.74,33.01,33.01,4628128
2006-02-23,32.98,33.24,32.71,32.98,32.98,5099966
2006-02-24,32.68,32.94,32.42,32.68,32.68,3923700
2006-02-27,33.18,33.45,32.92,33.18,33.18,4414624
2006-02-28,32.77,33.03,32.51,32.77,32.77,7014780
2006-03-01,33.39,33.66,33.13,33.39,33.39,4304280
2006-03-02,33.31,33.58,33.04,33.31,33.31,6586912
2006-03-03,34.01,34.28,33.73,34.01,34.01,8185254
2006-03-06,33.72,33.99,33.45,33.72,33.72,4243538
2006-03-07,33.27,33.53,33.0,33.27,33.27,6666777
2006-03-08,32.53,32.79,32.27,32.53,32.53,4289165
2006-03-09,32.56,32.82,32.3,32.56,32.56,6317637
2006-03-10,33.48,33.75,33.21,33.48,33.48,5059474
2006-03-13,34.12,34.39,33.84,34.12,34.12,3855068
2006-03-14,33.61,33.88,33.35,33.61,33.61,6535707
2006-03-15,34.25,34.53,33.98,34.25,34.25,11255978
2006-03-16,34.13,34.41,33.86,34.13,34.13,4329511
2006-03-17,34.37,34.64,34.09,34.37,34.37,3098469
2006-03-20,34.84,35.12,34.56,34.84,34.84,8393543
2006-03-21,34.67,34.94,34.39,34.67,34.67,5186572
2006-03-22,34.5,34.77,34.22,34.5,34.5,5936943
2006-03-23,35.44,35.72,35.15,35.44,35.44,6660365
2006-03-24,35.62,35.91,35.34,35.62,35.62,10037316
2006-03-27,35.34,35.62,35.05,35.34,35.34,8998788
2006-03-28,35.27,35.55,34.98,35.27,35.27,7223228
2006-03-29,36.08,36.36,35.79,36.08,36.08,4315417
2006-03-30,35.8,36.09,35.51,35.8,35.8,3048462
2006-03-31,35.95,36.24,35.66,35.95,35.95,3322865
2006-04-03,37.21,37.51,36.91,37.21,37.21,6083568
2006-04-04,37.69,37.99,37.39,37.69,37.69,5542128
2006-04-05,37.41,37.71,37.11,37.41,37.41,3175901
2006-04-06,37.31,37.61,37.01,37.31,37.31,3755445
2006-04-07,37.39,37.68,37.09,37.39,37.39,9288179
2006-04-10,37.91,38.21,37.6,37.91,37.91,8494961
2006-04-11,38.13,38.43,37.82,38.13,38.13,9954963
2006-04-12,38.39,38.7,38.08,38.39,38.39,4789232
2006-04-13,38.53,38.84,38.22,38.53,38.53,7171854
2006-04-14,37.69,37.99,37.38,37.69,37.69,6479733
2006-04-17,38.74,39.05,38.43,38.74,38.74,7661278
2006-04-18,38.3,38.6,37.99,38.3,38.3,2143799
2006-04-19,38.68,38.99,38.37,38.68,38.68,9010316
2006-04-20,38.99,39.3,38.67,38.99,38.99,5058977
2006-04-21,38.69,39.0,38.38,38.69,38.69,3280185
2006-04-24,38.47,38.78,38.16,38.47,38.47,3544630
2006-04-25,38.16,38.47,37.86,38.16,38.16,5503734
2006-04-26,38.08,38.38,37.77,38.08,38.08,2326471
2006-04-27,38.02,38.33,37.72,38.02,38.02,8784958
2006-04-28,37.32,37.62,37.02,37.32,37.32,6338426
2006-05-01,37.44,37.74,37.14,37.44,37.44,7521423
2006-05-02,36.45,36.75,36.16,36.45,36.45,7601632
2006-05-03,36.65,36.94,36.35,36.65,36.65,6723031
2006-05-04,36.3,36.59,36.01,36.3,36.3,6615022
2006-05-05,37.65,37.95,37.35,37.65,37.65,6199721
2006-05-08,37.52,37.82,37.22,37.52,37.52,7497338
2006-05-09,38.99,39.3,38.67,38.99,38.99,4972294
2006-05-10,39.04,39.35,38.72,39.04,39.04,4909276
2006-05-11,39.35,39.67,39.04,39.35,39.35,9469045
2006-05-12,39.57,39.88,39.25,39.57,39.57,6864801
2006-05-15,40.11,40.43,39.78,40.11,40.11,7144178
2006-05-16,39.52,39.84,39.2,39.52,39.52,4790001
2006-05-17,39.41,39.73,39.09,39.41,39.41,3632142
2006-05-18,39.73,40.04,39.41,39.73,39.73,4851080
2006-05-19,39.18,39.49,38.86,39.18,39.18,4081200
2006-05-22,39.39,39.7,39.07,39.39,39.39,4100209
2006-05-23,39.05,39.36,38.73,39.05,39.05,5368908
2006-05-24,38.94,39.25,38.62,38.94,38.94,7240893
2006-05-25,39.08,39.4,38.77,39.08,39.08,3477002
2006-05-26,39.2,39.52,38.89,39.2,39.2,2817867
2006-05-29,38.83,39.14,38.52,38.83,38.83,3541652
2006-05-30,38.46,38.77,38.15,38.46,38.46,5014182
2006-05-31,37.13,37.42,36.83,37.13,37.13,4721779
2006-06-01,36.82,37.12,36.53,36.82,36.82,2962374
2006-06-02,36.68,36.97,36.38,36.68,36.68,8706570
2006-06-05,36.9,37.2,36.61,36.9,36.9,2694181
2006-06-06,36.6,36.89,36.31,36.6,36.6,5372222
2006-06-07,35.9,36.18,35.61,35.9,35.9,4336755
2006-06-08,35.77,36.06,35.49,35.77,35.77,3910999
2006-06-09,35.63,35.91,35.34,35.63,35.63,5993585
2006-06-12,35.3,35.58,35.01,35.3,35.3,4815921
2006-06-13,35.7,35.98,35.41,35.7,35.7,5718030
2006-06-14,34.55,34.83,34.27,34.55,34.55,6219134
2006-06-15,34.31,34.58,34.04,34.31,34.31,3063617
2006-06-16,34.3,34.57,34.02,34.3,34.3,5881805
2006-06-19,33.57,33.84,33.3,33.57,33.57,7862924
2006-06-20,33.26,33.52,32.99,33.26,33.26,5939985
2006-06-21,32.5,32.76,32.24,32.5,32.5,6213773
2006-06-22,32.39,32.65,32.13,32.39,32.39,3837060
2006-06-23,33.03,33.29,32.76,33.03,33.03,16334685
2006-06-26,33.1,33.36,32.83,33.1,33.1,5506549
2006-06-27,33.4,33.67,33.13,33.4,33.4,4994140
2006-06-28,34.34,34.61,34.06,34.34,34.34,7226158
2006-06-29,34.65,34.93,34.37,34.65,34.65,4254574
2006-06-30,35.33,35.62,35.05,35.33,35.33,6757866
2006-07-03,35.59,35.87,35.3,35.59,35.59,5646802
2006-07-04,35.22,35.5,34.94,35.22,35.22,8125306
2006-07-05,34.63,34.91,34.35,34.63,34.63,8600393
2006-07-06,34.9,35.17,34.62,34.9,34.9,6228165
2006-07-07,34.55,34.83,34.28,34.55,34.55,6930050
2006-07-10,35.0,35.28,34.72,35.0,35.0,3468421
2006-07-11,35.22,35.5,34.94,35.22,35.22,5121674
2006-07-12,34.97,35.25,34.69,34.97,34.97,6898401
2006-07-13,33.34,33.6,33.07,33.34,33.34,9846568
2006-07-14,33.5,33.77,33.23,33.5,33.5,8755461
2006-07-17,33.8,34.07,33.53,33.8,33.8,8234879
2006-07-18,34.12,34.39,33.84,34.12,34.12,11075429
2006-07-19,34.04,34.32,33.77,34.04,34.04,11225406
2006-07-20,34.37,34.65,34.1,34.37,34.37,5543307
2006-07-21,34.94,35.22,34.66,34.94,34.94,6384967
2006-07-24,34.88,35.16,34.6,34.88,34.88,10183368
2006-07-25,34.46,34.73,34.18,34.46,34.46,5455426
2006-07-26,34.52,34.79,34.24,34.52,34.52,2729652
2006-07-27,35.5,35.79,35.22,35.5,35.5,5418643
2006-07-28,35.41,35.69,35.13,35.41,35.41,3082316
2006-07-31,35.84,36.13,35.55,35.84,35.84,3937320
2006-08-01,35.31,35.59,35.03,35.31,35.31,5365879
2006-08-02,35.03,35.31,34.75,35.03,35.03,3974257
2006-08-03,34.84,35.12,34.56,34.84,34.84,5916908
2006-08-04,34.43,34.71,34.16,34.43,34.43,11765201
2006-08-07,34.35,34.62,34.07,34.35,34.35,3774716
2006-08-08,33.88,34.15,33.61,33.88,33.88,3884592
2006-08-09,34.48,34.76,34.2,34.48,34.48,7328336
2006-08-10,34.89,35.17,34.61,34.89,34.89,6538432
2006-08-11,34.89,35.17,34.61,34.89,34.89,13071239
2006-08-14,35.38,35.67,35.1,35.38,35.38,5738061
2006-08-15,34.38,34.66,34.11,34.38,34.38,5423117
2006-08-16,33.31,33.57,33.04,33.31,33.31,5551929
2006-08-17,32.89,33.16,32.63,32.89,32.89,9679488
2006-08-18,32.62,32.88,32.36,32.62,32.62,3570300
2006-08-21,33.18,33.45,32.92,33.18,33.18,6426293
2006-08-22,33.12,33.39,32.86,33.12,33.12,9666756
2006-08-23,32.84,33.1,32.57,32.84,32.84,6082770
2006-08-24,33.31,33.57,33.04,33.31,33.31,7885014
2006-08-25,33.41,33.67,33.14,33.41,33.41,8219818
2006-08-28,32.95,33.21,32.68,32.95,32.95,4415992
2006-08-29,32.68,32.94,32.42,32.68,32.68,9274155
2006-08-30,32.1,32.35,31.84,32.1,32.1,4248263
2006-08-31,32.15,32.41,31.89,32.15,32.15,11002471
2006-09-01,32.72,32.98,32.45,32.72,32.72,3325963
2006-09-04,32.67,32.94,32.41,32.67,32.67,2772788
2006-09-05,32.54,32.8,32.28,32.54,32.54,6310789
2006-09-06,32.79,33.05,32.52,32.79,32.79,3952358
2006-09-07,32.83,33.09,32.57,32.83,32.83,6134021
2006-09-08,32.7,32.96,32.44,32.7,32.7,5282418
2006-09-11,31.8,32.06,31.55,31.8,31.8,7730650
2006-09-12,31.92,32.17,31.66,31.92,31.92,1851491
2006-09-13,31.47,31.73,31.22,31.47,31.47,3211095
2006-09-14,32.51,32.77,32.25,32.51,32.51,5138517
2006-09-15,32.32,32.58,32.06,32.32,32.32,3546176
2006-09-18,32.35,32.6,32.09,32.35,32.35,4038063
2006-09-19,31.93,32.19,31.67,31.93,31.93,8717873
2006-09-20,31.71,31.97,31.46,31.71,31.71,4191946
2006-09-21,31.83,32.09,31.58,31.83,31.83,4637801
2006-09-22,31.7,31.95,31.44,31.7,31.7,7990473
2006-09-25,31.3,31.55,31.05,31.3,31.3,4979420
2006-09-26,31.8,32.06,31.55,31.8,31.8,8050182
2006-09-27,31.82,32.07,31.56,31.82,31.82,10614670
2006-09-28,31.67,31.93,31.42,31.67,31.67,13305736
2006-09-29,32.51,32.77,32.25,32.51,32.51,2243447
2006-10-02,32.86,33.12,32.59,32.86,32.86,3080854
2006-10-03,32.5,32.76,32.24,32.5,32.5,10054984
2006-10-04,31.78,32.04,31.53,31.78,31.78,4433157
2006-10-05,31.35,31.61,31.1,31.35,31.35,5579081
2006-10-06,31.44,31.7,31.19,31.44,31.44,2476477
2006-10-09,31.32,31.57,31.06,31.32,31.32,5121946
2006-10-10,31.08,31.33,30.83,31.08,31.08,5913613
2006-10-11,31.32,31.57,31.07,31.32,31.32,2608155
2006-10-12,31.38,31.63,31.13,31.38,31.38,5888254
2006-10-13,31.88,32.13,31.62,31.88,31.88,2638367
2006-10-16,31.21,31.46,30.96,31.21,31.21,4539178
2006-10-17,30.82,31.07,30.58,30.82,30.82,3194758
2006-10-18,30.86,31.11,30.62,30.86,30.86,4902994
2006-10-19,30.34,30.58,30.09,30.34,30.34,6561510
2006-10-20,28.96,29.2,28.73,28.96,28.96,6900422
2006-10-23,29.63,29.86,29.39,29.63,29.63,5674795
2006-10-24,28.49,28.72,28.26,28.49,28.49,5018337
2006-10-25,28.41,28.64,28.19,28.41,28.41,5848317
2006-10-26,29.01,29.24,28.77,29.01,29.01,7572542
2006-10-27,28.54,28.77,28.31,28.54,28.54,4853464
2006-10-30,28.51,28.74,28.28,28.51,28.51,9862784
2006-10-31,28.7,28.93,28.47,28.7,28.7,3720135
2006-11-01,28.58,28.81,28.35,28.58,28.58,3779202
2006-11-02,28.1,28.32,27.87,28.1,28.1,8804088
2006-11-03,27.63,27.85,27.41,27.63,27.63,7496735
2006-11-06,26.69,26.91,26.48,26.69,26.69,5820304
2006-11-07,26.83,27.05,26.62,26.83,26.83,8110759
2006-11-08,27.33,27.55,27.11,27.33,27.33,8873098
2006-11-09,27.94,28.16,27.71,27.94,27.94,8249219
2006-11-10,27.83,28.06,27.61,27.83,27.83,5430292
2006-11-13,27.19,27.41,26.98,27.19,27.19,6826004
2006-11-14,26.88,27.09,26.66,26.88,26.88,3609237
2006-11-15,27.3,27.52,27.08,27.3,27.3,12835153
2006-11-16,27.1,27.32,26.89,27.1,27.1,7538531
2006-11-17,26.61,26.82,26.4,26.61,26.61,2259434
2006-11-20,26.93,27.14,26.71,26.93,26.93,6993350
2006-11-21,26.17,26.38,25.96,26.17,26.17,3708856
2006-11-22,26.36,26.57,26.15,26.36,26.36,6117883
2006-11-23,26.0,26.21,25.8,26.0,26.0,3984382
2006-11-24,26.22,26.42,26.01,26.22,26.22,14610367
2006-11-27,26.18,26.39,25.97,26.18,26.18,9346150
2006-11-28,26.36,26.57,26.15,26.36,26.36,6639659
2006-11-29,26.37,26.58,26.16,26.37,26.37,7874669
2006-11-30,26.33,26.54,26.12,26.33,26.33,6759132
2006-12-01,25.59,25.79,25.38,25.59,25.59,9512008
2006-12-04,25.21,25.41,25.01,25.21,25.21,4411549
2006-12-05,25.31,25.51,25.11,25.31,25.31,5350934
2006-12-06,25.32,25.53,25.12,25.32,25.32,4402787
2006-12-07,25.46,25.66,25.25,25.46,25.46,5294808
2006-12-08,25.31,25.52,25.11,25.31,25.31,10575593
2006-12-11,24.65,24.85,24.46,24.65,24.65,3065435
2006-12-12,24.54,24.74,24.35,24.54,24.54,5382360
2006-12-13,24.79,24.99,24.59,24.79,24.79,6520475
2006-12-14,24.75,24.95,24.55,24.75,24.75,4860340
2006-12-15,25.21,25.42,25.01,25.21,25.21,7597134
2006-12-18,25.14,25.34,24.94,25.14,25.14,9108992
2006-12-19,25.35,25.55,25.15,25.35,25.35,4058049
2006-12-20,25.77,25.97,25.56,25.77,25.77,3249907
2006-12-21,25.51,25.71,25.3,25.51,25.51,4400627
2006-12-22,26.19,26.4,25.98,26.19,26.19,5740193
2006-12-25,26.4,26.61,26.19,26.4,26.4,7160658
2006-12-26,26.91,27.13,26.7,26.91,26.91,7393395
2006-12-27,27.08,27.3,26.87,27.08,27.08,3284025
2006-12-28,27.26,27.48,27.04,27.26,27.26,5521836
2006-12-29,27.21,27.43,26.99,27.21,27.21,9866617
2007-01-01,28.04,28.26,27.81,28.04,28.04,6096597
2007-01-02,27.96,28.18,27.74,27.96,27.96,5550755
2007-01-03,27.61,27.83,27.39,27.61,27.61,7065598
2007-01-04,27.46,27.68,27.24,27.46,27.46,4536504
2007-01-05,26.74,26.96,26.53,26.74,26.74,6930971
2007-01-08,27.19,27.41,26.97,27.19,27.19,3431550
2007-01-09,26.92,27.13,26.7,26.92,26.92,6603464
2007-01-10,26.79,27.01,26.58,26.79,26.79,8956665
2007-01-11,26.09,26.3,25.89,26.09,26.09,5750218
2007-01-12,25.93,26.14,25.72,25.93,25.93,4194399
2007-01-15,25.4,25.61,25.2,25.4,25.4,7922272
2007-01-16,25.53,25.73,25.33,25.53,25.53,6217400
2007-01-17,24.73,24.92,24.53,24.73,24.73,8386968
2007-01-18,24.77,24.97,24.57,24.77,24.77,4149913
2007-01-19,25.08,25.28,24.88,25.08,25.08,6879117
2007-01-22,25.32,25.53,25.12,25.32,25.32,3426701
2007-01-23,25.08,25.28,24.88,25.08,25.08,6164685
2007-01-24,25.73,25.93,25.52,25.73,25.73,4959495
2007-01-25,25.92,26.13,25.71,25.92,25.92,7928885
2007-01-26,25.83,26.04,25.62,25.83,25.83,7006720
2007-01-29,25.62,25.83,25.42,25.62,25.62,6200236
2007-01-30,26.18,26.39,25.97,26.18,26.18,7139869
2007-01-31,25.93,26.14,25.73,25.93,25.93,5231681
2007-02-01,26.2,26.41,25.99,26.2,26.2,8089265
2007-02-02,26.09,26.29,25.88,26.09,26.09,14185017
2007-02-05,26.19,26.4,25.98,26.19,26.19,2230376
2007-02-06,26.32,26.53,26.11,26.32,26.32,8324501
2007-02-07,26.83,27.04,26.61,26.83,26.83,2732807
2007-02-08,26.91,27.13,26.7,26.91,26.91,2695685
2007-02-09,26.7,26.92,26.49,26.7,26.7,6196132
2007-02-12,26.21,26.42,26.0,26.21,26.21,5430838
2007-02-13,26.71,26.93,26.5,26.71,26.71,4810393
2007-02-14,27.1,27.32,26.89,27.1,27.1,4520901
2007-02-15,27.19,27.41,26.98,27.19,27.19,5081885
2007-02-16,26.6,26.81,26.38,26.6,26.6,2337508
2007-02-19,26.46,26.67,26.24,26.46,26.46,5880688
2007-02-20,25.75,25.96,25.55,25.75,25.75,4229995
2007-02-21,25.42,25.62,25.22,25.42,25.42,8587111
2007-02-22,24.97,25.17,24.77,24.97,24.97,7729502
2007-02-23,25.15,25.35,24.95,25.15,25.15,7784999
2007-02-26,25.51,25.72,25.31,25.51,25.51,4078147
2007-02-27,25.52,25.73,25.32,25.52,25.52,4712843
2007-02-28,25.68,25.88,25.47,25.68,25.68,3398737
2007-03-01,26.13,26.34,25.92,26.13,26.13,3219844
2007-03-02,25.64,25.85,25.44,25.64,25.64,5012628
2007-03-05,25.76,25.97,25.56,25.76,25.76,4065908
2007-03-06,25.18,25.38,24.98,25.18,25.18,9479342
2007-03-07,25.43,25.63,25.22,25.43,25.43,4374979
2007-03-08,26.17,26.38,25.97,26.17,26.17,5807807
2007-03-09,26.07,26.28,25.86,26.07,26.07,3631243
2007-03-12,25.49,25.69,25.29,25.49,25.49,3193871
2007-03-13,25.28,25.48,25.07,25.28,25.28,7886721
2007-03-14,24.48,24.67,24.28,24.48,24.48,5826472
2007-03-15,24.4,24.6,24.21,24.4,24.4,3857683
2007-03-16,24.04,24.23,23.84,24.04,24.04,5729686
2007-03-19,23.76,23.95,23.57,23.76,23.76,3827220
2007-03-20,23.43,23.62,23.24,23.43,23.43,8177218
2007-03-21,23.13,23.32,22.95,23.13,23.13,3817028
2007-03-22,22.92,23.11,22.74,22.92,22.92,3443612
2007-03-23,22.23,22.41,22.05,22.23,22.23,5208931
2007-03-26,22.61,22.79,22.43,22.61,22.61,3286320
2007-03-27,22.91,23.09,22.73,22.91,22.91,3720033
2007-03-28,22.96,23.14,22.77,22.96,22.96,8506543
2007-03-29,23.09,23.28,22.91,23.09,23.09,7213433
2007-03-30,23.45,23.63,23.26,23.45,23.45,7229444
2007-04-02,23.46,23.65,23.27,23.46,23.46,9638326
2007-04-03,23.73,23.92,23.54,23.73,23.73,8692039
2007-04-04,23.89,24.08,23.7,23.89,23.89,5202482
2007-04-05,23.87,24.06,23.68,23.87,23.87,9433230
2007-04-06,24.0,24.19,23.81,24.0,24.0,3619037
2007-04-09,23.82,24.01,23.63,23.82,23.82,5929206
2007-04-10,23.79,23.98,23.6,23.79,23.79,3761067
2007-04-11,23.14,23.33,22.96,23.14,23.14,7631445
2007-04-12,22.96,23.14,22.77,22.96,22.96,6895447
2007-04-13,22.9,23.08,22.72,22.9,22.9,5419498
2007-04-16,22.49,22.67,22.31,22.49,22.49,3860835
2007-04-17,22.15,22.33,21.98,22.15,22.15,4723571
2007-04-18,22.66,22.84,22.48,22.66,22.66,9512579
2007-04-19,23.0,23.19,22.82,23.0,23.0,11752568
2007-04-20,22.87,23.05,22.69,22.87,22.87,3685740
2007-04-23,23.2,23.38,23.01,23.2,23.2,2545777
2007-04-24,23.44,23.63,23.25,23.44,23.44,2916936
2007-04-25,23.25,23.43,23.06,23.25,23.25,3711791
2007-04-26,23.13,23.31,22.94,23.13,23.13,5487929
2007-04-27,23.56,23.75,23.37,23.56,23.56,9407190
2007-04-30,23.53,23.72,23.34,23.53,23.53,6160740
2007-05-01,23.88,24.07,23.69,23.88,23.88,5321941
2007-05-02,23.64,23.83,23.45,23.64,23.64,2348597
2007-05-03,23.67,23.86,23.48,23.67,23.67,7153484
2007-05-04,23.94,24.13,23.74,23.94,23.94,3102363
2007-05-07,23.43,23.62,23.25,23.43,23.43,7370815
2007-05-08,23.61,23.8,23.42,23.61,23.61,5324589
2007-05-09,23.43,23.61,23.24,23.43,23.43,10942901
2007-05-10,23.71,23.9,23.52,23.71,23.71,6527636
2007-05-11,23.56,23.75,23.38,23.56,23.56,2619705
2007-05-14,23.51,23.69,23.32,23.51,23.51,4994209
2007-05-15,23.51,23.7,23.32,23.51,23.51,6989962
2007-05-16,23.69,23.88,23.5,23.69,23.69,4375653
2007-05-17,23.66,23.84,23.47,23.66,23.66,5485319
2007-05-18,23.49,23.68,23.3,23.49,23.49,6814251
2007-05-21,23.73,23.92,23.54,23.73,23.73,4369276
2007-05-22,23.26,23.45,23.08,23.26,23.26,2989714
2007-05-23,23.29,23.48,23.11,23.29,23.29,3640880
2007-05-24,22.84,23.02,22.66,22.84,22.84,5515368
2007-05-25,22.85,23.03,22.66,22.85,22.85,17944064
2007-05-28,23.02,23.2,22.83,23.02,23.02,3794261
2007-05-29,22.75,22.93,22.57,22.75,22.75,10204478
2007-05-30,23.03,23.21,22.84,23.03,23.03,2764791
2007-05-31,23.24,23.43,23.06,23.24,23.24,5715308
2007-06-01,23.37,23.56,23.18,23.37,23.37,9624418
2007-06-04,22.87,23.05,22.69,22.87,22.87,8678516
2007-06-05,22.53,22.71,22.35,22.53,22.53,4249016
2007-06-06,22.88,23.07,22.7,22.88,22.88,3464753
2007-06-07,23.31,23.5,23.12,23.31,23.31,6380723
2007-06-08,23.36,23.55,23.18,23.36,23.36,2263059
2007-06-11,23.29,23.47,23.1,23.29,23.29,4223900
2007-06-12,23.63,23.82,23.44,23.63,23.63,2371142
2007-06-13,23.63,23.82,23.44,23.63,23.63,3112835
2007-06-14,23.63,23.81,23.44,23.63,23.63,3237061
2007-06-15,23.84,24.03,23.65,23.84,23.84,7517448
2007-06-18,24.12,24.31,23.93,24.12,24.12,5243901
2007-06-19,24.62,24.81,24.42,24.62,24.62,3280830
2007-06-20,24.73,24.92,24.53,24.73,24.73,5113643
2007-06-21,24.61,24.8,24.41,24.61,24.61,3160182
2007-06-22,24.65,24.85,24.45,24.65,24.65,5080042
2007-06-25,24.89,25.09,24.69,24.89,24.89,3706871
2007-06-26,25.54,25.74,25.34,25.54,25.54,7991962
2007-06-27,25.75,25.95,25.54,25.75,25.75,7643353
2007-06-28,26.61,26.83,26.4,26.61,26.61,1998942
2007-06-29,26.57,26.78,26.36,26.57,26.57,6029134
2007-07-02,26.67,26.88,26.46,26.67,26.67,14318422
2007-07-03,26.61,26.82,26.4,26.61,26.61,14612572
2007-07-04,27.16,27.38,26.95,27.16,27.16,3664427
2007-07-05,26.94,27.16,26.73,26.94,26.94,5645303
2007-07-06,27.81,28.03,27.59,27.81,27.81,8617626
2007-07-09,27.26,27.48,27.05,27.26,27.26,7615902
2007-07-10,27.74,27.96,27.52,27.74,27.74,8726587
2007-07-11,27.74,27.96,27.51,27.74,27.74,4304619
2007-07-12,27.88,28.11,27.66,27.88,27.88,6720074
2007-07-13,28.02,28.25,27.8,28.02,28.02,7723761
2007-07-16,28.48,28.71,28.26,28.48,28.48,5063166
2007-07-17,27.48,27.7,27.26,27.48,27.48,7174416
2007-07-18,27.36,27.58,27.14,27.36,27.36,3580083
2007-07-19,27.26,27.48,27.04,27.26,27.26,5270956
2007-07-20,27.56,27.78,27.34,27.56,27.56,3596021
2007-07-23,26.64,26.85,26.42,26.64,26.64,7044464
2007-07-24,26.55,26.76,26.34,26.55,26.55,4410669
2007-07-25,26.12,26.33,25.91,26.12,26.12,2636749
2007-07-26,25.28,25.48,25.07,25.28,25.28,7301076
2007-07-27,25.38,25.59,25.18,25.38,25.38,6234363
2007-07-30,24.77,24.97,24.57,24.77,24.77,6867858
2007-07-31,25.05,25.25,24.85,25.05,25.05,4682041
2007-08-01,25.71,25.92,25.51,25.71,25.71,6047042
2007-08-02,25.79,26.0,25.59,25.79,25.79,6202633
2007-08-03,25.9,26.11,25.7,25.9,25.9,9625671
2007-08-06,25.39,25.59,25.19,25.39,25.39,5279894
2007-08-07,25.85,26.06,25.65,25.85,25.85,4372572
2007-08-08,25.41,25.61,25.21,25.41,25.41,2393982
2007-08-09,25.23,25.43,25.02,25.23,25.23,6187580
2007-08-10,25.1,25.3,24.9,25.1,25.1,7294547
2007-08-13,24.59,24.79,24.39,24.59,24.59,3965614
2007-08-14,24.22,24.42,24.03,24.22,24.22,3904139
2007-08-15,24.25,24.44,24.05,24.25,24.25,4813010
2007-08-16,24.98,25.18,24.78,24.98,24.98,4377058
2007-08-17,25.48,25.68,25.27,25.48,25.48,8449890
2007-08-20,25.25,25.45,25.05,25.25,25.25,6051570
2007-08-21,25.08,25.28,24.88,25.08,25.08,3085992
2007-08-22,25.23,25.43,25.02,25.23,25.23,4154548
2007-08-23,25.36,25.56,25.15,25.36,25.36,8931595
2007-08-24,25.77,25.98,25.56,25.77,25.77,4215313
2007-08-27,25.66,25.87,25.46,25.66,25.66,2166501
2007-08-28,26.07,26.27,25.86,26.07,26.07,5529174
2007-08-29,26.1,26.31,25.89,26.1,26.1,8277257
2007-08-30,26.21,26.42,26.0,26.21,26.21,7305710
2007-08-31,26.44,26.65,26.22,26.44,26.44,12315411
2007-09-03,26.23,26.44,26.02,26.23,26.23,4789058
2007-09-04,26.17,26.38,25.96,26.17,26.17,4865085
2007-09-05,25.89,26.1,25.69,25.89,25.89,2822655
2007-09-06,25.4,25.6,25.2,25.4,25.4,4856422
2007-09-07,25.48,25.68,25.28,25.48,25.48,9317201
2007-09-10,25.83,26.04,25.62,25.83,25.83,7142938
2007-09-11,25.23,25.43,25.03,25.23,25.23,4374257
2007-09-12,25.13,25.33,24.93,25.13,25.13,8258964
2007-09-13,25.5,25.7,25.29,25.5,25.5,5431257
2007-09-14,25.02,25.22,24.82,25.02,25.02,5301446
2007-09-17,24.98,25.18,24.78,24.98,24.98,3538931
2007-09-18,24.96,25.16,24.76,24.96,24.96,8970007
2007-09-19,24.12,24.31,23.93,24.12,24.12,5273240
2007-09-20,24.31,24.51,24.12,24.31,24.31,9171345
2007-09-21,24.14,24.34,23.95,24.14,24.14,3052252
2007-09-24,23.99,24.18,23.8,23.99,23.99,3694505
2007-09-25,23.95,24.14,23.75,23.95,23.95,7454479
2007-09-26,23.9,24.09,23.71,23.9,23.9,5773051
2007-09-27,24.0,24.19,23.81,24.0,24.0,6073791
2007-09-28,23.93,24.12,23.74,23.93,23.93,4241633
2007-10-01,24.21,24.4,24.02,24.21,24.21,4556895
2007-10-02,24.66,24.86,24.46,24.66,24.66,2830158
2007-10-03,24.36,24.55,24.16,24.36,24.36,6201493
2007-10-04,24.31,24.5,24.11,24.31,24.31,6213607
2007-10-05,24.54,24.73,24.34,24.54,24.54,5146844
2007-10-08,23.89,24.08,23.7,23.89,23.89,4136851
2007-10-09,23.42,23.6,23.23,23.42,23.42,4361419
2007-10-10,23.88,24.07,23.69,23.88,23.88,11711322
2007-10-11,23.97,24.16,23.78,23.97,23.97,4926842
2007-10-12,24.86,25.06,24.67,24.86,24.86,5499156
2007-10-15,24.82,25.02,24.62,24.82,24.82,5749364
2007-10-16,24.96,25.16,24.76,24.96,24.96,6729468
2007-10-17,24.93,25.13,24.73,24.93,24.93,3839256
2007-10-18,25.51,25.71,25.3,25.51,25.51,10467292
2007-10-19,25.04,25.24,24.84,25.04,25.04,8175268
2007-10-22,25.11,25.31,24.91,25.11,25.11,3558631
2007-10-23,24.3,24.5,24.11,24.3,24.3,7367619
2007-10-24,24.62,24.82,24.42,24.62,24.62,4594501
2007-10-25,24.07,24.26,23.88,24.07,24.07,4980292
2007-10-26,24.18,24.37,23.99,24.18,24.18,7956064
2007-10-29,23.79,23.98,23.6,23.79,23.79,2448104
2007-10-30,23.56,23.74,23.37,23.56,23.56,5604852
2007-10-31,23.92,24.12,23.73,23.92,23.92,5570520
2007-11-01,23.52,23.71,23.34,23.52,23.52,2581707
2007-11-02,23.42,23.61,23.23,23.42,23.42,2112713
2007-11-05,23.36,23.55,23.17,23.36,23.36,5563145
2007-11-06,23.51,23.7,23.32,23.51,23.51,5795041
2007-11-07,23.56,23.75,23.37,23.56,23.56,5261636
2007-11-08,23.76,23.95,23.57,23.76,23.76,7650471
2007-11-09,23.66,23.85,23.47,23.66,23.66,3865626
2007-11-12,23.55,23.73,23.36,23.55,23.55,7712365
2007-11-13,24.06,24.25,23.87,24.06,24.06,3635744
2007-11-14,23.99,24.18,23.8,23.99,23.99,11055122
2007-11-15,23.57,23.76,23.39,23.57,23.57,10191391
2007-11-16,23.51,23.69,23.32,23.51,23.51,7292011
2007-11-19,23.29,23.48,23.1,23.29,23.29,2989783
2007-11-20,23.67,23.86,23.48,23.67,23.67,6189517
2007-11-21,23.87,24.06,23.68,23.87,23.87,6634259
2007-11-22,24.32,24.51,24.12,24.32,24.32,4068814
2007-11-23,23.77,23.96,23.58,23.77,23.77,9457614
2007-11-26,23.69,23.88,23.5,23.69,23.69,13049585
2007-11-27,23.9,24.09,23.71,23.9,23.9,3277621
2007-11-28,23.58,23.77,23.39,23.58,23.58,4188567
2007-11-29,23.33,23.51,23.14,23.33,23.33,10664263
2007-11-30,23.43,23.61,23.24,23.43,23.43,6289454
2007-12-03,23.92,24.11,23.73,23.92,23.92,5691658
2007-12-04,23.97,24.16,23.78,23.97,23.97,9034994
2007-12-05,24.4,24.6,24.21,24.4,24.4,5910468
2007-12-06,23.24,23.43,23.06,23.24,23.24,2173717
2007-12-07,23.09,23.28,22.91,23.09,23.09,6337803
2007-12-10,23.26,23.45,23.08,23.26,23.26,8163926
2007-12-11,23.32,23.5,23.13,23.32,23.32,8807033
2007-12-12,23.67,23.86,23.48,23.67,23.67,9205910
2007-12-13,23.54,23.73,23.35,23.54,23.54,11717462
2007-12-14,23.01,23.19,22.83,23.01,23.01,3219154
2007-12-17,23.18,23.37,23.0,23.18,23.18,3967536
2007-12-18,23.5,23.69,23.31,23.5,23.5,8477654
2007-12-19,23.32,23.51,23.13,23.32,23.32,6791286
2007-12-20,23.1,23.29,22.92,23.1,23.1,7339092
2007-12-21,23.07,23.26,22.89,23.07,23.07,5414686
2007-12-24,23.2,23.39,23.02,23.2,23.2,3568278
2007-12-25,23.6,23.79,23.41,23.6,23.6,6267260
2007-12-26,23.42,23.61,23.24,23.42,23.42,6346104
2007-12-27,23.98,24.18,23.79,23.98,23.98,2557992
2007-12-28,24.78,24.98,24.59,24.78,24.78,3385667
2007-12-31,24.55,24.74,24.35,24.55,24.55,4263933
2008-01-01,24.62,24.82,24.42,24.62,24.62,4900262
2008-01-02,24.42,24.62,24.23,24.42,24.42,10904155
2008-01-03,24.44,24.64,24.25,24.44,24.44,7735531
2008-01-04,24.81,25.0,24.61,24.81,24.81,2120962
2008-01-07,24.65,24.85,24.45,24.65,24.65,6470155
2008-01-08,25.29,25.5,25.09,25.29,25.29,8741744
2008-01-09,25.74,25.95,25.54,25.74,25.74,7346453
2008-01-10,26.35,26.56,26.14,26.35,26.35,4624441
2008-01-11,26.43,26.64,26.22,26.43,26.43,2473699
2008-01-14,26.61,26.82,26.4,26.61,26.61,6354893
2008-01-15,26.6,26.81,26.38,26.6,26.6,5095279
2008-01-16,26.59,26.81,26.38,26.59,26.59,4790075
2008-01-17,26.85,27.06,26.63,26.85,26.85,9403633
2008-01-18,26.35,26.56,26.14,26.35,26.35,5143629
2008-01-21,26.6,26.81,26.38,26.6,26.6,4753742
2008-01-22,25.99,26.19,25.78,25.99,25.99,3417132
2008-01-23,25.44,25.65,25.24,25.44,25.44,4114877
2008-01-24,25.65,25.85,25.44,25.65,25.65,5010034
2008-01-25,25.58,25.78,25.37,25.58,25.58,5805194
2008-01-28,25.86,26.07,25.66,25.86,25.86,7853055
2008-01-29,25.67,25.88,25.47,25.67,25.67,8538495
2008-01-30,25.47,25.68,25.27,25.47,25.47,13434912
2008-01-31,25.53,25.73,25.33,25.53,25.53,6890675
2008-02-01,24.87,25.07,24.67,24.87,24.87,11639861
2008-02-04,24.77,24.97,24.57,24.77,24.77,9235117
2008-02-05,24.7,24.89,24.5,24.7,24.7,6761193
2008-02-06,24.56,24.76,24.37,24.56,24.56,5102308
2008-02-07,24.83,25.03,24.63,24.83,24.83,4120400
2008-02-08,24.7,24.89,24.5,24.7,24.7,5100806
2008-02-11,24.89,25.09,24.69,24.89,24.89,6675170
2008-02-12,25.16,25.36,24.96,25.16,25.16,5593747
2008-02-13,25.38,25.59,25.18,25.38,25.38,3796624
2008-02-14,24.84,25.04,24.64,24.84,24.84,8351107
2008-02-15,25.5,25.7,25.29,25.5,25.5,7499475
2008-02-18,25.35,25.56,25.15,25.35,25.35,7179220
2008-02-19,25.82,26.02,25.61,25.82,25.82,4318474
2008-02-20,25.4,25.6,25.2,25.4,25.4,6340091
2008-02-21,25.6,25.81,25.4,25.6,25.6,11452051
2008-02-22,25.39,25.59,25.19,25.39,25.39,4872871
2008-02-25,25.34,25.55,25.14,25.34,25.34,6936046
2008-02-26,25.43,25.64,25.23,25.43,25.43,17743582
2008-02-27,25.03,25.23,24.83,25.03,25.03,3132694
2008-02-28,24.4,24.59,24.2,24.4,24.4,3576214
2008-02-29,24.83,25.03,24.64,24.83,24.83,9288318
2008-03-03,25.09,25.29,24.89,25.09,25.09,4322887
2008-03-04,25.45,25.65,25.24,25.45,25.45,7351755
2008-03-05,25.03,25.23,24.83,25.03,25.03,4557669
2008-03-06,24.21,24.41,24.02,24.21,24.21,4923432
2008-03-07,23.89,24.09,23.7,23.89,23.89,3466573
2008-03-10,24.55,24.74,24.35,24.55,24.55,5208881
2008-03-11,24.74,24.94,24.54,24.74,24.74,6643121
2008-03-12,25.25,25.46,25.05,25.25,25.25,8886423
2008-03-13,25.31,25.52,25.11,25.31,25.31,6114231
2008-03-14,25.71,25.91,25.5,25.71,25.71,4320318
2008-03-17,25.87,26.07,25.66,25.87,25.87,10493321
2008-03-18,26.21,26.42,26.0,26.21,26.21,3198588
2008-03-19,25.96,26.17,25.75,25.96,25.96,3993665
2008-03-20,25.44,25.65,25.24,25.44,25.44,8159226
2008-03-21,25.75,25.96,25.55,25.75,25.75,5559739
2008-03-24,25.46,25.66,25.26,25.46,25.46,6438032
2008-03-25,25.32,25.53,25.12,25.32,25.32,10133147
2008-03-26,25.51,25.71,25.3,25.51,25.51,6210213
2008-03-27,24.67,24.87,24.48,24.67,24.67,2888960
2008-03-28,24.02,24.21,23.83,24.02,24.02,6365389
2008-03-31,23.89,24.08,23.7,23.89,23.89,7081630
2008-04-01,23.94,24.13,23.75,23.94,23.94,3312647
2008-04-02,23.43,23.62,23.24,23.43,23.43,6843515
2008-04-03,23.79,23.98,23.6,23.79,23.79,6965471
2008-04-04,23.93,24.12,23.74,23.93,23.93,6313889
2008-04-07,24.27,24.46,24.07,24.27,24.27,4285863
2008-04-08,24.8,25.0,24.6,24.8,24.8,3274514
2008-04-09,24.09,24.28,23.89,24.09,24.09,7233974
2008-04-10,24.49,24.68,24.29,24.49,24.49,4987945
2008-04-11,23.95,24.14,23.76,23.95,23.95,3301901
2008-04-14,24.08,24.27,23.88,24.08,24.08,7341551
2008-04-15,24.15,24.35,23.96,24.15,24.15,3245107
2008-04-16,24.52,24.72,24.33,24.52,24.52,20714367
2008-04-17,25.4,25.6,25.2,25.4,25.4,4345802
2008-04-18,25.36,25.56,25.16,25.36,25.36,4909162
2008-04-21,25.09,25.29,24.89,25.09,25.09,7262034
2008-04-22,25.39,25.6,25.19,25.39,25.39,4892163
2008-04-23,24.75,24.95,24.55,24.75,24.75,3545231
2008-04-24,25.3,25.51,25.1,25.3,25.3,6985219
2008-04-25,25.86,26.07,25.66,25.86,25.86,5112814
2008-04-28,26.28,26.49,26.07,26.28,26.28,3815006
2008-04-29,26.18,26.39,25.97,26.18,26.18,5697171
2008-04-30,26.04,26.25,25.84,26.04,26.04,4004821
2008-05-01,25.73,25.94,25.53,25.73,25.73,7511251
2008-05-02,26.29,26.5,26.08,26.29,26.29,9459007
2008-05-05,26.18,26.39,25.97,26.18,26.18,9751580
2008-05-06,26.02,26.23,25.81,26.02,26.02,8692039
2008-05-07,25.35,25.56,25.15,25.35,25.35,4033946
2008-05-08,24.94,25.14,24.74,24.94,24.94,10301282
2008-05-09,24.8,25.0,24.61,24.8,24.8,4044831
2008-05-12,24.38,24.57,24.18,24.38,24.38,13213425
2008-05-13,23.59,23.78,23.4,23.59,23.59,9622881
2008-05-14,24.8,25.0,24.6,24.8,24.8,3644852
2008-05-15,24.86,25.06,24.66,24.86,24.86,3397561
2008-05-16,24.24,24.44,24.05,24.24,24.24,3747373
2008-05-19,24.5,24.7,24.31,24.5,24.5,5382300
2008-05-20,24.64,24.83,24.44,24.64,24.64,6681360
2008-05-21,24.36,24.56,24.17,24.36,24.36,5174209
2008-05-22,24.27,24.46,24.07,24.27,24.27,7573810
2008-05-23,24.21,24.4,24.01,24.21,24.21,7263858
2008-05-26,24.73,24.93,24.53,24.73,24.73,8078940
2008-05-27,25.38,25.59,25.18,25.38,25.38,3291342
2008-05-28,25.8,26.01,25.6,25.8,25.8,3901225
2008-05-29,25.75,25.95,25.54,25.75,25.75,3569389
2008-05-30,26.14,26.35,25.93,26.14,26.14,7339901
2008-06-02,26.41,26.62,26.2,26.41,26.41,2366381
2008-06-03,26.97,27.18,26.75,26.97,26.97,2348882
2008-06-04,26.93,27.14,26.71,26.93,26.93,4983143
2008-06-05,27.33,27.55,27.11,27.33,27.33,7678444
2008-06-06,27.9,28.13,27.68,27.9,27.9,7365879
2008-06-09,27.68,27.9,27.46,27.68,27.68,9809143
2008-06-10,27.59,27.81,27.37,27.59,27.59,3914207
2008-06-11,27.63,27.85,27.41,27.63,27.63,4192164
2008-06-12,27.87,28.1,27.65,27.87,27.87,7025627
2008-06-13,27.39,27.61,27.17,27.39,27.39,10330857
2008-06-16,27.38,27.6,27.16,27.38,27.38,10009979
2008-06-17,27.42,27.64,27.2,27.42,27.42,9404402
2008-06-18,28.13,28.35,27.9,28.13,28.13,8069708
2008-06-19,27.7,27.92,27.48,27.7,27.7,6320813
2008-06-20,27.57,27.79,27.35,27.57,27.57,6266718
2008-06-23,28.05,28.27,27.82,28.05,28.05,10176994
2008-06-24,28.96,29.19,28.73,28.96,28.96,3712048
2008-06-25,29.21,29.45,28.98,29.21,29.21,6887176
2008-06-26,29.0,29.24,28.77,29.0,29.0,11848522
2008-06-27,29.08,29.31,28.85,29.08,29.08,8670012
2008-06-30,28.79,29.02,28.56,28.79,28.79,4600575
2008-07-01,28.77,29.0,28.54,28.77,28.77,9936026
2008-07-02,29.33,29.56,29.09,29.33,29.33,4064991
2008-07-03,29.99,30.23,29.75,29.99,29.99,5539834
2008-07-04,29.76,30.0,29.52,29.76,29.76,5524385
2008-07-07,30.16,30.4,29.92,30.16,30.16,3568966
2008-07-08,29.79,30.03,29.55,29.79,29.79,4668900
2008-07-09,29.98,30.22,29.74,29.98,29.98,8147588
2008-07-10,30.21,30.45,29.97,30.21,30.21,4655856
2008-07-11,30.26,30.51,30.02,30.26,30.26,6694315
2008-07-14,30.02,30.26,29.78,30.02,30.02,3822550
2008-07-15,29.98,30.22,29.74,29.98,29.98,4316160
2008-07-16,29.62,29.85,29.38,29.62,29.62,6629145
2008-07-17,29.77,30.01,29.53,29.77,29.77,5200411
2008-07-18,28.67,28.9,28.44,28.67,28.67,6004478
2008-07-21,29.11,29.34,28.87,29.11,29.11,5432962
2008-07-22,29.11,29.34,28.88,29.11,29.11,3690693
2008-07-23,29.46,29.69,29.22,29.46,29.46,4932461
2008-07-24,29.28,29.52,29.05,29.28,29.28,3959310
2008-07-25,29.84,30.08,29.6,29.84,29.84,10280010
2008-07-28,29.78,30.02,29.54,29.78,29.78,5853830
2008-07-29,29.78,30.02,29.55,29.78,29.78,5988454
2008-07-30,29.9,30.14,29.66,29.9,29.9,7908686
2008-07-31,29.62,29.86,29.38,29.62,29.62,5342761
2008-08-01,30.19,30.43,29.95,30.19,30.19,5029078
2008-08-04,30.09,30.33,29.85,30.09,30.09,10995158
2008-08-05,31.3,31.55,31.05,31.3,31.3,6358092
2008-08-06,31.53,31.78,31.28,31.53,31.53,5213185
2008-08-07,31.73,31.99,31.48,31.73,31.73,2504546
2008-08-08,31.88,32.14,31.63,31.88,31.88,3844385
2008-08-11,31.61,31.86,31.36,31.61,31.61,6960819
2008-08-12,32.82,33.08,32.56,32.82,32.82,5347578
2008-08-13,33.31,33.58,33.04,33.31,33.31,3311726
2008-08-14,33.65,33.92,33.38,33.65,33.65,3120450
2008-08-15,33.62,33.88,33.35,33.62,33.62,7439188
2008-08-18,33.24,33.51,32.97,33.24,33.24,6217590
2008-08-19,33.84,34.11,33.57,33.84,33.84,5157215
2008-08-20,33.83,34.1,33.56,33.83,33.83,6246226
2008-08-21,33.66,33.92,33.39,33.66,33.66,4350310
2008-08-22,33.49,33.75,33.22,33.49,33.49,6018986
2008-08-25,33.38,33.65,33.12,33.38,33.38,2842054
2008-08-26,33.19,33.46,32.93,33.19,33.19,10952846
2008-08-27,33.07,33.34,32.81,33.07,33.07,11952943
2008-08-28,32.92,33.18,32.65,32.92,32.92,5846750
2008-08-29,32.95,33.21,32.69,32.95,32.95,3616177
2008-09-01,34.26,34.54,33.99,34.26,34.26,2980349
2008-09-02,34.27,34.55,34.0,34.27,34.27,7606252
2008-09-03,34.05,34.32,33.78,34.05,34.05,6529441
2008-09-04,34.32,34.6,34.05,34.32,34.32,3567076
2008-09-05,33.65,33.92,33.38,33.65,33.65,4761887
2008-09-08,33.29,33.56,33.02,33.29,33.29,6143053
2008-09-09,33.39,33.66,33.13,33.39,33.39,7454052
2008-09-10,33.47,33.74,33.21,33.47,33.47,2839924
2008-09-11,32.96,33.22,32.69,32.96,32.96,5318403
2008-09-12,32.3,32.56,32.04,32.3,32.3,2199572
2008-09-15,31.39,31.64,31.14,31.39,31.39,3643743
2008-09-16,32.12,32.38,31.86,32.12,32.12,4532954
2008-09-17,32.06,32.32,31.81,32.06,32.06,6319308
2008-09-18,32.21,32.47,31.95,32.21,32.21,6505166
2008-09-19,31.87,32.13,31.62,31.87,31.87,2906398
2008-09-22,31.54,31.79,31.29,31.54,31.54,7047675
2008-09-23,30.98,31.23,30.74,30.98,30.98,3525114
2008-09-24,31.02,31.27,30.78,31.02,31.02,4170622
2008-09-25,31.65,31.9,31.4,31.65,31.65,2344321
2008-09-26,31.24,31.49,30.99,31.24,31.24,6886962
2008-09-29,31.14,31.39,30.89,31.14,31.14,3064318
2008-09-30,31.45,31.7,31.2,31.45,31.45,7168368
2008-10-01,31.74,32.0,31.49,31.74,31.74,4386211
2008-10-02,31.34,31.59,31.09,31.34,31.34,12010922
2008-10-03,31.08,31.32,30.83,31.08,31.08,5435708
2008-10-06,31.62,31.87,31.36,31.62,31.62,3785700
2008-10-07,30.78,31.03,30.53,30.78,30.78,6848447
2008-10-08,30.54,30.78,30.29,30.54,30.54,6140479
2008-10-09,30.69,30.94,30.45,30.69,30.69,5900405
2008-10-10,30.79,31.04,30.55,30.79,30.79,2958767
2008-10-13,30.15,30.39,29.91,30.15,30.15,4786569
2008-10-14,30.19,30.43,29.94,30.19,30.19,6013466
2008-10-15,30.45,30.69,30.2,30.45,30.45,5102217
2008-10-16,30.19,30.43,29.95,30.19,30.19,5270609
2008-10-17,30.42,30.67,30.18,30.42,30.42,6527548
2008-10-20,30.49,30.73,30.24,30.49,30.49,4675642
2008-10-21,30.0,30.24,29.76,30.0,30.0,4565408
2008-10-22,29.79,30.03,29.55,29.79,29.79,3578982
2008-10-23,29.74,29.98,29.51,29.74,29.74,2972907
2008-10-24,31.22,31.47,30.97,31.22,31.22,11105920
2008-10-27,31.33,31.58,31.08,31.33,31.33,4446819
2008-10-28,31.9,32.15,31.64,31.9,31.9,5770585
2008-10-29,32.8,33.07,32.54,32.8,32.8,3237554
2008-10-30,33.59,33.86,33.32,33.59,33.59,4273988
2008-10-31,32.65,32.91,32.39,32.65,32.65,6695986
2008-11-03,32.83,33.09,32.56,32.83,32.83,3975795
2008-11-04,32.83,33.1,32.57,32.83,32.83,6653760
2008-11-05,33.54,33.81,33.28,33.54,33.54,3783712
2008-11-06,33.01,33.28,32.75,33.01,33.01,4100946
2008-11-07,32.92,33.18,32.66,32.92,32.92,6025779
2008-11-10,32.16,32.42,31.91,32.16,32.16,5961681
2008-11-11,33.13,33.4,32.87,33.13,33.13,8232337
2008-11-12,32.48,32.74,32.22,32.48,32.48,4745090
2008-11-13,32.89,33.15,32.63,32.89,32.89,5214383
2008-11-14,32.35,32.61,32.09,32.35,32.35,4346299
2008-11-17,33.2,33.47,32.94,33.2,33.2,4787327
2008-11-18,33.41,33.68,33.14,33.41,33.41,2705426
2008-11-19,33.44,33.71,33.17,33.44,33.44,3980920
2008-11-20,34.23,34.51,33.96,34.23,34.23,11117267
2008-11-21,34.92,35.2,34.64,34.92,34.92,4719841
2008-11-24,35.79,36.07,35.5,35.79,35.79,4408357
2008-11-25,35.33,35.61,35.05,35.33,35.33,5157096
2008-11-26,34.81,35.09,34.54,34.81,34.81,2768486
2008-11-27,35.08,35.36,34.8,35.08,35.08,5548859
2008-11-28,36.14,36.43,35.85,36.14,36.14,13672150
2008-12-01,36.16,36.45,35.87,36.16,36.16,4990625
2008-12-02,36.12,36.41,35.83,36.12,36.12,7924096
2008-12-03,36.83,37.13,36.54,36.83,36.83,13704835
2008-12-04,36.89,37.19,36.6,36.89,36.89,7861726
2008-12-05,37.46,37.76,37.16,37.46,37.46,4624157
2008-12-08,37.4,37.7,37.1,37.4,37.4,2950035
2008-12-09,36.48,36.77,36.19,36.48,36.48,8690675
2008-12-10,37.38,37.68,37.09,37.38,37.38,6574244
2008-12-11,37.36,37.65,37.06,37.36,37.36,10535578
2008-12-12,38.53,38.84,38.22,38.53,38.53,4169268
2008-12-15,39.35,39.66,39.03,39.35,39.35,3476963
2008-12-16,38.77,39.08,38.46,38.77,38.77,6363132
2008-12-17,38.78,39.09,38.47,38.78,38.78,10176223
2008-12-18,39.13,39.44,38.81,39.13,39.13,3754775
2008-12-19,39.05,39.36,38.74,39.05,39.05,7430915
2008-12-22,39.39,39.7,39.07,39.39,39.39,7578018
2008-12-23,39.8,40.11,39.48,39.8,39.8,5313819
2008-12-24,39.84,40.16,39.52,39.84,39.84,4434894
2008-12-25,40.07,40.39,39.75,40.07,40.07,11625282
2008-12-26,39.32,39.63,39.0,39.32,39.32,4407873
2008-12-29,38.54,38.85,38.23,38.54,38.54,4491739
2008-12-30,39.11,39.42,38.8,39.11,39.11,4495762
2008-12-31,39.03,39.34,38.72,39.03,39.03,3349032
2009-01-01,38.89,39.2,38.58,38.89,38.89,5429640
2009-01-02,39.28,39.6,38.97,39.28,39.28,5292831
2009-01-05,38.86,39.17,38.54,38.86,38.86,10951068
2009-01-06,39.57,39.88,39.25,39.57,39.57,3356257
2009-01-07,39.81,40.13,39.49,39.81,39.81,5249518
2009-01-08,39.49,39.81,39.17,39.49,39.49,7984156
2009-01-09,39.4,39.71,39.08,39.4,39.4,7390266
2009-01-12,39.41,39.72,39.09,39.41,39.41,3642303
2009-01-13,39.51,39.82,39.19,39.51,39.51,4715192
2009-01-14,40.32,40.64,39.99,40.32,40.32,5495885
2009-01-15,39.92,40.24,39.6,39.92,39.92,4869311
2009-01-16,41.34,41.67,41.01,41.34,41.34,6870646
2009-01-19,41.33,41.66,41.0,41.33,41.33,11272818
2009-01-20,40.83,41.16,40.5,40.83,40.83,6474383
2009-01-21,41.58,41.91,41.25,41.58,41.58,4907031
2009-01-22,42.97,43.31,42.63,42.97,42.97,2165424
2009-01-23,42.21,42.55,41.87,42.21,42.21,5648513
2009-01-26,42.2,42.54,41.87,42.2,42.2,17083295
2009-01-27,41.26,41.59,40.93,41.26,41.26,5342949
2009-01-28,40.35,40.68,40.03,40.35,40.35,6372305
2009-01-29,40.96,41.28,40.63,40.96,40.96,7839890
2009-01-30,41.69,42.02,41.35,41.69,41.69,5309708
2009-02-02,41.44,41.78,41.11,41.44,41.44,3423650
2009-02-03,41.1,41.43,40.77,41.1,41.1,4562035
2009-02-04,40.61,40.93,40.28,40.61,40.61,4668123
2009-02-05,39.77,40.08,39.45,39.77,39.77,9722868
2009-02-06,40.05,40.37,39.73,40.05,40.05,9177576
2009-02-09,39.96,40.28,39.64,39.96,39.96,7085140
2009-02-10,40.06,40.38,39.74,40.06,40.06,5649596
2009-02-11,39.96,40.28,39.64,39.96,39.96,6594215
2009-02-12,40.4,40.72,40.08,40.4,40.4,7087653
2009-02-13,40.21,40.53,39.89,40.21,40.21,6953824
2009-02-16,40.05,40.37,39.73,40.05,40.05,5432018
2009-02-17,39.26,39.58,38.95,39.26,39.26,5921378
2009-02-18,39.31,39.62,38.99,39.31,39.31,2206505
2009-02-19,40.23,40.56,39.91,40.23,40.23,6581676
2009-02-20,40.63,40.95,40.3,40.63,40.63,6849459
2009-02-23,40.05,40.37,39.73,40.05,40.05,4413166
2009-02-24,41.43,41.76,41.1,41.43,41.43,3201929
2009-02-25,41.16,41.49,40.83,41.16,41.16,13327719
2009-02-26,41.65,41.98,41.32,41.65,41.65,4769960
2009-02-27,42.19,42.53,41.85,42.19,42.19,5668319
2009-03-02,42.24,42.58,41.9,42.24,42.24,10442725
2009-03-03,41.88,42.21,41.54,41.88,41.88,11851938
2009-03-04,41.06,41.39,40.73,41.06,41.06,8410383
2009-03-05,40.91,41.24,40.59,40.91,40.91,2455991
2009-03-06,41.87,42.21,41.54,41.87,41.87,6505037
2009-03-09,41.32,41.65,40.99,41.32,41.32,5733300
2009-03-10,41.04,41.36,40.71,41.04,41.04,2976126
2009-03-11,40.87,41.2,40.54,40.87,40.87,2953718
2009-03-12,41.78,42.12,41.45,41.78,41.78,4947413
2009-03-13,42.02,42.35,41.68,42.02,42.02,2697273
2009-03-16,42.37,42.71,42.04,42.37,42.37,4745162
2009-03-17,43.76,44.11,43.41,43.76,43.76,4745109
2009-03-18,43.77,44.12,43.42,43.77,43.77,4928462
2009-03-19,44.83,45.19,44.47,44.83,44.83,10666388
2009-03-20,44.59,44.95,44.24,44.59,44.59,4794185
2009-03-23,44.12,44.47,43.76,44.12,44.12,5239643
2009-03-24,43.99,44.34,43.64,43.99,43.99,4562783
2009-03-25,44.51,44.87,44.15,44.51,44.51,5848315
2009-03-26,45.29,45.66,44.93,45.29,45.29,3741596
2009-03-27,45.68,46.05,45.32,45.68,45.68,3515921
2009-03-30,45.2,45.56,44.84,45.2,45.2,4875146
2009-03-31,45.45,45.81,45.09,45.45,45.45,4963882
2009-04-01,44.99,45.35,44.63,44.99,44.99,6411042
2009-04-02,44.35,44.7,43.99,44.35,44.35,9527737
2009-04-03,43.88,44.24,43.53,43.88,43.88,5010297
2009-04-06,44.51,44.87,44.16,44.51,44.51,11082894
2009-04-07,44.29,44.64,43.94,44.29,44.29,7896441
2009-04-08,44.13,44.48,43.78,44.13,44.13,6763959
2009-04-09,43.73,44.08,43.38,43.73,43.73,4012483
2009-04-10,43.85,44.2,43.5,43.85,43.85,8707596
2009-04-13,44.5,44.85,44.14,44.5,44.5,4725688
2009-04-14,44.19,44.54,43.84,44.19,44.19,2606186
2009-04-15,44.6,44.95,44.24,44.6,44.6,4099392
2009-04-16,43.88,44.23,43.53,43.88,43.88,2792845
2009-04-17,44.2,44.55,43.85,44.2,44.2,4282289
2009-04-20,44.03,44.38,43.67,44.03,44.03,6436331
2009-04-21,43.16,43.51,42.82,43.16,43.16,7364090
2009-04-22,42.63,42.97,42.29,42.63,42.63,5432456
2009-04-23,43.11,43.46,42.77,43.11,43.11,6276586
2009-04-24,42.66,43.0,42.32,42.66,42.66,3013399
2009-04-27,43.38,43.73,43.03,43.38,43.38,3382766
2009-04-28,43.31,43.66,42.97,43.31,43.31,5959736
2009-04-29,43.9,44.25,43.55,43.9,43.9,7880365
2009-04-30,44.24,44.59,43.88,44.24,44.24,4001570
2009-05-01,43.6,43.95,43.25,43.6,43.6,5441044
2009-05-04,42.85,43.19,42.51,42.85,42.85,6608667
2009-05-05,43.56,43.91,43.21,43.56,43.56,4646962
2009-05-06,44.02,44.37,43.67,44.02,44.02,9051340
2009-05-07,45.23,45.59,44.87,45.23,45.23,5196213
2009-05-08,44.44,44.8,44.09,44.44,44.44,3647834
2009-05-11,44.47,44.83,44.11,44.47,44.47,6042994
2009-05-12,45.32,45.68,44.96,45.32,45.32,5702103
2009-05-13,44.82,45.18,44.46,44.82,44.82,4920014
2009-05-14,45.13,45.49,44.77,45.13,45.13,7907497
2009-05-15,45.42,45.78,45.06,45.42,45.42,5153729
2009-05-18,45.39,45.76,45.03,45.39,45.39,3862459
2009-05-19,45.07,45.43,44.71,45.07,45.07,4765981
2009-05-20,45.12,45.48,44.76,45.12,45.12,22052618
2009-05-21,45.5,45.86,45.13,45.5,45.5,4057180
2009-05-22,45.01,45.37,44.65,45.01,45.01,6014054
2009-05-25,44.33,44.68,43.98,44.33,44.33,13037028
2009-05-26,45.02,45.38,44.66,45.02,45.02,9035666
2009-05-27,43.85,44.2,43.5,43.85,43.85,4109852
2009-05-28,45.14,45.5,44.77,45.14,45.14,6587515
2009-05-29,45.63,46.0,45.27,45.63,45.63,8818233
2009-06-01,45.44,45.8,45.07,45.44,45.44,3282504
2009-06-02,45.4,45.77,45.04,45.4,45.4,4745211
2009-06-03,45.08,45.44,44.72,45.08,45.08,9818780
2009-06-04,45.39,45.76,45.03,45.39,45.39,4616011
2009-06-05,46.14,46.51,45.77,46.14,46.14,2817039
2009-06-08,44.9,45.26,44.54,44.9,44.9,1881731
2009-06-09,45.26,45.63,44.9,45.26,45.26,6906204
2009-06-10,45.25,45.61,44.88,45.25,45.25,3079613
2009-06-11,46.19,46.56,45.82,46.19,46.19,5853342
2009-06-12,45.49,45.86,45.13,45.49,45.49,3954127
2009-06-15,46.23,46.6,45.86,46.23,46.23,5858903
2009-06-16,45.52,45.88,45.16,45.52,45.52,3052207
2009-06-17,45.23,45.59,44.87,45.23,45.23,4450925
2009-06-18,46.12,46.49,45.75,46.12,46.12,6110636
2009-06-19,46.25,46.62,45.88,46.25,46.25,2161828
2009-06-22,45.5,45.86,45.13,45.5,45.5,3118106
2009-06-23,44.98,45.34,44.62,44.98,44.98,2606113
2009-06-24,45.19,45.56,44.83,45.19,45.19,5050109
2009-06-25,44.49,44.85,44.14,44.49,44.49,3829390
2009-06-26,44.45,44.81,44.1,44.45,44.45,6668466
2009-06-29,43.73,44.08,43.38,43.73,43.73,3613012
2009-06-30,44.97,45.32,44.61,44.97,44.97,5916124
2009-07-01,44.67,45.03,44.31,44.67,44.67,7734734
2009-07-02,43.7,44.05,43.35,43.7,43.7,3700271
2009-07-03,44.14,44.49,43.79,44.14,44.14,7628586
2009-07-06,45.83,46.19,45.46,45.83,45.83,5640879
2009-07-07,46.18,46.55,45.81,46.18,46.18,5282852
2009-07-08,45.43,45.8,45.07,45.43,45.43,9231412
2009-07-09,45.79,46.16,45.42,45.79,45.79,9833862
2009-07-10,44.76,45.12,44.41,44.76,44.76,4191472
2009-07-13,44.95,45.31,44.59,44.95,44.95,5187507
2009-07-14,44.16,44.52,43.81,44.16,44.16,4216578
2009-07-15,44.67,45.03,44.31,44.67,44.67,8760896
2009-07-16,45.24,45.6,44.87,45.24,45.24,2805576
2009-07-17,45.43,45.8,45.07,45.43,45.43,2693203
2009-07-20,45.31,45.68,44.95,45.31,45.31,7662893
2009-07-21,45.72,46.08,45.35,45.72,45.72,4071015
2009-07-22,45.8,46.17,45.44,45.8,45.8,1423017
2009-07-23,46.66,47.04,46.29,46.66,46.66,3600290
2009-07-24,46.18,46.55,45.81,46.18,46.18,3103837
2009-07-27,45.2,45.56,44.83,45.2,45.2,5843456
2009-07-28,45.31,45.67,44.95,45.31,45.31,5544077
2009-07-29,45.04,45.4,44.68,45.04,45.04,2426757
2009-07-30,44.64,45.0,44.29,44.64,44.64,3667024
2009-07-31,44.63,44.99,44.27,44.63,44.63,3154830
2009-08-03,43.97,44.32,43.62,43.97,43.97,4843526
2009-08-04,43.53,43.88,43.18,43.53,43.53,11153325
2009-08-05,43.8,44.15,43.45,43.8,43.8,6979038
2009-08-06,45.26,45.62,44.9,45.26,45.26,3917204
2009-08-07,45.84,46.2,45.47,45.84,45.84,3692195
2009-08-10,45.41,45.78,45.05,45.41,45.41,3940592
2009-08-11,45.15,45.51,44.79,45.15,45.15,8326845
2009-08-12,45.63,46.0,45.27,45.63,45.63,5406704
2009-08-13,45.91,46.27,45.54,45.91,45.91,5511890
2009-08-14,46.24,46.61,45.87,46.24,46.24,4542310
2009-08-17,46.51,46.89,46.14,46.51,46.51,8496342
2009-08-18,46.88,47.25,46.5,46.88,46.88,8648065
2009-08-19,47.01,47.38,46.63,47.01,47.01,4094785
2009-08-20,45.88,46.25,45.52,45.88,45.88,7098739
2009-08-21,45.43,45.8,45.07,45.43,45.43,4120009
2009-08-24,45.17,45.54,44.81,45.17,45.17,8090984
2009-08-25,45.6,45.97,45.24,45.6,45.6,6583664
2009-08-26,45.06,45.42,44.7,45.06,45.06,7484992
2009-08-27,44.87,45.23,44.51,44.87,44.87,6320412
2009-08-28,45.98,46.35,45.61,45.98,45.98,5603677
2009-08-31,45.93,46.3,45.56,45.93,45.93,3978772
2009-09-01,44.92,45.28,44.56,44.92,44.92,5670119
2009-09-02,43.82,44.17,43.47,43.82,43.82,4895025
2009-09-03,42.48,42.82,42.14,42.48,42.48,6365170
2009-09-04,41.93,42.27,41.59,41.93,41.93,6412846
2009-09-07,41.21,41.54,40.88,41.21,41.21,5593526
2009-09-08,41.98,42.32,41.65,41.98,41.98,7352294
2009-09-09,42.18,42.51,41.84,42.18,42.18,3907635
2009-09-10,42.12,42.46,41.79,42.12,42.12,3498631
2009-09-11,41.85,42.18,41.51,41.85,41.85,4104075
2009-09-14,42.27,42.61,41.93,42.27,42.27,6023345
2009-09-15,42.13,42.47,41.8,42.13,42.13,3287848
2009-09-16,41.46,41.8,41.13,41.46,41.46,4563627
2009-09-17,41.45,41.78,41.12,41.45,41.45,2817190
2009-09-18,40.77,41.1,40.45,40.77,40.77,4607968
2009-09-21,40.02,40.34,39.7,40.02,40.02,8857257
2009-09-22,40.48,40.8,40.15,40.48,40.48,3956763
2009-09-23,40.35,40.67,40.03,40.35,40.35,7286718
2009-09-24,39.36,39.67,39.04,39.36,39.36,2836362
2009-09-25,39.62,39.93,39.3,39.62,39.62,4458772
2009-09-28,40.01,40.33,39.69,40.01,40.01,6542826
2009-09-29,39.98,40.3,39.66,39.98,39.98,5106058
2009-09-30,40.6,40.93,40.28,40.6,40.6,5840177
2009-10-01,39.95,40.27,39.63,39.95,39.95,2594629
2009-10-02,39.58,39.9,39.27,39.58,39.58,3874790
2009-10-05,38.76,39.07,38.45,38.76,38.76,2530164
2009-10-06,39.12,39.43,38.81,39.12,39.12,3903774
2009-10-07,38.45,38.76,38.14,38.45,38.45,3864554
2009-10-08,38.27,38.58,37.97,38.27,38.27,4956068
2009-10-09,37.97,38.28,37.67,37.97,37.97,5071564
2009-10-12,37.63,37.94,37.33,37.63,37.63,1366310
2009-10-13,37.6,37.9,37.3,37.6,37.6,20422861
2009-10-14,37.37,37.67,37.08,37.37,37.37,4768464
2009-10-15,36.68,36.97,36.39,36.68,36.68,9107511
2009-10-16,37.1,37.4,36.8,37.1,37.1,3059456
2009-10-19,36.47,36.76,36.18,36.47,36.47,3919692
2009-10-20,36.22,36.51,35.93,36.22,36.22,4722733
2009-10-21,36.48,36.78,36.19,36.48,36.48,2595615
2009-10-22,36.0,36.28,35.71,36.0,36.0,3776280
2009-10-23,35.33,35.62,35.05,35.33,35.33,3828751
2009-10-26,35.38,35.66,35.1,35.38,35.38,3186077
2009-10-27,36.49,36.78,36.2,36.49,36.49,7565457
2009-10-28,36.49,36.78,36.2,36.49,36.49,5112654
2009-10-29,36.65,36.95,36.36,36.65,36.65,5040348
2009-10-30,37.41,37.71,37.12,37.41,37.41,5848781
2009-11-02,38.33,38.64,38.02,38.33,38.33,5950402
2009-11-03,38.82,39.14,38.51,38.82,38.82,4208356
2009-11-04,38.93,39.24,38.62,38.93,38.93,10621229
2009-11-05,38.35,38.66,38.04,38.35,38.35,5249979
2009-11-06,37.6,37.9,37.3,37.6,37.6,3708497
2009-11-09,38.21,38.52,37.91,38.21,38.21,8645591
2009-11-10,37.37,37.67,37.07,37.37,37.37,9154724
2009-11-11,36.34,36.63,36.05,36.34,36.34,20609470
2009-11-12,36.48,36.77,36.19,36.48,36.48,3395590
2009-11-13,37.31,37.61,37.01,37.31,37.31,5917339
2009-11-16,37.05,37.35,36.76,37.05,37.05,6857900
2009-11-17,36.7,36.99,36.4,36.7,36.7,3259940
2009-11-18,35.93,36.22,35.65,35.93,35.93,7039588
2009-11-19,35.69,35.97,35.4,35.69,35.69,2930054
2009-11-20,35.3,35.58,35.01,35.3,35.3,3789648
2009-11-23,34.86,35.14,34.58,34.86,34.86,5895211
2009-11-24,34.55,34.83,34.28,34.55,34.55,6228249
2009-11-25,34.88,35.16,34.6,34.88,34.88,7961356
2009-11-26,34.63,34.91,34.35,34.63,34.63,2481603
2009-11-27,34.37,34.64,34.09,34.37,34.37,3349979
2009-11-30,34.4,34.68,34.13,34.4,34.4,3158233
2009-12-01,34.29,34.56,34.02,34.29,34.29,3109578
2009-12-02,33.81,34.08,33.54,33.81,33.81,2392020
2009-12-03,33.88,34.15,33.61,33.88,33.88,4135697
2009-12-04,33.87,34.14,33.6,33.87,33.87,4680954
2009-12-07,34.2,34.47,33.93,34.2,34.2,5899888
2009-12-08,33.49,33.76,33.22,33.49,33.49,5572923
2009-12-09,33.73,34.0,33.46,33.73,33.73,4576774
2009-12-10,33.26,33.53,33.0,33.26,33.26,5214792
2009-12-11,33.98,34.25,33.71,33.98,33.98,8311974
2009-12-14,34.38,34.66,34.11,34.38,34.38,8499793
2009-12-15,34.01,34.28,33.74,34.01,34.01,4996222
2009-12-16,34.08,34.35,33.81,34.08,34.08,3517764
2009-12-17,33.56,33.83,33.29,33.56,33.56,7874163
2009-12-18,33.59,33.86,33.32,33.59,33.59,4292188
2009-12-21,34.17,34.44,33.89,34.17,34.17,3550566
2009-12-22,34.57,34.85,34.3,34.57,34.57,6490298
2009-12-23,35.17,35.45,34.89,35.17,35.17,5876885
2009-12-24,35.3,35.58,35.02,35.3,35.3,1796200
2009-12-25,34.98,35.26,34.7,34.98,34.98,10169565
2009-12-28,34.93,35.21,34.65,34.93,34.93,7897176
2009-12-29,34.88,35.16,34.6,34.88,34.88,3760069
2009-12-30,35.72,36.0,35.43,35.72,35.72,10899400
2009-12-31,35.56,35.84,35.27,35.56,35.56,5119095
2010-01-01,36.53,36.82,36.23,36.53,36.53,4889515
2010-01-04,36.59,36.88,36.3,36.59,36.59,6086839
2010-01-05,37.15,37.45,36.85,37.15,37.15,10091086
2010-01-06,36.89,37.18,36.59,36.89,36.89,5972802
2010-01-07,37.26,37.55,36.96,37.26,37.26,7475800
2010-01-08,38.13,38.44,37.83,38.13,38.13,6063141
2010-01-11,38.11,38.42,37.81,38.11,38.11,5222402
2010-01-12,38.43,38.74,38.13,38.43,38.43,2065049
2010-01-13,36.72,37.01,36.42,36.72,36.72,8138861
2010-01-14,35.48,35.76,35.19,35.48,35.48,7238908
2010-01-15,36.29,36.58,36.0,36.29,36.29,6203879
2010-01-18,36.99,37.28,36.69,36.99,36.99,14911110
2010-01-19,37.37,37.67,37.07,37.37,37.37,9577236
2010-01-20,38.52,38.83,38.21,38.52,38.52,3664348
2010-01-21,38.06,38.37,37.76,38.06,38.06,13251013
2010-01-22,37.73,38.03,37.43,37.73,37.73,5840998
2010-01-25,37.07,37.36,36.77,37.07,37.07,5323074
2010-01-26,36.88,37.17,36.58,36.88,36.88,4042766
2010-01-27,36.11,36.4,35.82,36.11,36.11,3126230
2010-01-28,35.69,35.98,35.41,35.69,35.69,7282332
2010-01-29,35.23,35.51,34.95,35.23,35.23,9950751
2010-02-01,35.85,36.14,35.57,35.85,35.85,4679922
2010-02-02,37.37,37.67,37.07,37.37,37.37,8765482
2010-02-03,36.96,37.26,36.67,36.96,36.96,7539726
2010-02-04,37.44,37.73,37.14,37.44,37.44,9313432
2010-02-05,37.82,38.12,37.52,37.82,37.82,3273101
2010-02-08,37.97,38.28,37.67,37.97,37.97,13524854
2010-02-09,38.26,38.56,37.95,38.26,38.26,5179963
2010-02-10,37.97,38.27,37.66,37.97,37.97,5463813
2010-02-11,37.13,37.43,36.83,37.13,37.13,3068004
2010-02-12,37.17,37.47,36.87,37.17,37.17,5514096
2010-02-15,36.49,36.78,36.19,36.49,36.49,5211882
2010-02-16,36.76,37.05,36.46,36.76,36.76,8008445
2010-02-17,36.93,37.23,36.64,36.93,36.93,5883294
2010-02-18,35.69,35.98,35.41,35.69,35.69,7827142
2010-02-19,35.26,35.55,34.98,35.26,35.26,3448319
2010-02-22,34.87,35.15,34.59,34.87,34.87,3432560
2010-02-23,34.79,35.07,34.51,34.79,34.79,4021785
2010-02-24,34.89,35.17,34.61,34.89,34.89,2548644
2010-02-25,34.39,34.66,34.11,34.39,34.39,5355668
2010-02-26,33.65,33.92,33.38,33.65,33.65,7924218
2010-03-01,33.82,34.09,33.55,33.82,33.82,3784318
2010-03-02,34.17,34.44,33.89,34.17,34.17,6158675
2010-03-03,33.62,33.89,33.35,33.62,33.62,6031632
2010-03-04,33.29,33.56,33.02,33.29,33.29,3816233
2010-03-05,33.43,33.7,33.17,33.43,33.43,5743936
2010-03-08,33.53,33.79,33.26,33.53,33.53,4023002
2010-03-09,34.04,34.31,33.76,34.04,34.04,7324860
2010-03-10,34.92,35.19,34.64,34.92,34.92,5992119
2010-03-11,34.85,35.13,34.57,34.85,34.85,6271182
2010-03-12,34.49,34.77,34.22,34.49,34.49,8930659
2010-03-15,34.21,34.48,33.93,34.21,34.21,3601649
2010-03-16,34.44,34.72,34.17,34.44,34.44,5151552
2010-03-17,34.57,34.84,34.29,34.57,34.57,3434223
2010-03-18,33.89,34.16,33.62,33.89,33.89,5019576
2010-03-19,33.8,34.07,33.53,33.8,33.8,5417963
2010-03-22,33.54,33.81,33.28,33.54,33.54,3833731
2010-03-23,33.52,33.79,33.25,33.52,33.52,4898849
2010-03-24,33.32,33.58,33.05,33.32,33.32,4384934
2010-03-25,32.55,32.81,32.29,32.55,32.55,6807414
2010-03-26,32.85,33.11,32.59,32.85,32.85,5410288
2010-03-29,32.56,32.82,32.3,32.56,32.56,5892816
2010-03-30,32.6,32.86,32.34,32.6,32.6,8760256
2010-03-31,33.08,33.34,32.81,33.08,33.08,5131267
2010-04-01,33.24,33.51,32.97,33.24,33.24,4759772
2010-04-02,33.65,33.92,33.38,33.65,33.65,5344097
2010-04-05,33.42,33.68,33.15,33.42,33.42,5668592
2010-04-06,32.82,33.09,32.56,32.82,32.82,6690750
2010-04-07,32.26,32.51,32.0,32.26,32.26,13006727
2010-04-08,33.66,33.93,33.39,33.66,33.66,4161368
2010-04-09,33.42,33.69,33.15,33.42,33.42,7244741
2010-04-12,33.46,33.72,33.19,33.46,33.46,8223879
2010-04-13,32.81,33.07,32.55,32.81,32.81,7293575
2010-04-14,32.94,33.2,32.67,32.94,32.94,4207077
2010-04-15,33.14,33.4,32.87,33.14,33.14,3452129
2010-04-16,32.87,33.13,32.61,32.87,32.87,8556612
2010-04-19,33.49,33.76,33.22,33.49,33.49,2982361
2010-04-20,32.41,32.67,32.15,32.41,32.41,4337082
2010-04-21,32.25,32.51,31.99,32.25,32.25,5405982
2010-04-22,31.66,31.92,31.41,31.66,31.66,5804927
2010-04-23,32.6,32.86,32.34,32.6,32.6,2927872
2010-04-26,32.34,32.59,32.08,32.34,32.34,8589087
2010-04-27,32.82,33.09,32.56,32.82,32.82,4694914
2010-04-28,31.72,31.97,31.46,31.72,31.72,4653296
2010-04-29,30.8,31.04,30.55,30.8,30.8,4215425
2010-04-30,31.12,31.37,30.87,31.12,31.12,6372649
2010-05-03,32.14,32.4,31.88,32.14,32.14,11392823
2010-05-04,32.14,32.39,31.88,32.14,32.14,6447860
2010-05-05,32.7,32.96,32.44,32.7,32.7,7515606
2010-05-06,32.25,32.51,31.99,32.25,32.25,5763641
2010-05-07,31.99,32.24,31.73,31.99,31.99,10248887
2010-05-10,31.79,32.05,31.54,31.79,31.79,3000566
2010-05-11,31.21,31.46,30.96,31.21,31.21,2842962
2010-05-12,30.11,30.35,29.87,30.11,30.11,10305028
2010-05-13,29.25,29.49,29.02,29.25,29.25,3422961
2010-05-14,29.12,29.36,28.89,29.12,29.12,5581062
2010-05-17,28.35,28.58,28.12,28.35,28.35,4944110
2010-05-18,28.12,28.34,27.89,28.12,28.12,5978585
2010-05-19,28.67,28.9,28.44,28.67,28.67,6517194
2010-05-20,28.46,28.69,28.23,28.46,28.46,6525967
2010-05-21,28.28,28.51,28.06,28.28,28.28,9147272
2010-05-24,27.6,27.82,27.37,27.6,27.6,11926595
2010-05-25,27.7,27.92,27.47,27.7,27.7,7778685
2010-05-26,27.08,27.3,26.86,27.08,27.08,7285355
2010-05-27,28.0,28.22,27.77,28.0,28.0,5872717
2010-05-28,27.84,28.06,27.61,27.84,27.84,10540805
2010-05-31,27.75,27.97,27.53,27.75,27.75,5179013
2010-06-01,27.64,27.86,27.42,27.64,27.64,14116572
2010-06-02,28.16,28.39,27.94,28.16,28.16,1953230
2010-06-03,28.01,28.24,27.79,28.01,28.01,2468404
2010-06-04,28.52,28.75,28.3,28.52,28.52,6009751
2010-06-07,27.65,27.88,27.43,27.65,27.65,6739355
2010-06-08,28.45,28.68,28.22,28.45,28.45,4947012
2010-06-09,28.36,28.58,28.13,28.36,28.36,3075716
2010-06-10,27.99,28.21,27.76,27.99,27.99,6883623
2010-06-11,28.31,28.54,28.09,28.31,28.31,4966329
2010-06-14,28.65,28.88,28.42,28.65,28.65,6259911
2010-06-15,29.09,29.32,28.86,29.09,29.09,3661206
2010-06-16,29.07,29.3,28.83,29.07,29.07,6178750
2010-06-17,29.53,29.77,29.3,29.53,29.53,5439224
2010-06-18,28.87,29.1,28.64,28.87,28.87,3145610
2010-06-21,28.65,28.88,28.42,28.65,28.65,3027430
2010-06-22,28.34,28.57,28.11,28.34,28.34,13540834
2010-06-23,27.85,28.07,27.62,27.85,27.85,7469755
2010-06-24,27.56,27.78,27.34,27.56,27.56,4059366
2010-06-25,26.76,26.97,26.54,26.76,26.76,5223058
2010-06-28,25.98,26.19,25.77,25.98,25.98,4067776
2010-06-29,26.28,26.49,26.07,26.28,26.28,5015366
2010-06-30,26.09,26.3,25.88,26.09,26.09,3162386
2010-07-01,26.86,27.07,26.64,26.86,26.86,3003543
2010-07-02,26.84,27.05,26.62,26.84,26.84,4877148
2010-07-05,26.55,26.77,26.34,26.55,26.55,8768995
2010-07-06,26.86,27.07,26.64,26.86,26.86,7434374
2010-07-07,26.92,27.14,26.7,26.92,26.92,11082261
2010-07-08,27.41,27.63,27.19,27.41,27.41,4697807
2010-07-09,27.73,27.95,27.51,27.73,27.73,2615227
2010-07-12,27.08,27.3,26.87,27.08,27.08,3635427
2010-07-13,27.3,27.52,27.09,27.3,27.3,2399706
2010-07-14,27.4,27.62,27.18,27.4,27.4,5615886
2010-07-15,28.03,28.26,27.81,28.03,28.03,6810960
2010-07-16,27.84,28.06,27.62,27.84,27.84,4231893
2010-07-19,26.96,27.18,26.75,26.96,26.96,2996561
2010-07-20,27.48,27.7,27.26,27.48,27.48,7142862
2010-07-21,27.36,27.58,27.14,27.36,27.36,3426939
2010-07-22,27.8,28.02,27.58,27.8,27.8,7737200
2010-07-23,27.73,27.95,27.51,27.73,27.73,6196108
2010-07-26,27.73,27.95,27.51,27.73,27.73,9836496
2010-07-27,28.13,28.36,27.91,28.13,28.13,2041159
2010-07-28,29.12,29.35,28.89,29.12,29.12,12626930
2010-07-29,28.94,29.17,28.71,28.94,28.94,4811301
2010-07-30,28.49,28.72,28.26,28.49,28.49,5464648
2010-08-02,29.0,29.23,28.76,29.0,29.0,3899384
2010-08-03,29.14,29.37,28.91,29.14,29.14,5077879
2010-08-04,29.11,29.35,28.88,29.11,29.11,5796984
2010-08-05,28.86,29.09,28.63,28.86,28.86,5044625
2010-08-06,29.18,29.42,28.95,29.18,29.18,5686149
2010-08-09,29.67,29.9,29.43,29.67,29.67,11395372
2010-08-10,30.18,30.42,29.94,30.18,30.18,3035713
2010-08-11,30.2,30.44,29.96,30.2,30.2,4818701
2010-08-12,29.75,29.99,29.52,29.75,29.75,17042629
2010-08-13,29.99,30.23,29.75,29.99,29.99,7019508
2010-08-16,30.17,30.41,29.93,30.17,30.17,2608755
2010-08-17,29.96,30.2,29.72,29.96,29.96,7917851
2010-08-18,29.56,29.8,29.32,29.56,29.56,4623422
2010-08-19,28.69,28.92,28.46,28.69,28.69,2759797
2010-08-20,28.82,29.05,28.59,28.82,28.82,12818539
2010-08-23,28.74,28.97,28.51,28.74,28.74,6286656
2010-08-24,29.29,29.52,29.05,29.29,29.29,6751471
2010-08-25,29.66,29.89,29.42,29.66,29.66,4386790
2010-08-26,29.25,29.48,29.02,29.25,29.25,4333774
2010-08-27,30.12,30.36,29.88,30.12,30.12,5237277
2010-08-30,29.41,29.65,29.18,29.41,29.41,5001234
2010-08-31,29.19,29.42,28.95,29.19,29.19,5006176
2010-09-01,29.78,30.02,29.55,29.78,29.78,10288443
2010-09-02,29.14,29.37,28.91,29.14,29.14,4773840
2010-09-03,29.78,30.02,29.55,29.78,29.78,4553402
2010-09-06,29.64,29.88,29.41,29.64,29.64,6375618
2010-09-07,29.47,29.71,29.24,29.47,29.47,5190438
2010-09-08,29.11,29.34,28.88,29.11,29.11,4562971
2010-09-09,28.64,28.87,28.41,28.64,28.64,9591216
2010-09-10,28.75,28.98,28.52,28.75,28.75,2557870
2010-09-13,28.92,29.15,28.69,28.92,28.92,4089426
2010-09-14,29.36,29.59,29.12,29.36,29.36,4357842
2010-09-15,29.65,29.89,29.42,29.65,29.65,7566270
2010-09-16,29.49,29.73,29.26,29.49,29.49,5971540
2010-09-17,29.33,29.57,29.1,29.33,29.33,8998397
2010-09-20,28.9,29.13,28.67,28.9,28.9,7178176
2010-09-21,29.49,29.73,29.25,29.49,29.49,5074504
2010-09-22,30.01,30.25,29.77,30.01,30.01,2579575
2010-09-23,30.19,30.44,29.95,30.19,30.19,4062862
2010-09-24,30.64,30.89,30.4,30.64,30.64,4739750
2010-09-27,30.28,30.52,30.04,30.28,30.28,4456673
2010-09-28,30.47,30.71,30.23,30.47,30.47,6967268
2010-09-29,30.9,31.15,30.65,30.9,30.9,8082214
2010-09-30,31.08,31.32,30.83,31.08,31.08,5130884
2010-10-01,30.68,30.92,30.43,30.68,30.68,8416928
2010-10-04,30.53,30.77,30.28,30.53,30.53,10544781
2010-10-05,31.08,31.32,30.83,31.08,31.08,6986137
2010-10-06,31.73,31.99,31.48,31.73,31.73,4470110
2010-10-07,31.6,31.85,31.35,31.6,31.6,3830565
2010-10-08,31.49,31.74,31.24,31.49,31.49,6641204
2010-10-11,30.68,30.93,30.44,30.68,30.68,5624240
2010-10-12,30.52,30.76,30.27,30.52,30.52,7439928
2010-10-13,31.29,31.54,31.04,31.29,31.29,4154014
2010-10-14,31.96,32.22,31.71,31.96,31.96,3221014
2010-10-15,31.42,31.68,31.17,31.42,31.42,7314971
2010-10-18,32.01,32.27,31.76,32.01,32.01,5794925
2010-10-19,31.33,31.58,31.08,31.33,31.33,8029253
2010-10-20,31.0,31.24,30.75,31.0,31.0,4480320
2010-10-21,31.34,31.59,31.09,31.34,31.34,5712611
2010-10-22,31.17,31.42,30.92,31.17,31.17,4850444
2010-10-25,31.18,31.43,30.93,31.18,31.18,6055189
2010-10-26,30.85,31.09,30.6,30.85,30.85,9287205
2010-10-27,31.11,31.36,30.86,31.11,31.11,8056946
2010-10-28,31.41,31.66,31.16,31.41,31.41,4091628
2010-10-29,31.45,31.7,31.2,31.45,31.45,9583621
2010-11-01,30.87,31.12,30.63,30.87,30.87,4464560
2010-11-02,30.66,30.9,30.41,30.66,30.66,5907270
2010-11-03,30.16,30.4,29.91,30.16,30.16,5243729
2010-11-04,29.69,29.93,29.45,29.69,29.69,4148593
2010-11-05,29.36,29.59,29.12,29.36,29.36,3597916
2010-11-08,29.75,29.99,29.51,29.75,29.75,7017555
2010-11-09,29.74,29.98,29.5,29.74,29.74,8870702
2010-11-10,30.21,30.45,29.96,30.21,30.21,8326532
2010-11-11,29.72,29.95,29.48,29.72,29.72,14912223
2010-11-12,29.69,29.92,29.45,29.69,29.69,4772845
2010-11-15,29.45,29.68,29.21,29.45,29.45,3692197
2010-11-16,30.08,30.32,29.84,30.08,30.08,4647440
2010-11-17,29.95,30.19,29.71,29.95,29.95,7763705
2010-11-18,29.92,30.16,29.68,29.92,29.92,5041475
2010-11-19,29.89,30.13,29.65,29.89,29.89,5312669
2010-11-22,30.43,30.67,30.18,30.43,30.43,5685266
2010-11-23,30.18,30.42,29.94,30.18,30.18,4034747
2010-11-24,31.02,31.27,30.77,31.02,31.02,5981404
2010-11-25,31.12,31.37,30.88,31.12,31.12,4644047
2010-11-26,31.86,32.11,31.6,31.86,31.86,3309271
2010-11-29,32.02,32.27,31.76,32.02,32.02,4741570
2010-11-30,31.28,31.53,31.03,31.28,31.28,4550143
2010-12-01,31.75,32.01,31.5,31.75,31.75,5302318
2010-12-02,30.47,30.72,30.23,30.47,30.47,5019362
2010-12-03,30.98,31.22,30.73,30.98,30.98,3229077
2010-12-06,31.6,31.85,31.35,31.6,31.6,6002395
2010-12-07,31.47,31.72,31.22,31.47,31.47,12330994
2010-12-08,30.94,31.18,30.69,30.94,30.94,7736713
2010-12-09,30.6,30.84,30.35,30.6,30.6,6192639
2010-12-10,31.46,31.71,31.21,31.46,31.46,4543369
2010-12-13,31.89,32.14,31.63,31.89,31.89,7811300
2010-12-14,31.61,31.86,31.36,31.61,31.61,5286922
2010-12-15,31.33,31.58,31.08,31.33,31.33,5747058
2010-12-16,30.97,31.21,30.72,30.97,30.97,2647340
2010-12-17,30.7,30.94,30.45,30.7,30.7,6716181
2010-12-20,31.15,31.4,30.9,31.15,31.15,8109435
2010-12-21,30.87,31.12,30.62,30.87,30.87,7587632
2010-12-22,31.11,31.36,30.86,31.11,31.11,2881563
2010-12-23,31.86,32.12,31.61,31.86,31.86,5391478
2010-12-24,32.12,32.38,31.87,32.12,32.12,4457089
2010-12-27,32.15,32.41,31.89,32.15,32.15,6964463
2010-12-28,31.85,32.1,31.59,31.85,31.85,6363056
2010-12-29,32.26,32.52,32.0,32.26,32.26,7457914
2010-12-30,32.6,32.86,32.34,32.6,32.6,5222464
2010-12-31,32.31,32.56,32.05,32.31,32.31,4207547
2011-01-03,32.11,32.37,31.86,32.11,32.11,4386640
2011-01-04,31.87,32.13,31.62,31.87,31.87,5582217
2011-01-05,31.8,32.06,31.55,31.8,31.8,3400887
2011-01-06,31.47,31.72,31.22,31.47,31.47,7657174
2011-01-07,31.62,31.88,31.37,31.62,31.62,4971552
2011-01-10,31.62,31.87,31.37,31.62,31.62,7581167
2011-01-11,31.53,31.78,31.28,31.53,31.53,3212509
2011-01-12,31.75,32.0,31.49,31.75,31.75,5007118
2011-01-13,31.55,31.8,31.3,31.55,31.55,12978034
2011-01-14,31.61,31.87,31.36,31.61,31.61,6351817
2011-01-17,31.58,31.83,31.33,31.58,31.58,5276463
2011-01-18,32.01,32.26,31.75,32.01,32.01,2680650
2011-01-19,32.19,32.45,31.93,32.19,32.19,7396540
2011-01-20,32.05,32.31,31.8,32.05,32.05,2730630
2011-01-21,32.16,32.42,31.91,32.16,32.16,2518081
2011-01-24,33.32,33.58,33.05,33.32,33.32,5516325
2011-01-25,33.5,33.77,33.23,33.5,33.5,3114745
2011-01-26,33.08,33.35,32.82,33.08,33.08,2449792
2011-01-27,33.71,33.98,33.44,33.71,33.71,6913402
2011-01-28,33.52,33.79,33.25,33.52,33.52,8417065
2011-01-31,33.86,34.13,33.59,33.86,33.86,6569292
2011-02-01,35.18,35.46,34.9,35.18,35.18,3912943
2011-02-02,35.7,35.98,35.41,35.7,35.7,4869317
2011-02-03,36.17,36.45,35.88,36.17,36.17,3512240
2011-02-04,35.84,36.13,35.55,35.84,35.84,13292311
2011-02-07,36.14,36.43,35.85,36.14,36.14,11024840
2011-02-08,36.24,36.53,35.95,36.24,36.24,4753368
2011-02-09,35.66,35.95,35.38,35.66,35.66,7874631
2011-02-10,35.8,36.09,35.52,35.8,35.8,4514859
2011-02-11,35.8,36.09,35.52,35.8,35.8,5339525
2011-02-14,35.24,35.52,34.96,35.24,35.24,6428486
2011-02-15,35.53,35.82,35.25,35.53,35.53,9917435
2011-02-16,35.65,35.94,35.37,35.65,35.65,8283125
2011-02-17,36.31,36.6,36.02,36.31,36.31,3972147
2011-02-18,35.8,36.09,35.51,35.8,35.8,6387814
2011-02-21,34.82,35.1,34.55,34.82,34.82,2662629
2011-02-22,35.08,35.36,34.8,35.08,35.08,6884507
2011-02-23,35.21,35.49,34.92,35.21,35.21,9214288
2011-02-24,35.18,35.46,34.9,35.18,35.18,9573524
2011-02-25,34.79,35.07,34.52,34.79,34.79,5751932
2011-02-28,34.27,34.54,34.0,34.27,34.27,3872993
2011-03-01,35.45,35.73,35.16,35.45,35.45,2747868
2011-03-02,35.41,35.69,35.12,35.41,35.41,4165094
2011-03-03,35.77,36.06,35.49,35.77,35.77,5077245
2011-03-04,35.99,36.27,35.7,35.99,35.99,8563853
2011-03-07,35.55,35.83,35.26,35.55,35.55,4717016
2011-03-08,36.65,36.95,36.36,36.65,36.65,2747714
2011-03-09,36.12,36.41,35.83,36.12,36.12,3003221
2011-03-10,36.34,36.63,36.05,36.34,36.34,6285801
2011-03-11,36.26,36.55,35.97,36.26,36.26,4017840
2011-03-14,36.02,36.31,35.74,36.02,36.02,3913714
2011-03-15,35.76,36.05,35.48,35.76,35.76,4314626
2011-03-16,36.32,36.61,36.03,36.32,36.32,5645588
2011-03-17,37.02,37.32,36.73,37.02,37.02,5402399
2011-03-18,36.16,36.45,35.87,36.16,36.16,5421748
2011-03-21,36.12,36.41,35.83,36.12,36.12,4634101
2011-03-22,36.47,36.77,36.18,36.47,36.47,2936074
2011-03-23,36.52,36.81,36.23,36.52,36.52,10781278
2011-03-24,37.03,37.33,36.73,37.03,37.03,15817142
2011-03-25,36.46,36.75,36.17,36.46,36.46,5950073
2011-03-28,35.59,35.87,35.3,35.59,35.59,4437377
2011-03-29,36.0,36.29,35.71,36.0,36.0,3121386
2011-03-30,35.01,35.29,34.73,35.01,35.01,5971985
2011-03-31,35.48,35.76,35.2,35.48,35.48,4802896
2011-04-01,34.85,35.13,34.57,34.85,34.85,5046320
2011-04-04,35.18,35.46,34.9,35.18,35.18,4757613
2011-04-05,35.33,35.62,35.05,35.33,35.33,6459578
2011-04-06,35.21,35.49,34.93,35.21,35.21,6367779
2011-04-07,35.57,35.86,35.29,35.57,35.57,4504105
2011-04-08,35.89,36.18,35.6,35.89,35.89,4021862
2011-04-11,35.15,35.43,34.87,35.15,35.15,6776111
2011-04-12,35.6,35.89,35.32,35.6,35.6,11290804
2011-04-13,34.57,34.85,34.29,34.57,34.57,3698723
2011-04-14,34.56,34.84,34.28,34.56,34.56,6723927
2011-04-15,34.09,34.36,33.81,34.09,34.09,4923061
2011-04-18,34.19,34.46,33.92,34.19,34.19,5793185
2011-04-19,33.73,34.0,33.46,33.73,33.73,2199817
2011-04-20,33.38,33.64,33.11,33.38,33.38,2679161
2011-04-21,32.71,32.97,32.45,32.71,32.71,4441540
2011-04-22,33.04,33.31,32.78,33.04,33.04,5197570
2011-04-25,33.43,33.69,33.16,33.43,33.43,5205284
2011-04-26,33.45,33.72,33.18,33.45,33.45,7581374
2011-04-27,33.69,33.96,33.42,33.69,33.69,4059481
2011-04-28,34.27,34.55,34.0,34.27,34.27,5088470
2011-04-29,34.1,34.37,33.82,34.1,34.1,8556360
2011-05-02,34.24,34.51,33.96,34.24,34.24,2945227
2011-05-03,34.52,34.79,34.24,34.52,34.52,5005130
2011-05-04,34.53,34.81,34.26,34.53,34.53,6115547
2011-05-05,33.83,34.1,33.56,33.83,33.83,5357807
2011-05-06,33.32,33.58,33.05,33.32,33.32,9018374
2011-05-09,33.43,33.7,33.16,33.43,33.43,4954973
2011-05-10,33.48,33.75,33.21,33.48,33.48,2144433
2011-05-11,33.18,33.44,32.91,33.18,33.18,7484502
2011-05-12,33.22,33.48,32.95,33.22,33.22,5257102
2011-05-13,32.84,33.1,32.58,32.84,32.84,4524787
2011-05-16,32.39,32.65,32.13,32.39,32.39,2931679
2011-05-17,33.08,33.35,32.82,33.08,33.08,6061675
2011-05-18,32.87,33.13,32.6,32.87,32.87,10196189
2011-05-19,32.03,32.29,31.77,32.03,32.03,6140752
2011-05-20,31.55,31.8,31.29,31.55,31.55,5801165
2011-05-23,31.54,31.79,31.29,31.54,31.54,7826793
2011-05-24,32.31,32.57,32.06,32.31,32.31,12844525
2011-05-25,31.81,32.06,31.55,31.81,31.81,5891314
2011-05-26,32.57,32.83,32.31,32.57,32.57,7404546
2011-05-27,32.43,32.69,32.17,32.43,32.43,5767312
2011-05-30,31.8,32.06,31.55,31.8,31.8,5968868
2011-05-31,32.01,32.27,31.76,32.01,32.01,10779261
2011-06-01,31.52,31.77,31.27,31.52,31.52,4795325
2011-06-02,31.69,31.94,31.43,31.69,31.69,5932829
2011-06-03,31.53,31.78,31.28,31.53,31.53,8257344
2011-06-06,31.23,31.48,30.98,31.23,31.23,9596992
2011-06-07,31.26,31.51,31.01,31.26,31.26,5629489
2011-06-08,31.76,32.02,31.51,31.76,31.76,3377922
2011-06-09,31.91,32.17,31.66,31.91,31.91,4630207
2011-06-10,32.57,32.83,32.31,32.57,32.57,3952962
2011-06-13,32.65,32.91,32.39,32.65,32.65,8510361
2011-06-14,32.34,32.6,32.08,32.34,32.34,3894688
2011-06-15,32.15,32.41,31.9,32.15,32.15,5887891
2011-06-16,32.36,32.62,32.1,32.36,32.36,4937153
2011-06-17,32.77,33.04,32.51,32.77,32.77,5437690
2011-06-20,33.36,33.62,33.09,33.36,33.36,4496248
2011-06-21,33.01,33.27,32.74,33.01,33.01,9162846
2011-06-22,32.68,32.94,32.42,32.68,32.68,7574483
2011-06-23,33.73,34.0,33.46,33.73,33.73,3125577
2011-06-24,33.85,34.12,33.58,33.85,33.85,4533970
2011-06-27,33.27,33.54,33.01,33.27,33.27,4824930
2011-06-28,33.55,33.82,33.28,33.55,33.55,4404225
2011-06-29,33.72,33.99,33.45,33.72,33.72,3983127
2011-06-30,33.88,34.15,33.61,33.88,33.88,3951925
2011-07-01,34.1,34.38,33.83,34.1,34.1,5159378
2011-07-04,34.77,35.05,34.5,34.77,34.77,4950150
2011-07-05,34.84,35.11,34.56,34.84,34.84,10102796
2011-07-06,34.93,35.21,34.65,34.93,34.93,4759499
2011-07-07,35.94,36.22,35.65,35.94,35.94,6448604
2011-07-08,35.22,35.5,34.93,35.22,35.22,7205342
2011-07-11,35.03,35.31,34.75,35.03,35.03,5194366
2011-07-12,35.13,35.41,34.85,35.13,35.13,6350225
2011-07-13,35.34,35.63,35.06,35.34,35.34,6097213
2011-07-14,36.06,36.35,35.77,36.06,36.06,4556390
2011-07-15,35.82,36.11,35.53,35.82,35.82,4054377
2011-07-18,35.42,35.71,35.14,35.42,35.42,6967135
2011-07-19,35.54,35.83,35.26,35.54,35.54,6418090
2011-07-20,34.97,35.25,34.69,34.97,34.97,4073622
2011-07-21,34.62,34.9,34.35,34.62,34.62,2683920
2011-07-22,35.33,35.62,35.05,35.33,35.33,4553608
2011-07-25,34.81,35.09,34.53,34.81,34.81,6260609
2011-07-26,35.1,35.38,34.82,35.1,35.1,9964597
2011-07-27,34.72,35.0,34.44,34.72,34.72,8740466
2011-07-28,35.56,35.84,35.27,35.56,35.56,4743760
2011-07-29,35.31,35.59,35.03,35.31,35.31,6039465
2011-08-01,35.37,35.65,35.09,35.37,35.37,5033118
2011-08-02,35.86,36.15,35.57,35.86,35.86,9718946
2011-08-03,35.41,35.7,35.13,35.41,35.41,10224587
2011-08-04,34.88,35.16,34.61,34.88,34.88,4740388
2011-08-05,35.54,35.82,35.25,35.54,35.54,8603791
2011-08-08,35.31,35.59,35.03,35.31,35.31,3008524
2011-08-09,36.45,36.75,36.16,36.45,36.45,3915524
2011-08-10,36.26,36.55,35.97,36.26,36.26,7899138
2011-08-11,36.08,36.37,35.79,36.08,36.08,7657071
2011-08-12,36.35,36.64,36.06,36.35,36.35,5959583
2011-08-15,36.41,36.7,36.12,36.41,36.41,2216780
2011-08-16,36.32,36.61,36.03,36.32,36.32,12274437
2011-08-17,36.65,36.94,36.36,36.65,36.65,4794598
2011-08-18,36.61,36.9,36.32,36.61,36.61,7564897
2011-08-19,36.46,36.75,36.17,36.46,36.46,3383169
2011-08-22,37.16,37.46,36.86,37.16,37.16,3184614
2011-08-23,36.49,36.78,36.19,36.49,36.49,3144769
2011-08-24,36.22,36.51,35.93,36.22,36.22,5136194
2011-08-25,36.33,36.62,36.04,36.33,36.33,8817681
2011-08-26,36.69,36.98,36.39,36.69,36.69,10100157
2011-08-29,36.78,37.07,36.48,36.78,36.78,5241692
2011-08-30,36.19,36.48,35.9,36.19,36.19,5559403
2011-08-31,36.64,36.93,36.34,36.64,36.64,8648640
2011-09-01,35.52,35.8,35.23,35.52,35.52,4435230
2011-09-02,35.36,35.64,35.08,35.36,35.36,5911003
2011-09-05,35.14,35.42,34.86,35.14,35.14,3142989
2011-09-06,35.89,36.18,35.6,35.89,35.89,4950815
2011-09-07,35.09,35.37,34.81,35.09,35.09,6229011
2011-09-08,34.18,34.46,33.91,34.18,34.18,6261268
2011-09-09,34.48,34.76,34.21,34.48,34.48,4875821
2011-09-12,34.49,34.77,34.21,34.49,34.49,6773604
2011-09-13,34.06,34.33,33.78,34.06,34.06,4749782
2011-09-14,34.82,35.09,34.54,34.82,34.82,8328355
2011-09-15,35.32,35.61,35.04,35.32,35.32,8538676
2011-09-16,35.77,36.05,35.48,35.77,35.77,3085969
2011-09-19,35.51,35.79,35.22,35.51,35.51,4831178
2011-09-20,35.14,35.42,34.86,35.14,35.14,7324730
2011-09-21,35.04,35.32,34.76,35.04,35.04,9290969
2011-09-22,33.86,34.13,33.59,33.86,33.86,3611002
2011-09-23,34.01,34.28,33.73,34.01,34.01,4070672
2011-09-26,34.02,34.29,33.75,34.02,34.02,2698845
2011-09-27,34.08,34.35,33.8,34.08,34.08,10880487
2011-09-28,34.63,34.91,34.35,34.63,34.63,6104529
2011-09-29,34.72,35.0,34.44,34.72,34.72,2291436
2011-09-30,34.9,35.18,34.63,34.9,34.9,10578561
2011-10-03,35.32,35.6,35.04,35.32,35.32,8213936
2011-10-04,35.54,35.82,35.25,35.54,35.54,10933365
2011-10-05,35.2,35.48,34.92,35.2,35.2,8813064
2011-10-06,34.75,35.03,34.48,34.75,34.75,2697307
2011-10-07,34.7,34.97,34.42,34.7,34.7,2180950
2011-10-10,34.29,34.57,34.02,34.29,34.29,5123145
2011-10-11,33.68,33.95,33.41,33.68,33.68,15468153
2011-10-12,34.32,34.59,34.04,34.32,34.32,2368704
2011-10-13,34.31,34.58,34.04,34.31,34.31,4834564
2011-10-14,33.94,34.21,33.67,33.94,33.94,4707734
2011-10-17,34.04,34.31,33.76,34.04,34.04,2511549
2011-10-18,34.05,34.32,33.78,34.05,34.05,8213171
2011-10-19,34.15,34.43,33.88,34.15,34.15,6643103
2011-10-20,34.31,34.58,34.03,34.31,34.31,4570408
2011-10-21,34.56,34.84,34.29,34.56,34.56,3890772
2011-10-24,34.16,34.44,33.89,34.16,34.16,5056788
2011-10-25,34.31,34.59,34.04,34.31,34.31,6431438
2011-10-26,33.93,34.21,33.66,33.93,33.93,11537512
2011-10-27,33.51,33.78,33.24,33.51,33.51,5696389
2011-10-28,34.31,34.58,34.04,34.31,34.31,1923394
2011-10-31,34.34,34.62,34.07,34.34,34.34,3398929
2011-11-01,33.5,33.77,33.23,33.5,33.5,3385069
2011-11-02,33.48,33.75,33.21,33.48,33.48,7106837
2011-11-03,33.33,33.6,33.06,33.33,33.33,4281512
2011-11-04,33.71,33.98,33.44,33.71,33.71,2399311
2011-11-07,34.03,34.3,33.76,34.03,34.03,4304320
2011-11-08,33.76,34.03,33.49,33.76,33.76,5129952
2011-11-09,33.93,34.2,33.66,33.93,33.93,4923084
2011-11-10,34.08,34.35,33.81,34.08,34.08,11346168
2011-11-11,34.43,34.7,34.15,34.43,34.43,3482776
2011-11-14,35.21,35.49,34.92,35.21,35.21,2161525
2011-11-15,35.61,35.9,35.33,35.61,35.61,5159262
2011-11-16,35.58,35.86,35.29,35.58,35.58,2608675
2011-11-17,34.55,34.83,34.28,34.55,34.55,7600850
2011-11-18,35.47,35.76,35.19,35.47,35.47,7745465
2011-11-21,35.49,35.78,35.21,35.49,35.49,7500456
2011-11-22,35.42,35.7,35.13,35.42,35.42,4232304
2011-11-23,35.24,35.52,34.96,35.24,35.24,3966924
2011-11-24,35.53,35.82,35.25,35.53,35.53,4591150
2011-11-25,35.28,35.57,35.0,35.28,35.28,3704267
2011-11-28,35.65,35.93,35.36,35.65,35.65,4658207
2011-11-29,36.46,36.75,36.17,36.46,36.46,5423789
2011-11-30,37.53,37.83,37.23,37.53,37.53,9666016
2011-12-01,37.61,37.91,37.3,37.61,37.61,8173868
2011-12-02,37.23,37.52,36.93,37.23,37.23,6547338
2011-12-05,37.54,37.84,37.24,37.54,37.54,3614506
2011-12-06,36.42,36.71,36.12,36.42,36.42,3756188
2011-12-07,36.16,36.45,35.87,36.16,36.16,6607752
2011-12-08,35.95,36.24,35.66,35.95,35.95,3475728
2011-12-09,35.8,36.09,35.52,35.8,35.8,9329822
2011-12-12,35.16,35.44,34.88,35.16,35.16,6522493
2011-12-13,35.79,36.08,35.5,35.79,35.79,7060238
2011-12-14,35.41,35.69,35.13,35.41,35.41,2378468
2011-12-15,34.84,35.12,34.56,34.84,34.84,1798717
2011-12-16,34.68,34.96,34.41,34.68,34.68,3711975
2011-12-19,35.83,36.12,35.54,35.83,35.83,4898812
2011-12-20,36.9,37.19,36.6,36.9,36.9,4748619
2011-12-21,38.02,38.33,37.72,38.02,38.02,5996690
2011-12-22,38.33,38.64,38.03,38.33,38.33,4948234
2011-12-23,38.55,38.86,38.25,38.55,38.55,7937720
2011-12-26,38.33,38.64,38.03,38.33,38.33,4618580
2011-12-27,37.67,37.97,37.37,37.67,37.67,6089914
2011-12-28,37.26,37.56,36.96,37.26,37.26,8085400
2011-12-29,37.11,37.41,36.82,37.11,37.11,6858335
2011-12-30,38.08,38.39,37.78,38.08,38.08,4395726
2012-01-02,39.28,39.59,38.97,39.28,39.28,6477990
2012-01-03,39.45,39.77,39.14,39.45,39.45,5096979
2012-01-04,39.69,40.0,39.37,39.69,39.69,9731844
2012-01-05,39.71,40.02,39.39,39.71,39.71,3768114
2012-01-06,38.64,38.95,38.33,38.64,38.64,5219399
2012-01-09,37.76,38.07,37.46,37.76,37.76,2629700
2012-01-10,37.21,37.51,36.91,37.21,37.21,4574803
2012-01-11,37.7,38.0,37.4,37.7,37.7,9595177
2012-01-12,37.45,37.75,37.16,37.45,37.45,8594307
2012-01-13,37.41,37.71,37.11,37.41,37.41,8189450
2012-01-16,37.24,37.54,36.95,37.24,37.24,4725378
2012-01-17,36.58,36.87,36.28,36.58,36.58,4476967
2012-01-18,37.09,37.38,36.79,37.09,37.09,14864487
2012-01-19,37.24,37.54,36.95,37.24,37.24,7426993
2012-01-20,37.45,37.75,37.15,37.45,37.45,3928000
2012-01-23,37.7,38.0,37.4,37.7,37.7,4979717
2012-01-24,38.49,38.79,38.18,38.49,38.49,6710863
2012-01-25,38.52,38.82,38.21,38.52,38.52,4934915
2012-01-26,38.98,39.29,38.66,38.98,38.98,4957744
2012-01-27,38.23,38.53,37.92,38.23,38.23,3008654
2012-01-30,37.59,37.89,37.29,37.59,37.59,4112355
2012-01-31,37.16,37.46,36.86,37.16,37.16,6316850
2012-02-01,37.16,37.46,36.86,37.16,37.16,3440863
2012-02-02,37.98,38.29,37.68,37.98,37.98,5758423
2012-02-03,37.13,37.43,36.83,37.13,37.13,5395242
2012-02-06,37.76,38.07,37.46,37.76,37.76,3447640
2012-02-07,38.28,38.59,37.98,38.28,38.28,7480093
2012-02-08,39.05,39.36,38.74,39.05,39.05,4068017
2012-02-09,38.75,39.06,38.44,38.75,38.75,3754467
2012-02-10,39.42,39.73,39.1,39.42,39.42,4925373
2012-02-13,39.18,39.49,38.86,39.18,39.18,8559750
2012-02-14,39.48,39.8,39.17,39.48,39.48,9835599
2012-02-15,38.56,38.87,38.25,38.56,38.56,13853881
2012-02-16,38.71,39.02,38.4,38.71,38.71,8624741
2012-02-17,37.74,38.04,37.44,37.74,37.74,2389458
2012-02-20,38.39,38.7,38.08,38.39,38.39,7288915
2012-02-21,37.79,38.1,37.49,37.79,37.79,3966110
2012-02-22,37.53,37.83,37.23,37.53,37.53,8024185
2012-02-23,37.09,37.39,36.79,37.09,37.09,8380192
2012-02-24,36.87,37.17,36.58,36.87,36.87,8372438
2012-02-27,37.45,37.75,37.15,37.45,37.45,1638002
2012-02-28,36.66,36.95,36.37,36.66,36.66,8260335
2012-02-29,37.21,37.51,36.91,37.21,37.21,2840052
2012-03-01,37.48,37.78,37.18,37.48,37.48,4657464
2012-03-02,37.43,37.73,37.13,37.43,37.43,3815924
2012-03-05,37.03,37.32,36.73,37.03,37.03,7530166
2012-03-06,36.98,37.27,36.68,36.98,36.98,5124858
2012-03-07,37.38,37.68,37.08,37.38,37.38,6424972
2012-03-08,37.93,38.23,37.62,37.93,37.93,3687832
2012-03-09,37.21,37.51,36.91,37.21,37.21,8990890
2012-03-12,37.37,37.67,37.07,37.37,37.37,3096193
2012-03-13,37.27,37.56,36.97,37.27,37.27,2319938
2012-03-14,38.12,38.42,37.81,38.12,38.12,3695221
2012-03-15,37.5,37.8,37.2,37.5,37.5,5411365
2012-03-16,37.6,37.91,37.3,37.6,37.6,4750193
2012-03-19,37.81,38.11,37.5,37.81,37.81,8105385
2012-03-20,37.57,37.87,37.27,37.57,37.57,6244796
2012-03-21,37.34,37.64,37.04,37.34,37.34,5626193
2012-03-22,37.78,38.08,37.47,37.78,37.78,4596802
2012-03-23,36.94,37.24,36.64,36.94,36.94,4463723
2012-03-26,37.32,37.62,37.02,37.32,37.32,2123627
2012-03-27,37.22,37.52,36.93,37.22,37.22,12479427
2012-03-28,37.4,37.7,37.1,37.4,37.4,6377103
2012-03-29,38.27,38.57,37.96,38.27,38.27,3055090
2012-03-30,38.52,38.83,38.21,38.52,38.52,7568862
2012-04-02,38.4,38.71,38.09,38.4,38.4,7615471
2012-04-03,38.12,38.43,37.82,38.12,38.12,7539259
2012-04-04,38.29,38.6,37.99,38.29,38.29,7252899
2012-04-05,38.78,39.09,38.47,38.78,38.78,4395247
2012-04-06,40.08,40.4,39.76,40.08,40.08,5867626
2012-04-09,39.17,39.48,38.86,39.17,39.17,7807805
2012-04-10,38.83,39.14,38.52,38.83,38.83,1783489
2012-04-11,39.54,39.86,39.23,39.54,39.54,4420376
2012-04-12,40.56,40.88,40.23,40.56,40.56,6208690
2012-04-13,39.67,39.99,39.35,39.67,39.67,3086827
2012-04-16,38.66,38.97,38.35,38.66,38.66,6113538
2012-04-17,38.65,38.96,38.35,38.65,38.65,5966596
2012-04-18,38.6,38.91,38.29,38.6,38.6,3884722
2012-04-19,39.19,39.5,38.88,39.19,39.19,7645219
2012-04-20,39.14,39.45,38.82,39.14,39.14,6333686
2012-04-23,38.61,38.92,38.3,38.61,38.61,6628599
2012-04-24,37.97,38.27,37.67,37.97,37.97,4425235
2012-04-25,37.45,37.75,37.15,37.45,37.45,6030798
2012-04-26,37.93,38.24,37.63,37.93,37.93,3993576
2012-04-27,38.89,39.2,38.58,38.89,38.89,3402870
2012-04-30,39.15,39.46,38.83,39.15,39.15,16801858
2012-05-01,38.48,38.79,38.17,38.48,38.48,7086423
2012-05-02,39.41,39.72,39.09,39.41,39.41,3798235
2012-05-03,38.94,39.25,38.63,38.94,38.94,6413275
2012-05-04,38.44,38.75,38.14,38.44,38.44,3967877
2012-05-07,37.92,38.22,37.62,37.92,37.92,3868096
2012-05-08,37.8,38.1,37.5,37.8,37.8,6667395
2012-05-09,37.52,37.82,37.22,37.52,37.52,7582562
2012-05-10,37.75,38.05,37.45,37.75,37.75,9808969
2012-05-11,38.11,38.42,37.81,38.11,38.11,8112220
2012-05-14,38.69,39.0,38.38,38.69,38.69,12163238
2012-05-15,38.51,38.82,38.2,38.51,38.51,3641334
2012-05-16,38.15,38.45,37.84,38.15,38.15,3304627
2012-05-17,37.26,37.55,36.96,37.26,37.26,7101349
2012-05-18,37.21,37.51,36.91,37.21,37.21,4307570
2012-05-21,37.75,38.06,37.45,37.75,37.75,3787926
2012-05-22,38.78,39.09,38.47,38.78,38.78,5339199
2012-05-23,38.67,38.98,38.36,38.67,38.67,3052676
2012-05-24,39.97,40.29,39.65,39.97,39.97,12512409
2012-05-25,39.22,39.53,38.9,39.22,39.22,4823687
2012-05-28,40.35,40.68,40.03,40.35,40.35,6460833
2012-05-29,40.57,40.89,40.24,40.57,40.57,5920999
2012-05-30,40.46,40.78,40.14,40.46,40.46,9733235
2012-05-31,40.7,41.03,40.38,40.7,40.7,9746845
2012-06-01,40.46,40.79,40.14,40.46,40.46,7632721
2012-06-04,40.93,41.25,40.6,40.93,40.93,7408216
2012-06-05,40.18,40.5,39.86,40.18,40.18,5940785
2012-06-06,40.03,40.35,39.71,40.03,40.03,5894674
2012-06-07,40.25,40.57,39.93,40.25,40.25,7006763
2012-06-08,40.21,40.53,39.88,40.21,40.21,4023437
2012-06-11,39.53,39.84,39.21,39.53,39.53,5019551
2012-06-12,38.29,38.6,37.99,38.29,38.29,9500730
2012-06-13,39.12,39.43,38.8,39.12,39.12,2403482
2012-06-14,39.48,39.79,39.16,39.48,39.48,6047548
2012-06-15,40.42,40.74,40.1,40.42,40.42,7998383
2012-06-18,41.01,41.34,40.68,41.01,41.01,3007182
2012-06-19,39.95,40.27,39.63,39.95,39.95,3613828
2012-06-20,39.93,40.25,39.61,39.93,39.93,5030715
2012-06-21,40.39,40.71,40.06,40.39,40.39,2608998
2012-06-22,39.0,39.31,38.69,39.0,39.0,4048501
2012-06-25,38.8,39.11,38.49,38.8,38.8,6588082
2012-06-26,38.27,38.57,37.96,38.27,38.27,5313626
2012-06-27,37.79,38.1,37.49,37.79,37.79,5205103
2012-06-28,38.36,38.67,38.06,38.36,38.36,3741874
2012-06-29,37.91,38.22,37.61,37.91,37.91,6640782
2012-07-02,38.07,38.38,37.77,38.07,38.07,5961168
2012-07-03,38.44,38.74,38.13,38.44,38.44,9207498
2012-07-04,38.12,38.42,37.81,38.12,38.12,5330756
2012-07-05,37.7,38.0,37.39,37.7,37.7,5533838
2012-07-06,37.67,37.97,37.37,37.67,37.67,6603924
2012-07-09,38.25,38.56,37.95,38.25,38.25,1823689
2012-07-10,38.29,38.59,37.98,38.29,38.29,5929643
2012-07-11,39.42,39.74,39.11,39.42,39.42,6226376
2012-07-12,39.44,39.76,39.13,39.44,39.44,6305970
2012-07-13,39.21,39.52,38.89,39.21,39.21,8905951
2012-07-16,39.62,39.93,39.3,39.62,39.62,5521168
2012-07-17,40.54,40.86,40.21,40.54,40.54,2052446
2012-07-18,40.45,40.77,40.13,40.45,40.45,7610445
2012-07-19,40.54,40.86,40.21,40.54,40.54,11886455
2012-07-20,40.85,41.18,40.53,40.85,40.85,3309355
2012-07-23,41.04,41.37,40.71,41.04,41.04,11204388
2012-07-24,40.84,41.17,40.52,40.84,40.84,6364330
2012-07-25,41.31,41.64,40.98,41.31,41.31,4437037
2012-07-26,42.01,42.35,41.68,42.01,42.01,5507394
2012-07-27,42.42,42.76,42.08,42.42,42.42,8496773
2012-07-30,41.54,41.87,41.21,41.54,41.54,4402576
2012-07-31,41.8,42.13,41.46,41.8,41.8,5521878
2012-08-01,41.96,42.3,41.63,41.96,41.96,5313375
2012-08-02,41.62,41.96,41.29,41.62,41.62,3582462
2012-08-03,41.77,42.11,41.44,41.77,41.77,6045439
2012-08-06,42.36,42.69,42.02,42.36,42.36,2739276
2012-08-07,42.44,42.78,42.1,42.44,42.44,5948763
2012-08-08,42.52,42.86,42.18,42.52,42.52,4953922
2012-08-09,43.08,43.43,42.74,43.08,43.08,9464172
2012-08-10,43.04,43.39,42.7,43.04,43.04,4423465
2012-08-13,42.51,42.85,42.17,42.51,42.51,6760321
2012-08-14,42.39,42.73,42.05,42.39,42.39,4435140
2012-08-15,43.02,43.37,42.68,43.02,43.02,6971428
2012-08-16,43.91,44.27,43.56,43.91,43.91,8978779
2012-08-17,45.22,45.58,44.86,45.22,45.22,7371963
2012-08-20,45.39,45.76,45.03,45.39,45.39,6386121
2012-08-21,45.65,46.02,45.29,45.65,45.65,5700686
2012-08-22,46.25,46.62,45.88,46.25,46.25,5465987
2012-08-23,45.7,46.07,45.33,45.7,45.7,5029962
2012-08-24,45.17,45.53,44.8,45.17,45.17,6266921
2012-08-27,45.9,46.27,45.54,45.9,45.9,1799247
2012-08-28,45.86,46.23,45.49,45.86,45.86,4252953
2012-08-29,45.6,45.96,45.23,45.6,45.6,4643069
2012-08-30,44.86,45.22,44.5,44.86,44.86,2720766
2012-08-31,45.25,45.61,44.89,45.25,45.25,5351669
2012-09-03,46.39,46.76,46.02,46.39,46.39,4999829
2012-09-04,46.38,46.76,46.01,46.38,46.38,5820007
2012-09-05,46.81,47.19,46.44,46.81,46.81,3355829
2012-09-06,46.5,46.87,46.13,46.5,46.5,9750755
2012-09-07,45.58,45.95,45.22,45.58,45.58,2589787
2012-09-10,45.38,45.74,45.01,45.38,45.38,3110840
2012-09-11,45.34,45.7,44.98,45.34,45.34,4127654
2012-09-12,45.7,46.07,45.34,45.7,45.7,4802973
2012-09-13,46.17,46.54,45.8,46.17,46.17,5168884
2012-09-14,45.99,46.36,45.62,45.99,45.99,4823410
2012-09-17,47.34,47.71,46.96,47.34,47.34,5036939
2012-09-18,47.54,47.92,47.16,47.54,47.54,6481012
2012-09-19,48.06,48.44,47.67,48.06,48.06,8888770
2012-09-20,48.65,49.04,48.26,48.65,48.65,4604750
2012-09-21,49.92,50.31,49.52,49.92,49.92,5609339
2012-09-24,50.76,51.17,50.36,50.76,50.76,4874847
2012-09-25,51.15,51.56,50.74,51.15,51.15,5916018
2012-09-26,52.07,52.49,51.66,52.07,52.07,6342396
2012-09-27,52.1,52.52,51.68,52.1,52.1,8206712
2012-09-28,51.29,51.7,50.88,51.29,51.29,4964952
2012-10-01,51.05,51.45,50.64,51.05,51.05,7182094
2012-10-02,51.27,51.68,50.86,51.27,51.27,5138086
2012-10-03,51.11,51.51,50.7,51.11,51.11,5709964
2012-10-04,52.0,52.41,51.58,52.0,52.0,4472719
2012-10-05,51.1,51.51,50.69,51.1,51.1,6538607
2012-10-08,51.25,51.66,50.84,51.25,51.25,5877744
2012-10-09,51.48,51.9,51.07,51.48,51.48,4123528
2012-10-10,49.82,50.21,49.42,49.82,49.82,9102069
2012-10-11,50.44,50.85,50.04,50.44,50.44,8976249
2012-10-12,49.81,50.21,49.41,49.81,49.81,7551689
2012-10-15,49.08,49.48,48.69,49.08,49.08,8946783
2012-10-16,49.37,49.76,48.97,49.37,49.37,6398669
2012-10-17,48.38,48.77,48.0,48.38,48.38,7635631
2012-10-18,47.39,47.77,47.01,47.39,47.39,4601958
2012-10-19,47.16,47.54,46.79,47.16,47.16,5830094
2012-10-22,47.11,47.49,46.73,47.11,47.11,4124323
2012-10-23,46.28,46.65,45.91,46.28,46.28,3166029
2012-10-24,46.16,46.53,45.79,46.16,46.16,6076018
2012-10-25,45.65,46.01,45.28,45.65,45.65,6512375
2012-10-26,45.38,45.75,45.02,45.38,45.38,4822504
2012-10-29,45.54,45.9,45.17,45.54,45.54,7687923
2012-10-30,44.67,45.03,44.32,44.67,44.67,6344069
2012-10-31,45.37,45.73,45.01,45.37,45.37,4217653
2012-11-01,44.91,45.27,44.55,44.91,44.91,3094838
2012-11-02,46.0,46.37,45.64,46.0,46.0,8153049
2012-11-05,46.81,47.19,46.44,46.81,46.81,4358750
2012-11-06,46.52,46.9,46.15,46.52,46.52,3994867
2012-11-07,47.41,47.79,47.03,47.41,47.41,7666546
2012-11-08,46.97,47.34,46.59,46.97,46.97,8345261
2012-11-09,46.57,46.94,46.2,46.57,46.57,6550102
2012-11-12,46.5,46.87,46.13,46.5,46.5,6420762
2012-11-13,46.13,46.5,45.76,46.13,46.13,2017493
2012-11-14,46.75,47.12,46.37,46.75,46.75,6730398
2012-11-15,46.22,46.59,45.85,46.22,46.22,17781717
2012-11-16,46.6,46.97,46.22,46.6,46.6,6059821
2012-11-19,45.7,46.07,45.33,45.7,45.7,12847162
2012-11-20,45.78,46.15,45.41,45.78,45.78,6534658
2012-11-21,46.51,46.88,46.14,46.51,46.51,4455299
2012-11-22,45.87,46.24,45.5,45.87,45.87,3099390
2012-11-23,45.82,46.19,45.45,45.82,45.82,6747139
2012-11-26,44.88,45.24,44.52,44.88,44.88,6389328
2012-11-27,44.73,45.09,44.37,44.73,44.73,3395406
2012-11-28,44.86,45.22,44.5,44.86,44.86,6749860
2012-11-29,44.73,45.09,44.37,44.73,44.73,10762356
2012-11-30,45.27,45.63,44.91,45.27,45.27,3845471
2012-12-03,45.1,45.46,44.74,45.1,45.1,3853688
2012-12-04,45.89,46.25,45.52,45.89,45.89,8730024
2012-12-05,45.47,45.84,45.11,45.47,45.47,2620843
2012-12-06,45.46,45.82,45.1,45.46,45.46,10939167
2012-12-07,45.05,45.41,44.69,45.05,45.05,4267146
2012-12-10,45.34,45.7,44.98,45.34,45.34,2410625
2012-12-11,44.98,45.34,44.62,44.98,44.98,5394719
2012-12-12,45.9,46.26,45.53,45.9,45.9,5643177
2012-12-13,44.91,45.27,44.55,44.91,44.91,9727598
2012-12-14,45.96,46.33,45.59,45.96,45.96,4555847
2012-12-17,45.01,45.37,44.65,45.01,45.01,8427527
2012-12-18,46.01,46.38,45.65,46.01,46.01,4449884
2012-12-19,46.14,46.51,45.77,46.14,46.14,9848139
2012-12-20,46.31,46.68,45.94,46.31,46.31,5322425
2012-12-21,46.66,47.03,46.29,46.66,46.66,4534762
2012-12-24,47.34,47.72,46.96,47.34,47.34,5081185
2012-12-25,47.03,47.41,46.65,47.03,47.03,4007395
2012-12-26,47.41,47.79,47.03,47.41,47.41,4964310
2012-12-27,49.29,49.68,48.9,49.29,49.29,4691913
2012-12-28,50.33,50.74,49.93,50.33,50.33,6333859
2012-12-31,50.17,50.57,49.77,50.17,50.17,4262374
2013-01-01,50.5,50.9,50.09,50.5,50.5,5814540
2013-01-02,50.86,51.27,50.45,50.86,50.86,3857724
2013-01-03,53.41,53.83,52.98,53.41,53.41,7696484
2013-01-04,53.55,53.98,53.12,53.55,53.55,4455455
2013-01-07,54.07,54.5,53.63,54.07,54.07,3123715
2013-01-08,55.0,55.44,54.56,55.0,55.0,3983613
2013-01-09,54.58,55.02,54.15,54.58,54.58,7036657
2013-01-10,54.84,55.28,54.4,54.84,54.84,6252384
2013-01-11,55.64,56.09,55.2,55.64,55.64,5928795
2013-01-14,54.3,54.73,53.86,54.3,54.3,4626580
2013-01-15,54.07,54.5,53.63,54.07,54.07,3754151
2013-01-16,53.63,54.06,53.2,53.63,53.63,10122025
2013-01-17,54.43,54.86,53.99,54.43,54.43,4081401
2013-01-18,55.02,55.46,54.58,55.02,55.02,4456148
2013-01-21,56.65,57.11,56.2,56.65,56.65,4716253
2013-01-22,55.76,56.21,55.31,55.76,55.76,8077506
2013-01-23,55.64,56.08,55.19,55.64,55.64,3365830
2013-01-24,55.39,55.83,54.95,55.39,55.39,12361253
2013-01-25,55.88,56.33,55.44,55.88,55.88,4108066
2013-01-28,56.32,56.77,55.87,56.32,56.32,3681567
2013-01-29,57.2,57.66,56.74,57.2,57.2,8029895
2013-01-30,56.74,57.19,56.28,56.74,56.74,4252488
2013-01-31,57.69,58.16,57.23,57.69,57.69,4714222
2013-02-01,57.41,57.86,56.95,57.41,57.41,6086639
2013-02-04,57.82,58.29,57.36,57.82,57.82,6961743
2013-02-05,56.22,56.67,55.77,56.22,56.22,4093354
2013-02-06,57.05,57.51,56.6,57.05,57.05,8277294
2013-02-07,57.86,58.32,57.39,57.86,57.86,12847775
2013-02-08,57.43,57.89,56.97,57.43,57.43,3325236
2013-02-11,57.58,58.04,57.12,57.58,57.58,6319350
2013-02-12,56.45,56.91,56.0,56.45,56.45,3381998
2013-02-13,57.33,57.79,56.87,57.33,57.33,5508083
2013-02-14,56.88,57.34,56.43,56.88,56.88,6818679
2013-02-15,56.24,56.69,55.79,56.24,56.24,2763121
2013-02-18,56.48,56.93,56.03,56.48,56.48,13592069
2013-02-19,56.63,57.08,56.17,56.63,56.63,5132102
2013-02-20,57.38,57.83,56.92,57.38,57.38,4157250
2013-02-21,57.82,58.28,57.36,57.82,57.82,11409422
2013-02-22,59.11,59.58,58.64,59.11,59.11,7841017
2013-02-25,57.24,57.7,56.78,57.24,57.24,5643402
2013-02-26,57.9,58.36,57.43,57.9,57.9,7156975
2013-02-27,59.68,60.15,59.2,59.68,59.68,5905238
2013-02-28,59.13,59.6,58.66,59.13,59.13,7067081
2013-03-01,58.06,58.52,57.6,58.06,58.06,5098930
2013-03-04,59.12,59.6,58.65,59.12,59.12,5874464
2013-03-05,59.61,60.09,59.13,59.61,59.61,5879993
2013-03-06,59.14,59.61,58.67,59.14,59.14,5147617
2013-03-07,58.5,58.97,58.03,58.5,58.5,8031548
2013-03-08,56.83,57.28,56.38,56.83,56.83,5642503
2013-03-11,57.05,57.51,56.59,57.05,57.05,4344980
2013-03-12,57.68,58.15,57.22,57.68,57.68,4658484
2013-03-13,57.13,57.58,56.67,57.13,57.13,7087083
2013-03-14,56.36,56.81,55.91,56.36,56.36,6300850
2013-03-15,56.12,56.57,55.67,56.12,56.12,5078896
2013-03-18,55.91,56.36,55.46,55.91,55.91,3862541
2013-03-19,55.72,56.17,55.28,55.72,55.72,13120504
2013-03-20,55.23,55.68,54.79,55.23,55.23,7256114
2013-03-21,54.73,55.16,54.29,54.73,54.73,4132675
2013-03-22,53.18,53.6,52.75,53.18,53.18,5242056
2013-03-25,54.13,54.57,53.7,54.13,54.13,6400966
2013-03-26,54.3,54.73,53.86,54.3,54.3,8117716
2013-03-27,54.08,54.51,53.65,54.08,54.08,8924617
2013-03-28,54.19,54.62,53.76,54.19,54.19,5099527
2013-03-29,54.33,54.76,53.89,54.33,54.33,6835157
2013-04-01,52.73,53.15,52.31,52.73,52.73,2645935
2013-04-02,52.13,52.55,51.71,52.13,52.13,3839203
2013-04-03,52.92,53.35,52.5,52.92,52.92,5864863
2013-04-04,53.75,54.18,53.32,53.75,53.75,3299553
2013-04-05,54.66,55.1,54.23,54.66,54.66,5258670
2013-04-08,54.85,55.28,54.41,54.85,54.85,5626655
2013-04-09,55.21,55.66,54.77,55.21,55.21,3832608
2013-04-10,56.01,56.46,55.56,56.01,56.01,6200315
2013-04-11,55.36,55.8,54.92,55.36,55.36,3922799
2013-04-12,55.36,55.8,54.92,55.36,55.36,4316020
2013-04-15,56.71,57.16,56.25,56.71,56.71,8706901
2013-04-16,55.24,55.69,54.8,55.24,55.24,5929079
2013-04-17,55.44,55.89,55.0,55.44,55.44,8654450
2013-04-18,55.08,55.52,54.64,55.08,55.08,4559472
2013-04-19,54.41,54.84,53.97,54.41,54.41,2639324
2013-04-22,53.51,53.94,53.09,53.51,53.51,5529816
2013-04-23,53.54,53.97,53.11,53.54,53.54,7636328
2013-04-24,53.82,54.25,53.39,53.82,53.82,3258353
2013-04-25,53.04,53.46,52.61,53.04,53.04,3053396
2013-04-26,52.14,52.55,51.72,52.14,52.14,4638225
2013-04-29,51.25,51.66,50.84,51.25,51.25,5314486
2013-04-30,52.0,52.41,51.58,52.0,52.0,5353868
2013-05-01,51.73,52.15,51.32,51.73,51.73,4157859
2013-05-02,52.05,52.47,51.64,52.05,52.05,10146815
2013-05-03,51.5,51.91,51.08,51.5,51.5,10160058
2013-05-06,52.04,52.46,51.63,52.04,52.04,8445824
2013-05-07,52.81,53.23,52.38,52.81,52.81,5253775
2013-05-08,50.8,51.21,50.4,50.8,50.8,3654565
2013-05-09,51.03,51.44,50.62,51.03,51.03,5502164
2013-05-10,51.35,51.76,50.94,51.35,51.35,4465893
2013-05-13,50.99,51.39,50.58,50.99,50.99,8349615
2013-05-14,51.07,51.47,50.66,51.07,51.07,7748625
2013-05-15,52.62,53.04,52.19,52.62,52.62,5928815
2013-05-16,51.75,52.17,51.34,51.75,51.75,7553102
2013-05-17,52.78,53.2,52.36,52.78,52.78,6680918
2013-05-20,53.65,54.08,53.22,53.65,53.65,6327818
2013-05-21,54.32,54.76,53.89,54.32,54.32,7166388
2013-05-22,55.32,55.77,54.88,55.32,55.32,5693467
2013-05-23,57.23,57.69,56.78,57.23,57.23,7640215
2013-05-24,58.45,58.92,57.98,58.45,58.45,5296796
2013-05-27,58.17,58.63,57.7,58.17,58.17,5088558
2013-05-28,57.29,57.75,56.83,57.29,57.29,8010368
2013-05-29,59.26,59.74,58.79,59.26,59.26,7205398
2013-05-30,58.6,59.07,58.13,58.6,58.6,6372397
2013-05-31,59.3,59.77,58.83,59.3,59.3,7839282
2013-06-03,59.55,60.02,59.07,59.55,59.55,9197653
2013-06-04,59.41,59.89,58.94,59.41,59.41,3149893
2013-06-05,60.36,60.85,59.88,60.36,60.36,4138417
2013-06-06,60.41,60.89,59.92,60.41,60.41,3899528
2013-06-07,59.85,60.33,59.38,59.85,59.85,4671312
2013-06-10,59.2,59.67,58.73,59.2,59.2,6397795
2013-06-11,59.67,60.15,59.2,59.67,59.67,4774601
2013-06-12,59.63,60.11,59.15,59.63,59.63,5759768
2013-06-13,58.93,59.4,58.46,58.93,58.93,8685436
2013-06-14,59.36,59.83,58.88,59.36,59.36,4997986
2013-06-17,60.6,61.08,60.11,60.6,60.6,9649640
2013-06-18,60.28,60.77,59.8,60.28,60.28,12402485
2013-06-19,59.73,60.21,59.26,59.73,59.73,2365260
2013-06-20,60.3,60.79,59.82,60.3,60.3,2390573
2013-06-21,60.85,61.34,60.36,60.85,60.85,7074925
2013-06-24,60.34,60.82,59.86,60.34,60.34,11101043
2013-06-25,60.23,60.71,59.75,60.23,60.23,3915154
2013-06-26,58.91,59.38,58.44,58.91,58.91,3898252
2013-06-27,60.07,60.55,59.59,60.07,60.07,4584463
2013-06-28,58.89,59.36,58.42,58.89,58.89,4108991
2013-07-01,58.9,59.37,58.43,58.9,58.9,7695531
2013-07-02,58.48,58.95,58.01,58.48,58.48,6984067
2013-07-03,59.6,60.08,59.12,59.6,59.6,6732296
2013-07-04,60.58,61.07,60.1,60.58,60.58,3441291
2013-07-05,60.97,61.46,60.48,60.97,60.97,7893441
2013-07-08,60.93,61.42,60.45,60.93,60.93,3915481
2013-07-09,59.99,60.47,59.51,59.99,59.99,4198833
2013-07-10,62.05,62.55,61.55,62.05,62.05,7437748
2013-07-11,62.08,62.57,61.58,62.08,62.08,3702977
2013-07-12,63.4,63.91,62.89,63.4,63.4,5140584
2013-07-15,63.5,64.01,62.99,63.5,63.5,8609424
2013-07-16,63.05,63.56,62.55,63.05,63.05,6389830
2013-07-17,61.69,62.18,61.2,61.69,61.69,5828692
2013-07-18,60.72,61.2,60.23,60.72,60.72,5125917
2013-07-19,60.09,60.57,59.61,60.09,60.09,6772152
2013-07-22,59.44,59.92,58.97,59.44,59.44,2385244
2013-07-23,59.55,60.03,59.07,59.55,59.55,7389797
2013-07-24,58.99,59.46,58.52,58.99,58.99,6790099
2013-07-25,59.1,59.57,58.63,59.1,59.1,3636168
2013-07-26,60.5,60.99,60.02,60.5,60.5,5374111
2013-07-29,61.1,61.59,60.62,61.1,61.1,6387492
2013-07-30,61.59,62.08,61.1,61.59,61.59,14472613
2013-07-31,63.05,63.55,62.55,63.05,63.05,3929452
2013-08-01,62.46,62.96,61.97,62.46,62.46,5911843
2013-08-02,63.64,64.15,63.13,63.64,63.64,2701283
2013-08-05,62.94,63.44,62.44,62.94,62.94,4920295
2013-08-06,63.17,63.67,62.66,63.17,63.17,6279677
2013-08-07,62.32,62.82,61.82,62.32,62.32,4262280
2013-08-08,62.38,62.88,61.88,62.38,62.38,7501303
2013-08-09,60.2,60.68,59.72,60.2,60.2,7081725
2013-08-12,60.39,60.87,59.9,60.39,60.39,9357328
2013-08-13,60.84,61.32,60.35,60.84,60.84,3584227
2013-08-14,60.2,60.68,59.72,60.2,60.2,5806821
2013-08-15,58.99,59.47,58.52,58.99,58.99,8048289
2013-08-16,59.2,59.67,58.72,59.2,59.2,3499735
2013-08-19,59.13,59.6,58.65,59.13,59.13,2043090
2013-08-20,60.39,60.87,59.9,60.39,60.39,4477698
2013-08-21,60.95,61.44,60.47,60.95,60.95,2752614
2013-08-22,60.95,61.44,60.47,60.95,60.95,6876671
2013-08-23,59.76,60.24,59.28,59.76,59.76,5051674
2013-08-26,60.37,60.85,59.89,60.37,60.37,6326650
2013-08-27,58.37,58.84,57.9,58.37,58.37,5753671
2013-08-28,56.52,56.97,56.07,56.52,56.52,7469742
2013-08-29,56.93,57.38,56.47,56.93,56.93,6338738
2013-08-30,56.54,56.99,56.08,56.54,56.54,3377497
2013-09-02,56.98,57.44,56.53,56.98,56.98,2516427
2013-09-03,57.66,58.12,57.19,57.66,57.66,4171480
2013-09-04,58.44,58.91,57.98,58.44,58.44,7176035
2013-09-05,58.57,59.04,58.11,58.57,58.57,3768118
2013-09-06,59.21,59.69,58.74,59.21,59.21,3451893
2013-09-09,59.41,59.88,58.93,59.41,59.41,6700809
2013-09-10,59.49,59.96,59.01,59.49,59.49,3656357
2013-09-11,59.65,60.12,59.17,59.65,59.65,7328955
2013-09-12,60.34,60.82,59.86,60.34,60.34,5377054
2013-09-13,60.47,60.95,59.99,60.47,60.47,6575470
2013-09-16,59.91,60.39,59.43,59.91,59.91,4817767
2013-09-17,60.49,60.98,60.01,60.49,60.49,4304866
2013-09-18,60.01,60.49,59.53,60.01,60.01,5865995
2013-09-19,60.05,60.54,59.57,60.05,60.05,3860259
2013-09-20,61.43,61.92,60.93,61.43,61.43,8477446
2013-09-23,61.06,61.55,60.58,61.06,61.06,5611737
2013-09-24,59.08,59.55,58.61,59.08,59.08,6156288
2013-09-25,60.32,60.81,59.84,60.32,60.32,7080752
2013-09-26,60.5,60.98,60.01,60.5,60.5,3929752
2013-09-27,62.15,62.65,61.66,62.15,62.15,4390531
2013-09-30,61.55,62.04,61.06,61.55,61.55,3590055
2013-10-01,61.45,61.94,60.96,61.45,61.45,9168119
2013-10-02,60.37,60.86,59.89,60.37,60.37,1851810
2013-10-03,61.69,62.18,61.2,61.69,61.69,5943460
2013-10-04,61.84,62.33,61.34,61.84,61.84,4400924
2013-10-07,62.05,62.55,61.55,62.05,62.05,4805134
2013-10-08,63.23,63.73,62.72,63.23,63.23,7224957
2013-10-09,63.83,64.34,63.32,63.83,63.83,8339617
2013-10-10,64.82,65.34,64.3,64.82,64.82,5215642
2013-10-11,64.78,65.3,64.26,64.78,64.78,3387109
2013-10-14,63.43,63.94,62.93,63.43,63.43,5612700
2013-10-15,63.71,64.22,63.2,63.71,63.71,3743760
2013-10-16,64.8,65.32,64.29,64.8,64.8,5301480
2013-10-17,63.82,64.33,63.31,63.82,63.82,5449076
2013-10-18,64.55,65.06,64.03,64.55,64.55,5436649
2013-10-21,62.43,62.93,61.93,62.43,62.43,6922794
2013-10-22,62.53,63.03,62.03,62.53,62.53,4240411
2013-10-23,63.57,64.08,63.06,63.57,63.57,8668747
2013-10-24,61.95,62.45,61.46,61.95,61.95,5097056
2013-10-25,61.76,62.26,61.27,61.76,61.76,3841671
2013-10-28,62.42,62.92,61.92,62.42,62.42,7550705
2013-10-29,61.5,61.99,61.0,61.5,61.5,6227482
2013-10-30,62.02,62.52,61.53,62.02,62.02,4733393
2013-10-31,62.16,62.66,61.66,62.16,62.16,7588026
2013-11-01,60.93,61.42,60.45,60.93,60.93,4905851
2013-11-04,59.49,59.97,59.02,59.49,59.49,5482348
2013-11-05,59.4,59.87,58.92,59.4,59.4,8076922
2013-11-06,59.18,59.66,58.71,59.18,59.18,4237866
2013-11-07,58.36,58.82,57.89,58.36,58.36,10431642
2013-11-08,58.73,59.2,58.26,58.73,58.73,7102064
2013-11-11,59.96,60.44,59.48,59.96,59.96,4480780
2013-11-12,59.2,59.68,58.73,59.2,59.2,10878192
2013-11-13,59.8,60.28,59.32,59.8,59.8,4817225
2013-11-14,60.19,60.67,59.71,60.19,60.19,4265007
2013-11-15,60.4,60.88,59.91,60.4,60.4,7558929
2013-11-18,59.73,60.2,59.25,59.73,59.73,2529090
2013-11-19,60.51,60.99,60.02,60.51,60.51,3281376
2013-11-20,59.68,60.16,59.2,59.68,59.68,3685348
2013-11-21,60.59,61.08,60.11,60.59,60.59,4653389
2013-11-22,60.36,60.85,59.88,60.36,60.36,3823868
2013-11-25,59.95,60.43,59.47,59.95,59.95,5616619
2013-11-26,59.88,60.35,59.4,59.88,59.88,2324145
2013-11-27,61.12,61.6,60.63,61.12,61.12,3824546
2013-11-28,60.53,61.01,60.04,60.53,60.53,4234542
2013-11-29,60.17,60.65,59.69,60.17,60.17,5191869
2013-12-02,60.84,61.33,60.36,60.84,60.84,4818702
2013-12-03,60.62,61.1,60.13,60.62,60.62,5007683
2013-12-04,61.05,61.54,60.56,61.05,61.05,5829564
2013-12-05,60.12,60.6,59.64,60.12,60.12,7896091
2013-12-06,61.07,61.56,60.58,61.07,61.07,7268423
2013-12-09,62.71,63.21,62.21,62.71,62.71,5224139
2013-12-10,64.0,64.51,63.49,64.0,64.0,4583707
2013-12-11,62.5,63.0,62.0,62.5,62.5,7758358
2013-12-12,62.35,62.85,61.86,62.35,62.35,5649128
2013-12-13,61.87,62.36,61.37,61.87,61.87,6348721
2013-12-16,63.13,63.64,62.63,63.13,63.13,5582117
2013-12-17,63.3,63.8,62.79,63.3,63.3,7413870
2013-12-18,63.62,64.13,63.11,63.62,63.62,3820125
2013-12-19,62.02,62.52,61.52,62.02,62.02,4249160
2013-12-20,60.05,60.53,59.57,60.05,60.05,9377574
2013-12-23,60.36,60.84,59.88,60.36,60.36,2136143
2013-12-24,60.35,60.83,59.87,60.35,60.35,5868744
2013-12-25,60.64,61.13,60.16,60.64,60.64,6750326
2013-12-26,61.79,62.28,61.3,61.79,61.79,3131421
2013-12-27,61.99,62.49,61.5,61.99,61.99,7797075
2013-12-30,62.75,63.25,62.25,62.75,62.75,2611544
2013-12-31,62.72,63.22,62.22,62.72,62.72,4789696
2014-01-01,62.01,62.5,61.51,62.01,62.01,5095461
2014-01-02,61.34,61.83,60.85,61.34,61.34,2314502
2014-01-03,62.83,63.34,62.33,62.83,62.83,3491160
2014-01-06,63.85,64.37,63.34,63.85,63.85,4121266
2014-01-07,63.04,63.54,62.53,63.04,63.04,7071087
2014-01-08,62.26,62.76,61.76,62.26,62.26,7468085
2014-01-09,64.43,64.94,63.91,64.43,64.43,8952168
2014-01-10,65.32,65.84,64.8,65.32,65.32,10934897
2014-01-13,65.33,65.86,64.81,65.33,65.33,5603255
2014-01-14,65.52,66.05,65.0,65.52,65.52,7308241
2014-01-15,66.71,67.24,66.18,66.71,66.71,8760563
2014-01-16,66.62,67.15,66.09,66.62,66.62,3822697
2014-01-17,65.73,66.25,65.2,65.73,65.73,7310058
2014-01-20,66.04,66.57,65.51,66.04,66.04,2805752
2014-01-21,66.72,67.25,66.18,66.72,66.72,8058725
2014-01-22,65.67,66.19,65.14,65.67,65.67,5454316
2014-01-23,66.28,66.82,65.75,66.28,66.28,10224475
2014-01-24,68.09,68.63,67.54,68.09,68.09,4212179
2014-01-27,67.95,68.49,67.41,67.95,67.95,8021234
2014-01-28,67.79,68.33,67.25,67.79,67.79,5717089
2014-01-29,67.83,68.37,67.29,67.83,67.83,5723713
2014-01-30,69.22,69.78,68.67,69.22,69.22,4041846
2014-01-31,68.53,69.08,67.98,68.53,68.53,7418685
2014-02-03,68.38,68.92,67.83,68.38,68.38,4092127
2014-02-04,67.03,67.57,66.49,67.03,67.03,7990435
2014-02-05,68.2,68.74,67.65,68.2,68.2,4153927
2014-02-06,70.92,71.49,70.36,70.92,70.92,8312942
2014-02-07,70.29,70.85,69.73,70.29,70.29,2841049
2014-02-10,69.51,70.07,68.96,69.51,69.51,7139910
2014-02-11,71.21,71.78,70.65,71.21,71.21,24376582
2014-02-12,70.7,71.27,70.14,70.7,70.7,8841141
2014-02-13,71.92,72.49,71.34,71.92,71.92,10373894
2014-02-14,72.31,72.89,71.73,72.31,72.31,7097791
2014-02-17,74.14,74.73,73.55,74.14,74.14,6017651
2014-02-18,76.0,76.61,75.39,76.0,76.0,5546023
2014-02-19,73.85,74.44,73.26,73.85,73.85,5253392
2014-02-20,73.32,73.9,72.73,73.32,73.32,3343404
2014-02-21,74.17,74.77,73.58,74.17,74.17,5372587
2014-02-24,73.2,73.78,72.61,73.2,73.2,4725796
2014-02-25,73.44,74.03,72.86,73.44,73.44,3453926
2014-02-26,73.64,74.23,73.05,73.64,73.64,4722016
2014-02-27,73.23,73.82,72.65,73.23,73.23,9328266
2014-02-28,73.88,74.47,73.29,73.88,73.88,6189252
2014-03-03,74.01,74.6,73.41,74.01,74.01,2935207
2014-03-04,74.17,74.77,73.58,74.17,74.17,4083210
2014-03-05,76.46,77.07,75.85,76.46,76.46,5952059
2014-03-06,77.17,77.78,76.55,77.17,77.17,3721529
2014-03-07,76.73,77.34,76.11,76.73,76.73,7393291
2014-03-10,74.63,75.23,74.03,74.63,74.63,5363932
2014-03-11,72.66,73.25,72.08,72.66,72.66,6091435
2014-03-12,70.46,71.03,69.9,70.46,70.46,13757069
2014-03-13,70.87,71.44,70.31,70.87,70.87,3659458
2014-03-14,70.68,71.25,70.12,70.68,70.68,7519544
2014-03-17,67.78,68.32,67.24,67.78,67.78,4539888
2014-03-18,66.3,66.83,65.77,66.3,66.3,2681465
2014-03-19,65.97,66.5,65.44,65.97,65.97,4418922
2014-03-20,64.42,64.94,63.91,64.42,64.42,6249040
2014-03-21,64.07,64.58,63.56,64.07,64.07,5194005
2014-03-24,64.48,64.99,63.96,64.48,64.48,3507970
2014-03-25,63.72,64.23,63.21,63.72,63.72,10172801
2014-03-26,62.99,63.5,62.49,62.99,62.99,8011123
2014-03-27,63.96,64.48,63.45,63.96,63.96,4318977
2014-03-28,64.65,65.16,64.13,64.65,64.65,4276220
2014-03-31,64.67,65.19,64.15,64.67,64.67,6871978
2014-04-01,63.67,64.18,63.17,63.67,63.67,5671869
2014-04-02,63.3,63.81,62.79,63.3,63.3,6459774
2014-04-03,62.83,63.34,62.33,62.83,62.83,4201037
2014-04-04,64.45,64.96,63.93,64.45,64.45,7022007
2014-04-07,64.19,64.7,63.67,64.19,64.19,5803903
2014-04-08,64.8,65.32,64.28,64.8,64.8,4196966
2014-04-09,63.62,64.13,63.11,63.62,63.62,7509839
2014-04-10,64.52,65.04,64.01,64.52,64.52,4833299
2014-04-11,64.33,64.84,63.82,64.33,64.33,3980472
2014-04-14,64.16,64.68,63.65,64.16,64.16,5136777
2014-04-15,63.27,63.78,62.76,63.27,63.27,6037101
2014-04-16,65.53,66.05,65.0,65.53,65.53,5004125
2014-04-17,66.17,66.7,65.64,66.17,66.17,6840033
2014-04-18,65.77,66.3,65.25,65.77,65.77,2573006
2014-04-21,65.44,65.96,64.91,65.44,65.44,15024815
2014-04-22,64.54,65.05,64.02,64.54,64.54,15362501
2014-04-23,66.42,66.95,65.89,66.42,66.42,9044390
2014-04-24,64.93,65.45,64.41,64.93,64.93,5151173
2014-04-25,64.66,65.17,64.14,64.66,64.66,4900305
2014-04-28,65.33,65.85,64.81,65.33,65.33,13080022
2014-04-29,66.24,66.77,65.71,66.24,66.24,12046049
2014-04-30,65.8,66.33,65.28,65.8,65.8,4813982
2014-05-01,66.45,66.98,65.92,66.45,66.45,4587765
2014-05-02,66.02,66.55,65.49,66.02,66.02,4853140
2014-05-05,66.94,67.48,66.41,66.94,66.94,4767495
2014-05-06,67.15,67.69,66.62,67.15,67.15,3773979
2014-05-07,67.81,68.35,67.27,67.81,67.81,6239198
2014-05-08,68.8,69.35,68.25,68.8,68.8,2225291
2014-05-09,68.83,69.38,68.28,68.83,68.83,5044238
2014-05-12,67.24,67.78,66.7,67.24,67.24,6666154
2014-05-13,67.03,67.56,66.49,67.03,67.03,7870520
2014-05-14,66.13,66.66,65.6,66.13,66.13,4974499
2014-05-15,67.01,67.55,66.48,67.01,67.01,5002327
2014-05-16,66.59,67.12,66.06,66.59,66.59,5307779
2014-05-19,67.25,67.79,66.71,67.25,67.25,3253375
2014-05-20,65.96,66.49,65.43,65.96,65.96,6079728
2014-05-21,66.2,66.73,65.67,66.2,66.2,5704727
2014-05-22,66.43,66.96,65.9,66.43,66.43,4309283
2014-05-23,67.97,68.52,67.43,67.97,67.97,6060726
2014-05-26,67.12,67.65,66.58,67.12,67.12,4128370
2014-05-27,67.62,68.16,67.08,67.62,67.62,5878319
2014-05-28,69.39,69.94,68.83,69.39,69.39,4199083
2014-05-29,69.6,70.15,69.04,69.6,69.6,6741540
2014-05-30,71.51,72.08,70.94,71.51,71.51,4807895
2014-06-02,70.31,70.87,69.75,70.31,70.31,2903929
2014-06-03,70.06,70.62,69.5,70.06,70.06,3851092
2014-06-04,71.27,71.84,70.7,71.27,71.27,7247668
2014-06-05,71.58,72.16,71.01,71.58,71.58,4246478
2014-06-06,71.5,72.07,70.93,71.5,71.5,5728261
2014-06-09,72.52,73.1,71.94,72.52,72.52,4067152
2014-06-10,71.83,72.41,71.26,71.83,71.83,12561474
2014-06-11,70.9,71.46,70.33,70.9,70.9,8149229
2014-06-12,70.97,71.54,70.41,70.97,70.97,11445629
2014-06-13,73.09,73.67,72.5,73.09,73.09,4089801
2014-06-16,75.06,75.66,74.46,75.06,75.06,3961471
2014-06-17,74.22,74.82,73.63,74.22,74.22,4913189
2014-06-18,74.43,75.03,73.84,74.43,74.43,3903332
2014-06-19,75.95,76.56,75.35,75.95,75.95,3636916
2014-06-20,78.18,78.8,77.55,78.18,78.18,3440771
2014-06-23,79.34,79.97,78.7,79.34,79.34,6213943
2014-06-24,79.88,80.52,79.25,79.88,79.88,9135952
2014-06-25,81.01,81.66,80.36,81.01,81.01,5931061
2014-06-26,82.21,82.87,81.55,82.21,82.21,11644929
2014-06-27,81.87,82.53,81.22,81.87,81.87,5579880
2014-06-30,81.17,81.82,80.52,81.17,81.17,4778114
2014-07-01,81.14,81.79,80.49,81.14,81.14,6241456
2014-07-02,80.55,81.19,79.9,80.55,80.55,5832927
2014-07-03,81.37,82.02,80.72,81.37,81.37,5102565
2014-07-04,82.33,82.99,81.67,82.33,82.33,8748104
2014-07-07,82.36,83.02,81.7,82.36,82.36,4735262
2014-07-08,81.63,82.28,80.98,81.63,81.63,8009388
2014-07-09,82.33,82.99,81.67,82.33,82.33,8947985
2014-07-10,83.05,83.71,82.38,83.05,83.05,6106093
2014-07-11,83.52,84.19,82.85,83.52,83.52,5210877
2014-07-14,82.87,83.54,82.21,82.87,82.87,2559878
2014-07-15,82.91,83.58,82.25,82.91,82.91,10668654
2014-07-16,81.87,82.53,81.22,81.87,81.87,3710097
2014-07-17,81.42,82.07,80.77,81.42,81.42,1555844
2014-07-18,80.8,81.45,80.16,80.8,80.8,3044593
2014-07-21,82.38,83.04,81.72,82.38,82.38,2806017
2014-07-22,81.2,81.85,80.55,81.2,81.2,3606706
2014-07-23,80.6,81.24,79.95,80.6,80.6,4190411
2014-07-24,82.63,83.29,81.97,82.63,82.63,5889132
2014-07-25,84.33,85.01,83.66,84.33,84.33,6448156
2014-07-28,83.79,84.46,83.12,83.79,83.79,4325440
2014-07-29,83.9,84.57,83.23,83.9,83.9,5423567
2014-07-30,84.41,85.09,83.74,84.41,84.41,6403626
2014-07-31,85.24,85.92,84.56,85.24,85.24,5969076
2014-08-01,85.6,86.28,84.92,85.6,85.6,4519455
2014-08-04,88.13,88.83,87.42,88.13,88.13,6621872
2014-08-05,86.82,87.51,86.12,86.82,86.82,6468195
2014-08-06,87.96,88.67,87.26,87.96,87.96,9623330
2014-08-07,86.18,86.87,85.49,86.18,86.18,3042333
2014-08-08,85.39,86.07,84.71,85.39,85.39,4715329
2014-08-11,83.33,84.0,82.66,83.33,83.33,8149200
2014-08-12,84.67,85.35,83.99,84.67,84.67,7638148
2014-08-13,85.63,86.31,84.94,85.63,85.63,3503721
2014-08-14,84.88,85.56,84.21,84.88,84.88,4126784
2014-08-15,85.07,85.75,84.39,85.07,85.07,4158692
2014-08-18,85.29,85.97,84.61,85.29,85.29,4972720
2014-08-19,85.33,86.01,84.64,85.33,85.33,6855144
2014-08-20,85.27,85.95,84.59,85.27,85.27,5145655
2014-08-21,85.82,86.5,85.13,85.82,85.82,1878779
2014-08-22,85.77,86.45,85.08,85.77,85.77,9996736
2014-08-25,85.9,86.59,85.21,85.9,85.9,5914766
2014-08-26,86.62,87.31,85.93,86.62,86.62,5519703
2014-08-27,86.61,87.31,85.92,86.61,86.61,7079490
2014-08-28,86.18,86.87,85.49,86.18,86.18,5610945
2014-08-29,85.94,86.62,85.25,85.94,85.94,3953004
2014-09-01,87.5,88.2,86.8,87.5,87.5,4254479
2014-09-02,86.56,87.25,85.87,86.56,86.56,3343741
2014-09-03,86.88,87.57,86.18,86.88,86.88,3488949
2014-09-04,88.92,89.64,88.21,88.92,88.92,7204595
2014-09-05,89.67,90.39,88.95,89.67,89.67,5427160
2014-09-08,90.41,91.13,89.69,90.41,90.41,8646450
2014-09-09,88.88,89.59,88.17,88.88,88.88,2681319
2014-09-10,87.01,87.71,86.31,87.01,87.01,5233197
2014-09-11,88.9,89.61,88.19,88.9,88.9,2818343
2014-09-12,88.07,88.77,87.37,88.07,88.07,3931200
2014-09-15,86.56,87.26,85.87,86.56,86.56,10874121
2014-09-16,84.9,85.58,84.22,84.9,84.9,3848886
2014-09-17,83.46,84.12,82.79,83.46,83.46,3843655
2014-09-18,82.61,83.27,81.95,82.61,82.61,7205462
2014-09-19,80.89,81.54,80.24,80.89,80.89,3911834
2014-09-22,83.0,83.67,82.34,83.0,83.0,6491271
2014-09-23,83.14,83.8,82.47,83.14,83.14,5169665
2014-09-24,86.02,86.71,85.33,86.02,86.02,11591949
2014-09-25,86.74,87.43,86.04,86.74,86.74,5778224
2014-09-26,86.55,87.25,85.86,86.55,86.55,6704128
2014-09-29,84.92,85.6,84.24,84.92,84.92,11146114
2014-09-30,84.77,85.45,84.09,84.77,84.77,4538747
2014-10-01,86.24,86.93,85.55,86.24,86.24,7964384
2014-10-02,85.83,86.51,85.14,85.83,85.83,4508831
2014-10-03,85.72,86.4,85.03,85.72,85.72,4800012
2014-10-06,85.68,86.36,84.99,85.68,85.68,12302773
2014-10-07,87.05,87.74,86.35,87.05,87.05,5391555
2014-10-08,86.6,87.29,85.9,86.6,86.6,7230960
2014-10-09,87.66,88.36,86.96,87.66,87.66,4636780
2014-10-10,87.94,88.65,87.24,87.94,87.94,8806751
2014-10-13,88.15,88.85,87.44,88.15,88.15,7917679
2014-10-14,86.34,87.03,85.64,86.34,86.34,4540419
2014-10-15,84.93,85.61,84.25,84.93,84.93,5480993
2014-10-16,84.46,85.13,83.78,84.46,84.46,4700381
2014-10-17,85.99,86.68,85.3,85.99,85.99,6147853
2014-10-20,84.75,85.42,84.07,84.75,84.75,4391826
2014-10-21,83.86,84.53,83.19,83.86,83.86,12776433
2014-10-22,85.59,86.28,84.91,85.59,85.59,3203591
2014-10-23,85.18,85.87,84.5,85.18,85.18,8134410
2014-10-24,85.78,86.46,85.09,85.78,85.78,3533119
2014-10-27,84.67,85.35,84.0,84.67,84.67,3190845
2014-10-28,84.69,85.36,84.01,84.69,84.69,5528281
2014-10-29,85.88,86.57,85.19,85.88,85.88,6080099
2014-10-30,85.56,86.25,84.88,85.56,85.56,5885339
2014-10-31,83.51,84.18,82.84,83.51,83.51,8055904
2014-11-03,83.86,84.53,83.19,83.86,83.86,8604044
2014-11-04,84.24,84.91,83.57,84.24,84.24,3403495
2014-11-05,84.36,85.04,83.69,84.36,84.36,8979269
2014-11-06,83.31,83.98,82.65,83.31,83.31,5320687
2014-11-07,84.88,85.56,84.2,84.88,84.88,7313103
2014-11-10,83.85,84.52,83.18,83.85,83.85,2339151
2014-11-11,84.63,85.3,83.95,84.63,84.63,6967720
2014-11-12,87.17,87.87,86.48,87.17,87.17,3852989
2014-11-13,84.37,85.04,83.69,84.37,84.37,2505463
2014-11-14,84.02,84.7,83.35,84.02,84.02,8351450
2014-11-17,82.64,83.3,81.97,82.64,82.64,3822413
2014-11-18,82.91,83.57,82.24,82.91,82.91,4800451
2014-11-19,83.91,84.58,83.24,83.91,83.91,4386291
2014-11-20,83.73,84.4,83.06,83.73,83.73,5582464
2014-11-21,84.64,85.31,83.96,84.64,84.64,6925803
2014-11-24,84.6,85.27,83.92,84.6,84.6,5310934
2014-11-25,82.7,83.37,82.04,82.7,82.7,5670862
2014-11-26,82.06,82.71,81.4,82.06,82.06,2800961
2014-11-27,83.93,84.6,83.26,83.93,83.93,2561290
2014-11-28,85.23,85.91,84.55,85.23,85.23,9101508
2014-12-01,86.96,87.66,86.26,86.96,86.96,4832275
2014-12-02,87.52,88.22,86.82,87.52,87.52,5769880
2014-12-03,86.76,87.45,86.06,86.76,86.76,11009327
2014-12-04,89.69,90.41,88.97,89.69,89.69,6254758
2014-12-05,91.15,91.87,90.42,91.15,91.15,4060934
2014-12-08,91.55,92.28,90.82,91.55,91.55,4882480
2014-12-09,90.52,91.25,89.8,90.52,90.52,8139757
2014-12-10,90.52,91.24,89.8,90.52,90.52,5132274
2014-12-11,90.53,91.25,89.81,90.53,90.53,3401497
2014-12-12,91.81,92.54,91.07,91.81,91.81,4179420
2014-12-15,91.17,91.9,90.44,91.17,91.17,4908090
2014-12-16,90.54,91.26,89.81,90.54,90.54,6273635
2014-12-17,90.14,90.86,89.42,90.14,90.14,7762248
2014-12-18,89.93,90.65,89.21,89.93,89.93,8697217
2014-12-19,90.67,91.4,89.95,90.67,90.67,6037722
2014-12-22,90.6,91.32,89.87,90.6,90.6,13723458
2014-12-23,90.03,90.75,89.31,90.03,90.03,3131418
2014-12-24,90.15,90.87,89.43,90.15,90.15,7202643
2014-12-25,91.2,91.93,90.47,91.2,91.2,2648460
2014-12-26,89.55,90.27,88.83,89.55,89.55,8494069
2014-12-29,87.75,88.45,87.05,87.75,87.75,6393557
2014-12-30,86.98,87.68,86.29,86.98,86.98,13935597
2014-12-31,85.82,86.5,85.13,85.82,85.82,2949719
2015-01-01,85.3,85.98,84.62,85.3,85.3,2664774
2015-01-02,86.68000030517578,87.36000061035156,84.91999816894531,85.68000030517578,79.71467590332031,4505800
2015-01-05,85.29000091552734,85.3499984741211,83.05000305175781,83.2699966430664,77.47247314453125,6441400
2015-01-06,83.66000366210938,83.77999877929688,81.80000305175781,83.08999633789062,77.30499267578125,7690000
2015-01-07,84.0999984741211,84.27999877929688,83.06999969482422,84.22000122070312,78.50750732421875,5846800
2015-01-08,85.19000244140625,85.62000274658203,85.02999877929688,85.52999877929688,79.7286605834961,5174200
2015-01-09,85.97000122070312,86.0,84.4000015258789,84.44000244140625,78.71260833740234,4582200
2015-01-12,84.41000366210938,84.8499984741211,82.91000366210938,83.36000061035156,77.70582580566406,4030100
2015-01-13,84.08999633789062,85.23999786376953,82.73999786376953,83.55000305175781,77.8829574584961,4222100
2015-01-14,82.0,83.4800033569336,81.83999633789062,83.45999908447266,77.7990493774414,5084300
2015-01-15,83.80000305175781,84.12999725341797,82.18000030517578,82.25,76.67113494873047,4331500
2015-01-16,82.05000305175781,83.86000061035156,81.83000183105469,83.80000305175781,78.1159896850586,4763700
2015-01-20,84.38999938964844,84.88999938964844,83.19000244140625,84.26000213623047,78.5448226928711,3540600
2015-01-21,83.77999877929688,84.3499984741211,83.30000305175781,83.72000122070312,78.04142761230469,3598400
2015-01-22,83.36000061035156,84.52999877929688,82.5,84.37999725341797,78.65666198730469,4796200
2015-01-23,84.27999877929688,84.83000183105469,83.80000305175781,84.38999938964844,78.66596984863281,5012200
2015-01-26,84.30000305175781,84.69999694824219,82.87000274658203,83.5999984741211,77.92955780029297,5440400
2015-01-27,82.61000061035156,82.80999755859375,80.95999908447266,81.7699966430664,76.22368621826172,5486000
2015-01-28,83.33000183105469,83.55000305175781,80.66999816894531,80.73999786376953,75.26355743408203,5070200
2015-01-29,80.30000305175781,81.55000305175781,79.81999969482422,81.37999725341797,75.8601303100586,6277200
2015-01-30,84.02999877929688,84.80000305175781,81.48999786376953,82.02999877929688,76.46602630615234,13332400
2015-02-02,81.70999908447266,83.2300033569336,80.58000183105469,82.9800033569336,77.35160064697266,10576500
2015-02-03,83.27999877929688,83.87999725341797,82.44000244140625,83.80999755859375,78.12528991699219,8490400
2015-02-04,83.91999816894531,84.97000122070312,83.5199966430664,84.18000030517578,78.47020721435547,4923200
2015-02-05,84.58000183105469,85.91000366210938,84.0,85.81999969482422,79.9990005493164,5426000
2015-02-06,85.62000274658203,85.7699966430664,83.95999908447266,84.16000366210938,78.45158386230469,5540900
2015-02-09,83.97000122070312,84.83000183105469,83.61000061035156,84.58999633789062,78.8524169921875,3951100
2015-02-10,85.16999816894531,85.18000030517578,83.88999938964844,84.2300033569336,78.51683044433594,4441800
2015-02-11,84.2300033569336,84.79000091552734,83.94000244140625,84.45999908447266,78.73123168945312,4051300
2015-02-12,85.43000030517578,87.9800033569336,85.30999755859375,87.5199966430664,81.58366394042969,7053500
2015-02-13,87.83000183105469,87.98999786376953,86.62000274658203,87.13999938964844,81.22944641113281,5510900
2015-02-17,87.93000030517578,88.16999816894531,87.23999786376953,87.5199966430664,81.58366394042969,5083400
2015-02-18,87.5199966430664,87.83999633789062,86.8499984741211,87.7300033569336,81.7794418334961,2974300
2015-02-19,87.63999938964844,89.43000030517578,87.58000183105469,89.19999694824219,83.14974212646484,5271700
2015-02-20,89.0199966430664,90.94000244140624,88.87999725341797,90.79000091552734,84.63188171386719,6276500
2015-02-23,90.91999816894533,91.13999938964844,89.94000244140625,91.12000274658205,84.93949890136719,4316300
2015-02-24,90.5500030517578,91.6500015258789,90.23999786376952,91.31999969482422,85.12592315673828,5547500
2015-02-25,92.0500030517578,92.76000213623048,91.38999938964844,92.66999816894533,86.38436889648438,6144400
2015-02-26,92.88999938964844,93.0,91.05999755859376,91.26000213623048,85.07000732421875,5666700
2015-02-27,91.01000213623048,91.68000030517578,89.97000122070312,90.12999725341795,84.01665496826172,4675300
2015-03-02,89.55999755859375,92.16000366210938,89.5,92.0199966430664,85.7784423828125,5568300
2015-03-03,91.9000015258789,91.94000244140624,90.5199966430664,90.97000122070312,84.79965209960938,3444400
2015-03-04,90.63999938964844,91.88999938964844,90.12999725341795,91.70999908447266,85.48945617675781,4733900
2015-03-05,92.0,92.9499969482422,91.4499969482422,92.80999755859376,86.5148696899414,4651300
2015-03-06,92.51000213623048,92.52999877929688,90.66999816894533,90.79000091552734,84.63188171386719,4963200
2015-03-09,90.5199966430664,91.44000244140624,90.06999969482422,91.12000274658205,84.93949890136719,4144800
2015-03-10,90.18000030517578,90.38999938964844,88.83999633789062,88.83999633789062,82.81412506103516,5050200
2015-03-11,87.58999633789062,88.16999816894531,86.8499984741211,86.97000122070312,81.07099914550781,9452300
2015-03-12,87.7300033569336,89.51000213623047,87.68000030517578,89.25,83.19634246826172,7035500
2015-03-13,89.25,89.25,87.3499984741211,87.75,81.79806518554688,4609700
2015-03-16,88.5,88.93000030517578,87.93000030517578,88.70999908447266,82.69295501708984,3843900
2015-03-17,88.26000213623047,88.55999755859375,87.75,87.97000122070312,82.0031509399414,2880800
2015-03-18,87.72000122070312,89.26000213623047,87.22000122070312,88.87999725341797,82.85143280029297,5437300
2015-03-19,88.8499984741211,89.66999816894531,88.63999938964844,89.0199966430664,82.98193359375,3172500
2015-03-20,89.56999969482422,90.36000061035156,89.37999725341797,89.81999969482422,83.72766876220703,4372000
2015-03-23,89.94000244140625,90.6500015258789,89.31999969482422,89.33000183105469,83.27091979980469,3395200
2015-03-24,89.4000015258789,89.94000244140625,89.04000091552734,89.48999786376953,83.42003631591797,4050500
2015-03-25,89.56999969482422,89.62000274658203,87.37000274658203,87.37000274658203,81.44384002685547,3813600
2015-03-26,86.70999908447266,88.30000305175781,86.55999755859375,87.93000030517578,81.96585845947266,4141800
2015-03-27,87.9000015258789,88.31999969482422,86.87000274658203,87.25,81.3320083618164,4927400
2015-03-30,87.63999938964844,88.29000091552734,87.4800033569336,87.66999816894531,81.72349548339844,3451100
2015-03-31,87.33000183105469,88.26000213623047,86.38999938964844,86.38999938964844,80.53031921386719,5985500
2015-04-01,86.7300033569336,86.73999786376953,85.37000274658203,86.73999786376953,80.85655212402344,4736900
2015-04-02,86.91999816894531,87.87000274658203,86.66999816894531,87.02999877929688,81.12693786621094,4628400
2015-04-06,86.3499984741211,87.66000366210938,86.22000122070312,87.33999633789062,81.41588592529297,5853800
2015-04-07,87.45999908447266,88.51000213623047,87.2699966430664,87.91999816894531,82.10692596435547,4091200
2015-04-08,88.4000015258789,89.69000244140625,88.27999877929688,89.31999969482422,83.41439819335938,3659900
2015-04-09,89.0999984741211,89.69999694824219,88.13999938964844,89.05999755859375,83.17160034179688,3482100
2015-04-10,89.4800033569336,89.4800033569336,88.31999969482422,88.56999969482422,82.7139663696289,2575300
2015-04-13,88.62999725341797,89.43000030517578,88.25,88.25,82.4151382446289,3526000
2015-04-14,88.01000213623047,89.47000122070312,88.01000213623047,89.12000274658203,83.22762298583984,3453500
2015-04-15,89.1500015258789,89.56999969482422,88.66000366210938,89.25,83.34904479980469,2683600
2015-04-16,88.94999694824219,89.18000030517578,88.58999633789062,88.72000122070312,82.85405731201172,2952100
2015-04-17,87.98999786376953,88.30999755859375,86.58999633789062,86.93000030517578,81.18241882324219,4352800
2015-04-20,87.22000122070312,87.88999938964844,87.01000213623047,87.33000183105469,81.55596160888672,2681000
2015-04-21,87.5,88.18000030517578,87.2699966430664,87.7699966430664,81.96684265136719,3148200
2015-04-22,88.4800033569336,92.43000030517578,88.4800033569336,91.1999969482422,85.17007446289062,12232000
2015-04-23,91.1999969482422,91.4000015258789,90.18000030517578,90.87999725341795,84.87126922607422,4322300
2015-04-24,90.72000122070312,91.16000366210938,90.20999908447266,90.72000122070312,84.72183227539062,3519200
2015-04-27,90.93000030517578,91.2699966430664,89.69000244140625,89.75,83.81595611572266,4854300
2015-04-28,89.6500015258789,90.44000244140624,89.30999755859375,90.2300033569336,84.26422119140625,4786300
2015-04-29,91.12999725341795,93.58999633789062,89.80999755859375,90.25,84.28294372558594,9364700
2015-04-30,90.25,91.38999938964844,89.66000366210938,90.20999908447266,84.24552917480469,7470700
2015-05-01,90.36000061035156,91.30999755859376,90.26000213623048,91.25,85.21678924560547,4663100
2015-05-04,91.48999786376952,91.98999786376952,90.80999755859376,91.18000030517578,85.15142822265625,4596900
2015-05-05,91.13999938964844,91.91999816894533,90.55999755859376,90.77999877929688,84.77786254882812,3707000
2015-05-06,91.0500030517578,91.4499969482422,89.95999908447266,90.56999969482422,84.5817642211914,3495800
2015-05-07,90.70999908447266,92.16000366210938,90.3499984741211,92.0500030517578,85.96389770507812,4369800
2015-05-08,92.83999633789062,94.33000183105467,92.63999938964844,93.51000213623048,87.32737731933594,9933400
2015-05-11,93.4800033569336,93.91999816894533,92.5,92.5199966430664,86.40281677246094,4731400
2015-05-12,91.88999938964844,92.7300033569336,91.58000183105467,92.38999938964844,86.28142547607422,5191800
2015-05-13,92.75,92.9800033569336,92.0199966430664,92.5199966430664,86.40281677246094,3443200
2015-05-14,93.0999984741211,93.9000015258789,92.8000030517578,93.83999633789062,87.63551330566406,3467200
2015-05-15,93.83999633789062,94.5,93.02999877929688,93.22000122070312,87.0565414428711,3403800
2015-05-18,92.9000015258789,93.16000366210938,91.83000183105467,93.08000183105467,86.9258041381836,4281200
2015-05-19,93.61000061035156,94.06999969482422,93.1500015258789,93.8000030517578,87.59819030761719,3279700
2015-05-20,94.0999984741211,94.0999984741211,92.80999755859376,93.23999786376952,87.07520294189453,2701100
2015-05-21,93.08999633789062,93.3499984741211,92.7300033569336,92.9000015258789,86.75768280029297,2891000
2015-05-22,92.9499969482422,93.29000091552734,92.6500015258789,92.69000244140624,86.56156158447266,2448200
2015-05-26,92.5999984741211,92.63999938964844,91.5500030517578,91.88999938964844,85.81446838378906,2965400
2015-05-27,92.11000061035156,92.77999877929688,91.88999938964844,92.58999633789062,86.46820068359375,2597800
2015-05-28,92.5999984741211,92.95999908447266,92.11000061035156,92.81999969482422,86.68297576904297,1777700
2015-05-29,92.80999755859376,92.91999816894533,92.1500015258789,92.26000213623048,86.15998840332031,3561400
2015-06-01,92.4000015258789,92.94000244140624,91.61000061035156,92.55999755859376,86.44020080566406,2635400
2015-06-02,92.13999938964844,93.5199966430664,91.44000244140624,93.16999816894533,87.00984954833984,2795500
2015-06-03,93.3000030517578,94.05999755859376,92.9000015258789,93.5,87.3180160522461,3638000
2015-06-04,92.9499969482422,93.66000366210938,92.31999969482422,92.56999969482422,86.44949340820312,3320300
2015-06-05,92.44000244140624,92.83999633789062,91.6999969482422,92.62000274658205,86.49620819091797,2655000
2015-06-08,92.38999938964844,92.61000061035156,91.7699966430664,91.9000015258789,85.82382202148438,2561500
2015-06-09,91.7300033569336,92.30999755859376,91.3000030517578,92.08999633789062,86.0012435913086,2375100
2015-06-10,92.5,94.36000061035156,92.4000015258789,94.16999816894533,87.94375610351562,3727600
2015-06-11,94.3499984741211,95.12999725341795,93.9800033569336,94.5,88.25189971923828,3403600
2015-06-12,94.0500030517578,94.2699966430664,93.20999908447266,93.7699966430664,87.57017517089844,2777500
2015-06-15,92.93000030517578,93.54000091552734,92.1500015258789,93.3000030517578,87.13123321533203,3229000
2015-06-16,93.33000183105467,94.41999816894533,93.08000183105467,94.1500015258789,87.92505645751953,2446100
2015-06-17,94.3499984741211,94.97000122070312,93.9000015258789,94.4499969482422,88.20518493652344,2962100
2015-06-18,94.56999969482422,96.30999755859376,94.54000091552734,96.0500030517578,89.69940948486328,4208000
2015-06-19,95.81999969482422,95.95999908447266,94.72000122070312,94.80999755859376,88.54143524169922,5011200
2015-06-22,95.58999633789062,96.12999725341795,95.26000213623048,95.41999816894533,89.11106872558594,3290100
2015-06-23,95.66999816894533,95.9800033569336,95.3499984741211,95.6999969482422,89.37257385253906,4195400
2015-06-24,95.37999725341795,96.1500015258789,95.29000091552734,95.51000213623048,89.19512176513672,3682500
2015-06-25,95.87000274658205,95.87000274658205,94.27999877929688,94.45999908447266,88.21453094482422,3214900
2015-06-26,94.8000030517578,94.83000183105467,93.9000015258789,94.51000213623048,88.26124572753906,3201100
2015-06-29,93.68000030517578,94.12000274658205,92.41000366210938,92.5199966430664,86.40281677246094,4426500
2015-06-30,93.1999969482422,94.04000091552734,92.73999786376952,93.4800033569336,87.29936218261719,4750400
2015-07-01,94.47000122070312,94.9499969482422,94.0,94.5,88.25189971923828,3737000
2015-07-02,94.48999786376952,94.76000213623048,93.9000015258789,94.23999786376952,88.00908660888672,3034700
2015-07-06,93.4000015258789,94.68000030517578,93.2300033569336,94.5199966430664,88.2706069946289,3042000
2015-07-07,94.54000091552734,94.54000091552734,92.29000091552734,93.88999938964844,87.8309097290039,4859200
2015-07-08,92.97000122070312,93.2699966430664,92.12999725341795,92.48999786376952,86.52124786376953,4367200
2015-07-09,93.7300033569336,94.13999938964844,92.98999786376952,93.04000091552734,87.03577423095703,2986000
2015-07-10,94.4499969482422,95.0,94.08000183105467,94.62000274658205,88.51378631591797,2721800
2015-07-13,95.37000274658205,95.6999969482422,95.11000061035156,95.5,89.3370132446289,3454400
2015-07-14,95.6999969482422,95.9000015258789,95.1500015258789,95.2699966430664,89.12184143066406,3148400
2015-07-15,95.51000213623048,95.5999984741211,94.6500015258789,95.25,89.10315704345703,3969400
2015-07-16,95.75,95.97000122070312,95.45999908447266,95.81999969482422,89.63638305664062,3100400
2015-07-17,95.55999755859376,96.26000213623048,94.45999908447266,96.08000183105467,89.87960815429688,2726300
2015-07-20,96.55999755859376,97.76000213623048,96.41000366210938,97.26000213623048,90.98343658447266,4621700
2015-07-21,97.1999969482422,97.4000015258789,96.31999969482422,96.70999908447266,90.46891784667967,3836200
2015-07-22,96.3000030517578,97.36000061035156,96.1500015258789,96.87999725341795,90.62798309326172,3809900
2015-07-23,96.9000015258789,96.97000122070312,94.87000274658205,95.16000366210938,89.01896667480469,4896900
2015-07-24,97.3000030517578,97.48999786376952,95.5199966430664,95.83000183105467,89.6457290649414,6798800
2015-07-27,95.47000122070312,95.83000183105467,94.3000030517578,94.38999938964844,88.29864501953125,4538900
2015-07-28,95.06999969482422,95.47000122070312,94.70999908447266,95.16000366210938,89.01896667480469,6528700
2015-07-29,94.4000015258789,97.9499969482422,93.0,96.7300033569336,90.48766326904295,11420600
2015-07-30,96.63999938964844,98.81999969482422,96.11000061035156,98.41000366210938,92.05921936035156,4407300
2015-07-31,98.6500015258789,98.77999877929688,97.2699966430664,97.4000015258789,91.11439514160156,3956700
2015-08-03,97.73999786376952,97.87999725341795,96.30999755859376,97.44000244140624,91.15182495117188,2989800
2015-08-04,97.4499969482422,98.3000030517578,97.13999938964844,97.3000030517578,91.0208511352539,2976200
2015-08-05,98.08000183105467,98.7300033569336,97.79000091552734,98.2699966430664,91.92826080322266,3306100
2015-08-06,98.55999755859376,98.61000061035156,96.91999816894533,97.16000366210938,90.8898696899414,4109900
2015-08-07,97.08999633789062,97.79000091552734,96.55999755859376,97.7699966430664,91.46051025390624,3114900
2015-08-10,98.37000274658205,99.18000030517578,97.8000030517578,98.08000183105467,91.75051879882812,3445500
2015-08-11,97.1999969482422,97.7699966430664,96.6999969482422,97.1999969482422,90.9272689819336,4178100
2015-08-12,96.55999755859376,97.33999633789062,95.2699966430664,97.04000091552734,90.77762603759766,3924200
2015-08-13,97.29000091552734,97.9000015258789,96.58000183105467,97.2300033569336,90.95538330078124,2440200
2015-08-14,97.2300033569336,98.06999969482422,96.86000061035156,97.88999938964844,91.5727996826172,1849200
2015-08-17,97.55999755859376,97.9499969482422,96.8000030517578,97.86000061035156,91.5447006225586,2423900
2015-08-18,97.68000030517578,98.11000061035156,97.5,97.5999984741211,91.30149841308594,2215000
2015-08-19,97.1500015258789,97.4800033569336,96.16999816894533,96.5999984741211,90.36602020263672,3737000
2015-08-20,95.97000122070312,96.12000274658205,94.5199966430664,94.55999755859376,88.45767974853516,4884000
2015-08-21,93.52999877929688,93.93000030517578,90.63999938964844,90.68000030517578,84.82806396484375,7992200
2015-08-24,85.5,90.5500030517578,74.61000061035156,87.83000183105469,82.1619873046875,11374700
2015-08-25,90.83000183105467,90.88999938964844,86.66000366210938,86.81999969482422,81.2171630859375,6600600
2015-08-26,88.91000366210938,91.87000274658205,87.94999694824219,91.70999908447266,85.79158020019531,6591600
2015-08-27,93.1500015258789,94.20999908447266,92.0500030517578,94.0500030517578,87.9805679321289,5435400
2015-08-28,93.69000244140624,94.16999816894533,93.05999755859376,94.08000183105467,88.00865936279297,3136600
2015-08-31,93.41999816894533,93.63999938964844,92.0,92.37000274658205,86.40898895263672,4963100
2015-09-01,90.05999755859375,91.04000091552734,88.54000091552734,89.05000305175781,83.30325317382812,6341900
2015-09-02,90.16000366210938,90.56999969482422,88.98999786376953,90.43000030517578,84.59420776367188,5175400
2015-09-03,90.98999786376952,92.3499984741211,90.94000244140624,91.6500015258789,85.7354736328125,3617900
2015-09-04,90.75,90.93000030517578,89.88999938964844,90.52999877929688,84.68773651123047,3595400
2015-09-08,92.20999908447266,93.12999725341795,91.58000183105467,92.9000015258789,86.90480041503906,4176300
2015-09-09,91.1999969482422,93.5500030517578,89.7699966430664,89.97000122070312,84.16388702392578,8118200
2015-09-10,89.80000305175781,90.69000244140624,89.55000305175781,89.68000030517578,83.89259338378906,7370000
2015-09-11,89.51000213623047,91.41999816894533,89.45999908447266,91.3499984741211,85.454833984375,4572400
2015-09-14,91.27999877929688,91.4499969482422,90.5500030517578,90.94000244140624,85.07133483886719,3740400
2015-09-15,91.27999877929688,92.5999984741211,90.18000030517578,92.11000061035156,86.16580963134766,4670200
2015-09-16,92.31999969482422,92.7699966430664,91.87000274658205,92.7300033569336,86.74578857421875,4128600
2015-09-17,92.6500015258789,94.83999633789062,92.62999725341795,93.20999908447266,87.1948013305664,4627000
2015-09-18,92.0500030517578,93.31999969482422,91.83999633789062,92.1500015258789,86.20318603515625,8342900
2015-09-21,92.87000274658205,94.06999969482422,92.58999633789062,93.0500030517578,87.04513549804688,3998800
2015-09-22,91.7300033569336,92.30999755859376,91.41000366210938,92.06999969482422,86.12838745117188,3457100
2015-09-23,91.91000366210938,92.73999786376952,91.80999755859376,92.13999938964844,86.19384765625,2557000
2015-09-24,91.41000366210938,91.56999969482422,90.11000061035156,91.12000274658205,85.23968505859375,3513900
2015-09-25,92.08999633789062,92.0999984741211,90.6999969482422,91.3000030517578,85.40802764892578,3880800
2015-09-28,90.97000122070312,91.0999984741211,88.1500015258789,88.3499984741211,82.6484146118164,4966800
2015-09-29,88.66999816894531,89.55000305175781,88.0199966430664,88.76000213623047,83.03197479248047,4501200
2015-09-30,90.1999969482422,90.29000091552734,88.94999694824219,90.12000274658205,84.30419158935547,4550800
2015-10-01,90.56999969482422,90.87999725341795,89.4000015258789,90.7300033569336,84.87483978271484,4496000
2015-10-02,89.2699966430664,92.12000274658205,88.91999816894531,92.06999969482422,86.12838745117188,3543600
2015-10-05,92.79000091552734,94.37000274658205,92.5500030517578,94.33000183105467,88.24253845214844,3837600
2015-10-06,94.0,94.8499984741211,93.7699966430664,93.91999816894533,87.85897827148438,3641700
2015-10-07,94.51000213623048,95.2699966430664,94.1999969482422,95.18000030517578,89.1895980834961,3754300
2015-10-08,94.6999969482422,96.0,94.6500015258789,95.87000274658205,89.836181640625,2970500
2015-10-09,95.62999725341795,96.19000244140624,95.11000061035156,95.81999969482422,89.7893295288086,4733200
2015-10-12,95.83000183105467,96.81999969482422,95.81999969482422,96.63999938964844,90.55770111083984,2577900
2015-10-13,96.31999969482422,96.66999816894533,95.87999725341795,95.93000030517578,89.89241790771484,2415100
2015-10-14,95.70999908447266,96.19000244140624,94.79000091552734,95.02999877929688,89.04906463623047,2832500
2015-10-15,95.95999908447266,97.16000366210938,95.5199966430664,97.16000366210938,91.04499053955078,2896900
2015-10-16,97.37000274658205,97.69000244140624,96.66000366210938,97.63999938964844,91.49474334716795,3388300
2015-10-19,97.20999908447266,97.98999786376952,97.01000213623048,97.73999786376952,91.58849334716795,4024100
2015-10-20,97.4800033569336,97.83000183105467,97.06999969482422,97.66999816894533,91.52288055419922,2451600
2015-10-21,98.11000061035156,98.36000061035156,96.4800033569336,96.5999984741211,90.5202407836914,2899600
2015-10-22,97.44000244140624,98.73999786376952,97.16000366210938,98.0199966430664,91.8508758544922,4033400
2015-10-23,99.25,99.86000061035156,98.18000030517578,99.79000091552734,93.50946807861328,5240400
2015-10-26,98.5,99.93000030517578,98.5,99.62999725341795,93.35955047607422,3652000
2015-10-27,99.3499984741211,99.47000122070312,97.83999633789062,98.43000030517578,92.23505401611328,3789300
2015-10-28,98.7300033569336,100.12999725341795,98.36000061035156,100.08999633789062,93.79056549072266,4583800
2015-10-29,99.87999725341795,101.6500015258789,99.0,100.58999633789062,94.25911712646484,4940600
2015-10-30,100.7699966430664,101.0,98.72000122070312,98.98999786376952,92.75981903076172,5539000
2015-11-02,98.9000015258789,99.66999816894533,98.69000244140624,99.37999725341795,93.12527465820312,5480700
2015-11-03,99.4499969482422,100.5500030517578,99.01000213623048,100.12000274658205,93.81869506835938,4497500
2015-11-04,100.0999984741211,100.69000244140624,99.51000213623048,100.5199966430664,94.19351959228516,3292200
2015-11-05,100.0,101.1999969482422,99.80999755859376,100.69000244140624,94.3528060913086,3032300
2015-11-06,100.8000030517578,101.51000213623048,100.2699966430664,101.5,95.11185455322266,4333200
2015-11-09,101.04000091552734,101.16999816894533,99.8000030517578,100.47000122070312,94.14666748046876,3722700
2015-11-10,99.97000122070312,100.7699966430664,99.81999969482422,100.6500015258789,94.31533813476562,2991700
2015-11-11,101.29000091552734,101.76000213623048,100.76000213623048,100.87999725341795,94.5308837890625,4663300
2015-11-12,100.80999755859376,100.80999755859376,98.26000213623048,98.27999877929688,92.09449768066406,5274800
2015-11-13,98.08999633789062,98.5,96.69000244140624,96.86000061035156,90.7638702392578,4363900
2015-11-16,96.56999969482422,98.36000061035156,96.5,98.3000030517578,92.1132583618164,3979900
2015-11-17,98.55999755859376,99.0199966430664,97.80999755859376,98.06999969482422,91.89771270751952,3767500
2015-11-18,98.43000030517578,99.22000122070312,98.12999725341795,99.16000366210938,92.91911315917967,4502400
2015-11-19,99.01000213623048,99.26000213623048,98.3499984741211,98.93000030517578,92.7035903930664,3620800
2015-11-20,99.41999816894533,100.1500015258789,99.2699966430664,99.5,93.23770141601562,3319700
2015-11-23,99.95999908447266,99.95999908447266,99.05999755859376,99.37000274658205,93.11589813232422,2115900
2015-11-24,98.7300033569336,98.91999816894533,97.55999755859376,98.5,92.3006362915039,2588400
2015-11-25,98.54000091552734,98.83999633789062,98.05999755859376,98.16000366210938,91.98204803466795,2196200
2015-11-27,98.27999877929688,98.9499969482422,98.2699966430664,98.66999816894533,92.4599380493164,1502600
2015-11-30,98.8000030517578,98.88999938964844,97.91999816894533,97.91999816894533,91.75717163085938,3847500
2015-12-01,98.20999908447266,98.66999816894533,97.16999816894533,97.93000030517578,91.76653289794922,4891600
2015-12-02,97.73999786376952,98.0,96.91000366210938,97.0999984741211,90.98877716064452,3584400
2015-12-03,97.33000183105467,97.9499969482422,95.6999969482422,95.95999908447266,89.9205093383789,3479200
2015-12-04,96.43000030517578,98.6999969482422,96.23999786376952,98.6999969482422,92.48807525634766,3868100
2015-12-07,98.3000030517578,98.69000244140624,97.43000030517578,97.81999969482422,91.66344451904295,2855600
2015-12-08,97.18000030517578,98.56999969482422,96.76000213623048,98.18000030517578,92.0007781982422,3664000
2015-12-09,98.61000061035156,99.93000030517578,97.48999786376952,97.81999969482422,91.66344451904295,5111300
2015-12-10,98.12000274658205,98.66000366210938,97.4499969482422,97.61000061035156,91.4666748046875,2907900
2015-12-11,97.61000061035156,97.61000061035156,94.5,94.83000183105467,88.86163330078125,4558700
2015-12-14,95.08000183105467,96.30999755859376,94.6999969482422,96.3000030517578,90.2391357421875,3930200
2015-12-15,97.4000015258789,98.86000061035156,97.27999877929688,98.43000030517578,92.23505401611328,4579900
2015-12-16,99.6500015258789,100.29000091552734,98.88999938964844,100.04000091552734,93.74373626708984,4493600
2015-12-17,100.54000091552734,100.8000030517578,99.26000213623048,99.33000183105467,93.07840728759766,4581200
2015-12-18,98.63999938964844,98.93000030517578,96.20999908447266,96.29000091552734,90.22974395751952,6039600
2015-12-21,96.91000366210938,97.73999786376952,96.2300033569336,97.04000091552734,90.93254852294922,2748400
2015-12-22,97.51000213623048,97.79000091552734,96.77999877929688,97.54000091552734,91.40108489990234,3341900
2015-12-23,97.94000244140624,98.87999725341795,97.70999908447266,98.7300033569336,92.51618957519533,2054200
2015-12-24,98.77999877929688,99.11000061035156,98.30999755859376,98.58999633789062,92.3849639892578,932700
2015-12-28,98.1500015258789,98.62000274658205,97.86000061035156,98.52999877929688,92.32877349853516,1673400
2015-12-29,99.2300033569336,99.98999786376952,99.2300033569336,99.72000122070312,93.44387817382812,2362300
2015-12-30,99.66999816894533,99.97000122070312,98.7300033569336,98.87000274658205,92.64737701416016,1856700
2015-12-31,98.25,98.86000061035156,97.36000061035156,97.36000061035156,91.2323989868164,3219200
2016-01-04,95.37000274658205,95.58999633789062,93.72000122070312,94.80999755859376,88.84288787841797,6378700
2016-01-05,95.37999725341795,95.83000183105467,94.41000366210938,94.98999786376952,89.01158142089844,4352500
2016-01-06,93.48999786376952,94.38999938964844,92.9800033569336,93.3499984741211,87.65010833740234,4370000
2016-01-07,91.55999755859376,92.37000274658205,90.68000030517578,91.63999938964844,86.04450225830078,6600000
2016-01-08,91.97000122070312,92.23999786376952,89.72000122070312,89.88999938964844,84.40133666992188,5912100
2016-01-11,90.25,91.0999984741211,89.29000091552734,90.58000183105467,85.04923248291016,5845600
2016-01-12,91.61000061035156,91.87000274658205,90.12000274658205,91.44000244140624,85.85674285888672,4441800
2016-01-13,92.06999969482422,92.1500015258789,88.75,89.19000244140625,83.74411010742188,4895000
2016-01-14,89.4000015258789,91.69000244140624,89.16000366210938,90.70999908447266,85.17131042480469,6235800
2016-01-15,88.08999633789062,89.27999877929688,87.81999969482422,88.70999908447266,83.2934341430664,6459800
2016-01-19,89.55999755859375,89.73999786376953,85.48999786376953,86.22000122070312,80.95545196533203,10175200
2016-01-20,84.70999908447266,85.95999908447266,83.5199966430664,85.12999725341797,79.9320068359375,11672100
2016-01-21,85.2300033569336,87.52999877929688,84.55999755859375,86.12000274658203,80.86155700683594,5989700
2016-01-22,87.7300033569336,88.83000183105469,87.4000015258789,88.0,82.62677001953125,4912500
2016-01-25,88.02999877929688,88.19000244140625,86.6500015258789,86.7699966430664,81.47187805175781,5110500
2016-01-26,87.0,87.5,86.4000015258789,87.0,81.6878433227539,4872500
2016-01-27,86.88999938964844,87.05000305175781,84.33999633789062,84.80999755859375,79.63153839111328,6750900
2016-01-28,85.33999633789062,85.6500015258789,83.3499984741211,83.43000030517578,78.33580017089844,9169600
2016-01-29,81.44999694824219,89.25,81.0,89.02999877929688,83.59388732910156,16410500
2016-02-01,88.5199966430664,89.19999694824219,87.2300033569336,88.62999725341797,83.21831512451172,5956400
2016-02-02,87.68000030517578,87.73999786376953,85.37000274658203,85.93000030517578,80.68315887451172,7096900
2016-02-03,86.55999755859375,86.76000213623047,84.45999908447266,86.47000122070312,81.19019317626953,5253600
2016-02-04,86.23999786376953,86.87000274658203,85.73999786376953,86.33000183105469,81.05872344970703,4490600
2016-02-05,86.04000091552734,86.31999969482422,82.18000030517578,82.76000213623047,77.70674133300781,8474000
2016-02-08,81.44000244140625,81.73999786376953,79.87000274658203,80.6500015258789,75.7255630493164,9213800
2016-02-09,78.87000274658203,83.2300033569336,78.5199966430664,81.97000122070312,76.9649429321289,7802700
2016-02-10,83.05999755859375,84.83999633789062,82.93000030517578,83.30999755859375,78.22315979003906,4858900
2016-02-11,80.1500015258789,82.79000091552734,79.9800033569336,82.11000061035156,77.0964126586914,6285400
2016-02-12,83.62000274658203,85.2699966430664,83.30999755859375,84.88999938964844,79.7066650390625,5213300
2016-02-16,86.12000274658203,86.58999633789062,85.36000061035156,86.18000030517578,80.91790008544922,4908000
2016-02-17,86.93000030517578,87.5999984741211,86.58999633789062,87.20999908447266,81.88499450683594,4143400
2016-02-18,86.58000183105469,87.44999694824219,85.83000183105469,86.04000091552734,80.78645324707031,3551500
2016-02-19,85.6500015258789,86.86000061035156,85.22000122070312,86.79000091552734,81.49064636230469,3490500
2016-02-22,86.79000091552734,88.2300033569336,86.79000091552734,87.81999969482422,82.45774841308594,3010800
2016-02-23,87.26000213623047,87.8499984741211,85.93000030517578,86.20999908447266,80.9460678100586,4236900
2016-02-24,85.13999938964844,86.76000213623047,84.58999633789062,86.41999816894531,81.14323425292969,3361300
2016-02-25,86.55000305175781,87.43000030517578,85.5199966430664,87.41999816894531,82.08219146728516,3280500
2016-02-26,88.11000061035156,88.58999633789062,87.48999786376953,87.56999969482422,82.2230224609375,3294900
2016-02-29,87.30000305175781,88.83000183105469,86.9000015258789,86.91999816894531,81.61273956298828,4302900
2016-03-01,87.7699966430664,90.12999725341795,87.72000122070312,90.0999984741211,84.59855651855469,4967500
2016-03-02,89.76000213623047,90.08999633789062,88.98999786376953,89.88999938964844,84.40133666992188,3898300
2016-03-03,89.7300033569336,90.13999938964844,88.91999816894531,89.73999786376953,84.26051330566406,4202500
2016-03-04,90.0,90.55999755859376,89.5,90.05000305175781,84.5516128540039,3181300
2016-03-07,89.69000244140625,89.75,87.44000244140625,88.30000305175781,82.90848541259766,4939800
2016-03-08,87.45999908447266,87.76000213623047,86.80999755859375,86.8499984741211,81.54698181152344,4251700
2016-03-09,87.20999908447266,87.5999984741211,86.69999694824219,87.18000030517578,81.85682678222656,3477800
2016-03-10,87.66000366210938,88.19999694824219,85.93000030517578,86.88999938964844,81.58453369140625,3239100
2016-03-11,87.91000366210938,89.16000366210938,87.77999877929688,88.58000183105469,83.17135620117188,4003200
2016-03-14,88.52999877929688,89.12999725341797,88.0199966430664,88.87000274658203,83.44364166259766,4407400
2016-03-15,88.36000061035156,89.69999694824219,88.19999694824219,89.36000061035156,83.90373229980469,4468800
2016-03-16,89.22000122070312,90.31999969482422,89.0199966430664,90.01000213623047,84.5140380859375,3005000
2016-03-17,89.91999816894531,91.66000366210938,89.66000366210938,91.41000366210938,85.82854461669922,4568900
2016-03-18,92.01000213623048,92.44000244140624,91.4499969482422,92.30999755859376,86.67359161376953,5972900
2016-03-21,91.86000061035156,92.62999725341795,91.55999755859376,92.3499984741211,86.71116638183594,3176900
2016-03-22,91.68000030517578,92.20999908447266,91.54000091552734,91.76000213623048,86.15718841552734,3541300
2016-03-23,91.87999725341795,92.6500015258789,91.63999938964844,92.12999725341795,86.50458526611328,2816100
2016-03-24,91.3000030517578,91.97000122070312,91.3000030517578,91.91000366210938,86.29798889160156,2618700
2016-03-28,92.18000030517578,92.3000030517578,91.18000030517578,91.23999786376952,85.66889953613281,2304300
2016-03-29,91.22000122070312,93.04000091552734,91.0999984741211,92.77999877929688,87.1148910522461,3326300
2016-03-30,93.5500030517578,94.16999816894533,93.3000030517578,93.80999755859376,88.08202362060547,3477900
2016-03-31,93.68000030517578,94.94000244140624,93.5199966430664,94.5,88.72987365722656,5647100
2016-04-01,93.6500015258789,96.11000061035156,93.5,95.87000274658205,90.01622772216797,5276900
2016-04-04,96.01000213623048,96.0999984741211,94.45999908447266,95.0500030517578,89.24629974365234,4449900
2016-04-05,94.0999984741211,95.41000366210938,93.88999938964844,94.3499984741211,88.5890121459961,5378300
2016-04-06,94.1999969482422,94.83999633789062,93.83999633789062,94.75,89.14413452148438,3334200
2016-04-07,94.16999816894533,94.26000213623048,93.04000091552734,93.51000213623048,87.97750091552734,3046500
2016-04-08,94.08999633789062,94.66000366210938,93.41999816894533,93.79000091552734,88.24093627929688,2564000
2016-04-11,93.91999816894533,94.68000030517578,93.38999938964844,93.47000122070312,87.93988037109375,3858200
2016-04-12,93.76000213623048,93.98999786376952,93.13999938964844,93.86000061035156,88.30680847167969,2673700
2016-04-13,94.5,95.75,94.38999938964844,95.75,90.08496856689452,3698600
2016-04-14,95.72000122070312,96.7699966430664,95.41000366210938,96.16999816894533,90.48011779785156,3292200
2016-04-15,96.25,97.30999755859376,96.13999938964844,96.68000030517578,90.9599380493164,4127600
2016-04-18,96.63999938964844,97.79000091552734,96.5999984741211,97.66999816894533,91.891357421875,3079700
2016-04-19,98.0,98.16000366210938,96.3499984741211,97.23999786376952,91.48682403564452,3635900
2016-04-20,97.66000366210938,98.4000015258789,97.0500030517578,97.9000015258789,92.10774993896484,3627300
2016-04-21,97.9499969482422,98.08999633789062,97.3499984741211,97.54000091552734,91.76907348632812,2913600
2016-04-22,96.38999938964844,98.48999786376952,96.38999938964844,97.4499969482422,91.68438720703124,7176300
2016-04-25,96.79000091552734,97.31999969482422,96.54000091552734,96.9800033569336,91.24222564697266,3276100
2016-04-26,97.16000366210938,97.61000061035156,96.7300033569336,97.2699966430664,91.51507568359376,2929200
2016-04-27,97.23999786376952,98.61000061035156,96.5500030517578,98.37999725341795,92.5593719482422,5211900
2016-04-28,97.94000244140624,100.0,96.7300033569336,97.18000030517578,91.43036651611328,6261400
2016-04-29,96.83000183105467,97.66000366210938,96.08000183105467,96.98999786376952,91.25160217285156,5338500
2016-05-02,97.1500015258789,97.94000244140624,96.48999786376952,97.7699966430664,91.9854507446289,3813100
2016-05-03,97.01000213623048,97.54000091552734,95.91999816894533,96.4499969482422,90.74356079101562,3362100
2016-05-04,95.72000122070312,96.38999938964844,95.2300033569336,96.25,90.55538940429688,3187500
2016-05-05,96.33999633789062,96.83000183105467,95.95999908447266,96.19000244140624,90.49891662597656,2848600
2016-05-06,95.8000030517578,96.76000213623048,95.6500015258789,96.68000030517578,90.9599380493164,2042700
2016-05-09,96.80999755859376,97.25,96.5,96.72000122070312,90.99757385253906,1972600
2016-05-10,96.77999877929688,97.6999969482422,96.69000244140624,97.63999938964844,91.86311340332033,1903500
2016-05-11,97.63999938964844,97.83999633789062,96.36000061035156,96.41000366210938,90.70591735839844,2540600
2016-05-12,96.73999786376952,96.81999969482422,95.23999786376952,95.8499984741211,90.17904663085938,4216800
2016-05-13,95.58999633789062,96.27999877929688,95.13999938964844,95.36000061035156,89.71806335449219,3371600
2016-05-16,95.5999984741211,96.5199966430664,95.4499969482422,96.1500015258789,90.46129608154295,2273600
2016-05-17,95.9800033569336,96.29000091552734,95.26000213623048,95.5999984741211,89.94385528564453,3463300
2016-05-18,95.33000183105467,96.16999816894533,94.87000274658205,95.62999725341795,89.9720458984375,2469900
2016-05-19,95.13999938964844,95.5,94.08000183105467,94.6999969482422,89.09710693359375,2268900
2016-05-20,95.16999816894533,95.88999938964844,95.02999877929688,95.47000122070312,89.82154083251953,2446700
2016-05-23,95.51000213623048,95.7300033569336,94.98999786376952,95.08000183105467,89.45458984375,2231800
2016-05-24,95.52999877929688,96.73999786376952,95.33000183105467,96.4800033569336,90.77178192138672,2446500
2016-05-25,96.77999877929688,96.9000015258789,96.13999938964844,96.4499969482422,90.74356079101562,2689500
2016-05-26,96.54000091552734,96.7300033569336,96.06999969482422,96.37999725341795,90.67768096923828,1738300
2016-05-27,96.52999877929688,97.18000030517578,96.37999725341795,97.18000030517578,91.43036651611328,2724300
2016-05-31,97.18000030517578,97.1999969482422,95.5999984741211,95.9000015258789,90.22608947753906,4028800
2016-06-01,95.9000015258789,96.54000091552734,95.25,96.41000366210938,90.70591735839844,2677500
2016-06-02,96.2699966430664,96.87999725341795,96.01000213623048,96.87999725341795,91.14810943603516,2662100
2016-06-03,96.20999908447266,96.61000061035156,95.33000183105467,96.02999877929688,90.3484115600586,2814800
2016-06-06,96.4000015258789,96.97000122070312,95.9800033569336,96.63999938964844,90.92230224609376,2160700
2016-06-07,96.58999633789062,97.16999816894533,96.44000244140624,96.68000030517578,90.9599380493164,2394900
2016-06-08,96.6500015258789,97.98999786376952,96.56999969482422,97.98999786376952,92.19245910644533,4365200
2016-06-09,97.51000213623048,97.62999725341795,96.9800033569336,97.0199966430664,91.27982330322266,2044700
2016-06-10,96.0,96.08999633789062,94.9000015258789,95.20999908447266,89.5769271850586,4080700
2016-06-13,94.7300033569336,95.62999725341795,94.16000366210938,94.19000244140624,88.61727142333984,3082200
2016-06-14,93.87000274658205,94.33000183105467,93.3499984741211,94.11000061035156,88.54200744628906,5338200
2016-06-15,94.36000061035156,94.5,93.33999633789062,93.33999633789062,87.81755065917969,4025900
2016-06-16,92.93000030517578,94.08999633789062,92.0500030517578,94.08000183105467,88.51377868652344,4976200
2016-06-17,93.9800033569336,94.20999908447266,92.69000244140624,93.29000091552734,87.77051544189453,6941700
2016-06-20,94.5,95.18000030517578,94.25,94.3499984741211,88.76776885986328,4949500
2016-06-21,94.68000030517578,95.3000030517578,94.47000122070312,95.11000061035156,89.48281860351562,4203000
2016-06-22,95.2300033569336,95.37999725341795,94.05999755859376,94.05999755859376,88.49494934082031,2876700
2016-06-23,95.1500015258789,95.70999908447266,94.61000061035156,95.70999908447266,90.04734802246094,2992400
2016-06-24,91.4800033569336,93.12999725341795,91.13999938964844,91.47000122070312,86.05818939208984,8356800
2016-06-27,90.2699966430664,90.8000030517578,88.81999969482422,89.06999969482422,83.80017852783203,7444800
2016-06-28,90.27999877929688,90.5,89.72000122070312,90.41999816894533,85.07030487060547,4820400
2016-06-29,91.04000091552734,92.20999908447266,90.8499984741211,92.12999725341795,86.67913818359375,3987900
2016-06-30,92.61000061035156,92.73999786376952,87.58999633789062,88.05999755859375,82.84996795654297,12706800
2016-07-01,89.16000366210938,89.4800033569336,88.2699966430664,88.8499984741211,83.59317779541016,8342100
2016-07-05,88.12000274658203,89.33999633789062,87.91999816894531,88.23999786376953,83.01929473876953,7077000
2016-07-06,87.16000366210938,87.58000183105469,86.6500015258789,86.83000183105469,81.86898803710938,9412800
2016-07-07,86.94999694824219,88.31999969482422,86.94999694824219,87.80999755859375,82.79300689697266,4707200
2016-07-08,88.43000030517578,88.69000244140625,87.94000244140625,88.55999755859375,83.50013732910156,5621800
2016-07-11,89.05000305175781,89.30999755859375,88.62999725341797,88.75,83.67928314208984,5274700
2016-07-12,89.08000183105469,90.08000183105467,88.87000274658203,90.0,84.85789489746094,6122200
2016-07-13,90.45999908447266,90.55999755859376,89.63999938964844,90.33999633789062,85.178466796875,3996900
2016-07-14,91.31999969482422,91.6500015258789,90.51000213623048,91.4499969482422,86.22503662109375,4240100
2016-07-15,92.02999877929688,92.02999877929688,90.72000122070312,90.93000030517578,85.7347412109375,3262400
2016-07-18,91.18000030517578,91.63999938964844,90.83999633789062,91.5999984741211,86.36644744873047,3407300
2016-07-19,91.20999908447266,92.41000366210938,91.20999908447266,92.37999725341795,87.10192108154297,3423800
2016-07-20,92.55999755859376,93.44000244140624,92.1500015258789,93.3000030517578,87.9693374633789,3794100
2016-07-21,93.0,93.66999816894533,92.02999877929688,92.45999908447266,87.1773452758789,4305900
2016-07-22,92.66000366210938,93.66000366210938,92.11000061035156,93.66000366210938,88.30878448486328,4348200
2016-07-25,93.5999984741211,93.5999984741211,92.54000091552734,93.0,87.68647766113281,3773500
2016-07-26,92.77999877929688,93.66999816894533,92.75,93.43000030517578,88.0919189453125,4469600
2016-07-27,93.52999877929688,94.3000030517578,92.75,93.75,88.39361572265625,5696800
2016-07-28,95.0,96.5,94.55999755859376,96.01000213623048,90.52450561523438,5209400
2016-07-29,96.06999969482422,96.0999984741211,95.12000274658205,95.23999786376952,89.79849243164062,4364100
2016-08-01,95.2300033569336,95.47000122070312,94.4499969482422,95.06999969482422,89.63822937011719,3512100
2016-08-02,95.02999877929688,95.38999938964844,94.5,95.25,89.80792236328125,3948600
2016-08-03,95.06999969482422,95.4499969482422,94.77999877929688,95.08000183105467,89.64763641357422,3006100
2016-08-04,95.08999633789062,96.0500030517578,94.8000030517578,95.91000366210938,90.43025207519533,2875600
2016-08-05,96.29000091552734,96.94000244140624,96.08999633789062,96.87999725341795,91.34478759765624,2632200
2016-08-08,97.0,97.0999984741211,96.62999725341795,96.77999877929688,91.25050354003906,2873000
2016-08-09,96.62999725341795,97.13999938964844,96.5500030517578,96.6999969482422,91.17508697509766,1937100
2016-08-10,96.72000122070312,96.81999969482422,96.2300033569336,96.29000091552734,90.78851318359376,2004700
2016-08-11,96.5,96.91999816894533,96.16999816894533,96.52999877929688,91.01478576660156,2971100
2016-08-12,95.95999908447266,96.41000366210938,95.51000213623048,96.12000274658205,90.62823486328124,1988600
2016-08-15,96.30999755859376,96.55999755859376,96.06999969482422,96.44000244140624,90.92994689941406,2081200
2016-08-16,96.1999969482422,96.26000213623048,95.45999908447266,95.62000274658205,90.15680694580078,2866200
2016-08-17,95.79000091552734,96.06999969482422,95.02999877929688,95.58999633789062,90.1285171508789,4054700
2016-08-18,95.3000030517578,95.87000274658205,95.06999969482422,95.2699966430664,89.82678985595703,3134200
2016-08-19,95.18000030517578,95.29000091552734,94.41000366210938,95.22000122070312,89.77962493896484,3090800
2016-08-22,95.19000244140624,95.9499969482422,94.9499969482422,95.79000091552734,90.31708526611328,2390800
2016-08-23,96.0,96.76000213623048,95.98999786376952,96.29000091552734,90.78851318359376,3099700
2016-08-24,96.29000091552734,96.47000122070312,95.38999938964844,95.52999877929688,90.07192993164062,2008100
2016-08-25,95.47000122070312,95.80999755859376,95.33000183105467,95.58999633789062,90.1285171508789,1983000
2016-08-26,95.83999633789062,97.0,95.7699966430664,96.47000122070312,90.95821380615234,3123100
2016-08-29,96.4499969482422,96.8499984741211,96.2300033569336,96.77999877929688,91.25050354003906,2590200
2016-08-30,96.79000091552734,97.19000244140624,96.33999633789062,97.08999633789062,91.54281616210938,2634100
2016-08-31,96.80999755859376,97.08999633789062,96.12999725341795,96.62999725341795,91.10909271240234,3499300
2016-09-01,96.66999816894533,97.6999969482422,96.51000213623048,97.62000274658205,92.04253387451172,4198100
2016-09-02,97.4000015258789,98.0999984741211,97.37000274658205,97.88999938964844,92.29708099365234,2572400
2016-09-06,97.80999755859376,98.91000366210938,97.69000244140624,98.79000091552734,93.14566802978516,3879300
2016-09-07,98.48999786376952,99.5999984741211,98.26000213623048,99.56999969482422,93.88111877441406,4198200
2016-09-08,99.4499969482422,100.66999816894533,99.38999938964844,99.9800033569336,94.2676773071289,4605400
2016-09-09,99.08000183105467,99.69000244140624,98.1500015258789,98.1500015258789,92.54225158691406,5458500
2016-09-12,97.54000091552734,100.31999969482422,97.48999786376952,100.11000061035156,94.39026641845705,4264300
2016-09-13,99.3499984741211,100.05999755859376,98.9800033569336,99.38999938964844,93.7114028930664,4732200
2016-09-14,99.33999633789062,99.62999725341795,98.37999725341795,98.70999908447266,93.07025146484376,4400300
2016-09-15,98.56999969482422,99.81999969482422,98.4499969482422,99.47000122070312,93.7868194580078,3485700
2016-09-16,99.0500030517578,99.69000244140624,98.58999633789062,99.36000061035156,93.68312072753906,4498800
2016-09-19,99.9499969482422,100.38999938964844,99.41999816894533,99.68000030517578,93.98483276367188,3056900
2016-09-20,100.25,100.91999816894533,100.01000213623048,100.48999786376952,94.74855041503906,3848700
2016-09-21,100.80999755859376,101.30999755859376,99.97000122070312,101.26000213623048,95.47454071044922,3251900
2016-09-22,101.56999969482422,102.2300033569336,101.51000213623048,102.12000274658205,96.28543090820312,3390600
2016-09-23,101.91999816894533,102.0999984741211,101.25,101.66000366210938,95.85169982910156,2759400
2016-09-26,100.81999969482422,101.83000183105467,100.75,101.16000366210938,95.38025665283205,3468900
2016-09-27,101.0,101.6500015258789,100.55999755859376,101.4499969482422,95.65370178222656,3547700
2016-09-28,101.43000030517578,101.58000183105467,100.83000183105467,101.51000213623048,95.71025848388672,3629500
2016-09-29,101.58000183105467,102.30999755859376,100.58999633789062,100.61000061035156,94.8616943359375,3010000
2016-09-30,100.77999877929688,102.2300033569336,100.68000030517578,101.7699966430664,95.95543670654295,5503900
2016-10-03,101.38999938964844,102.37999725341795,101.23999786376952,101.87999725341795,96.05911254882812,3696700
2016-10-04,102.02999877929688,102.20999908447266,101.04000091552734,101.22000122070312,95.4368133544922,2881900
2016-10-05,101.31999969482422,102.66999816894533,101.31999969482422,102.4000015258789,96.7309799194336,3768100
2016-10-06,102.4000015258789,103.16999816894533,102.0199966430664,102.94000244140624,97.24109649658205,3875600
2016-10-07,103.0500030517578,103.48999786376952,101.9800033569336,102.25,96.58928680419922,4225600
2016-10-10,102.6999969482422,103.37000274658205,102.5500030517578,102.6500015258789,96.96715545654295,2376500
2016-10-11,102.54000091552734,102.62999725341795,100.81999969482422,101.3499984741211,95.73912048339844,3412900
2016-10-12,101.55999755859376,101.91000366210938,101.0500030517578,101.36000061035156,95.74857330322266,3467800
2016-10-13,100.75,101.48999786376952,99.77999877929688,100.6500015258789,95.07789611816406,3657400
2016-10-14,101.0999984741211,102.1999969482422,100.80999755859376,100.87999725341795,95.29515075683594,3280200
2016-10-17,100.95999908447266,101.26000213623048,100.62000274658205,100.8499984741211,95.26679229736328,1975500
2016-10-18,101.77999877929688,102.12000274658205,101.05999755859376,101.7300033569336,96.09807586669922,2623700
2016-10-19,101.8000030517578,102.8499984741211,101.62999725341795,102.7300033569336,97.04271697998048,3305200
2016-10-20,102.79000091552734,103.37000274658205,102.3499984741211,102.5500030517578,96.87269592285156,2945300
2016-10-21,102.12999725341795,103.0,101.95999908447266,102.8499984741211,97.15606689453124,3018800
2016-10-24,103.1500015258789,103.91999816894533,102.95999908447266,103.19000244140624,97.477294921875,2565600
2016-10-25,103.19000244140624,103.23999786376952,102.29000091552734,102.87999725341795,97.1844253540039,4869300
2016-10-26,102.55999755859376,103.45999908447266,102.52999877929688,103.22000122070312,97.50559997558594,3356000
2016-10-27,103.19000244140624,104.3000030517578,103.19000244140624,103.5999984741211,97.86456298828124,5096100
2016-10-28,105.0500030517578,107.83000183105467,104.61000061035156,106.9000015258789,100.9818878173828,9282800
2016-10-31,107.4000015258789,108.93000030517578,106.47000122070312,107.0199966430664,101.09522247314452,5820000
2016-11-01,107.0,107.12000274658205,104.79000091552734,104.95999908447266,99.14929962158205,7076500
2016-11-02,104.27999877929688,105.0,104.0,104.0,98.242431640625,3527500
2016-11-03,103.5199966430664,104.45999908447266,103.51000213623048,103.77999877929688,98.03460693359376,3127300
2016-11-04,103.9000015258789,104.43000030517578,103.02999877929688,103.02999877929688,97.32610321044922,3067200
2016-11-07,104.58000183105467,106.02999877929688,104.52999877929688,105.95999908447266,100.0938949584961,3067500
2016-11-08,105.73999786376952,106.47000122070312,105.52999877929688,105.6999969482422,99.84830474853516,2864300
2016-11-09,104.91000366210938,106.4499969482422,103.86000061035156,106.19000244140624,100.3111801147461,4775000
2016-11-10,106.66000366210938,107.13999938964844,102.4499969482422,104.5,98.71473693847656,6584300
2016-11-11,103.86000061035156,105.05999755859376,103.66000366210938,104.62000274658205,98.82808685302734,3300300
2016-11-14,105.0199966430664,105.0999984741211,100.36000061035156,101.13999938964844,95.5407485961914,7106800
2016-11-15,101.37999725341795,102.98999786376952,101.37999725341795,102.4800033569336,96.80657196044922,4633100
2016-11-16,102.43000030517578,104.0,102.43000030517578,104.0,98.242431640625,4567900
2016-11-17,104.4000015258789,105.25,103.73999786376952,104.4499969482422,98.66748809814452,3096800
2016-11-18,104.6500015258789,105.0999984741211,104.30999755859376,104.77999877929688,98.97924041748048,3275000
2016-11-21,104.77999877929688,106.0,104.69000244140624,105.94000244140624,100.07501220703124,2650800
2016-11-22,106.0,106.12999725341795,104.73999786376952,105.93000030517578,100.06560516357422,4570100
2016-11-23,105.5999984741211,105.91000366210938,104.29000091552734,104.55999755859376,98.77141571044922,4952300
2016-11-25,104.62000274658205,105.7300033569336,104.52999877929688,105.7300033569336,99.87663269042967,1566900
2016-11-28,105.41999816894533,105.41999816894533,103.0500030517578,103.36000061035156,97.63784790039062,5401700
2016-11-29,103.68000030517578,104.37000274658205,103.33999633789062,103.81999969482422,98.0724105834961,3356600
2016-11-30,103.54000091552734,104.27999877929688,101.37999725341795,102.1999969482422,96.54207611083984,6889200
2016-12-01,102.33000183105467,102.58000183105467,99.51000213623048,100.18000030517578,94.63388061523438,5452100
2016-12-02,100.25,101.13999938964844,99.81999969482422,101.0999984741211,95.50294494628906,3981100
2016-12-05,101.87000274658205,103.66999816894533,101.8000030517578,103.5500030517578,97.81734466552734,5427900
2016-12-06,103.81999969482422,103.9800033569336,101.8000030517578,102.0,96.35311889648438,4975200
2016-12-07,103.0199966430664,105.56999969482422,102.62000274658205,105.25,99.42320251464844,5423500
2016-12-08,105.18000030517578,105.48999786376952,103.86000061035156,104.81999969482422,99.0169906616211,3024700
2016-12-09,104.80999755859376,105.0999984741211,104.0,104.41000366210938,98.62973022460938,2541000
2016-12-12,104.33999633789062,104.4000015258789,103.16000366210938,103.27999877929688,97.5623016357422,3827700
2016-12-13,103.56999969482422,104.5999984741211,102.94000244140624,103.31999969482422,97.6000518798828,4297700
2016-12-14,102.91000366210938,104.83999633789062,102.91000366210938,103.27999877929688,97.5623016357422,3515800
2016-12-15,104.43000030517578,105.70999908447266,104.0,104.3499984741211,98.57305145263672,3774100
2016-12-16,104.81999969482422,104.81999969482422,103.0500030517578,103.43000030517578,97.70398712158205,4659700
2016-12-19,103.6999969482422,104.1999969482422,103.4499969482422,103.54000091552734,97.80787658691406,2980900
2016-12-20,104.0500030517578,104.55999755859376,103.1500015258789,104.54000091552734,98.75251770019533,2354400
2016-12-21,104.4800033569336,104.97000122070312,103.9000015258789,104.16999816894533,98.40299987792967,1952500
2016-12-22,104.43000030517578,104.76000213623048,103.16000366210938,104.30999755859376,98.53523254394533,2463900
2016-12-23,104.3000030517578,105.16000366210938,104.01000213623048,104.70999908447266,98.91310119628906,1610700
2016-12-27,104.9000015258789,105.63999938964844,104.6999969482422,104.8000030517578,98.99813079833984,2160700
2016-12-28,104.6999969482422,104.77999877929688,103.54000091552734,103.68000030517578,97.94011688232422,2552300
2016-12-29,103.80999755859376,104.37000274658205,103.44000244140624,103.7699966430664,98.025146484375,2858600
2016-12-30,103.86000061035156,104.05999755859376,102.9800033569336,103.25,97.53392791748048,3834700
2017-01-03,104.41000366210938,105.94000244140624,104.11000061035156,105.38999938964844,99.55547332763672,4711300
2017-01-04,105.33999633789062,106.75,104.86000061035156,106.38999938964844,100.50009155273438,3299000
2017-01-05,107.0500030517578,108.1500015258789,106.45999908447266,106.98999786376952,101.2763214111328,3262200
2017-01-06,107.31999969482422,108.11000061035156,106.87000274658205,107.76000213623048,102.00518035888672,3044600
2017-01-09,107.76000213623048,108.1500015258789,107.30999755859376,107.5500030517578,101.80640411376952,2500700
2017-01-10,107.5500030517578,108.56999969482422,106.91999816894533,107.31999969482422,101.58867645263672,3162200
2017-01-11,107.04000091552734,107.8499984741211,106.83000183105467,107.80999755859376,102.05252075195312,2499000
2017-01-12,107.66999816894533,108.86000061035156,107.30999755859376,108.70999908447266,102.90447235107422,3288500
2017-01-13,108.62999725341795,109.4000015258789,108.52999877929688,108.6999969482422,102.8949966430664,4661900
2017-01-17,108.2300033569336,108.86000061035156,107.61000061035156,108.4000015258789,102.61100006103516,2898200
2017-01-18,108.70999908447266,109.22000122070312,107.91000366210938,108.66000366210938,102.8571319580078,2652300
2017-01-19,108.83999633789062,109.37000274658205,108.33000183105467,108.52999877929688,102.73405456542967,1885300
2017-01-20,109.23999786376952,110.0,108.91000366210938,109.95999908447266,104.08768463134766,4173300
2017-01-23,109.66000366210938,109.9800033569336,109.12999725341795,109.62999725341795,103.77532196044922,3678200
2017-01-24,109.80999755859376,110.12999725341795,109.18000030517578,109.91999816894533,104.0498504638672,2899600
2017-01-25,110.66000366210938,111.06999969482422,109.4000015258789,110.19000244140624,104.3053970336914,3848300
2017-01-26,109.97000122070312,110.31999969482422,109.0,109.37999725341795,103.53868865966795,2568700
2017-01-27,109.56999969482422,109.83999633789062,108.91999816894533,109.83999633789062,103.9740982055664,2591600
2017-01-30,109.37000274658205,109.55999755859376,108.0999984741211,109.3000030517578,103.46295166015624,4304400
2017-01-31,105.97000122070312,107.0999984741211,105.5,106.33000183105467,100.65155029296876,6470200
2017-02-01,106.62999725341795,106.75,104.01000213623048,105.0,99.392578125,6149100
2017-02-02,104.91999816894533,105.48999786376952,104.61000061035156,105.13999938964844,99.52510833740234,4112000
2017-02-03,106.30999755859376,107.54000091552734,105.5999984741211,106.58000183105467,100.88821411132812,7132600
2017-02-06,106.58000183105467,106.62000274658205,105.69000244140624,106.58999633789062,100.89767456054688,3445100
2017-02-07,107.0,107.1500015258789,106.04000091552734,106.5999984741211,100.90713500976562,3204800
2017-02-08,106.5500030517578,106.9000015258789,105.8000030517578,106.72000122070312,101.0207290649414,2993600
2017-02-09,106.72000122070312,107.54000091552734,106.5,107.3000030517578,101.5697784423828,2679200
2017-02-10,107.5500030517578,107.63999938964844,107.1999969482422,107.2699966430664,101.5413589477539,2078400
2017-02-13,107.6999969482422,108.33000183105467,107.54000091552734,108.27999877929688,102.49744415283205,2337100
2017-02-14,108.01000213623048,109.20999908447266,107.76000213623048,108.87999725341795,103.0653839111328,2336800
2017-02-15,109.0,110.05999755859376,108.7699966430664,109.66000366210938,103.8037338256836,2920000
2017-02-16,109.75,110.1999969482422,108.88999938964844,109.3000030517578,103.46295166015624,2146400
2017-02-17,109.23999786376952,110.0,108.9800033569336,109.41999816894533,103.5765380859375,2850900
2017-02-21,109.4499969482422,110.23999786376952,109.33999633789062,110.16000366210938,104.27702331542967,3117200
2017-02-22,109.8000030517578,110.41000366210938,109.16000366210938,109.44000244140624,103.59547424316406,3049300
2017-02-23,109.83000183105467,110.75,109.5999984741211,110.73999786376952,104.8260498046875,4162200
2017-02-24,110.54000091552734,111.0,110.1999969482422,111.0,105.0721664428711,2471700
2017-02-27,110.4000015258789,110.98999786376952,109.76000213623048,110.56999969482422,104.66513061523438,2361200
2017-02-28,110.5,110.87000274658205,109.98999786376952,110.45999908447266,104.56099700927734,3367200
2017-03-01,111.41999816894533,112.91999816894533,110.77999877929688,112.30999755859376,106.31218719482422,3218700
2017-03-02,112.1999969482422,112.29000091552734,111.3000030517578,111.33000183105467,105.38453674316406,2690800
2017-03-03,111.29000091552734,111.83999633789062,110.95999908447266,111.73999786376952,105.77262878417967,2938200
2017-03-06,111.13999938964844,111.79000091552734,111.01000213623048,111.36000061035156,105.41295623779295,2175800
2017-03-07,111.37000274658205,111.6999969482422,110.73999786376952,110.95999908447266,105.0343017578125,2474200
2017-03-08,111.29000091552734,111.4499969482422,110.79000091552734,110.9800033569336,105.05322265625,2355400
2017-03-09,111.08000183105467,111.37000274658205,110.6500015258789,110.79000091552734,104.8733901977539,3195400
2017-03-10,111.4499969482422,111.5500030517578,110.61000061035156,111.20999908447266,105.27096557617188,2735400
2017-03-13,111.29000091552734,111.8000030517578,111.12999725341795,111.52999877929688,105.57384490966795,3123000
2017-03-14,111.33000183105467,111.47000122070312,110.12999725341795,110.48999786376952,104.58939361572266,2891400
2017-03-15,111.05999755859376,112.41999816894533,110.48999786376952,112.0199966430664,106.03768920898438,3305500
2017-03-16,112.11000061035156,112.97000122070312,111.58000183105467,112.66999816894533,106.65298461914062,2746400
2017-03-17,112.8499984741211,113.5,112.76000213623048,112.83000183105467,106.80442810058594,4119200
2017-03-20,112.81999969482422,112.98999786376952,111.8499984741211,112.41000366210938,106.4068603515625,2435400
2017-03-21,112.41000366210938,112.7699966430664,110.43000030517578,110.70999908447266,104.79766082763672,3734000
2017-03-22,110.98999786376952,111.91000366210938,110.79000091552734,111.4499969482422,105.49812316894533,2576200
2017-03-23,111.30999755859376,112.4499969482422,111.2699966430664,111.5999984741211,105.64013671875,3107000
2017-03-24,111.97000122070312,112.47000122070312,111.66999816894533,111.9800033569336,105.99983978271484,3221900
2017-03-27,110.6999969482422,112.3000030517578,110.33000183105467,111.94000244140624,105.96196746826172,2724200
2017-03-28,111.80999755859376,112.75,111.47000122070312,112.47000122070312,106.46366119384766,2986100
2017-03-29,112.02999877929688,112.33000183105467,111.5199966430664,112.05999755859376,106.07553100585938,1783800
2017-03-30,112.0,112.6999969482422,111.56999969482422,112.66999816894533,106.65298461914062,2029400
2017-03-31,112.62000274658205,113.18000030517578,112.44000244140624,112.47000122070312,106.46366119384766,2507700
2017-04-03,112.6999969482422,112.97000122070312,111.36000061035156,112.23999786376952,106.24592590332033,3170100
2017-04-04,112.2300033569336,112.8499984741211,111.9000015258789,112.08999633789062,106.10395050048828,2169700
2017-04-05,112.25,113.18000030517578,111.9000015258789,112.06999969482422,106.29364776611328,2486600
2017-04-06,112.06999969482422,112.61000061035156,111.70999908447266,112.43000030517578,106.63509368896484,2238500
2017-04-07,112.18000030517578,112.75,111.83999633789062,112.23999786376952,106.4548797607422,1995100
2017-04-10,112.29000091552734,113.06999969482422,112.29000091552734,112.31999969482422,106.53072357177734,1862800
2017-04-11,111.9000015258789,112.56999969482422,111.47000122070312,112.11000061035156,106.33160400390624,2045800
2017-04-12,111.6500015258789,112.3000030517578,111.3499984741211,111.47000122070312,105.72457122802734,2651200
2017-04-13,111.2300033569336,112.19000244140624,111.01000213623048,111.22000122070312,105.48745727539062,2690300
2017-04-17,111.7699966430664,112.73999786376952,111.52999877929688,112.66999816894533,106.86270141601562,1731200
2017-04-18,112.48999786376952,113.16999816894533,112.0999984741211,112.5199966430664,106.72042846679688,2141000
2017-04-19,112.48999786376952,113.16000366210938,112.11000061035156,112.29000091552734,106.50228881835938,2242400
2017-04-20,112.9000015258789,114.9000015258789,112.66999816894533,114.58999633789062,108.68373107910156,3459600
2017-04-21,114.8000030517578,115.61000061035156,114.01000213623048,114.2699966430664,108.3802490234375,4067400
2017-04-24,115.8000030517578,115.98999786376952,115.0,115.6999969482422,109.73654174804688,3207800
2017-04-25,116.3499984741211,116.4800033569336,115.88999938964844,116.12999725341795,110.1444091796875,2873700
2017-04-26,116.0500030517578,116.55999755859376,115.9499969482422,116.16999816894533,110.18231964111328,2202700
2017-04-27,116.51000213623048,117.30999755859376,116.12000274658205,117.0999984741211,111.06439208984376,3350800
2017-04-28,116.79000091552734,117.37000274658205,116.06999969482422,116.31999969482422,110.32457733154295,3536000
2017-05-01,116.54000091552734,117.29000091552734,116.22000122070312,116.37000274658205,110.37199401855467,3556600
2017-05-02,117.83000183105467,119.70999908447266,117.6500015258789,118.12000274658205,112.03179168701172,6802600
2017-05-03,118.16999816894533,118.52999877929688,116.5500030517578,117.33000183105467,111.28253173828124,3640900
2017-05-04,117.5500030517578,118.08000183105467,116.9000015258789,117.91999816894533,111.84213256835938,2560400
2017-05-05,118.2699966430664,118.37999725341795,117.1999969482422,117.5,111.44377899169922,2335900
2017-05-08,117.70999908447266,117.70999908447266,116.38999938964844,116.61000061035156,110.59967041015624,2562400
2017-05-09,116.62999725341795,116.91000366210938,116.04000091552734,116.41000366210938,110.40995025634766,2350700
2017-05-10,116.11000061035156,116.7699966430664,116.01000213623048,116.6500015258789,110.6375732421875,1812500
2017-05-11,116.58000183105467,116.87999725341795,115.77999877929688,116.52999877929688,110.52375793457033,2239000
2017-05-12,116.33000183105467,117.22000122070312,116.1500015258789,117.12999725341795,111.09282684326172,3195200
2017-05-15,117.36000061035156,118.55999755859376,117.08999633789062,118.20999908447266,112.11714935302734,2998200
2017-05-16,118.26000213623048,118.56999969482422,117.6999969482422,118.48999786376952,112.38275146484376,2375700
2017-05-17,117.29000091552734,117.91000366210938,116.6500015258789,116.8000030517578,110.77986145019533,4195000
2017-05-18,115.93000030517578,116.6500015258789,115.5500030517578,116.23999786376952,110.24871826171876,5088400
2017-05-19,116.91999816894533,117.88999938964844,116.51000213623048,117.58000183105467,111.5196533203125,4360500
2017-05-22,117.8000030517578,119.0999984741211,117.58000183105467,119.0,112.86646270751952,2578200
2017-05-23,119.04000091552734,119.93000030517578,118.97000122070312,119.5999984741211,113.4355239868164,2857100
2017-05-24,119.5999984741211,120.72000122070312,119.52999877929688,120.6999969482422,114.47881317138672,2509000
2017-05-25,121.0199966430664,122.4800033569336,120.9499969482422,121.91999816894533,115.6359405517578,4689200
2017-05-26,121.91000366210938,122.08000183105467,121.31999969482422,121.62999725341795,115.36091613769533,2141600
2017-05-30,121.29000091552734,121.79000091552734,121.02999877929688,121.6500015258789,115.37986755371094,3405500
2017-05-31,121.9000015258789,122.9800033569336,121.1500015258789,122.87999725341795,116.54647064208984,4708500
2017-06-01,122.8000030517578,123.4000015258789,122.11000061035156,123.4000015258789,117.0396728515625,3279000
2017-06-02,123.38999938964844,125.3000030517578,123.3499984741211,125.1999969482422,118.74687957763672,3731900
2017-06-05,125.54000091552734,126.19000244140624,125.25,125.9000015258789,119.4107894897461,4617400
2017-06-06,125.54000091552734,125.94000244140624,124.9800033569336,125.23999786376952,118.78482818603516,2712100
2017-06-07,125.4800033569336,125.87999725341795,124.7699966430664,125.19000244140624,118.7374038696289,3219700
2017-06-08,125.0,125.4000015258789,124.05999755859376,124.76000213623048,118.32957458496094,3332400
2017-06-09,124.91999816894533,124.94000244140624,121.70999908447266,123.04000091552734,116.69821166992188,3556700
2017-06-12,121.9800033569336,122.08999633789062,120.1999969482422,120.76000213623048,114.53573608398438,6574200
2017-06-13,121.23999786376952,122.70999908447266,121.08999633789062,122.31999969482422,116.01534271240234,3938200
2017-06-14,122.8499984741211,123.16000366210938,121.76000213623048,122.5,116.18607330322266,2940000
2017-06-15,121.06999969482422,121.62999725341795,119.88999938964844,121.41999816894533,115.16171264648438,3492600
2017-06-16,121.48999786376952,122.1999969482422,120.72000122070312,121.95999908447266,115.67389678955078,3804900
2017-06-19,122.62999725341795,123.12000274658205,122.26000213623048,123.08999633789062,116.7456512451172,2547100
2017-06-20,122.88999938964844,123.7699966430664,122.66999816894533,122.93000030517578,116.5938949584961,3015300
2017-06-21,123.54000091552734,123.54000091552734,122.44000244140624,123.0999984741211,116.75509643554688,2384100
2017-06-22,122.87000274658205,123.5199966430664,122.29000091552734,123.3000030517578,116.94482421875,2160600
2017-06-23,123.68000030517578,125.0,123.12000274658205,124.01000213623048,117.61822509765624,3381500
2017-06-26,124.16999816894533,124.58000183105467,123.19000244140624,123.5199966430664,117.15347290039062,2376700
2017-06-27,123.48999786376952,123.51000213623048,122.73999786376952,122.73999786376952,116.41368865966795,2516400
2017-06-28,123.19000244140624,124.87000274658205,122.56999969482422,124.80999755859376,118.3769989013672,2574900
2017-06-29,124.61000061035156,124.68000030517578,121.1999969482422,121.51000213623048,115.2470932006836,4147400
2017-06-30,121.77999877929688,122.41999816894533,121.20999908447266,121.4499969482422,115.190185546875,3574000
2017-07-03,122.25,122.30999755859376,120.72000122070312,120.77999877929688,114.55471801757812,2314200
2017-07-05,121.13999938964844,122.16000366210938,121.12000274658205,121.9800033569336,115.90399932861328,3856500
2017-07-06,121.33999633789062,121.68000030517578,120.6500015258789,120.8000030517578,114.78277587890624,2702600
2017-07-07,121.38999938964844,122.72000122070312,121.06999969482422,122.1999969482422,116.11299896240234,2119000
2017-07-10,122.16000366210938,123.19000244140624,121.81999969482422,122.7300033569336,116.61661529541016,2886900
2017-07-11,122.80999755859376,124.70999908447266,122.5,124.2300033569336,118.0418930053711,3885700
2017-07-12,125.0,125.75,124.5999984741211,125.27999877929688,119.03961181640624,2770400
2017-07-13,125.62000274658205,126.4000015258789,125.37000274658205,125.47000122070312,119.22014617919922,3330900
2017-07-14,125.55999755859376,127.52999877929688,125.55999755859376,127.01000213623048,120.68342590332033,2690800
2017-07-17,127.26000213623048,127.58000183105467,126.54000091552734,127.43000030517578,121.0824966430664,2291700
2017-07-18,127.11000061035156,128.16000366210938,127.0,127.7300033569336,121.3675765991211,3732800
2017-07-19,127.7300033569336,128.27000427246094,127.55999755859376,128.0399932861328,121.66209411621094,2550400
2017-07-20,128.39999389648438,128.83999633789062,127.94000244140624,128.47000122070312,122.07068634033205,2350300
2017-07-21,128.52999877929688,130.1999969482422,128.32000732421875,129.27000427246094,122.83086395263672,4375500
2017-07-24,129.38999938964844,129.89999389648438,128.60000610351562,129.52000427246094,123.06838989257812,3065400
2017-07-25,130.0,130.17999267578125,129.22000122070312,129.97999572753906,123.50550079345705,2476000
2017-07-26,129.9199981689453,131.17999267578125,129.75999450683594,130.99000549316406,124.46517944335938,3547800
2017-07-27,132.0,132.1999969482422,126.5500030517578,128.92999267578125,122.50779724121094,4914500
2017-07-28,128.9600067138672,129.99000549316406,127.30999755859376,127.91000366210938,121.5385971069336,5257900
2017-07-31,128.0,128.4499969482422,127.4000015258789,127.8000030517578,121.43406677246094,3347500
2017-08-01,128.66000366210938,129.97999572753906,128.5,129.49000549316406,123.03987884521484,4010500
2017-08-02,129.74000549316406,130.61000061035156,129.17999267578125,130.61000061035156,124.10408020019533,3578600
2017-08-03,130.39999389648438,130.57000732421875,129.24000549316406,129.88999938964844,123.41997528076172,2568100
2017-08-04,130.22000122070312,130.25,129.44000244140625,129.82000732421875,123.35343933105467,2208100
2017-08-07,129.99000549316406,130.5,129.5500030517578,130.3800048828125,123.88558959960938,1585600
2017-08-08,130.1300048828125,130.30999755859375,129.3000030517578,129.83999633789062,123.3724594116211,2062800
2017-08-09,129.08999633789062,130.02999877929688,128.77000427246094,129.72000122070312,123.25843048095705,1789900
2017-08-10,129.1699981689453,129.41000366210938,127.58999633789062,127.66999816894533,121.31055450439452,2590400
2017-08-11,128.16000366210938,129.4199981689453,127.86000061035156,128.5500030517578,122.14673614501952,2484300
2017-08-14,129.22999572753906,131.2899932861328,129.0,131.08999633789062,124.5602035522461,2793300
2017-08-15,131.4199981689453,131.99000549316406,130.9499969482422,131.5800018310547,125.02579498291016,2155600
2017-08-16,132.1699981689453,132.6300048828125,131.80999755859375,132.3699951171875,125.77642822265624,2000700
2017-08-17,132.16000366210938,132.5,130.82000732421875,130.8800048828125,124.36063385009766,2673000
2017-08-18,130.55999755859375,131.97000122070312,130.36000061035156,131.13999938964844,124.607666015625,3167300
2017-08-21,131.35000610351562,132.08999633789062,131.1300048828125,131.94000244140625,125.36784362792967,1807600
2017-08-22,132.50999450683594,134.24000549316406,132.27999877929688,133.8000030517578,127.13519287109376,2180100
2017-08-23,133.17999267578125,133.47999572753906,132.6699981689453,133.07000732421875,126.4416046142578,2006400
2017-08-24,133.22999572753906,133.4600067138672,131.97999572753906,132.9600067138672,126.33708953857422,2046600
2017-08-25,133.3000030517578,133.60000610351562,132.55999755859375,132.75,126.13750457763672,2215500
2017-08-28,133.14999389648438,134.0,132.7100067138672,133.85000610351562,127.18270874023438,2154700
2017-08-29,133.10000610351562,134.2100067138672,132.74000549316406,133.83999633789062,127.1731948852539,2122000
2017-08-30,133.92999267578125,134.24000549316406,133.47999572753906,133.8000030517578,127.13519287109376,3224500
2017-08-31,134.1999969482422,134.5,133.27999877929688,133.3000030517578,126.66014099121094,4374700
2017-09-01,133.83999633789062,133.89999389648438,133.13999938964844,133.24000549316406,126.60310363769533,2446600
2017-09-05,132.83999633789062,132.92999267578125,131.67999267578125,132.66000366210938,126.05199432373048,2726500
2017-09-06,132.99000549316406,133.66000366210938,132.58999633789062,132.88999938964844,126.27054595947266,3652100
2017-09-07,136.0800018310547,138.63999938964844,135.64999389648438,136.52999877929688,129.72921752929688,7269000
2017-09-08,136.22000122070312,137.74000549316406,136.05999755859375,137.22000122070312,130.38482666015625,4451300
2017-09-11,139.36000061035156,141.99000549316406,139.17999267578125,141.99000549316406,134.91725158691406,5457600
2017-09-12,142.66000366210938,143.52000427246094,141.80999755859375,142.4199981689453,135.32586669921875,3775000
2017-09-13,142.02000427246094,142.1300048828125,139.5399932861328,140.10000610351562,133.1213836669922,3613800
2017-09-14,139.5,141.8000030517578,139.3699951171875,141.47000122070312,134.42315673828125,4179400
2017-09-15,142.32000732421875,142.69000244140625,139.80999755859375,141.5800018310547,134.5276336669922,6152500
2017-09-18,141.66000366210938,141.69000244140625,140.50999450683594,141.39999389648438,134.35662841796875,2843500
2017-09-19,141.92999267578125,143.58999633789062,141.8699951171875,142.49000549316406,135.3924102783203,4179000
2017-09-20,142.25,143.07000732421875,141.4199981689453,142.24000549316406,135.15480041503906,2749700
2017-09-21,141.69000244140625,142.17999267578125,141.19000244140625,141.72000122070312,134.66067504882812,2835300
2017-09-22,141.5,142.39999389648438,141.5,141.88999938964844,134.822265625,1860400
2017-09-25,142.07000732421875,142.10000610351562,138.44000244140625,138.57000732421875,131.6676025390625,5541200
2017-09-26,139.02000427246094,139.3800048828125,137.75,138.3699951171875,131.47760009765625,3162600
2017-09-27,138.8000030517578,140.17999267578125,138.5500030517578,139.6699981689453,132.71279907226562,3716800
2017-09-28,139.44000244140625,140.2100067138672,138.83999633789062,140.1999969482422,133.2164306640625,2732000
2017-09-29,140.8300018310547,141.74000549316406,140.4199981689453,141.1999969482422,134.16664123535156,2603200
2017-10-02,141.89999389648438,142.92999267578125,141.47000122070312,141.82000732421875,134.75576782226562,2300700
2017-10-03,141.99000549316406,143.17999267578125,141.6999969482422,143.02000427246094,135.89598083496094,2514500
2017-10-04,142.72999572753906,143.0,141.32000732421875,142.08999633789062,135.0122528076172,3245700
2017-10-05,142.55999755859375,143.77999877929688,142.42999267578125,143.75,136.80136108398438,2723000
2017-10-06,143.5,143.77999877929688,142.77000427246094,143.52000427246094,136.58251953125,3067400
2017-10-09,143.47999572753906,145.17999267578125,142.89999389648438,144.5500030517578,137.56272888183594,2557700
2017-10-10,144.77999877929688,146.3699951171875,144.77999877929688,145.64999389648438,138.6095428466797,2593400
2017-10-11,145.60000610351562,147.1199951171875,145.60000610351562,146.85000610351562,139.75155639648438,3341900
2017-10-12,146.8300018310547,148.16000366210938,146.44000244140625,146.74000549316406,139.6468505859375,3226200
2017-10-13,147.50999450683594,148.4499969482422,147.2899932861328,147.33999633789062,140.2178497314453,2337300
2017-10-16,148.0399932861328,148.0399932861328,145.16000366210938,146.22000122070312,139.1519775390625,2590100
2017-10-17,146.3300018310547,146.4600067138672,145.52999877929688,145.92999267578125,138.8760223388672,3002400
2017-10-18,145.8300018310547,146.77000427246094,145.60000610351562,146.19000244140625,139.12339782714844,2525900
2017-10-19,145.38999938964844,146.1199951171875,144.66000366210938,144.97999572753906,137.971923828125,4169900
2017-10-20,145.6300048828125,145.72999572753906,144.57000732421875,145.3800048828125,138.35256958007812,3547300
2017-10-23,146.0,146.5,145.3000030517578,145.55999755859375,138.52391052246094,2514500
2017-10-24,146.19000244140625,146.49000549316406,145.35000610351562,145.8000030517578,138.75230407714844,2918400
2017-10-25,146.5,146.97999572753906,145.2100067138672,146.24000549316406,139.17100524902344,3439700
2017-10-26,147.0,147.3699951171875,146.35000610351562,146.58999633789062,139.5040740966797,2574900
2017-10-27,146.8300018310547,148.52000427246094,146.05999755859375,148.52000427246094,141.34083557128906,3491900
2017-10-30,151.3000030517578,151.47999572753906,148.5800018310547,148.9499969482422,141.75003051757812,6555700
2017-10-31,150.6300048828125,152.0,146.14999389648438,148.77000427246094,141.5787353515625,7613700
2017-11-01,149.9499969482422,151.49000549316406,148.77999877929688,148.88999938964844,141.69293212890625,4531700
2017-11-02,148.3300018310547,149.2100067138672,147.47000122070312,148.25,141.08389282226562,3883600
2017-11-03,148.41000366210938,149.36000061035156,147.7100067138672,149.2899932861328,142.0735626220703,2338700
2017-11-06,149.2100067138672,150.4600067138672,148.9600067138672,150.08999633789062,142.8348846435547,3142900
2017-11-07,150.30999755859375,150.47999572753906,148.9199981689453,149.97000122070312,142.72076416015625,2683400
2017-11-08,149.47000122070312,150.24000549316406,148.1999969482422,149.97000122070312,142.72076416015625,3786800
2017-11-09,149.27000427246094,149.8699951171875,147.58999633789062,149.2899932861328,142.0735626220703,2716400
2017-11-10,149.0,149.75999450683594,148.7100067138672,149.5399932861328,142.3114776611328,1795900
2017-11-13,148.75999450683594,150.1999969482422,148.74000549316406,149.69000244140625,142.45428466796875,1750500
2017-11-14,149.27999877929688,150.49000549316406,149.0500030517578,149.9499969482422,142.7017059326172,3062300
2017-11-15,149.3699951171875,149.50999450683594,148.10000610351562,148.3300018310547,141.16001892089844,3058100
2017-11-16,149.0,150.5399932861328,148.60000610351562,150.3300018310547,143.06333923339844,2715400
2017-11-17,149.3300018310547,149.52000427246094,148.27999877929688,149.02000427246094,141.816650390625,3186400
2017-11-20,149.36000061035156,150.2899932861328,149.22999572753906,149.55999755859375,142.33056640625,2048700
2017-11-21,149.97000122070312,152.6300048828125,149.92999267578125,152.50999450683594,145.13796997070312,3999000
2017-11-22,152.41000366210938,152.5500030517578,150.9499969482422,151.25,143.93887329101562,2658600
2017-11-24,151.39999389648438,153.0,151.1999969482422,152.74000549316406,145.35684204101562,1577500
2017-11-27,153.07000732421875,153.94000244140625,152.72000122070312,152.97000122070312,145.57571411132812,3260200
2017-11-28,153.50999450683594,154.64999389648438,153.36000061035156,154.19000244140625,146.73675537109375,3874500
2017-11-29,154.35000610351562,154.47000122070312,145.27999877929688,148.35000610351562,141.17904663085938,7217000
2017-11-30,149.32000732421875,151.1699981689453,148.2100067138672,150.47000122070312,143.19656372070312,6943700
2017-12-01,150.39999389648438,150.99000549316406,147.35000610351562,149.69000244140625,142.45428466796875,3933000
2017-12-04,149.9199981689453,150.58999633789062,143.3800048828125,143.42999267578125,136.49685668945312,7490100
2017-12-05,143.6999969482422,146.32000732421875,140.61000061035156,145.1300048828125,138.11465454101562,6807100
2017-12-06,145.07000732421875,148.07000732421875,144.6199951171875,147.4199981689453,140.29400634765625,3752000
2017-12-07,147.50999450683594,150.41000366210938,147.50999450683594,149.4499969482422,142.22584533691406,3417900
2017-12-08,150.4199981689453,150.44000244140625,149.1699981689453,149.88999938964844,142.64459228515625,2521500
2017-12-11,150.22000122070312,151.25,150.10000610351562,150.8800048828125,143.58673095703125,3394800
2017-12-12,150.8300018310547,153.72999572753906,150.61000061035156,152.5,145.12840270996094,3360300
2017-12-13,152.5,153.44000244140625,151.66000366210938,151.69000244140625,144.3575897216797,3618700
2017-12-14,151.9199981689453,153.5500030517578,151.77999877929688,151.92999267578125,144.5860137939453,3016700
2017-12-15,152.64999389648438,153.6199951171875,150.86000061035156,153.39999389648438,145.98487854003906,5067300
2017-12-18,154.13999938964844,154.64999389648438,153.05999755859375,153.1199951171875,145.718505859375,3531500
2017-12-19,152.9600067138672,153.16000366210938,151.42999267578125,151.67999267578125,144.34803771972656,2712700
2017-12-20,152.50999450683594,152.72999572753906,151.0399932861328,151.4499969482422,144.12918090820312,1992500
2017-12-21,151.4499969482422,152.22999572753906,150.42999267578125,150.52999877929688,143.25369262695312,2789000
2017-12-22,150.94000244140625,151.52000427246094,150.30999755859375,150.85000610351562,143.5582275390625,1892300
2017-12-26,150.5800018310547,151.33999633789062,149.88999938964844,151.27999877929688,143.9674072265625,1200700
2017-12-27,151.55999755859375,151.77999877929688,151.10000610351562,151.39999389648438,144.0816192626953,1730200
2017-12-28,151.86000061035156,152.6199951171875,151.1999969482422,151.77000427246094,144.43370056152344,1570600
2017-12-29,152.2100067138672,152.89999389648438,151.36000061035156,151.36000061035156,144.0435333251953,2258800
2018-01-02,152.00999450683594,153.41000366210938,151.1199951171875,151.91000366210938,144.56692504882812,3168900
2018-01-03,152.2899932861328,153.97999572753906,152.16000366210938,153.82000732421875,146.3846435546875,3732400
2018-01-04,154.5399932861328,157.39999389648438,154.32000732421875,155.80999755859375,148.2783966064453,3247200
2018-01-05,156.1999969482422,159.0399932861328,156.19000244140625,159.0399932861328,151.35231018066406,2747700
2018-01-08,158.5800018310547,160.47999572753906,158.0800018310547,159.27000427246094,151.8097686767578,3143100
2018-01-09,159.64999389648438,160.11000061035156,158.5399932861328,159.5,152.0290069580078,2573900
2018-01-10,159.22999572753906,159.97000122070312,157.57000732421875,159.86000061035156,152.37216186523438,2416900
2018-01-11,160.10000610351562,161.1300048828125,159.44000244140625,160.9199981689453,153.38253784179688,2804000
2018-01-12,161.5,162.52000427246094,160.25,162.3300018310547,154.7264862060547,3041000
2018-01-16,163.63999938964844,163.94000244140625,161.30999755859375,162.2899932861328,154.6883544921875,4673400
2018-01-17,163.1199951171875,164.5,162.8800048828125,164.32000732421875,156.62327575683594,3136000
2018-01-18,164.8300018310547,165.97999572753906,164.11000061035156,165.47999572753906,157.72894287109375,4150600
2018-01-19,166.3000030517578,166.9499969482422,165.16000366210938,166.8300018310547,159.0156707763672,2947800
2018-01-22,166.5800018310547,168.3300018310547,166.2899932861328,168.27999877929688,160.3977508544922,2275900
2018-01-23,168.5,168.9499969482422,166.64999389648438,167.19000244140625,159.35888671875,3035300
2018-01-24,167.94000244140625,168.10000610351562,165.9499969482422,167.00999450683594,159.18728637695312,3912400
2018-01-25,168.00999450683594,168.92999267578125,167.1300048828125,168.58999633789062,160.6932830810547,2088900
2018-01-26,169.00999450683594,170.36000061035156,168.7899932861328,170.33999633789062,162.3612823486328,2191600
2018-01-29,170.1199951171875,170.80999755859375,168.2899932861328,168.5500030517578,160.6551513671875,3082800
2018-01-30,167.41000366210938,168.0,166.3000030517578,167.19000244140625,159.35888671875,4227100
2018-01-31,167.50999450683594,169.6699981689453,167.02000427246094,169.0,161.0840301513672,5815300
2018-02-01,172.50999450683594,176.72000122070312,171.0,172.92999267578125,164.82997131347656,6848400
2018-02-02,171.89999389648438,177.11000061035156,170.4199981689453,170.5500030517578,162.56146240234375,6556500
2018-02-05,167.3699951171875,171.9600067138672,164.00999450683594,164.58999633789062,156.88059997558594,7196000
2018-02-06,160.5,169.36000061035156,156.8000030517578,169.27999877929688,161.35098266601562,7259900
2018-02-07,169.0,172.61000061035156,167.4499969482422,168.72999572753906,160.82667541503906,4364800
2018-02-08,168.77000427246094,169.24000549316406,160.4600067138672,160.6199951171875,153.09658813476562,6557700
2018-02-09,161.6699981689453,166.49000549316406,158.57000732421875,165.1999969482422,157.46209716796875,6303000
2018-02-12,166.8000030517578,168.82000732421875,165.5800018310547,168.19000244140625,160.31201171875,5227400
2018-02-13,167.3300018310547,170.77000427246094,167.00999450683594,170.1199951171875,162.1515350341797,3471000
2018-02-14,169.36000061035156,172.66000366210938,169.0,172.52000427246094,164.43919372558594,4203700
2018-02-15,173.9499969482422,174.6999969482422,171.36000061035156,174.69000244140625,166.507568359375,3915000
2018-02-16,174.35000610351562,176.6699981689453,174.13999938964844,175.64999389648438,167.42259216308594,4213100
2018-02-20,174.8800048828125,176.42999267578125,174.0399932861328,175.35000610351562,167.13661193847656,3750100
2018-02-21,175.35000610351562,176.35000610351562,172.27999877929688,172.32000732421875,164.24856567382812,5999500
2018-02-22,173.33999633789062,173.8300018310547,170.8000030517578,172.9499969482422,164.84909057617188,5605800
2018-02-23,173.89999389648438,175.77999877929688,172.49000549316406,175.75999450683594,167.5274658203125,3093800
2018-02-26,176.5,178.13999938964844,176.05999755859375,177.8699951171875,169.53854370117188,4088100
2018-02-27,177.72000122070312,179.1699981689453,175.92999267578125,175.92999267578125,167.68946838378906,3815900
2018-02-28,176.2899932861328,178.97000122070312,175.75,175.75999450683594,167.5274658203125,4145700
2018-03-01,176.35000610351562,177.35000610351562,172.14999389648438,173.49000549316406,165.36375427246094,4658500
2018-03-02,171.55999755859375,175.3300018310547,169.27000427246094,175.02000427246094,166.8220977783203,4190100
2018-03-05,174.1300048828125,179.27000427246094,172.91000366210938,178.52999877929688,170.16769409179688,4826500
2018-03-06,179.17999267578125,180.08999633789062,176.9499969482422,177.52999877929688,169.2145233154297,3820900
2018-03-07,175.75999450683594,179.7100067138672,175.5500030517578,179.2100067138672,170.81581115722656,2766100
2018-03-08,179.35000610351562,179.88999938964844,177.55999755859375,179.25,170.8539276123047,2235300
2018-03-09,180.25,183.3300018310547,179.97000122070312,183.2400054931641,174.65704345703125,4168900
2018-03-12,182.8300018310547,183.5200042724609,181.6999969482422,182.5399932861328,173.98983764648438,3589000
2018-03-13,183.47000122070312,183.72999572753903,180.1499938964844,181.009994506836,172.531494140625,3286600
2018-03-14,181.9900054931641,182.0,179.6199951171875,180.1199951171875,171.6831817626953,2820700
2018-03-15,180.57000732421875,182.1699981689453,180.02000427246094,180.9499969482422,172.47434997558594,2258200
2018-03-16,181.009994506836,183.1699981689453,181.009994506836,182.5500030517578,173.99937438964844,4605000
2018-03-19,181.7899932861328,182.3000030517578,179.11000061035156,180.5800018310547,172.12167358398438,3770000
2018-03-20,181.3099975585937,183.25,181.22000122070312,182.509994506836,173.9612274169922,2859300
2018-03-21,182.9600067138672,183.5,180.7400054931641,180.75,172.2837371826172,3238400
2018-03-22,179.1999969482422,180.259994506836,175.11000061035156,175.52000427246094,167.29867553710938,4387300
2018-03-23,176.17999267578125,176.8699951171875,171.66000366210938,171.8300018310547,163.78150939941406,4324100
2018-03-26,175.3300018310547,177.47000122070312,173.05999755859375,177.1699981689453,168.87139892578125,5470100
2018-03-27,178.36000061035156,178.5,170.97000122070312,172.52000427246094,164.43919372558594,5069100
2018-03-28,172.25,172.92999267578125,168.5500030517578,170.35000610351562,162.37083435058594,5166600
2018-03-29,171.72000122070312,176.66000366210938,170.82000732421875,175.16000366210938,166.95555114746094,3719200
2018-04-02,174.63999938964844,175.77000427246094,169.0399932861328,171.60000610351562,163.56227111816406,4222400
2018-04-03,172.36000061035156,172.88999938964844,169.80999755859375,172.47000122070312,164.39151000976562,3612600
2018-04-04,169.17999267578125,174.00999450683594,167.94000244140625,173.69000244140625,165.5543670654297,4628300
2018-04-05,175.1300048828125,177.44000244140625,174.5399932861328,175.8000030517578,167.56556701660156,3434100
2018-04-06,173.3699951171875,175.14999389648438,168.9600067138672,169.6999969482422,161.9816436767578,5005500
2018-04-09,171.27000427246094,174.08999633789062,170.13999938964844,170.33999633789062,162.59249877929688,3910700
2018-04-10,173.13999938964844,175.4499969482422,172.02000427246094,174.72000122070312,166.77328491210938,3149900
2018-04-11,173.6999969482422,175.60000610351562,172.1199951171875,172.36000061035156,164.52066040039062,2783000
2018-04-12,173.3300018310547,176.47999572753906,173.16000366210938,174.8000030517578,166.84963989257812,3065600
2018-04-13,176.0,176.10000610351562,172.6999969482422,174.27000427246094,166.34373474121094,3059600
2018-04-16,175.6199951171875,176.10000610351562,172.97000122070312,173.8699951171875,165.96194458007812,4668200
2018-04-17,175.77000427246094,179.19000244140625,174.6699981689453,178.33999633789062,170.22869873046875,4210200
2018-04-18,178.5,179.8000030517578,177.07000732421875,179.4600067138672,171.29771423339844,3150600
2018-04-19,179.0800018310547,179.57000732421875,178.25999450683594,179.00999450683594,170.8682098388672,3560400
2018-04-20,178.52999877929688,179.49000549316406,176.5,177.0800018310547,169.0260009765625,4233000
2018-04-23,178.16000366210938,178.35000610351562,174.6999969482422,175.42999267578125,167.45101928710938,4355000
2018-04-24,176.67999267578125,177.5500030517578,171.19000244140625,173.24000549316406,165.36061096191406,5369000
2018-04-25,173.3699951171875,173.8699951171875,170.64999389648438,172.47000122070312,164.62562561035156,3396200
2018-04-26,174.52000427246094,179.6300048828125,174.22000122070312,178.16000366210938,170.0568389892578,4784400
2018-04-27,178.5399932861328,179.0,175.17999267578125,175.94000244140625,167.93785095214844,3781000
2018-04-30,177.49000549316406,180.0,177.10000610351562,178.27000427246094,170.161865234375,4323900
2018-05-01,178.27000427246094,180.3600006103516,176.91000366210938,180.25,172.05177307128906,4828300
2018-05-02,186.1999969482422,188.25,183.1199951171875,185.82000732421875,177.36846923828125,10133100
2018-05-03,184.6000061035156,187.88999938964844,183.94000244140625,186.47999572753903,177.99842834472656,5785700
2018-05-04,185.7899932861328,188.7899932861328,185.1100006103516,188.1699981689453,179.61155700683594,3593600
2018-05-07,188.3000030517578,189.5200042724609,187.6300048828125,189.1000061035156,180.499267578125,4077300
2018-05-08,188.88999938964844,190.66000366210932,188.0200042724609,190.52999877929688,181.8642425537109,3396400
2018-05-09,190.509994506836,191.67999267578125,189.0,190.6300048828125,181.9597320556641,2933900
2018-05-10,191.0399932861328,193.72000122070312,190.94000244140625,193.0500030517578,184.26963806152344,2821200
2018-05-11,193.0,194.08999633789065,192.0399932861328,193.3500061035156,184.55599975585932,3301700
2018-05-14,193.5,194.72000122070312,191.58999633789065,192.1199951171875,183.3819122314453,2877200
2018-05-15,191.009994506836,192.1999969482422,190.1499938964844,192.0,183.26739501953125,2747500
2018-05-16,192.69000244140625,192.91000366210932,191.44000244140625,192.3800048828125,183.6300811767578,2109300
2018-05-17,192.0500030517578,192.44000244140625,190.58999633789065,191.1999969482422,182.5037384033203,2378300
2018-05-18,191.6199951171875,192.08999633789065,190.38999938964844,190.3999938964844,181.74009704589844,4208500
2018-05-21,191.5,192.8300018310547,190.009994506836,191.1999969482422,182.5037384033203,2632600
2018-05-22,191.17999267578125,192.63999938964844,190.83999633789065,191.6199951171875,182.90463256835932,2620200
2018-05-23,190.7400054931641,193.0,190.3000030517578,192.9900054931641,184.2123565673828,2529900
2018-05-24,192.91000366210932,193.3999938964844,190.0,191.91000366210932,183.18145751953125,2912900
2018-05-25,191.75,191.88999938964844,189.72000122070312,191.1699981689453,182.47515869140625,2459600
2018-05-29,190.25,190.4900054931641,186.6000061035156,189.52999877929688,180.9097442626953,4545000
2018-05-30,190.42999267578125,191.92999267578125,189.8999938964844,191.759994506836,183.038314819336,2764200
2018-05-31,191.88999938964844,192.44000244140625,189.82000732421875,190.1199951171875,181.47286987304688,4641400
2018-06-01,192.02999877929688,195.3699951171875,191.8999938964844,195.3699951171875,186.48403930664065,4194900
2018-06-04,195.94000244140625,198.1100006103516,195.22999572753903,197.72999572753903,188.7367401123047,3917200
2018-06-05,198.1100006103516,199.7100067138672,197.8300018310547,199.3600006103516,190.2926025390625,2655500
2018-06-06,199.8600006103516,203.2899932861328,199.7700042724609,203.2100067138672,193.96749877929688,3233100
2018-06-07,203.3800048828125,204.0,198.3000030517578,199.5399932861328,190.46446228027344,4084100
2018-06-08,199.1999969482422,200.52999877929688,199.0,200.0399932861328,190.9416656494141,2296700
2018-06-11,200.6100006103516,201.0,198.259994506836,198.4900054931641,189.46218872070312,2616900
2018-06-12,199.1199951171875,200.1499938964844,198.19000244140625,200.1300048828125,191.027587890625,2660500
2018-06-13,200.6300048828125,201.6199951171875,199.2100067138672,199.41000366210932,190.3403778076172,2686100
2018-06-14,200.6699981689453,201.38999938964844,199.0500030517578,199.3099975585937,190.244857788086,2846900
2018-06-15,198.5500030517578,199.6699981689453,197.57000732421875,199.52999877929688,190.45489501953125,4162100
2018-06-18,197.63999938964844,201.4499969482422,197.41000366210932,201.1300048828125,191.98211669921875,2081300
2018-06-19,198.4600067138672,199.92999267578125,197.2700042724609,199.69000244140625,190.6076202392578,2666200
2018-06-20,200.5,203.4600067138672,200.25,201.5399932861328,192.3734588623047,3898600
2018-06-21,202.41000366210932,203.67999267578125,199.97999572753903,200.77999877929688,191.6480255126953,2678200
2018-06-22,201.57000732421875,201.8699951171875,199.6100006103516,201.47999572753903,192.31619262695312,2993600
2018-06-25,200.38999938964844,200.44000244140625,193.7100067138672,194.97999572753903,186.11181640625,4780600
2018-06-26,196.17999267578125,198.66000366210932,195.759994506836,196.4600067138672,187.5245361328125,4271200
2018-06-27,197.4600067138672,198.1999969482422,193.16000366210932,193.17999267578125,184.3936767578125,3233000
2018-06-28,193.4600067138672,197.75,193.2100067138672,197.1000061035156,188.1354522705078,2621100
2018-06-29,198.1999969482422,198.3099975585937,196.17999267578125,196.5200042724609,187.581787109375,3006900
2018-07-02,195.7400054931641,197.97000122070312,194.75,197.6699981689453,188.6794891357422,3018300
2018-07-03,198.3300018310547,198.5800018310547,196.13999938964844,196.2899932861328,187.36227416992188,1567400
2018-07-05,198.0,198.9600067138672,197.1499938964844,198.8699951171875,189.8248748779297,3101900
2018-07-06,198.1100006103516,200.259994506836,197.47999572753903,199.5200042724609,190.68502807617188,2050300
2018-07-09,200.8000030517578,201.58999633789065,199.25,200.92999267578125,192.0326385498047,2377300
2018-07-10,201.33999633789065,202.75,200.1199951171875,201.5200042724609,192.5964813232422,2265100
2018-07-11,200.47000122070312,204.1499938964844,200.25,203.83999633789065,194.81375122070312,2827900
2018-07-12,205.0,209.19000244140625,204.75,207.77999877929688,198.57928466796875,3970800
2018-07-13,207.1000061035156,207.52999877929688,203.44000244140625,205.91000366210932,196.7921142578125,2590800
2018-07-16,205.6199951171875,206.0,203.759994506836,204.0800018310547,195.0431365966797,2955000
2018-07-17,203.0,206.6999969482422,201.6300048828125,206.3699951171875,197.2317657470703,2919000
2018-07-18,206.6499938964844,208.3800048828125,205.3800048828125,208.3600006103516,199.1336212158203,3595400
2018-07-19,208.3600006103516,208.7100067138672,205.759994506836,206.0599975585937,196.9354553222656,2264600
2018-07-20,206.19000244140625,207.3500061035156,206.17999267578125,206.7100067138672,197.55665588378903,2801000
2018-07-23,206.6999969482422,207.9600067138672,205.6499938964844,207.83999633789065,198.6366577148437,2717900
2018-07-24,208.7400054931641,210.3999938964844,208.3099975585937,209.5800018310547,200.2996063232422,3509100
2018-07-25,210.0,214.27999877929688,209.6499938964844,214.16000366210932,204.67677307128903,4967900
2018-07-26,210.1499938964844,211.8000030517578,204.5599975585937,207.3699951171875,198.1874847412109,7279900
2018-07-27,211.69000244140625,211.75,201.22000122070312,202.94000244140625,193.95361328125,4913000
2018-07-30,202.9499969482422,203.3300018310547,196.1999969482422,197.8699951171875,189.10812377929688,5939300
2018-07-31,199.0200042724609,200.6199951171875,196.22999572753903,198.0,189.2323760986328,4416600
2018-08-01,199.2700042724609,201.3600006103516,198.3500061035156,201.1999969482422,192.2906951904297,4614200
2018-08-02,199.08999633789065,202.19000244140625,197.8699951171875,202.009994506836,193.06475830078125,3615000
2018-08-03,202.009994506836,202.42999267578125,198.27999877929688,201.1999969482422,192.2906951904297,2722800
2018-08-06,201.0,202.4600067138672,200.509994506836,201.5399932861328,192.6156005859375,3061300
2018-08-07,202.5,203.1499938964844,201.9600067138672,202.6199951171875,193.64776611328125,2422200
2018-08-08,202.4199981689453,203.5800018310547,202.0800018310547,202.8600006103516,193.87716674804688,2697900
2018-08-09,203.19000244140625,204.66000366210932,202.6499938964844,203.6000061035156,194.5843963623047,2444900
2018-08-10,202.97000122070312,203.91000366210932,202.16000366210932,202.6499938964844,193.67645263671875,2567000
2018-08-13,202.6499938964844,204.33999633789065,201.88999938964844,202.3099975585937,193.3514862060547,2014000
2018-08-14,202.8099975585937,204.0500030517578,201.38999938964844,203.8800048828125,194.8520050048828,2076600
2018-08-15,202.6499938964844,203.0500030517578,199.5,200.2400054931641,191.3731842041016,2955700
2018-08-16,201.94000244140625,204.22999572753903,200.82000732421875,203.6000061035156,194.5843963623047,2894000
2018-08-17,203.8600006103516,204.6000061035156,202.009994506836,203.2100067138672,194.211654663086,2308900
2018-08-20,203.47000122070312,204.97999572753903,202.3600006103516,204.75,195.6834259033203,2469300
2018-08-21,205.0,205.92999267578125,202.6300048828125,203.08999633789065,194.0969696044922,1979600
2018-08-22,202.5,205.22000122070312,202.25,204.3099975585937,195.2629852294922,1905300
2018-08-23,204.4900054931641,205.9600067138672,204.17999267578125,205.22000122070312,196.1326904296875,2247600
2018-08-24,206.0,209.5,205.57000732421875,209.3999938964844,200.1276092529297,2722600
2018-08-27,210.17999267578125,211.75,210.17999267578125,211.52999877929688,202.16326904296875,2550200
2018-08-28,211.6999969482422,213.02999877929688,210.94000244140625,212.6300048828125,203.21456909179688,2240200
2018-08-29,212.5,215.8600006103516,212.4499969482422,214.57000732421875,205.0686187744141,3172100
2018-08-30,214.25,215.27999877929688,212.8300018310547,213.8000030517578,204.3326873779297,3083000
2018-08-31,213.5800018310547,215.8000030517578,213.5,215.5599975585937,206.01475524902344,3020000
2018-09-04,215.67999267578125,217.3500061035156,214.67999267578125,216.82000732421875,207.21896362304688,3776500
2018-09-05,215.759994506836,215.7700042724609,210.3099975585937,211.16000366210932,201.8096618652344,3869500
2018-09-06,211.44000244140625,213.2700042724609,210.47000122070312,212.7700042724609,203.3483123779297,3032800
2018-09-07,211.0200042724609,213.2400054931641,209.6999969482422,211.08999633789065,201.74273681640625,3298500
2018-09-10,212.66000366210932,213.47999572753903,211.3800048828125,211.6699981689453,202.2970428466797,3326300
2018-09-11,210.5200042724609,213.5599975585937,210.1000061035156,213.4499969482422,203.9982147216797,2728500
2018-09-12,213.0500030517578,214.4600067138672,211.8600006103516,214.02999877929688,204.55258178710932,2291300
2018-09-13,214.7700042724609,218.69000244140625,214.3699951171875,217.22000122070312,207.601318359375,3898000
2018-09-14,218.0,218.82000732421875,216.4199981689453,217.9600067138672,208.3085174560547,2638000
2018-09-17,219.97000122070312,219.97999572753903,216.1100006103516,216.47000122070312,206.884521484375,2500900
2018-09-18,217.4600067138672,220.9600067138672,217.3000030517578,220.0500030517578,210.3059844970703,2851000
2018-09-19,220.6300048828125,221.41000366210932,217.16000366210932,218.19000244140625,208.52835083007807,2883000
2018-09-20,219.97999572753903,221.9199981689453,218.8999938964844,221.38999938964844,211.5866241455078,3108500
2018-09-21,222.13999938964844,223.3699951171875,220.88999938964844,221.8999938964844,212.0740509033203,7177800
2018-09-24,220.41000366210932,222.13999938964844,218.2100067138672,221.3500061035156,211.54840087890625,2520000
2018-09-25,221.9199981689453,223.0399932861328,221.22000122070312,222.1199951171875,212.28428649902344,2181300
2018-09-26,222.6199951171875,224.3600006103516,221.6999969482422,222.259994506836,212.4180603027344,2963600
2018-09-27,222.69000244140625,223.6100006103516,222.0599975585937,222.3099975585937,212.4658660888672,2645200
2018-09-28,222.1300048828125,223.69000244140625,221.0500030517578,222.6100006103516,212.7526092529297,2955000
2018-10-01,224.83999633789065,225.3500061035156,223.08999633789065,223.7700042724609,213.8612365722656,2955500
2018-10-02,223.5,223.72999572753903,221.009994506836,222.3699951171875,212.5232391357422,3060700
2018-10-03,223.77999877929688,224.3300018310547,222.5500030517578,223.1300048828125,213.2495574951172,2662400
2018-10-04,222.07000732421875,222.1499938964844,214.58999633789065,216.1499938964844,206.5786895751953,5664900
2018-10-05,216.4499969482422,217.19000244140625,211.8500061035156,213.259994506836,204.05262756347656,4268300
2018-10-08,211.6999969482422,211.8000030517578,203.25,208.259994506836,199.2684631347656,5611000
2018-10-09,208.0599975585937,210.9900054931641,206.69000244140625,209.759994506836,200.70376586914065,5659400
2018-10-10,209.3300018310547,209.3300018310547,196.009994506836,196.69000244140625,188.1980438232422,8455000
2018-10-11,194.6499938964844,199.72999572753903,192.91000366210932,194.509994506836,186.11216735839844,9185200
2018-10-12,200.57000732421875,204.83999633789065,199.5399932861328,204.22000122070312,195.40293884277344,6160300
2018-10-15,203.72000122070312,203.8000030517578,199.52999877929688,200.32000732421875,191.6712951660156,3969200
2018-10-16,202.67999267578125,208.1199951171875,202.52999877929688,207.77999877929688,198.8092498779297,4694900
2018-10-17,207.6300048828125,208.0,204.69000244140625,207.3800048828125,198.42648315429688,4431200
2018-10-18,206.97000122070312,207.22000122070312,202.259994506836,203.6199951171875,194.8288116455078,6264500
2018-10-19,203.8699951171875,207.44000244140625,203.0,203.0599975585937,194.29299926757807,4832500
2018-10-22,203.72000122070312,206.259994506836,201.8800048828125,204.5,195.6708526611328,4045100
2018-10-23,199.4900054931641,203.72999572753903,196.6000061035156,202.42999267578125,193.690185546875,5076800
2018-10-24,202.63999938964844,203.47000122070312,195.3800048828125,195.69000244140625,187.24122619628903,4415900
2018-10-25,197.0,205.1000061035156,195.7100067138672,204.1999969482422,195.38380432128903,4940700
2018-10-26,199.1999969482422,202.41000366210932,195.72999572753903,197.4900054931641,188.9635162353516,6523600
2018-10-29,200.3500061035156,202.33999633789065,187.6300048828125,191.0399932861328,182.79196166992188,6623800
2018-10-30,192.5800018310547,193.6300048828125,183.75,187.72999572753903,179.6248779296875,9239200
2018-10-31,193.25,199.9600067138672,193.25,197.6699981689453,189.1357421875,7683500
2018-11-01,198.88999938964844,200.0,195.009994506836,199.7100067138672,191.08767700195312,4439000
2018-11-02,198.9199981689453,200.9900054931641,195.25,197.72000122070312,189.18359375,4261500
2018-11-05,198.1999969482422,199.1300048828125,194.2899932861328,197.97999572753903,189.4322967529297,3110800
2018-11-06,198.5,200.6699981689453,197.52999877929688,199.1499938964844,190.55186462402344,2916000
2018-11-07,202.19000244140625,208.3800048828125,201.7400054931641,208.2400054931641,199.24940490722656,4922800
2018-11-08,207.3600006103516,208.8600006103516,206.0,208.8600006103516,199.84262084960932,3922200
2018-11-09,207.3800048828125,207.97999572753903,203.4199981689453,205.6199951171875,196.7424468994141,3229700
2018-11-12,204.6199951171875,205.25,198.72999572753903,199.13999938964844,190.5422821044922,3507300
2018-11-13,199.77999877929688,202.25,197.5500030517578,198.1699981689453,189.61410522460932,2852000
2018-11-14,200.5599975585937,202.22999572753903,195.6100006103516,197.5800018310547,189.04962158203125,3218600
2018-11-15,197.0200042724609,201.1499938964844,194.3300018310547,200.7100067138672,192.04444885253903,3424600
2018-11-16,199.0,200.91000366210932,197.4499969482422,199.0399932861328,190.44656372070312,2939500
2018-11-19,199.0399932861328,199.3999938964844,188.5500030517578,189.27999877929688,181.1079559326172,4488100
2018-11-20,181.97999572753903,188.8000030517578,177.39999389648438,187.0599975585937,178.9838409423828,7892900
2018-11-21,188.5399932861328,190.08999633789065,186.2400054931641,187.66000366210932,179.55795288085938,3950200
2018-11-23,184.8800048828125,186.22999572753903,182.259994506836,182.6000061035156,174.7163848876953,2601000
2018-11-26,185.5800018310547,192.22999572753903,183.67999267578125,191.8500061035156,183.56700134277344,6917200
2018-11-27,190.75,193.0399932861328,189.4499969482422,192.97999572753903,184.6482391357422,3976300
2018-11-28,195.0,202.47000122070312,193.2700042724609,202.27999877929688,193.54669189453125,6203000
2018-11-29,202.0500030517578,202.0500030517578,196.3099975585937,196.66000366210932,188.1693115234375,5447700
2018-11-30,196.58999633789065,201.6699981689453,195.8000030517578,201.07000732421875,192.388900756836,7944700
2018-12-03,206.009994506836,209.91000366210932,205.94000244140625,209.8600006103516,200.79949951171875,6599900
2018-12-04,207.38999938964844,209.5200042724609,199.6199951171875,200.4900054931641,191.83401489257807,6628600
2018-12-06,194.8000030517578,203.3699951171875,194.22000122070312,202.9900054931641,194.2260589599609,6558900
2018-12-07,203.77999877929688,206.5200042724609,194.8999938964844,196.5,188.0162811279297,4968100
2018-12-10,194.6499938964844,198.72000122070312,193.0,198.0599975585937,189.5088806152344,4101000
2018-12-11,201.0800018310547,201.3999938964844,196.0599975585937,197.7400054931641,189.2027130126953,3582400
2018-12-12,200.4600067138672,205.9600067138672,200.259994506836,200.2899932861328,191.6426239013672,5160100
2018-12-13,200.8000030517578,202.1999969482422,195.3099975585937,198.9600067138672,190.3700256347656,5246200
2018-12-14,196.6000061035156,197.2400054931641,193.19000244140625,195.3300018310547,186.8967437744141,3801700
2018-12-17,193.5,193.5399932861328,188.7700042724609,190.4499969482422,182.2274475097656,5459900
2018-12-18,192.0599975585937,194.3500061035156,190.1000061035156,191.6100006103516,183.3373413085937,4345200
2018-12-19,190.92999267578125,194.3500061035156,184.759994506836,187.1199951171875,179.04119873046875,6100600
2018-12-20,185.6000061035156,188.33999633789065,180.22999572753903,182.7100067138672,174.82159423828125,6562600
2018-12-21,181.1999969482422,185.2700042724609,175.0,175.19000244140625,167.6263427734375,8374300
2018-12-24,173.14999389648438,177.97999572753906,171.88999938964844,174.64999389648438,167.10958862304688,4351900
2018-12-26,176.0,186.5,176.0,186.42999267578125,178.38101196289062,5261400
2018-12-27,183.97999572753903,188.6999969482422,180.16000366210932,188.69000244140625,180.5434112548828,4695200
2018-12-28,189.7100067138672,190.1000061035156,184.17999267578125,186.16000366210932,178.1226806640625,4830300
2018-12-31,186.9199981689453,189.0,186.3600006103516,188.6499938964844,180.5051727294922,3658500
2019-01-02,185.8300018310547,190.82000732421875,185.3099975585937,189.7400054931641,181.54812622070312,4294000
2019-01-03,187.5,187.509994506836,180.97999572753903,181.17999267578125,173.35768127441406,5070900
2019-01-04,184.8500061035156,191.25,184.44000244140625,189.759994506836,181.56723022460932,4452900
2019-01-07,190.6300048828125,193.0200042724609,189.7100067138672,191.22000122070312,182.9641876220703,4219200
2019-01-08,189.8999938964844,192.4900054931641,188.5,192.27999877929688,184.29649353027344,5069700
2019-01-09,194.3000030517578,196.5500030517578,193.27999877929688,195.7700042724609,187.6415557861328,5471500
2019-01-10,193.02999877929688,197.2400054931641,191.32000732421875,196.9499969482422,188.77256774902344,3693600
2019-01-11,196.07000732421875,196.6999969482422,194.7100067138672,195.8999938964844,187.7662048339844,2500100
2019-01-14,194.3800048828125,197.0,194.0,195.42999267578125,187.31570434570312,3336500
2019-01-15,195.22000122070312,197.3500061035156,193.1000061035156,196.5200042724609,188.3604431152344,3783000
2019-01-16,197.509994506836,198.41000366210932,196.5,197.7700042724609,189.5585327148437,3546300
2019-01-17,197.4499969482422,200.3999938964844,197.1000061035156,199.3099975585937,191.0346069335937,2764100
2019-01-18,201.17999267578125,202.52999877929688,200.0200042724609,202.0,193.6129150390625,4866600
2019-01-22,199.7899932861328,201.0,197.6499938964844,199.4600067138672,191.1783599853516,4457700
2019-01-23,201.0500030517578,201.0599975585937,196.6000061035156,198.3500061035156,190.11447143554688,3086100
2019-01-24,198.4199981689453,200.1999969482422,197.92999267578125,199.7899932861328,191.4947052001953,2792000
2019-01-25,202.19000244140625,203.88999938964844,199.7899932861328,202.94000244140625,194.513900756836,4677500
2019-01-28,200.7400054931641,200.97999572753903,198.0599975585937,200.16000366210932,191.84930419921875,3277200
2019-01-29,200.19000244140625,200.6699981689453,197.66000366210932,199.2400054931641,190.96749877929688,3661900
2019-01-30,200.4199981689453,204.8300018310547,199.8999938964844,204.0200042724609,195.54904174804688,4079500
2019-01-31,209.8000030517578,212.97000122070312,208.0,211.1300048828125,202.3638610839844,11316200
2019-02-01,211.9900054931641,214.63999938964844,211.1999969482422,213.7700042724609,204.89422607421875,6470100
2019-02-04,214.3500061035156,214.9499969482422,213.1999969482422,214.91000366210932,205.98687744140625,4397500
2019-02-05,215.0,216.6999969482422,214.9499969482422,215.8600006103516,206.89749145507807,3091500
2019-02-06,215.25,215.8999938964844,213.67999267578125,215.3000030517578,206.36073303222656,2698000
2019-02-07,213.4600067138672,214.4499969482422,211.6000061035156,213.97000122070312,205.0858917236328,2742900
2019-02-08,212.0,216.6300048828125,212.0,216.5800018310547,207.5875701904297,3248400
2019-02-11,216.9900054931641,218.6499938964844,216.33999633789065,217.1000061035156,208.08595275878903,2974400
2019-02-12,218.5599975585937,219.4900054931641,217.63999938964844,218.91000366210932,209.82080078125,3411400
2019-02-13,219.7899932861328,221.27999877929688,219.44000244140625,220.5399932861328,211.3831024169922,2996600
2019-02-14,219.509994506836,220.97999572753903,218.6199951171875,219.8099975585937,210.6834259033203,2875600
2019-02-15,222.19000244140625,222.3500061035156,220.47999572753903,222.1100006103516,212.88790893554688,2758500
2019-02-19,221.42999267578125,221.9600067138672,220.3600006103516,220.58999633789065,211.43101501464844,2836700
2019-02-20,221.22000122070312,221.8300018310547,219.3999938964844,221.1100006103516,211.92950439453125,3103600
2019-02-21,220.2100067138672,221.02999877929688,218.6199951171875,219.3099975585937,210.2041778564453,3528800
2019-02-22,220.0,223.6300048828125,219.6999969482422,223.32000732421875,214.0477294921875,3295300
2019-02-25,225.0,225.3999938964844,223.0,223.32000732421875,214.0477294921875,3359200
2019-02-26,222.16000366210932,225.17999267578125,222.0500030517578,224.0,214.6994781494141,2852300
2019-02-27,223.0399932861328,224.6100006103516,221.7400054931641,224.57000732421875,215.245849609375,2119500
2019-02-28,224.08999633789065,225.6000061035156,223.66000366210932,224.7700042724609,215.43751525878903,3240400
2019-03-01,226.8800048828125,228.1499938964844,225.3600006103516,227.25,217.8145294189453,3001400
2019-03-04,227.3099975585937,228.5,223.6699981689453,226.2899932861328,216.8943634033203,2977700
2019-03-05,226.22999572753903,226.9199981689453,225.2899932861328,226.22000122070312,216.82730102539065,2779100
2019-03-06,225.8500061035156,226.509994506836,223.9499969482422,224.47000122070312,215.14996337890625,2849300
2019-03-07,223.6199951171875,224.44000244140625,220.7400054931641,222.41000366210932,213.17547607421875,3879600
2019-03-08,218.3800048828125,222.19000244140625,215.92999267578125,221.8699951171875,212.6579132080078,2691800
2019-03-11,222.94000244140625,226.1300048828125,222.83999633789065,225.63999938964844,216.2713623046875,2670100
2019-03-12,226.58999633789065,228.1999969482422,226.22000122070312,226.94000244140625,217.51739501953125,2478700
2019-03-13,228.3699951171875,231.3300018310547,227.8000030517578,228.5,219.0126037597656,2690400
2019-03-14,228.6999969482422,230.2100067138672,227.41000366210932,229.509994506836,219.9806671142578,2838700
2019-03-15,228.82000732421875,232.759994506836,228.8099975585937,231.1699981689453,221.5717620849609,3894200
2019-03-18,232.2899932861328,232.5,229.1100006103516,230.38999938964844,220.82411193847656,2734100
2019-03-19,231.5399932861328,232.1000061035156,230.3300018310547,231.009994506836,221.4183959960937,3212000
2019-03-20,229.72999572753903,231.94000244140625,227.83999633789065,229.88999938964844,220.34487915039065,3747400
2019-03-21,228.1999969482422,237.0800018310547,228.17999267578125,235.8699951171875,226.0766143798828,4441100
2019-03-22,234.83999633789065,236.0,230.67999267578125,230.759994506836,221.1787567138672,3709400
2019-03-25,230.38999938964844,231.94000244140625,228.5500030517578,230.4199981689453,220.85287475585932,3506500
2019-03-26,232.9600067138672,233.6300048828125,231.4499969482422,233.2899932861328,223.603759765625,3046900
2019-03-27,233.9199981689453,234.1999969482422,229.6499938964844,232.5200042724609,222.86575317382807,2640700
2019-03-28,233.4199981689453,235.3300018310547,232.3699951171875,234.8600006103516,225.1085662841797,2712100
2019-03-29,236.4900054931641,236.63999938964844,233.97000122070312,235.4499969482422,225.67404174804688,3453900
2019-04-01,238.3000030517578,239.75,236.94000244140625,239.0500030517578,229.1246032714844,3475900
2019-04-02,239.22999572753903,239.8699951171875,238.07000732421875,239.259994506836,229.32586669921875,3386400
2019-04-03,240.27999877929688,240.92999267578125,237.82000732421875,238.92999267578125,229.0095672607422,2911700
2019-04-04,238.6999969482422,238.7700042724609,233.759994506836,236.0599975585937,226.2587280273437,3096300
2019-04-05,237.2100067138672,237.9600067138672,236.1100006103516,236.6300048828125,226.8050994873047,2590000
2019-04-08,235.72000122070312,236.27999877929688,233.1199951171875,236.2700042724609,226.7762451171875,2714500
2019-04-09,235.2899932861328,237.25,235.0,235.91000366210932,226.43077087402344,2491300
2019-04-10,237.0,237.9499969482422,236.1100006103516,237.0599975585937,227.5345001220703,1984200
2019-04-11,238.0,238.0,235.0399932861328,236.0399932861328,226.55552673339844,1908200
2019-04-12,237.02999877929688,239.0,236.0800018310547,238.8300018310547,229.2333984375,3452100
2019-04-15,239.5200042724609,239.8600006103516,237.19000244140625,239.1499938964844,229.54052734375,3437500
2019-04-16,240.0,240.97000122070312,238.9499969482422,240.08999633789065,230.4427947998047,2564300
2019-04-17,240.6699981689453,241.2400054931641,238.9499969482422,241.0,231.3162384033203,2829200
2019-04-18,242.52999877929688,242.6499938964844,240.4600067138672,240.88999938964844,231.2106475830078,3016800
2019-04-22,239.8000030517578,243.13999938964844,239.07000732421875,243.0500030517578,233.2838287353516,2217700
2019-04-23,243.8999938964844,244.5,242.4499969482422,243.4900054931641,233.7061462402344,3108400
2019-04-24,243.6300048828125,246.0800018310547,242.8099975585937,245.2899932861328,235.433822631836,3255200
2019-04-25,244.6999969482422,246.8500061035156,244.0200042724609,245.6100006103516,235.74093627929688,3152400
2019-04-26,246.0500030517578,247.1499938964844,243.22000122070312,246.67999267578125,236.7679748535156,3349300
2019-04-29,246.8800048828125,248.2100067138672,245.8600006103516,247.1300048828125,237.199935913086,3274900
2019-04-30,251.08999633789065,257.42999267578125,250.509994506836,254.2400054931641,244.0242156982422,7179600
2019-05-01,254.8999938964844,256.25,248.6699981689453,248.75,238.7547912597656,5146000
2019-05-02,247.5599975585937,248.2700042724609,244.27999877929688,247.19000244140625,237.2574920654297,4747300
2019-05-03,248.6100006103516,249.8500061035156,247.4600067138672,247.9499969482422,237.98696899414065,3194200
2019-05-06,241.4900054931641,249.0800018310547,240.0500030517578,248.63999938964844,238.6492156982422,3022000
2019-05-07,247.2700042724609,247.72999572753903,242.6000061035156,245.0599975585937,235.2130889892578,4257500
2019-05-08,244.5399932861328,247.5500030517578,243.75,245.3300018310547,235.47222900390625,3050700
2019-05-09,241.88999938964844,245.52999877929688,239.9600067138672,245.3099975585937,235.4530487060547,3891000
2019-05-10,243.8699951171875,248.72000122070312,241.3300018310547,247.42999267578125,237.48785400390625,2816200
2019-05-13,241.509994506836,243.91000366210932,240.3600006103516,241.3800048828125,231.68093872070312,4136900
2019-05-14,242.1199951171875,247.44000244140625,241.8999938964844,245.94000244140625,236.0576934814453,3862100
2019-05-15,244.3300018310547,251.0399932861328,244.2100067138672,249.1499938964844,239.1387176513672,4186900
2019-05-16,250.44000244140625,255.1499938964844,250.3300018310547,253.4199981689453,243.23716735839844,4911900
2019-05-17,251.1100006103516,254.2899932861328,250.83999633789065,252.5500030517578,242.4021453857422,3129800
2019-05-20,250.4900054931641,254.38999938964844,249.3300018310547,253.4900054931641,243.3043365478516,2951500
2019-05-21,255.0,255.9499969482422,253.7899932861328,255.3600006103516,245.09918212890625,2881600
2019-05-22,254.75,258.8599853515625,254.5,256.8999938964844,246.5773162841797,2936000
2019-05-23,254.75,255.6999969482422,248.3300018310547,249.72999572753903,239.69541931152344,5072500
2019-05-24,253.13999938964844,253.3699951171875,250.3300018310547,251.47999572753903,241.3751373291016,2710800
2019-05-28,252.66000366210932,257.760009765625,252.6499938964844,253.42999267578125,243.2467803955078,6252100
2019-05-29,252.25,254.25,251.2700042724609,253.5599975585937,243.3715667724609,4014300
2019-05-30,254.2700042724609,256.0599975585937,252.7899932861328,254.19000244140625,243.97622680664065,2817400
2019-05-31,251.97999572753903,253.66000366210932,250.83999633789065,251.4900054931641,241.3847198486328,5041400
2019-06-03,251.8000030517578,252.97999572753903,240.25,242.259994506836,232.52557373046875,5452100
2019-06-04,245.1300048828125,249.3699951171875,241.72000122070312,249.17999267578125,239.16748046875,4862200
2019-06-05,251.47000122070312,256.9700012207031,250.1499938964844,256.260009765625,245.9630126953125,4742400
2019-06-06,256.3599853515625,258.70001220703125,254.8600006103516,257.8299865722656,247.4699249267578,3443500
2019-06-07,260.0,266.8699951171875,259.6199951171875,265.79998779296875,255.11962890625,3691800
2019-06-10,269.0,269.8500061035156,265.2799987792969,266.1000061035156,255.4076995849609,4469000
2019-06-11,267.4700012207031,267.8900146484375,259.17999267578125,263.6600036621094,253.0657501220703,3119600
2019-06-12,262.45001220703125,264.2099914550781,261.3599853515625,263.8500061035156,253.24801635742188,2295300
2019-06-13,265.0,265.2300109863281,260.25,261.20001220703125,250.7045440673828,4331000
2019-06-14,259.989990234375,261.9800109863281,259.4200134277344,260.1000061035156,249.64877319335932,3158200
2019-06-17,261.0,261.7099914550781,258.04998779296875,259.20001220703125,248.7848663330078,3332200
2019-06-18,261.70001220703125,262.25,255.07000732421875,258.8099975585937,248.4105834960937,3921300
2019-06-19,258.8299865722656,260.6199951171875,258.29998779296875,259.8699951171875,249.4279327392578,4326500
2019-06-20,263.489990234375,267.70001220703125,262.5,266.7900085449219,256.06988525390625,4667300
2019-06-21,265.82000732421875,268.1499938964844,264.4200134277344,264.4700012207031,253.8431854248047,4285800
2019-06-24,265.8500061035156,267.1000061035156,265.1300048828125,265.29998779296875,254.6397857666016,2538100
2019-06-25,266.0400085449219,266.3099975585937,259.1199951171875,259.7300109863281,249.2935485839844,3138000
2019-06-26,260.8800048828125,262.6499938964844,259.989990234375,261.29998779296875,250.8004913330078,3869400
2019-06-27,262.44000244140625,263.5799865722656,260.3999938964844,261.1000061035156,250.6085662841797,2186900
2019-06-28,263.0899963378906,264.8399963378906,261.3299865722656,264.5299987792969,253.90074157714844,4400300
2019-07-01,269.989990234375,269.989990234375,264.8699951171875,266.7699890136719,256.0506591796875,2646800
2019-07-02,266.8800048828125,270.6000061035156,266.42999267578125,270.57000732421875,259.69805908203125,2649100
2019-07-03,271.0,273.0799865722656,270.7799987792969,273.0799865722656,262.1072082519531,1896800
2019-07-05,271.5,272.7699890136719,269.0899963378906,272.1400146484375,261.2049255371094,2561000
2019-07-08,270.1000061035156,272.07000732421875,269.4599914550781,271.2300109863281,260.6476135253906,2291700
2019-07-09,269.82000732421875,273.6499938964844,269.5,273.3399963378906,262.6752319335937,2477400
2019-07-10,274.1700134277344,277.1000061035156,274.1499938964844,275.3800048828125,264.6355895996094,2323000
2019-07-11,277.6000061035156,278.6499938964844,276.0799865722656,278.32000732421875,267.4609680175781,2583900
2019-07-12,279.239990234375,279.739990234375,276.260009765625,279.5400085449219,268.6333312988281,2299700
2019-07-15,280.4599914550781,280.5899963378906,278.54998779296875,279.3699951171875,268.469970703125,3349500
2019-07-16,279.0,280.6300048828125,275.3099975585937,276.6199951171875,265.8272399902344,2976000
2019-07-17,277.3900146484375,278.4700012207031,275.2699890136719,275.2799987792969,264.53955078125,2318900
2019-07-18,275.0,277.25,274.739990234375,276.7799987792969,265.98101806640625,3241000
2019-07-19,279.42999267578125,279.4800109863281,275.4200134277344,275.6000061035156,264.8471069335937,3048200
2019-07-22,276.9100036621094,279.3599853515625,276.07000732421875,278.6099853515625,267.7397155761719,2092400
2019-07-23,280.0,280.4200134277344,276.8999938964844,278.9700012207031,268.0856018066406,2275400
2019-07-24,278.1700134277344,280.29998779296875,276.3800048828125,280.25,269.315673828125,2805200
2019-07-25,280.0,280.8999938964844,277.54998779296875,279.3500061035156,268.45086669921875,2312200
2019-07-26,280.6000061035156,282.2900085449219,280.0799865722656,282.07000732421875,271.0646667480469,2942100
2019-07-29,283.1199951171875,283.3299865722656,280.42999267578125,281.44000244140625,270.4592590332031,3677700
2019-07-30,279.3399963378906,282.3699951171875,275.45001220703125,278.1600036621094,267.30718994140625,3957900
2019-07-31,278.6700134277344,278.9800109863281,265.69000244140625,272.2699890136719,261.6470031738281,5513100
2019-08-01,273.92999267578125,279.3099975585937,271.6400146484375,274.1600036621094,263.4632568359375,4988100
2019-08-02,272.0,272.5,265.67999267578125,269.45001220703125,258.93707275390625,4438000
2019-08-05,260.0,262.6499938964844,253.8999938964844,256.8399963378906,246.8190155029297,6861300
2019-08-06,261.79998779296875,265.1499938964844,260.17999267578125,264.67999267578125,254.3530731201172,4918500
2019-08-07,263.3999938964844,270.0,260.25,269.3099975585937,258.802490234375,4476000
2019-08-08,272.0,278.0799865722656,271.6000061035156,278.0400085449219,267.19189453125,4135500
2019-08-09,275.510009765625,276.8999938964844,273.0799865722656,274.95001220703125,264.2224426269531,3410500
2019-08-12,272.8500061035156,274.9800109863281,268.8900146484375,270.0,259.465576171875,3322600
2019-08-13,269.8299865722656,275.3699951171875,268.0,274.5299987792969,263.8187866210937,3899800
2019-08-14,269.82000732421875,272.4700012207031,265.8500061035156,267.1499938964844,256.7267150878906,3750300
2019-08-15,269.2799987792969,273.1499938964844,268.0899963378906,271.8900146484375,261.28179931640625,3364300
2019-08-16,274.9800109863281,275.9599914550781,273.7900085449219,274.3599853515625,263.6554260253906,2718100
2019-08-19,277.0,278.57000732421875,275.2099914550781,278.07000732421875,267.22076416015625,2502300
2019-08-20,278.3999938964844,279.5599975585937,275.8500061035156,277.0400085449219,266.2308044433594,2583600
2019-08-21,279.6400146484375,282.1000061035156,279.2900085449219,282.010009765625,271.0071105957031,2492200
2019-08-22,282.1099853515625,282.8900146484375,276.760009765625,280.7699890136719,269.8153381347656,2975800
2019-08-23,280.0,282.0899963378906,270.2099914550781,271.8900146484375,261.28179931640625,4415000
2019-08-26,274.8800048828125,276.42999267578125,272.9800109863281,276.42999267578125,265.6446228027344,2184400
2019-08-27,276.739990234375,279.0899963378906,274.9100036621094,276.6400146484375,265.8464660644531,2169400
2019-08-28,275.2300109863281,278.6499938964844,273.3699951171875,278.239990234375,267.38409423828125,2306900
2019-08-29,281.0,281.9800109863281,278.8800048828125,281.3800048828125,270.4014892578125,2297200
2019-08-30,282.5899963378906,282.9599914550781,278.7300109863281,281.3699951171875,270.3919677734375,2600300
2019-09-03,279.989990234375,282.8399963378906,278.5,280.1099853515625,269.1811218261719,2350800
2019-09-04,282.7699890136719,286.2099914550781,282.1499938964844,286.1000061035156,274.9374084472656,2631000
2019-09-05,290.2900085449219,293.4599914550781,289.6000061035156,292.0799865722656,280.68408203125,3808300
2019-09-06,291.94000244140625,293.07000732421875,290.04998779296875,291.3800048828125,280.01141357421875,2783300
2019-09-09,293.489990234375,293.69000244140625,280.1000061035156,283.3599853515625,272.3043212890625,4795900
2019-09-10,281.3399963378906,281.5,270.3399963378906,272.3299865722656,261.7045288085937,8683800
2019-09-11,274.9200134277344,276.0,269.20001220703125,269.95001220703125,259.4175109863281,6342300
2019-09-12,273.3900146484375,278.7699890136719,273.19000244140625,276.3999938964844,265.6158447265625,5497900
2019-09-13,277.989990234375,278.1499938964844,273.0400085449219,276.32000732421875,265.5389099121094,4631100
2019-09-16,273.4700012207031,275.760009765625,272.7099914550781,274.0799865722656,263.38641357421875,2755100
2019-09-17,274.54998779296875,278.6300048828125,273.95001220703125,276.25,265.4718017578125,2929500
2019-09-18,276.7699890136719,276.8500061035156,270.44000244140625,275.1000061035156,264.3666076660156,2975900
2019-09-19,275.9599914550781,278.1499938964844,274.8500061035156,275.9100036621094,265.14501953125,2623800
2019-09-20,277.7900085449219,278.5899963378906,270.9100036621094,271.1700134277344,260.5899353027344,5540800
2019-09-23,270.29998779296875,273.739990234375,270.0,273.1499938964844,262.4926452636719,3092000
2019-09-24,275.6300048828125,277.44000244140625,269.0599975585937,271.1199951171875,260.5418395996094,4120300
2019-09-25,270.25,272.989990234375,266.6099853515625,272.75,262.1082763671875,4083600
2019-09-26,273.2300109863281,275.44000244140625,272.6300048828125,273.8900146484375,263.2037658691406,2924600
2019-09-27,275.3900146484375,275.6300048828125,267.69000244140625,269.1300048828125,258.6295471191406,3175700
2019-09-30,270.989990234375,272.07000732421875,269.32000732421875,271.57000732421875,260.9743347167969,3128700
2019-10-01,271.489990234375,273.6499938964844,270.0400085449219,270.94000244140625,260.3688659667969,3066400
2019-10-02,268.1600036621094,268.94000244140625,262.5199890136719,264.4800109863281,254.16094970703125,4308900
2019-10-03,264.25,268.5400085449219,260.4100036621094,268.2900085449219,257.8222961425781,3948100
2019-10-04,269.510009765625,274.4800109863281,269.1600036621094,274.0599975585937,263.3671569824219,2671400
2019-10-07,271.3099975585937,273.5,270.4100036621094,272.19000244140625,261.5701904296875,2861900
2019-10-08,269.82000732421875,271.0799865722656,266.5899963378906,267.07000732421875,256.9613342285156,2818900
2019-10-09,269.9599914550781,273.1400146484375,269.5,272.239990234375,261.9356689453125,2169600
2019-10-10,271.5599975585937,274.7099914550781,271.260009765625,273.8299865722656,263.4654541015625,2194700
2019-10-11,276.20001220703125,280.0,275.1199951171875,275.9100036621094,265.4668884277344,3493000
2019-10-14,277.5599975585937,278.5599975585937,275.5599975585937,276.3800048828125,265.9190979003906,2042500
2019-10-15,277.2099914550781,279.9599914550781,275.9599914550781,278.5599975585937,268.0165405273437,3006600
2019-10-16,277.1000061035156,279.0299987792969,274.79998779296875,278.2699890136719,267.737548828125,2689400
2019-10-17,279.3500061035156,280.44000244140625,275.92999267578125,276.510009765625,266.0440368652344,2396600
2019-10-18,275.239990234375,276.67999267578125,269.8999938964844,270.6300048828125,260.38671875,4052300
2019-10-21,271.92999267578125,274.3599853515625,269.5,274.29998779296875,263.91778564453125,2921200
2019-10-22,274.8999938964844,275.3500061035156,261.010009765625,261.260009765625,251.371337890625,5619500
2019-10-23,262.67999267578125,264.19000244140625,258.510009765625,260.8500061035156,250.9768829345703,5367000
2019-10-24,263.5599975585937,269.3299865722656,263.5599975585937,268.75,258.5779113769531,3791900
2019-10-25,266.260009765625,272.17999267578125,265.5599975585937,270.19000244140625,259.9633178710937,2760200
2019-10-28,273.260009765625,275.92999267578125,271.3699951171875,275.92999267578125,265.4860534667969,3796600
2019-10-29,277.6000061035156,278.2900085449219,273.0799865722656,274.2900085449219,263.9081115722656,4706700
2019-10-30,274.6400146484375,277.4700012207031,273.0,277.1499938964844,266.65985107421875,3485500
2019-10-31,276.3800048828125,279.0899963378906,275.0599975585937,276.8099975585937,266.3327331542969,5356000
2019-11-01,279.0,280.3900146484375,276.1199951171875,279.04998779296875,268.4879150390625,2880000
2019-11-04,280.6400146484375,282.239990234375,275.8099975585937,276.3299865722656,265.87091064453125,3726600
2019-11-05,276.5,276.95001220703125,268.4200134277344,269.0,258.8183898925781,4717500
2019-11-06,270.29998779296875,271.6700134277344,268.8800048828125,269.8599853515625,259.645751953125,3742900
2019-11-07,270.0199890136719,275.0799865722656,269.8599853515625,272.7900085449219,262.4649658203125,4277800
2019-11-08,271.70001220703125,274.95001220703125,271.70001220703125,274.8900146484375,264.48541259765625,2241300
2019-11-11,273.0799865722656,277.1300048828125,273.0599975585937,277.0,266.5155029296875,2132600
2019-11-12,277.6000061035156,279.5,275.7699890136719,277.1400146484375,266.6502990722656,2217200
2019-11-13,276.510009765625,280.4599914550781,275.0,278.07000732421875,267.5450744628906,3320600
2019-11-14,277.45001220703125,279.6300048828125,276.70001220703125,279.6300048828125,269.0460205078125,2365900
2019-11-15,280.6400146484375,280.8999938964844,278.1300048828125,280.7799987792969,270.1525573730469,2544200
2019-11-18,280.0,281.7699890136719,278.3999938964844,280.8599853515625,270.2294616699219,2715900
2019-11-19,281.5199890136719,286.5799865722656,280.94000244140625,285.3099975585937,274.51104736328125,3013800
2019-11-20,285.0,287.7300109863281,282.8599853515625,285.3800048828125,274.5783386230469,2903900
2019-11-21,284.6000061035156,286.5199890136719,283.5899963378906,284.45001220703125,273.68359375,2777000
2019-11-22,284.8299865722656,285.3599853515625,281.2099914550781,282.57000732421875,271.874755859375,2968100
2019-11-25,284.0,288.989990234375,283.70001220703125,287.6099853515625,276.72393798828125,3760200
2019-11-26,288.5,290.6499938964844,287.82000732421875,289.3800048828125,278.4270324707031,5712800
2019-11-27,289.0299987792969,292.0,288.9100036621094,291.70001220703125,280.6591796875,2163500
2019-11-29,290.2300109863281,293.0,290.2300109863281,292.2300109863281,281.1690979003906,1754400
2019-12-02,290.5899963378906,290.75,283.8900146484375,286.4700012207031,275.6271667480469,3062300
2019-12-03,282.20001220703125,287.6000061035156,281.5,287.0899963378906,276.2235412597656,2528300
2019-12-04,288.5,289.6199951171875,286.1199951171875,286.8399963378906,275.983154296875,2743300
2019-12-05,287.95001220703125,290.95001220703125,286.3999938964844,289.8500061035156,278.87921142578125,2580300
2019-12-06,292.3099975585937,292.5,289.67999267578125,290.3999938964844,279.40838623046875,2425200
2019-12-09,289.19000244140625,290.9599914550781,288.260009765625,289.0599975585937,278.1191101074219,1903000
2019-12-10,289.0,290.1700134277344,287.7099914550781,288.6099853515625,277.6861877441406,2514300
2019-12-11,289.760009765625,290.32000732421875,288.1099853515625,290.04998779296875,279.0716857910156,2298100
2019-12-12,289.8999938964844,292.75,288.2699890136719,292.2099914550781,281.1498718261719,2746400
2019-12-13,290.7900085449219,296.5299987792969,289.79998779296875,296.0899963378906,284.8830261230469,3565400
2019-12-16,298.1099853515625,299.4800109863281,296.8599853515625,296.9599914550781,285.7200622558594,4210700
2019-12-17,298.5,298.5,293.7699890136719,296.0,284.7963562011719,3354500
2019-12-18,295.20001220703125,297.29998779296875,294.739990234375,294.739990234375,283.58416748046875,2902700
2019-12-19,294.489990234375,298.17999267578125,294.1099853515625,297.5299987792969,286.2685546875,2536900
2019-12-20,300.54998779296875,300.54998779296875,296.8099975585937,298.57000732421875,287.2691650390625,5099400
2019-12-23,298.739990234375,299.8299865722656,297.1000061035156,297.2699890136719,286.0183410644531,3590500
2019-12-24,297.9599914550781,298.3099975585937,296.6000061035156,297.4800109863281,286.22039794921875,641100
2019-12-26,298.1099853515625,299.3699951171875,297.79998779296875,299.20001220703125,287.8753662109375,1369200
2019-12-27,300.0,301.5299987792969,298.17999267578125,300.739990234375,289.3569641113281,2042600
2019-12-30,300.8299865722656,301.04998779296875,295.2799987792969,297.7200012207031,286.4512939453125,2717600
2019-12-31,296.1000061035156,298.92999267578125,295.7699890136719,298.5899963378906,287.2884521484375,2478600
2020-01-02,300.4599914550781,303.5299987792969,299.5,303.3900146484375,291.9067077636719,3272400
2020-01-03,299.4599914550781,302.4200134277344,298.6000061035156,300.42999267578125,289.0587463378906,2501300
2020-01-06,297.3599853515625,301.3299865722656,296.0199890136719,301.2300109863281,289.8285217285156,3307200
2020-01-07,301.739990234375,303.3800048828125,299.8800048828125,300.2099914550781,288.8470458984375,3182000
2020-01-08,300.7799987792969,306.95001220703125,300.510009765625,305.1000061035156,293.94366455078125,3224400
2020-01-09,308.2799987792969,310.94000244140625,308.0199890136719,309.1000061035156,297.79736328125,3292600
2020-01-10,311.5799865722656,311.95001220703125,308.739990234375,311.1700134277344,299.7917175292969,2948000
2020-01-13,313.260009765625,315.6400146484375,312.8999938964844,315.2099914550781,303.6840209960937,3236400
2020-01-14,316.17999267578125,316.4200134277344,309.8599853515625,310.6400146484375,299.2810974121094,4951400
2020-01-15,312.19000244140625,315.7300109863281,311.0400085449219,314.25,302.7590637207031,4664200
2020-01-16,317.5,320.3299865722656,314.989990234375,320.29998779296875,308.5878601074219,3323300
2020-01-17,321.42999267578125,324.0299987792969,319.239990234375,323.6600036621094,311.824951171875,4821000
2020-01-21,322.4100036621094,325.6600036621094,321.489990234375,321.92999267578125,310.1581726074219,5998600
2020-01-22,324.95001220703125,326.7900085449219,324.1199951171875,324.3099975585937,312.4512023925781,3518500
2020-01-23,325.0,325.25,322.32000732421875,324.9800109863281,313.0967102050781,4188300
2020-01-24,326.57000732421875,327.0899963378906,321.6600036621094,323.6700134277344,311.83465576171875,3634700
2020-01-27,315.1000061035156,319.3599853515625,312.5,315.7699890136719,304.2235412597656,4367500
2020-01-28,315.79998779296875,321.5199890136719,315.4599914550781,320.2699890136719,308.5588684082031,3486200
2020-01-29,323.0,324.44000244140625,316.7699890136719,320.32000732421875,308.607177734375,4389400
2020-01-30,319.0,324.70001220703125,318.010009765625,324.4599914550781,312.5957336425781,3512100
2020-01-31,323.1400146484375,324.4599914550781,314.5,315.94000244140625,304.38726806640625,5586800
2020-02-03,318.79998779296875,325.4800109863281,318.42999267578125,324.5199890136719,312.6534729003906,4240100
2020-02-04,328.239990234375,331.739990234375,326.2900085449219,329.1199951171875,317.0853881835937,4158200
2020-02-05,335.0,335.0,324.1700134277344,328.32000732421875,316.3146057128906,3868000
2020-02-06,329.32000732421875,331.2300109863281,327.67999267578125,329.29998779296875,317.2588195800781,3422000
2020-02-07,328.0,329.8500061035156,325.8699951171875,327.0,315.0428161621094,2584200
2020-02-10,325.6199951171875,330.2799987792969,325.510009765625,330.2799987792969,318.2029113769531,3848100
2020-02-11,335.0,335.5199890136719,329.6600036621094,330.9200134277344,318.81951904296875,3449300
2020-02-12,330.82000732421875,334.45001220703125,329.2200012207031,334.1600036621094,321.9411315917969,2451000
2020-02-13,332.3099975585937,337.8299865722656,332.1300048828125,335.8399963378906,323.5595703125,3001000
2020-02-14,337.4599914550781,341.0400085449219,337.0299987792969,340.95001220703125,328.4827880859375,2716300
2020-02-18,341.6199951171875,343.1000061035156,340.3900146484375,341.239990234375,328.7621154785156,3597300
2020-02-19,343.989990234375,347.239990234375,342.6300048828125,344.5599975585937,331.96075439453125,3040300
2020-02-20,345.739990234375,347.25,338.1700134277344,344.45001220703125,331.85479736328125,4316000
2020-02-21,342.54998779296875,343.8900146484375,335.6099853515625,339.70001220703125,327.2784118652344,4997100
2020-02-24,317.510009765625,329.3399963378906,313.8399963378906,324.6700134277344,312.7980651855469,7816000
2020-02-25,321.3399963378906,323.2300109863281,300.760009765625,302.8900146484375,291.814453125,12715700
2020-02-26,302.0,307.8900146484375,297.8900146484375,298.0400085449219,287.141845703125,9403300
2020-02-27,285.0299987792969,297.45001220703125,280.94000244140625,285.82000732421875,275.3686218261719,13814600
2020-02-28,274.8900146484375,290.3900146484375,273.54998779296875,290.25,279.6366271972656,12846000
2020-03-02,298.8900146484375,306.9599914550781,289.44000244140625,306.739990234375,295.523681640625,9688100
2020-03-03,314.5899963378906,314.5899963378906,290.8299865722656,292.0,281.3226318359375,8051100
2020-03-04,299.1099853515625,302.79998779296875,292.75,302.3599853515625,291.3038330078125,6463800
2020-03-05,295.7099914550781,298.7099914550781,288.239990234375,290.7300109863281,280.0990600585937,6621300
2020-03-06,282.69000244140625,288.8500061035156,278.6199951171875,287.010009765625,276.5150756835937,7061500
2020-03-09,265.0,279.239990234375,261.17999267578125,262.010009765625,252.42926025390625,8498300
2020-03-10,276.4200134277344,280.8699951171875,262.8599853515625,280.57000732421875,270.31072998046875,8131400
2020-03-11,272.95001220703125,274.0400085449219,263.3099975585937,269.760009765625,259.8959045410156,8366800
2020-03-12,244.52999877929688,262.489990234375,240.92999267578125,241.5,232.6692657470703,15031500
2020-03-13,258.7799987792969,270.0299987792969,245.5,270.010009765625,260.1368408203125,9934900
2020-03-16,234.4900054931641,257.7300109863281,229.259994506836,235.6499938964844,227.03317260742188,12111500
2020-03-17,240.47999572753903,250.5,231.9600067138672,237.8800048828125,229.1816253662109,12665200
2020-03-18,222.33999633789065,229.1000061035156,213.22000122070312,227.92999267578125,219.595458984375,11352800
2020-03-19,224.009994506836,238.5,211.5500030517578,227.1499938964844,218.843978881836,9126400
2020-03-20,236.0200042724609,236.0200042724609,210.0,211.4199981689453,203.68917846679688,10518600
2020-03-23,203.27999877929688,215.67999267578125,199.9900054931641,203.3000030517578,195.86605834960932,11588700
2020-03-24,215.9199981689453,238.44000244140625,215.0,237.07000732421875,228.4011993408203,11654800
2020-03-25,247.8999938964844,266.29998779296875,240.3600006103516,256.4800109863281,247.1015472412109,12642700
2020-03-26,257.8999938964844,265.8099975585937,252.6199951171875,263.17999267578125,253.55650329589844,9957900
2020-03-27,250.2400054931641,256.07000732421875,244.6999969482422,247.6499938964844,238.5943756103516,7819300
2020-03-30,245.8500061035156,254.25,244.6499938964844,253.25,243.98959350585932,5765800
2020-03-31,252.4600067138672,253.4199981689453,241.0800018310547,241.5599975585937,232.72705078125,10373900
2020-04-01,230.94000244140625,237.1000061035156,227.1000061035156,228.6100006103516,220.25059509277344,6646200
2020-04-02,228.38999938964844,239.3699951171875,227.3500061035156,238.8800048828125,230.14512634277344,6446600
2020-04-03,236.97999572753903,239.8800048828125,230.3099975585937,237.02999877929688,228.3626708984375,4163000
2020-04-06,252.0,267.1099853515625,250.009994506836,265.94000244140625,256.2155456542969,8636700
2020-04-07,281.6099853515625,282.8699951171875,258.4800109863281,259.0799865722656,249.60646057128903,8627300
2020-04-08,262.510009765625,271.8800048828125,258.9100036621094,270.95001220703125,261.44598388671875,5690100
2020-04-09,275.1300048828125,276.0,267.7200012207031,269.3999938964844,259.95037841796875,6662900
2020-04-13,268.20001220703125,268.70001220703125,255.75,263.3399963378906,254.1029663085937,7114400
2020-04-14,269.8800048828125,275.6400146484375,269.20001220703125,270.7200012207031,261.2240905761719,6354400
2020-04-15,260.510009765625,262.95001220703125,255.6199951171875,257.1400146484375,248.12045288085932,10240700
2020-04-16,258.3900146484375,258.3900146484375,244.7100067138672,246.759994506836,238.10452270507807,11455400
2020-04-17,258.25,260.70001220703125,251.509994506836,259.9700012207031,250.8511505126953,10412100
2020-04-20,254.509994506836,256.6300048828125,249.6699981689453,251.72999572753903,242.90017700195312,6042700
2020-04-21,246.6499938964844,249.38999938964844,244.1000061035156,245.3500061035156,236.7440490722656,5964600
2020-04-22,251.4600067138672,258.6000061035156,251.0,256.9100036621094,247.8985290527344,5083200
2020-04-23,259.3900146484375,262.4200134277344,255.2700042724609,255.8600006103516,246.8853302001953,4270600
2020-04-24,258.42999267578125,259.8299865722656,252.8300018310547,258.760009765625,249.6836395263672,3824200
2020-04-27,260.2200012207031,265.7200012207031,259.510009765625,265.1199951171875,255.82049560546875,4099900
2020-04-28,270.3999938964844,272.6499938964844,262.9599914550781,264.6000061035156,255.3188018798828,4344000
2020-04-29,278.45001220703125,285.0,276.260009765625,283.69000244140625,273.7391967773437,8505000
2020-04-30,278.42999267578125,281.6300048828125,273.4100036621094,274.9700012207031,265.3250732421875,5898900
2020-05-01,268.70001220703125,273.989990234375,267.2099914550781,268.739990234375,259.31353759765625,5067800
2020-05-04,265.5,270.07000732421875,263.010009765625,269.260009765625,259.81524658203125,3747100
2020-05-05,276.8399963378906,277.8500061035156,273.29998779296875,273.9800109863281,264.3697509765625,3926200
2020-05-06,276.9599914550781,276.9599914550781,271.54998779296875,272.44000244140625,262.8837890625,3261900
2020-05-07,277.8099975585937,282.45001220703125,277.239990234375,278.4700012207031,268.70233154296875,4371400
2020-05-08,283.3999938964844,283.4200134277344,279.5,282.44000244140625,272.5329895019531,3215400
2020-05-11,279.5,282.8099975585937,277.6300048828125,281.2300109863281,271.3655090332031,4056900
2020-05-12,280.45001220703125,282.3299865722656,272.1099853515625,272.1099853515625,262.5653991699219,4031400
2020-05-13,272.29998779296875,276.07000732421875,264.19000244140625,269.1600036621094,259.7188415527344,4802100
2020-05-14,270.20001220703125,277.5599975585937,263.9599914550781,277.3099975585937,267.5829772949219,6294200
2020-05-15,276.0400085449219,279.1400146484375,273.2900085449219,278.94000244140625,269.1557922363281,3813300
2020-05-18,285.4599914550781,292.0899963378906,285.0,289.8999938964844,279.7313842773437,6037800
2020-05-19,289.1700134277344,297.82000732421875,287.489990234375,290.7300109863281,280.5321655273437,5211800
2020-05-20,295.75,301.1499938964844,295.3900146484375,298.79998779296875,288.3192138671875,4592200
2020-05-21,299.3699951171875,299.92999267578125,292.75,294.260009765625,283.9384460449219,3944100
2020-05-22,295.0599975585937,296.79998779296875,293.010009765625,294.9100036621094,284.56561279296875,2897000
2020-05-26,304.6199951171875,305.0,301.94000244140625,303.3299865722656,292.69024658203125,5246900
2020-05-27,304.0,304.7300109863281,292.1199951171875,299.7699890136719,289.255126953125,5147900
2020-05-28,300.9800109863281,310.0,298.8399963378906,302.29998779296875,291.69635009765625,4520800
2020-05-29,302.0,304.42999267578125,298.8699951171875,300.8900146484375,290.3358154296875,4930100
2020-06-01,300.79998779296875,303.0599975585937,297.8999938964844,301.3999938964844,290.8279724121094,2841800
2020-06-02,304.989990234375,306.1099853515625,301.69000244140625,303.5899963378906,292.9410705566406,4131300
2020-06-03,305.4800109863281,308.1099853515625,302.2099914550781,307.07000732421875,296.2991027832031,3429700
2020-06-04,305.44000244140625,306.6199951171875,299.3399963378906,301.3699951171875,290.7989807128906,4147700
2020-06-05,306.8099975585937,312.17999267578125,305.6499938964844,311.8800048828125,300.9403686523437,5058200
2020-06-08,311.0599975585937,313.5799865722656,307.04998779296875,310.4100036621094,299.5219421386719,3724300
2020-06-09,309.7799987792969,313.4700012207031,308.20001220703125,311.489990234375,300.56402587890625,3314800
2020-06-10,312.3900146484375,316.0599975585937,310.2900085449219,313.1499938964844,302.16583251953125,4089000
2020-06-11,305.010009765625,306.489990234375,291.0599975585937,291.25,281.0340270996094,6505300
2020-06-12,298.7900085449219,299.989990234375,290.8900146484375,297.7900085449219,287.3446044921875,4512200
2020-06-15,290.0,298.9200134277344,288.75,297.1700134277344,286.7463073730469,5932900
2020-06-16,305.9100036621094,309.0899963378906,300.1099853515625,304.4800109863281,293.7999572753906,4013100
2020-06-17,305.0,307.4800109863281,303.0799865722656,303.760009765625,293.1051940917969,2566400
2020-06-18,301.8299865722656,305.1000061035156,300.5,304.8500061035156,294.1570129394531,2776600
2020-06-19,309.5,309.5,296.5,296.5,286.0998229980469,4533500
2020-06-22,299.6000061035156,304.95001220703125,297.7300109863281,304.44000244140625,293.76141357421875,3489200
2020-06-23,307.0299987792969,310.42999267578125,304.4200134277344,306.8800048828125,296.11578369140625,3801500
2020-06-24,305.0,305.5199890136719,293.0599975585937,294.010009765625,283.6971435546875,5086000
2020-06-25,294.1600036621094,298.3900146484375,290.6700134277344,298.010009765625,287.55682373046875,3294800
2020-06-26,296.8800048828125,298.1099853515625,289.1700134277344,289.3399963378906,279.1909484863281,4922500
2020-06-29,291.3399963378906,293.1499938964844,285.1499938964844,292.92999267578125,282.6549987792969,3642200
2020-06-30,293.0899963378906,296.6000061035156,291.010009765625,295.70001220703125,285.32794189453125,4283500
2020-07-01,295.9599914550781,303.2699890136719,295.1199951171875,301.1700134277344,290.6061096191406,3801300
2020-07-02,304.3299865722656,306.8900146484375,301.3099975585937,302.4200134277344,291.8121337890625,3290100
2020-07-06,306.6499938964844,307.32000732421875,303.1700134277344,305.57000732421875,294.8517150878906,3013300
2020-07-07,303.19000244140625,307.7900085449219,299.3999938964844,299.9100036621094,289.39019775390625,3633100
2020-07-08,300.9100036621094,301.5400085449219,297.3999938964844,300.1499938964844,290.0086364746094,4115000
2020-07-09,299.6199951171875,300.7200012207031,290.5599975585937,294.5899963378906,284.6364440917969,5042800
2020-07-10,294.0,296.9599914550781,291.5,295.67999267578125,285.68963623046875,3030900
2020-07-13,297.8599853515625,298.6199951171875,290.0199890136719,290.17999267578125,280.3754272460937,4853700
2020-07-14,292.0,299.1000061035156,288.6499938964844,298.95001220703125,288.84912109375,4795900
2020-07-15,303.0,306.7699890136719,301.3900146484375,305.7200012207031,295.390380859375,5257300
2020-07-16,302.9700012207031,303.5299987792969,298.9100036621094,299.3500061035156,289.2356262207031,3312100
2020-07-17,301.7300109863281,305.239990234375,299.4100036621094,304.0599975585937,293.7864685058594,3169800
2020-07-20,301.9200134277344,314.989990234375,301.9200134277344,311.9599914550781,301.4195861816406,5279400
2020-07-21,313.0,314.04998779296875,306.29998779296875,307.6000061035156,297.2069091796875,3562100
2020-07-22,308.1300048828125,313.57000732421875,308.1300048828125,313.3699951171875,302.7818908691406,3303100
2020-07-23,313.54998779296875,317.239990234375,308.7200012207031,309.8999938964844,299.4291381835937,3118500
2020-07-24,306.4800109863281,310.7300109863281,304.5400085449219,306.9200134277344,296.5498046875,2500300
2020-07-27,307.0599975585937,310.0,306.0199890136719,308.8599853515625,298.42431640625,2311600
2020-07-28,308.5,310.20001220703125,306.0299987792969,306.3299865722656,295.979736328125,2116300
2020-07-29,304.5,311.6600036621094,304.1199951171875,309.29998779296875,298.8493957519531,3542400
2020-07-30,304.0,312.82000732421875,303.0400085449219,309.0,298.5595703125,3941600
2020-07-31,310.0,310.0899963378906,305.6099853515625,308.5299987792969,298.1053771972656,4684400
2020-08-03,311.0,313.5,309.29998779296875,312.5899963378906,302.0283508300781,3907800
2020-08-04,312.5,315.69000244140625,311.1000061035156,314.3900146484375,303.7674865722656,3409200
2020-08-05,316.3699951171875,329.67999267578125,315.8699951171875,328.0,316.9176330566406,5677200
2020-08-06,327.3999938964844,331.2200012207031,325.8999938964844,330.1400146484375,318.9852905273437,4839800
2020-08-07,328.0,328.3299865722656,323.92999267578125,328.0199890136719,316.93701171875,3662500
2020-08-10,327.19000244140625,329.739990234375,321.8599853515625,322.8800048828125,311.9706115722656,3752100
2020-08-11,325.0,334.54998779296875,323.5799865722656,328.5400085449219,317.4394226074219,5273300
2020-08-12,328.6600036621094,331.3999938964844,326.20001220703125,327.6300048828125,316.5601501464844,3125900
2020-08-13,325.92999267578125,329.8299865722656,325.6199951171875,326.19000244140625,315.1687316894531,2526700
2020-08-14,325.6700134277344,327.6400146484375,324.8099975585937,326.79998779296875,315.7581481933594,1444900
2020-08-17,327.0,331.2300109863281,326.67999267578125,330.2300109863281,319.072265625,2904100
2020-08-18,330.20001220703125,331.3999938964844,326.3500061035156,331.0,319.81622314453125,3021700
2020-08-19,330.0400085449219,334.4599914550781,330.0,332.3999938964844,321.1688842773437,3421000
2020-08-20,330.19000244140625,338.0,330.19000244140625,337.32000732421875,325.9227294921875,2966000
2020-08-21,338.0,338.79998779296875,335.9700012207031,337.1000061035156,325.7101745605469,2680900
2020-08-24,339.3599853515625,343.8299865722656,338.75,343.6400146484375,332.0291748046875,2753900
2020-08-25,344.7099914550781,348.4599914550781,343.3299865722656,347.6600036621094,335.91339111328125,2862700
2020-08-26,348.0,352.2900085449219,345.5,351.0199890136719,339.1598815917969,3512000
2020-08-27,351.7300109863281,358.0,350.5799865722656,356.0,343.9715881347656,3811700
2020-08-28,357.4800109863281,367.25,356.1600036621094,366.1199951171875,353.74957275390625,3544700
2020-08-31,366.6300048828125,366.6300048828125,357.69000244140625,358.19000244140625,346.0875244140625,3948200
2020-09-01,357.7099914550781,359.44000244140625,353.5599975585937,356.8999938964844,344.8410949707031,4409600
2020-09-02,357.3900146484375,361.6000061035156,356.2799987792969,360.7000122070313,348.51275634765625,4127200
2020-09-03,358.4700012207031,358.94000244140625,341.260009765625,343.8399963378906,332.2224426269531,6297400
2020-09-04,343.0,346.989990234375,326.54998779296875,335.010009765625,323.6907043457031,6571200
2020-09-08,328.760009765625,335.7099914550781,326.8999938964844,329.8800048828125,318.7341003417969,4425700
2020-09-09,337.3900146484375,342.760009765625,332.3699951171875,339.6400146484375,328.164306640625,3344900
2020-09-10,342.5,345.1300048828125,331.1400146484375,332.8800048828125,321.6327209472656,2845900
2020-09-11,334.7099914550781,334.7099914550781,327.3099975585937,330.1499938964844,318.9949035644531,2920400
2020-09-14,334.9700012207031,340.0,334.0199890136719,338.6000061035156,327.15948486328125,3416100
2020-09-15,342.739990234375,343.92999267578125,338.5299987792969,339.1400146484375,327.6812438964844,2396400
2020-09-16,341.2799987792969,346.0400085449219,339.7900085449219,341.8500061035156,330.299560546875,3049000
2020-09-17,337.1400146484375,343.7200012207031,336.0,339.42999267578125,327.9613647460937,3713000
2020-09-18,338.2099914550781,341.1400146484375,333.3699951171875,335.260009765625,323.93231201171875,4006000
2020-09-21,329.4700012207031,331.6700134277344,320.8099975585937,327.8500061035156,316.772705078125,4466000
2020-09-22,329.510009765625,336.0299987792969,325.1099853515625,335.3099975585937,323.98065185546875,3375300
2020-09-23,334.8399963378906,335.1700134277344,323.4700012207031,324.5299987792969,313.5648498535156,2893900
2020-09-24,323.20001220703125,330.7799987792969,321.17999267578125,328.2099914550781,317.1205139160156,3706300
2020-09-25,325.6499938964844,333.4800109863281,322.1000061035156,331.7799987792969,320.56988525390625,3077500
2020-09-28,336.6099853515625,340.57000732421875,335.8099975585937,338.3900146484375,326.95660400390625,3122500
2020-09-29,338.3900146484375,340.7200012207031,335.82000732421875,336.2300109863281,324.8695373535156,2679500
2020-09-30,336.70001220703125,343.6499938964844,336.4200134277344,338.1700134277344,326.7439880371094,3285200
2020-10-01,342.239990234375,346.70001220703125,340.2799987792969,343.3699951171875,331.768310546875,2503600
2020-10-02,338.2699890136719,342.6099853515625,336.010009765625,338.8299865722656,327.38165283203125,2184600
2020-10-05,341.67999267578125,343.25,338.9700012207031,343.25,331.6523742675781,2081600
2020-10-06,342.0599975585937,346.3599853515625,336.2200012207031,337.42999267578125,326.0289611816406,2553400
2020-10-07,341.7799987792969,344.6499938964844,340.3399963378906,343.8999938964844,332.2803649902344,3068200
2020-10-08,345.010009765625,347.69000244140625,344.239990234375,345.1499938964844,333.87646484375,1991800
2020-10-09,347.989990234375,353.3599853515625,347.0,352.3900146484375,340.8800048828125,3116500
2020-10-12,355.0,355.0,350.82000732421875,352.0400085449219,340.5414123535156,2942900
2020-10-13,351.42999267578125,351.5,345.0199890136719,345.8399963378906,334.5439758300781,2523800
2020-10-14,345.760009765625,347.19000244140625,341.19000244140625,342.70001220703125,331.5065002441406,2234300
2020-10-15,338.29998779296875,339.6099853515625,332.82000732421875,338.57000732421875,327.5113220214844,3727300
2020-10-16,340.0,344.9800109863281,339.2300109863281,339.3999938964844,328.3143310546875,3324600
2020-10-19,340.1199951171875,341.29998779296875,330.42999267578125,331.6700134277344,320.8367004394531,2937600
2020-10-20,333.0400085449219,336.79998779296875,331.67999267578125,331.7200012207031,320.8851623535156,2677800
2020-10-21,332.489990234375,336.32000732421875,331.29998779296875,333.4200134277344,322.5296630859375,2725300
2020-10-22,333.3699951171875,335.3800048828125,329.25,333.6000061035156,322.7037353515625,2256000
2020-10-23,335.69000244140625,335.69000244140625,328.3099975585937,329.6099853515625,318.84405517578125,2945400
2020-10-26,326.4100036621094,327.239990234375,314.2300109863281,318.0599975585937,307.6713256835937,5173300
2020-10-27,318.8999938964844,319.5599975585937,312.3599853515625,317.1099853515625,306.7523498535156,4314900
2020-10-28,301.69000244140625,302.0,288.6000061035156,291.3800048828125,281.86279296875,11518200
2020-10-29,293.20001220703125,295.29998779296875,287.54998779296875,293.17999267578125,283.6039428710937,9582300
2020-10-30,289.8500061035156,291.8500061035156,281.20001220703125,288.6400146484375,279.2123107910156,6892800
2020-11-02,294.239990234375,294.8399963378906,288.1199951171875,289.9700012207031,280.4988708496094,5094900
2020-11-03,294.45001220703125,300.3399963378906,291.7799987792969,295.3900146484375,285.7418518066406,4097700
2020-11-04,305.0899963378906,312.7200012207031,302.239990234375,307.20001220703125,297.16607666015625,4790100
2020-11-05,315.1400146484375,319.3500061035156,313.5799865722656,316.5299987792969,306.1913452148437,3794400
2020-11-06,315.9800109863281,316.489990234375,310.0899963378906,313.6400146484375,303.3957214355469,2978500
2020-11-09,346.9200134277344,357.0,340.8999938964844,344.5599975585937,333.3057556152344,10933700
2020-11-10,339.989990234375,345.8599853515625,333.44000244140625,334.7799987792969,323.8452453613281,5330400
2020-11-11,337.4100036621094,337.70001220703125,331.07000732421875,332.3900146484375,321.5332946777344,2969900
2020-11-12,329.0599975585937,333.0899963378906,326.29998779296875,328.2900085449219,317.567138671875,3207700
2020-11-13,330.29998779296875,336.1099853515625,327.3399963378906,335.0299987792969,324.0870056152344,2393700
2020-11-16,341.79998779296875,342.6499938964844,333.1700134277344,335.45001220703125,324.4933166503906,3312800
2020-11-17,333.1700134277344,337.7699890136719,330.7200012207031,336.5,325.5090637207031,3412700
2020-11-18,336.5299987792969,340.95001220703125,334.8599853515625,335.94000244140625,324.9672546386719,3203400
2020-11-19,335.489990234375,339.1600036621094,331.4200134277344,333.8800048828125,322.97467041015625,2718700
2020-11-20,334.7799987792969,335.1600036621094,323.0,323.0,312.4499206542969,4142400
2020-11-23,326.2099914550781,333.20001220703125,324.3699951171875,332.0400085449219,321.1947021484375,3219000
2020-11-24,336.9100036621094,344.1099853515625,334.1199951171875,342.3900146484375,331.2066650390625,3529700
2020-11-25,343.7099914550781,343.7099914550781,339.3399963378906,341.32000732421875,330.171630859375,2535200
2020-11-27,342.8299865722656,342.8800048828125,337.6099853515625,339.07000732421875,327.9950866699219,1402300
2020-11-30,337.6600036621094,338.04998779296875,330.17999267578125,336.510009765625,325.5186462402344,4276200
2020-12-01,339.6700134277344,342.6300048828125,337.6199951171875,338.8800048828125,327.81134033203125,4210400
2020-12-02,336.7799987792969,340.239990234375,334.0,340.2200012207031,329.1075134277344,2972100
2020-12-03,338.5599975585937,342.32000732421875,334.1199951171875,335.1400146484375,324.1934509277344,3080300
2020-12-04,336.9200134277344,344.3500061035156,335.79998779296875,344.3500061035156,333.1026916503906,4323600
2020-12-07,343.3599853515625,347.989990234375,340.04998779296875,340.9599914550781,329.8233337402344,2389800
2020-12-08,338.2799987792969,342.8299865722656,336.70001220703125,340.7900085449219,329.65887451171875,2224600
2020-12-09,340.4100036621094,341.7099914550781,334.69000244140625,336.8500061035156,325.8475646972656,2962600
2020-12-10,334.6499938964844,335.5400085449219,331.19000244140625,331.5199890136719,320.6916809082031,3506800
2020-12-11,327.0899963378906,331.57000732421875,325.5299987792969,327.4200134277344,316.7255859375,4179400
2020-12-14,329.0,338.75,327.5899963378906,331.1499938964844,320.33380126953125,3552400
2020-12-15,333.1600036621094,335.2200012207031,327.6199951171875,333.6499938964844,322.7521057128906,3104600
2020-12-16,333.9599914550781,334.0,329.25,332.1000061035156,321.2527770996094,3393300
2020-12-17,334.5400085449219,338.3299865722656,333.3999938964844,336.8999938964844,325.8959655761719,2725500
2020-12-18,336.510009765625,341.6000061035156,334.3500061035156,340.3299865722656,329.2140197753906,8443700
2020-12-21,333.2099914550781,336.1499938964844,327.239990234375,334.3699951171875,323.44854736328125,3642500
2020-12-22,334.1600036621094,335.2200012207031,331.6000061035156,332.239990234375,321.38818359375,2403100
2020-12-23,334.1300048828125,335.2099914550781,329.0299987792969,329.2300109863281,318.4764709472656,2760600
2020-12-24,330.6499938964844,336.3699951171875,330.3500061035156,336.0,325.0254211425781,1308900
2020-12-28,337.8599853515625,345.5899963378906,336.8699951171875,344.4700012207031,333.2187194824219,3449100
2020-12-29,347.7799987792969,348.75,344.760009765625,346.6600036621094,335.3371887207031,2822700
2020-12-30,348.67999267578125,357.82000732421875,347.2099914550781,355.54998779296875,343.9367370605469,4200600
2020-12-31,355.0299987792969,359.4100036621094,353.25,356.94000244140625,345.2814025878906,2881700
2021-01-04,358.0,358.1300048828125,347.3599853515625,351.489990234375,340.0093688964844,4638400
2021-01-05,348.79998779296875,353.0,345.44000244140625,347.4200134277344,336.0723876953125,2990700
2021-01-06,350.4200134277344,354.0299987792969,344.5599975585937,347.54998779296875,336.1980895996094,3966800
2021-01-07,348.95001220703125,352.3699951171875,348.3800048828125,349.8599853515625,338.8616027832031,3100200
2021-01-08,351.3599853515625,354.9800109863281,349.489990234375,353.8500061035156,342.7261657714844,3371500
2021-01-11,352.1099853515625,353.4200134277344,347.7900085449219,348.20001220703125,337.2537841796875,2403000
2021-01-12,347.0799865722656,348.0,336.0299987792969,342.9200134277344,332.1397705078125,4858100
2021-01-13,349.6099853515625,349.760009765625,344.2300109863281,346.3299865722656,335.442626953125,4125700
2021-01-14,348.69000244140625,349.5799865722656,326.69000244140625,326.92999267578125,316.65252685546875,8712200
2021-01-15,327.5400085449219,329.69000244140625,321.8800048828125,323.260009765625,313.0978698730469,7911500
2021-01-19,326.989990234375,329.1300048828125,324.6600036621094,325.94000244140625,315.693603515625,4625200
2021-01-20,329.989990234375,337.92999267578125,329.1300048828125,334.9100036621094,324.38165283203125,5081000
2021-01-21,334.4100036621094,336.8599853515625,331.75,334.44000244140625,323.9264221191406,3484900
2021-01-22,330.3900146484375,335.1499938964844,328.9100036621094,328.989990234375,318.64776611328125,3846600
2021-01-25,327.510009765625,329.95001220703125,317.2300109863281,329.19000244140625,318.8414306640625,6257700
2021-01-26,330.0,330.5400085449219,325.82000732421875,327.70001220703125,317.3983154296875,3503100
2021-01-27,320.3599853515625,323.0,313.1199951171875,315.489990234375,305.5721130371094,7449400
2021-01-28,327.0899963378906,329.0,321.9800109863281,324.2799987792969,314.08575439453125,6906400
2021-01-29,323.79998779296875,325.67999267578125,312.3800048828125,316.2900085449219,306.3470458984375,7627200
2021-02-01,320.9100036621094,323.5199890136719,317.5799865722656,321.5599975585937,311.4512634277344,4930700
2021-02-02,323.45001220703125,336.1600036621094,323.45001220703125,334.3699951171875,323.85858154296875,5686000
2021-02-03,333.8399963378906,336.0,331.07000732421875,332.82000732421875,322.3573608398437,4036800
2021-02-04,335.3699951171875,343.25,335.0599975585937,340.8299865722656,330.11553955078125,4537500
2021-02-05,342.5199890136719,344.3299865722656,337.3900146484375,338.75,328.1008605957031,2964800
2021-02-08,340.0,341.489990234375,335.5299987792969,337.0299987792969,326.4349670410156,2652800
2021-02-09,335.95001220703125,336.2200012207031,330.0,333.44000244140625,322.9578552246094,2993300
2021-02-10,335.0,335.4700012207031,332.25,334.2099914550781,323.70361328125,4246300
2021-02-11,345.5,349.5899963378906,340.25,342.8699951171875,332.09136962890625,5110800
2021-02-12,341.3299865722656,343.1199951171875,336.70001220703125,341.0,330.2801208496094,3025100
2021-02-16,343.20001220703125,344.0,338.07000732421875,341.2099914550781,330.48358154296875,2916900
2021-02-17,339.0400085449219,340.3800048828125,335.8399963378906,337.3299865722656,326.7255249023437,2267000
2021-02-18,334.489990234375,339.95001220703125,332.8399963378906,338.4599914550781,327.8199768066406,2393700
2021-02-19,338.44000244140625,339.0,331.0,333.1700134277344,322.6964111328125,4095800
2021-02-22,330.0,344.1199951171875,328.7699890136719,340.6600036621094,329.9508056640625,4940300
2021-02-23,340.6499938964844,354.2799987792969,338.4100036621094,350.4200134277344,339.4040222167969,6326600
2021-02-24,352.8699951171875,368.7900085449219,350.57000732421875,367.3200073242188,355.772705078125,7467400
2021-02-25,364.55999755859375,367.3200073242188,352.2099914550781,354.57000732421875,343.42364501953125,5207500
2021-02-26,357.0799865722656,359.3900146484375,347.1199951171875,353.8500061035156,342.7261657714844,4868500
2021-03-01,360.6799926757813,366.4500122070313,359.17999267578125,362.8999938964844,351.4916687011719,4382900
2021-03-02,362.0,366.6099853515625,359.3399963378906,362.8200073242188,351.4142150878906,3559200
2021-03-03,360.0,365.4299926757813,355.45001220703125,360.25,348.925048828125,3692300
2021-03-04,360.1000061035156,361.6300048828125,344.67999267578125,349.5,338.51287841796875,4572000
2021-03-05,354.9200134277344,361.7900085449219,346.4200134277344,360.8800048828125,349.5351867675781,4643200
2021-03-08,362.3999938964844,382.4599914550781,361.7900085449219,371.3299865722656,359.6566162109375,7213300
2021-03-09,375.0,387.3200073242188,372.7200012207031,376.5199890136719,364.68359375,5832800
2021-03-10,376.6000061035156,384.0,373.0,381.7000122070313,369.7007446289063,4509500
2021-03-11,385.5,389.5,382.6000061035156,384.3800048828125,372.2964172363281,3729700
2021-03-12,381.1400146484375,383.9299926757813,379.239990234375,382.7099914550781,370.6790161132813,2467500
2021-03-15,383.30999755859375,387.8599853515625,378.6400146484375,381.760009765625,369.7588195800781,4216200
2021-03-16,382.7000122070313,385.2799987792969,378.6900024414063,382.3800048828125,370.3593444824219,3445100
2021-03-17,381.8500061035156,385.1000061035156,375.8699951171875,378.6799926757813,366.7755737304688,3240900
2021-03-18,375.0299987792969,375.4800109863281,365.0400085449219,367.0,355.4628601074219,7205200
2021-03-19,364.7999877929688,366.2799987792969,350.1400146484375,356.510009765625,345.3025817871094,12224300
2021-03-22,355.94000244140625,361.6499938964844,354.0,358.3999938964844,347.13311767578125,4140400
2021-03-23,359.29998779296875,359.29998779296875,353.510009765625,355.2699890136719,344.1015625,3756300
2021-03-24,357.0799865722656,364.989990234375,356.0,359.6499938964844,348.3439636230469,3550000
2021-03-25,358.010009765625,359.4700012207031,354.1499938964844,358.3599853515625,347.0944519042969,2961800
2021-03-26,359.92999267578125,366.6099853515625,357.260009765625,366.1400146484375,354.6298522949219,2741200
2021-03-29,364.239990234375,365.3500061035156,358.6099853515625,362.9100036621094,351.5014038085937,4054900
2021-03-30,360.7799987792969,364.5700073242188,357.1000061035156,358.20001220703125,346.9395446777344,2885800
2021-03-31,359.5899963378906,361.5,355.7799987792969,356.04998779296875,344.8570251464844,4372600
2021-04-01,357.0400085449219,363.3999938964844,355.239990234375,363.2999877929688,351.879150390625,3701800
2021-04-05,366.7999877929688,370.5199890136719,364.3399963378906,368.3200073242188,356.74127197265625,2180300
2021-04-06,364.8999938964844,370.75,362.5,369.5700073242188,357.9519958496094,2661900
2021-04-07,369.1400146484375,373.9599914550781,369.0,371.0799865722656,359.4145812988281,2958300
2021-04-08,373.0,379.30999755859375,372.75,377.739990234375,366.299560546875,3528400
2021-04-09,376.0799865722656,380.3500061035156,374.4400024414063,380.0799865722656,368.568603515625,2429300
2021-04-12,378.0799865722656,380.9400024414063,376.1799926757813,379.8399963378906,368.33587646484375,2896600
2021-04-13,379.05999755859375,380.1000061035156,376.7999877929688,378.1300048828125,366.6777038574219,2652800
2021-04-14,377.0,380.9500122070313,375.6000061035156,378.3200073242188,366.8619384765625,2317400
2021-04-15,381.1700134277344,387.3699951171875,380.9700012207031,386.489990234375,374.7844848632813,2942200
2021-04-16,389.0,389.1000061035156,383.6700134277344,386.1700134277344,374.4741516113281,2725500
2021-04-19,384.8999938964844,387.739990234375,381.3200073242188,382.1600036621094,370.5856323242188,3360900
2021-04-20,380.1900024414063,381.30999755859375,373.55999755859375,376.6300048828125,365.2231140136719,3135900
2021-04-21,378.5899963378906,384.1000061035156,376.6700134277344,383.1000061035156,371.49713134765625,2466300
2021-04-22,383.0799865722656,389.5,381.989990234375,383.3599853515625,371.7492980957031,3713700
2021-04-23,384.3500061035156,389.8800048828125,383.4599914550781,387.05999755859375,375.3372802734375,2294800
2021-04-26,387.8299865722656,392.9400024414063,387.1000061035156,387.4700012207031,375.73480224609375,2255000
2021-04-27,388.2200012207031,390.4299926757813,386.1400146484375,389.0700073242188,377.2863159179688,2270000
2021-04-28,390.7000122070313,401.5,390.7000122070313,395.6499938964844,383.6670227050781,4065300
2021-04-29,391.5,392.3900146484375,383.80999755859375,388.9500122070313,377.16998291015625,4637100
2021-04-30,382.8599853515625,385.0,375.6099853515625,382.05999755859375,370.4886169433594,4043200
2021-05-03,385.4700012207031,386.8699951171875,376.8500061035156,379.3999938964844,367.90924072265625,3344100
2021-05-04,377.0700073242188,378.2099914550781,371.5799865722656,375.9100036621094,364.5249328613281,3321200
2021-05-05,377.9299926757813,379.6400146484375,368.0299987792969,369.1400146484375,357.9599914550781,2993900
2021-05-06,371.1400146484375,375.7300109863281,365.7000122070313,375.4800109863281,364.10791015625,3787300
2021-05-07,377.260009765625,378.6400146484375,373.55999755859375,375.3999938964844,364.0302429199219,2935900
2021-05-10,375.7900085449219,376.0,365.4100036621094,366.3399963378906,355.2447814941406,3193700
2021-05-11,361.010009765625,368.9299926757813,359.2699890136719,367.6099853515625,356.4762878417969,3073100
2021-05-12,364.75,365.3800048828125,355.6400146484375,356.6199951171875,345.81915283203125,3293200
2021-05-13,359.3299865722656,362.8399963378906,357.9200134277344,360.0199890136719,349.1162414550781,2626000
2021-05-14,363.0299987792969,364.7099914550781,361.489990234375,363.9100036621094,352.8883361816406,2959700
2021-05-17,362.2999877929688,364.05999755859375,358.0599975585937,363.2999877929688,352.296875,2511600
2021-05-18,367.0,369.8399963378906,362.8800048828125,363.0700073242188,352.0738525390625,3421200
2021-05-19,357.3299865722656,361.1499938964844,355.3699951171875,360.9800109863281,350.04718017578125,3577900
2021-05-20,362.9400024414063,369.4100036621094,362.489990234375,367.7000122070313,356.56365966796875,4087500
2021-05-21,369.1400146484375,372.5299987792969,367.4599914550781,367.6000061035156,356.4666748046875,2708700
2021-05-24,370.0799865722656,373.739990234375,369.6400146484375,372.3800048828125,361.1018981933594,2351500
2021-05-25,373.1300048828125,373.75,366.8200073242188,367.2200012207031,356.0981140136719,3916300
2021-05-26,369.0,369.9100036621094,362.0499877929688,362.6499938964844,351.66650390625,3101900
2021-05-27,364.5499877929688,366.3999938964844,360.5400085449219,362.0,351.0362243652344,5416300
2021-05-28,363.5,365.4100036621094,360.4200134277344,360.5799865722656,349.6592712402344,3624300
2021-06-01,364.4800109863281,365.3999938964844,359.5400085449219,359.7900085449219,348.8931884765625,3119700
2021-06-02,363.5299987792969,371.1700134277344,362.8800048828125,366.8500061035156,355.7394104003906,3531000
2021-06-03,363.3599853515625,366.6900024414063,361.7300109863281,361.8200073242188,350.8616943359375,2605900
2021-06-04,364.30999755859375,366.6300048828125,363.7000122070313,366.0199890136719,354.9344787597656,2295200
2021-06-07,367.7999877929688,371.3500061035156,363.2799987792969,364.0799865722656,353.0531921386719,2133400
2021-06-08,365.0,367.6799926757813,363.2300109863281,365.260009765625,354.19744873046875,3224200
2021-06-09,366.9400024414063,369.3200073242188,363.3299865722656,363.3299865722656,352.32586669921875,2520900
2021-06-10,364.6900024414063,365.6400146484375,361.9599914550781,364.2999877929688,353.2666320800781,2460200
2021-06-11,365.5400085449219,366.8500061035156,363.7999877929688,365.5,354.43017578125,2708300
2021-06-14,366.0,366.6300048828125,362.1000061035156,366.5199890136719,355.4193420410156,2515300
2021-06-15,367.3399963378906,368.75,362.739990234375,368.1199951171875,356.97088623046875,3562500
2021-06-16,369.3800048828125,369.3800048828125,361.2999877929688,363.8200073242188,352.80108642578125,3081000
2021-06-17,363.5,369.1499938964844,361.2300109863281,367.2900085449219,356.166015625,3824900
2021-06-18,362.1199951171875,370.3800048828125,362.0,367.4200134277344,356.2921447753906,5009400
2021-06-21,368.6199951171875,376.4500122070313,366.2000122070313,373.0899963378906,361.7903442382813,3094600
2021-06-22,373.989990234375,378.760009765625,372.0199890136719,378.0400085449219,366.5903930664063,3582700
2021-06-23,378.0,378.7200012207031,374.2900085449219,375.1400146484375,363.7781982421875,2241800
2021-06-24,379.0,380.05999755859375,372.8999938964844,374.75,363.4001159667969,2788200
2021-06-25,375.4500122070313,379.6499938964844,373.3299865722656,379.6099853515625,368.1128845214844,3983900
2021-06-28,380.9200134277344,380.9200134277344,365.1199951171875,367.6799926757813,356.5442199707031,4800300
2021-06-29,369.010009765625,371.3900146484375,367.9100036621094,368.0,356.8545227050781,3394300
2021-06-30,367.9500122070313,370.1700134277344,364.2699890136719,365.0899963378906,354.0327453613281,2884900
2021-07-01,366.0499877929688,371.2099914550781,365.6000061035156,370.7099914550781,359.4824523925781,3108500
2021-07-02,372.6900024414063,375.489990234375,372.1499938964844,375.0299987792969,363.6715698242188,2786500
2021-07-06,376.6499938964844,378.239990234375,371.5,376.1199951171875,364.72857666015625,2740500
2021-07-07,376.7900085449219,378.1499938964844,372.4500122070313,373.9200134277344,362.5952453613281,3176600
2021-07-08,367.5,370.5899963378906,365.6499938964844,370.1900024414063,359.4010314941406,2809000
2021-07-09,371.8500061035156,373.4800109863281,369.8900146484375,372.9400024414063,362.0709533691406,2404800
2021-07-12,375.0,376.0700073242188,372.0799865722656,375.55999755859375,364.6146545410156,2648300
2021-07-13,375.5499877929688,386.6400146484375,375.5499877929688,383.7099914550781,372.527099609375,5161000
2021-07-14,382.9800109863281,391.6300048828125,382.9800109863281,390.7999877929688,379.4104309082031,4140500
2021-07-15,390.1400146484375,393.2999877929688,387.4500122070313,390.2300109863281,378.8570861816406,3773000
2021-07-16,393.1499938964844,393.4599914550781,385.3299865722656,387.1199951171875,375.8377380371094,2706500
2021-07-19,378.0,378.6000061035156,363.3699951171875,365.4500122070313,354.7992858886719,6814400
2021-07-20,367.0,376.6000061035156,365.2699890136719,374.3900146484375,363.4787902832031,3542200
2021-07-21,376.0299987792969,380.8999938964844,375.0499877929688,380.05999755859375,368.98345947265625,2393100
2021-07-22,380.2999877929688,382.8599853515625,377.0499877929688,382.1600036621094,371.022216796875,4180300
2021-07-23,385.0899963378906,394.5,385.0899963378906,393.260009765625,381.79876708984375,3720300
2021-07-26,391.6700134277344,392.8900146484375,388.2699890136719,392.7999877929688,381.3521423339844,2285800
2021-07-27,390.0,395.2799987792969,385.8900146484375,390.2699890136719,378.8958740234375,2783800
2021-07-28,391.6199951171875,391.7300109863281,382.3299865722656,383.4400024414063,372.2649841308594,3372600
2021-07-29,387.5,394.739990234375,387.5,388.80999755859375,377.47845458984375,3774000
2021-07-30,389.0,389.0,383.0799865722656,385.9400024414063,374.6920776367188,2533300
2021-08-02,389.2999877929688,389.9800109863281,373.7999877929688,375.260009765625,364.3233337402344,3430300
2021-08-03,376.6600036621094,376.6700134277344,359.57000732421875,367.6000061035156,356.8866577148437,6328500
2021-08-04,367.2799987792969,369.260009765625,363.4299926757813,368.010009765625,357.2846374511719,3203200
2021-08-05,368.2000122070313,371.9599914550781,367.0,371.9400024414063,361.10003662109375,2562400
2021-08-06,371.4200134277344,375.5,371.0,374.5299987792969,363.6145935058594,2038500
2021-08-09,374.1900024414063,374.5,368.8900146484375,370.6799926757813,359.8768310546875,2400800
2021-08-10,372.2900085449219,372.75,364.1099853515625,367.8399963378906,357.1195068359375,3225000
2021-08-11,368.5499877929688,369.9599914550781,363.75,364.239990234375,353.62451171875,3267700
2021-08-12,362.5700073242188,363.2200012207031,357.8500061035156,361.9800109863281,351.43035888671875,3802900
2021-08-13,362.260009765625,363.5,360.6300048828125,362.75,352.1778564453125,2304600
2021-08-16,360.5,363.80999755859375,356.6199951171875,363.55999755859375,352.9643249511719,2937300
2021-08-17,362.0,364.4599914550781,359.7900085449219,363.2300109863281,352.6439514160156,2812800
2021-08-18,361.1799926757813,365.6799926757813,360.5899963378906,360.9500122070313,350.4303894042969,2774500
2021-08-19,356.8999938964844,360.1400146484375,354.7200012207031,357.3099975585937,346.896484375,2727900
2021-08-20,357.3599853515625,358.32000732421875,353.3299865722656,354.989990234375,344.64410400390625,4135900
2021-08-23,357.4700012207031,362.239990234375,356.75,361.010009765625,350.4886474609375,3537900
2021-08-24,363.0299987792969,366.1000061035156,361.4700012207031,361.7799987792969,351.2361755371094,3032000
2021-08-25,361.9599914550781,362.3999938964844,358.5,359.1000061035156,348.6342468261719,2340400
2021-08-26,358.0,358.20001220703125,351.79998779296875,352.8599853515625,342.5761413574219,3946300
2021-08-27,352.4599914550781,356.5,351.6499938964844,355.7300109863281,345.3625183105469,3698300
2021-08-30,354.79998779296875,358.0400085449219,352.25,353.04998779296875,342.7606506347656,4032100
2021-08-31,352.94000244140625,355.2200012207031,344.67999267578125,346.2300109863281,336.1393737792969,6780400
2021-09-01,347.3800048828125,352.04998779296875,347.29998779296875,349.57000732421875,339.382080078125,4499600
2021-09-02,350.510009765625,350.5400085449219,339.3299865722656,341.2799987792969,331.3337097167969,7412000
2021-09-03,339.92999267578125,344.1400146484375,338.92999267578125,340.2300109863281,330.3143005371094,5171000
2021-09-07,344.8900146484375,348.0,343.0199890136719,344.7099914550781,334.6637268066406,4764300
2021-09-08,345.0,352.0,345.0,351.0400085449219,340.80926513671875,5054500
2021-09-09,350.7099914550781,353.6400146484375,349.9200134277344,351.4100036621094,341.1684875488281,3716200
2021-09-10,354.92999267578125,355.0,347.0199890136719,347.3900146484375,337.2655944824219,3437700
2021-09-13,350.0,351.989990234375,346.3599853515625,347.82000732421875,337.6830749511719,3234200
2021-09-14,349.67999267578125,349.8800048828125,345.25,345.79998779296875,335.7218322753906,3281900
2021-09-15,347.0,347.5299987792969,342.760009765625,344.75,334.7026062011719,3833500
2021-09-16,345.4100036621094,347.67999267578125,344.69000244140625,346.3099975585937,336.217041015625,3771100
2021-09-17,344.0,346.0,340.7699890136719,343.0400085449219,333.0423889160156,5527500
2021-09-20,338.32000732421875,341.1099853515625,335.6199951171875,339.69000244140625,329.7900085449219,3956600
2021-09-21,342.20001220703125,343.17999267578125,337.2799987792969,337.3800048828125,327.5473937988281,2967300
2021-09-22,339.29998779296875,343.8699951171875,338.5400085449219,343.4100036621094,333.4015808105469,3238800
2021-09-23,345.739990234375,354.7900085449219,345.20001220703125,354.07000732421875,343.7508850097656,4783200
2021-09-24,354.0299987792969,359.92999267578125,352.760009765625,358.1600036621094,347.7217102050781,3306200
2021-09-27,357.04998779296875,362.5899963378906,355.1600036621094,356.7699890136719,346.3721923828125,4158000
2021-09-28,355.5,356.0,349.04998779296875,351.17999267578125,340.94512939453125,3266900
2021-09-29,352.8099975585937,357.17999267578125,352.4100036621094,353.19000244140625,342.8965759277344,2808800
2021-09-30,354.739990234375,356.0,347.3999938964844,347.67999267578125,337.5471496582031,4393300
2021-10-01,349.8299865722656,363.1799926757813,347.1600036621094,360.17999267578125,349.682861328125,5227300
2021-10-04,359.92999267578125,360.6499938964844,339.3399963378906,344.20001220703125,334.1685791015625,7901500
2021-10-05,347.5599975585937,348.57000732421875,342.92999267578125,343.2099914550781,333.20733642578125,4724100
2021-10-06,340.010009765625,348.8800048828125,339.1099853515625,348.69000244140625,338.5276794433594,3712000
2021-10-07,349.0,357.8999938964844,349.0,353.9100036621094,344.0296936035156,3209200
2021-10-08,356.0,360.3699951171875,354.2099914550781,354.9599914550781,345.05035400390625,2336700
2021-10-11,353.95001220703125,354.8800048828125,346.8999938964844,347.1499938964844,337.4584045410156,2769800
2021-10-12,348.6499938964844,350.0,344.6199951171875,345.3399963378906,335.69891357421875,3042900
2021-10-13,346.25,349.5,336.9800109863281,342.3500061035156,332.7924194335937,3755700
2021-10-14,343.8399963378906,345.8099975585937,340.8299865722656,344.5799865722656,334.9601745605469,4083800
2021-10-15,349.0,356.6099853515625,347.739990234375,356.0,346.0613708496094,4053600
2021-10-18,353.9599914550781,359.94000244140625,350.2300109863281,358.44000244140625,348.4332275390625,3280900
2021-10-19,358.3999938964844,362.2900085449219,357.6099853515625,362.1000061035156,351.9910888671875,2835400
2021-10-20,361.7000122070313,362.489990234375,356.0,356.7699890136719,346.80987548828125,2796200
2021-10-21,354.6000061035156,356.3800048828125,347.2699890136719,356.2099914550781,346.2654724121094,2516300
2021-10-22,356.67999267578125,361.6400146484375,354.8999938964844,358.6700134277344,348.6567687988281,2774400
2021-10-25,362.4599914550781,364.2999877929688,358.7900085449219,360.8599853515625,350.78570556640625,2447900
2021-10-26,363.3800048828125,367.3500061035156,356.8099975585937,357.32000732421875,347.344482421875,3320100
2021-10-27,348.0,351.1199951171875,333.79998779296875,335.7200012207031,326.3475036621094,9652700
2021-10-28,344.1700134277344,350.489990234375,328.8699951171875,333.0299987792969,323.73260498046875,9505100
2021-10-29,331.239990234375,338.1499938964844,331.1099853515625,335.5199890136719,326.1531066894531,5843700
2021-11-01,335.25,340.8999938964844,332.8800048828125,334.04998779296875,324.7240905761719,5126200
2021-11-02,335.1300048828125,335.7699890136719,326.70001220703125,328.4800109863281,319.3096618652344,5375300
2021-11-03,328.5,329.5799865722656,323.3399963378906,329.42999267578125,320.23309326171875,3952500
2021-11-04,331.07000732421875,338.6300048828125,329.3299865722656,335.42999267578125,326.0656433105469,4819500
2021-11-05,342.44000244140625,350.1600036621094,341.0,348.7900085449219,339.0526428222656,7201500
2021-11-08,348.010009765625,353.1499938964844,347.6600036621094,349.6700134277344,339.9080810546875,3862200
2021-11-09,350.0,350.20001220703125,339.6499938964844,344.6499938964844,335.0281982421875,4247800
2021-11-10,350.1000061035156,359.6199951171875,349.5,357.94000244140625,347.9472045898437,6337100
2021-11-11,358.3800048828125,359.6400146484375,352.57000732421875,354.3399963378906,344.4476928710937,4472200
2021-11-12,356.0599975585937,363.8399963378906,355.92999267578125,363.5,353.3519592285156,4724200
2021-11-15,365.1400146484375,371.1300048828125,360.6600036621094,361.3599853515625,351.2716979980469,4693200
2021-11-16,364.7699890136719,371.0700073242188,362.0,369.55999755859375,359.2428283691406,4969000
2021-11-17,359.5799865722656,368.0,351.2200012207031,359.1700134277344,349.1427917480469,11727300
2021-11-18,360.7300109863281,362.4800109863281,344.5799865722656,348.2200012207031,338.49859619140625,6533700
2021-11-19,346.0,346.6499938964844,339.1300048828125,339.7200012207031,330.23583984375,6954800
2021-11-22,339.79998779296875,341.4800109863281,319.760009765625,321.29998779296875,312.330078125,11378200
2021-11-23,324.9599914550781,329.69000244140625,321.69000244140625,329.0,319.8151550292969,7116200
2021-11-24,326.95001220703125,340.3599853515625,325.0199890136719,340.0,330.508056640625,6414400
2021-11-26,321.5799865722656,326.8699951171875,319.0,324.1700134277344,315.1199645996094,6613900
2021-11-29,330.010009765625,331.82000732421875,318.25,323.010009765625,313.99237060546875,6362200
2021-11-30,318.0,320.760009765625,310.1099853515625,314.9200134277344,306.1282043457031,10237600
2021-12-01,320.7799987792969,322.0199890136719,306.0,306.2799987792969,297.7294006347656,8008800
2021-12-02,309.5899963378906,322.20001220703125,308.989990234375,320.20001220703125,311.26080322265625,6717600
2021-12-03,320.239990234375,322.69000244140625,314.0,322.1099853515625,313.1175231933594,4732900
2021-12-06,324.75,336.760009765625,322.0,333.3299865722656,324.02423095703125,6055000
2021-12-07,337.29998779296875,342.4200134277344,337.29998779296875,339.510009765625,330.0316772460937,4939500
2021-12-08,339.2300109863281,344.0299987792969,334.1000061035156,342.3399963378906,332.78271484375,4226900
2021-12-09,340.04998779296875,346.5299987792969,339.010009765625,344.5199890136719,334.9018859863281,3389600
2021-12-10,347.0,350.25,344.8299865722656,349.9200134277344,340.151123046875,3405900
2021-12-13,349.19000244140625,349.5299987792969,340.3299865722656,345.3099975585937,335.6697998046875,4358300
2021-12-14,345.32000732421875,348.2099914550781,337.8599853515625,340.54998779296875,331.0426025390625,4518500
2021-12-15,340.0,346.5899963378906,335.5299987792969,346.3500061035156,336.6807556152344,4918700
2021-12-16,351.70001220703125,353.7699890136719,345.1199951171875,352.9200134277344,343.0673522949219,5369900
2021-12-17,349.19000244140625,352.7900085449219,344.1199951171875,349.3099975585937,339.55810546875,5898200
2021-12-20,341.239990234375,343.5299987792969,336.2300109863281,337.0199890136719,327.6112670898437,5013900
2021-12-21,340.3299865722656,352.0,339.3699951171875,350.739990234375,340.9481811523437,3105100
2021-12-22,346.5799865722656,358.6199951171875,346.5799865722656,357.4800109863281,347.50006103515625,3456400
2021-12-23,357.5400085449219,362.4700012207031,355.0,360.5799865722656,350.51348876953125,2627000
2021-12-27,360.0,361.0799865722656,355.6000061035156,360.30999755859375,350.2509765625,2677100
2021-12-28,358.7900085449219,364.1400146484375,358.4100036621094,360.7799987792969,350.7078552246094,1920100
2021-12-29,361.7799987792969,363.1499938964844,360.19000244140625,361.2900085449219,351.2037048339844,1535200
2021-12-30,362.0,364.6499938964844,359.1099853515625,360.989990234375,350.9120178222656,1558000
2021-12-31,357.95001220703125,363.3800048828125,356.7799987792969,359.32000732421875,349.2886962890625,1984000
2022-01-03,359.7900085449219,372.3200073242188,359.25,370.9500122070313,360.5940246582031,4708200
2022-01-04,371.989990234375,382.3999938964844,371.6499938964844,375.3900146484375,364.9100036621094,6854500
2022-01-05,374.0,382.5,372.510009765625,373.8999938964844,363.4616394042969,5976600
2022-01-06,368.6900024414063,374.2200012207031,366.5,370.0,360.1424255371094,4781100
2022-01-07,366.3900146484375,371.7900085449219,364.1099853515625,369.6499938964844,359.8018493652344,4551200
2022-01-10,370.9100036621094,370.9100036621094,348.7699890136719,363.9100036621094,354.21466064453125,6009300
2022-01-11,363.5299987792969,368.05999755859375,356.0899963378906,366.2900085449219,356.5313415527344,4131200
2022-01-12,368.9400024414063,372.1199951171875,367.0700073242188,367.30999755859375,357.5241394042969,5783100
2022-01-13,368.6099853515625,377.6799926757813,367.8800048828125,369.5199890136719,359.6752319335937,3892900
2022-01-14,364.3200073242188,374.7799987792969,364.1499938964844,372.1400146484375,362.2254638671875,4029900
2022-01-18,370.7900085449219,372.1400146484375,365.2000122070313,366.2999877929688,356.5410461425781,4933900
2022-01-19,362.4100036621094,369.2999877929688,359.7099914550781,360.7300109863281,351.1195068359375,4464800
2022-01-20,361.8299865722656,373.0700073242188,361.6700134277344,364.0,354.3023986816406,5043200
2022-01-21,362.5,368.1300048828125,354.1099853515625,355.0799865722656,345.61993408203125,4867100
2022-01-24,342.57000732421875,350.1000061035156,330.5899963378906,349.4200134277344,340.11083984375,7472800
2022-01-25,343.32000732421875,347.0400085449219,333.3900146484375,338.760009765625,329.73486328125,6994400
2022-01-26,343.3599853515625,354.7699890136719,341.25,344.6600036621094,335.4775695800781,7438600
2022-01-27,349.0799865722656,359.6300048828125,334.3299865722656,350.5299987792969,341.19122314453125,8416100
2022-01-28,359.04998779296875,382.7699890136719,355.3800048828125,382.510009765625,372.3191528320313,8813400
2022-01-31,378.6799926757813,386.5499877929688,376.2900085449219,386.3800048828125,376.0861511230469,6345200
2022-02-01,385.760009765625,395.5,382.4200134277344,392.05999755859375,381.61474609375,5841100
2022-02-02,389.2900085449219,399.9200134277344,382.75,396.75,386.1798095703125,6115000
2022-02-03,388.5400085449219,392.9400024414063,386.489990234375,390.0700073242188,379.67779541015625,4209200
2022-02-04,387.5700073242188,388.1499938964844,376.4100036621094,382.2000122070313,372.01751708984375,6045400
2022-02-07,382.2000122070313,382.3999938964844,373.30999755859375,376.1300048828125,366.109130859375,4767500
2022-02-08,377.5400085449219,379.7699890136719,370.5400085449219,374.3699951171875,364.3960876464844,5825300
2022-02-09,385.6000061035156,388.4500122070313,380.6000061035156,381.3699951171875,371.2096252441406,5492800
2022-02-10,371.7200012207031,380.0,370.55999755859375,374.3900146484375,364.4155578613281,3995000
2022-02-11,377.8599853515625,380.8999938964844,367.6400146484375,369.7699890136719,359.9185791015625,4345600
2022-02-14,368.8200073242188,377.2900085449219,366.760009765625,374.1600036621094,364.1915893554688,3678400
2022-02-15,374.5799865722656,383.0700073242188,373.3999938964844,381.5400085449219,371.3750305175781,5800400
2022-02-16,379.9599914550781,385.0,376.7799987792969,382.9299926757813,372.7279968261719,3424800
2022-02-17,378.6000061035156,381.2900085449219,372.1700134277344,373.7000122070313,363.7439270019531,3972500
2022-02-18,374.510009765625,374.80999755859375,369.0,369.9500122070313,360.0938720703125,4083800
2022-02-22,365.0,374.3200073242188,363.7999877929688,368.2900085449219,358.4779663085937,3897900
2022-02-23,371.9700012207031,373.55999755859375,360.1300048828125,361.2300109863281,351.6061096191406,3802500
2022-02-24,345.94000244140625,370.5400085449219,341.3099975585937,369.3800048828125,359.5390014648437,7425000
2022-02-25,367.2200012207031,372.5899963378906,361.7000122070313,369.0899963378906,359.2567443847656,3817900
2022-02-28,362.1900024414063,365.3599853515625,355.6600036621094,360.8200073242188,351.20709228515625,4952400
2022-03-01,357.8500061035156,361.5799865722656,341.2200012207031,344.4800109863281,335.3023681640625,5894200
2022-03-02,342.9599914550781,348.32000732421875,338.69000244140625,344.0899963378906,334.9227294921875,4997900
2022-03-03,347.6300048828125,349.5,340.70001220703125,340.989990234375,331.9053649902344,3975900
2022-03-04,336.8999938964844,338.8299865722656,324.0,330.760009765625,321.9478759765625,4670900
2022-03-07,329.5799865722656,329.79998779296875,312.1099853515625,312.9200134277344,304.58331298828125,6874300
2022-03-08,311.3900146484375,324.7300109863281,305.6099853515625,314.3299865722656,305.95562744140625,5048200
2022-03-09,323.1499938964844,329.45001220703125,321.1099853515625,328.1300048828125,319.38800048828125,4015900
2022-03-10,321.94000244140625,326.1199951171875,319.75,324.5899963378906,315.9422912597656,3771300
2022-03-11,330.0299987792969,330.9700012207031,324.0299987792969,324.7900085449219,316.136962890625,2987700
2022-03-14,329.1000061035156,336.8800048828125,327.260009765625,328.5899963378906,319.8357849121094,4122700
2022-03-15,332.4200134277344,338.3800048828125,331.2099914550781,335.0,326.0749816894531,3738900
2022-03-16,341.989990234375,350.94000244140625,336.67999267578125,344.67999267578125,335.4970703125,4340800
2022-03-17,341.6000061035156,346.8800048828125,339.75,346.44000244140625,337.21014404296875,3244200
2022-03-18,346.70001220703125,352.739990234375,342.489990234375,350.0899963378906,340.76287841796875,6790800
2022-03-21,346.0199890136719,350.0,342.489990234375,345.5799865722656,336.3730773925781,6053800
2022-03-22,346.7799987792969,353.92999267578125,345.510009765625,349.5299987792969,340.21783447265625,4669900
2022-03-23,343.3999938964844,346.7300109863281,341.75,342.17999267578125,333.0635681152344,2527800
2022-03-24,342.25,349.45001220703125,340.70001220703125,349.3500061035156,340.0426330566406,2482700
2022-03-25,350.4100036621094,351.5400085449219,345.6499938964844,349.0199890136719,339.7214050292969,2173800
2022-03-28,348.510009765625,350.5599975585937,343.5299987792969,350.489990234375,341.1521911621094,3134600
2022-03-29,358.7200012207031,370.760009765625,357.1000061035156,367.5499877929688,357.7576904296875,5512400
2022-03-30,364.010009765625,368.2799987792969,359.6199951171875,362.239990234375,352.5892333984375,2614200
2022-03-31,359.5799865722656,364.1199951171875,357.3599853515625,357.3800048828125,347.8586730957031,4095700
2022-04-01,359.2200012207031,367.8900146484375,358.1700134277344,363.9700012207031,354.2730712890625,3806800
2022-04-04,364.25,369.760009765625,363.1499938964844,366.9100036621094,357.1348876953125,3027200
2022-04-05,363.30999755859375,367.6300048828125,361.9299926757813,363.3200073242188,353.6404113769531,2215900
2022-04-06,356.4700012207031,357.0899963378906,349.5799865722656,353.54998779296875,344.1307067871094,3864500
2022-04-07,351.17999267578125,352.8999938964844,345.8099975585937,349.54998779296875,340.7095031738281,2848500
2022-04-08,347.29998779296875,355.8900146484375,345.6499938964844,352.2699890136719,343.3606872558594,2235100
2022-04-11,350.6400146484375,351.5,345.82000732421875,347.3699951171875,338.58465576171875,1809200
2022-04-12,350.0,354.4800109863281,344.4800109863281,345.79998779296875,337.0543518066406,4038500
2022-04-13,344.4100036621094,357.0,342.8699951171875,355.1400146484375,346.1581115722656,3048500
2022-04-14,357.17999267578125,362.9500122070313,356.8699951171875,357.82000732421875,348.7703857421875,3358900
2022-04-18,353.989990234375,360.760009765625,353.2200012207031,356.79998779296875,347.77618408203125,1871400
2022-04-19,356.8099975585937,364.6700134277344,356.07000732421875,363.8699951171875,354.66729736328125,2999300
2022-04-20,366.6600036621094,371.8900146484375,363.8699951171875,365.2900085449219,356.0514221191406,3377300
2022-04-21,369.4800109863281,375.2200012207031,363.4599914550781,364.4400024414063,355.2228698730469,3605300
2022-04-22,360.5,362.1000061035156,350.6099853515625,351.17999267578125,342.2983093261719,2968800
2022-04-25,349.2799987792969,355.0599975585937,347.1499938964844,354.6000061035156,345.6317749023437,3380400
2022-04-26,347.94000244140625,350.0599975585937,343.5799865722656,344.1099853515625,335.4070739746094,3116400
2022-04-27,357.0,373.739990234375,356.0,361.5700073242188,352.4255065917969,5702300
2022-04-28,369.1300048828125,381.9700012207031,368.7900085449219,378.8299865722656,369.2489929199219,6843300
2022-04-29,372.0499877929688,377.1199951171875,361.75,363.3800048828125,354.18975830078125,4741800
2022-05-02,363.0,364.9299926757813,350.5899963378906,359.0400085449219,349.95947265625,3903800
2022-05-03,361.5899963378906,363.4400024414063,353.44000244140625,357.7900085449219,348.7411193847656,2686900
2022-05-04,359.3699951171875,369.239990234375,353.6600036621094,368.5199890136719,359.19970703125,3346600
2022-05-05,362.1000061035156,367.7699890136719,349.0299987792969,353.3699951171875,344.4329528808594,3424800
2022-05-06,346.25,351.260009765625,340.7799987792969,347.1199951171875,338.3409729003906,3635200
2022-05-09,341.0,342.3900146484375,324.8900146484375,327.989990234375,319.6947937011719,5777400
2022-05-10,332.3099975585937,333.67999267578125,323.04998779296875,325.3299865722656,317.1020202636719,5003500
2022-05-11,325.4800109863281,331.0,318.54998779296875,325.8699951171875,317.6283569335937,4263900
2022-05-12,321.7699890136719,325.5799865722656,312.7699890136719,321.239990234375,313.115478515625,3891500
2022-05-13,327.6700134277344,335.2300109863281,326.0899963378906,332.79998779296875,324.38311767578125,3536000
2022-05-16,328.5400085449219,333.54998779296875,325.0299987792969,329.7300109863281,321.3908386230469,2062300
2022-05-17,340.1099853515625,341.17999267578125,332.5299987792969,338.8599853515625,330.2898864746094,2802300
2022-05-18,333.6199951171875,341.6000061035156,333.5599975585937,335.8999938964844,327.4047241210937,4521400
2022-05-19,330.0,336.2099914550781,324.42999267578125,332.2200012207031,323.8178100585937,4380700
2022-05-20,335.70001220703125,339.6099853515625,327.69000244140625,336.17999267578125,327.6776428222656,3428700
2022-05-23,339.0299987792969,351.29998779296875,338.9599914550781,348.42999267578125,339.6177978515625,3420800
2022-05-24,343.8900146484375,344.0,335.9800109863281,340.69000244140625,332.07354736328125,2561500
2022-05-25,340.5799865722656,347.739990234375,339.2099914550781,344.760009765625,336.04058837890625,3033400
2022-05-26,348.0,353.25,346.010009765625,349.8900146484375,341.0408935546875,2817400
2022-05-27,353.3900146484375,357.7900085449219,352.1099853515625,357.7799987792969,348.7313842773437,2658700
2022-05-31,353.0899963378906,360.9700012207031,351.1400146484375,357.8699951171875,348.81903076171875,3873800
2022-06-01,358.20001220703125,364.4400024414063,354.8500061035156,357.0599975585937,348.029541015625,2190000
2022-06-02,360.489990234375,365.0499877929688,357.760009765625,363.0799865722656,353.89727783203125,2484200
2022-06-03,359.4800109863281,360.9500122070313,355.7699890136719,357.82000732421875,348.7703857421875,2076600
2022-06-06,362.0,368.30999755859375,358.5299987792969,360.1400146484375,351.0317077636719,2196100
2022-06-07,356.92999267578125,364.4800109863281,356.3299865722656,364.0199890136719,354.81353759765625,2158800
2022-06-08,365.0,367.1199951171875,360.9800109863281,362.3299865722656,353.16632080078125,1709600
2022-06-09,359.760009765625,362.2099914550781,348.94000244140625,349.0,340.17340087890625,2250600
2022-06-10,341.3299865722656,344.3099975585937,334.6000061035156,334.75,326.2838134765625,3300500
2022-06-13,322.0,330.8999938964844,317.9200134277344,319.739990234375,311.65350341796875,4825100
2022-06-14,320.1000061035156,324.0,319.6600036621094,322.1400146484375,313.9927673339844,2788400
2022-06-15,327.4100036621094,330.6300048828125,319.42999267578125,325.3900146484375,317.1606140136719,2357800
2022-06-16,316.0899963378906,316.45001220703125,305.0799865722656,308.7799987792969,300.9706420898437,4528500
2022-06-17,307.0,314.1400146484375,303.6499938964844,310.69000244140625,302.83233642578125,6235300
2022-06-21,316.04998779296875,320.2300109863281,314.8800048828125,317.3999938964844,309.3726501464844,3193700
2022-06-22,313.4700012207031,319.0400085449219,311.3599853515625,316.1499938964844,308.1542358398437,2671500
2022-06-23,318.8999938964844,319.9800109863281,313.5400085449219,316.760009765625,308.7487487792969,2387600
2022-06-24,319.2200012207031,330.8099975585937,319.2200012207031,330.5,322.14129638671875,4318900
2022-06-27,331.9700012207031,331.9700012207031,327.1199951171875,328.8299865722656,320.5135803222656,2810800
2022-06-28,332.70001220703125,337.1499938964844,318.1199951171875,318.2900085449219,310.24005126953125,3394200
2022-06-29,319.1099853515625,326.1099853515625,318.4100036621094,322.5899963378906,314.4312744140625,3779500
2022-06-30,315.29998779296875,318.2900085449219,309.69000244140625,315.4800109863281,307.5011901855469,3411500
2022-07-01,314.1000061035156,318.94000244140625,311.3099975585937,318.239990234375,310.1913757324219,2287700
2022-07-05,313.0799865722656,320.3099975585937,309.4599914550781,319.260009765625,311.18560791015625,2112100
2022-07-06,319.0,322.3599853515625,315.7200012207031,320.1700134277344,312.0726013183594,2219200
2022-07-07,322.3500061035156,324.8599853515625,319.5199890136719,324.07000732421875,316.3580322265625,2202100
2022-07-08,322.7799987792969,324.9800109863281,319.3500061035156,323.0599975585937,315.3721008300781,1662100
2022-07-11,319.3800048828125,326.2200012207031,319.1499938964844,324.19000244140625,316.4752502441406,2073800
2022-07-12,320.2099914550781,327.3599853515625,320.2099914550781,322.8599853515625,315.1768798828125,2761500
2022-07-13,315.95001220703125,324.92999267578125,313.8099975585937,323.3699951171875,315.6747436523437,2442600
2022-07-14,316.1600036621094,327.5799865722656,315.3900146484375,325.0299987792969,317.295166015625,2743900
2022-07-15,333.6300048828125,335.57000732421875,329.760009765625,332.57000732421875,324.6557922363281,3387400
2022-07-18,335.5,337.510009765625,329.7900085449219,331.010009765625,323.13299560546875,2468500
2022-07-19,331.7799987792969,342.010009765625,331.7799987792969,340.3800048828125,332.2799377441406,2689800
2022-07-20,340.3800048828125,343.3099975585937,336.2900085449219,341.2699890136719,333.1488037109375,2563600
2022-07-21,341.8699951171875,347.2300109863281,340.0599975585937,346.9200134277344,338.6643371582031,2230800
2022-07-22,348.8800048828125,351.0899963378906,340.3999938964844,343.8800048828125,335.6966857910156,2253000
2022-07-25,344.45001220703125,345.5400085449219,340.1099853515625,344.2099914550781,336.0188293457031,2180100
2022-07-26,342.6499938964844,344.6300048828125,339.29998779296875,341.2799987792969,333.15850830078125,2254200
2022-07-27,343.010009765625,348.9200134277344,331.239990234375,343.2699890136719,335.1011657714844,4580300
2022-07-28,348.0,353.260009765625,340.6199951171875,352.45001220703125,344.0627136230469,3635500
2022-07-29,354.1300048828125,356.79998779296875,349.9599914550781,353.7900085449219,345.370849609375,3176800
2022-08-01,347.8099975585937,354.8399963378906,345.6600036621094,350.5400085449219,342.1981811523437,2289400
2022-08-02,347.0799865722656,351.1499938964844,343.9800109863281,349.010009765625,340.7046203613281,2878800
2022-08-03,350.0,356.4800109863281,348.5400085449219,354.1300048828125,345.7027893066406,2921200
2022-08-04,354.6700134277344,358.6099853515625,349.6499938964844,356.07000732421875,347.5965881347656,2339500
2022-08-05,350.3999938964844,357.8299865722656,350.3999938964844,357.510009765625,349.0022888183594,1848700
2022-08-08,359.0,359.0,349.8900146484375,352.1600036621094,343.7796325683594,2477600
2022-08-09,350.3999938964844,351.1199951171875,345.3500061035156,346.5400085449219,338.2933654785156,2467400
2022-08-10,354.3399963378906,354.54998779296875,351.04998779296875,353.3800048828125,344.9706115722656,2443700
2022-08-11,355.8500061035156,355.8500061035156,350.3500061035156,350.5799865722656,342.2372436523437,2609400
2022-08-12,354.739990234375,355.45001220703125,350.260009765625,354.2699890136719,345.83941650390625,2514200
2022-08-15,352.3299865722656,361.9500122070313,350.82000732421875,359.95001220703125,351.3842468261719,2526300
2022-08-16,354.2699890136719,360.0,353.1000061035156,359.25,350.7008361816406,2448700
2022-08-17,353.5,356.9599914550781,351.75,355.3299865722656,346.87420654296875,2439900
2022-08-18,354.32000732421875,359.5199890136719,353.57000732421875,357.3599853515625,348.8558654785156,1934900
2022-08-19,356.6300048828125,356.7699890136719,353.5599975585937,354.2799987792969,345.8491516113281,1740700
2022-08-22,350.0,351.0,344.2799987792969,345.510009765625,337.2879333496094,2312400
2022-08-23,342.69000244140625,345.2099914550781,339.3699951171875,340.8900146484375,332.77783203125,2240700
2022-08-24,340.17999267578125,342.2900085449219,338.3500061035156,339.7099914550781,331.6258850097656,2218400
2022-08-25,340.0,345.1300048828125,337.32000732421875,344.6700134277344,336.4678955078125,2228500
2022-08-26,345.04998779296875,345.6400146484375,331.70001220703125,331.9599914550781,324.0602722167969,1925000
2022-08-29,329.989990234375,332.8099975585937,327.7699890136719,329.3500061035156,321.512451171875,2308200
2022-08-30,331.0,332.9700012207031,325.57000732421875,327.8099975585937,320.009033203125,2618900
2022-08-31,328.2900085449219,331.17999267578125,324.2799987792969,324.3699951171875,316.65087890625,3129000
2022-09-01,323.8099975585937,325.6099853515625,319.2099914550781,325.25,317.5100402832031,2493200
2022-09-02,329.4100036621094,329.6700134277344,320.5299987792969,322.5599975585937,314.884033203125,1936800
2022-09-06,322.5,326.989990234375,320.5599975585937,324.0799865722656,316.3678894042969,2043400
2022-09-07,324.0799865722656,329.20001220703125,322.04998779296875,328.6199951171875,320.7998046875,1998300
2022-09-08,324.5299987792969,330.2900085449219,323.4800109863281,330.07000732421875,322.2153015136719,2114000
2022-09-09,330.5400085449219,337.0199890136719,330.1499938964844,335.8500061035156,327.8577880859375,1815700
2022-09-12,338.0899963378906,339.4800109863281,335.94000244140625,338.4200134277344,330.3665771484375,2097800
2022-09-13,330.0,332.79998779296875,324.5799865722656,325.44000244140625,317.6954040527344,2316900
2022-09-14,327.0400085449219,328.4800109863281,323.3500061035156,325.8500061035156,318.0957336425781,2657900
2022-09-15,323.5899963378906,325.94000244140625,315.1700134277344,316.9599914550781,309.417236328125,2486800
2022-09-16,312.8500061035156,315.6300048828125,309.1099853515625,315.1300048828125,307.6307678222656,3650900
2022-09-19,311.95001220703125,315.45001220703125,310.25,314.0299987792969,306.5569763183594,2369700
2022-09-20,311.1600036621094,314.3699951171875,309.44000244140625,313.2699890136719,305.8150634765625,2769600
2022-09-21,314.4800109863281,314.9800109863281,304.2200012207031,304.5,297.2537841796875,2366300
2022-09-22,302.95001220703125,303.0799865722656,296.5899963378906,298.3599853515625,291.2599792480469,3176500
2022-09-23,293.1300048828125,294.57000732421875,290.239990234375,293.5799865722656,286.5935974121094,3245900
2022-09-26,290.04998779296875,295.3399963378906,289.1199951171875,290.1099853515625,283.2062683105469,3635600
2022-09-27,295.4700012207031,297.8999938964844,284.79998779296875,286.4800109863281,279.6626281738281,4073300
2022-09-28,285.1099853515625,292.9800109863281,281.69000244140625,290.17999267578125,283.2745056152344,5611400
2022-09-29,288.3500061035156,292.07000732421875,284.8500061035156,286.7699890136719,279.9456787109375,3439700
2022-09-30,286.8599853515625,290.760009765625,284.3399963378906,284.3399963378906,277.57354736328125,3804200
2022-10-03,287.8500061035156,292.75,284.9200134277344,290.4800109863281,283.5674133300781,5285200
2022-10-04,296.19000244140625,303.9700012207031,295.9800109863281,301.2699890136719,294.10064697265625,3949200
2022-10-05,297.9800109863281,306.6000061035156,297.25,304.20001220703125,296.9609069824219,2845200
2022-10-06,302.5799865722656,305.04998779296875,298.8599853515625,299.2300109863281,292.5804748535156,2494400
2022-10-07,296.6600036621094,297.19000244140625,292.989990234375,294.9700012207031,288.4151306152344,2210800
2022-10-10,297.0400085449219,297.25,289.5400085449219,291.7799987792969,285.2960510253906,1783500
2022-10-11,289.8299865722656,290.3900146484375,284.4200134277344,286.04998779296875,279.6933898925781,3554900
2022-10-12,286.5400085449219,287.489990234375,283.2099914550781,283.3800048828125,277.08270263671875,2646800
2022-10-13,277.2799987792969,295.42999267578125,276.8699951171875,293.9599914550781,287.4276123046875,3322800
2022-10-14,295.8599853515625,298.6199951171875,287.8399963378906,288.69000244140625,282.2747497558594,3106300
2022-10-17,295.4200134277344,298.7300109863281,291.3399963378906,295.0400085449219,288.4835510253906,3417600
2022-10-18,303.1700134277344,303.70001220703125,296.54998779296875,300.3800048828125,293.7049560546875,3096000
2022-10-19,295.4599914550781,299.6400146484375,294.7900085449219,297.760009765625,291.1431579589844,1914300
2022-10-20,297.75,302.7300109863281,295.6099853515625,296.2799987792969,289.6960754394531,2463800
2022-10-21,294.510009765625,302.7099914550781,293.5,302.3699951171875,295.65069580078125,3599600
2022-10-24,304.5199890136719,307.0,300.5,305.6000061035156,298.8089599609375,3184100
2022-10-25,305.9100036621094,312.1000061035156,305.8599853515625,311.4100036621094,304.4897766113281,3012400
2022-10-26,312.2900085449219,324.45001220703125,312.2900085449219,319.510009765625,312.4097900390625,5278000
2022-10-27,316.17999267578125,323.0799865722656,314.0599975585937,319.3699951171875,312.27294921875,4725800
2022-10-28,319.3099975585937,331.79998779296875,317.82000732421875,329.4700012207031,322.1484680175781,3644400
2022-10-31,328.8800048828125,329.44000244140625,323.7799987792969,328.17999267578125,320.8871459960937,3157900
2022-11-01,332.2200012207031,333.6400146484375,327.0899963378906,333.19000244140625,325.78582763671875,3660400
2022-11-02,331.4200134277344,333.0,319.6300048828125,319.82000732421875,312.7129211425781,3074900
2022-11-03,315.1199951171875,316.7699890136719,308.6000061035156,309.1700134277344,302.2996520996094,2860900
2022-11-04,313.8399963378906,323.1300048828125,313.239990234375,318.3699951171875,311.295166015625,3414000
2022-11-07,322.45001220703125,325.79998779296875,317.7099914550781,325.1300048828125,317.90496826171875,2742100
2022-11-08,326.2300109863281,329.3999938964844,322.260009765625,325.75,318.5111694335937,2387500
2022-11-09,322.2799987792969,323.69000244140625,315.1499938964844,315.6400146484375,308.6258544921875,3001200
2022-11-10,331.17999267578125,337.3999938964844,329.1600036621094,337.2699890136719,329.7751159667969,3255000
2022-11-11,339.0,342.6300048828125,336.3599853515625,339.2900085449219,331.75030517578125,3734700
2022-11-14,336.739990234375,344.510009765625,336.0199890136719,339.3699951171875,331.8284912109375,2348900
2022-11-15,346.5899963378906,351.2200012207031,339.489990234375,343.510009765625,335.8764343261719,2983600
2022-11-16,343.1600036621094,345.1300048828125,340.1000061035156,342.760009765625,335.1431579589844,2579600
2022-11-17,339.0,341.9200134277344,337.0,341.2699890136719,333.6862487792969,2004500
2022-11-18,345.6600036621094,348.6300048828125,341.3299865722656,343.69000244140625,336.0524597167969,2737700
2022-11-21,343.0,344.25,337.6199951171875,338.25,330.7333679199219,1965100
2022-11-22,339.8299865722656,345.32000732421875,337.5599975585937,344.9599914550781,337.2942199707031,2510700
2022-11-23,344.6300048828125,350.79998779296875,344.1499938964844,348.6400146484375,340.8924865722656,1937300
2022-11-25,348.9599914550781,351.3999938964844,348.0799865722656,351.2900085449219,343.48358154296875,944400
2022-11-28,346.67999267578125,350.2300109863281,343.2300109863281,344.5899963378906,336.9324951171875,2226200
2022-11-29,343.6499938964844,344.7200012207031,340.75,343.1300048828125,335.50494384765625,1724200
2022-11-30,342.8500061035156,356.3999938964844,341.4800109863281,356.3999938964844,348.4800109863281,4252300
2022-12-01,357.989990234375,361.5799865722656,354.04998779296875,360.7999877929688,352.7822265625,3374700
2022-12-02,357.45001220703125,362.2900085449219,356.0599975585937,360.0599975585937,352.0587158203125,2015500
2022-12-05,356.0,358.8999938964844,354.45001220703125,356.0899963378906,348.17694091796875,2202500
2022-12-06,353.82000732421875,355.0,344.3500061035156,347.5299987792969,339.80712890625,2353300
2022-12-07,346.8800048828125,347.8500061035156,341.4700012207031,347.4200134277344,339.6995849609375,2454300
2022-12-08,350.0,352.1700134277344,347.2200012207031,351.1700134277344,343.36627197265625,1998600
2022-12-09,348.3999938964844,352.7699890136719,347.3599853515625,348.8299865722656,341.0782165527344,2301100
2022-12-12,350.3099975585937,358.44000244140625,349.1000061035156,358.1700134277344,350.21075439453125,2427100
2022-12-13,369.239990234375,369.260009765625,355.739990234375,357.1499938964844,349.2133483886719,3072200
2022-12-14,357.0,362.1000061035156,353.7699890136719,357.510009765625,349.5653381347656,2587200
2022-12-15,351.4200134277344,353.79998779296875,342.5599975585937,346.25,338.5556335449219,2774900
2022-12-16,344.7699890136719,348.239990234375,343.3800048828125,345.8399963378906,338.1546936035156,5947100
2022-12-19,345.3599853515625,345.8500061035156,339.5400085449219,341.260009765625,333.676513671875,2457300
2022-12-20,341.3699951171875,344.3699951171875,340.6199951171875,342.95001220703125,335.3289794921875,1895900
2022-12-21,343.6400146484375,347.6000061035156,342.3699951171875,345.69000244140625,338.0079650878906,2087000
2022-12-22,344.19000244140625,345.6000061035156,336.42999267578125,341.5199890136719,333.9306945800781,2276100
2022-12-23,339.0199890136719,344.5400085449219,337.69000244140625,343.6000061035156,335.9644470214844,1914500
2022-12-27,344.1000061035156,346.9100036621094,341.8099975585937,346.1600036621094,338.46759033203125,1637700
2022-12-28,346.54998779296875,349.510009765625,341.7799987792969,341.95001220703125,334.3511657714844,1854100
2022-12-29,344.3800048828125,349.7200012207031,343.5400085449219,348.2099914550781,340.4720764160156,1459800
2022-12-30,345.3299865722656,347.8999938964844,343.6199951171875,347.7300109863281,340.002685546875,1617600
2023-01-03,349.9599914550781,354.6600036621094,343.94000244140625,346.79998779296875,339.0933532714844,2933600
2023-01-04,351.3900146484375,356.9800109863281,349.69000244140625,355.1499938964844,347.2578430175781,2661000
2023-01-05,356.1199951171875,357.5599975585937,351.2699890136719,351.7699890136719,343.9530029296875,2608500
2023-01-06,357.3099975585937,368.7200012207031,355.32000732421875,367.6700134277344,360.08306884765625,4432800
2023-01-09,371.6300048828125,375.0,369.55999755859375,370.9700012207031,363.3149719238281,3913500
2023-01-10,368.80999755859375,371.6799926757813,367.2099914550781,371.010009765625,363.3541259765625,3485900
2023-01-11,372.6199951171875,377.9200134277344,371.260009765625,377.8599853515625,370.0627746582031,3370200
2023-01-12,377.8599853515625,381.1300048828125,376.9200134277344,379.80999755859375,371.9725646972656,3291200
2023-01-13,375.05999755859375,377.8699951171875,374.30999755859375,375.5199890136719,367.7710571289063,4261000
2023-01-17,375.0,378.3299865722656,373.9800109863281,375.0,367.26177978515625,2814500
2023-01-18,374.510009765625,375.80999755859375,368.5,368.9200134277344,361.3072509765625,2747100
2023-01-19,364.6000061035156,370.7999877929688,363.6000061035156,367.9400024414063,360.3474731445313,3111200
2023-01-20,370.2300109863281,376.6199951171875,369.3999938964844,376.2799987792969,368.5153503417969,3863400
2023-01-23,376.739990234375,381.3800048828125,376.3599853515625,378.5700073242188,370.7581176757813,2743900
2023-01-24,390.0,390.0,375.2200012207031,380.010009765625,372.1684265136719,2756200
2023-01-25,375.1000061035156,382.55999755859375,375.1000061035156,382.3900146484375,374.4993896484375,3501900
2023-01-26,383.4100036621094,384.1099853515625,373.0,377.239990234375,369.45550537109375,3718400
2023-01-27,376.1900024414063,380.5199890136719,373.3800048828125,374.0299987792969,366.3118286132813,3405600
2023-01-30,369.4599914550781,373.739990234375,369.3999938964844,371.1199951171875,363.4618225097656,2688600
2023-01-31,369.989990234375,372.4800109863281,367.0199890136719,370.6000061035156,362.9526062011719,3137400
2023-02-01,368.5700073242188,376.7799987792969,367.0,374.0799865722656,366.3608093261719,2951900
2023-02-02,379.5199890136719,380.4700012207031,372.7999877929688,374.9400024414063,367.2030334472656,2761600
2023-02-03,370.7999877929688,378.2200012207031,370.489990234375,373.9100036621094,366.1943054199219,2739600
2023-02-06,370.0,374.3299865722656,369.0499877929688,372.9700012207031,365.2736511230469,2068300
2023-02-07,371.510009765625,377.0700073242188,368.8399963378906,375.05999755859375,367.320556640625,2309100
2023-02-08,373.1700134277344,375.7900085449219,370.1400146484375,370.3500061035156,362.7077941894531,2193600
2023-02-09,373.2999877929688,374.5700073242188,369.25,370.4200134277344,362.7763366699219,2287600
2023-02-10,369.6400146484375,370.25,362.9200134277344,366.8299865722656,359.2603759765625,2270700
2023-02-13,368.55999755859375,371.1400146484375,367.0700073242188,370.8299865722656,363.17779541015625,2286400
2023-02-14,369.5799865722656,373.4100036621094,367.7300109863281,369.9599914550781,362.3257141113281,1841400
2023-02-15,366.2799987792969,369.7999877929688,365.010009765625,369.6400146484375,362.0124206542969,2203300
2023-02-16,364.8999938964844,373.0799865722656,364.8999938964844,367.5499877929688,359.9655456542969,2792700
2023-02-17,364.05999755859375,366.7000122070313,359.79998779296875,361.1300048828125,353.677978515625,2718900
2023-02-21,356.760009765625,361.7699890136719,355.19000244140625,355.9599914550781,348.6146850585937,2730900
2023-02-22,355.3599853515625,357.739990234375,353.2099914550781,354.9700012207031,347.64508056640625,2109300
2023-02-23,357.739990234375,357.739990234375,351.6600036621094,355.5299987792969,348.193603515625,1975500
2023-02-24,350.82000732421875,354.0,349.5899963378906,353.1199951171875,345.8332824707031,2016100
2023-02-27,355.6400146484375,358.0299987792969,354.82000732421875,355.4800109863281,348.14459228515625,2200800
2023-02-28,354.8099975585937,357.79998779296875,353.239990234375,355.2900085449219,347.95849609375,2732900
2023-03-01,354.0,355.3099975585937,349.3900146484375,353.5,346.2054443359375,1968100
2023-03-02,353.6300048828125,356.6199951171875,351.69000244140625,355.57000732421875,348.2327575683594,2526000
2023-03-03,358.1199951171875,361.6900024414063,357.0899963378906,361.5,354.0404052734375,2174900
2023-03-06,361.8200073242188,368.5299987792969,361.260009765625,366.9299926757813,359.3583068847656,2789400
2023-03-07,367.1700134277344,369.1499938964844,359.54998779296875,359.94000244140625,352.5125732421875,1660800
2023-03-08,358.6099853515625,361.7000122070313,357.2799987792969,359.0299987792969,351.621337890625,1634400
2023-03-09,359.25,364.0199890136719,353.9100036621094,354.44000244140625,347.1260681152344,2414700
2023-03-10,352.4100036621094,353.04998779296875,345.2300109863281,347.1099853515625,339.9472961425781,3176400
2023-03-13,343.6300048828125,349.8599853515625,340.2099914550781,344.7099914550781,337.5968322753906,3308200
2023-03-14,351.0,356.1099853515625,348.5599975585937,352.82000732421875,345.5394897460937,3413300
2023-03-15,346.04998779296875,348.3999938964844,343.6400146484375,348.0799865722656,340.8973083496094,3082600
2023-03-16,346.6199951171875,348.69000244140625,340.2799987792969,348.0,340.8189697265625,3768100
2023-03-17,350.25,351.94000244140625,346.8599853515625,349.6600036621094,342.4446716308594,8426800
2023-03-20,348.0,353.8399963378906,347.3399963378906,349.32000732421875,342.1116638183594,3864200
2023-03-21,354.3699951171875,356.20001220703125,350.8299865722656,354.57000732421875,347.2533874511719,3766800
2023-03-22,354.6099853515625,360.0,351.0299987792969,351.0299987792969,343.7864685058594,2596400
2023-03-23,352.4100036621094,359.8599853515625,351.8399963378906,354.3699951171875,347.0575256347656,2598100
2023-03-24,350.45001220703125,352.4200134277344,346.3099975585937,351.6300048828125,344.3739929199219,2971500
2023-03-27,355.57000732421875,357.8900146484375,354.2799987792969,354.6199951171875,347.3023376464844,2420300
2023-03-28,355.5599975585937,355.8999938964844,352.79998779296875,354.3299865722656,347.018310546875,1695900
2023-03-29,357.3800048828125,360.0299987792969,355.82000732421875,359.5299987792969,352.11102294921875,2327000
2023-03-30,360.9500122070313,362.5899963378906,358.239990234375,359.260009765625,351.8465881347656,2480500
2023-03-31,361.1300048828125,363.6499938964844,360.3800048828125,363.4100036621094,355.9109802246094,3376600
2023-04-03,362.6099853515625,366.6600036621094,361.75,366.4700012207031,358.9078063964844,2978000
2023-04-04,366.7999877929688,369.1199951171875,363.3800048828125,363.8999938964844,356.3907470703125,2198700
2023-04-05,363.4800109863281,365.1300048828125,361.6099853515625,363.7900085449219,356.8421325683594,2239600
2023-04-06,361.2099914550781,362.0400085449219,355.9700012207031,361.4700012207031,354.5663146972656,2357600
2023-04-10,359.7099914550781,360.9299926757813,357.5799865722656,360.1400146484375,353.2618408203125,1559100
2023-04-11,363.4200134277344,365.1900024414063,361.1600036621094,364.1300048828125,357.1755676269531,3033800
2023-04-12,366.0799865722656,368.6000061035156,361.0299987792969,361.7799987792969,354.8704528808594,2268800
2023-04-13,363.8200073242188,369.75,363.3900146484375,369.6499938964844,362.5901184082031,2611700
2023-04-14,370.0,373.3900146484375,369.1099853515625,372.4299926757813,365.3170776367188,2254600
2023-04-17,373.3599853515625,374.1000061035156,368.3900146484375,372.760009765625,365.6407165527344,2432700
2023-04-18,373.9500122070313,373.9500122070313,369.9599914550781,372.3200073242188,365.2091979980469,2087800
2023-04-19,372.989990234375,374.1499938964844,371.1600036621094,372.7999877929688,365.6799621582031,1795300
2023-04-20,371.4500122070313,375.1900024414063,369.6900024414063,375.0,367.8379821777344,2124800
2023-04-21,375.7200012207031,377.4299926757813,373.260009765625,375.239990234375,368.0733642578125,3537800
2023-04-24,375.1499938964844,377.6400146484375,373.6199951171875,374.7300109863281,367.5731201171875,1886300
2023-04-25,373.5,374.5799865722656,368.3200073242188,368.5299987792969,361.4915771484375,2245000
2023-04-26,369.6400146484375,372.2200012207031,366.0899963378906,366.760009765625,359.7553405761719,2594200
2023-04-27,366.5799865722656,374.9800109863281,361.0,373.6700134277344,366.5333862304688,3859900
2023-04-28,372.5299987792969,381.9299926757813,371.510009765625,380.0299987792969,372.7718811035156,3107300
2023-05-01,380.489990234375,382.4599914550781,378.9599914550781,379.8599853515625,372.6051635742188,1745100
2023-05-02,377.7699890136719,378.8399963378906,370.9400024414063,376.0299987792969,368.8482666015625,2478700
2023-05-03,376.6700134277344,379.5499877929688,374.3299865722656,374.8999938964844,367.7398071289063,1970900
2023-05-04,374.5,376.8500061035156,372.1400146484375,376.1199951171875,368.9365234375,2814900
2023-05-05,380.5700073242188,385.1499938964844,378.239990234375,384.6600036621094,377.3134460449219,2683100
2023-05-08,384.010009765625,387.4599914550781,383.7699890136719,385.510009765625,378.1472778320313,1719600
2023-05-09,383.8800048828125,386.1700134277344,382.7000122070313,382.9400024414063,375.6263732910156,2036400
2023-05-10,385.989990234375,386.760009765625,377.6499938964844,382.5400085449219,375.2339477539063,1940800
2023-05-11,382.2099914550781,385.7200012207031,379.260009765625,383.3900146484375,376.0677795410156,1901200
2023-05-12,384.489990234375,385.0199890136719,378.7999877929688,381.9200134277344,374.6258850097656,2044000
2023-05-15,381.8699951171875,383.6600036621094,380.5299987792969,383.4100036621094,376.08740234375,1957400
2023-05-16,382.6000061035156,383.6000061035156,377.3200073242188,380.239990234375,372.9778442382813,2762700
2023-05-17,382.2000122070313,387.5199890136719,379.1300048828125,387.0,379.6087646484375,3260300
2023-05-18,387.1099853515625,392.0199890136719,385.80999755859375,392.0199890136719,384.5328979492188,3729500
2023-05-19,392.0,392.2000122070313,385.1400146484375,385.5700073242188,378.20611572265625,3369100
2023-05-22,384.989990234375,387.3699951171875,384.1799926757813,384.5299987792969,377.18597412109375,1808800
2023-05-23,381.5199890136719,382.0299987792969,370.4400024414063,373.75,366.6118774414063,3979000
2023-05-24,369.3699951171875,369.6099853515625,365.5799865722656,368.5,361.4620361328125,2655700
2023-05-25,367.9100036621094,370.989990234375,364.9100036621094,370.0400085449219,362.97271728515625,3752200
2023-05-26,371.0,375.6799926757813,370.0499877929688,374.3699951171875,367.2199401855469,2691300
2023-05-30,376.2799987792969,376.6300048828125,366.2000122070313,367.5,360.481201171875,3430100
2023-05-31,365.0,365.7000122070313,357.8500061035156,365.0199890136719,358.0485534667969,10695300
2023-06-01,367.1600036621094,371.0899963378906,366.0499877929688,370.8800048828125,363.7966613769531,3389700
2023-06-02,374.5899963378906,375.8200073242188,372.1499938964844,373.7300109863281,366.59228515625,2501500
2023-06-05,372.75,372.7999877929688,368.5299987792969,370.5199890136719,363.4434814453125,2316200
2023-06-06,372.9500122070313,380.3800048828125,371.80999755859375,379.9599914550781,372.7032470703125,2758700
2023-06-07,379.2900085449219,380.5,368.260009765625,371.3900146484375,364.29693603515625,3714500
2023-06-08,369.3599853515625,369.7699890136719,365.8500061035156,367.5899963378906,360.5694580078125,2594700
2023-06-09,370.4599914550781,372.1099853515625,367.760009765625,369.2200012207031,362.1683654785156,2201800
2023-06-12,370.6700134277344,375.9700012207031,369.9400024414063,375.30999755859375,368.14202880859375,2407500
2023-06-13,375.30999755859375,377.1799926757813,369.80999755859375,371.3800048828125,364.287109375,2444100
2023-06-14,372.9299926757813,378.0799865722656,372.0199890136719,374.760009765625,367.6025390625,2775400
2023-06-15,373.2699890136719,379.5700073242188,370.5199890136719,379.0400085449219,371.8008117675781,2558100
2023-06-16,381.6099853515625,382.8999938964844,376.1600036621094,376.5299987792969,369.3387451171875,5886900
2023-06-20,375.010009765625,379.510009765625,373.75,374.6199951171875,367.4652099609375,3961700
2023-06-21,373.9599914550781,378.3900146484375,373.6600036621094,376.1400146484375,368.9561767578125,2301300
2023-06-22,375.1099853515625,378.4800109863281,373.9500122070313,377.7999877929688,370.58447265625,1933300
2023-06-23,374.9800109863281,381.1199951171875,373.2200012207031,379.80999755859375,372.55609130859375,3739700
2023-06-26,378.05999755859375,379.989990234375,375.3500061035156,377.4200134277344,370.2117309570313,3327800
2023-06-27,380.3399963378906,382.8399963378906,379.010009765625,381.7900085449219,374.4983215332031,2197300
2023-06-28,381.1900024414063,381.3999938964844,378.6700134277344,380.2300109863281,372.9681091308594,2012400
2023-06-29,380.8500061035156,388.010009765625,380.5,387.6700134277344,380.2659912109375,2524600
2023-06-30,388.1000061035156,395.1700134277344,388.1000061035156,393.2999877929688,385.7884826660156,4407100
2023-07-03,391.3399963378906,394.30999755859375,388.6799926757813,393.9599914550781,386.4358520507813,1304600
2023-07-05,388.80999755859375,395.25,387.1300048828125,394.7300109863281,387.1911315917969,2781800
2023-07-06,393.8299865722656,394.2099914550781,389.739990234375,393.1400146484375,386.1892395019531,2156600
2023-07-07,390.6600036621094,392.4500122070313,388.3999938964844,388.6799926757813,381.8080139160156,2654400
2023-07-10,388.4800109863281,393.4299926757813,388.010009765625,392.1600036621094,385.22650146484375,2148600
2023-07-11,393.6199951171875,398.4599914550781,392.3399963378906,397.7999877929688,390.7667846679688,2106200
2023-07-12,399.0,403.1700134277344,398.7099914550781,400.6900024414063,393.6056518554688,2273400
2023-07-13,403.0,403.239990234375,400.4599914550781,400.55999755859375,393.4780578613281,2354900
2023-07-14,402.1199951171875,403.489990234375,400.2999877929688,402.510009765625,395.3935241699219,1978500
2023-07-17,401.9500122070313,404.0,401.1199951171875,402.2000122070313,395.0890502929688,2344500
2023-07-18,400.4200134277344,401.9400024414063,395.2099914550781,398.1600036621094,391.120361328125,2676200
2023-07-19,398.0,399.8500061035156,396.30999755859375,398.2699890136719,391.2284240722656,1809700
2023-07-20,397.1400146484375,399.7200012207031,395.5499877929688,398.05999755859375,391.0222473144531,2570700
2023-07-21,398.6700134277344,401.510009765625,397.4200134277344,397.489990234375,390.4622802734375,1868100
2023-07-24,397.4800109863281,404.9100036621094,396.6099853515625,404.7900085449219,397.6332092285156,3029800
2023-07-25,403.3699951171875,404.8599853515625,401.0,401.2799987792969,394.1852111816406,2490500
2023-07-26,399.1799926757813,403.30999755859375,395.75,402.4100036621094,395.2953186035156,2572300
2023-07-27,405.1900024414063,405.1900024414063,393.9500122070313,394.5,387.525146484375,3563300
2023-07-28,397.9599914550781,398.0,388.8800048828125,392.9599914550781,386.0123596191406,4501000
2023-07-31,393.9700012207031,396.0799865722656,392.4700012207031,394.2799987792969,387.30902099609375,3578300
2023-08-01,393.7799987792969,397.2999877929688,392.3599853515625,397.0700073242188,390.0497131347656,2344200
2023-08-02,393.8800048828125,394.2099914550781,389.5799865722656,390.0199890136719,383.1243591308594,2410600
2023-08-03,387.55999755859375,393.4400024414063,386.4200134277344,393.010009765625,386.0615539550781,2190500
2023-08-04,391.6099853515625,396.0899963378906,390.0700073242188,391.3500061035156,384.4308776855469,2215800
2023-08-07,393.0,397.75,393.0,396.8699951171875,389.8532409667969,1559800
2023-08-08,396.1799926757813,396.3800048828125,390.1300048828125,393.1900024414063,386.23828125,1747000
2023-08-09,393.8599853515625,396.7900085449219,391.8699951171875,393.6700134277344,386.7098388671875,1806100
2023-08-10,396.4599914550781,400.6300048828125,395.7099914550781,397.1400146484375,390.1184997558594,2154500
2023-08-11,395.75,396.6700134277344,392.80999755859375,394.9800109863281,387.9967041015625,1464600
2023-08-14,396.4500122070313,399.2300109863281,394.6099853515625,398.5799865722656,391.5329895019531,1638500
2023-08-15,397.489990234375,397.489990234375,393.5899963378906,394.4500122070313,387.47607421875,1753200
2023-08-16,393.4400024414063,399.2000122070313,393.1199951171875,394.3699951171875,387.3974914550781,2002000
2023-08-17,396.1400146484375,396.2099914550781,390.989990234375,392.6199951171875,385.6784057617188,2118600
2023-08-18,389.8200073242188,393.8399963378906,388.8299865722656,392.1700134277344,385.2363586425781,2001800
2023-08-21,393.2099914550781,394.989990234375,391.0199890136719,393.2000122070313,386.24810791015625,1869400
2023-08-22,395.0,398.7699890136719,393.6799926757813,397.8399963378906,390.8061218261719,2422500
2023-08-23,399.2699890136719,401.9200134277344,398.3599853515625,401.05999755859375,393.9691162109375,1943200
2023-08-24,401.5899963378906,404.0,397.5,397.6700134277344,390.63909912109375,1970000
2023-08-25,400.6499938964844,404.6199951171875,399.0,402.8900146484375,395.7667541503906,2154600
2023-08-28,404.0,407.7999877929688,403.1499938964844,407.4400024414063,400.236328125,1901300
2023-08-29,407.4200134277344,412.1900024414063,406.5899963378906,411.6499938964844,404.3719177246094,2188800
2023-08-30,414.7799987792969,417.7799987792969,413.5199890136719,413.9100036621094,406.5920104980469,2516600
2023-08-31,414.2099914550781,416.2900085449219,411.7799987792969,412.6400146484375,405.3444519042969,2535100
2023-09-01,413.8399963378906,416.510009765625,412.489990234375,415.5700073242188,408.2225646972656,1841700
2023-09-05,413.3500061035156,415.3999938964844,409.7000122070313,411.5,404.224609375,2045600
2023-09-06,410.7799987792969,413.3800048828125,408.8900146484375,413.1799926757813,405.8748168945313,2292100
2023-09-07,411.9200134277344,416.1300048828125,411.7300109863281,414.6199951171875,407.2894287109375,2502700
2023-09-08,415.0,416.3299865722656,413.8599853515625,414.8399963378906,407.5055541992188,1868900
2023-09-11,416.8500061035156,417.5899963378906,414.6400146484375,416.6900024414063,409.3228149414063,1544700
2023-09-12,415.9500122070313,417.6499938964844,415.25,416.2699890136719,408.9102783203125,1997600
2023-09-13,416.1700134277344,418.4100036621094,414.9700012207031,416.2999877929688,408.9397277832031,2142200
2023-09-14,418.2999877929688,418.6000061035156,407.7799987792969,413.3399963378906,406.0320434570313,3557700
2023-09-15,411.8599853515625,418.2999877929688,411.1400146484375,414.30999755859375,406.9849243164063,4755500
2023-09-18,413.8800048828125,417.8900146484375,413.0400085449219,417.1300048828125,409.7550659179688,1808000
2023-09-19,416.9599914550781,417.1000061035156,411.1000061035156,413.5299987792969,406.21868896484375,1730900
2023-09-20,413.7699890136719,415.8500061035156,410.0799865722656,410.5199890136719,403.2618408203125,1580000
2023-09-21,408.3399963378906,408.7699890136719,402.1000061035156,403.3599853515625,396.22845458984375,2450700
2023-09-22,404.3900146484375,406.8500061035156,401.55999755859375,402.2200012207031,395.1086730957031,1885000
2023-09-25,400.6000061035156,403.2300109863281,399.8399963378906,402.489990234375,395.3738708496094,1846500
2023-09-26,400.0,400.8500061035156,393.6099853515625,395.3800048828125,388.3895568847656,2940400
2023-09-27,396.2099914550781,397.0299987792969,391.4800109863281,395.4800109863281,388.48779296875,1987500
2023-09-28,395.8299865722656,401.3500061035156,395.3699951171875,399.4400024414063,392.3778381347656,2216200
2023-09-29,402.0299987792969,402.1799926757813,394.25,395.9100036621094,388.91021728515625,3032300
2023-10-02,393.6000061035156,396.3599853515625,392.4500122070313,395.8500061035156,388.8512878417969,2856800
2023-10-03,394.5,397.8599853515625,388.9700012207031,391.05999755859375,384.14599609375,2527900
2023-10-04,392.0,394.4700012207031,388.5799865722656,393.760009765625,386.7981872558594,1813400
2023-10-05,390.3900146484375,394.7200012207031,390.0,394.2000122070313,387.7918395996094,2116600
2023-10-06,393.2300109863281,401.0,390.5,397.9700012207031,391.5005798339844,2484000
2023-10-09,394.4599914550781,396.5,389.5799865722656,394.739990234375,388.322998046875,2475100
2023-10-10,395.5400085449219,402.7200012207031,393.8500061035156,400.3699951171875,393.8615112304688,2713800
2023-10-11,403.25,405.1300048828125,397.3599853515625,399.80999755859375,393.3105773925781,2055600
2023-10-12,403.7999877929688,405.3399963378906,397.3200073242188,399.8999938964844,393.3991394042969,1779000
2023-10-13,398.80999755859375,402.1400146484375,395.0799865722656,398.0299987792969,391.5595397949219,2235600
2023-10-16,400.239990234375,404.4299926757813,398.7799987792969,401.1600036621094,394.6386413574219,2202100
2023-10-17,399.6400146484375,403.6099853515625,398.4500122070313,401.7699890136719,395.23870849609375,2176000
2023-10-18,399.1099853515625,401.3699951171875,392.55999755859375,393.2099914550781,386.8179016113281,1951400
2023-10-19,393.8500061035156,394.8299865722656,385.5,387.8699951171875,381.5647277832031,3472800
2023-10-20,387.8699951171875,389.989990234375,384.1700134277344,384.4100036621094,378.1609497070313,2652500
2023-10-23,382.30999755859375,387.8599853515625,381.0,383.6700134277344,377.4329833984375,1771800
2023-10-24,385.5,389.4299926757813,383.8699951171875,386.9100036621094,380.6203308105469,2003300
2023-10-25,384.0,388.6300048828125,382.239990234375,386.30999755859375,380.0300598144531,3504500
2023-10-26,371.0199890136719,375.5499877929688,363.0400085449219,364.5899963378906,358.66314697265625,6920100
2023-10-27,366.489990234375,368.2900085449219,359.7699890136719,364.0799865722656,358.1614074707031,3624900
2023-10-30,366.5199890136719,373.2300109863281,364.7200012207031,372.4200134277344,366.3658752441406,3386400
2023-10-31,373.3200073242188,377.6799926757813,373.1099853515625,376.3500061035156,370.2319641113281,2978800
2023-11-01,378.6700134277344,380.3999938964844,375.0400085449219,377.8200073242188,371.6780395507813,2354700
2023-11-02,380.2999877929688,383.0400085449219,378.489990234375,382.6900024414063,376.4688720703125,2816000
2023-11-03,385.0,388.4400024414063,383.7300109863281,386.0499877929688,379.7742919921875,2269100
2023-11-06,387.1000061035156,388.25,384.2099914550781,386.1600036621094,379.8825378417969,2020500
2023-11-07,386.0,389.5899963378906,384.2999877929688,388.8699951171875,382.5484313964844,2324200
2023-11-08,387.1099853515625,391.3699951171875,387.0,389.7000122070313,383.364990234375,2838400
2023-11-09,390.9599914550781,391.4500122070313,387.2699890136719,387.9599914550781,381.6532287597656,2657100
2023-11-10,390.0400085449219,395.0899963378906,386.739990234375,394.3800048828125,387.9688720703125,2807000
2023-11-13,394.3500061035156,395.6300048828125,393.0199890136719,394.3500061035156,387.93939208984375,1614600
2023-11-14,397.1799926757813,401.6799926757813,396.75,397.6499938964844,391.1856994628906,2733900
2023-11-15,397.4700012207031,399.2799987792969,394.760009765625,396.8299865722656,390.3790588378906,2434600
2023-11-16,398.010009765625,399.9500122070313,395.5499877929688,397.1000061035156,390.6446838378906,3060600
2023-11-17,399.9700012207031,401.1199951171875,397.9100036621094,400.2999877929688,393.7925720214844,2365500
2023-11-20,400.7200012207031,405.2000122070313,398.260009765625,404.3999938964844,397.8260192871094,2768300
2023-11-21,405.7200012207031,410.3500061035156,405.6900024414063,408.9500122070313,402.3020324707031,2567500
2023-11-22,412.260009765625,412.8500061035156,410.1499938964844,410.3299865722656,403.6595458984375,1967900
2023-11-24,412.489990234375,412.9700012207031,410.5299987792969,412.5,405.7942810058594,1053500
2023-11-27,411.0,412.7200012207031,408.25,408.9700012207031,402.3216857910156,2665900
2023-11-28,409.0799865722656,410.6400146484375,407.4599914550781,409.010009765625,402.3609924316406,2645000
2023-11-29,411.010009765625,412.0799865722656,409.4200134277344,409.8200073242188,403.1578674316406,2151400
2023-11-30,410.1000061035156,414.1600036621094,408.7799987792969,413.8299865722656,407.1026306152344,3203500
2023-12-01,412.8900146484375,416.6000061035156,411.5700073242188,414.3599853515625,407.62408447265625,2171400
2023-12-04,413.8299865722656,414.8500061035156,408.0299987792969,408.2300109863281,401.59375,3097900
2023-12-05,407.0899963378906,409.0499877929688,404.3200073242188,408.6900024414063,402.0462646484375,2755600
2023-12-06,411.4299926757813,413.8200073242188,407.1600036621094,410.3800048828125,403.7087707519531,2224200
2023-12-07,412.0700073242188,413.5700073242188,409.989990234375,413.1499938964844,406.4336853027344,2363000
2023-12-08,412.2200012207031,413.6700134277344,409.2300109863281,412.1600036621094,405.4598388671875,1959300
2023-12-11,412.4599914550781,416.1700134277344,412.3800048828125,415.7099914550781,408.9521179199219,2236000
2023-12-12,417.0,421.0,414.7000122070313,420.75,413.91015625,2736500
2023-12-13,421.8599853515625,426.3699951171875,419.1499938964844,424.6799926757813,417.77630615234375,3694200
2023-12-14,425.010009765625,425.8500061035156,415.8999938964844,418.55999755859375,411.7557678222656,3989700
2023-12-15,412.6199951171875,419.260009765625,411.6000061035156,418.5700073242188,411.7656555175781,5566600
2023-12-18,419.5299987792969,425.0899963378906,419.5299987792969,424.4299926757813,417.53033447265625,2686900
2023-12-19,424.0499877929688,426.6799926757813,422.5199890136719,425.4700012207031,418.5534973144531,2256200
2023-12-20,425.0799865722656,427.6099853515625,419.239990234375,419.4500122070313,412.63134765625,3058300
2023-12-21,421.7900085449219,423.8999938964844,420.6099853515625,423.4400024414063,416.5564575195313,2213600
2023-12-22,424.75,427.1700134277344,422.9599914550781,424.1000061035156,417.2057189941406,1759000
2023-12-26,425.0,425.7200012207031,422.9500122070313,423.6700134277344,416.7827453613281,1258200
2023-12-27,423.0,425.010009765625,422.9599914550781,424.3599853515625,417.4614868164063,1324100
2023-12-28,423.7699890136719,428.3599853515625,423.6799926757813,426.3200073242188,419.3896179199219,1505000
2023-12-29,426.6799926757813,428.3500061035156,424.2699890136719,426.510009765625,419.5765380859375,1706100
2024-01-02,424.0899963378906,424.2799987792969,419.55999755859375,421.8900146484375,415.03167724609375,2463700
2024-01-03,421.2000122070313,421.3399963378906,417.5,418.7699890136719,411.9623718261719,3093700
2024-01-04,418.5,423.4500122070313,418.2799987792969,419.7699890136719,412.9461059570313,2042600
2024-01-05,420.489990234375,422.760009765625,416.989990234375,419.4200134277344,412.6018676757813,2415900
2024-01-08,419.4400024414063,422.0799865722656,416.5299987792969,421.9800109863281,415.77447509765625,2125400
2024-01-09,419.1000061035156,423.7000122070313,418.5400085449219,422.6000061035156,416.3853454589844,2439300
2024-01-10,426.0,429.4700012207031,424.1499938964844,428.2699890136719,421.9719848632813,2709300
2024-01-11,430.0,431.7900085449219,425.7699890136719,426.7200012207031,420.4447326660156,2320600
2024-01-12,429.9500122070313,431.1099853515625,427.7000122070313,429.1000061035156,422.7897338867188,1892400
2024-01-16,427.4400024414063,429.7300109863281,426.5199890136719,428.3500061035156,422.05084228515625,2398000
2024-01-17,425.4800109863281,430.3800048828125,425.4800109863281,427.4200134277344,421.1344604492188,2690400
2024-01-18,428.6400146484375,431.2200012207031,427.4500122070313,430.7200012207031,424.385986328125,2075700
2024-01-19,432.5499877929688,437.0700073242188,429.3399963378906,436.7799987792969,430.3568420410156,2400200
2024-01-22,438.9800109863281,440.9400024414063,437.260009765625,439.75,433.2831115722656,2715500
2024-01-23,440.2699890136719,440.6000061035156,437.8599853515625,438.760009765625,432.3077087402344,2328600
2024-01-24,438.5299987792969,440.9299926757813,435.760009765625,438.7000122070313,432.2485961914063,2725700
2024-01-25,436.0,438.6300048828125,434.4599914550781,436.7999877929688,430.3765563964844,2977800
2024-01-26,432.5499877929688,439.8900146484375,430.6700134277344,438.5299987792969,432.0810241699219,2725400
2024-01-29,435.7799987792969,440.9599914550781,434.6700134277344,440.5799865722656,434.1009826660156,2314200
2024-01-30,440.8999938964844,446.2200012207031,440.0499877929688,445.1900024414063,438.6431274414063,2663600
2024-01-31,450.0,462.0,446.6199951171875,449.2300109863281,442.623779296875,4740500
2024-02-01,455.0,461.1400146484375,454.0499877929688,460.9200134277344,454.141845703125,3292700
2024-02-02,462.2099914550781,463.8399963378906,458.5,460.5799865722656,453.8068237304688,2050300
2024-02-05,459.510009765625,461.3699951171875,455.5299987792969,456.760009765625,450.0429992675781,2438800
2024-02-06,455.3599853515625,460.55999755859375,455.3599853515625,460.5,453.7279968261719,2201900
2024-02-07,461.2099914550781,462.239990234375,459.6199951171875,461.9100036621094,455.1172790527344,2544300
2024-02-08,460.0,460.75,457.4500122070313,458.260009765625,451.52099609375,2081300
2024-02-09,458.05999755859375,458.989990234375,456.3699951171875,457.8800048828125,451.146484375,2155400
2024-02-12,459.1799926757813,459.3999938964844,456.0799865722656,458.7099914550781,451.96429443359375,1794500
2024-02-13,456.760009765625,461.8800048828125,456.0400085449219,460.4599914550781,453.6885681152344,2407700
2024-02-14,462.0,465.4500122070313,459.4400024414063,465.1900024414063,458.3490295410156,2202700
2024-02-15,465.8299865722656,472.1099853515625,465.2300109863281,471.2799987792969,464.3494567871094,2354100
2024-02-16,474.1700134277344,474.1700134277344,467.0700073242188,468.1300048828125,461.2457885742188,2237200
2024-02-20,452.7999877929688,455.8500061035156,450.1199951171875,451.75,445.106689453125,5044200
2024-02-21,453.30999755859375,459.6000061035156,452.0,459.0499877929688,452.2993774414063,2895800
2024-02-22,461.80999755859375,472.5,461.5799865722656,471.55999755859375,464.6253356933594,2572800
2024-02-23,473.7300109863281,475.1700134277344,471.8599853515625,473.4200134277344,466.4580078125,1764100
2024-02-26,473.0,475.0799865722656,472.0,474.510009765625,467.531982421875,2066900
2024-02-27,474.5499877929688,475.0,469.9500122070313,474.75,467.7684631347656,2011100
2024-02-28,474.1700134277344,479.1400146484375,473.6700134277344,478.8500061035156,471.8081665039063,1931900
2024-02-29,478.0,478.3900146484375,472.0499877929688,474.760009765625,467.7782897949219,3072500
2024-03-01,474.9100036621094,477.5,473.8999938964844,476.6300048828125,469.6208190917969,1748300
2024-03-04,475.6700134277344,476.6300048828125,465.7699890136719,468.489990234375,461.6004943847656,3212400
2024-03-05,467.3699951171875,469.239990234375,464.6199951171875,467.5199890136719,460.644775390625,2015100
2024-03-06,467.1600036621094,473.6199951171875,467.1600036621094,471.6000061035156,464.6647644042969,1917100
2024-03-07,473.2000122070313,473.2699890136719,465.8900146484375,467.5400085449219,460.66448974609375,2178100
2024-03-08,467.1000061035156,471.6199951171875,467.1000061035156,469.260009765625,462.3592224121094,1596900
2024-03-11,469.0,469.3699951171875,464.6900024414063,469.1600036621094,462.26068115234375,1774500
2024-03-12,470.5299987792969,474.3699951171875,468.7099914550781,472.8699951171875,465.9161376953125,1853900
2024-03-13,474.2300109863281,476.1600036621094,472.7799987792969,475.6099853515625,468.6158142089844,2103900
2024-03-14,481.0199890136719,482.0,477.1799926757813,479.4800109863281,472.4288940429688,2757700
2024-03-15,473.3399963378906,478.4599914550781,473.0799865722656,475.8299865722656,468.8325500488281,4179300
2024-03-18,478.6400146484375,480.8200073242188,476.6499938964844,478.8900146484375,471.84759521484375,2072300
2024-03-19,481.6199951171875,484.6099853515625,479.510009765625,484.0,476.8824157714844,2049500
2024-03-20,484.3200073242188,488.4500122070313,483.6400146484375,488.0400085449219,480.8630065917969,1691100
2024-03-21,488.5299987792969,490.0,483.3999938964844,488.6400146484375,481.4542236328125,2580300
2024-03-22,488.30999755859375,488.8900146484375,481.4599914550781,481.6700134277344,474.5867004394531,2277800
2024-03-25,481.6000061035156,482.3200073242188,474.4100036621094,476.0400085449219,469.0395202636719,2600300
2024-03-26,477.7200012207031,480.0,472.30999755859375,476.7999877929688,469.788330078125,2515100
2024-03-27,480.5,482.1600036621094,474.75,477.9500122070313,470.92138671875,2309400
2024-03-28,477.9100036621094,482.4299926757813,477.2799987792969,481.5700073242188,474.4881591796875,2214500
2024-04-01,480.6600036621094,483.2799987792969,477.3299865722656,478.3999938964844,471.36474609375,1648200
2024-04-02,476.9700012207031,480.4100036621094,476.2999877929688,479.4299926757813,472.3796081542969,3265100
2024-04-03,480.4400024414063,483.2999877929688,477.2099914550781,477.4200134277344,470.3992004394531,2265000
2024-04-04,479.9700012207031,481.9599914550781,469.0,469.7699890136719,462.8616638183594,2552600
2024-04-05,474.0,479.30999755859375,472.5299987792969,477.1499938964844,470.1332092285156,2462700
2024-04-08,476.3999938964844,479.6799926757813,474.2799987792969,478.8500061035156,472.461669921875,1961800
2024-04-09,477.9700012207031,478.8900146484375,467.8299865722656,472.1600036621094,465.8609008789063,2217200
2024-04-10,470.1700134277344,474.3900146484375,468.8500061035156,469.1700134277344,462.9107666015625,2710500
2024-04-11,468.2799987792969,470.3500061035156,464.1900024414063,468.30999755859375,462.0622863769531,2299900
2024-04-12,466.0,469.5199890136719,462.1099853515625,465.3800048828125,459.17132568359375,2486300
2024-04-15,470.239990234375,471.0,458.4299926757813,459.7900085449219,453.6559448242188,2070500
2024-04-16,460.0,463.3800048828125,459.0,459.8200073242188,453.6855773925781,1787200
2024-04-17,462.7699890136719,463.4100036621094,458.1499938964844,460.1600036621094,454.0210266113281,1735000
2024-04-18,460.5,461.9100036621094,453.7999877929688,454.7000122070313,448.6339111328125,1998900
2024-04-19,458.8900146484375,459.8599853515625,452.5899963378906,455.3900146484375,449.3146362304688,2548800
2024-04-22,457.5,460.739990234375,455.1300048828125,456.75,450.656494140625,2157400
2024-04-23,458.4800109863281,462.9800109863281,457.30999755859375,462.8200073242188,456.6455383300781,2029100
2024-04-24,465.2900085449219,468.1499938964844,460.3500061035156,462.5,456.3297424316406,4043100
2024-04-25,460.9400024414063,464.0,456.7200012207031,462.1099853515625,455.9449768066406,2006500
2024-04-26,462.9100036621094,464.8200073242188,460.9400024414063,462.4200134277344,456.2508850097656,1963300
2024-04-29,460.9500122070313,461.5899963378906,455.6799926757813,457.1000061035156,451.0018615722656,2120700
2024-04-30,456.260009765625,457.7200012207031,450.8800048828125,451.2000122070313,445.1805725097656,2698800
2024-05-01,445.7999877929688,448.9800109863281,438.3800048828125,442.0700073242188,436.17230224609375,4979100
2024-05-02,443.0,444.6600036621094,438.0499877929688,441.1000061035156,435.2153015136719,3866500
2024-05-03,444.9100036621094,445.260009765625,436.8999938964844,443.5799865722656,437.6621398925781,3711500
2024-05-06,447.2300109863281,450.5,445.55999755859375,449.3699951171875,443.37493896484375,2536200
2024-05-07,451.760009765625,453.2999877929688,447.5299987792969,453.05999755859375,447.01568603515625,2345300
2024-05-08,454.0,455.1099853515625,449.9200134277344,454.7699890136719,448.7029113769531,2332400
2024-05-09,453.5499877929688,456.0299987792969,453.5499877929688,455.489990234375,449.413330078125,1970100
2024-05-10,457.3299865722656,458.5799865722656,454.9800109863281,456.9800109863281,450.8834228515625,1729900
2024-05-13,456.9299926757813,458.7200012207031,455.510009765625,457.760009765625,451.6529846191406,2069300
2024-05-14,457.9200134277344,458.9800109863281,449.2999877929688,454.2000122070313,448.14056396484375,2991000
2024-05-15,452.7900085449219,458.6000061035156,452.7900085449219,458.0,451.8898620605469,2437800
2024-05-16,460.0,464.9299926757813,458.8200073242188,458.8699951171875,452.7481994628906,2412200
2024-05-17,460.4500122070313,461.6900024414063,458.1099853515625,460.2699890136719,454.1295471191406,1985900
2024-05-20,459.4800109863281,462.2200012207031,458.7799987792969,459.6600036621094,453.5276794433594,1397200
2024-05-21,457.9100036621094,460.3900146484375,455.6300048828125,459.1000061035156,452.9751586914063,2166000
2024-05-22,458.8999938964844,462.5,455.1700134277344,456.5199890136719,450.4295654296875,1713700
2024-05-23,456.5199890136719,458.0499877929688,450.4400024414063,451.2099914550781,445.1903381347656,2084600
2024-05-24,452.510009765625,454.4500122070313,450.3200073242188,451.1799926757813,445.1608276367188,2162100
2024-05-28,450.0,450.6300048828125,442.3999938964844,445.0799865722656,439.1421508789063,2670800
2024-05-29,442.1099853515625,444.55999755859375,441.7999877929688,442.4700012207031,436.5670166015625,1876900
2024-05-30,442.2099914550781,444.1900024414063,440.6700134277344,442.1000061035156,436.2019653320313,2189900
2024-05-31,442.6900024414063,447.3399963378906,439.260009765625,447.0700073242188,441.1056518554688,3917100
2024-06-03,443.4800109863281,445.0,437.8900146484375,443.1900024414063,437.2773742675781,2123800
2024-06-04,443.3599853515625,444.8800048828125,441.3200073242188,444.7699890136719,438.8363037109375,2096600
2024-06-05,446.7999877929688,447.5700073242188,442.30999755859375,446.6600036621094,440.7010803222656,2157000
2024-06-06,448.489990234375,449.7799987792969,444.6300048828125,448.6799926757813,442.6941528320313,1887100
2024-06-07,449.4500122070313,453.0,447.260009765625,449.7900085449219,443.7893676757813,1664700
2024-06-10,448.4200134277344,450.1700134277344,444.3699951171875,449.25,443.2565612792969,1954500
2024-06-11,447.8399963378906,449.25,445.1099853515625,449.0400085449219,443.0493469238281,1777300
2024-06-12,451.489990234375,452.5,441.6000061035156,443.0,437.0899353027344,2738900
2024-06-13,443.0,445.1499938964844,439.3200073242188,445.0,439.0632934570313,2916600
2024-06-14,443.3399963378906,444.9599914550781,441.2000122070313,444.6300048828125,438.6982421875,2161500
2024-06-17,442.4299926757813,449.3399963378906,441.6799926757813,448.1099853515625,442.1317443847656,2351900
2024-06-18,447.05999755859375,451.2000122070313,446.7000122070313,450.1099853515625,444.1050720214844,2636500
2024-06-20,451.05999755859375,454.4800109863281,448.3599853515625,452.510009765625,446.4729919433594,3006800
2024-06-21,452.1900024414063,455.2999877929688,450.260009765625,454.8500061035156,448.7818603515625,5007800
2024-06-24,454.9299926757813,463.0700073242188,454.9299926757813,456.9599914550781,450.8637390136719,2597100
2024-06-25,458.4800109863281,460.30999755859375,453.7999877929688,455.6499938964844,449.5711364746094,2299400
2024-06-26,452.75,454.6799926757813,451.3900146484375,452.3800048828125,446.34478759765625,2451400
2024-06-27,448.5700073242188,448.7000122070313,442.0,442.75,436.8432922363281,3313800
2024-06-28,444.6400146484375,448.2999877929688,438.7200012207031,441.1600036621094,435.2745056152344,4105000
2024-07-01,440.7999877929688,442.4700012207031,435.5499877929688,437.6099853515625,431.7718200683594,3149700
2024-07-02,435.0,444.760009765625,435.0,444.6499938964844,438.7179870605469,2061300
2024-07-03,445.3200073242188,449.2900085449219,444.2799987792969,448.1799926757813,442.2008361816406,3192400
2024-07-05,447.1099853515625,449.9500122070313,444.2799987792969,449.489990234375,443.4933166503906,2220700
2024-07-08,449.2799987792969,450.6099853515625,445.0,446.239990234375,440.2866821289063,1802700
2024-07-09,446.6499938964844,447.5799865722656,442.7900085449219,444.7000122070313,439.4171447753906,1608400
2024-07-10,434.6099853515625,437.4100036621094,429.0499877929688,433.6400146484375,428.488525390625,4760900
2024-07-11,432.0,437.7699890136719,430.1099853515625,436.4200134277344,431.2355041503906,4032600
2024-07-12,437.3999938964844,442.2300109863281,437.3200073242188,440.1099853515625,434.8817138671875,2645600
2024-07-15,440.3299865722656,444.3999938964844,438.739990234375,444.0,438.7254638671875,1727700
2024-07-16,446.9400024414063,447.1600036621094,439.7000122070313,443.5299987792969,438.2610473632813,2846600
2024-07-17,442.3999938964844,451.5199890136719,442.05999755859375,451.1600036621094,445.8003845214844,2925000
2024-07-18,448.75,455.4299926757813,447.4800109863281,448.7200012207031,443.3894348144531,3339900
2024-07-19,451.2200012207031,451.239990234375,443.5700073242188,443.6900024414063,438.4191284179688,2121700
2024-07-22,445.4100036621094,448.8500061035156,443.25,447.9400024414063,442.6186828613281,2111700
2024-07-23,448.0499877929688,448.739990234375,441.1099853515625,441.7200012207031,436.47259521484375,2385500
2024-07-24,434.0,435.8599853515625,428.8599853515625,432.4500122070313,427.3126831054688,3764800
2024-07-25,433.9400024414063,437.7000122070313,429.55999755859375,429.6000061035156,424.49658203125,2384300
2024-07-26,432.2799987792969,440.7799987792969,432.1099853515625,438.1799926757813,432.97454833984375,2039600
2024-07-29,438.7999877929688,442.9200134277344,435.4200134277344,441.2999877929688,436.0575256347656,2248600
2024-07-30,443.7699890136719,448.7300109863281,443.010009765625,447.4500122070313,442.134521484375,2266900
2024-07-31,462.0,474.0,457.5400085449219,463.7099914550781,458.2013244628906,4313600
2024-08-01,465.4599914550781,467.5,459.1900024414063,462.4100036621094,456.9167785644531,2590100
2024-08-02,460.2200012207031,466.75,458.6099853515625,462.0199890136719,456.5313720703125,3808100
2024-08-05,455.0,461.2999877929688,439.5899963378906,442.0,436.749267578125,4496700
2024-08-06,443.2200012207031,455.4500122070313,442.1099853515625,448.2999877929688,442.9743957519531,2758900
2024-08-07,450.5299987792969,456.9200134277344,449.0400085449219,449.8399963378906,444.49609375,2059800
2024-08-08,452.239990234375,456.2699890136719,451.0299987792969,455.5799865722656,450.1678771972656,1585400
2024-08-09,455.5799865722656,458.7999877929688,453.4599914550781,456.7799987792969,451.3536376953125,1760200
2024-08-12,457.7699890136719,458.4599914550781,453.8900146484375,455.6900024414063,450.276611328125,1760000
2024-08-13,458.1400146484375,459.6400146484375,454.8900146484375,459.3599853515625,453.9029846191406,1816100
2024-08-14,459.260009765625,460.5400085449219,456.0700073242188,460.1600036621094,454.6935424804688,1654100
2024-08-15,465.1000061035156,469.0,464.0,468.7099914550781,463.1419067382813,2130500
2024-08-16,468.0,470.260009765625,466.0400085449219,468.8800048828125,463.3099670410156,1921900
2024-08-19,469.0,470.1499938964844,465.5199890136719,466.9800109863281,461.4325256347656,1690800
2024-08-20,468.1300048828125,469.6700134277344,465.510009765625,469.1199951171875,463.5470581054688,1763300
2024-08-21,468.5400085449219,469.0899963378906,464.5199890136719,468.0,462.4404296875,2105900
2024-08-22,469.489990234375,470.9100036621094,466.7000122070313,468.8200073242188,463.2506713867188,1538200
2024-08-23,470.2999877929688,470.3399963378906,461.8999938964844,466.4400024414063,460.8988952636719,1986300
2024-08-26,468.1000061035156,470.5299987792969,467.0,468.6400146484375,463.07275390625,1434400
2024-08-27,471.0799865722656,475.5,468.2200012207031,474.989990234375,469.3473205566406,1635900
2024-08-28,475.0,476.4100036621094,468.8699951171875,471.7999877929688,466.1951904296875,1445300
2024-08-29,474.4700012207031,481.9200134277344,474.4700012207031,480.7999877929688,475.0882873535156,1893400
2024-08-30,481.8399963378906,485.739990234375,479.6499938964844,483.3399963378906,477.59814453125,2982100
2024-09-03,482.4700012207031,486.6900024414063,480.0400085449219,482.1199951171875,476.39263916015625,2063700
2024-09-04,482.0899963378906,486.1700134277344,481.1799926757813,483.1400146484375,477.4005432128906,2156300
2024-09-05,483.1400146484375,484.1600036621094,473.1099853515625,477.3599853515625,471.6891784667969,2293500
2024-09-06,477.1099853515625,480.4400024414063,474.7099914550781,476.1199951171875,470.4638977050781,2116200
2024-09-09,480.5,489.2099914550781,479.5700073242188,487.0899963378906,481.3035583496094,2343600
2024-09-10,487.1000061035156,488.3299865722656,482.3299865722656,488.0199890136719,482.2225036621094,2234100
2024-09-11,486.5199890136719,489.1099853515625,477.8399963378906,488.1799926757813,482.380615234375,2480000
2024-09-12,486.9500122070313,492.8800048828125,483.0,492.1099853515625,486.2638854980469,2299100
2024-09-13,493.1000061035156,496.8500061035156,491.4500122070313,493.3599853515625,487.49908447265625,2204700
2024-09-16,495.2999877929688,498.3200073242188,493.3900146484375,497.7099914550781,491.7974243164063,1589200
2024-09-17,498.6000061035156,501.739990234375,497.8500061035156,500.989990234375,495.0384521484375,2202800
2024-09-18,501.2799987792969,501.7999877929688,494.0400085449219,494.760009765625,488.8824462890625,2193800
2024-09-19,500.0,501.1300048828125,486.25,493.010009765625,487.1532287597656,3517200
2024-09-20,489.6499938964844,493.5299987792969,487.739990234375,492.739990234375,486.8864440917969,3470200
2024-09-23,493.1600036621094,497.6900024414063,491.2999877929688,497.1400146484375,491.2341918945313,2191300
2024-09-24,492.6799926757813,493.25,484.4200134277344,487.4100036621094,481.6198120117188,4143700
2024-09-25,484.760009765625,489.8999938964844,483.5400085449219,489.4500122070313,483.6355285644531,3483200
2024-09-26,491.0,493.6300048828125,489.0,491.2699890136719,485.4339294433594,3073700
2024-09-27,491.0299987792969,496.0,490.3900146484375,493.6400146484375,487.7757873535156,2177200
2024-09-30,491.7799987792969,494.989990234375,490.1099853515625,493.7999877929688,487.933837890625,2862400
2024-10-01,497.260009765625,498.0299987792969,493.1099853515625,496.3800048828125,490.4832763671875,3748100
2024-10-02,492.9400024414063,495.9100036621094,489.6799926757813,495.5700073242188,489.682861328125,1736500
2024-10-03,495.5499877929688,497.0899963378906,493.0,494.9700012207031,489.0900268554688,1382200
2024-10-04,495.55999755859375,499.0499877929688,492.4700012207031,497.7000122070313,491.78753662109375,1935600
2024-10-07,497.3299865722656,498.5299987792969,490.75,491.2999877929688,485.4635620117188,1990500
2024-10-08,492.5,497.5299987792969,491.5299987792969,497.05999755859375,491.1551208496094,1750100
2024-10-09,498.3800048828125,500.75,495.5899963378906,499.9500122070313,494.6676940917969,1707500
2024-10-10,500.0,500.7200012207031,495.8399963378906,498.0199890136719,492.7579956054688,1491000
2024-10-11,496.510009765625,502.9200134277344,496.4700012207031,502.260009765625,496.9532470703125,1919900
2024-10-14,504.3599853515625,508.7900085449219,502.0499877929688,506.6600036621094,501.3067932128906,2127000
2024-10-15,505.6199951171875,509.8800048828125,504.0,507.2300109863281,501.8706665039063,2885900
2024-10-16,506.3500061035156,515.4000244140625,506.0,514.0700073242188,508.638427734375,2956700
2024-10-17,516.2899780273438,517.0399780273438,511.5199890136719,513.760009765625,508.3317565917969,2227400
2024-10-18,514.5399780273438,518.0,512.5800170898438,516.3400268554688,510.8844909667969,2604600
2024-10-21,516.989990234375,518.8200073242188,513.9400024414062,515.010009765625,509.5685119628906,2217500
2024-10-22,511.1499938964844,514.5499877929688,510.5,513.02001953125,507.5995788574219,1855800
2024-10-23,512.6599731445312,514.719970703125,511.8999938964844,513.72998046875,508.3020324707031,1759700
2024-10-24,511.8999938964844,513.3400268554688,509.4599914550781,510.6199951171875,505.2249145507813,1911900
2024-10-25,512.5,514.72998046875,505.6199951171875,507.3599853515625,501.9993286132813,1582200
2024-10-28,507.3999938964844,510.8599853515625,506.1400146484375,508.2099914550781,502.8403625488281,2186400
2024-10-29,507.5400085449219,511.3900146484375,505.7000122070313,506.2799987792969,500.93072509765625,2066300
2024-10-30,512.52001953125,516.4500122070312,507.0,513.6900024414062,508.262451171875,3121000
2024-10-31,521.25,527.9000244140625,499.0299987792969,499.5899963378906,494.3114318847656,5523300
2024-11-01,500.4400024414063,510.5499877929688,498.5299987792969,508.0799865722656,502.7117614746094,3753700
2024-11-04,509.1400146484375,510.0,503.0299987792969,505.5799865722656,500.2381286621094,2165100
2024-11-05,505.5799865722656,508.1499938964844,503.6099853515625,505.55999755859375,500.2183532714844,2132900
2024-11-06,520.8599853515625,523.0,515.9400024414062,521.1300048828125,515.6239013671875,3673700
2024-11-07,523.989990234375,524.030029296875,516.5900268554688,517.8800048828125,512.408203125,2382300
2024-11-08,520.3400268554688,528.8400268554688,519.530029296875,524.760009765625,519.2154541015625,2215600
2024-11-11,528.8499755859375,534.030029296875,528.52001953125,530.1199951171875,524.5189208984375,2213400
2024-11-12,529.0999755859375,530.9000244140625,527.2999877929688,529.1699829101562,523.5789184570312,2577600
2024-11-13,530.010009765625,530.5,516.4199829101562,521.8800048828125,516.365966796875,2681500
2024-11-14,520.6199951171875,522.3599853515625,517.6500244140625,520.4000244140625,514.9016723632812,2480400
2024-11-15,518.530029296875,523.3900146484375,518.0,521.8900146484375,516.3758544921875,2408100
2024-11-18,518.5900268554688,523.489990234375,517.0,521.6300048828125,516.1185913085938,2493400
2024-11-19,518.780029296875,522.6500244140625,516.760009765625,519.4600219726562,513.9714965820312,2716000
2024-11-20,521.530029296875,522.5,511.0,512.5399780273438,507.1246032714844,2409400
2024-11-21,513.22998046875,520.1199951171875,511.5799865722656,515.0999755859375,509.6575317382813,3077300
2024-11-22,516.9299926757812,521.7100219726562,516.1799926757812,520.8599853515625,515.3567504882812,3130400
2024-11-25,521.6400146484375,528.25,521.02001953125,526.5999755859375,521.0360717773438,4503900
2024-11-26,527.9000244140625,530.6500244140625,525.0599975585938,528.47998046875,522.8961791992188,2326800
2024-11-27,529.0499877929688,533.6199951171875,526.5800170898438,532.3800048828125,526.7550048828125,2086300
2024-11-29,533.010009765625,535.77001953125,530.030029296875,532.9400024414062,527.30908203125,1760600
2024-12-02,532.9299926757812,534.8200073242188,526.22998046875,531.3599853515625,525.7457885742188,2355100
2024-12-03,534.6699829101562,534.8200073242188,525.9600219726562,526.1799926757812,520.6205444335938,2319400
2024-12-04,523.6400146484375,526.280029296875,518.1699829101562,521.1400146484375,515.6337890625,2630000
2024-12-05,524.5999755859375,527.469970703125,522.1699829101562,524.77001953125,519.2254028320312,2538600
2024-12-06,522.9299926757812,531.0,522.5,528.5700073242188,522.9852294921875,2122700
2024-12-09,529.02001953125,531.5900268554688,521.8800048828125,522.8200073242188,517.2960815429688,2942000
2024-12-10,522.510009765625,529.6599731445312,520.219970703125,529.010009765625,523.4205932617188,2003200
2024-12-11,529.1900024414062,535.8900146484375,527.27001953125,534.4500122070312,528.8031005859375,2181100
2024-12-12,536.2899780273438,536.75,531.969970703125,532.4099731445312,526.78466796875,1860400
2024-12-13,534.1699829101562,534.6799926757812,528.9099731445312,529.0,523.4107666015625,1608200
2024-12-16,532.0,535.0,529.0,530.3099975585938,524.7068481445312,2923000
2024-12-17,529.4000244140625,531.780029296875,524.8699951171875,531.010009765625,525.3995361328125,4055800
2024-12-18,530.3200073242188,537.1300048828125,519.7100219726562,519.9600219726562,514.4662475585938,3190300
2024-12-19,524.1599731445312,529.219970703125,522.2000122070312,523.280029296875,517.7511596679688,3050500
2024-12-20,522.8699951171875,532.0800170898438,519.4199829101562,528.030029296875,522.4509887695312,7317100
2024-12-23,525.8300170898438,529.4000244140625,521.1300048828125,528.9600219726562,523.3712158203125,2270300
2024-12-24,529.27001953125,535.739990234375,527.8300170898438,535.7100219726562,530.0498046875,955000
2024-12-26,533.6300048828125,537.7000122070312,532.9199829101562,536.1500244140625,530.4852294921875,1109600
2024-12-27,533.6099853515625,537.5599975585938,530.7999877929688,532.2000122070312,526.5768432617188,1541800
2024-12-30,527.0,528.5700073242188,521.3300170898438,525.5499877929688,519.9971313476562,2101600
2024-12-31,527.6699829101562,529.1900024414062,525.5599975585938,526.5700073242188,521.0064086914062,1942600
2025-01-02,529.1900024414062,530.5599975585938,517.6599731445312,522.4000244140625,516.8804321289062,2818800
2025-01-03,522.530029296875,524.4600219726562,517.6799926757812,521.3599853515625,515.8513793945312,1627500
2025-01-06,520.969970703125,521.3599853515625,511.010009765625,511.9299926757813,506.5210876464844,2920800
2025-01-07,513.6799926757812,516.3300170898438,511.0799865722656,511.3999938964844,505.9966735839844,2211800
2025-01-08,512.0399780273438,517.4500122070312,511.5299987792969,516.4000244140625,510.9438781738281,2456700
2025-01-10,512.1199951171875,513.760009765625,503.3599853515625,504.6700134277344,500.07373046875,2815500
2025-01-13,501.0,506.1499938964844,499.9200134277344,504.9100036621094,500.3115234375,2885500
2025-01-14,507.0700073242188,509.3900146484375,504.2099914550781,509.0199890136719,504.3840942382813,2704800
2025-01-15,515.5700073242188,523.77001953125,513.72998046875,522.3499755859375,517.5926513671875,3024800
2025-01-16,523.6199951171875,527.1199951171875,520.719970703125,523.1400146484375,518.3755493164062,3275600
2025-01-17,524.5800170898438,528.1300048828125,521.010009765625,524.7000122070312,519.9213256835938,2374800
2025-01-21,527.6599731445312,529.97998046875,526.9099731445312,528.0599975585938,523.2506713867188,2706900
2025-01-22,528.0,530.2999877929688,525.6699829101562,527.1799926757812,522.3787231445312,2037600
2025-01-23,529.0499877929688,534.3499755859375,528.6799926757812,534.219970703125,529.3545532226562,2196500
2025-01-24,532.989990234375,536.0599975585938,532.1500244140625,533.489990234375,528.6312866210938,2472900
2025-01-27,533.5800170898438,547.989990234375,531.6599731445312,547.6400146484375,542.65234375,3074600
2025-01-28,546.5399780273438,551.5499877929688,542.6599731445312,547.3599853515625,542.3748779296875,2727800
2025-01-29,547.0,550.6099853515625,546.5,548.7999877929688,543.8018798828125,2549000
2025-01-30,555.0,576.9400024414062,554.530029296875,566.010009765625,560.8551025390625,6005200
2025-01-31,563.8200073242188,565.5399780273438,554.6400146484375,555.4299926757812,550.3713989257812,4505100
2025-02-03,552.6400146484375,565.0,551.0700073242188,563.9500122070312,558.8137817382812,3195500
2025-02-04,570.8800048828125,572.0,557.5800170898438,559.1099853515625,554.0178833007812,2638900
2025-02-05,561.3499755859375,566.8699951171875,559.7999877929688,566.2899780273438,561.1325073242188,2404700
2025-02-06,566.1300048828125,569.75,564.5399780273438,567.1599731445312,561.9945678710938,1738400
2025-02-07,568.0599975585938,570.0499877929688,561.780029296875,562.75,557.6248168945312,2008300
2025-02-10,565.25,567.27001953125,561.0,565.489990234375,560.3397827148438,2357700
2025-02-11,564.989990234375,566.4299926757812,559.219970703125,564.7000122070312,559.5570068359375,1847800
2025-02-12,562.010009765625,564.75,559.4400024414062,564.5999755859375,559.4579467773438,1722200
2025-02-13,565.5999755859375,567.3900146484375,561.469970703125,566.3099975585938,561.15234375,1709500
2025-02-14,566.010009765625,569.239990234375,564.1300048828125,564.760009765625,559.616455078125,1927400
2025-02-18,564.9000244140625,568.6300048828125,561.52001953125,568.6099853515625,563.4313354492188,2064100
2025-02-19,567.489990234375,570.7000122070312,566.6500244140625,568.5,563.3224487304688,2459100
2025-02-20,568.1500244140625,568.5,559.0399780273438,563.280029296875,558.1500244140625,2181900
2025-02-21,561.4299926757812,564.7999877929688,556.5800170898438,557.510009765625,552.4324340820312,2256100
2025-02-24,558.4299926757812,561.4600219726562,556.7899780273438,559.0,553.9089965820312,1752500
2025-02-25,562.4400024414062,566.0399780273438,552.6900024414062,564.030029296875,558.89306640625,3609500
2025-02-26,562.5900268554688,566.6799926757812,559.5999755859375,561.27001953125,556.1582641601562,2028000
2025-02-27,565.5700073242188,574.7000122070312,564.0,564.8200073242188,559.6759643554688,2436500
2025-02-28,567.2999877929688,576.4299926757812,564.0,576.3099975585938,571.061279296875,3205400
2025-03-03,577.3300170898438,582.22998046875,570.0,574.9199829101562,569.6839599609375,3092600
2025-03-04,570.4600219726562,573.2000122070312,552.010009765625,555.0700073242188,550.0147094726562,3318100
2025-03-05,552.5800170898438,560.989990234375,551.3200073242188,558.2999877929688,553.21533203125,2795400
2025-03-06,548.5,555.6799926757812,544.6900024414062,549.8200073242188,544.8125,3133200
2025-03-07,547.0700073242188,550.3800048828125,536.280029296875,546.77001953125,541.7903442382812,3161300
2025-03-10,538.1500244140625,548.5599975585938,532.02001953125,537.1199951171875,532.2281494140625,3893400
2025-03-11,537.2000122070312,538.0499877929688,522.25,525.7999877929688,521.01123046875,4582600
2025-03-12,530.510009765625,532.7100219726562,519.260009765625,524.6400146484375,519.8619384765625,2810800
2025-03-13,524.5,528.530029296875,517.7100219726562,519.8300170898438,515.0956420898438,2375800
2025-03-14,522.5999755859375,528.4099731445312,520.9500122070312,527.6400146484375,522.8345336914062,2369500
2025-03-17,523.25,533.47998046875,521.47998046875,531.989990234375,527.1448974609375,2544800
2025-03-18,532.3400268554688,532.5900268554688,525.510009765625,530.1900024414062,525.361328125,2363300
2025-03-19,531.5700073242188,537.6199951171875,529.5800170898438,536.0900268554688,531.2076416015625,2804300
2025-03-20,533.5999755859375,540.489990234375,532.5499877929688,536.3800048828125,531.4949340820312,2598600
2025-03-21,535.4400024414062,538.0499877929688,530.760009765625,535.6900024414062,530.8112182617188,5973400
2025-03-24,539.3499755859375,545.4600219726562,538.239990234375,543.6699829101562,538.7185668945312,2758700
2025-03-25,545.9500122070312,547.1799926757812,542.0,545.1599731445312,540.1949462890625,2138200
2025-03-26,547.1400146484375,551.030029296875,545.1199951171875,549.0700073242188,544.0693969726562,2681600
2025-03-27,549.0700073242188,561.8300170898438,547.7999877929688,557.5700073242188,552.4920654296875,2901200
2025-03-28,554.22998046875,558.5900268554688,540.0900268554688,540.6099853515625,535.6863403320312,2656400
2025-03-31,532.1599731445312,551.4299926757812,531.02001953125,548.1199951171875,543.1281127929688,4741800
2025-04-01,546.7999877929688,551.1500244140625,544.0,548.510009765625,543.5144653320312,2714900
2025-04-02,542.8599853515625,549.530029296875,541.6500244140625,547.3800048828125,542.394775390625,2994600
2025-04-03,528.4199829101562,539.989990234375,527.0,530.5499877929688,525.7179565429688,3443500
2025-04-04,519.6199951171875,520.8800048828125,488.2900085449219,489.7699890136719,485.3093872070313,6125100
2025-04-07,478.5,502.2000122070313,465.5899963378906,485.5199890136719,481.09814453125,6009400
2025-04-08,501.0,505.5700073242188,471.6600036621094,479.9200134277344,475.5491638183594,3555400
2025-04-09,470.1099853515625,518.510009765625,470.0,515.4299926757812,511.5457763671875,4698400
2025-04-10,506.8299865722656,508.6300048828125,484.1300048828125,499.3399963378906,495.5770568847656,4105300
2025-04-11,498.260009765625,515.9099731445312,495.9100036621094,509.75,505.90863037109375,3736200
2025-04-14,515.8699951171875,523.4199829101562,508.5,512.4600219726562,508.5982360839844,3005500
2025-04-15,513.4000244140625,521.2899780273438,513.3800048828125,517.3800048828125,513.4811401367188,2210700
2025-04-16,516.0499877929688,521.719970703125,509.8699951171875,513.4299926757812,509.5608825683594,2501000
2025-04-17,510.9500122070313,523.97998046875,509.1300048828125,517.3300170898438,513.4314575195312,3329800
2025-04-21,517.0,517.6500244140625,503.5400085449219,509.3200073242188,505.48187255859375,3345600
2025-04-22,515.6199951171875,528.7999877929688,512.75,527.3300170898438,523.3561401367188,2384000
2025-04-23,537.739990234375,543.9400024414062,527.6199951171875,530.010009765625,526.0159301757812,3051800
2025-04-24,528.6900024414062,536.0399780273438,525.27001953125,535.4600219726562,531.4248046875,2209100
2025-04-25,535.4600219726562,536.9199829101562,529.8800048828125,533.47998046875,529.4597778320312,2006100
2025-04-28,536.030029296875,537.760009765625,530.5,534.489990234375,530.4620971679688,1735400
2025-04-29,534.3400268554688,540.47998046875,533.4099731445312,539.6799926757812,535.613037109375,2041500
2025-04-30,538.530029296875,549.0700073242188,529.5499877929688,548.0599975585938,543.9298706054688,3783500
2025-05-01,550.0,552.8300170898438,539.72998046875,546.6300048828125,542.5106201171875,2839900
2025-05-02,555.6300048828125,562.3800048828125,554.989990234375,559.3900146484375,555.174560546875,2632600
2025-05-05,557.8099975585938,564.5499877929688,555.8499755859375,561.1199951171875,556.8915405273438,2130900
2025-05-06,556.47998046875,565.739990234375,556.0999755859375,558.989990234375,554.777587890625,2341700
2025-05-07,559.27001953125,567.22998046875,558.489990234375,566.3300170898438,562.062255859375,2493700
2025-05-08,569.4500122070312,573.8699951171875,567.0,567.1199951171875,562.8462524414062,2004300
2025-05-09,567.4500122070312,569.5800170898438,564.5999755859375,568.6400146484375,564.3547973632812,1528000
2025-05-12,580.0,580.7899780273438,566.4299926757812,578.27001953125,573.9122314453125,3000300
2025-05-13,578.0,582.8599853515625,575.7999877929688,576.5900268554688,572.2449340820312,2370200
2025-05-14,578.27001953125,578.6400146484375,572.280029296875,573.280029296875,568.9598999023438,2237500
2025-05-15,574.1300048828125,583.0399780273438,573.6500244140625,582.2000122070312,577.8126220703125,2034200
2025-05-16,580.4299926757812,584.2899780273438,580.4299926757812,583.280029296875,578.884521484375,2225900
2025-05-19,581.02001953125,588.4500122070312,580.47998046875,586.4099731445312,581.9909057617188,1875500
2025-05-20,581.239990234375,583.989990234375,576.8499755859375,581.1099853515625,576.7308349609375,1964300
2025-05-21,576.4600219726562,579.0,567.0999755859375,569.5399780273438,565.248046875,2505300
2025-05-22,568.6599731445312,573.1599731445312,566.9299926757812,570.1400146484375,565.8434448242188,1869900
2025-05-23,564.489990234375,567.5499877929688,562.510009765625,563.5800170898438,559.3330078125,1948800
2025-05-27,566.8200073242188,574.5599975585938,566.489990234375,574.5499877929688,570.2202758789062,2655200
2025-05-28,574.5800170898438,578.8400268554688,572.9400024414062,575.9199829101562,571.5799560546875,1702900
2025-05-29,575.8800048828125,578.5800170898438,572.9400024414062,577.780029296875,573.426025390625,1347800
2025-05-30,576.780029296875,585.5999755859375,576.510009765625,585.5999755859375,581.1869506835938,4581100
2025-06-02,580.5,581.8200073242188,574.780029296875,581.219970703125,576.8400268554688,2089100
2025-06-03,579.8699951171875,582.530029296875,573.4400024414062,581.969970703125,577.5843505859375,2116900
2025-06-04,584.1699829101562,586.8499755859375,582.219970703125,584.1300048828125,579.7280883789062,1530200
2025-06-05,586.3099975585938,586.6900024414062,582.6300048828125,585.4400024414062,581.0283203125,1480000
2025-06-06,587.9099731445312,591.1599731445312,586.0399780273438,590.1199951171875,585.6729125976562,1528600
2025-06-09,588.739990234375,590.0,580.0,584.3300170898438,579.9266357421875,1936000
2025-06-10,584.6500244140625,589.8699951171875,583.1599731445312,589.5399780273438,585.0972900390625,2133700
2025-06-11,590.3200073242188,594.7100219726562,587.5999755859375,590.739990234375,586.288330078125,2238100
2025-06-12,589.4299926757812,590.6699829101562,584.5599975585938,589.280029296875,584.83935546875,1984000
2025-06-13,572.8599853515625,575.239990234375,552.510009765625,562.030029296875,557.7946166992188,5905400
2025-06-16,563.9000244140625,575.0,562.6400146484375,568.6699829101562,564.3845825195312,3108200
2025-06-17,564.719970703125,571.2899780273438,564.0,569.4500122070312,565.1587524414062,2246600
2025-06-18,570.8800048828125,571.0800170898438,534.1599731445312,538.72998046875,534.6702270507812,6966800
2025-06-20,536.9299926757812,538.3400268554688,527.3300170898438,532.969970703125,528.9535522460938,8202800
2025-06-23,531.4199829101562,543.1300048828125,527.5700073242188,542.3499755859375,538.2628784179688,3681100
2025-06-24,557.1799926757812,564.1199951171875,552.489990234375,557.530029296875,553.32861328125,4503200
2025-06-25,556.0,558.47998046875,548.6199951171875,549.7000122070312,545.5576171875,2889200
2025-06-26,545.530029296875,548.9099731445312,542.0700073242188,545.8099975585938,541.6968994140625,3764100
2025-06-27,546.77001953125,556.7000122070312,545.5499877929688,550.3200073242188,546.1729125976562,3837500
2025-06-30,552.5,562.6300048828125,551.9000244140625,561.9400024414062,557.7052612304688,5054600
2025-07-01,559.3200073242188,566.3099975585938,557.0399780273438,564.6099853515625,560.3551635742188,3827000
2025-07-02,562.9400024414062,565.989990234375,557.3900146484375,561.52001953125,557.2885131835938,2502300
2025-07-03,560.780029296875,569.6599731445312,560.739990234375,569.239990234375,564.9502563476562,1528700
2025-07-07,570.6699829101562,570.75,560.3499755859375,565.1199951171875,560.8613891601562,2478300
2025-07-08,564.5800170898438,566.6199951171875,560.4199829101562,562.4400024414062,558.2014770507812,3083800
2025-07-09,562.0,565.4199829101562,559.25,565.1099853515625,561.6102905273438,2454300
2025-07-10,565.6500244140625,566.0599975585938,561.010009765625,563.52001953125,560.0301513671875,2577200
2025-07-11,559.8200073242188,560.8200073242188,545.8499755859375,550.1799926757812,546.772705078125,3221400
2025-07-14,550.5,559.0700073242188,547.7899780273438,553.02001953125,549.5951538085938,2500900
2025-07-15,553.1099853515625,554.8599853515625,548.6500244140625,550.3599853515625,546.9515991210938,2449100
2025-07-16,552.4199829101562,555.52001953125,549.5,555.52001953125,552.0797119140625,2424200
2025-07-17,552.97998046875,557.3800048828125,550.510009765625,555.6099853515625,552.1691284179688,2722000
2025-07-18,555.260009765625,556.3499755859375,550.8800048828125,552.6599731445312,549.2373657226562,2579600
2025-07-21,553.4000244140625,558.0800170898438,552.0399780273438,554.6500244140625,551.215087890625,2194400
2025-07-22,555.8099975585938,560.2100219726562,555.239990234375,558.760009765625,555.2996826171875,2010400
2025-07-23,557.010009765625,562.489990234375,554.5,562.0900268554688,558.6090087890625,2180400
2025-07-24,562.0,567.8400268554688,561.9000244140625,563.5,560.0103149414062,1874700
2025-07-25,564.3599853515625,569.9600219726562,563.8499755859375,568.219970703125,564.7009887695312,1513300
2025-07-28,567.3699951171875,571.6500244140625,566.219970703125,568.280029296875,564.7606811523438,2492400
2025-07-29,570.030029296875,573.0,563.0,563.3200073242188,559.8314208984375,2393800
2025-07-30,560.3300170898438,565.6099853515625,555.2100219726562,559.1099853515625,555.6473999023438,2833200
2025-07-31,568.5700073242188,579.4400024414062,562.510009765625,566.469970703125,562.9617919921875,4568300
2025-08-01,563.8599853515625,564.8699951171875,556.0999755859375,559.8900146484375,556.4227294921875,3316700
2025-08-04,564.2899780273438,569.9199829101562,562.5,569.8099975585938,566.2811279296875,2984700
2025-08-05,569.5999755859375,571.8300170898438,562.1300048828125,566.0399780273438,562.5344848632812,2883200
2025-08-06,568.989990234375,570.3599853515625,563.969970703125,569.1300048828125,565.6054077148438,2245200
2025-08-07,572.969970703125,573.9000244140625,553.8599853515625,561.219970703125,557.7443237304688,2979600
2025-08-08,563.75,576.1599731445312,562.6900024414062,574.3200073242188,570.7633056640625,2907700
2025-08-11,575.0,576.5900268554688,569.4400024414062,573.5900268554688,570.037841796875,2116600
2025-08-12,575.1799926757812,578.3200073242188,570.4600219726562,574.1799926757812,570.6241455078125,2593800
2025-08-13,577.3300170898438,580.27001953125,574.0399780273438,577.9000244140625,574.3211059570312,2352900
2025-08-14,577.469970703125,584.4000244140625,575.5,583.760009765625,580.1448364257812,2642300
2025-08-15,585.0,589.5599975585938,581.1099853515625,581.7000122070312,578.0975341796875,2263800
2025-08-18,582.02001953125,585.489990234375,580.6900024414062,584.1400146484375,580.5225219726562,1812000
2025-08-19,584.4099731445312,590.5700073242188,584.219970703125,585.510009765625,581.8839721679688,2334500
2025-08-20,585.9099731445312,593.8800048828125,585.9099731445312,592.6799926757812,589.009521484375,2884600
2025-08-21,589.0399780273438,592.2100219726562,583.9299926757812,591.9199829101562,588.2542724609375,2349200
2025-08-22,595.2999877929688,601.77001953125,593.0800170898438,598.9600219726562,595.2506713867188,2388900
2025-08-25,597.8200073242188,599.0399780273438,592.8599853515625,593.2100219726562,589.5363159179688,1984300
2025-08-26,593.0800170898438,596.0,586.2899780273438,591.6099853515625,587.9461059570312,4774600
2025-08-27,591.2100219726562,594.6199951171875,589.8200073242188,590.6599731445312,587.0020751953125,1480900
2025-08-28,590.8200073242188,593.530029296875,589.719970703125,590.47998046875,586.8231811523438,2159800
2025-08-29,592.0,596.8300170898438,590.260009765625,595.2899780273438,591.6033935546875,2111200
2025-09-02,595.6199951171875,595.6199951171875,586.0,591.8699951171875,588.20458984375,2284500
2025-09-03,591.8300170898438,594.0,588.9600219726562,593.280029296875,589.6058349609375,1959400
2025-09-04,593.030029296875,595.8900146484375,589.2899780273438,595.6400146484375,591.951171875,1653700
2025-09-05,595.469970703125,598.5800170898438,579.030029296875,584.219970703125,580.6019287109375,2432100
2025-09-08,582.6199951171875,589.7899780273438,580.7000122070312,586.5999755859375,582.9671630859375,1948200
2025-09-09,583.5399780273438,591.1799926757812,583.2999877929688,584.0,580.38330078125,2266000
2025-09-10,582.1300048828125,582.1300048828125,571.0,579.3800048828125,575.7919311523438,2535200
2025-09-11,580.8800048828125,589.969970703125,580.010009765625,588.72998046875,585.0840454101562,2407000
2025-09-12,586.4400024414062,589.2100219726562,580.0,580.4099731445312,576.8154907226562,2242800
2025-09-15,582.72998046875,586.5,581.5,582.9600219726562,579.3497924804688,2222600
2025-09-16,578.010009765625,588.1099853515625,576.8300170898438,586.4199829101562,582.7882690429688,2537000
2025-09-17,587.7100219726562,598.8900146484375,587.4400024414062,598.6300048828125,594.9227294921875,2930800
2025-09-18,596.0800170898438,601.6199951171875,585.8800048828125,586.0499877929688,582.4205932617188,3294600
2025-09-19,588.6199951171875,588.8699951171875,581.510009765625,584.1599731445312,580.542236328125,6745300
2025-09-22,580.969970703125,587.3499755859375,580.1400146484375,584.489990234375,580.8702392578125,3241700
2025-09-23,585.4500122070312,586.8599853515625,568.25,569.969970703125,566.4401245117188,3223000
2025-09-24,571.280029296875,571.6599731445312,564.9500122070312,568.8099975585938,565.2874145507812,2867200
2025-09-25,565.0,572.3900146484375,564.5700073242188,567.2999877929688,563.7866821289062,2700600
2025-09-26,566.6199951171875,569.6599731445312,564.0599975585938,565.1300048828125,561.630126953125,2106500
2025-09-29,566.0,569.3200073242188,562.510009765625,568.1400146484375,564.6215209960938,2615600
2025-09-30,565.8099975585938,570.6300048828125,563.6500244140625,568.8099975585938,565.2874145507812,2379200
2025-10-01,565.6799926757812,575.469970703125,565.010009765625,573.77001953125,570.2166748046875,3685100
2025-10-02,572.72998046875,579.8400268554688,570.77001953125,577.3300170898438,573.7546997070312,2483500
2025-10-03,576.4299926757812,583.219970703125,576.4299926757812,580.4500122070312,576.855224609375,2331600
2025-10-06,579.22998046875,581.1400146484375,569.260009765625,578.8099975585938,575.2254638671875,2573500
2025-10-07,578.989990234375,586.0800170898438,578.9099731445312,579.8400268554688,576.2490844726562,2120700
2025-10-08,581.3200073242188,583.0700073242188,576.0800170898438,576.4400024414062,572.8701171875,1934700
2025-10-09,577.239990234375,579.4000244140625,562.510009765625,564.5499877929688,561.79443359375,2579800
2025-10-10,567.5800170898438,569.4199829101562,556.6900024414062,557.47998046875,554.7589111328125,3553900
2025-10-13,558.0,565.0,553.010009765625,559.239990234375,556.5103759765625,2996500
2025-10-14,556.0,569.8099975585938,556.0,567.9199829101562,565.1480102539062,2627300
2025-10-15,564.2999877929688,568.6900024414062,559.4000244140625,562.8099975585938,560.0629272460938,2262400
2025-10-16,562.7999877929688,564.6500244140625,547.3900146484375,549.8800048828125,547.196044921875,3210600
2025-10-17,552.489990234375,562.7999877929688,552.010009765625,560.969970703125,558.23193359375,2756700
2025-10-20,561.7000122070312,567.4199829101562,553.7899780273438,566.3599853515625,563.5956420898438,2046400
2025-10-21,562.1599731445312,575.97998046875,560.77001953125,572.030029296875,569.2379760742188,2722400
2025-10-22,571.0499877929688,576.4299926757812,568.5800170898438,571.3599853515625,568.5711669921875,1820500
2025-10-23,574.3599853515625,576.989990234375,571.6699829101562,573.77001953125,570.969482421875,2187500
2025-10-24,577.239990234375,580.8200073242188,573.0800170898438,573.6699829101562,570.8699340820312,1839600
2025-10-27,575.719970703125,575.719970703125,566.47998046875,572.3599853515625,569.5662841796875,2981000
2025-10-28,573.0800170898438,573.989990234375,565.4500122070312,565.9299926757812,563.167724609375,2916000
2025-10-29,561.6300048828125,566.8099975585938,551.22998046875,554.5800170898438,551.8731689453125,3763400
2025-10-30,551.5599975585938,562.9199829101562,545.6400146484375,553.6799926757812,550.9774780273438,4284700
2025-10-31,548.8900146484375,554.4299926757812,543.530029296875,551.989990234375,549.2957763671875,3567100
2025-11-03,550.0,551.0,540.3599853515625,544.0700073242188,541.4144287109375,3175500
2025-11-04,544.8300170898438,554.030029296875,542.47998046875,552.75,550.0520629882812,2653900
2025-11-05,553.0,556.3300170898438,549.3699951171875,553.3099975585938,550.6093139648438,2198500
2025-11-06,550.1799926757812,555.0,547.8599853515625,553.280029296875,550.5794677734375,2593600
2025-11-07,553.7999877929688,558.6699829101562,550.6699829101562,551.969970703125,549.2758178710938,2510400
2025-11-10,552.280029296875,554.7000122070312,548.5800170898438,552.9600219726562,550.2610473632812,1978300
2025-11-11,553.0,558.530029296875,548.010009765625,558.3499755859375,555.624755859375,1832400
2025-11-12,560.0,565.9099731445312,558.4099731445312,561.22998046875,558.4906616210938,1761500
2025-11-13,559.8800048828125,563.5999755859375,554.8599853515625,555.5700073242188,552.8583374023438,2031300
2025-11-14,556.0399780273438,557.0,544.0499877929688,545.72998046875,543.0663452148438,2567800
2025-11-17,546.0,549.3200073242188,536.2100219726562,536.8499755859375,534.2296142578125,2557900
2025-11-18,533.5599975585938,536.0,524.7000122070312,527.5800170898438,525.0049438476562,3594700
2025-11-19,528.1500244140625,531.0,524.97998046875,530.3599853515625,527.7713012695312,2723100
2025-11-20,533.2899780273438,538.4600219726562,527.1799926757812,527.8800048828125,525.303466796875,3240300
2025-11-21,532.5399780273438,544.4099731445312,531.6699829101562,540.4000244140625,537.7623901367188,3807500
2025-11-24,543.4400024414062,544.0399780273438,535.1099853515625,537.8499755859375,535.2247314453125,5941000
2025-11-25,541.5,550.4000244140625,539.0,546.469970703125,543.8026733398438,3132600
2025-11-26,548.47998046875,548.6699829101562,544.1699829101562,544.9299926757812,542.2702026367188,2185300
2025-11-28,548.1300048828125,551.4000244140625,545.4199829101562,550.530029296875,547.8429565429688,1254800
2025-12-01,547.6400146484375,549.780029296875,543.3900146484375,543.969970703125,541.3148803710938,2227000
2025-12-02,547.280029296875,554.75,541.0399780273438,545.9099731445312,543.2454223632812,3076000
2025-12-03,547.3200073242188,555.0700073242188,546.5,553.72998046875,551.0272216796875,2687900
2025-12-04,557.030029296875,559.0,539.5599975585938,542.3099975585938,539.6630249023438,2878800
2025-12-05,541.7100219726562,550.4400024414062,541.25,545.52001953125,542.8573608398438,2126700
2025-12-08,546.719970703125,547.3300170898438,537.3900146484375,540.4400024414062,537.8021850585938,2453800
2025-12-09,538.7100219726562,541.9000244140625,535.9199829101562,537.5499877929688,534.92626953125,1965300
2025-12-10,538.0900268554688,544.9500122070312,537.5,538.8599853515625,536.2297973632812,3023400
2025-12-11,542.77001953125,565.1300048828125,542.6500244140625,563.3699951171875,560.6201782226562,3659900
2025-12-12,566.0,573.7100219726562,565.8900146484375,571.9299926757812,569.138427734375,3515400
2025-12-15,572.8800048828125,573.2999877929688,567.1599731445312,569.1300048828125,566.3521118164062,2714000
2025-12-16,570.7000122070312,571.0,562.47998046875,566.02001953125,563.25732421875,2748700
2025-12-17,565.52001953125,571.760009765625,563.5599975585938,565.469970703125,562.7099609375,3287100
2025-12-18,565.0,569.1300048828125,563.0399780273438,566.2100219726562,563.4463500976562,2259000
2025-12-19,566.219970703125,572.9400024414062,565.2000122070312,572.22998046875,569.4369506835938,7262100
2025-12-22,572.22998046875,579.4500122070312,571.0,575.7000122070312,572.8900756835938,2500200
2025-12-23,575.8900146484375,581.719970703125,575.75,576.3499755859375,573.536865234375,1794700
2025-12-24,577.25,582.2899780273438,577.0,579.4500122070312,576.6217651367188,1058900
2025-12-26,579.75,581.2000122070312,578.6799926757812,579.5999755859375,576.77099609375,972300
2025-12-29,579.5999755859375,581.989990234375,577.4099731445312,577.9000244140625,575.0792846679688,1274900
2025-12-30,576.0800170898438,577.780029296875,574.25,577.4199829101562,574.6016235351562,1512800
2025-12-31,576.5599975585938,577.97998046875,570.6199951171875,570.8800048828125,568.0936279296875,1736500
2026-01-02,570.7100219726562,570.8800048828125,559.489990234375,563.1300048828125,560.3814086914062,3901900
2026-01-05,559.6199951171875,576.260009765625,558.4500122070312,568.5700073242188,565.7948608398438,2865000
2026-01-06,569.0,581.3699951171875,567.9400024414062,580.3400268554688,577.5074462890625,4056100
2026-01-07,579.27001953125,585.280029296875,577.6199951171875,579.9199829101562,577.0894165039062,3653900
2026-01-08,577.510009765625,589.6699829101562,573.5,580.0700073242188,577.2387084960938,3390200
2026-01-09,578.1099853515625,581.3099975585938,575.3400268554688,575.5399780273438,573.591064453125,2221100
2026-01-12,564.030029296875,567.8800048828125,555.8900146484375,566.280029296875,564.3624877929688,3486400
2026-01-13,558.9500122070312,558.9500122070312,533.7000122070312,544.989990234375,543.14453125,8721600
2026-01-14,544.5,548.5900268554688,538.1500244140625,546.8200073242188,544.9683837890625,3943700
2026-01-15,548.52001953125,549.8800048828125,539.0,542.6500244140625,540.8125,4005600
2026-01-16,540.239990234375,544.030029296875,538.6799926757812,539.489990234375,537.6632080078125,3496200
2026-01-20,530.5999755859375,536.4099731445312,528.510009765625,531.739990234375,529.9393920898438,4098700
2026-01-21,533.52001953125,537.4000244140625,524.77001953125,527.5700073242188,525.7835693359375,4937700
2026-01-22,529.9199829101562,533.1900024414062,523.8099975585938,532.8599853515625,531.0556640625,5114900
2026-01-23,531.4099731445312,532.1400146484375,520.1599731445312,524.739990234375,522.963134765625,5002900
2026-01-26,526.7100219726562,530.3900146484375,522.6500244140625,527.3599853515625,525.57421875,4839700
2026-01-27,527.6500244140625,529.1099853515625,519.5499877929688,520.4099731445312,518.6477661132812,3850800
2026-01-28,521.9600219726562,523.8300170898438,518.27001953125,521.3699951171875,519.6045532226562,5483000
2026-01-29,531.7899780273438,544.239990234375,520.1099853515625,543.72998046875,541.8887939453125,5488300
2026-01-30,541.010009765625,543.760009765625,535.22998046875,538.7899780273438,536.9655151367188,4306900
2026-02-02,540.989990234375,557.1199951171875,540.9500122070312,555.3699951171875,553.4893798828125,4603300
2026-02-03,554.3300170898438,560.1099853515625,549.030029296875,550.719970703125,548.8551635742188,5706700
2026-02-04,549.72998046875,556.5999755859375,541.010009765625,553.52001953125,551.6456909179688,4448000
2026-02-05,554.8499755859375,561.9199829101562,549.9500122070312,551.8900146484375,550.021240234375,4621600
2026-02-06,553.0700073242188,556.7899780273438,539.7999877929688,548.739990234375,546.8818359375,3779700
2026-02-09,543.7100219726562,546.5599975585938,534.2000122070312,535.3300170898438,533.5172729492188,4110300
2026-02-10,536.27001953125,547.0,535.0,540.3900146484375,538.5601196289062,2222700
2026-02-11,538.1500244140625,540.7000122070312,533.1099853515625,537.4600219726562,535.6400756835938,3691000
2026-02-12,539.9299926757812,543.0,527.1500244140625,527.4600219726562,525.6739501953125,3466200
2026-02-13,529.0599975585938,533.989990234375,516.02001953125,518.3599853515625,516.604736328125,4017700
2026-02-17,515.0,525.8599853515625,515.0,521.9299926757812,520.16259765625,3178000
2026-02-18,522.489990234375,530.760009765625,519.4000244140625,527.97998046875,526.192138671875,3575900
2026-02-19,524.8099975585938,526.530029296875,516.0499877929688,520.260009765625,518.498291015625,3009400
2026-02-20,520.25,527.5,518.5900268554688,526.4099731445312,524.62744140625,2838500
2026-02-23,520.469970703125,522.719970703125,490.0,496.0299987792969,494.350341796875,6312300
2026-02-24,493.739990234375,499.25,491.260009765625,498.0,496.3136901855469,5292900
2026-02-25,502.8200073242188,510.5400085449219,502.4200134277344,509.3900146484375,507.6651306152344,4139100
2026-02-26,510.9500122070313,519.9000244140625,509.010009765625,514.77001953125,513.0269165039062,4843600
2026-02-27,509.4700012207031,518.760009765625,506.75,517.2100219726562,515.4586791992188,5121100
2026-03-02,509.4800109863281,526.1599731445312,507.3399963378906,521.0,519.23583984375,3827000
2026-03-03,513.6099853515625,526.7999877929688,513.0,524.3200073242188,522.5445556640625,4199700
2026-03-04,524.1599731445312,526.1599731445312,520.280029296875,522.9199829101562,521.1492919921875,3154700
2026-03-05,521.0999755859375,525.3200073242188,512.75,524.6599731445312,522.8833618164062,3879300
2026-03-06,519.6400146484375,522.5499877929688,512.2000122070312,522.3400268554688,520.5712890625,2872900
2026-03-09,516.27001953125,520.8900146484375,509.1099853515625,517.719970703125,515.9669189453125,3546600
2026-03-10,516.9500122070312,519.3300170898438,511.0,514.719970703125,512.97705078125,2759800
2026-03-11,513.0800170898438,515.3099975585938,502.7200012207031,504.0,502.2933654785156,2873200
2026-03-12,500.0,505.6199951171875,496.2900085449219,497.30999755859375,495.62603759765625,2702500
2026-03-13,496.55999755859375,501.8599853515625,495.3999938964844,497.989990234375,496.3036804199219,2809300
2026-03-16,498.6199951171875,508.5799865722656,498.6199951171875,508.5,506.7781372070313,3450300
2026-03-17,510.5499877929688,516.9600219726562,506.5,506.5799865722656,504.8645935058594,2834300
2026-03-18,503.75,503.75,487.9200134277344,488.4700012207031,486.8159484863281,3458700
2026-03-19,490.5199890136719,497.0799865722656,487.30999755859375,491.1400146484375,489.4769287109375,3284500
2026-03-20,492.4700012207031,499.2200012207031,491.010009765625,496.3200073242188,494.6393737792969,5762900
2026-03-23,506.0499877929688,507.0400085449219,500.3800048828125,500.3800048828125,498.68560791015625,2985900
2026-03-24,495.6400146484375,502.7300109863281,493.239990234375,498.9299926757813,497.2405395507813,2278900
2026-03-25,501.2900085449219,506.25,494.55999755859375,502.760009765625,501.0575866699219,2422000
2026-03-26,500.510009765625,504.7999877929688,499.0499877929688,500.75,499.0543823242188,3995400
2026-03-27,499.4500122070313,500.0499877929688,480.5,484.239990234375,482.6002502441406,3963300
2026-03-30,488.0299987792969,495.5400085449219,487.0,494.0,492.32720947265625,3629500
2026-03-31,500.0,501.4100036621094,490.5799865722656,499.6600036621094,497.9680786132813,4417600
2026-04-01,502.2300109863281,503.0,485.6499938964844,491.6499938964844,489.9851684570313,4607100
2026-04-02,488.1300048828125,499.8800048828125,487.75,493.4400024414063,491.7691345214844,2926000
2026-04-06,493.75,501.9100036621094,491.1799926757813,501.5,499.80181884765625,2466000
2026-04-07,498.2900085449219,502.6000061035156,495.6700134277344,498.2799987792969,496.59271240234375,3593200
2026-04-08,508.0,511.8200073242188,505.8599853515625,507.1199951171875,505.4028015136719,3874900
2026-04-09,504.4599914550781,506.6700134277344,497.760009765625,503.5700073242188,502.7272644042969,3301800
2026-04-10,502.010009765625,504.3900146484375,495.6700134277344,498.6600036621094,497.8255004882813,2842200
2026-04-13,496.2300109863281,508.8699951171875,495.0,508.5799865722656,507.7288818359375,3318100
2026-04-14,508.0,513.97998046875,506.6900024414063,513.1599731445312,512.3012084960938,2744600
2026-04-15,516.0,522.4400024414062,513.2000122070312,519.9600219726562,519.08984375,2910800
2026-04-16,518.030029296875,522.22998046875,517.010009765625,518.5399780273438,517.6721801757812,2967400
2026-04-17,521.5,527.469970703125,518.739990234375,521.2999877929688,520.4276123046875,3617200
2026-04-20,520.760009765625,524.47998046875,514.5399780273438,516.6500244140625,515.785400390625,2503500
2026-04-21,516.9299926757812,523.1099853515625,510.1700134277344,511.3500061035156,510.4942626953125,3444900
2026-04-22,512.0700073242188,513.7899780273438,505.7200012207031,510.1600036621094,509.3062438964844,2288500
2026-04-23,507.3699951171875,509.6499938964844,498.3699951171875,502.3800048828125,501.5392761230469,2724000
2026-04-24,499.0,505.6099853515625,495.6300048828125,504.1700134277344,503.3262634277344,2406900
2026-04-27,500.760009765625,509.0499877929688,500.760009765625,506.4299926757813,505.58245849609375,2531300
2026-04-28,512.25,517.0,507.239990234375,507.6199951171875,506.7704772949219,3892500
2026-04-29,529.989990234375,534.2100219726562,520.8900146484375,525.22998046875,524.3510131835938,5876700
2026-04-30,504.5,514.1500244140625,498.9599914550781,502.9200134277344,502.078369140625,5975100
2026-05-01,506.0,509.0,492.1499938964844,495.4599914550781,494.6308288574219,4531800
2026-05-04,495.0,507.2900085449219,493.8800048828125,504.739990234375,503.8952941894531,4419900
2026-05-05,501.0299987792969,503.8800048828125,493.260009765625,497.0799865722656,496.24810791015625,4216700
2026-05-06,499.1400146484375,500.739990234375,489.7300109863281,491.8900146484375,491.06683349609375,4363300
2026-05-07,492.7000122070313,503.5199890136719,492.7000122070313,500.9400024414063,500.1016845703125,4964100
2026-05-08,500.1300048828125,500.4100036621094,491.7300109863281,495.4800109863281,494.65081787109375,4143400
2026-05-11,495.0,501.6600036621094,492.010009765625,497.80999755859375,496.9768981933594,3959400
2026-05-12,500.6099853515625,506.30999755859375,499.75,499.80999755859375,498.9735412597656,3296000
2026-05-13,495.6099853515625,498.6000061035156,490.3200073242188,490.6400146484375,489.8189086914063,3322800
2026-05-14,491.2799987792969,494.5,488.010009765625,489.9400024414063,489.1200866699219,2584900
2026-05-15,493.5,502.2799987792969,492.3299865722656,494.2000122070313,493.3729553222656,3416500
2026-05-18,491.489990234375,506.2300109863281,490.9500122070313,505.7900085449219,504.9435729980469,4076600
2026-05-19,507.55999755859375,512.9000244140625,498.5,499.7000122070313,498.86376953125,3378300
2026-05-20,493.5,499.7000122070313,490.7999877929688,498.0400085449219,497.20654296875,3615700
2026-05-21,496.0,501.3800048828125,490.0700073242188,499.6199951171875,498.7838745117188,2474600
2026-05-22,499.1099853515625,504.260009765625,497.3200073242188,498.5400085449219,497.7056884765625,1959300
2026-05-26,496.0,496.8500061035156,492.05999755859375,493.010009765625,492.1849365234375,1947300
2026-05-27,493.010009765625,499.3500061035156,492.510009765625,495.0400085449219,494.2115478515625,2834900
2026-05-28,493.3399963378906,494.5799865722656,486.3500061035156,493.75,492.9237060546875,3924100
2026-05-29,494.5,500.1099853515625,492.8399963378906,493.9800109863281,493.1533203125,5693100
2026-06-01,494.25,497.1300048828125,488.6499938964844,495.25,494.4212036132813,4653400
2026-06-02,493.05999755859375,493.989990234375,477.6799926757813,477.6799926757813,476.8805847167969,5028300
2026-06-03,477.3500061035156,481.9599914550781,464.5199890136719,471.5499877929688,470.7608337402344,5227200
2026-06-04,479.55999755859375,488.5499877929688,477.4599914550781,481.760009765625,480.9537658691406,4020600
2026-06-05,484.0,494.0,484.0,491.0799865722656,490.2581481933594,4230700
2026-06-08,486.760009765625,489.5199890136719,483.7000122070313,485.6700134277344,484.8572387695313,3091900
2026-06-09,483.8900146484375,495.4200134277344,482.0,495.239990234375,494.41119384765625,3309600
2026-06-10,497.4700012207031,498.7999877929688,486.5,489.0799865722656,488.2615051269531,3239900
2026-06-11,488.6600036621094,491.4700012207031,484.3900146484375,486.510009765625,485.6958312988281,3801000
2026-06-12,488.8800048828125,492.3699951171875,484.5400085449219,489.9800109863281,489.1600341796875,3984200
2026-06-15,490.5,493.5499877929688,486.6600036621094,490.6400146484375,489.8189086914063,3888500
2026-06-16,491.8599853515625,501.5,489.510009765625,501.3299865722656,500.4909973144531,4006000
2026-06-17,502.9299926757813,504.6400146484375,492.3999938964844,492.989990234375,492.1649475097656,2927100
2026-06-18,494.7699890136719,495.989990234375,488.9100036621094,489.7900085449219,488.9703369140625,6674700
2026-06-22,488.1600036621094,495.6600036621094,483.1400146484375,484.0899963378906,483.2798767089844,3955600
2026-06-23,488.8299865722656,491.55999755859375,484.4200134277344,488.0700073242188,487.2532043457031,3936400
2026-06-24,488.0799865722656,498.4400024414063,486.2200012207031,494.4100036621094,493.5826110839844,3609700
2026-06-25,496.0,504.7999877929688,488.6499938964844,488.9200134277344,488.101806640625,3722000
2026-06-26,488.5799865722656,504.3599853515625,488.5799865722656,499.0199890136719,498.1848754882813,9200900
2026-06-29,502.5,515.4500122070312,502.5,509.6400146484375,508.787109375,4812000
2026-06-30,511.8999938964844,514.0,507.1400146484375,513.5999755859375,512.740478515625,4696300
2026-07-01,517.25,530.4099731445312,513.4199829101562,522.4400024414062,521.565673828125,4412800
2026-07-02,529.72998046875,539.6300048828125,526.0700073242188,539.3900146484375,538.4873046875,3900200
2026-07-06,540.739990234375,541.8900146484375,522.6799926757812,533.0999755859375,532.2078247070312,3578000
2026-07-07,533.8400268554688,543.6500244140625,530.0,531.6199951171875,530.7303466796875,3516600
2026-07-08,531.1099853515625,531.6199951171875,517.2100219726562,519.8599853515625,518.989990234375,2723800
2026-07-09,518.030029296875,523.22998046875,515.1099853515625,523.2000122070312,523.2000122070312,2843700
2026-07-10,527.260009765625,528.9400024414062,519.6500244140625,526.739990234375,526.739990234375,1616900
2026-07-13,530.7100219726562,539.9299926757812,530.7100219726562,537.7000122070312,537.7000122070312,2871500
2026-07-14,534.989990234375,543.4600219726562,532.0599975585938,538.02001953125,538.02001953125,3323800
2026-07-15,538.5399780273438,541.239990234375,529.0800170898438,535.2100219726562,535.2100219726562,3128500
2026-07-16,541.5,551.6799926757812,539.6900024414062,551.5399780273438,551.5399780273438,2925400
2026-07-17,550.5,551.719970703125,540.22998046875,543.5999755859375,543.5999755859375,3221600
2026-07-20,540.0,547.9099731445312,538.010009765625,547.4400024414062,547.4400024414062,2572500
2026-07-21,543.760009765625,544.3400268554688,536.8499755859375,538.2999877929688,538.2999877929688,2935700
2026-07-22,538.9400024414062,540.0,530.72998046875,531.97998046875,531.97998046875,2313200
2026-07-23,527.97998046875,530.8800048828125,523.6099853515625,530.2899780273438,530.2899780273438,2071700
2026-07-24,531.4600219726562,540.0,529.6900024414062,539.6599731445312,539.6599731445312,2551600
2026-07-27,543.1799926757812,553.8900146484375,542.02001953125,551.7100219726562,551.7100219726562,2365000
2026-07-28,561.030029296875,564.6099853515625,557.4299926757812,562.75,562.75,3126100
2026-07-29,555.0599975585938,569.989990234375,554.9199829101562,563.3200073242188,563.3200073242188,3524200
2026-07-30,577.3599853515625,582.6199951171875,567.6300048828125,577.3499755859375,577.3499755859375,5302500
2026-07-31,567.6799926757812,575.4199829101562,563.4199829101562,573.0999755859375,573.0999755859375,4577700
2026-08-03,580.0,583.7100219726562,570.780029296875,570.969970703125,570.969970703125,3508300
2026-08-04,566.989990234375,573.3499755859375,564.0,571.0999755859375,571.0999755859375,3207100
2026-08-05,575.739990234375,578.260009765625,568.5999755859375,570.47998046875,570.47998046875,2431700
2026-08-06,573.2100219726562,576.3599853515625,566.3699951171875,575.9500122070312,575.9500122070312,3017000
2026-08-07,572.5700073242188,572.989990234375,561.6199951171875,562.9500122070312,562.9500122070312,3018500
2026-08-10,561.1099853515625,566.77001953125,559.3599853515625,563.1699829101562,563.1699829101562,2644100
2026-08-11,562.7100219726562,567.6300048828125,560.0,561.4400024414062,561.4400024414062,2465000
2026-08-12,557.5599975585938,563.5499877929688,556.0599975585938,559.72998046875,559.72998046875,3095200
2026-08-13,565.6099853515625,568.280029296875,557.7000122070312,567.0399780273438,567.0399780273438,1982600
2026-08-14,567.9500122070312,570.6699829101562,564.4400024414062,569.2899780273438,569.2899780273438,2473300
2026-08-17,565.239990234375,569.27001953125,561.260009765625,562.260009765625,562.260009765625,3019000
2026-08-18,563.8699951171875,578.5,563.1799926757812,574.3099975585938,574.3099975585938,3907600
2026-08-19,571.5,582.9299926757812,570.3300170898438,573.719970703125,573.719970703125,3053200
2026-08-20,572.0700073242188,579.6099853515625,571.7999877929688,573.8499755859375,573.8499755859375,2612700
2026-08-21,574.5499877929688,582.280029296875,573.0399780273438,580.6300048828125,580.6300048828125,2200300
2026-08-24,585.0,599.989990234375,584.219970703125,599.8599853515625,599.8599853515625,3122300
2026-08-25,596.8699951171875,601.22998046875,595.3499755859375,599.3699951171875,599.3699951171875,3370900
2026-08-26,599.3699951171875,600.489990234375,594.7100219726562,598.469970703125,598.469970703125,3110900
2026-08-27,593.760009765625,594.010009765625,588.1099853515625,591.72998046875,591.72998046875,3193800
2026-08-28,593.9500122070312,598.02001953125,592.0800170898438,595.2999877929688,595.2999877929688,1885300
2026-08-31,593.5399780273438,595.1799926757812,588.3800048828125,589.3099975585938,589.3099975585938,3151800
2026-09-01,589.6500244140625,592.6400146484375,580.8800048828125,581.0999755859375,581.0999755859375,3310300
2026-09-02,584.0,590.7100219726562,583.7000122070312,588.1400146484375,588.1400146484375,2290400
2026-09-03,590.6900024414062,592.969970703125,583.8099975585938,585.7100219726562,585.7100219726562,2153617
2026-09-04,588.06,592.77,583.36,588.06,588.06,7573284
2026-09-07,589.97,594.69,585.25,589.97,589.97,3445694
2026-09-08,582.21,586.87,577.55,582.21,582.21,4880926
2026-09-09,577.16,581.78,572.54,577.16,577.16,3946627
2026-09-10,573.86,578.45,569.27,573.86,573.86,3451258
2026-09-11,583.57,588.24,578.9,583.57,583.57,15805510
2026-09-14,576.11,580.72,571.5,576.11,576.11,3420505
2026-09-15,581.23,585.88,576.58,581.23,581.23,6547628
2026-09-16,580.46,585.11,575.82,580.46,580.46,3319648
