,Open,High,Low,Close,Adj Close,Volume
2000-01-03,4.51,4.55,4.48,4.51,4.51,7043460
2000-01-04,4.52,4.56,4.48,4.52,4.52,8026477
2000-01-05,4.45,4.49,4.41,4.45,4.45,7348498
2000-01-06,4.47,4.5,4.43,4.47,4.47,6674037
2000-01-07,4.58,4.61,4.54,4.58,4.58,2819869
2000-01-10,4.62,4.65,4.58,4.62,4.62,3223448
2000-01-11,4.66,4.7,4.62,4.66,4.66,7156862
2000-01-12,4.55,4.59,4.51,4.55,4.55,3821421
2000-01-13,4.69,4.73,4.65,4.69,4.69,4956037
2000-01-14,4.68,4.72,4.64,4.68,4.68,3210205
2000-01-17,4.72,4.76,4.68,4.72,4.72,4617777
2000-01-18,4.66,4.7,4.62,4.66,4.66,9117658
2000-01-19,4.63,4.66,4.59,4.63,4.63,5089417
2000-01-20,4.61,4.65,4.58,4.61,4.61,10496669
2000-01-21,4.66,4.7,4.63,4.66,4.66,4484996
2000-01-24,4.66,4.69,4.62,4.66,4.66,5566138
2000-01-25,4.72,4.76,4.68,4.72,4.72,7144415
2000-01-26,4.73,4.77,4.69,4.73,4.73,4347812
2000-01-27,4.81,4.85,4.78,4.81,4.81,3555943
2000-01-28,4.66,4.7,4.62,4.66,4.66,6028898
2000-01-31,4.53,4.56,4.49,4.53,4.53,5705994
2000-02-01,4.58,4.61,4.54,4.58,4.58,3357922
2000-02-02,4.56,4.6,4.52,4.56,4.56,5346251
2000-02-03,4.7,4.73,4.66,4.7,4.7,5678681
2000-02-04,4.51,4.55,4.48,4.51,4.51,4248089
2000-02-07,4.58,4.62,4.55,4.58,4.58,6290310
2000-02-08,4.55,4.59,4.52,4.55,4.55,3409015
2000-02-09,4.63,4.67,4.59,4.63,4.63,3778053
2000-02-10,4.62,4.66,4.59,4.62,4.62,10592385
2000-02-11,4.5,4.54,4.46,4.5,4.5,5028062
2000-02-14,4.52,4.56,4.48,4.52,4.52,10943003
2000-02-15,4.53,4.57,4.5,4.53,4.53,3977655
2000-02-16,4.51,4.54,4.47,4.51,4.51,8825923
2000-02-17,4.44,4.48,4.41,4.44,4.44,4932298
2000-02-18,4.4,4.44,4.37,4.4,4.4,9813553
2000-02-21,4.36,4.39,4.32,4.36,4.36,5193457
2000-02-22,4.35,4.39,4.32,4.35,4.35,3270782
2000-02-23,4.32,4.36,4.29,4.32,4.32,6332650
2000-02-24,4.29,4.33,4.26,4.29,4.29,3676173
2000-02-25,4.29,4.32,4.25,4.29,4.29,4547649
2000-02-28,4.26,4.29,4.22,4.26,4.26,6656710
2000-02-29,4.18,4.21,4.14,4.18,4.18,4650995
2000-03-01,4.29,4.32,4.25,4.29,4.29,3753120
2000-03-02,4.32,4.36,4.29,4.32,4.32,3259659
2000-03-03,4.36,4.4,4.33,4.36,4.36,2958837
2000-03-06,4.37,4.41,4.34,4.37,4.37,6975426
2000-03-07,4.46,4.5,4.42,4.46,4.46,4724402
2000-03-08,4.29,4.32,4.25,4.29,4.29,5420421
2000-03-09,4.5,4.53,4.46,4.5,4.5,2050754
2000-03-10,4.6,4.64,4.57,4.6,4.6,4235486
2000-03-13,4.64,4.67,4.6,4.64,4.64,6906386
2000-03-14,4.62,4.66,4.59,4.62,4.62,7647023
2000-03-15,4.74,4.77,4.7,4.74,4.74,5202203
2000-03-16,4.7,4.73,4.66,4.7,4.7,4013303
2000-03-17,4.72,4.76,4.68,4.72,4.72,3487920
2000-03-20,4.78,4.82,4.74,4.78,4.78,5288275
2000-03-21,4.71,4.75,4.67,4.71,4.71,3667745
2000-03-22,4.72,4.76,4.69,4.72,4.72,5056687
2000-03-23,4.74,4.78,4.7,4.74,4.74,13916936
2000-03-24,4.73,4.77,4.69,4.73,4.73,7331048
2000-03-27,4.73,4.77,4.69,4.73,4.73,6066422
2000-03-28,4.71,4.75,4.67,4.71,4.71,10102204
2000-03-29,4.54,4.57,4.5,4.54,4.54,5281925
2000-03-30,4.54,4.58,4.51,4.54,4.54,2082667
2000-03-31,4.59,4.62,4.55,4.59,4.59,3277150
2000-04-03,4.55,4.59,4.51,4.55,4.55,7526756
2000-04-04,4.63,4.67,4.59,4.63,4.63,12072235
2000-04-05,4.69,4.73,4.65,4.69,4.69,6179282
2000-04-06,4.68,4.72,4.64,4.68,4.68,4242286
2000-04-07,4.55,4.59,4.52,4.55,4.55,6925274
2000-04-10,4.54,4.58,4.51,4.54,4.54,4622166
2000-04-11,4.48,4.52,4.45,4.48,4.48,9041072
2000-04-12,4.42,4.46,4.38,4.42,4.42,2815251
2000-04-13,4.45,4.48,4.41,4.45,4.45,5158952
2000-04-14,4.27,4.3,4.24,4.27,4.27,4432305
2000-04-17,4.17,4.21,4.14,4.17,4.17,7053432
2000-04-18,4.15,4.19,4.12,4.15,4.15,4463315
2000-04-19,4.19,4.22,4.15,4.19,4.19,3854329
2000-04-20,4.2,4.23,4.16,4.2,4.2,5040879
2000-04-21,4.17,4.21,4.14,4.17,4.17,7900884
2000-04-24,4.22,4.26,4.19,4.22,4.22,5892336
2000-04-25,4.21,4.24,4.18,4.21,4.21,3245961
2000-04-26,4.31,4.34,4.27,4.31,4.31,2499506
2000-04-27,4.39,4.43,4.36,4.39,4.39,5428705
2000-04-28,4.49,4.52,4.45,4.49,4.49,3480239
2000-05-01,4.51,4.54,4.47,4.51,4.51,10695216
2000-05-02,4.53,4.56,4.49,4.53,4.53,3425704
2000-05-03,4.63,4.66,4.59,4.63,4.63,4862495
2000-05-04,4.54,4.58,4.5,4.54,4.54,5319194
2000-05-05,4.5,4.53,4.46,4.5,4.5,5036295
2000-05-08,4.6,4.64,4.56,4.6,4.6,6204006
2000-05-09,4.54,4.58,4.51,4.54,4.54,4342804
2000-05-10,4.55,4.58,4.51,4.55,4.55,5257763
2000-05-11,4.6,4.64,4.56,4.6,4.6,2233341
2000-05-12,4.6,4.63,4.56,4.6,4.6,5980610
2000-05-15,4.55,4.59,4.51,4.55,4.55,10118992
2000-05-16,4.59,4.63,4.55,4.59,4.59,3117280
2000-05-17,4.55,4.59,4.52,4.55,4.55,7188215
2000-05-18,4.65,4.68,4.61,4.65,4.65,3285097
2000-05-19,4.63,4.67,4.6,4.63,4.63,5441223
2000-05-22,4.6,4.63,4.56,4.6,4.6,6886193
2000-05-23,4.61,4.64,4.57,4.61,4.61,10185408
2000-05-24,4.6,4.63,4.56,4.6,4.6,3242393
2000-05-25,4.61,4.65,4.57,4.61,4.61,12801125
2000-05-26,4.68,4.72,4.64,4.68,4.68,3029910
2000-05-29,4.65,4.69,4.62,4.65,4.65,8069787
2000-05-30,4.74,4.78,4.7,4.74,4.74,6482864
2000-05-31,4.85,4.89,4.81,4.85,4.85,2386155
2000-06-01,4.79,4.83,4.75,4.79,4.79,6030032
2000-06-02,4.79,4.83,4.75,4.79,4.79,4812343
2000-06-05,4.81,4.85,4.77,4.81,4.81,6647022
2000-06-06,4.9,4.94,4.86,4.9,4.9,7963913
2000-06-07,4.9,4.94,4.86,4.9,4.9,7824306
2000-06-08,5.03,5.07,4.99,5.03,5.03,10772050
2000-06-09,4.99,5.03,4.95,4.99,4.99,7791366
2000-06-12,5.1,5.14,5.06,5.1,5.1,7364735
2000-06-13,5.1,5.14,5.06,5.1,5.1,4134901
2000-06-14,5.08,5.12,5.04,5.08,5.08,2869440
2000-06-15,5.17,5.21,5.13,5.17,5.17,3470774
2000-06-16,5.24,5.28,5.2,5.24,5.24,6967774
2000-06-19,5.3,5.35,5.26,5.3,5.3,6315673
2000-06-20,5.4,5.45,5.36,5.4,5.4,8397332
2000-06-21,5.46,5.5,5.41,5.46,5.46,4556231
2000-06-22,5.39,5.43,5.34,5.39,5.39,10375458
2000-06-23,5.44,5.49,5.4,5.44,5.44,5558049
2000-06-26,5.35,5.4,5.31,5.35,5.35,5811790
2000-06-27,5.26,5.3,5.22,5.26,5.26,9834960
2000-06-28,5.32,5.36,5.27,5.32,5.32,6109350
2000-06-29,5.33,5.37,5.28,5.33,5.33,6092176
2000-06-30,5.31,5.35,5.27,5.31,5.31,15095102
2000-07-03,5.29,5.34,5.25,5.29,5.29,4289785
2000-07-04,5.32,5.36,5.27,5.32,5.32,4790938
2000-07-05,5.31,5.36,5.27,5.31,5.31,1748906
2000-07-06,5.46,5.5,5.42,5.46,5.46,6402543
2000-07-07,5.44,5.49,5.4,5.44,5.44,3954212
2000-07-10,5.47,5.51,5.43,5.47,5.47,7601302
2000-07-11,5.48,5.52,5.43,5.48,5.48,3900566
2000-07-12,5.55,5.59,5.5,5.55,5.55,8611177
2000-07-13,5.52,5.56,5.47,5.52,5.52,3474961
2000-07-14,5.57,5.61,5.52,5.57,5.57,5369818
2000-07-17,5.58,5.62,5.53,5.58,5.58,8883747
2000-07-18,5.6,5.64,5.55,5.6,5.6,2745118
2000-07-19,5.65,5.69,5.6,5.65,5.65,6617488
2000-07-20,5.62,5.67,5.58,5.62,5.62,5513843
2000-07-21,5.44,5.48,5.39,5.44,5.44,6108690
2000-07-24,5.5,5.55,5.46,5.5,5.5,3872392
2000-07-25,5.4,5.45,5.36,5.4,5.4,5268335
2000-07-26,5.39,5.43,5.35,5.39,5.39,7728950
2000-07-27,5.55,5.6,5.51,5.55,5.55,4851572
2000-07-28,5.53,5.58,5.49,5.53,5.53,7082695
2000-07-31,5.51,5.56,5.47,5.51,5.51,4523336
2000-08-01,5.45,5.49,5.4,5.45,5.45,6578231
2000-08-02,5.47,5.51,5.42,5.47,5.47,6806696
2000-08-03,5.32,5.36,5.28,5.32,5.32,4050876
2000-08-04,5.35,5.39,5.31,5.35,5.35,7322387
2000-08-07,5.42,5.46,5.38,5.42,5.42,6108159
2000-08-08,5.39,5.44,5.35,5.39,5.39,4056962
2000-08-09,5.3,5.35,5.26,5.3,5.3,7245890
2000-08-10,5.16,5.2,5.12,5.16,5.16,4929866
2000-08-11,5.08,5.12,5.04,5.08,5.08,4985971
2000-08-14,5.05,5.09,5.01,5.05,5.05,3992802
2000-08-15,4.98,5.02,4.94,4.98,4.98,9439239
2000-08-16,4.84,4.88,4.8,4.84,4.84,5478540
2000-08-17,4.86,4.9,4.82,4.86,4.86,5334535
2000-08-18,5.02,5.06,4.98,5.02,5.02,4797183
2000-08-21,5.04,5.08,5.0,5.04,5.04,2973498
2000-08-22,4.99,5.03,4.95,4.99,4.99,9766996
2000-08-23,4.94,4.98,4.9,4.94,4.94,8681549
2000-08-24,5.08,5.12,5.04,5.08,5.08,4860075
2000-08-25,5.0,5.04,4.96,5.0,5.0,4236557
2000-08-28,4.95,4.99,4.91,4.95,4.95,6646577
2000-08-29,4.71,4.75,4.67,4.71,4.71,5698180
2000-08-30,4.85,4.89,4.81,4.85,4.85,8048174
2000-08-31,4.82,4.86,4.79,4.82,4.82,3896332
2000-09-01,4.86,4.9,4.82,4.86,4.86,5894337
2000-09-04,4.66,4.7,4.62,4.66,4.66,5413372
2000-09-05,4.53,4.56,4.49,4.53,4.53,6998804
2000-09-06,4.58,4.62,4.55,4.58,4.58,6125702
2000-09-07,4.56,4.6,4.52,4.56,4.56,8601828
2000-09-08,4.62,4.66,4.59,4.62,4.62,6053149
2000-09-11,4.7,4.74,4.66,4.7,4.7,4160746
2000-09-12,4.51,4.55,4.48,4.51,4.51,6234420
2000-09-13,4.52,4.55,4.48,4.52,4.52,5992842
2000-09-14,4.45,4.49,4.42,4.45,4.45,2924805
2000-09-15,4.41,4.45,4.37,4.41,4.41,4400134
2000-09-18,4.31,4.35,4.28,4.31,4.31,4626663
2000-09-19,4.32,4.35,4.28,4.32,4.32,4817827
2000-09-20,4.34,4.37,4.31,4.34,4.34,10528147
2000-09-21,4.31,4.35,4.28,4.31,4.31,3408123
2000-09-22,4.24,4.27,4.2,4.24,4.24,4260589
2000-09-25,4.23,4.27,4.2,4.23,4.23,3774295
2000-09-26,4.27,4.3,4.24,4.27,4.27,4013352
2000-09-27,4.35,4.39,4.32,4.35,4.35,4959449
2000-09-28,4.42,4.45,4.38,4.42,4.42,8664137
2000-09-29,4.42,4.46,4.39,4.42,4.42,5875785
2000-10-02,4.38,4.41,4.34,4.38,4.38,7399232
2000-10-03,4.46,4.5,4.43,4.46,4.46,2991624
2000-10-04,4.44,4.47,4.4,4.44,4.44,6196616
2000-10-05,4.48,4.52,4.45,4.48,4.48,2776951
2000-10-06,4.41,4.45,4.38,4.41,4.41,5305923
2000-10-09,4.31,4.35,4.28,4.31,4.31,5583673
2000-10-10,4.4,4.44,4.37,4.4,4.4,5190478
2000-10-11,4.37,4.41,4.34,4.37,4.37,3591150
2000-10-12,4.31,4.35,4.28,4.31,4.31,3595616
2000-10-13,4.24,4.27,4.2,4.24,4.24,5928777
2000-10-16,4.22,4.25,4.19,4.22,4.22,9143519
2000-10-17,4.18,4.21,4.14,4.18,4.18,2091409
2000-10-18,4.3,4.33,4.26,4.3,4.3,4158835
2000-10-19,4.27,4.3,4.23,4.27,4.27,11202744
2000-10-20,4.24,4.28,4.21,4.24,4.24,5242731
2000-10-23,4.18,4.21,4.14,4.18,4.18,4240556
2000-10-24,4.25,4.28,4.21,4.25,4.25,13612603
2000-10-25,4.17,4.2,4.13,4.17,4.17,4144922
2000-10-26,4.04,4.07,4.0,4.04,4.04,4697481
2000-10-27,4.08,4.11,4.05,4.08,4.08,4630521
2000-10-30,4.05,4.08,4.02,4.05,4.05,3179013
2000-10-31,4.1,4.13,4.07,4.1,4.1,7154335
2000-11-01,4.13,4.16,4.1,4.13,4.13,5071211
2000-11-02,4.06,4.09,4.03,4.06,4.06,2319016
2000-11-03,4.02,4.06,3.99,4.02,4.02,7152877
2000-11-06,3.96,3.99,3.93,3.96,3.96,6402083
2000-11-07,3.93,3.96,3.9,3.93,3.93,11568164
2000-11-08,3.9,3.93,3.87,3.9,3.9,6335437
2000-11-09,3.89,3.92,3.86,3.89,3.89,3096948
2000-11-10,3.94,3.97,3.91,3.94,3.94,3870035
2000-11-13,3.96,3.99,3.93,3.96,3.96,6836260
2000-11-14,3.9,3.93,3.87,3.9,3.9,4658982
2000-11-15,3.98,4.01,3.94,3.98,3.98,2707137
2000-11-16,4.0,4.03,3.97,4.0,4.0,2987921
2000-11-17,4.0,4.04,3.97,4.0,4.0,9799736
2000-11-20,3.86,3.89,3.83,3.86,3.86,3255443
2000-11-21,3.86,3.89,3.83,3.86,3.86,12406607
2000-11-22,3.94,3.97,3.91,3.94,3.94,6114865
2000-11-23,3.95,3.99,3.92,3.95,3.95,6085021
2000-11-24,3.95,3.98,3.91,3.95,3.95,8351394
2000-11-27,3.94,3.98,3.91,3.94,3.94,7037258
2000-11-28,3.96,3.99,3.93,3.96,3.96,13827830
2000-11-29,3.86,3.89,3.83,3.86,3.86,6535188
2000-11-30,3.89,3.93,3.86,3.89,3.89,7544412
2000-12-01,3.9,3.93,3.87,3.9,3.9,6625779
2000-12-04,3.93,3.96,3.9,3.93,3.93,4156891
2000-12-05,3.97,4.0,3.93,3.97,3.97,5199627
2000-12-06,4.02,4.05,3.99,4.02,4.02,4808600
2000-12-07,3.97,4.0,3.93,3.97,3.97,4175622
2000-12-08,3.95,3.98,3.92,3.95,3.95,4578591
2000-12-11,3.88,3.91,3.85,3.88,3.88,5327919
2000-12-12,3.92,3.96,3.89,3.92,3.92,6179564
2000-12-13,3.88,3.91,3.85,3.88,3.88,2544002
2000-12-14,3.82,3.85,3.78,3.82,3.82,3696026
2000-12-15,3.71,3.73,3.68,3.71,3.71,5183128
2000-12-18,3.69,3.72,3.66,3.69,3.69,8592439
2000-12-19,3.7,3.73,3.67,3.7,3.7,4723490
2000-12-20,3.74,3.77,3.71,3.74,3.74,6055424
2000-12-21,3.69,3.72,3.66,3.69,3.69,2371369
2000-12-22,3.79,3.82,3.76,3.79,3.79,4936589
2000-12-25,3.87,3.9,3.84,3.87,3.87,3501223
2000-12-26,3.74,3.77,3.71,3.74,3.74,6722281
2000-12-27,3.71,3.74,3.68,3.71,3.71,5990351
2000-12-28,3.75,3.78,3.72,3.75,3.75,4423095
2000-12-29,3.83,3.86,3.8,3.83,3.83,6135215
2001-01-01,3.82,3.85,3.79,3.82,3.82,8563332
2001-01-02,3.82,3.85,3.79,3.82,3.82,7530079
2001-01-03,3.84,3.87,3.81,3.84,3.84,4344820
2001-01-04,3.94,3.98,3.91,3.94,3.94,8139778
2001-01-05,4.02,4.05,3.99,4.02,4.02,3346272
2001-01-08,4.03,4.06,4.0,4.03,4.03,4494484
2001-01-09,4.02,4.05,3.99,4.02,4.02,5103417
2001-01-10,4.07,4.1,4.04,4.07,4.07,5055718
2001-01-11,4.04,4.07,4.01,4.04,4.04,5796376
2001-01-12,4.07,4.1,4.04,4.07,4.07,8416787
2001-01-15,4.07,4.1,4.04,4.07,4.07,8559280
2001-01-16,4.08,4.11,4.05,4.08,4.08,5615908
2001-01-17,4.14,4.17,4.11,4.14,4.14,5370571
2001-01-18,4.14,4.18,4.11,4.14,4.14,4197691
2001-01-19,4.11,4.14,4.07,4.11,4.11,5674396
2001-01-22,3.99,4.02,3.96,3.99,3.99,3361378
2001-01-23,4.03,4.06,3.99,4.03,4.03,4021349
2001-01-24,3.96,3.99,3.93,3.96,3.96,8283539
2001-01-25,3.92,3.95,3.88,3.92,3.92,3704966
2001-01-26,3.98,4.01,3.95,3.98,3.98,3310916
2001-01-29,3.97,4.0,3.93,3.97,3.97,7872672
2001-01-30,3.97,4.0,3.94,3.97,3.97,4588246
2001-01-31,4.01,4.04,3.98,4.01,4.01,4213868
2001-02-01,3.91,3.94,3.88,3.91,3.91,6431277
2001-02-02,3.96,3.99,3.93,3.96,3.96,9395196
2001-02-05,3.97,4.0,3.93,3.97,3.97,2860069
2001-02-06,4.05,4.08,4.02,4.05,4.05,6838240
2001-02-07,3.99,4.02,3.96,3.99,3.99,7579768
2001-02-08,3.99,4.02,3.96,3.99,3.99,6922835
2001-02-09,4.08,4.11,4.05,4.08,4.08,3363836
2001-02-12,4.01,4.05,3.98,4.01,4.01,12723823
2001-02-13,4.0,4.03,3.97,4.0,4.0,6716591
2001-02-14,4.08,4.11,4.04,4.08,4.08,2755093
2001-02-15,4.11,4.14,4.07,4.11,4.11,4509474
2001-02-16,4.15,4.18,4.12,4.15,4.15,4859402
2001-02-19,4.07,4.1,4.03,4.07,4.07,5431071
2001-02-20,4.11,4.14,4.07,4.11,4.11,4312425
2001-02-21,4.17,4.2,4.13,4.17,4.17,2850459
2001-02-22,4.16,4.2,4.13,4.16,4.16,5924114
2001-02-23,4.2,4.23,4.16,4.2,4.2,4631314
2001-02-26,4.29,4.33,4.26,4.29,4.29,7357321
2001-02-27,4.24,4.28,4.21,4.24,4.24,4021252
2001-02-28,4.27,4.3,4.24,4.27,4.27,5058956
2001-03-01,4.25,4.28,4.21,4.25,4.25,4517391
2001-03-02,4.26,4.29,4.23,4.26,4.26,6179819
2001-03-05,4.27,4.31,4.24,4.27,4.27,6006107
2001-03-06,4.31,4.34,4.27,4.31,4.31,4294641
2001-03-07,4.4,4.43,4.36,4.4,4.4,6041401
2001-03-08,4.32,4.35,4.28,4.32,4.32,6382882
2001-03-09,4.34,4.38,4.31,4.34,4.34,5115684
2001-03-12,4.37,4.4,4.33,4.37,4.37,5527227
2001-03-13,4.39,4.43,4.36,4.39,4.39,2802217
2001-03-14,4.51,4.54,4.47,4.51,4.51,3208518
2001-03-15,4.48,4.51,4.44,4.48,4.48,5430596
2001-03-16,4.41,4.45,4.38,4.41,4.41,3044678
2001-03-19,4.53,4.57,4.49,4.53,4.53,7930344
2001-03-20,4.55,4.59,4.51,4.55,4.55,15267410
2001-03-21,4.5,4.54,4.47,4.5,4.5,4814974
2001-03-22,4.57,4.6,4.53,4.57,4.57,5996235
2001-03-23,4.66,4.69,4.62,4.66,4.66,5059241
2001-03-26,4.58,4.62,4.55,4.58,4.58,5809923
2001-03-27,4.54,4.58,4.5,4.54,4.54,5547785
2001-03-28,4.71,4.74,4.67,4.71,4.71,4074421
2001-03-29,4.87,4.91,4.83,4.87,4.87,6534806
2001-03-30,4.87,4.91,4.83,4.87,4.87,3544409
2001-04-02,4.88,4.92,4.84,4.88,4.88,8060944
2001-04-03,4.86,4.9,4.82,4.86,4.86,3519167
2001-04-04,4.81,4.85,4.77,4.81,4.81,3647012
2001-04-05,4.87,4.9,4.83,4.87,4.87,6725170
2001-04-06,4.79,4.83,4.75,4.79,4.79,3040611
2001-04-09,4.82,4.86,4.78,4.82,4.82,13044132
2001-04-10,4.79,4.83,4.75,4.79,4.79,6210277
2001-04-11,4.78,4.81,4.74,4.78,4.78,9777235
2001-04-12,4.81,4.85,4.77,4.81,4.81,2254053
2001-04-13,4.8,4.84,4.77,4.8,4.8,6999663
2001-04-16,4.79,4.83,4.76,4.79,4.79,4446435
2001-04-17,4.71,4.75,4.68,4.71,4.71,2793568
2001-04-18,4.8,4.84,4.76,4.8,4.8,3926069
2001-04-19,5.01,5.05,4.97,5.01,5.01,3036569
2001-04-20,4.89,4.93,4.85,4.89,4.89,3199941
2001-04-23,4.89,4.93,4.85,4.89,4.89,6084044
2001-04-24,5.09,5.13,5.05,5.09,5.09,6917824
2001-04-25,5.0,5.04,4.96,5.0,5.0,6344221
2001-04-26,4.85,4.89,4.81,4.85,4.85,5762359
2001-04-27,4.88,4.92,4.84,4.88,4.88,5158028
2001-04-30,4.9,4.94,4.86,4.9,4.9,4819196
2001-05-01,5.06,5.1,5.02,5.06,5.06,6396638
2001-05-02,4.97,5.01,4.93,4.97,4.97,6502605
2001-05-03,5.0,5.04,4.96,5.0,5.0,13167929
2001-05-04,4.99,5.03,4.95,4.99,4.99,3106903
2001-05-07,5.13,5.17,5.09,5.13,5.13,4434023
2001-05-08,5.21,5.25,5.17,5.21,5.21,4410530
2001-05-09,5.16,5.2,5.12,5.16,5.16,16223764
2001-05-10,5.26,5.3,5.22,5.26,5.26,3920030
2001-05-11,5.43,5.48,5.39,5.43,5.43,9954162
2001-05-14,5.36,5.4,5.32,5.36,5.36,8221583
2001-05-15,5.4,5.44,5.36,5.4,5.4,4396873
2001-05-16,5.39,5.43,5.34,5.39,5.39,5197688
2001-05-17,5.38,5.43,5.34,5.38,5.38,5528919
2001-05-18,5.31,5.35,5.26,5.31,5.31,6083090
2001-05-21,5.26,5.31,5.22,5.26,5.26,7381987
2001-05-22,5.23,5.27,5.19,5.23,5.23,4315289
2001-05-23,5.16,5.2,5.11,5.16,5.16,4882324
2001-05-24,5.08,5.12,5.04,5.08,5.08,4291211
2001-05-25,5.11,5.15,5.07,5.11,5.11,3343052
2001-05-28,5.1,5.15,5.06,5.1,5.1,5838053
2001-05-29,5.15,5.19,5.11,5.15,5.15,4922023
2001-05-30,5.15,5.19,5.11,5.15,5.15,7793884
2001-05-31,5.14,5.18,5.1,5.14,5.14,4306427
2001-06-01,5.12,5.16,5.08,5.12,5.12,4047485
2001-06-04,5.1,5.14,5.06,5.1,5.1,7895772
2001-06-05,5.19,5.23,5.14,5.19,5.19,3897916
2001-06-06,5.13,5.17,5.09,5.13,5.13,7059897
2001-06-07,5.09,5.13,5.05,5.09,5.09,7116046
2001-06-08,5.12,5.16,5.08,5.12,5.12,3808961
2001-06-11,5.2,5.24,5.16,5.2,5.2,10855134
2001-06-12,5.16,5.2,5.11,5.16,5.16,4444331
2001-06-13,5.17,5.22,5.13,5.17,5.17,8832179
2001-06-14,5.03,5.07,4.98,5.03,5.03,3688019
2001-06-15,4.9,4.94,4.86,4.9,4.9,5818807
2001-06-18,4.9,4.94,4.86,4.9,4.9,5024688
2001-06-19,4.87,4.91,4.84,4.87,4.87,13428328
2001-06-20,4.88,4.92,4.84,4.88,4.88,5844565
2001-06-21,4.93,4.97,4.89,4.93,4.93,9539741
2001-06-22,4.79,4.83,4.75,4.79,4.79,3763147
2001-06-25,4.72,4.76,4.68,4.72,4.72,7703243
2001-06-26,4.79,4.82,4.75,4.79,4.79,4490420
2001-06-27,4.86,4.9,4.82,4.86,4.86,4019879
2001-06-28,4.8,4.84,4.76,4.8,4.8,10184722
2001-06-29,4.84,4.88,4.8,4.84,4.84,6418042
2001-07-02,4.85,4.89,4.81,4.85,4.85,4042777
2001-07-03,4.88,4.92,4.84,4.88,4.88,6517743
2001-07-04,4.86,4.9,4.82,4.86,4.86,5908525
2001-07-05,4.88,4.92,4.84,4.88,4.88,4427919
2001-07-06,4.88,4.92,4.84,4.88,4.88,8842280
2001-07-09,4.84,4.88,4.8,4.84,4.84,6013216
2001-07-10,4.91,4.95,4.87,4.91,4.91,9174369
2001-07-11,4.85,4.89,4.81,4.85,4.85,2886206
2001-07-12,4.71,4.75,4.67,4.71,4.71,4415339
2001-07-13,4.68,4.72,4.64,4.68,4.68,12607859
2001-07-16,4.71,4.75,4.67,4.71,4.71,5866644
2001-07-17,4.72,4.76,4.68,4.72,4.72,8561159
2001-07-18,4.81,4.85,4.77,4.81,4.81,2788648
2001-07-19,4.79,4.83,4.75,4.79,4.79,9065838
2001-07-20,4.73,4.77,4.69,4.73,4.73,4742710
2001-07-23,4.77,4.81,4.73,4.77,4.77,5517646
2001-07-24,4.66,4.69,4.62,4.66,4.66,4730017
2001-07-25,4.61,4.65,4.58,4.61,4.61,2938086
2001-07-26,4.61,4.64,4.57,4.61,4.61,2928180
2001-07-27,4.62,4.66,4.58,4.62,4.62,5300138
2001-07-30,4.67,4.71,4.64,4.67,4.67,7414236
2001-07-31,4.58,4.62,4.55,4.58,4.58,11707440
2001-08-01,4.56,4.59,4.52,4.56,4.56,6401333
2001-08-02,4.66,4.7,4.62,4.66,4.66,3621342
2001-08-03,4.63,4.67,4.59,4.63,4.63,7460874
2001-08-06,4.61,4.64,4.57,4.61,4.61,7692205
2001-08-07,4.54,4.57,4.5,4.54,4.54,3883598
2001-08-08,4.61,4.65,4.57,4.61,4.61,4792347
2001-08-09,4.65,4.68,4.61,4.65,4.65,6234654
2001-08-10,4.71,4.75,4.68,4.71,4.71,4567896
2001-08-13,4.79,4.83,4.75,4.79,4.79,3114896
2001-08-14,4.87,4.91,4.83,4.87,4.87,6886369
2001-08-15,4.84,4.88,4.8,4.84,4.84,8581786
2001-08-16,4.85,4.89,4.81,4.85,4.85,4928727
2001-08-17,4.84,4.88,4.8,4.84,4.84,5415067
2001-08-20,4.78,4.81,4.74,4.78,4.78,7169074
2001-08-21,4.76,4.8,4.73,4.76,4.76,4923984
2001-08-22,4.72,4.76,4.68,4.72,4.72,4795326
2001-08-23,4.78,4.82,4.75,4.78,4.78,11836995
2001-08-24,4.74,4.78,4.7,4.74,4.74,3002911
2001-08-27,4.87,4.91,4.83,4.87,4.87,4765226
2001-08-28,4.79,4.82,4.75,4.79,4.79,4825729
2001-08-29,4.7,4.74,4.66,4.7,4.7,5023773
2001-08-30,4.63,4.67,4.59,4.63,4.63,6748077
2001-08-31,4.63,4.66,4.59,4.63,4.63,6332513
2001-09-03,4.71,4.75,4.67,4.71,4.71,4630985
2001-09-04,4.78,4.82,4.74,4.78,4.78,3227787
2001-09-05,4.81,4.85,4.77,4.81,4.81,6095740
2001-09-06,4.8,4.84,4.77,4.8,4.8,6848109
2001-09-07,4.8,4.84,4.76,4.8,4.8,4772677
2001-09-10,4.98,5.02,4.94,4.98,4.98,3330252
2001-09-11,4.98,5.02,4.94,4.98,4.98,5191047
2001-09-12,5.01,5.05,4.97,5.01,5.01,7097385
2001-09-13,4.99,5.03,4.95,4.99,4.99,5359618
2001-09-14,5.05,5.09,5.01,5.05,5.05,5384984
2001-09-17,5.1,5.14,5.06,5.1,5.1,12669421
2001-09-18,5.3,5.34,5.26,5.3,5.3,7583264
2001-09-19,5.5,5.54,5.45,5.5,5.5,3516812
2001-09-20,5.46,5.5,5.41,5.46,5.46,5092255
2001-09-21,5.52,5.56,5.47,5.52,5.52,6571943
2001-09-24,5.6,5.65,5.56,5.6,5.6,5795658
2001-09-25,5.5,5.54,5.45,5.5,5.5,10010432
2001-09-26,5.69,5.74,5.65,5.69,5.69,8481075
2001-09-27,5.78,5.83,5.74,5.78,5.78,3689975
2001-09-28,5.8,5.85,5.75,5.8,5.8,5113305
2001-10-01,5.94,5.99,5.89,5.94,5.94,8706583
2001-10-02,6.0,6.05,5.95,6.0,6.0,5430646
2001-10-03,5.91,5.96,5.86,5.91,5.91,9367291
2001-10-04,5.79,5.84,5.75,5.79,5.79,7114629
2001-10-05,5.95,6.0,5.91,5.95,5.95,8834271
2001-10-08,5.97,6.02,5.92,5.97,5.97,4590935
2001-10-09,5.98,6.02,5.93,5.98,5.98,11848079
2001-10-10,6.1,6.15,6.05,6.1,6.1,12590463
2001-10-11,6.24,6.29,6.19,6.24,6.24,6387580
2001-10-12,6.21,6.26,6.16,6.21,6.21,7099096
2001-10-15,6.24,6.29,6.19,6.24,6.24,5639924
2001-10-16,6.24,6.29,6.19,6.24,6.24,7594639
2001-10-17,6.21,6.26,6.16,6.21,6.21,5315403
2001-10-18,6.34,6.39,6.29,6.34,6.34,4314021
2001-10-19,6.49,6.54,6.44,6.49,6.49,5707415
2001-10-22,6.55,6.6,6.5,6.55,6.55,2541033
2001-10-23,6.55,6.6,6.5,6.55,6.55,4284372
2001-10-24,6.68,6.73,6.62,6.68,6.68,8854055
2001-10-25,6.76,6.82,6.71,6.76,6.76,6603533
2001-10-26,6.74,6.79,6.69,6.74,6.74,3714525
2001-10-29,6.79,6.84,6.73,6.79,6.79,8184183
2001-10-30,6.83,6.88,6.78,6.83,6.83,5926767
2001-10-31,6.82,6.88,6.77,6.82,6.82,7829505
2001-11-01,6.73,6.78,6.67,6.73,6.73,11125987
2001-11-02,6.68,6.74,6.63,6.68,6.68,2753572
2001-11-05,6.42,6.48,6.37,6.42,6.42,6001845
2001-11-06,6.41,6.47,6.36,6.41,6.41,4486472
2001-11-07,6.42,6.47,6.37,6.42,6.42,7076031
2001-11-08,6.43,6.48,6.37,6.43,6.43,3945848
2001-11-09,6.45,6.5,6.4,6.45,6.45,4511011
2001-11-12,6.44,6.49,6.39,6.44,6.44,5526169
2001-11-13,6.38,6.44,6.33,6.38,6.38,3180622
2001-11-14,6.13,6.18,6.08,6.13,6.13,6136841
2001-11-15,6.32,6.37,6.27,6.32,6.32,3357731
2001-11-16,6.28,6.33,6.23,6.28,6.28,4287789
2001-11-19,6.23,6.28,6.18,6.23,6.23,3979250
2001-11-20,6.35,6.4,6.3,6.35,6.35,7388626
2001-11-21,6.43,6.48,6.38,6.43,6.43,8022073
2001-11-22,6.43,6.49,6.38,6.43,6.43,11202131
2001-11-23,6.46,6.51,6.41,6.46,6.46,6949813
2001-11-26,6.55,6.6,6.5,6.55,6.55,5032234
2001-11-27,6.46,6.51,6.4,6.46,6.46,3393066
2001-11-28,6.63,6.68,6.58,6.63,6.63,9554578
2001-11-29,6.55,6.61,6.5,6.55,6.55,5808156
2001-11-30,6.5,6.55,6.44,6.5,6.5,6711705
2001-12-03,6.47,6.52,6.42,6.47,6.47,3443842
2001-12-04,6.57,6.63,6.52,6.57,6.57,6391183
2001-12-05,6.65,6.71,6.6,6.65,6.65,8832049
2001-12-06,6.43,6.48,6.38,6.43,6.43,6307935
2001-12-07,6.36,6.41,6.31,6.36,6.36,3488767
2001-12-10,6.35,6.41,6.3,6.35,6.35,9134376
2001-12-11,6.29,6.34,6.24,6.29,6.29,9503456
2001-12-12,6.4,6.45,6.35,6.4,6.4,4928949
2001-12-13,6.34,6.39,6.29,6.34,6.34,7836652
2001-12-14,6.38,6.43,6.33,6.38,6.38,6879545
2001-12-17,6.34,6.39,6.29,6.34,6.34,5755289
2001-12-18,6.29,6.34,6.24,6.29,6.29,3189143
2001-12-19,6.32,6.37,6.27,6.32,6.32,4255012
2001-12-20,6.37,6.42,6.32,6.37,6.37,5406372
2001-12-21,6.34,6.39,6.28,6.34,6.34,3959513
2001-12-24,6.61,6.66,6.56,6.61,6.61,5193369
2001-12-25,6.58,6.63,6.53,6.58,6.58,13409640
2001-12-26,6.68,6.74,6.63,6.68,6.68,5370508
2001-12-27,6.57,6.62,6.51,6.57,6.57,5135992
2001-12-28,6.72,6.77,6.67,6.72,6.72,8535432
2001-12-31,6.6,6.66,6.55,6.6,6.6,6080140
2002-01-01,6.47,6.53,6.42,6.47,6.47,2736071
2002-01-02,6.67,6.72,6.62,6.67,6.67,5438811
2002-01-03,6.68,6.73,6.62,6.68,6.68,8509336
2002-01-04,6.62,6.67,6.57,6.62,6.62,4828690
2002-01-07,6.66,6.71,6.6,6.66,6.66,6788289
2002-01-08,6.7,6.75,6.64,6.7,6.7,9383283
2002-01-09,6.85,6.91,6.8,6.85,6.85,4577289
2002-01-10,6.85,6.91,6.8,6.85,6.85,5582965
2002-01-11,6.79,6.85,6.74,6.79,6.79,4041104
2002-01-14,6.92,6.97,6.86,6.92,6.92,1875655
2002-01-15,6.96,7.02,6.9,6.96,6.96,5613225
2002-01-16,6.98,7.03,6.92,6.98,6.98,3672532
2002-01-17,6.92,6.97,6.86,6.92,6.92,6972354
2002-01-18,6.98,7.04,6.93,6.98,6.98,8366719
2002-01-21,7.03,7.08,6.97,7.03,7.03,4197164
2002-01-22,6.99,7.05,6.94,6.99,6.99,5028118
2002-01-23,6.95,7.01,6.9,6.95,6.95,4300540
2002-01-24,7.01,7.07,6.96,7.01,7.01,7007127
2002-01-25,7.17,7.23,7.11,7.17,7.17,9720548
2002-01-28,7.06,7.12,7.01,7.06,7.06,6702227
2002-01-29,6.92,6.97,6.86,6.92,6.92,6914817
2002-01-30,6.94,6.99,6.88,6.94,6.94,8279921
2002-01-31,7.0,7.06,6.94,7.0,7.0,4789238
2002-02-01,7.05,7.1,6.99,7.05,7.05,2671878
2002-02-04,7.06,7.12,7.01,7.06,7.06,6805890
2002-02-05,7.16,7.21,7.1,7.16,7.16,8566266
2002-02-06,7.14,7.19,7.08,7.14,7.14,10573330
2002-02-07,7.14,7.19,7.08,7.14,7.14,7639750
2002-02-08,6.9,6.95,6.84,6.9,6.9,6207217
2002-02-11,6.93,6.99,6.87,6.93,6.93,6434690
2002-02-12,6.9,6.96,6.85,6.9,6.9,3775073
2002-02-13,6.88,6.93,6.82,6.88,6.88,6251000
2002-02-14,6.91,6.96,6.85,6.91,6.91,5776234
2002-02-15,6.9,6.96,6.85,6.9,6.9,3624555
2002-02-18,6.88,6.94,6.83,6.88,6.88,4571194
2002-02-19,6.84,6.9,6.79,6.84,6.84,9634332
2002-02-20,6.76,6.82,6.71,6.76,6.76,3573403
2002-02-21,6.73,6.78,6.67,6.73,6.73,8027693
2002-02-22,6.78,6.84,6.73,6.78,6.78,9140920
2002-02-25,6.78,6.84,6.73,6.78,6.78,6082184
2002-02-26,6.64,6.69,6.58,6.64,6.64,4944106
2002-02-27,6.71,6.76,6.66,6.71,6.71,4298638
2002-02-28,6.69,6.75,6.64,6.69,6.69,3388899
2002-03-01,6.68,6.73,6.62,6.68,6.68,6583870
2002-03-04,6.67,6.72,6.61,6.67,6.67,9072937
2002-03-05,6.65,6.7,6.59,6.65,6.65,6828385
2002-03-06,6.49,6.54,6.43,6.49,6.49,4742849
2002-03-07,6.59,6.65,6.54,6.59,6.59,6055364
2002-03-08,6.72,6.77,6.67,6.72,6.72,9150108
2002-03-11,6.73,6.78,6.67,6.73,6.73,5979646
2002-03-12,6.82,6.88,6.77,6.82,6.82,6299928
2002-03-13,6.71,6.76,6.65,6.71,6.71,6274886
2002-03-14,6.88,6.93,6.82,6.88,6.88,5823927
2002-03-15,6.83,6.89,6.78,6.83,6.83,4757507
2002-03-18,6.99,7.04,6.93,6.99,6.99,9260505
2002-03-19,7.11,7.16,7.05,7.11,7.11,2496201
2002-03-20,7.17,7.23,7.11,7.17,7.17,4203985
2002-03-21,7.13,7.19,7.08,7.13,7.13,8857773
2002-03-22,7.27,7.33,7.21,7.27,7.27,5738340
2002-03-25,7.54,7.6,7.48,7.54,7.54,4532934
2002-03-26,7.65,7.71,7.59,7.65,7.65,3165483
2002-03-27,7.94,8.01,7.88,7.94,7.94,3329175
2002-03-28,7.94,8.0,7.87,7.94,7.94,4521337
2002-03-29,8.11,8.17,8.04,8.11,8.11,5438443
2002-04-01,8.26,8.33,8.2,8.26,8.26,2770131
2002-04-02,8.03,8.1,7.97,8.03,8.03,3158290
2002-04-03,8.27,8.33,8.2,8.27,8.27,2812169
2002-04-04,8.3,8.37,8.23,8.3,8.3,4830616
2002-04-05,8.13,8.19,8.06,8.13,8.13,5848213
2002-04-08,7.88,7.94,7.81,7.88,7.88,10103612
2002-04-09,8.07,8.13,8.01,8.07,8.07,9698012
2002-04-10,8.0,8.06,7.93,8.0,8.0,3492304
2002-04-11,8.0,8.07,7.94,8.0,8.0,5893844
2002-04-12,8.3,8.37,8.24,8.3,8.3,6067417
2002-04-15,8.44,8.51,8.37,8.44,8.44,3794209
2002-04-16,8.41,8.48,8.34,8.41,8.41,6460396
2002-04-17,8.5,8.56,8.43,8.5,8.5,13917473
2002-04-18,8.72,8.79,8.65,8.72,8.72,4864489
2002-04-19,8.47,8.54,8.4,8.47,8.47,3789528
2002-04-22,8.44,8.51,8.38,8.44,8.44,3167060
2002-04-23,8.49,8.56,8.42,8.49,8.49,8446400
2002-04-24,8.5,8.56,8.43,8.5,8.5,5236719
2002-04-25,8.66,8.73,8.59,8.66,8.66,2162594
2002-04-26,8.64,8.71,8.57,8.64,8.64,5351166
2002-04-29,8.73,8.8,8.66,8.73,8.73,9708671
2002-04-30,8.8,8.87,8.73,8.8,8.8,9497674
2002-05-01,8.91,8.98,8.83,8.91,8.91,21427669
2002-05-02,9.11,9.19,9.04,9.11,9.11,4178514
2002-05-03,9.02,9.09,8.95,9.02,9.02,7291582
2002-05-06,9.18,9.25,9.1,9.18,9.18,11192385
2002-05-07,9.12,9.19,9.05,9.12,9.12,7778231
2002-05-08,9.07,9.14,9.0,9.07,9.07,3900654
2002-05-09,9.15,9.22,9.07,9.15,9.15,4024755
2002-05-10,9.23,9.31,9.16,9.23,9.23,9523495
2002-05-13,9.18,9.26,9.11,9.18,9.18,6830497
2002-05-14,9.03,9.1,8.96,9.03,9.03,4997372
2002-05-15,9.1,9.18,9.03,9.1,9.1,3821361
2002-05-16,9.04,9.11,8.97,9.04,9.04,3666224
2002-05-17,9.08,9.15,9.01,9.08,9.08,2319053
2002-05-20,9.02,9.1,8.95,9.02,9.02,4684559
2002-05-21,8.88,8.95,8.81,8.88,8.88,4359561
2002-05-22,9.02,9.09,8.94,9.02,9.02,3062345
2002-05-23,8.9,8.97,8.82,8.9,8.9,3314203
2002-05-24,9.12,9.19,9.05,9.12,9.12,4313148
2002-05-27,9.03,9.1,8.95,9.03,9.03,7565410
2002-05-28,9.11,9.18,9.04,9.11,9.11,4488302
2002-05-29,9.05,9.13,8.98,9.05,9.05,5971702
2002-05-30,9.03,9.11,8.96,9.03,9.03,4491542
2002-05-31,9.09,9.16,9.01,9.09,9.09,2309136
2002-06-03,9.02,9.1,8.95,9.02,9.02,6751843
2002-06-04,9.19,9.27,9.12,9.19,9.19,4505437
2002-06-05,9.2,9.27,9.12,9.2,9.2,11504987
2002-06-06,9.3,9.37,9.22,9.3,9.3,5529335
2002-06-07,9.39,9.47,9.32,9.39,9.39,7253514
2002-06-10,9.34,9.41,9.27,9.34,9.34,3015966
2002-06-11,9.3,9.38,9.23,9.3,9.3,5833689
2002-06-12,9.01,9.08,8.93,9.01,9.01,3971665
2002-06-13,9.11,9.18,9.03,9.11,9.11,3626260
2002-06-14,8.89,8.96,8.82,8.89,8.89,6068451
2002-06-17,9.2,9.27,9.13,9.2,9.2,6469404
2002-06-18,9.34,9.41,9.26,9.34,9.34,6558683
2002-06-19,9.44,9.52,9.37,9.44,9.44,3966593
2002-06-20,9.46,9.54,9.38,9.46,9.46,10300237
2002-06-21,9.54,9.61,9.46,9.54,9.54,4144125
2002-06-24,9.54,9.62,9.46,9.54,9.54,2480688
2002-06-25,9.27,9.35,9.2,9.27,9.27,10615297
2002-06-26,9.34,9.42,9.27,9.34,9.34,2826308
2002-06-27,9.17,9.25,9.1,9.17,9.17,6483114
2002-06-28,9.15,9.22,9.08,9.15,9.15,5183613
2002-07-01,9.11,9.19,9.04,9.11,9.11,4896796
2002-07-02,9.18,9.25,9.11,9.18,9.18,8395088
2002-07-03,9.0,9.07,8.93,9.0,9.0,8017358
2002-07-04,9.16,9.24,9.09,9.16,9.16,1998470
2002-07-05,9.21,9.28,9.14,9.21,9.21,2571493
2002-07-08,9.1,9.17,9.02,9.1,9.1,7675136
2002-07-09,9.05,9.12,8.97,9.05,9.05,7582667
2002-07-10,9.4,9.47,9.32,9.4,9.4,3140627
2002-07-11,9.37,9.45,9.3,9.37,9.37,3890648
2002-07-12,9.41,9.49,9.34,9.41,9.41,6459779
2002-07-15,9.52,9.6,9.45,9.52,9.52,5709946
2002-07-16,9.75,9.83,9.67,9.75,9.75,13910180
2002-07-17,9.52,9.6,9.45,9.52,9.52,4728033
2002-07-18,9.34,9.41,9.26,9.34,9.34,3351639
2002-07-19,9.57,9.64,9.49,9.57,9.57,4064804
2002-07-22,10.01,10.09,9.93,10.01,10.01,4353668
2002-07-23,9.82,9.9,9.75,9.82,9.82,5679629
2002-07-24,9.91,9.99,9.83,9.91,9.91,7330645
2002-07-25,9.97,10.05,9.89,9.97,9.97,4872923
2002-07-26,10.25,10.33,10.17,10.25,10.25,7299733
2002-07-29,10.25,10.33,10.17,10.25,10.25,3886039
2002-07-30,10.13,10.21,10.05,10.13,10.13,5209128
2002-07-31,9.94,10.02,9.86,9.94,9.94,5784500
2002-08-01,10.17,10.25,10.08,10.17,10.17,4177249
2002-08-02,10.18,10.26,10.1,10.18,10.18,14215417
2002-08-05,10.07,10.15,9.99,10.07,10.07,3486151
2002-08-06,10.09,10.17,10.01,10.09,10.09,5768436
2002-08-07,10.31,10.4,10.23,10.31,10.31,11937590
2002-08-08,10.23,10.31,10.15,10.23,10.23,8633446
2002-08-09,10.24,10.32,10.16,10.24,10.24,9084235
2002-08-12,10.26,10.34,10.18,10.26,10.26,5427996
2002-08-13,10.5,10.58,10.41,10.5,10.5,2856565
2002-08-14,10.49,10.58,10.41,10.49,10.49,2675062
2002-08-15,10.46,10.54,10.38,10.46,10.46,6239875
2002-08-16,10.58,10.67,10.5,10.58,10.58,8042435
2002-08-19,10.83,10.92,10.74,10.83,10.83,3074689
2002-08-20,10.74,10.83,10.66,10.74,10.74,2881502
2002-08-21,10.48,10.56,10.39,10.48,10.48,4018457
2002-08-22,10.58,10.67,10.5,10.58,10.58,4538717
2002-08-23,10.62,10.7,10.53,10.62,10.62,5406499
2002-08-26,10.77,10.85,10.68,10.77,10.77,3035339
2002-08-27,10.77,10.85,10.68,10.77,10.77,8732956
2002-08-28,10.67,10.76,10.59,10.67,10.67,3898141
2002-08-29,10.68,10.77,10.6,10.68,10.68,5146306
2002-08-30,10.92,11.01,10.83,10.92,10.92,4804555
2002-09-02,11.12,11.21,11.03,11.12,11.12,7336847
2002-09-03,10.98,11.07,10.89,10.98,10.98,6787308
2002-09-04,11.31,11.4,11.22,11.31,11.31,4061787
2002-09-05,11.24,11.33,11.15,11.24,11.24,6063263
2002-09-06,11.23,11.32,11.14,11.23,11.23,4862492
2002-09-09,11.34,11.43,11.25,11.34,11.34,5512507
2002-09-10,11.21,11.3,11.12,11.21,11.21,7080801
2002-09-11,11.12,11.21,11.03,11.12,11.12,5198330
2002-09-12,11.24,11.33,11.15,11.24,11.24,6524227
2002-09-13,11.31,11.4,11.22,11.31,11.31,4384667
2002-09-16,11.4,11.49,11.31,11.4,11.4,6515776
2002-09-17,11.27,11.36,11.18,11.27,11.27,3808073
2002-09-18,11.37,11.47,11.28,11.37,11.37,13492657
2002-09-19,11.64,11.74,11.55,11.64,11.64,5525456
2002-09-20,11.7,11.79,11.6,11.7,11.7,5405313
2002-09-23,11.8,11.89,11.7,11.8,11.8,6654296
2002-09-24,11.77,11.87,11.68,11.77,11.77,9150667
2002-09-25,11.57,11.66,11.48,11.57,11.57,2963008
2002-09-26,11.44,11.54,11.35,11.44,11.44,2393695
2002-09-27,11.55,11.64,11.46,11.55,11.55,7595559
2002-09-30,11.75,11.85,11.66,11.75,11.75,6943934
2002-10-01,11.56,11.65,11.47,11.56,11.56,4502377
2002-10-02,11.74,11.83,11.65,11.74,11.74,6921290
2002-10-03,11.62,11.72,11.53,11.62,11.62,5054164
2002-10-04,11.45,11.54,11.36,11.45,11.45,5824448
2002-10-07,11.75,11.84,11.65,11.75,11.75,3040907
2002-10-08,11.49,11.58,11.39,11.49,11.49,3439918
2002-10-09,11.45,11.54,11.36,11.45,11.45,3948233
2002-10-10,11.52,11.61,11.42,11.52,11.52,2602612
2002-10-11,11.26,11.35,11.17,11.26,11.26,4341581
2002-10-14,11.29,11.38,11.2,11.29,11.29,6841562
2002-10-15,11.28,11.37,11.19,11.28,11.28,7758841
2002-10-16,11.23,11.32,11.14,11.23,11.23,2202547
2002-10-17,11.54,11.63,11.45,11.54,11.54,4440776
2002-10-18,11.41,11.5,11.32,11.41,11.41,2873506
2002-10-21,11.22,11.3,11.13,11.22,11.22,3521470
2002-10-22,11.26,11.35,11.17,11.26,11.26,2365335
2002-10-23,11.37,11.46,11.28,11.37,11.37,5696103
2002-10-24,11.72,11.82,11.63,11.72,11.72,7245275
2002-10-25,11.99,12.09,11.9,11.99,11.99,8594524
2002-10-28,12.18,12.28,12.09,12.18,12.18,2931406
2002-10-29,12.0,12.1,11.91,12.0,12.0,5492054
2002-10-30,12.03,12.12,11.93,12.03,12.03,8376393
2002-10-31,12.3,12.4,12.2,12.3,12.3,7721703
2002-11-01,12.02,12.12,11.92,12.02,12.02,9510986
2002-11-04,12.04,12.13,11.94,12.04,12.04,4088518
2002-11-05,11.45,11.54,11.36,11.45,11.45,4776906
2002-11-06,11.54,11.63,11.44,11.54,11.54,7236679
2002-11-07,11.6,11.7,11.51,11.6,11.6,6592801
2002-11-08,11.65,11.75,11.56,11.65,11.65,3626556
2002-11-11,11.44,11.53,11.35,11.44,11.44,4656414
2002-11-12,11.6,11.69,11.51,11.6,11.6,7467454
2002-11-13,11.66,11.76,11.57,11.66,11.66,5662640
2002-11-14,11.66,11.75,11.57,11.66,11.66,2735993
2002-11-15,11.36,11.45,11.27,11.36,11.36,6369714
2002-11-18,11.34,11.43,11.25,11.34,11.34,6600903
2002-11-19,11.36,11.45,11.27,11.36,11.36,3109155
2002-11-20,11.2,11.29,11.11,11.2,11.2,6642071
2002-11-21,11.29,11.38,11.2,11.29,11.29,3799980
2002-11-22,11.26,11.35,11.17,11.26,11.26,4689920
2002-11-25,11.24,11.33,11.15,11.24,11.24,6792425
2002-11-26,11.18,11.27,11.09,11.18,11.18,8646377
2002-11-27,11.1,11.19,11.01,11.1,11.1,3504362
2002-11-28,11.02,11.11,10.93,11.02,11.02,4663719
2002-11-29,11.29,11.38,11.2,11.29,11.29,9303724
2002-12-02,11.37,11.46,11.28,11.37,11.37,8334371
2002-12-03,11.28,11.37,11.19,11.28,11.28,2644318
2002-12-04,11.07,11.16,10.98,11.07,11.07,5609746
2002-12-05,11.2,11.29,11.11,11.2,11.2,6922166
2002-12-06,11.19,11.28,11.1,11.19,11.19,8193926
2002-12-09,10.85,10.93,10.76,10.85,10.85,6778222
2002-12-10,11.13,11.22,11.04,11.13,11.13,4881650
2002-12-11,11.25,11.34,11.16,11.25,11.25,4476721
2002-12-12,10.96,11.05,10.87,10.96,10.96,4259736
2002-12-13,11.15,11.24,11.06,11.15,11.15,4086193
2002-12-16,11.24,11.33,11.15,11.24,11.24,10788802
2002-12-17,11.26,11.35,11.17,11.26,11.26,7539875
2002-12-18,11.29,11.38,11.2,11.29,11.29,8391234
2002-12-19,11.62,11.72,11.53,11.62,11.62,5658684
2002-12-20,11.78,11.88,11.69,11.78,11.78,3780321
2002-12-23,11.62,11.71,11.52,11.62,11.62,3720840
2002-12-24,11.62,11.72,11.53,11.62,11.62,3732022
2002-12-25,11.68,11.78,11.59,11.68,11.68,4641125
2002-12-26,11.73,11.82,11.63,11.73,11.73,2861500
2002-12-27,12.08,12.18,11.98,12.08,12.08,11071420
2002-12-30,12.04,12.14,11.95,12.04,12.04,6253493
2002-12-31,12.12,12.22,12.02,12.12,12.12,7864765
2003-01-01,12.08,12.18,11.99,12.08,12.08,7531876
2003-01-02,12.24,12.33,12.14,12.24,12.24,8574213
2003-01-03,12.06,12.16,11.97,12.06,12.06,5409197
2003-01-06,12.32,12.42,12.22,12.32,12.32,5605129
2003-01-07,12.37,12.47,12.27,12.37,12.37,5382712
2003-01-08,12.49,12.59,12.39,12.49,12.49,8180912
2003-01-09,12.53,12.63,12.43,12.53,12.53,8197128
2003-01-10,12.52,12.62,12.42,12.52,12.52,5566412
2003-01-13,12.95,13.05,12.84,12.95,12.95,5672826
2003-01-14,12.77,12.87,12.67,12.77,12.77,6611389
2003-01-15,12.79,12.89,12.69,12.79,12.79,5821502
2003-01-16,12.77,12.87,12.67,12.77,12.77,7378405
2003-01-17,12.6,12.7,12.5,12.6,12.6,5016416
2003-01-20,12.63,12.73,12.53,12.63,12.63,5353480
2003-01-21,12.71,12.81,12.6,12.71,12.71,9717879
2003-01-22,12.81,12.91,12.71,12.81,12.81,4820019
2003-01-23,12.53,12.63,12.43,12.53,12.53,7833971
2003-01-24,12.41,12.51,12.31,12.41,12.41,8827315
2003-01-27,12.36,12.46,12.26,12.36,12.36,4172613
2003-01-28,12.31,12.41,12.21,12.31,12.31,15124126
2003-01-29,12.35,12.45,12.25,12.35,12.35,10643114
2003-01-30,12.22,12.32,12.12,12.22,12.22,4388232
2003-01-31,12.28,12.38,12.18,12.28,12.28,3526813
2003-02-03,12.19,12.29,12.1,12.19,12.19,6299695
2003-02-04,12.58,12.68,12.48,12.58,12.58,7657686
2003-02-05,12.71,12.81,12.61,12.71,12.71,4964184
2003-02-06,12.58,12.68,12.48,12.58,12.58,4877102
2003-02-07,12.75,12.85,12.65,12.75,12.75,3552858
2003-02-10,12.88,12.98,12.78,12.88,12.88,3122935
2003-02-11,12.83,12.94,12.73,12.83,12.83,5209782
2003-02-12,12.82,12.93,12.72,12.82,12.82,8041724
2003-02-13,12.6,12.7,12.5,12.6,12.6,11055101
2003-02-14,12.83,12.93,12.72,12.83,12.83,13761488
2003-02-17,12.96,13.07,12.86,12.96,12.96,8701618
2003-02-18,12.84,12.94,12.74,12.84,12.84,5249903
2003-02-19,12.83,12.93,12.73,12.83,12.83,4785862
2003-02-20,12.83,12.93,12.73,12.83,12.83,4448692
2003-02-21,13.04,13.14,12.93,13.04,13.04,5111464
2003-02-24,12.94,13.04,12.83,12.94,12.94,6249412
2003-02-25,13.04,13.14,12.94,13.04,13.04,8443725
2003-02-26,13.01,13.11,12.9,13.01,13.01,3693514
2003-02-27,13.36,13.47,13.26,13.36,13.36,7278402
2003-02-28,13.38,13.49,13.27,13.38,13.38,4704512
2003-03-03,13.54,13.65,13.43,13.54,13.54,3796126
2003-03-04,13.51,13.61,13.4,13.51,13.51,5888821
2003-03-05,13.94,14.05,13.83,13.94,13.94,6305839
2003-03-06,13.97,14.08,13.86,13.97,13.97,5257981
2003-03-07,13.6,13.71,13.49,13.6,13.6,6080469
2003-03-10,13.62,13.73,13.51,13.62,13.62,5224942
2003-03-11,13.44,13.55,13.33,13.44,13.44,4632250
2003-03-12,13.5,13.61,13.39,13.5,13.5,5451528
2003-03-13,13.21,13.32,13.11,13.21,13.21,6406202
2003-03-14,13.43,13.54,13.32,13.43,13.43,3459461
2003-03-17,13.64,13.74,13.53,13.64,13.64,5007762
2003-03-18,13.38,13.49,13.28,13.38,13.38,3633938
2003-03-19,13.44,13.55,13.33,13.44,13.44,9710682
2003-03-20,13.32,13.42,13.21,13.32,13.32,5097271
2003-03-21,13.2,13.31,13.09,13.2,13.2,3362338
2003-03-24,13.21,13.31,13.1,13.21,13.21,3783134
2003-03-25,12.76,12.86,12.66,12.76,12.76,4222599
2003-03-26,12.91,13.01,12.81,12.91,12.91,9737292
2003-03-27,12.74,12.85,12.64,12.74,12.74,11179417
2003-03-28,12.59,12.69,12.49,12.59,12.59,3939991
2003-03-31,12.85,12.95,12.75,12.85,12.85,5703861
2003-04-01,13.08,13.19,12.98,13.08,13.08,4499342
2003-04-02,13.0,13.1,12.89,13.0,13.0,7330640
2003-04-03,13.01,13.12,12.91,13.01,13.01,10097683
2003-04-04,12.84,12.94,12.74,12.84,12.84,5412677
2003-04-07,12.35,12.45,12.25,12.35,12.35,3770643
2003-04-08,11.91,12.0,11.81,11.91,11.91,7184547
2003-04-09,11.83,11.93,11.74,11.83,11.83,3330495
2003-04-10,11.99,12.09,11.9,11.99,11.99,4483721
2003-04-11,12.17,12.27,12.08,12.17,12.17,4329526
2003-04-14,12.28,12.37,12.18,12.28,12.28,3804163
2003-04-15,12.17,12.26,12.07,12.17,12.17,4678261
2003-04-16,12.48,12.58,12.38,12.48,12.48,2644967
2003-04-17,12.58,12.68,12.48,12.58,12.58,2960548
2003-04-18,12.32,12.42,12.22,12.32,12.32,7078784
2003-04-21,12.65,12.75,12.54,12.65,12.65,2205730
2003-04-22,12.51,12.61,12.41,12.51,12.51,3511318
2003-04-23,12.52,12.62,12.42,12.52,12.52,4555770
2003-04-24,12.54,12.64,12.44,12.54,12.54,4738934
2003-04-25,12.75,12.85,12.64,12.75,12.75,7946413
2003-04-28,12.93,13.04,12.83,12.93,12.93,6723980
2003-04-29,12.82,12.92,12.71,12.82,12.82,4777261
2003-04-30,12.94,13.05,12.84,12.94,12.94,3129112
2003-05-01,12.81,12.92,12.71,12.81,12.81,3189508
2003-05-02,12.67,12.77,12.57,12.67,12.67,3283830
2003-05-05,13.03,13.13,12.92,13.03,13.03,7469431
2003-05-06,13.0,13.1,12.9,13.0,13.0,8182786
2003-05-07,13.06,13.17,12.96,13.06,13.06,7655680
2003-05-08,12.99,13.1,12.89,12.99,12.99,5218910
2003-05-09,13.1,13.2,12.99,13.1,13.1,2627186
2003-05-12,12.96,13.07,12.86,12.96,12.96,7870488
2003-05-13,12.91,13.01,12.8,12.91,12.91,7402676
2003-05-14,12.95,13.05,12.85,12.95,12.95,3298226
2003-05-15,12.94,13.05,12.84,12.94,12.94,2355447
2003-05-16,13.11,13.21,13.0,13.11,13.11,7777920
2003-05-19,13.53,13.64,13.42,13.53,13.53,5711530
2003-05-20,13.38,13.49,13.27,13.38,13.38,2183645
2003-05-21,13.33,13.44,13.23,13.33,13.33,5255201
2003-05-22,13.73,13.84,13.62,13.73,13.73,6843357
2003-05-23,13.95,14.06,13.84,13.95,13.95,7750530
2003-05-26,14.06,14.17,13.95,14.06,14.06,4477223
2003-05-27,14.05,14.17,13.94,14.05,14.05,3701297
2003-05-28,14.12,14.23,14.01,14.12,14.12,6889062
2003-05-29,13.83,13.94,13.71,13.83,13.83,6655034
2003-05-30,13.42,13.53,13.31,13.42,13.42,5894700
2003-06-02,13.2,13.31,13.09,13.2,13.2,2928526
2003-06-03,13.31,13.42,13.21,13.31,13.31,2552087
2003-06-04,13.09,13.2,12.99,13.09,13.09,3463751
2003-06-05,13.14,13.25,13.04,13.14,13.14,5822104
2003-06-06,13.05,13.16,12.95,13.05,13.05,5651311
2003-06-09,13.17,13.28,13.07,13.17,13.17,2634447
2003-06-10,13.2,13.3,13.09,13.2,13.2,6323085
2003-06-11,13.14,13.25,13.04,13.14,13.14,4391632
2003-06-12,13.11,13.22,13.01,13.11,13.11,4149922
2003-06-13,13.23,13.34,13.12,13.23,13.23,6597444
2003-06-16,13.51,13.62,13.41,13.51,13.51,12226798
2003-06-17,13.86,13.97,13.75,13.86,13.86,8187613
2003-06-18,13.56,13.67,13.45,13.56,13.56,7988102
2003-06-19,13.35,13.46,13.25,13.35,13.35,2919423
2003-06-20,13.16,13.27,13.06,13.16,13.16,4916156
2003-06-23,13.3,13.4,13.19,13.3,13.3,6593581
2003-06-24,13.04,13.14,12.93,13.04,13.04,4640718
2003-06-25,13.04,13.14,12.94,13.04,13.04,7522820
2003-06-26,13.13,13.23,13.02,13.13,13.13,8486210
2003-06-27,13.24,13.35,13.14,13.24,13.24,4770580
2003-06-30,13.39,13.49,13.28,13.39,13.39,2757328
2003-07-01,13.25,13.36,13.15,13.25,13.25,3672593
2003-07-02,13.15,13.26,13.05,13.15,13.15,2421978
2003-07-03,12.83,12.93,12.73,12.83,12.83,2860300
2003-07-04,12.63,12.73,12.53,12.63,12.63,5982747
2003-07-07,12.47,12.57,12.37,12.47,12.47,5448998
2003-07-08,12.45,12.55,12.36,12.45,12.45,6951219
2003-07-09,12.59,12.69,12.49,12.59,12.59,6746273
2003-07-10,12.52,12.62,12.41,12.52,12.52,7228457
2003-07-11,12.7,12.8,12.6,12.7,12.7,3895466
2003-07-14,12.98,13.09,12.88,12.98,12.98,3810066
2003-07-15,13.19,13.3,13.09,13.19,13.19,10828546
2003-07-16,13.26,13.37,13.16,13.26,13.26,3842083
2003-07-17,13.47,13.57,13.36,13.47,13.47,8541869
2003-07-18,13.4,13.51,13.3,13.4,13.4,4145792
2003-07-21,13.34,13.45,13.24,13.34,13.34,6017184
2003-07-22,13.42,13.53,13.32,13.42,13.42,2534586
2003-07-23,13.4,13.51,13.3,13.4,13.4,4845328
2003-07-24,13.46,13.57,13.35,13.46,13.46,5031537
2003-07-25,13.37,13.48,13.26,13.37,13.37,6455285
2003-07-28,13.47,13.58,13.36,13.47,13.47,4592286
2003-07-29,13.53,13.64,13.42,13.53,13.53,4559301
2003-07-30,13.22,13.32,13.11,13.22,13.22,4654017
2003-07-31,13.28,13.39,13.18,13.28,13.28,9478332
2003-08-01,13.41,13.52,13.31,13.41,13.41,8325798
2003-08-04,13.4,13.51,13.29,13.4,13.4,5380063
2003-08-05,13.38,13.48,13.27,13.38,13.38,5182241
2003-08-06,13.28,13.39,13.17,13.28,13.28,4536247
2003-08-07,13.06,13.17,12.96,13.06,13.06,5031485
2003-08-08,12.85,12.95,12.75,12.85,12.85,4116442
2003-08-11,12.62,12.72,12.52,12.62,12.62,1961615
2003-08-12,12.45,12.55,12.35,12.45,12.45,4239784
2003-08-13,12.58,12.68,12.48,12.58,12.58,3933915
2003-08-14,12.7,12.81,12.6,12.7,12.7,6315027
2003-08-15,12.75,12.85,12.65,12.75,12.75,4968756
2003-08-18,12.78,12.88,12.68,12.78,12.78,5593888
2003-08-19,13.14,13.25,13.04,13.14,13.14,8030232
2003-08-20,13.09,13.2,12.99,13.09,13.09,5051897
2003-08-21,13.23,13.34,13.13,13.23,13.23,4540295
2003-08-22,13.3,13.41,13.2,13.3,13.3,4738425
2003-08-25,13.48,13.59,13.37,13.48,13.48,11457855
2003-08-26,13.57,13.68,13.46,13.57,13.57,2935483
2003-08-27,13.76,13.87,13.65,13.76,13.76,3536683
2003-08-28,13.55,13.66,13.44,13.55,13.55,4031694
2003-08-29,13.48,13.59,13.38,13.48,13.48,5923478
2003-09-01,13.63,13.74,13.52,13.63,13.63,4644443
2003-09-02,13.4,13.51,13.29,13.4,13.4,5316374
2003-09-03,13.41,13.52,13.31,13.41,13.41,5752746
2003-09-04,13.36,13.46,13.25,13.36,13.36,3364499
2003-09-05,13.59,13.7,13.48,13.59,13.59,8082425
2003-09-08,13.35,13.45,13.24,13.35,13.35,4235904
2003-09-09,13.1,13.2,12.99,13.1,13.1,9138828
2003-09-10,13.09,13.19,12.98,13.09,13.09,3819842
2003-09-11,13.28,13.39,13.17,13.28,13.28,9233605
2003-09-12,13.45,13.56,13.34,13.45,13.45,2492764
2003-09-15,13.46,13.57,13.35,13.46,13.46,4299249
2003-09-16,13.37,13.48,13.26,13.37,13.37,6602609
2003-09-17,13.36,13.47,13.26,13.36,13.36,5716073
2003-09-18,13.26,13.37,13.16,13.26,13.26,5522950
2003-09-19,13.44,13.54,13.33,13.44,13.44,6103606
2003-09-22,13.31,13.42,13.21,13.31,13.31,7304166
2003-09-23,13.27,13.38,13.17,13.27,13.27,12108217
2003-09-24,13.2,13.31,13.1,13.2,13.2,5715848
2003-09-25,12.79,12.89,12.69,12.79,12.79,7344382
2003-09-26,12.91,13.01,12.8,12.91,12.91,4151273
2003-09-29,12.98,13.08,12.87,12.98,12.98,2729012
2003-09-30,13.35,13.46,13.25,13.35,13.35,5819053
2003-10-01,13.56,13.66,13.45,13.56,13.56,5734652
2003-10-02,13.49,13.6,13.38,13.49,13.49,3033747
2003-10-03,13.49,13.6,13.38,13.49,13.49,6146133
2003-10-06,13.51,13.61,13.4,13.51,13.51,3343030
2003-10-07,13.55,13.66,13.44,13.55,13.55,4993133
2003-10-08,13.98,14.09,13.86,13.98,13.98,17279169
2003-10-09,14.03,14.15,13.92,14.03,14.03,3133845
2003-10-10,14.07,14.18,13.96,14.07,14.07,4177364
2003-10-13,14.33,14.45,14.22,14.33,14.33,3309543
2003-10-14,14.19,14.31,14.08,14.19,14.19,5105080
2003-10-15,13.9,14.01,13.78,13.9,13.9,5323553
2003-10-16,14.04,14.16,13.93,14.04,14.04,9821020
2003-10-17,13.89,14.0,13.78,13.89,13.89,4393114
2003-10-20,13.96,14.07,13.85,13.96,13.96,4299146
2003-10-21,13.97,14.08,13.86,13.97,13.97,9107509
2003-10-22,14.27,14.39,14.16,14.27,14.27,4813777
2003-10-23,13.88,13.99,13.77,13.88,13.88,3672478
2003-10-24,14.02,14.13,13.9,14.02,14.02,3365083
2003-10-27,14.24,14.35,14.12,14.24,14.24,5164424
2003-10-28,14.57,14.68,14.45,14.57,14.57,5414271
2003-10-29,14.55,14.67,14.43,14.55,14.55,6144171
2003-10-30,14.29,14.4,14.17,14.29,14.29,4861579
2003-10-31,13.87,13.98,13.76,13.87,13.87,3493029
2003-11-03,13.93,14.04,13.82,13.93,13.93,5935441
2003-11-04,13.97,14.08,13.86,13.97,13.97,6416603
2003-11-05,14.1,14.22,13.99,14.1,14.1,3897008
2003-11-06,14.19,14.3,14.08,14.19,14.19,6732369
2003-11-07,14.39,14.5,14.27,14.39,14.39,5705622
2003-11-10,14.35,14.46,14.23,14.35,14.35,5348321
2003-11-11,14.0,14.11,13.88,14.0,14.0,9032940
2003-11-12,14.27,14.39,14.16,14.27,14.27,6924173
2003-11-13,14.36,14.47,14.24,14.36,14.36,3055481
2003-11-14,14.61,14.73,14.49,14.61,14.61,3700543
2003-11-17,14.29,14.4,14.17,14.29,14.29,5806617
2003-11-18,14.06,14.17,13.94,14.06,14.06,6389152
2003-11-19,14.19,14.31,14.08,14.19,14.19,5618122
2003-11-20,14.04,14.15,13.93,14.04,14.04,6938138
2003-11-21,14.16,14.27,14.05,14.16,14.16,7209862
2003-11-24,14.3,14.41,14.19,14.3,14.3,1915838
2003-11-25,13.97,14.08,13.86,13.97,13.97,6295572
2003-11-26,13.91,14.02,13.8,13.91,13.91,7606628
2003-11-27,14.1,14.21,13.98,14.1,14.1,4859257
2003-11-28,14.21,14.32,14.1,14.21,14.21,8853635
2003-12-01,14.38,14.49,14.26,14.38,14.38,7970592
2003-12-02,14.26,14.38,14.15,14.26,14.26,4768433
2003-12-03,14.19,14.3,14.07,14.19,14.19,5164676
2003-12-04,14.43,14.55,14.31,14.43,14.43,5060397
2003-12-05,14.37,14.48,14.25,14.37,14.37,5110377
2003-12-08,14.67,14.78,14.55,14.67,14.67,8542882
2003-12-09,14.83,14.95,14.71,14.83,14.83,7075291
2003-12-10,14.47,14.58,14.35,14.47,14.47,6757639
2003-12-11,14.38,14.5,14.27,14.38,14.38,3385630
2003-12-12,14.19,14.31,14.08,14.19,14.19,7594073
2003-12-15,14.31,14.42,14.19,14.31,14.31,4588927
2003-12-16,14.11,14.23,14.0,14.11,14.11,7238735
2003-12-17,14.35,14.46,14.23,14.35,14.35,5797748
2003-12-18,14.76,14.88,14.65,14.76,14.76,2764991
2003-12-19,14.71,14.83,14.59,14.71,14.71,7899226
2003-12-22,14.91,15.03,14.79,14.91,14.91,5956960
2003-12-23,14.53,14.65,14.42,14.53,14.53,6438571
2003-12-24,14.49,14.61,14.38,14.49,14.49,6588018
2003-12-25,14.15,14.27,14.04,14.15,14.15,6893990
2003-12-26,14.03,14.15,13.92,14.03,14.03,2938397
2003-12-29,13.93,14.04,13.82,13.93,13.93,7689362
2003-12-30,13.94,14.06,13.83,13.94,13.94,4712398
2003-12-31,13.94,14.05,13.82,13.94,13.94,12662433
2004-01-01,13.7,13.81,13.59,13.7,13.7,6278643
2004-01-02,13.93,14.04,13.82,13.93,13.93,7195581
2004-01-05,13.48,13.58,13.37,13.48,13.48,3941140
2004-01-06,13.59,13.7,13.49,13.59,13.59,6972263
2004-01-07,13.82,13.93,13.71,13.82,13.82,4290591
2004-01-08,13.82,13.93,13.7,13.82,13.82,5037164
2004-01-09,14.1,14.21,13.98,14.1,14.1,11971889
2004-01-12,14.39,14.5,14.27,14.39,14.39,3895770
2004-01-13,14.44,14.55,14.32,14.44,14.44,6105218
2004-01-14,14.13,14.25,14.02,14.13,14.13,6589147
2004-01-15,14.37,14.48,14.25,14.37,14.37,4199885
2004-01-16,14.25,14.37,14.14,14.25,14.25,5343878
2004-01-19,14.57,14.68,14.45,14.57,14.57,5389271
2004-01-20,14.79,14.91,14.67,14.79,14.79,4263654
2004-01-21,14.95,15.07,14.83,14.95,14.95,6971777
2004-01-22,15.22,15.35,15.1,15.22,15.22,6668783
2004-01-23,14.9,15.02,14.78,14.9,14.9,4630848
2004-01-26,15.06,15.18,14.94,15.06,15.06,10085360
2004-01-27,15.3,15.42,15.18,15.3,15.3,3945082
2004-01-28,15.16,15.29,15.04,15.16,15.16,10453204
2004-01-29,15.13,15.25,15.01,15.13,15.13,5769154
2004-01-30,15.24,15.36,15.12,15.24,15.24,2699531
2004-02-02,15.49,15.62,15.37,15.49,15.49,5843292
2004-02-03,15.42,15.55,15.3,15.42,15.42,6177529
2004-02-04,15.58,15.71,15.46,15.58,15.58,5022637
2004-02-05,15.52,15.65,15.4,15.52,15.52,2902396
2004-02-06,15.18,15.3,15.06,15.18,15.18,5334216
2004-02-09,15.11,15.23,14.98,15.11,15.11,4093323
2004-02-10,15.36,15.48,15.23,15.36,15.36,5223514
2004-02-11,15.19,15.31,15.07,15.19,15.19,3572971
2004-02-12,14.96,15.08,14.84,14.96,14.96,4620657
2004-02-13,15.06,15.18,14.94,15.06,15.06,3448096
2004-02-16,15.08,15.2,14.96,15.08,15.08,4510956
2004-02-17,15.0,15.12,14.88,15.0,15.0,4818128
2004-02-18,14.71,14.83,14.59,14.71,14.71,8484017
2004-02-19,14.4,14.51,14.28,14.4,14.4,6553908
2004-02-20,14.34,14.45,14.22,14.34,14.34,4731109
2004-02-23,14.62,14.73,14.5,14.62,14.62,12046549
2004-02-24,14.5,14.62,14.38,14.5,14.5,4332103
2004-02-25,14.75,14.87,14.63,14.75,14.75,12109357
2004-02-26,14.93,15.05,14.81,14.93,14.93,3333355
2004-02-27,15.38,15.5,15.25,15.38,15.38,4750172
2004-03-01,15.15,15.27,15.03,15.15,15.15,7757739
2004-03-02,15.54,15.67,15.42,15.54,15.54,5798522
2004-03-03,15.57,15.7,15.45,15.57,15.57,3357454
2004-03-04,15.92,16.04,15.79,15.92,15.92,8416977
2004-03-05,15.85,15.98,15.72,15.85,15.85,8529500
2004-03-08,15.5,15.63,15.38,15.5,15.5,10296084
2004-03-09,15.05,15.17,14.93,15.05,15.05,3709893
2004-03-10,14.89,15.01,14.77,14.89,14.89,8565880
2004-03-11,14.64,14.75,14.52,14.64,14.64,6889277
2004-03-12,14.74,14.85,14.62,14.74,14.74,6762154
2004-03-15,15.1,15.22,14.98,15.1,15.1,4583972
2004-03-16,14.84,14.96,14.72,14.84,14.84,4005327
2004-03-17,14.76,14.88,14.64,14.76,14.76,3175352
2004-03-18,14.98,15.1,14.86,14.98,14.98,6517734
2004-03-19,15.36,15.48,15.24,15.36,15.36,1631413
2004-03-22,15.15,15.27,15.03,15.15,15.15,6299995
2004-03-23,15.18,15.3,15.05,15.18,15.18,3998903
2004-03-24,15.06,15.18,14.94,15.06,15.06,5924958
2004-03-25,15.46,15.58,15.33,15.46,15.46,6551749
2004-03-26,15.63,15.76,15.51,15.63,15.63,6324670
2004-03-29,15.99,16.12,15.86,15.99,15.99,9568740
2004-03-30,16.16,16.29,16.03,16.16,16.16,6873338
2004-03-31,16.24,16.37,16.11,16.24,16.24,3849879
2004-04-01,15.8,15.92,15.67,15.8,15.8,3229006
2004-04-02,15.89,16.02,15.77,15.89,15.89,4093525
2004-04-05,15.97,16.1,15.84,15.97,15.97,8047079
2004-04-06,16.04,16.16,15.91,16.04,16.04,3822974
2004-04-07,15.74,15.86,15.61,15.74,15.74,3511755
2004-04-08,15.78,15.91,15.66,15.78,15.78,4389997
2004-04-09,15.66,15.79,15.54,15.66,15.66,7091150
2004-04-12,15.82,15.95,15.7,15.82,15.82,8619512
2004-04-13,16.16,16.29,16.03,16.16,16.16,5543731
2004-04-14,16.58,16.71,16.44,16.58,16.58,5842841
2004-04-15,16.8,16.94,16.67,16.8,16.8,10812575
2004-04-16,16.61,16.74,16.47,16.61,16.61,10906470
2004-04-19,16.64,16.77,16.51,16.64,16.64,7054171
2004-04-20,16.9,17.04,16.77,16.9,16.9,3815562
2004-04-21,16.66,16.79,16.52,16.66,16.66,4856636
2004-04-22,16.71,16.84,16.57,16.71,16.71,4468739
2004-04-23,16.68,16.81,16.54,16.68,16.68,2753324
2004-04-26,16.6,16.73,16.46,16.6,16.6,5654694
2004-04-27,16.93,17.07,16.8,16.93,16.93,9774845
2004-04-28,16.97,17.11,16.84,16.97,16.97,4277486
2004-04-29,16.99,17.12,16.85,16.99,16.99,7195005
2004-04-30,17.54,17.68,17.4,17.54,17.54,4516662
2004-05-03,18.12,18.27,17.98,18.12,18.12,12254998
2004-05-04,17.47,17.61,17.33,17.47,17.47,10862918
2004-05-05,17.24,17.38,17.1,17.24,17.24,9944663
2004-05-06,17.13,17.27,16.99,17.13,17.13,6996647
2004-05-07,17.29,17.43,17.16,17.29,17.29,6908276
2004-05-10,16.82,16.95,16.69,16.82,16.82,6025939
2004-05-11,17.31,17.44,17.17,17.31,17.31,7458466
2004-05-12,17.31,17.45,17.17,17.31,17.31,5254469
2004-05-13,17.23,17.37,17.09,17.23,17.23,5034994
2004-05-14,16.91,17.05,16.78,16.91,16.91,4349147
2004-05-17,17.08,17.21,16.94,17.08,17.08,4869645
2004-05-18,17.05,17.19,16.91,17.05,17.05,5833927
2004-05-19,16.76,16.89,16.62,16.76,16.76,4088515
2004-05-20,17.02,17.16,16.89,17.02,17.02,4233211
2004-05-21,17.03,17.16,16.89,17.03,17.03,4403424
2004-05-24,17.0,17.14,16.87,17.0,17.0,5128134
2004-05-25,17.36,17.5,17.22,17.36,17.36,7130366
2004-05-26,17.05,17.19,16.91,17.05,17.05,5004612
2004-05-27,16.81,16.95,16.68,16.81,16.81,5730651
2004-05-28,16.95,17.09,16.82,16.95,16.95,8257104
2004-05-31,16.67,16.8,16.54,16.67,16.67,6394855
2004-06-01,16.96,17.1,16.82,16.96,16.96,7219808
2004-06-02,17.38,17.52,17.24,17.38,17.38,5551125
2004-06-03,17.42,17.56,17.28,17.42,17.42,5720300
2004-06-04,16.91,17.04,16.77,16.91,16.91,5333780
2004-06-07,16.94,17.08,16.81,16.94,16.94,4368423
2004-06-08,16.81,16.94,16.67,16.81,16.81,8060892
2004-06-09,16.72,16.86,16.59,16.72,16.72,7583094
2004-06-10,17.08,17.21,16.94,17.08,17.08,3610922
2004-06-11,16.51,16.65,16.38,16.51,16.51,11361216
2004-06-14,16.55,16.68,16.42,16.55,16.55,6451608
2004-06-15,16.44,16.57,16.31,16.44,16.44,3605094
2004-06-16,16.37,16.5,16.24,16.37,16.37,4944813
2004-06-17,16.35,16.48,16.22,16.35,16.35,3868502
2004-06-18,16.28,16.41,16.15,16.28,16.28,4015588
2004-06-21,16.38,16.52,16.25,16.38,16.38,6628355
2004-06-22,16.43,16.56,16.3,16.43,16.43,2947405
2004-06-23,16.06,16.19,15.93,16.06,16.06,4184079
2004-06-24,15.9,16.02,15.77,15.9,15.9,6804496
2004-06-25,15.72,15.84,15.59,15.72,15.72,10022746
2004-06-28,16.15,16.28,16.02,16.15,16.15,4918558
2004-06-29,16.07,16.2,15.94,16.07,16.07,3704009
2004-06-30,16.15,16.28,16.02,16.15,16.15,6141261
2004-07-01,16.35,16.48,16.22,16.35,16.35,8361478
2004-07-02,16.51,16.65,16.38,16.51,16.51,7541967
2004-07-05,16.91,17.05,16.78,16.91,16.91,6475850
2004-07-06,17.18,17.32,17.04,17.18,17.18,8114817
2004-07-07,17.34,17.48,17.2,17.34,17.34,5237335
2004-07-08,17.15,17.28,17.01,17.15,17.15,7045162
2004-07-09,17.33,17.47,17.19,17.33,17.33,7154107
2004-07-12,17.52,17.66,17.38,17.52,17.52,3883774
2004-07-13,17.63,17.77,17.49,17.63,17.63,6705732
2004-07-14,17.88,18.02,17.73,17.88,17.88,4762594
2004-07-15,17.94,18.08,17.8,17.94,17.94,5067510
2004-07-16,18.09,18.23,17.94,18.09,18.09,6171697
2004-07-19,18.02,18.16,17.88,18.02,18.02,6190569
2004-07-20,17.56,17.71,17.42,17.56,17.56,9477758
2004-07-21,17.03,17.16,16.89,17.03,17.03,6328312
2004-07-22,17.32,17.45,17.18,17.32,17.32,6649933
2004-07-23,17.82,17.96,17.68,17.82,17.82,6508680
2004-07-26,17.83,17.97,17.69,17.83,17.83,4557725
2004-07-27,18.35,18.49,18.2,18.35,18.35,6376521
2004-07-28,18.26,18.41,18.12,18.26,18.26,7836218
2004-07-29,18.29,18.44,18.14,18.29,18.29,5791686
2004-07-30,17.94,18.09,17.8,17.94,17.94,11718484
2004-08-02,17.93,18.08,17.79,17.93,17.93,8902301
2004-08-03,18.22,18.36,18.07,18.22,18.22,4859940
2004-08-04,18.08,18.23,17.94,18.08,18.08,3738181
2004-08-05,18.2,18.35,18.06,18.2,18.2,4833959
2004-08-06,18.22,18.36,18.07,18.22,18.22,4307728
2004-08-09,18.41,18.56,18.26,18.41,18.41,2390945
2004-08-10,18.22,18.36,18.07,18.22,18.22,5531107
2004-08-11,18.4,18.54,18.25,18.4,18.4,6031421
2004-08-12,18.23,18.37,18.08,18.23,18.23,4200383
2004-08-13,18.55,18.7,18.4,18.55,18.55,5387262
2004-08-16,18.18,18.33,18.04,18.18,18.18,5420558
2004-08-17,18.21,18.36,18.07,18.21,18.21,5662319
2004-08-18,18.11,18.26,17.97,18.11,18.11,3977976
2004-08-19,18.31,18.45,18.16,18.31,18.31,4506795
2004-08-20,18.19,18.34,18.05,18.19,18.19,4581822
2004-08-23,18.86,19.01,18.71,18.86,18.86,7974982
2004-08-24,19.1,19.25,18.94,19.1,19.1,5528302
2004-08-25,18.59,18.74,18.44,18.59,18.59,5978116
2004-08-26,18.8,18.95,18.65,18.8,18.8,5937912
2004-08-27,19.09,19.24,18.93,19.09,19.09,2991987
2004-08-30,18.95,19.1,18.8,18.95,18.95,4765804
2004-08-31,18.72,18.87,18.57,18.72,18.72,4977304
2004-09-01,19.01,19.17,18.86,19.01,19.01,3329472
2004-09-02,18.99,19.14,18.84,18.99,18.99,4721507
2004-09-03,19.15,19.3,19.0,19.15,19.15,4043811
2004-09-06,19.29,19.44,19.13,19.29,19.29,5499809
2004-09-07,19.34,19.5,19.19,19.34,19.34,4763612
2004-09-08,19.77,19.93,19.61,19.77,19.77,5369028
2004-09-09,19.52,19.68,19.36,19.52,19.52,5224124
2004-09-10,18.83,18.98,18.68,18.83,18.83,13184150
2004-09-13,18.94,19.09,18.78,18.94,18.94,4590892
2004-09-14,18.91,19.07,18.76,18.91,18.91,5603141
2004-09-15,18.97,19.12,18.81,18.97,18.97,4281391
2004-09-16,19.2,19.35,19.05,19.2,19.2,11058385
2004-09-17,19.15,19.31,19.0,19.15,19.15,3910697
2004-09-20,19.35,19.5,19.19,19.35,19.35,6509950
2004-09-21,19.36,19.52,19.21,19.36,19.36,8750725
2004-09-22,20.1,20.26,19.94,20.1,20.1,4579150
2004-09-23,19.88,20.04,19.72,19.88,19.88,8814956
2004-09-24,19.77,19.93,19.61,19.77,19.77,4064054
2004-09-27,19.77,19.93,19.61,19.77,19.77,6489436
2004-09-28,19.87,20.03,19.71,19.87,19.87,3978287
2004-09-29,19.74,19.9,19.58,19.74,19.74,7750437
2004-09-30,19.64,19.8,19.49,19.64,19.64,14470549
2004-10-01,19.98,20.14,19.82,19.98,19.98,3905192
2004-10-04,19.42,19.58,19.27,19.42,19.42,6885156
2004-10-05,19.32,19.47,19.16,19.32,19.32,6153187
2004-10-06,19.58,19.74,19.43,19.58,19.58,6599180
2004-10-07,18.85,19.0,18.7,18.85,18.85,6344075
2004-10-08,19.0,19.15,18.85,19.0,19.0,5238009
2004-10-11,18.9,19.05,18.75,18.9,18.9,4769676
2004-10-12,18.66,18.81,18.51,18.66,18.66,7750429
2004-10-13,18.77,18.92,18.62,18.77,18.77,6384607
2004-10-14,18.63,18.78,18.48,18.63,18.63,8172861
2004-10-15,19.12,19.27,18.97,19.12,19.12,5882146
2004-10-18,19.19,19.34,19.03,19.19,19.19,4785631
2004-10-19,19.43,19.58,19.27,19.43,19.43,5556094
2004-10-20,19.52,19.68,19.37,19.52,19.52,3327500
2004-10-21,19.54,19.7,19.38,19.54,19.54,5635617
2004-10-22,19.3,19.46,19.15,19.3,19.3,10513758
2004-10-25,19.1,19.25,18.95,19.1,19.1,6458517
2004-10-26,19.76,19.92,19.6,19.76,19.76,4500588
2004-10-27,19.72,19.88,19.56,19.72,19.72,3645833
2004-10-28,19.84,20.0,19.68,19.84,19.84,4132383
2004-10-29,20.1,20.26,19.94,20.1,20.1,4419877
2004-11-01,19.55,19.71,19.4,19.55,19.55,5724260
2004-11-02,19.2,19.36,19.05,19.2,19.2,3532942
2004-11-03,19.1,19.26,18.95,19.1,19.1,4765677
2004-11-04,19.19,19.35,19.04,19.19,19.19,4111149
2004-11-05,19.33,19.48,19.17,19.33,19.33,2716473
2004-11-08,19.39,19.55,19.23,19.39,19.39,7392007
2004-11-09,19.5,19.65,19.34,19.5,19.5,5934767
2004-11-10,19.37,19.53,19.22,19.37,19.37,4450769
2004-11-11,19.32,19.48,19.17,19.32,19.32,4415591
2004-11-12,19.7,19.86,19.54,19.7,19.7,4877971
2004-11-15,19.51,19.66,19.35,19.51,19.51,6081892
2004-11-16,19.77,19.93,19.61,19.77,19.77,5649834
2004-11-17,19.36,19.51,19.2,19.36,19.36,4586711
2004-11-18,19.75,19.91,19.6,19.75,19.75,3994720
2004-11-19,20.35,20.51,20.19,20.35,20.35,5055440
2004-11-22,20.43,20.59,20.26,20.43,20.43,5918959
2004-11-23,20.45,20.62,20.29,20.45,20.45,5475032
2004-11-24,20.57,20.73,20.41,20.57,20.57,7110471
2004-11-25,20.51,20.68,20.35,20.51,20.51,5975561
2004-11-26,20.69,20.86,20.53,20.69,20.69,4641817
2004-11-29,21.08,21.24,20.91,21.08,21.08,6977343
2004-11-30,21.08,21.25,20.91,21.08,21.08,3446445
2004-12-01,20.57,20.73,20.4,20.57,20.57,4006380
2004-12-02,20.64,20.81,20.48,20.64,20.64,5510227
2004-12-03,20.62,20.79,20.46,20.62,20.62,6035064
2004-12-06,20.25,20.41,20.09,20.25,20.25,4897541
2004-12-07,20.46,20.62,20.3,20.46,20.46,10501044
2004-12-08,20.95,21.12,20.79,20.95,20.95,4166866
2004-12-09,21.42,21.59,21.25,21.42,21.42,3529448
2004-12-10,21.8,21.98,21.63,21.8,21.8,4263843
2004-12-13,21.98,22.15,21.8,21.98,21.98,4645467
2004-12-14,22.03,22.21,21.86,22.03,22.03,3973536
2004-12-15,21.97,22.15,21.8,21.97,21.97,5723149
2004-12-16,22.23,22.41,22.06,22.23,22.23,7601970
2004-12-17,22.33,22.51,22.16,22.33,22.33,7252123
2004-12-20,22.23,22.41,22.05,22.23,22.23,3992562
2004-12-21,21.89,22.07,21.72,21.89,21.89,4819390
2004-12-22,21.93,22.11,21.76,21.93,21.93,10899734
2004-12-23,21.68,21.86,21.51,21.68,21.68,3640813
2004-12-24,21.91,22.08,21.73,21.91,21.91,5814767
2004-12-27,21.88,22.06,21.71,21.88,21.88,2729570
2004-12-28,21.68,21.86,21.51,21.68,21.68,3019161
2004-12-29,21.38,21.56,21.21,21.38,21.38,4815019
2004-12-30,21.46,21.63,21.29,21.46,21.46,6378288
2004-12-31,20.89,21.06,20.72,20.89,20.89,6486297
2005-01-03,20.99,21.15,20.82,20.99,20.99,6601572
2005-01-04,20.54,20.7,20.37,20.54,20.54,4528925
2005-01-05,20.6,20.77,20.44,20.6,20.6,7282730
2005-01-06,20.58,20.74,20.41,20.58,20.58,1736474
2005-01-07,20.08,20.24,19.92,20.08,20.08,5342373
2005-01-10,20.01,20.17,19.85,20.01,20.01,3406417
2005-01-11,19.69,19.85,19.54,19.69,19.69,2378019
2005-01-12,19.79,19.95,19.63,19.79,19.79,5750389
2005-01-13,19.9,20.06,19.75,19.9,19.9,4422787
2005-01-14,19.56,19.72,19.41,19.56,19.56,5166618
2005-01-17,19.59,19.75,19.43,19.59,19.59,4798779
2005-01-18,19.35,19.5,19.19,19.35,19.35,3258728
2005-01-19,19.32,19.47,19.16,19.32,19.32,6637026
2005-01-20,19.39,19.54,19.23,19.39,19.39,5839971
2005-01-21,19.24,19.39,19.08,19.24,19.24,4373387
2005-01-24,19.41,19.57,19.26,19.41,19.41,6737829
2005-01-25,19.32,19.47,19.16,19.32,19.32,6352966
2005-01-26,19.67,19.82,19.51,19.67,19.67,3212708
2005-01-27,19.52,19.67,19.36,19.52,19.52,5942207
2005-01-28,19.89,20.04,19.73,19.89,19.89,4447189
2005-01-31,19.63,19.78,19.47,19.63,19.63,7842918
2005-02-01,19.64,19.8,19.49,19.64,19.64,6303527
2005-02-02,19.76,19.92,19.6,19.76,19.76,8675239
2005-02-03,19.93,20.09,19.77,19.93,19.93,3205863
2005-02-04,20.07,20.23,19.91,20.07,20.07,4889900
2005-02-07,20.16,20.32,20.0,20.16,20.16,4984521
2005-02-08,19.81,19.97,19.65,19.81,19.81,3026312
2005-02-09,19.73,19.89,19.58,19.73,19.73,7159876
2005-02-10,19.66,19.82,19.5,19.66,19.66,2926617
2005-02-11,19.98,20.14,19.82,19.98,19.98,3971234
2005-02-14,19.84,20.0,19.68,19.84,19.84,2239071
2005-02-15,20.12,20.28,19.96,20.12,20.12,3926357
2005-02-16,20.54,20.71,20.38,20.54,20.54,3134600
2005-02-17,20.08,20.24,19.92,20.08,20.08,9022651
2005-02-18,20.1,20.26,19.94,20.1,20.1,5989480
2005-02-21,20.28,20.44,20.11,20.28,20.28,6880499
2005-02-22,20.36,20.52,20.2,20.36,20.36,5605808
2005-02-23,20.64,20.81,20.48,20.64,20.64,11954461
2005-02-24,21.06,21.23,20.89,21.06,21.06,8772400
2005-02-25,20.44,20.6,20.28,20.44,20.44,3594409
2005-02-28,20.21,20.37,20.05,20.21,20.21,4784188
2005-03-01,19.74,19.89,19.58,19.74,19.74,5300270
2005-03-02,20.09,20.25,19.93,20.09,20.09,6516906
2005-03-03,20.04,20.2,19.88,20.04,20.04,6368872
2005-03-04,20.08,20.24,19.92,20.08,20.08,3571287
2005-03-07,20.15,20.31,19.99,20.15,20.15,5173310
2005-03-08,19.91,20.07,19.75,19.91,19.91,7004885
2005-03-09,19.99,20.15,19.83,19.99,19.99,8619916
2005-03-10,20.19,20.36,20.03,20.19,20.19,3420189
2005-03-11,20.06,20.22,19.9,20.06,20.06,4058846
2005-03-14,19.68,19.84,19.52,19.68,19.68,7055426
2005-03-15,19.4,19.55,19.24,19.4,19.4,5046168
2005-03-16,19.48,19.63,19.32,19.48,19.48,5241472
2005-03-17,20.01,20.17,19.85,20.01,20.01,4667378
2005-03-18,20.11,20.27,19.95,20.11,20.11,9861326
2005-03-21,19.91,20.07,19.75,19.91,19.91,8245669
2005-03-22,19.68,19.83,19.52,19.68,19.68,5925906
2005-03-23,19.86,20.02,19.7,19.86,19.86,6277822
2005-03-24,20.09,20.25,19.93,20.09,20.09,11622195
2005-03-25,19.77,19.93,19.61,19.77,19.77,3971203
2005-03-28,19.69,19.85,19.53,19.69,19.69,7717509
2005-03-29,19.5,19.66,19.35,19.5,19.5,5488056
2005-03-30,18.92,19.07,18.77,18.92,18.92,3126717
2005-03-31,19.14,19.29,18.99,19.14,19.14,3868428
2005-04-01,19.24,19.4,19.09,19.24,19.24,4841619
2005-04-04,18.91,19.06,18.76,18.91,18.91,8459955
2005-04-05,18.75,18.9,18.6,18.75,18.75,4649119
2005-04-06,18.72,18.87,18.57,18.72,18.72,9308477
2005-04-07,18.61,18.76,18.46,18.61,18.61,6394821
2005-04-08,18.42,18.56,18.27,18.42,18.42,3058992
2005-04-11,18.6,18.74,18.45,18.6,18.6,4372679
2005-04-12,18.11,18.26,17.97,18.11,18.11,6188010
2005-04-13,18.41,18.55,18.26,18.41,18.41,13797786
2005-04-14,18.57,18.72,18.43,18.57,18.57,3398000
2005-04-15,18.66,18.81,18.51,18.66,18.66,3604784
2005-04-18,18.55,18.7,18.4,18.55,18.55,11944818
2005-04-19,18.62,18.77,18.47,18.62,18.62,6333751
2005-04-20,18.84,18.99,18.69,18.84,18.84,3059525
2005-04-21,18.92,19.08,18.77,18.92,18.92,6490374
2005-04-22,19.05,19.2,18.9,19.05,19.05,5614598
2005-04-25,19.33,19.48,19.17,19.33,19.33,2482572
2005-04-26,19.42,19.57,19.26,19.42,19.42,6545853
2005-04-27,19.38,19.54,19.23,19.38,19.38,6543897
2005-04-28,19.35,19.51,19.2,19.35,19.35,8140470
2005-04-29,19.3,19.45,19.15,19.3,19.3,6878281
2005-05-02,19.33,19.48,19.17,19.33,19.33,5366934
2005-05-03,19.9,20.06,19.74,19.9,19.9,7174286
2005-05-04,20.16,20.32,20.0,20.16,20.16,4036576
2005-05-05,19.75,19.9,19.59,19.75,19.75,5391610
2005-05-06,19.64,19.8,19.49,19.64,19.64,8887604
2005-05-09,19.53,19.68,19.37,19.53,19.53,8422502
2005-05-10,19.44,19.59,19.28,19.44,19.44,2239016
2005-05-11,19.08,19.23,18.92,19.08,19.08,4853626
2005-05-12,19.08,19.23,18.93,19.08,19.08,4947671
2005-05-13,19.06,19.22,18.91,19.06,19.06,3715769
2005-05-16,19.08,19.23,18.93,19.08,19.08,7500319
2005-05-17,19.23,19.38,19.07,19.23,19.23,4024424
2005-05-18,19.12,19.27,18.97,19.12,19.12,4081179
2005-05-19,19.26,19.42,19.11,19.26,19.26,2644356
2005-05-20,18.96,19.11,18.81,18.96,18.96,13371618
2005-05-23,19.25,19.41,19.1,19.25,19.25,6860092
2005-05-24,19.27,19.42,19.11,19.27,19.27,5696916
2005-05-25,19.41,19.56,19.25,19.41,19.41,3199657
2005-05-26,19.8,19.96,19.64,19.8,19.8,5092975
2005-05-27,19.84,20.0,19.68,19.84,19.84,3733185
2005-05-30,20.05,20.21,19.89,20.05,20.05,4241520
2005-05-31,20.03,20.19,19.87,20.03,20.03,6065338
2005-06-01,20.17,20.33,20.01,20.17,20.17,11421994
2005-06-02,20.01,20.17,19.85,20.01,20.01,4904554
2005-06-03,20.02,20.18,19.86,20.02,20.02,6912631
2005-06-06,20.23,20.4,20.07,20.23,20.23,7830825
2005-06-07,20.71,20.88,20.54,20.71,20.71,6036578
2005-06-08,20.66,20.83,20.5,20.66,20.66,4089336
2005-06-09,21.12,21.29,20.95,21.12,21.12,6811484
2005-06-10,20.94,21.11,20.78,20.94,20.94,5280744
2005-06-13,21.1,21.27,20.93,21.1,21.1,2581924
2005-06-14,20.8,20.96,20.63,20.8,20.8,5946851
2005-06-15,20.83,20.99,20.66,20.83,20.83,3417794
2005-06-16,20.33,20.5,20.17,20.33,20.33,4169693
2005-06-17,20.44,20.6,20.27,20.44,20.44,4573984
2005-06-20,20.1,20.26,19.94,20.1,20.1,3258871
2005-06-21,19.87,20.03,19.71,19.87,19.87,3468983
2005-06-22,19.99,20.15,19.83,19.99,19.99,4685972
2005-06-23,21.02,21.18,20.85,21.02,21.02,6847307
2005-06-24,20.6,20.77,20.44,20.6,20.6,5112844
2005-06-27,20.74,20.9,20.57,20.74,20.74,4843240
2005-06-28,20.97,21.14,20.81,20.97,20.97,5866590
2005-06-29,21.02,21.19,20.85,21.02,21.02,3690903
2005-06-30,21.52,21.7,21.35,21.52,21.52,3293268
2005-07-01,21.3,21.47,21.13,21.3,21.3,3509943
2005-07-04,21.68,21.85,21.5,21.68,21.68,5755660
2005-07-05,21.85,22.02,21.67,21.85,21.85,2801166
2005-07-06,21.83,22.01,21.66,21.83,21.83,7980184
2005-07-07,22.07,22.25,21.9,22.07,22.07,8255446
2005-07-08,22.02,22.19,21.84,22.02,22.02,4813338
2005-07-11,21.75,21.93,21.58,21.75,21.75,5159937
2005-07-12,21.53,21.7,21.35,21.53,21.53,5131767
2005-07-13,21.83,22.01,21.66,21.83,21.83,6808639
2005-07-14,21.83,22.0,21.65,21.83,21.83,3413267
2005-07-15,22.01,22.19,21.84,22.01,22.01,5496194
2005-07-18,22.14,22.32,21.96,22.14,22.14,3526644
2005-07-19,22.54,22.72,22.36,22.54,22.54,3931165
2005-07-20,21.8,21.97,21.62,21.8,21.8,5185575
2005-07-21,21.69,21.86,21.52,21.69,21.69,2838272
2005-07-22,21.21,21.38,21.04,21.21,21.21,5642742
2005-07-25,21.59,21.76,21.41,21.59,21.59,4642950
2005-07-26,21.55,21.72,21.38,21.55,21.55,2982906
2005-07-27,22.09,22.27,21.91,22.09,22.09,4250325
2005-07-28,21.97,22.15,21.8,21.97,21.97,5043440
2005-07-29,22.19,22.37,22.01,22.19,22.19,6984434
2005-08-01,21.76,21.94,21.59,21.76,21.76,5001630
2005-08-02,22.0,22.18,21.83,22.0,22.0,7416775
2005-08-03,22.39,22.57,22.21,22.39,22.39,9020290
2005-08-04,23.05,23.23,22.86,23.05,23.05,3890406
2005-08-05,22.72,22.9,22.54,22.72,22.72,6364611
2005-08-08,22.42,22.6,22.24,22.42,22.42,5375277
2005-08-09,22.52,22.7,22.34,22.52,22.52,3779754
2005-08-10,22.53,22.72,22.35,22.53,22.53,2682643
2005-08-11,22.13,22.31,21.95,22.13,22.13,3315353
2005-08-12,22.7,22.88,22.52,22.7,22.7,5994421
2005-08-15,22.33,22.51,22.15,22.33,22.33,9024611
2005-08-16,22.91,23.09,22.72,22.91,22.91,4999167
2005-08-17,22.65,22.83,22.47,22.65,22.65,2947887
2005-08-18,23.43,23.62,23.24,23.43,23.43,7018969
2005-08-19,22.96,23.15,22.78,22.96,22.96,5264880
2005-08-22,23.46,23.65,23.28,23.46,23.46,8406865
2005-08-23,22.77,22.96,22.59,22.77,22.77,6684629
2005-08-24,21.86,22.03,21.68,21.86,21.86,3972348
2005-08-25,21.64,21.81,21.46,21.64,21.64,3672236
2005-08-26,21.54,21.71,21.37,21.54,21.54,12074561
2005-08-29,21.55,21.73,21.38,21.55,21.55,1995213
2005-08-30,21.87,22.04,21.69,21.87,21.87,4342882
2005-08-31,21.46,21.63,21.29,21.46,21.46,11699475
2005-09-01,21.61,21.78,21.44,21.61,21.61,1700031
2005-09-02,21.46,21.63,21.29,21.46,21.46,6066329
2005-09-05,22.02,22.2,21.84,22.02,22.02,7177560
2005-09-06,22.1,22.28,21.92,22.1,22.1,4058944
2005-09-07,21.75,21.92,21.57,21.75,21.75,11021732
2005-09-08,21.94,22.12,21.77,21.94,21.94,7141926
2005-09-09,21.84,22.02,21.67,21.84,21.84,3563505
2005-09-12,22.48,22.66,22.3,22.48,22.48,6519479
2005-09-13,21.96,22.14,21.79,21.96,21.96,7832526
2005-09-14,21.95,22.12,21.77,21.95,21.95,3966311
2005-09-15,21.53,21.7,21.35,21.53,21.53,6644020
2005-09-16,21.73,21.9,21.56,21.73,21.73,7190817
2005-09-19,21.72,21.9,21.55,21.72,21.72,6253379
2005-09-20,21.89,22.06,21.71,21.89,21.89,8644646
2005-09-21,21.56,21.73,21.39,21.56,21.56,4082735
2005-09-22,21.27,21.44,21.1,21.27,21.27,6565971
2005-09-23,21.0,21.17,20.83,21.0,21.0,3443497
2005-09-26,21.42,21.6,21.25,21.42,21.42,5206115
2005-09-27,20.78,20.95,20.61,20.78,20.78,3985488
2005-09-28,20.96,21.13,20.79,20.96,20.96,3528532
2005-09-29,21.06,21.23,20.89,21.06,21.06,1640752
2005-09-30,20.99,21.16,20.82,20.99,20.99,5997921
2005-10-03,20.5,20.67,20.34,20.5,20.5,4614806
2005-10-04,20.43,20.59,20.26,20.43,20.43,12257601
2005-10-05,20.28,20.45,20.12,20.28,20.28,5944011
2005-10-06,20.45,20.61,20.29,20.45,20.45,7309390
2005-10-07,21.15,21.31,20.98,21.15,21.15,4022025
2005-10-10,21.13,21.3,20.96,21.13,21.13,5318102
2005-10-11,21.29,21.46,21.12,21.29,21.29,7634716
2005-10-12,21.18,21.35,21.01,21.18,21.18,5672821
2005-10-13,21.3,21.48,21.13,21.3,21.3,5306929
2005-10-14,21.26,21.43,21.09,21.26,21.26,7220775
2005-10-17,21.32,21.49,21.15,21.32,21.32,4844233
2005-10-18,20.56,20.72,20.39,20.56,20.56,6774000
2005-10-19,20.54,20.7,20.37,20.54,20.54,5427748
2005-10-20,20.69,20.86,20.53,20.69,20.69,4487552
2005-10-21,20.82,20.99,20.66,20.82,20.82,3781295
2005-10-24,20.61,20.78,20.45,20.61,20.61,3317911
2005-10-25,20.59,20.75,20.42,20.59,20.59,5741296
2005-10-26,20.75,20.91,20.58,20.75,20.75,4751894
2005-10-27,21.29,21.46,21.12,21.29,21.29,7703155
2005-10-28,21.5,21.67,21.32,21.5,21.5,5736661
2005-10-31,21.37,21.54,21.2,21.37,21.37,3489734
2005-11-01,21.32,21.49,21.15,21.32,21.32,4001763
2005-11-02,21.48,21.65,21.31,21.48,21.48,13405576
2005-11-03,21.39,21.56,21.22,21.39,21.39,5158260
2005-11-04,21.17,21.34,21.0,21.17,21.17,2117263
2005-11-07,21.08,21.25,20.91,21.08,21.08,8834800
2005-11-08,21.24,21.41,21.07,21.24,21.24,11248471
2005-11-09,20.73,20.9,20.57,20.73,20.73,9235046
2005-11-10,20.6,20.77,20.44,20.6,20.6,4957346
2005-11-11,20.42,20.58,20.25,20.42,20.42,6599363
2005-11-14,19.79,19.95,19.64,19.79,19.79,8284950
2005-11-15,19.53,19.69,19.37,19.53,19.53,2777239
2005-11-16,19.58,19.74,19.43,19.58,19.58,7190243
2005-11-17,19.73,19.89,19.57,19.73,19.73,2655026
2005-11-18,20.12,20.28,19.95,20.12,20.12,7960900
2005-11-21,19.74,19.9,19.58,19.74,19.74,3694324
2005-11-22,20.08,20.24,19.92,20.08,20.08,7309126
2005-11-23,19.9,20.06,19.74,19.9,19.9,9254347
2005-11-24,19.53,19.68,19.37,19.53,19.53,2646458
2005-11-25,19.42,19.58,19.27,19.42,19.42,3805723
2005-11-28,19.63,19.79,19.48,19.63,19.63,8506171
2005-11-29,19.75,19.91,19.59,19.75,19.75,2435433
2005-11-30,19.75,19.91,19.59,19.75,19.75,6746170
2005-12-01,19.44,19.59,19.28,19.44,19.44,1563301
2005-12-02,18.87,19.02,18.71,18.87,18.87,3450406
2005-12-05,18.83,18.98,18.68,18.83,18.83,5436695
2005-12-06,18.82,18.97,18.67,18.82,18.82,3726439
2005-12-07,18.91,19.06,18.76,18.91,18.91,4157601
2005-12-08,19.09,19.24,18.93,19.09,19.09,9633685
2005-12-09,19.22,19.37,19.06,19.22,19.22,8518571
2005-12-12,19.66,19.82,19.51,19.66,19.66,4230494
2005-12-13,19.99,20.15,19.83,19.99,19.99,4657607
2005-12-14,19.95,20.11,19.79,19.95,19.95,4991151
2005-12-15,19.47,19.63,19.31,19.47,19.47,4373605
2005-12-16,19.1,19.25,18.94,19.1,19.1,4172390
2005-12-19,18.93,19.08,18.77,18.93,18.93,4507581
2005-12-20,18.98,19.13,18.83,18.98,18.98,3272201
2005-12-21,18.98,19.13,18.83,18.98,18.98,4013043
2005-12-22,18.95,19.1,18.8,18.95,18.95,5326579
2005-12-23,19.2,19.35,19.04,19.2,19.2,13816344
2005-12-26,18.84,18.99,18.69,18.84,18.84,4475960
2005-12-27,18.87,19.02,18.72,18.87,18.87,7769696
2005-12-28,18.52,18.67,18.37,18.52,18.52,3689701
2005-12-29,18.32,18.46,18.17,18.32,18.32,3477495
2005-12-30,18.39,18.53,18.24,18.39,18.39,5524143
2006-01-02,18.42,18.57,18.27,18.42,18.42,3924970
2006-01-03,18.54,18.69,18.39,18.54,18.54,7144981
2006-01-04,18.62,18.77,18.47,18.62,18.62,3929208
2006-01-05,18.61,18.76,18.46,18.61,18.61,9839038
2006-01-06,18.96,19.11,18.81,18.96,18.96,8949271
2006-01-09,18.77,18.92,18.62,18.77,18.77,4424508
2006-01-10,19.0,19.15,18.84,19.0,19.0,3910908
2006-01-11,18.88,19.03,18.73,18.88,18.88,5896728
2006-01-12,18.69,18.84,18.54,18.69,18.69,8049673
2006-01-13,18.39,18.54,18.24,18.39,18.39,5673766
2006-01-16,18.68,18.83,18.53,18.68,18.68,2684758
2006-01-17,18.71,18.86,18.56,18.71,18.71,5361307
2006-01-18,18.33,18.48,18.18,18.33,18.33,8720878
2006-01-19,18.33,18.48,18.19,18.33,18.33,9297263
2006-01-20,18.42,18.57,18.27,18.42,18.42,4928732
2006-01-23,18.42,18.57,18.27,18.42,18.42,8145681
2006-01-24,18.23,18.37,18.08,18.23,18.23,5327682
2006-01-25,18.51,18.66,18.36,18.51,18.51,3366608
2006-01-26,18.62,18.77,18.48,18.62,18.62,5966063
2006-01-27,18.49,18.64,18.34,18.49,18.49,4395973
2006-01-30,18.68,18.83,18.53,18.68,18.68,7874710
2006-01-31,18.9,19.05,18.75,18.9,18.9,7836264
2006-02-01,18.91,19.06,18.75,18.91,18.91,5731245
2006-02-02,19.41,19.56,19.25,19.41,19.41,3232021
2006-02-03,19.17,19.32,19.02,19.17,19.17,6856593
2006-02-06,19.08,19.24,18.93,19.08,19.08,7033203
2006-02-07,19.47,19.62,19.31,19.47,19.47,3478056
2006-02-08,19.66,19.82,19.5,19.66,19.66,4208890
2006-02-09,19.22,19.37,19.07,19.22,19.22,5729805
2006-02-10,19.56,19.71,19.4,19.56,19.56,6698502
2006-02-13,18.92,19.07,18.77,18.92,18.92,5005775
2006-02-14,18.58,18.73,18.44,18.58,18.58,4634243
2006-02-15,18.62,18.77,18.47,18.62,18.62,5438374
2006-02-16,18.68,18.83,18.53,18.68,18.68,5930688
2006-02-17,18.27,18.41,18.12,18.27,18.27,7267854
2006-02-20,18.6,18.75,18.45,18.6,18.6,3845151
2006-02-21,18.23,18.38,18.08,18.23,18.23,2675276
2006-02-22,17.93,18.07,17.79,17.93,17.93,5151159
2006-02-23,17.95,18.09,17.81,17.95,17.95,4222462
2006-02-24,17.81,17.96,17.67,17.81,17.81,3230152
2006-02-27,18.03,18.17,17.89,18.03,18.03,4531627
2006-02-28,18.52,18.67,18.37,18.52,18.52,3895945
2006-03-01,18.8,18.95,18.65,18.8,18.8,4983715
2006-03-02,19.43,19.59,19.28,19.43,19.43,5379255
2006-03-03,19.55,19.71,19.4,19.55,19.55,5535015
2006-03-06,19.1,19.25,18.94,19.1,19.1,3356386
2006-03-07,18.99,19.14,18.84,18.99,18.99,9870846
2006-03-08,19.48,19.64,19.33,19.48,19.48,5261764
2006-03-09,19.83,19.99,19.67,19.83,19.83,7641198
2006-03-10,19.73,19.88,19.57,19.73,19.73,4856441
2006-03-13,19.76,19.92,19.61,19.76,19.76,7451301
2006-03-14,19.43,19.58,19.27,19.43,19.43,5539661
2006-03-15,19.12,19.27,18.96,19.12,19.12,5064795
2006-03-16,19.45,19.61,19.3,19.45,19.45,5833941
2006-03-17,19.29,19.45,19.14,19.29,19.29,4210172
2006-03-20,19.17,19.32,19.01,19.17,19.17,9446422
2006-03-21,19.48,19.64,19.33,19.48,19.48,4006576
2006-03-22,20.17,20.33,20.01,20.17,20.17,6641015
2006-03-23,20.43,20.6,20.27,20.43,20.43,6771769
2006-03-24,20.5,20.66,20.34,20.5,20.5,6521026
2006-03-27,20.09,20.25,19.93,20.09,20.09,5149607
2006-03-28,20.16,20.33,20.0,20.16,20.16,2724900
2006-03-29,19.97,20.13,19.81,19.97,19.97,3330789
2006-03-30,19.61,19.77,19.46,19.61,19.61,4359736
2006-03-31,19.57,19.73,19.41,19.57,19.57,8116335
2006-04-03,19.22,19.37,19.06,19.22,19.22,2168699
2006-04-04,19.01,19.17,18.86,19.01,19.01,4479096
2006-04-05,18.47,18.62,18.32,18.47,18.47,7025165
2006-04-06,18.54,18.69,18.39,18.54,18.54,6162234
2006-04-07,18.72,18.87,18.57,18.72,18.72,8242546
2006-04-10,18.56,18.71,18.41,18.56,18.56,6441299
2006-04-11,18.73,18.88,18.58,18.73,18.73,3191751
2006-04-12,18.8,18.95,18.65,18.8,18.8,5406943
2006-04-13,19.08,19.23,18.92,19.08,19.08,5498499
2006-04-14,19.53,19.68,19.37,19.53,19.53,5852027
2006-04-17,19.3,19.46,19.15,19.3,19.3,3473636
2006-04-18,19.25,19.41,19.1,19.25,19.25,4018661
2006-04-19,19.24,19.39,19.09,19.24,19.24,6514547
2006-04-20,19.22,19.37,19.06,19.22,19.22,5901774
2006-04-21,18.96,19.12,18.81,18.96,18.96,4430030
2006-04-24,18.88,19.03,18.73,18.88,18.88,10277415
2006-04-25,19.02,19.17,18.87,19.02,19.02,6282037
2006-04-26,19.32,19.47,19.17,19.32,19.32,4963571
2006-04-27,19.46,19.61,19.3,19.46,19.46,5323314
2006-04-28,19.14,19.29,18.99,19.14,19.14,9323417
2006-05-01,18.83,18.98,18.68,18.83,18.83,5529599
2006-05-02,19.09,19.25,18.94,19.09,19.09,7226554
2006-05-03,19.59,19.74,19.43,19.59,19.59,3313685
2006-05-04,19.37,19.53,19.22,19.37,19.37,8121405
2006-05-05,19.44,19.59,19.28,19.44,19.44,10583950
2006-05-08,19.54,19.7,19.38,19.54,19.54,3904126
2006-05-09,19.33,19.48,19.17,19.33,19.33,9690964
2006-05-10,19.7,19.86,19.54,19.7,19.7,3879923
2006-05-11,19.57,19.72,19.41,19.57,19.57,4690857
2006-05-12,19.38,19.53,19.22,19.38,19.38,8262857
2006-05-15,19.56,19.71,19.4,19.56,19.56,5943859
2006-05-16,19.22,19.38,19.07,19.22,19.22,3853113
2006-05-17,19.13,19.29,18.98,19.13,19.13,4330408
2006-05-18,19.26,19.41,19.1,19.26,19.26,2899693
2006-05-19,19.06,19.21,18.9,19.06,19.06,5556729
2006-05-22,19.28,19.44,19.13,19.28,19.28,3995694
2006-05-23,19.85,20.0,19.69,19.85,19.85,7630642
2006-05-24,19.47,19.63,19.32,19.47,19.47,6379545
2006-05-25,19.35,19.5,19.19,19.35,19.35,4158426
2006-05-26,19.59,19.75,19.43,19.59,19.59,14607084
2006-05-29,20.34,20.5,20.18,20.34,20.34,7313548
2006-05-30,20.32,20.48,20.16,20.32,20.32,6620604
2006-05-31,20.11,20.27,19.95,20.11,20.11,9380595
2006-06-01,20.22,20.38,20.06,20.22,20.22,7501577
2006-06-02,20.23,20.4,20.07,20.23,20.23,4519579
2006-06-05,20.27,20.43,20.1,20.27,20.27,5781527
2006-06-06,20.45,20.61,20.28,20.45,20.45,6387304
2006-06-07,20.43,20.6,20.27,20.43,20.43,5803573
2006-06-08,20.28,20.44,20.11,20.28,20.28,4884691
2006-06-09,20.26,20.43,20.1,20.26,20.26,2864588
2006-06-12,20.7,20.87,20.54,20.7,20.7,7288001
2006-06-13,20.29,20.45,20.12,20.29,20.29,6252934
2006-06-14,20.47,20.63,20.3,20.47,20.47,4593597
2006-06-15,20.53,20.7,20.37,20.53,20.53,3584995
2006-06-16,20.37,20.53,20.21,20.37,20.37,5593767
2006-06-19,20.43,20.59,20.26,20.43,20.43,5056667
2006-06-20,20.48,20.65,20.32,20.48,20.48,13332786
2006-06-21,20.24,20.4,20.08,20.24,20.24,8463564
2006-06-22,19.64,19.8,19.49,19.64,19.64,6009435
2006-06-23,19.31,19.47,19.16,19.31,19.31,5328266
2006-06-26,19.1,19.25,18.95,19.1,19.1,8527937
2006-06-27,19.33,19.48,19.17,19.33,19.33,2968949
2006-06-28,19.63,19.79,19.47,19.63,19.63,3507995
2006-06-29,19.64,19.79,19.48,19.64,19.64,3291283
2006-06-30,19.4,19.56,19.25,19.4,19.4,5214477
2006-07-03,19.65,19.8,19.49,19.65,19.65,4472359
2006-07-04,19.29,19.45,19.14,19.29,19.29,5838880
2006-07-05,19.17,19.32,19.01,19.17,19.17,4928056
2006-07-06,19.49,19.64,19.33,19.49,19.49,3580606
2006-07-07,19.18,19.33,19.03,19.18,19.18,6252117
2006-07-10,19.28,19.43,19.12,19.28,19.28,1622564
2006-07-11,19.3,19.45,19.15,19.3,19.3,5324566
2006-07-12,19.28,19.43,19.12,19.28,19.28,3567169
2006-07-13,18.92,19.08,18.77,18.92,18.92,3976156
2006-07-14,18.86,19.01,18.7,18.86,18.86,4092380
2006-07-17,18.48,18.63,18.34,18.48,18.48,6370786
2006-07-18,18.67,18.82,18.52,18.67,18.67,3513280
2006-07-19,18.44,18.59,18.3,18.44,18.44,4880036
2006-07-20,18.26,18.41,18.12,18.26,18.26,10861763
2006-07-21,18.01,18.15,17.87,18.01,18.01,8525645
2006-07-24,18.31,18.46,18.16,18.31,18.31,5862796
2006-07-25,18.19,18.34,18.05,18.19,18.19,3865284
2006-07-26,18.46,18.6,18.31,18.46,18.46,4694025
2006-07-27,18.44,18.59,18.3,18.44,18.44,7985922
2006-07-28,18.73,18.88,18.58,18.73,18.73,2507565
2006-07-31,18.73,18.88,18.58,18.73,18.73,3256040
2006-08-01,18.34,18.49,18.2,18.34,18.34,7527986
2006-08-02,18.21,18.36,18.06,18.21,18.21,4863345
2006-08-03,18.52,18.67,18.37,18.52,18.52,6605700
2006-08-04,18.17,18.32,18.03,18.17,18.17,6256795
2006-08-07,18.4,18.54,18.25,18.4,18.4,2342775
2006-08-08,18.55,18.7,18.4,18.55,18.55,10898781
2006-08-09,18.44,18.59,18.29,18.44,18.44,9874678
2006-08-10,18.96,19.11,18.81,18.96,18.96,10275267
2006-08-11,19.24,19.39,19.09,19.24,19.24,7928046
2006-08-14,19.18,19.34,19.03,19.18,19.18,3495534
2006-08-15,19.57,19.73,19.41,19.57,19.57,2472350
2006-08-16,19.63,19.79,19.47,19.63,19.63,4839028
2006-08-17,19.38,19.53,19.22,19.38,19.38,7333928
2006-08-18,19.51,19.66,19.35,19.51,19.51,3511296
2006-08-21,19.65,19.81,19.49,19.65,19.65,5941461
2006-08-22,20.03,20.19,19.87,20.03,20.03,6393510
2006-08-23,20.05,20.21,19.89,20.05,20.05,8825169
2006-08-24,19.98,20.14,19.82,19.98,19.98,5024073
2006-08-25,20.17,20.33,20.01,20.17,20.17,10911276
2006-08-28,20.21,20.37,20.04,20.21,20.21,4910889
2006-08-29,20.17,20.33,20.01,20.17,20.17,8192701
2006-08-30,20.18,20.34,20.01,20.18,20.18,6883513
2006-08-31,20.35,20.51,20.18,20.35,20.35,4961239
2006-09-01,19.99,20.15,19.83,19.99,19.99,5646361
2006-09-04,20.4,20.57,20.24,20.4,20.4,4048869
2006-09-05,20.23,20.39,20.07,20.23,20.23,9065395
2006-09-06,20.47,20.64,20.31,20.47,20.47,4535573
2006-09-07,20.7,20.86,20.53,20.7,20.7,8482986
2006-09-08,20.67,20.84,20.51,20.67,20.67,2220080
2006-09-11,20.52,20.69,20.36,20.52,20.52,6532795
2006-09-12,20.44,20.6,20.27,20.44,20.44,6140230
2006-09-13,20.77,20.94,20.61,20.77,20.77,3273625
2006-09-14,21.22,21.39,21.05,21.22,21.22,6188727
2006-09-15,21.58,21.75,21.41,21.58,21.58,4093641
2006-09-18,21.59,21.76,21.42,21.59,21.59,5821419
2006-09-19,21.78,21.95,21.61,21.78,21.78,2390368
2006-09-20,21.84,22.01,21.66,21.84,21.84,3377810
2006-09-21,22.5,22.68,22.32,22.5,22.5,8907626
2006-09-22,22.58,22.76,22.4,22.58,22.58,6615657
2006-09-25,22.5,22.68,22.32,22.5,22.5,6780925
2006-09-26,22.59,22.78,22.41,22.59,22.59,6220655
2006-09-27,22.2,22.37,22.02,22.2,22.2,3952307
2006-09-28,22.03,22.2,21.85,22.03,22.03,3684152
2006-09-29,21.8,21.97,21.63,21.8,21.8,7535273
2006-10-02,21.76,21.93,21.59,21.76,21.76,2376222
2006-10-03,22.12,22.3,21.94,22.12,22.12,4196107
2006-10-04,22.2,22.37,22.02,22.2,22.2,5770744
2006-10-05,21.73,21.91,21.56,21.73,21.73,6915833
2006-10-06,22.04,22.22,21.86,22.04,22.04,2407085
2006-10-09,22.43,22.61,22.25,22.43,22.43,9026330
2006-10-10,22.51,22.69,22.33,22.51,22.51,7440330
2006-10-11,21.92,22.1,21.75,21.92,21.92,6142418
2006-10-12,21.82,22.0,21.65,21.82,21.82,4354108
2006-10-13,22.03,22.21,21.86,22.03,22.03,3182899
2006-10-16,21.44,21.61,21.27,21.44,21.44,4729636
2006-10-17,22.07,22.25,21.89,22.07,22.07,4563139
2006-10-18,21.84,22.01,21.66,21.84,21.84,5192671
2006-10-19,21.88,22.05,21.7,21.88,21.88,4700896
2006-10-20,21.28,21.45,21.11,21.28,21.28,7523789
2006-10-23,21.43,21.6,21.26,21.43,21.43,4386514
2006-10-24,21.35,21.52,21.18,21.35,21.35,8076986
2006-10-25,21.36,21.53,21.19,21.36,21.36,8467067
2006-10-26,21.48,21.65,21.31,21.48,21.48,5807120
2006-10-27,21.76,21.93,21.58,21.76,21.76,6769547
2006-10-30,21.85,22.02,21.67,21.85,21.85,7008632
2006-10-31,21.37,21.54,21.2,21.37,21.37,2643116
2006-11-01,21.68,21.85,21.5,21.68,21.68,3736746
2006-11-02,21.75,21.93,21.58,21.75,21.75,3825650
2006-11-03,21.85,22.03,21.68,21.85,21.85,4512863
2006-11-06,21.65,21.82,21.47,21.65,21.65,6960246
2006-11-07,21.93,22.11,21.75,21.93,21.93,4373925
2006-11-08,21.79,21.96,21.62,21.79,21.79,6239538
2006-11-09,21.78,21.95,21.6,21.78,21.78,6351175
2006-11-10,22.3,22.48,22.12,22.3,22.3,5843030
2006-11-13,22.56,22.74,22.38,22.56,22.56,19098188
2006-11-14,23.06,23.24,22.87,23.06,23.06,6904680
2006-11-15,22.78,22.97,22.6,22.78,22.78,3423363
2006-11-16,22.9,23.08,22.72,22.9,22.9,5785275
2006-11-17,22.58,22.76,22.4,22.58,22.58,5929659
2006-11-20,22.69,22.87,22.51,22.69,22.69,8057834
2006-11-21,22.18,22.36,22.0,22.18,22.18,5746222
2006-11-22,22.19,22.36,22.01,22.19,22.19,3397198
2006-11-23,22.43,22.61,22.25,22.43,22.43,6671890
2006-11-24,22.44,22.61,22.26,22.44,22.44,7949140
2006-11-27,22.64,22.82,22.46,22.64,22.64,10352389
2006-11-28,22.43,22.61,22.25,22.43,22.43,3655306
2006-11-29,22.41,22.59,22.23,22.41,22.41,8904776
2006-11-30,21.75,21.92,21.58,21.75,21.75,4560170
2006-12-01,21.27,21.44,21.1,21.27,21.27,11907952
2006-12-04,20.74,20.91,20.57,20.74,20.74,2668829
2006-12-05,21.32,21.49,21.15,21.32,21.32,4653058
2006-12-06,21.07,21.23,20.9,21.07,21.07,2553390
2006-12-07,20.88,21.05,20.71,20.88,20.88,5285051
2006-12-08,20.82,20.99,20.66,20.82,20.82,5368527
2006-12-11,21.12,21.29,20.95,21.12,21.12,6606185
2006-12-12,21.28,21.45,21.11,21.28,21.28,14437845
2006-12-13,20.83,21.0,20.67,20.83,20.83,6759437
2006-12-14,20.69,20.86,20.53,20.69,20.69,5694938
2006-12-15,21.02,21.19,20.85,21.02,21.02,3733354
2006-12-18,21.07,21.23,20.9,21.07,21.07,4247052
2006-12-19,20.72,20.89,20.56,20.72,20.72,8436667
2006-12-20,20.49,20.66,20.33,20.49,20.49,6865865
2006-12-21,20.41,20.57,20.24,20.41,20.41,2964295
2006-12-22,20.5,20.67,20.34,20.5,20.5,7516534
2006-12-25,20.82,20.98,20.65,20.82,20.82,4432841
2006-12-26,20.74,20.9,20.57,20.74,20.74,7596077
2006-12-27,21.15,21.32,20.98,21.15,21.15,8824162
2006-12-28,21.56,21.73,21.39,21.56,21.56,2536320
2006-12-29,21.38,21.55,21.2,21.38,21.38,4724284
2007-01-01,21.38,21.55,21.21,21.38,21.38,6628995
2007-01-02,21.36,21.53,21.19,21.36,21.36,3484988
2007-01-03,21.43,21.6,21.26,21.43,21.43,6754202
2007-01-04,21.21,21.38,21.04,21.21,21.21,11121221
2007-01-05,20.94,21.1,20.77,20.94,20.94,3935501
2007-01-08,21.05,21.22,20.88,21.05,21.05,4970003
2007-01-09,21.11,21.28,20.94,21.11,21.11,3842167
2007-01-10,21.07,21.24,20.9,21.07,21.07,5654168
2007-01-11,21.53,21.7,21.35,21.53,21.53,8723933
2007-01-12,21.52,21.69,21.35,21.52,21.52,3835534
2007-01-15,21.78,21.96,21.61,21.78,21.78,4522967
2007-01-16,22.01,22.18,21.83,22.01,22.01,7100295
2007-01-17,21.83,22.01,21.66,21.83,21.83,4269130
2007-01-18,21.69,21.86,21.52,21.69,21.69,4604634
2007-01-19,21.64,21.81,21.47,21.64,21.64,6046323
2007-01-22,21.4,21.57,21.23,21.4,21.4,4694733
2007-01-23,21.74,21.91,21.56,21.74,21.74,5085927
2007-01-24,21.68,21.85,21.51,21.68,21.68,5048188
2007-01-25,22.16,22.33,21.98,22.16,22.16,4397352
2007-01-26,21.93,22.1,21.75,21.93,21.93,4361751
2007-01-29,22.04,22.22,21.87,22.04,22.04,3848509
2007-01-30,22.18,22.36,22.0,22.18,22.18,3741548
2007-01-31,21.81,21.98,21.63,21.81,21.81,6930320
2007-02-01,22.14,22.32,21.96,22.14,22.14,5315753
2007-02-02,21.86,22.03,21.68,21.86,21.86,11418561
2007-02-05,21.94,22.11,21.76,21.94,21.94,4336120
2007-02-06,21.73,21.91,21.56,21.73,21.73,2993088
2007-02-07,21.29,21.46,21.12,21.29,21.29,6808709
2007-02-08,20.99,21.16,20.82,20.99,20.99,3507506
2007-02-09,21.18,21.35,21.01,21.18,21.18,6573947
2007-02-12,20.83,21.0,20.66,20.83,20.83,5224367
2007-02-13,21.16,21.33,20.99,21.16,21.16,2830399
2007-02-14,21.07,21.24,20.9,21.07,21.07,7311929
2007-02-15,20.87,21.04,20.7,20.87,20.87,4645169
2007-02-16,20.43,20.59,20.27,20.43,20.43,4126107
2007-02-19,20.54,20.7,20.37,20.54,20.54,8717134
2007-02-20,20.79,20.96,20.62,20.79,20.79,5982543
2007-02-21,20.41,20.57,20.24,20.41,20.41,2971243
2007-02-22,20.69,20.86,20.53,20.69,20.69,12327388
2007-02-23,20.49,20.66,20.33,20.49,20.49,5199978
2007-02-26,20.37,20.54,20.21,20.37,20.37,5592455
2007-02-27,20.09,20.26,19.93,20.09,20.09,5961238
2007-02-28,19.63,19.79,19.47,19.63,19.63,4066471
2007-03-01,19.15,19.31,19.0,19.15,19.15,7023397
2007-03-02,19.4,19.56,19.25,19.4,19.4,8191163
2007-03-05,19.03,19.18,18.88,19.03,19.03,4302348
2007-03-06,18.96,19.11,18.81,18.96,18.96,4760489
2007-03-07,18.86,19.01,18.71,18.86,18.86,6560147
2007-03-08,18.7,18.85,18.55,18.7,18.7,8361055
2007-03-09,18.61,18.76,18.47,18.61,18.61,4734490
2007-03-12,18.48,18.63,18.33,18.48,18.48,5856199
2007-03-13,18.59,18.74,18.44,18.59,18.59,6152278
2007-03-14,18.15,18.29,18.0,18.15,18.15,4983227
2007-03-15,17.57,17.71,17.43,17.57,17.57,10918040
2007-03-16,18.11,18.25,17.96,18.11,18.11,10482369
2007-03-19,17.97,18.11,17.82,17.97,17.97,3234611
2007-03-20,18.08,18.23,17.94,18.08,18.08,7369047
2007-03-21,18.07,18.21,17.92,18.07,18.07,4258868
2007-03-22,18.19,18.34,18.04,18.19,18.19,4109354
2007-03-23,18.3,18.45,18.16,18.3,18.3,2642401
2007-03-26,18.8,18.95,18.65,18.8,18.8,5203444
2007-03-27,19.16,19.32,19.01,19.16,19.16,7234954
2007-03-28,18.9,19.06,18.75,18.9,18.9,11854257
2007-03-29,18.46,18.6,18.31,18.46,18.46,8028372
2007-03-30,18.49,18.64,18.34,18.49,18.49,4050512
2007-04-02,17.95,18.1,17.81,17.95,17.95,5427355
2007-04-03,17.84,17.99,17.7,17.84,17.84,5657204
2007-04-04,17.69,17.84,17.55,17.69,17.69,7250825
2007-04-05,18.04,18.19,17.9,18.04,18.04,4104326
2007-04-06,17.88,18.02,17.74,17.88,17.88,8138230
2007-04-09,17.73,17.87,17.59,17.73,17.73,2166893
2007-04-10,18.02,18.16,17.87,18.02,18.02,4413461
2007-04-11,18.13,18.28,17.99,18.13,18.13,7266887
2007-04-12,18.01,18.15,17.86,18.01,18.01,6066557
2007-04-13,17.89,18.03,17.74,17.89,17.89,5680784
2007-04-16,17.89,18.03,17.74,17.89,17.89,9475523
2007-04-17,18.15,18.29,18.0,18.15,18.15,3964024
2007-04-18,18.54,18.68,18.39,18.54,18.54,5308211
2007-04-19,18.17,18.32,18.03,18.17,18.17,4338599
2007-04-20,18.13,18.27,17.98,18.13,18.13,4335073
2007-04-23,18.18,18.33,18.04,18.18,18.18,4192629
2007-04-24,18.21,18.36,18.07,18.21,18.21,5465506
2007-04-25,18.53,18.68,18.38,18.53,18.53,4375074
2007-04-26,18.82,18.97,18.67,18.82,18.82,5063325
2007-04-27,18.61,18.76,18.46,18.61,18.61,3790794
2007-04-30,18.37,18.52,18.23,18.37,18.37,3235974
2007-05-01,18.45,18.6,18.3,18.45,18.45,2247542
2007-05-02,18.69,18.84,18.54,18.69,18.69,5369445
2007-05-03,18.37,18.52,18.22,18.37,18.37,4533759
2007-05-04,18.22,18.36,18.07,18.22,18.22,6909360
2007-05-07,18.05,18.2,17.91,18.05,18.05,6611299
2007-05-08,18.32,18.47,18.17,18.32,18.32,3227432
2007-05-09,18.25,18.39,18.1,18.25,18.25,7169312
2007-05-10,17.49,17.63,17.35,17.49,17.49,6199492
2007-05-11,17.39,17.53,17.25,17.39,17.39,6943149
2007-05-14,17.57,17.71,17.43,17.57,17.57,6842567
2007-05-15,17.95,18.09,17.8,17.95,17.95,7949700
2007-05-16,18.31,18.46,18.16,18.31,18.31,9638872
2007-05-17,18.47,18.62,18.33,18.47,18.47,5742166
2007-05-18,18.41,18.55,18.26,18.41,18.41,6999171
2007-05-21,18.11,18.25,17.96,18.11,18.11,2653245
2007-05-22,18.04,18.18,17.9,18.04,18.04,6465576
2007-05-23,18.13,18.27,17.98,18.13,18.13,12016968
2007-05-24,18.52,18.67,18.37,18.52,18.52,6001588
2007-05-25,18.78,18.93,18.63,18.78,18.78,3753335
2007-05-28,19.01,19.16,18.86,19.01,19.01,3676885
2007-05-29,18.94,19.09,18.79,18.94,18.94,7696332
2007-05-30,18.57,18.72,18.43,18.57,18.57,8744769
2007-05-31,18.87,19.02,18.72,18.87,18.87,5993521
2007-06-01,19.04,19.19,18.89,19.04,19.04,6083370
2007-06-04,19.08,19.24,18.93,19.08,19.08,5056114
2007-06-05,19.01,19.16,18.86,19.01,19.01,6905273
2007-06-06,19.65,19.81,19.49,19.65,19.65,4499659
2007-06-07,19.2,19.35,19.04,19.2,19.2,5082452
2007-06-08,18.79,18.94,18.63,18.79,18.79,4226270
2007-06-11,18.68,18.83,18.53,18.68,18.68,3960951
2007-06-12,18.5,18.64,18.35,18.5,18.5,13745874
2007-06-13,18.39,18.54,18.25,18.39,18.39,6276327
2007-06-14,18.34,18.49,18.19,18.34,18.34,8341070
2007-06-15,18.3,18.44,18.15,18.3,18.3,8002615
2007-06-18,18.29,18.43,18.14,18.29,18.29,4367263
2007-06-19,18.08,18.23,17.94,18.08,18.08,10271238
2007-06-20,18.32,18.47,18.18,18.32,18.32,5222468
2007-06-21,18.71,18.86,18.56,18.71,18.71,3576734
2007-06-22,18.45,18.6,18.3,18.45,18.45,7891867
2007-06-25,18.46,18.6,18.31,18.46,18.46,8510844
2007-06-26,18.53,18.68,18.38,18.53,18.53,7338723
2007-06-27,18.99,19.14,18.84,18.99,18.99,5682023
2007-06-28,19.4,19.55,19.24,19.4,19.4,6556372
2007-06-29,19.63,19.79,19.47,19.63,19.63,3376659
2007-07-02,19.6,19.75,19.44,19.6,19.6,2347741
2007-07-03,19.57,19.73,19.42,19.57,19.57,4702569
2007-07-04,19.84,20.0,19.68,19.84,19.84,3106518
2007-07-05,19.71,19.86,19.55,19.71,19.71,6533747
2007-07-06,20.29,20.45,20.12,20.29,20.29,8427053
2007-07-09,20.69,20.86,20.53,20.69,20.69,6234019
2007-07-10,21.1,21.27,20.93,21.1,21.1,8305799
2007-07-11,20.6,20.77,20.44,20.6,20.6,4032944
2007-07-12,20.62,20.78,20.45,20.62,20.62,6639983
2007-07-13,20.97,21.14,20.8,20.97,20.97,3881996
2007-07-16,20.85,21.02,20.68,20.85,20.85,5282119
2007-07-17,20.25,20.42,20.09,20.25,20.25,4007411
2007-07-18,19.96,20.12,19.8,19.96,19.96,2238220
2007-07-19,20.34,20.5,20.18,20.34,20.34,5458362
2007-07-20,20.51,20.67,20.34,20.51,20.51,4837944
2007-07-23,20.17,20.33,20.01,20.17,20.17,6605985
2007-07-24,19.75,19.91,19.59,19.75,19.75,7435763
2007-07-25,19.29,19.44,19.14,19.29,19.29,9632640
2007-07-26,19.3,19.46,19.15,19.3,19.3,8518807
2007-07-27,19.26,19.41,19.1,19.26,19.26,3876608
2007-07-30,19.46,19.62,19.31,19.46,19.46,6980175
2007-07-31,19.77,19.93,19.61,19.77,19.77,6194604
2007-08-01,19.76,19.91,19.6,19.76,19.76,6097292
2007-08-02,19.8,19.96,19.64,19.8,19.8,3843799
2007-08-03,20.02,20.18,19.86,20.02,20.02,4410257
2007-08-06,20.15,20.31,19.99,20.15,20.15,7704841
2007-08-07,19.48,19.64,19.32,19.48,19.48,7881568
2007-08-08,19.42,19.58,19.27,19.42,19.42,4748373
2007-08-09,19.95,20.11,19.79,19.95,19.95,3304247
2007-08-10,20.0,20.16,19.84,20.0,20.0,7205652
2007-08-13,20.42,20.59,20.26,20.42,20.42,7645447
2007-08-14,20.81,20.98,20.64,20.81,20.81,5084757
2007-08-15,20.66,20.83,20.5,20.66,20.66,2678359
2007-08-16,20.45,20.61,20.29,20.45,20.45,5711253
2007-08-17,20.55,20.71,20.39,20.55,20.55,5435456
2007-08-20,20.71,20.87,20.54,20.71,20.71,5356922
2007-08-21,21.04,21.21,20.87,21.04,21.04,5334531
2007-08-22,21.6,21.77,21.43,21.6,21.6,6213081
2007-08-23,22.16,22.34,21.99,22.16,22.16,13584882
2007-08-24,22.42,22.6,22.24,22.42,22.42,7505060
2007-08-27,22.52,22.7,22.34,22.52,22.52,5743320
2007-08-28,22.33,22.51,22.15,22.33,22.33,4573783
2007-08-29,22.42,22.6,22.24,22.42,22.42,2617809
2007-08-30,22.69,22.87,22.51,22.69,22.69,8717379
2007-08-31,22.54,22.72,22.36,22.54,22.54,3477453
2007-09-03,22.68,22.86,22.5,22.68,22.68,3463481
2007-09-04,22.94,23.13,22.76,22.94,22.94,10518024
2007-09-05,23.32,23.51,23.13,23.32,23.32,8772210
2007-09-06,23.06,23.24,22.88,23.06,23.06,4589406
2007-09-07,23.47,23.65,23.28,23.47,23.47,6979479
2007-09-10,23.6,23.79,23.41,23.6,23.6,6252115
2007-09-11,23.25,23.43,23.06,23.25,23.25,6617265
2007-09-12,23.85,24.05,23.66,23.85,23.85,3813056
2007-09-13,23.71,23.9,23.52,23.71,23.71,6800843
2007-09-14,23.71,23.89,23.52,23.71,23.71,7420277
2007-09-17,24.1,24.29,23.91,24.1,24.1,7245301
2007-09-18,24.03,24.22,23.84,24.03,24.03,6179271
2007-09-19,24.5,24.69,24.3,24.5,24.5,2774560
2007-09-20,24.39,24.59,24.2,24.39,24.39,6219065
2007-09-21,24.17,24.36,23.98,24.17,24.17,3574909
2007-09-24,24.34,24.53,24.14,24.34,24.34,5761641
2007-09-25,24.03,24.22,23.84,24.03,24.03,4037019
2007-09-26,24.35,24.54,24.15,24.35,24.35,4301340
2007-09-27,24.04,24.23,23.84,24.04,24.04,13262846
2007-09-28,23.46,23.65,23.27,23.46,23.46,5699851
2007-10-01,23.31,23.5,23.12,23.31,23.31,7532604
2007-10-02,22.98,23.16,22.79,22.98,22.98,5849493
2007-10-03,22.98,23.16,22.79,22.98,22.98,8233296
2007-10-04,22.98,23.16,22.8,22.98,22.98,4191811
2007-10-05,22.39,22.57,22.21,22.39,22.39,4226872
2007-10-08,22.17,22.35,21.99,22.17,22.17,5558048
2007-10-09,22.44,22.62,22.26,22.44,22.44,4421820
2007-10-10,22.33,22.5,22.15,22.33,22.33,6208780
2007-10-11,22.34,22.52,22.16,22.34,22.34,3242657
2007-10-12,21.99,22.16,21.81,21.99,21.99,6979367
2007-10-15,21.54,21.72,21.37,21.54,21.54,8008595
2007-10-16,21.64,21.81,21.46,21.64,21.64,7252705
2007-10-17,21.66,21.83,21.48,21.66,21.66,6807842
2007-10-18,21.48,21.65,21.31,21.48,21.48,5437242
2007-10-19,21.37,21.54,21.2,21.37,21.37,5495650
2007-10-22,21.23,21.4,21.06,21.23,21.23,4255607
2007-10-23,21.56,21.73,21.38,21.56,21.56,6131221
2007-10-24,21.22,21.39,21.06,21.22,21.22,4631271
2007-10-25,21.07,21.24,20.9,21.07,21.07,5668736
2007-10-26,20.92,21.08,20.75,20.92,20.92,6443734
2007-10-29,21.38,21.55,21.21,21.38,21.38,10849931
2007-10-30,20.99,21.15,20.82,20.99,20.99,3621207
2007-10-31,20.44,20.6,20.28,20.44,20.44,7407036
2007-11-01,20.45,20.61,20.28,20.45,20.45,4076462
2007-11-02,20.52,20.68,20.35,20.52,20.52,4127648
2007-11-05,20.11,20.27,19.95,20.11,20.11,5177447
2007-11-06,19.37,19.53,19.22,19.37,19.37,6238243
2007-11-07,19.41,19.56,19.25,19.41,19.41,3851068
2007-11-08,19.09,19.24,18.93,19.09,19.09,9009731
2007-11-09,18.59,18.74,18.44,18.59,18.59,8374450
2007-11-12,18.42,18.56,18.27,18.42,18.42,6765843
2007-11-13,18.8,18.95,18.65,18.8,18.8,4485681
2007-11-14,18.36,18.51,18.22,18.36,18.36,5334291
2007-11-15,17.79,17.93,17.65,17.79,17.79,3768453
2007-11-16,17.7,17.84,17.56,17.7,17.7,6477724
2007-11-19,17.32,17.46,17.18,17.32,17.32,3257090
2007-11-20,17.63,17.77,17.49,17.63,17.63,4326393
2007-11-21,17.79,17.93,17.64,17.79,17.79,2198617
2007-11-22,17.99,18.13,17.85,17.99,17.99,4617518
2007-11-23,18.6,18.75,18.45,18.6,18.6,4027488
2007-11-26,18.32,18.47,18.18,18.32,18.32,2989577
2007-11-27,18.4,18.55,18.25,18.4,18.4,2753529
2007-11-28,18.12,18.26,17.97,18.12,18.12,6284699
2007-11-29,17.81,17.95,17.66,17.81,17.81,1949424
2007-11-30,17.69,17.83,17.54,17.69,17.69,3369034
2007-12-03,17.95,18.09,17.8,17.95,17.95,5286233
2007-12-04,18.1,18.25,17.96,18.1,18.1,11654202
2007-12-05,18.33,18.48,18.18,18.33,18.33,7887174
2007-12-06,18.1,18.25,17.96,18.1,18.1,9400786
2007-12-07,18.2,18.35,18.06,18.2,18.2,4751781
2007-12-10,18.2,18.34,18.05,18.2,18.2,2948352
2007-12-11,17.67,17.81,17.53,17.67,17.67,4915901
2007-12-12,17.36,17.5,17.22,17.36,17.36,7023593
2007-12-13,18.0,18.15,17.86,18.0,18.0,4673720
2007-12-14,18.24,18.38,18.09,18.24,18.24,5032782
2007-12-17,18.53,18.68,18.38,18.53,18.53,3394515
2007-12-18,18.34,18.48,18.19,18.34,18.34,3617981
2007-12-19,18.97,19.12,18.82,18.97,18.97,10229676
2007-12-20,19.42,19.57,19.26,19.42,19.42,4125175
2007-12-21,19.85,20.01,19.69,19.85,19.85,8799222
2007-12-24,20.37,20.54,20.21,20.37,20.37,8431457
2007-12-25,20.81,20.97,20.64,20.81,20.81,4605027
2007-12-26,21.26,21.43,21.09,21.26,21.26,6014439
2007-12-27,21.56,21.73,21.38,21.56,21.56,8094268
2007-12-28,21.85,22.02,21.67,21.85,21.85,4588345
2007-12-31,22.14,22.32,21.96,22.14,22.14,3745176
2008-01-01,22.17,22.35,22.0,22.17,22.17,4002430
2008-01-02,22.36,22.54,22.19,22.36,22.36,4041451
2008-01-03,22.41,22.59,22.23,22.41,22.41,4637175
2008-01-04,23.08,23.27,22.9,23.08,23.08,6141926
2008-01-07,22.8,22.99,22.62,22.8,22.8,7509618
2008-01-08,22.65,22.83,22.47,22.65,22.65,3762959
2008-01-09,22.73,22.92,22.55,22.73,22.73,5350697
2008-01-10,22.77,22.95,22.59,22.77,22.77,3033703
2008-01-11,23.15,23.34,22.96,23.15,23.15,5684335
2008-01-14,23.38,23.56,23.19,23.38,23.38,3306700
2008-01-15,22.98,23.16,22.8,22.98,22.98,4864438
2008-01-16,22.23,22.41,22.06,22.23,22.23,6402652
2008-01-17,22.23,22.41,22.05,22.23,22.23,2791733
2008-01-18,21.94,22.12,21.77,21.94,21.94,6813943
2008-01-21,21.65,21.82,21.47,21.65,21.65,2233101
2008-01-22,21.43,21.6,21.26,21.43,21.43,9929908
2008-01-23,20.98,21.15,20.81,20.98,20.98,4697134
2008-01-24,21.58,21.76,21.41,21.58,21.58,5804920
2008-01-25,21.49,21.67,21.32,21.49,21.49,6523008
2008-01-28,21.39,21.56,21.21,21.39,21.39,5122703
2008-01-29,21.14,21.31,20.97,21.14,21.14,5329360
2008-01-30,20.56,20.72,20.4,20.56,20.56,7137178
2008-01-31,20.49,20.65,20.32,20.49,20.49,5455725
2008-02-01,20.9,21.07,20.74,20.9,20.9,6616611
2008-02-04,20.82,20.99,20.65,20.82,20.82,3853030
2008-02-05,20.32,20.48,20.16,20.32,20.32,4345904
2008-02-06,20.84,21.01,20.68,20.84,20.84,10685013
2008-02-07,20.95,21.12,20.78,20.95,20.95,6004674
2008-02-08,21.17,21.34,21.0,21.17,21.17,4182531
2008-02-11,21.0,21.17,20.83,21.0,21.0,3663483
2008-02-12,21.24,21.41,21.07,21.24,21.24,5222796
2008-02-13,20.54,20.7,20.37,20.54,20.54,4666431
2008-02-14,20.34,20.51,20.18,20.34,20.34,8288235
2008-02-15,19.91,20.06,19.75,19.91,19.91,7697882
2008-02-18,19.97,20.13,19.81,19.97,19.97,5406009
2008-02-19,20.29,20.45,20.13,20.29,20.29,9539628
2008-02-20,20.17,20.33,20.01,20.17,20.17,4979336
2008-02-21,20.23,20.39,20.07,20.23,20.23,4765161
2008-02-22,20.32,20.48,20.16,20.32,20.32,8207149
2008-02-25,20.47,20.63,20.3,20.47,20.47,6501769
2008-02-26,20.65,20.82,20.48,20.65,20.65,3863063
2008-02-27,20.86,21.02,20.69,20.86,20.86,3616745
2008-02-28,20.84,21.0,20.67,20.84,20.84,2151548
2008-02-29,21.18,21.34,21.01,21.18,21.18,4701765
2008-03-03,20.82,20.99,20.66,20.82,20.82,7215287
2008-03-04,20.82,20.99,20.66,20.82,20.82,3002683
2008-03-05,20.7,20.87,20.54,20.7,20.7,9534872
2008-03-06,20.48,20.65,20.32,20.48,20.48,2728035
2008-03-07,19.99,20.15,19.83,19.99,19.99,4664801
2008-03-10,20.05,20.21,19.89,20.05,20.05,4008212
2008-03-11,19.61,19.76,19.45,19.61,19.61,7457247
2008-03-12,19.56,19.71,19.4,19.56,19.56,3270669
2008-03-13,19.93,20.09,19.77,19.93,19.93,5915198
2008-03-14,19.57,19.73,19.42,19.57,19.57,5751815
2008-03-17,19.53,19.69,19.37,19.53,19.53,8239669
2008-03-18,19.87,20.03,19.71,19.87,19.87,4951970
2008-03-19,19.87,20.02,19.71,19.87,19.87,6522598
2008-03-20,20.36,20.52,20.2,20.36,20.36,9447202
2008-03-21,20.07,20.23,19.91,20.07,20.07,5164299
2008-03-24,19.74,19.9,19.58,19.74,19.74,6622293
2008-03-25,19.77,19.93,19.61,19.77,19.77,4534828
2008-03-26,19.76,19.92,19.6,19.76,19.76,6875789
2008-03-27,20.07,20.23,19.91,20.07,20.07,5316343
2008-03-28,20.57,20.74,20.41,20.57,20.57,13816564
2008-03-31,20.78,20.94,20.61,20.78,20.78,8525597
2008-04-01,20.18,20.34,20.02,20.18,20.18,6790291
2008-04-02,20.18,20.35,20.02,20.18,20.18,8399866
2008-04-03,20.56,20.72,20.4,20.56,20.56,5908947
2008-04-04,20.52,20.68,20.35,20.52,20.52,2442229
2008-04-07,20.36,20.53,20.2,20.36,20.36,5175672
2008-04-08,20.19,20.35,20.03,20.19,20.19,4438597
2008-04-09,20.51,20.67,20.35,20.51,20.51,3931984
2008-04-10,20.62,20.78,20.45,20.62,20.62,5492421
2008-04-11,20.08,20.24,19.92,20.08,20.08,3902165
2008-04-14,20.16,20.32,20.0,20.16,20.16,3598221
2008-04-15,20.2,20.37,20.04,20.2,20.2,8295346
2008-04-16,20.47,20.63,20.3,20.47,20.47,5733283
2008-04-17,20.24,20.4,20.08,20.24,20.24,4575511
2008-04-18,20.18,20.35,20.02,20.18,20.18,3682712
2008-04-21,20.38,20.54,20.21,20.38,20.38,4648281
2008-04-22,20.83,20.99,20.66,20.83,20.83,5741559
2008-04-23,20.51,20.67,20.35,20.51,20.51,8015276
2008-04-24,21.07,21.24,20.9,21.07,21.07,10638713
2008-04-25,20.98,21.14,20.81,20.98,20.98,11179888
2008-04-28,21.55,21.72,21.38,21.55,21.55,12325021
2008-04-29,22.15,22.32,21.97,22.15,22.15,3747506
2008-04-30,21.55,21.73,21.38,21.55,21.55,7395136
2008-05-01,22.02,22.2,21.84,22.02,22.02,7868995
2008-05-02,22.27,22.45,22.09,22.27,22.27,6929643
2008-05-05,22.55,22.73,22.37,22.55,22.55,6691333
2008-05-06,22.59,22.77,22.41,22.59,22.59,10051510
2008-05-07,22.96,23.14,22.77,22.96,22.96,8206492
2008-05-08,22.56,22.74,22.38,22.56,22.56,3735822
2008-05-09,22.85,23.03,22.66,22.85,22.85,7816096
2008-05-12,22.88,23.06,22.69,22.88,22.88,11131688
2008-05-13,22.7,22.88,22.52,22.7,22.7,5821331
2008-05-14,23.1,23.28,22.91,23.1,23.1,2608564
2008-05-15,23.09,23.28,22.91,23.09,23.09,5147934
2008-05-16,23.79,23.99,23.6,23.79,23.79,5058139
2008-05-19,23.72,23.91,23.53,23.72,23.72,2426433
2008-05-20,23.7,23.89,23.51,23.7,23.7,4060437
2008-05-21,23.4,23.59,23.21,23.4,23.4,3382494
2008-05-22,22.97,23.15,22.78,22.97,22.97,6555932
2008-05-23,22.99,23.18,22.81,22.99,22.99,3677522
2008-05-26,23.26,23.45,23.07,23.26,23.26,11648843
2008-05-27,22.94,23.12,22.76,22.94,22.94,5789727
2008-05-28,22.45,22.63,22.27,22.45,22.45,5299423
2008-05-29,22.5,22.68,22.32,22.5,22.5,3146104
2008-05-30,22.75,22.93,22.56,22.75,22.75,3485968
2008-06-02,22.86,23.04,22.68,22.86,22.86,2570771
2008-06-03,22.88,23.06,22.7,22.88,22.88,5227002
2008-06-04,23.52,23.71,23.33,23.52,23.52,5023270
2008-06-05,23.05,23.23,22.86,23.05,23.05,5543401
2008-06-06,22.88,23.07,22.7,22.88,22.88,4643591
2008-06-09,23.71,23.9,23.52,23.71,23.71,3594886
2008-06-10,24.31,24.5,24.12,24.31,24.31,5992551
2008-06-11,24.3,24.5,24.11,24.3,24.3,5244794
2008-06-12,24.61,24.81,24.41,24.61,24.61,5661198
2008-06-13,24.47,24.67,24.28,24.47,24.47,4972343
2008-06-16,24.29,24.48,24.09,24.29,24.29,8761542
2008-06-17,24.45,24.65,24.26,24.45,24.45,9696495
2008-06-18,24.62,24.82,24.42,24.62,24.62,3463017
2008-06-19,24.53,24.73,24.34,24.53,24.53,6668667
2008-06-20,23.99,24.19,23.8,23.99,23.99,5621773
2008-06-23,24.42,24.61,24.22,24.42,24.42,6677893
2008-06-24,24.49,24.69,24.3,24.49,24.49,5603825
2008-06-25,23.88,24.07,23.69,23.88,23.88,6692211
2008-06-26,24.39,24.58,24.19,24.39,24.39,2503497
2008-06-27,25.21,25.41,25.01,25.21,25.21,5362419
2008-06-30,24.32,24.51,24.12,24.32,24.32,4869721
2008-07-01,24.64,24.84,24.44,24.64,24.64,6318596
2008-07-02,25.42,25.63,25.22,25.42,25.42,4110844
2008-07-03,24.86,25.05,24.66,24.86,24.86,11967556
2008-07-04,25.28,25.49,25.08,25.28,25.28,8056017
2008-07-07,24.98,25.18,24.78,24.98,24.98,3918768
2008-07-08,24.75,24.94,24.55,24.75,24.75,5083291
2008-07-09,24.6,24.8,24.4,24.6,24.6,8095568
2008-07-10,23.85,24.04,23.66,23.85,23.85,13373406
2008-07-11,24.4,24.6,24.21,24.4,24.4,8112009
2008-07-14,24.2,24.39,24.0,24.2,24.2,3981305
2008-07-15,24.8,25.0,24.6,24.8,24.8,5990519
2008-07-16,25.31,25.52,25.11,25.31,25.31,6511721
2008-07-17,24.8,24.99,24.6,24.8,24.8,3247179
2008-07-18,25.07,25.27,24.87,25.07,25.07,6769666
2008-07-21,24.96,25.16,24.76,24.96,24.96,4242260
2008-07-22,25.92,26.12,25.71,25.92,25.92,4263290
2008-07-23,25.94,26.14,25.73,25.94,25.94,7133178
2008-07-24,25.96,26.17,25.76,25.96,25.96,10787630
2008-07-25,26.04,26.24,25.83,26.04,26.04,9023866
2008-07-28,26.28,26.49,26.07,26.28,26.28,9249089
2008-07-29,25.87,26.08,25.67,25.87,25.87,4740969
2008-07-30,26.42,26.63,26.21,26.42,26.42,3000493
2008-07-31,27.24,27.46,27.02,27.24,27.24,2819702
2008-08-01,26.48,26.69,26.26,26.48,26.48,5680419
2008-08-04,26.59,26.8,26.37,26.59,26.59,11175248
2008-08-05,26.26,26.47,26.05,26.26,26.26,3001067
2008-08-06,25.38,25.58,25.18,25.38,25.38,7021539
2008-08-07,25.43,25.63,25.22,25.43,25.43,4436868
2008-08-08,24.48,24.68,24.29,24.48,24.48,12879672
2008-08-11,24.85,25.04,24.65,24.85,24.85,5913694
2008-08-12,25.22,25.42,25.02,25.22,25.22,6063842
2008-08-13,25.28,25.48,25.08,25.28,25.28,1963254
2008-08-14,25.16,25.37,24.96,25.16,25.16,2997629
2008-08-15,24.84,25.04,24.64,24.84,24.84,5545376
2008-08-18,25.22,25.43,25.02,25.22,25.22,7633693
2008-08-19,25.21,25.41,25.01,25.21,25.21,9269265
2008-08-20,25.22,25.42,25.02,25.22,25.22,4391974
2008-08-21,25.93,26.14,25.73,25.93,25.93,6115465
2008-08-22,25.83,26.04,25.63,25.83,25.83,8997958
2008-08-25,25.71,25.92,25.51,25.71,25.71,6186795
2008-08-26,25.83,26.03,25.62,25.83,25.83,10215485
2008-08-27,25.74,25.95,25.54,25.74,25.74,6134722
2008-08-28,26.15,26.36,25.95,26.15,26.15,2042352
2008-08-29,26.07,26.28,25.86,26.07,26.07,4877405
2008-09-01,26.57,26.78,26.36,26.57,26.57,6235156
2008-09-02,26.88,27.09,26.66,26.88,26.88,3115282
2008-09-03,26.18,26.39,25.97,26.18,26.18,4076517
2008-09-04,26.53,26.74,26.32,26.53,26.53,7986582
2008-09-05,27.29,27.5,27.07,27.29,27.29,4853490
2008-09-08,27.56,27.78,27.34,27.56,27.56,6312313
2008-09-09,27.84,28.07,27.62,27.84,27.84,3356063
2008-09-10,27.85,28.07,27.63,27.85,27.85,3290466
2008-09-11,28.27,28.5,28.04,28.27,28.27,11046316
2008-09-12,28.87,29.1,28.64,28.87,28.87,18633551
2008-09-15,28.37,28.59,28.14,28.37,28.37,3403220
2008-09-16,28.55,28.78,28.32,28.55,28.55,12046560
2008-09-17,28.16,28.38,27.93,28.16,28.16,5305852
2008-09-18,27.26,27.48,27.04,27.26,27.26,5801884
2008-09-19,27.11,27.33,26.89,27.11,27.11,5975108
2008-09-22,27.15,27.36,26.93,27.15,27.15,3845702
2008-09-23,26.63,26.84,26.41,26.63,26.63,3707276
2008-09-24,27.03,27.25,26.81,27.03,27.03,2564380
2008-09-25,27.01,27.23,26.8,27.01,27.01,4135080
2008-09-26,26.71,26.93,26.5,26.71,26.71,4715013
2008-09-29,27.2,27.41,26.98,27.2,27.2,6331961
2008-09-30,27.99,28.21,27.76,27.99,27.99,9064517
2008-10-01,28.09,28.31,27.86,28.09,28.09,8687361
2008-10-02,28.64,28.87,28.41,28.64,28.64,7280403
2008-10-03,27.98,28.21,27.76,27.98,27.98,4233336
2008-10-06,27.35,27.57,27.13,27.35,27.35,7498116
2008-10-07,26.93,27.14,26.71,26.93,26.93,9365109
2008-10-08,27.0,27.21,26.78,27.0,27.0,8151740
2008-10-09,26.59,26.81,26.38,26.59,26.59,5866820
2008-10-10,26.88,27.09,26.66,26.88,26.88,5264656
2008-10-13,26.65,26.87,26.44,26.65,26.65,4430963
2008-10-14,26.24,26.45,26.03,26.24,26.24,6479284
2008-10-15,27.08,27.3,26.86,27.08,27.08,10452280
2008-10-16,26.7,26.91,26.48,26.7,26.7,6390031
2008-10-17,26.68,26.89,26.47,26.68,26.68,4838997
2008-10-20,26.62,26.83,26.41,26.62,26.62,4197325
2008-10-21,26.91,27.12,26.69,26.91,26.91,9142566
2008-10-22,26.43,26.65,26.22,26.43,26.43,4969294
2008-10-23,26.81,27.03,26.6,26.81,26.81,8447134
2008-10-24,26.61,26.82,26.4,26.61,26.61,9056269
2008-10-27,27.02,27.24,26.81,27.02,27.02,4442648
2008-10-28,27.28,27.5,27.06,27.28,27.28,2989297
2008-10-29,26.69,26.9,26.47,26.69,26.69,10065361
2008-10-30,25.93,26.13,25.72,25.93,25.93,4932279
2008-10-31,25.96,26.17,25.75,25.96,25.96,5997786
2008-11-03,25.88,26.09,25.67,25.88,25.88,3846183
2008-11-04,27.05,27.26,26.83,27.05,27.05,5597735
2008-11-05,27.53,27.75,27.31,27.53,27.53,3660749
2008-11-06,28.13,28.35,27.9,28.13,28.13,4712070
2008-11-07,27.81,28.03,27.59,27.81,27.81,4781184
2008-11-10,27.78,28.0,27.55,27.78,27.78,4238406
2008-11-11,27.96,28.19,27.74,27.96,27.96,7714065
2008-11-12,27.85,28.07,27.63,27.85,27.85,6150688
2008-11-13,27.64,27.86,27.42,27.64,27.64,6275909
2008-11-14,27.48,27.7,27.26,27.48,27.48,5967181
2008-11-17,27.9,28.13,27.68,27.9,27.9,3625348
2008-11-18,27.86,28.08,27.64,27.86,27.86,4355580
2008-11-19,28.12,28.35,27.9,28.12,28.12,5498577
2008-11-20,28.06,28.28,27.83,28.06,28.06,4785700
2008-11-21,27.45,27.67,27.23,27.45,27.45,4273666
2008-11-24,27.38,27.59,27.16,27.38,27.38,6610406
2008-11-25,27.51,27.73,27.29,27.51,27.51,17061050
2008-11-26,27.65,27.88,27.43,27.65,27.65,4818417
2008-11-27,28.04,28.27,27.82,28.04,28.04,5012381
2008-11-28,28.02,28.25,27.8,28.02,28.02,9499128
2008-12-01,28.23,28.46,28.01,28.23,28.23,6825262
2008-12-02,28.89,29.12,28.66,28.89,28.89,11776199
2008-12-03,28.59,28.82,28.36,28.59,28.59,5738188
2008-12-04,29.37,29.61,29.14,29.37,29.37,9223219
2008-12-05,29.31,29.54,29.07,29.31,29.31,5058458
2008-12-08,29.38,29.62,29.14,29.38,29.38,13453401
2008-12-09,29.55,29.78,29.31,29.55,29.55,8485262
2008-12-10,29.61,29.85,29.38,29.61,29.61,5565722
2008-12-11,29.29,29.52,29.05,29.29,29.29,4896484
2008-12-12,28.87,29.1,28.64,28.87,28.87,9227486
2008-12-15,28.77,29.0,28.54,28.77,28.77,15410871
2008-12-16,29.24,29.48,29.01,29.24,29.24,7345788
2008-12-17,28.98,29.22,28.75,28.98,28.98,4526488
2008-12-18,29.36,29.59,29.12,29.36,29.36,3507382
2008-12-19,30.04,30.28,29.8,30.04,30.04,14679646
2008-12-22,29.72,29.96,29.49,29.72,29.72,10708235
2008-12-23,30.36,30.61,30.12,30.36,30.36,2274457
2008-12-24,29.87,30.11,29.63,29.87,29.87,5929748
2008-12-25,29.6,29.83,29.36,29.6,29.6,3803666
2008-12-26,28.42,28.65,28.19,28.42,28.42,2413876
2008-12-29,28.46,28.68,28.23,28.46,28.46,6151041
2008-12-30,28.8,29.03,28.57,28.8,28.8,4245352
2008-12-31,28.53,28.76,28.31,28.53,28.53,3468280
2009-01-01,28.95,29.18,28.72,28.95,28.95,4958660
2009-01-02,28.82,29.05,28.58,28.82,28.82,5302059
2009-01-05,28.48,28.71,28.25,28.48,28.48,10570251
2009-01-06,28.99,29.23,28.76,28.99,28.99,5289929
2009-01-07,29.23,29.47,29.0,29.23,29.23,2562134
2009-01-08,29.59,29.83,29.35,29.59,29.59,4282063
2009-01-09,29.75,29.99,29.52,29.75,29.75,4864495
2009-01-12,29.73,29.97,29.49,29.73,29.73,8638441
2009-01-13,29.08,29.31,28.84,29.08,29.08,3078136
2009-01-14,29.02,29.26,28.79,29.02,29.02,2964603
2009-01-15,28.07,28.3,27.85,28.07,28.07,12797128
2009-01-16,27.66,27.88,27.44,27.66,27.66,3945172
2009-01-19,27.7,27.92,27.48,27.7,27.7,3392858
2009-01-20,27.55,27.77,27.33,27.55,27.55,8597124
2009-01-21,26.51,26.72,26.29,26.51,26.51,3474000
2009-01-22,25.85,26.06,25.65,25.85,25.85,2886942
2009-01-23,25.54,25.74,25.34,25.54,25.54,6481154
2009-01-26,25.76,25.96,25.55,25.76,25.76,5706173
2009-01-27,25.08,25.28,24.88,25.08,25.08,4527894
2009-01-28,24.65,24.84,24.45,24.65,24.65,5773347
2009-01-29,24.68,24.88,24.48,24.68,24.68,8323387
2009-01-30,24.4,24.59,24.2,24.4,24.4,5995360
2009-02-02,24.22,24.42,24.03,24.22,24.22,10620226
2009-02-03,23.7,23.89,23.51,23.7,23.7,3520810
2009-02-04,24.61,24.81,24.42,24.61,24.61,5887117
2009-02-05,24.66,24.86,24.47,24.66,24.66,15089597
2009-02-06,24.48,24.67,24.28,24.48,24.48,1249616
2009-02-09,24.91,25.11,24.71,24.91,24.91,5275227
2009-02-10,25.14,25.35,24.94,25.14,25.14,5647011
2009-02-11,24.88,25.08,24.68,24.88,24.88,6444914
2009-02-12,24.84,25.04,24.64,24.84,24.84,6895598
2009-02-13,24.67,24.86,24.47,24.67,24.67,7118889
2009-02-16,25.27,25.47,25.06,25.27,25.27,4352475
2009-02-17,25.77,25.98,25.57,25.77,25.77,3614893
2009-02-18,25.7,25.91,25.5,25.7,25.7,4344297
2009-02-19,26.14,26.34,25.93,26.14,26.14,10517573
2009-02-20,26.13,26.34,25.92,26.13,26.13,6192817
2009-02-23,26.39,26.6,26.18,26.39,26.39,4302878
2009-02-24,27.21,27.43,26.99,27.21,27.21,8059964
2009-02-25,27.59,27.81,27.37,27.59,27.59,4766416
2009-02-26,27.84,28.06,27.61,27.84,27.84,2529143
2009-02-27,27.49,27.71,27.27,27.49,27.49,6557156
2009-03-02,27.24,27.46,27.02,27.24,27.24,10234307
2009-03-03,26.44,26.66,26.23,26.44,26.44,7998941
2009-03-04,26.56,26.77,26.35,26.56,26.56,6888424
2009-03-05,26.22,26.43,26.01,26.22,26.22,3878656
2009-03-06,26.13,26.34,25.92,26.13,26.13,4539430
2009-03-09,25.94,26.15,25.73,25.94,25.94,7897270
2009-03-10,25.27,25.47,25.06,25.27,25.27,8766128
2009-03-11,25.23,25.43,25.03,25.23,25.23,11166052
2009-03-12,25.48,25.68,25.28,25.48,25.48,6199882
2009-03-13,25.63,25.84,25.43,25.63,25.63,7659572
2009-03-16,25.72,25.93,25.51,25.72,25.72,4383662
2009-03-17,25.34,25.55,25.14,25.34,25.34,4473106
2009-03-18,25.72,25.93,25.52,25.72,25.72,3073211
2009-03-19,25.68,25.88,25.47,25.68,25.68,3551067
2009-03-20,25.85,26.06,25.64,25.85,25.85,5368961
2009-03-23,26.69,26.91,26.48,26.69,26.69,8009628
2009-03-24,26.66,26.88,26.45,26.66,26.66,8220376
2009-03-25,26.37,26.58,26.16,26.37,26.37,6861864
2009-03-26,26.39,26.6,26.18,26.39,26.39,4270603
2009-03-27,26.06,26.27,25.85,26.06,26.06,3848333
2009-03-30,25.99,26.2,25.78,25.99,25.99,9604653
2009-03-31,26.21,26.42,26.0,26.21,26.21,4776152
2009-04-01,26.53,26.74,26.31,26.53,26.53,6846030
2009-04-02,26.01,26.22,25.8,26.01,26.01,3430682
2009-04-03,26.31,26.52,26.1,26.31,26.31,3965298
2009-04-06,26.05,26.26,25.84,26.05,26.05,12911672
2009-04-07,25.62,25.82,25.41,25.62,25.62,4371926
2009-04-08,26.36,26.57,26.15,26.36,26.36,8778793
2009-04-09,26.25,26.46,26.04,26.25,26.25,7685068
2009-04-10,25.94,26.15,25.73,25.94,25.94,5819106
2009-04-13,25.38,25.58,25.18,25.38,25.38,8278266
2009-04-14,24.99,25.19,24.79,24.99,24.99,8034236
2009-04-15,25.83,26.03,25.62,25.83,25.83,5261503
2009-04-16,25.63,25.84,25.43,25.63,25.63,7680511
2009-04-17,25.14,25.34,24.94,25.14,25.14,4019386
2009-04-20,24.94,25.14,24.74,24.94,24.94,6265431
2009-04-21,25.33,25.53,25.13,25.33,25.33,9860526
2009-04-22,24.95,25.15,24.75,24.95,24.95,4478700
2009-04-23,24.22,24.42,24.03,24.22,24.22,4407245
2009-04-24,24.29,24.48,24.09,24.29,24.29,6324816
2009-04-27,24.49,24.69,24.3,24.49,24.49,6041806
2009-04-28,24.42,24.62,24.23,24.42,24.42,7628972
2009-04-29,24.04,24.23,23.85,24.04,24.04,5054517
2009-04-30,23.83,24.02,23.64,23.83,23.83,5205163
2009-05-01,23.75,23.94,23.56,23.75,23.75,3606419
2009-05-04,23.44,23.63,23.26,23.44,23.44,5370604
2009-05-05,23.61,23.8,23.42,23.61,23.61,6563856
2009-05-06,24.26,24.45,24.06,24.26,24.26,4963144
2009-05-07,23.8,24.0,23.61,23.8,23.8,6658426
2009-05-08,24.23,24.42,24.03,24.23,24.23,4017317
2009-05-11,24.78,24.98,24.59,24.78,24.78,8923831
2009-05-12,24.64,24.84,24.44,24.64,24.64,2979259
2009-05-13,24.35,24.55,24.16,24.35,24.35,7468260
2009-05-14,24.87,25.07,24.68,24.87,24.87,5588386
2009-05-15,25.39,25.6,25.19,25.39,25.39,2397895
2009-05-18,25.14,25.34,24.93,25.14,25.14,2189368
2009-05-19,25.1,25.3,24.9,25.1,25.1,7518842
2009-05-20,25.3,25.5,25.1,25.3,25.3,4653621
2009-05-21,25.25,25.46,25.05,25.25,25.25,4544406
2009-05-22,25.33,25.53,25.13,25.33,25.33,6638823
2009-05-25,25.1,25.3,24.9,25.1,25.1,4532669
2009-05-26,26.21,26.41,26.0,26.21,26.21,4975868
2009-05-27,26.33,26.54,26.12,26.33,26.33,7660237
2009-05-28,26.59,26.8,26.38,26.59,26.59,4202282
2009-05-29,26.61,26.83,26.4,26.61,26.61,6340511
2009-06-01,26.77,26.99,26.56,26.77,26.77,6335647
2009-06-02,26.6,26.81,26.38,26.6,26.6,6469220
2009-06-03,26.85,27.07,26.64,26.85,26.85,7218034
2009-06-04,27.03,27.25,26.82,27.03,27.03,7448221
2009-06-05,27.35,27.57,27.13,27.35,27.35,3501871
2009-06-08,27.47,27.69,27.25,27.47,27.47,9590140
2009-06-09,27.87,28.09,27.64,27.87,27.87,7081233
2009-06-10,27.26,27.47,27.04,27.26,27.26,4665124
2009-06-11,27.03,27.25,26.82,27.03,27.03,7433254
2009-06-12,27.25,27.47,27.03,27.25,27.25,5238914
2009-06-15,27.36,27.58,27.14,27.36,27.36,4150200
2009-06-16,27.78,28.0,27.56,27.78,27.78,1886510
2009-06-17,28.0,28.22,27.77,28.0,28.0,7750980
2009-06-18,27.86,28.08,27.64,27.86,27.86,15784818
2009-06-19,28.2,28.42,27.97,28.2,28.2,6432050
2009-06-22,27.87,28.09,27.64,27.87,27.87,7886119
2009-06-23,28.01,28.24,27.79,28.01,28.01,2106152
2009-06-24,28.22,28.44,27.99,28.22,28.22,8287506
2009-06-25,28.0,28.22,27.77,28.0,28.0,6080601
2009-06-26,27.99,28.21,27.77,27.99,27.99,8790769
2009-06-29,28.32,28.55,28.09,28.32,28.32,2577602
2009-06-30,28.97,29.2,28.74,28.97,28.97,3383638
2009-07-01,28.84,29.08,28.61,28.84,28.84,3290724
2009-07-02,29.16,29.4,28.93,29.16,29.16,6427871
2009-07-03,29.44,29.68,29.2,29.44,29.44,5575187
2009-07-06,28.85,29.08,28.62,28.85,28.85,3375875
2009-07-07,28.82,29.05,28.59,28.82,28.82,4301969
2009-07-08,29.06,29.29,28.83,29.06,29.06,2813435
2009-07-09,29.11,29.34,28.87,29.11,29.11,9391510
2009-07-10,29.47,29.71,29.23,29.47,29.47,3829707
2009-07-13,29.2,29.43,28.96,29.2,29.2,5322613
2009-07-14,29.92,30.16,29.68,29.92,29.92,7123150
2009-07-15,29.55,29.79,29.32,29.55,29.55,9068443
2009-07-16,29.31,29.55,29.08,29.31,29.31,5286130
2009-07-17,29.16,29.39,28.92,29.16,29.16,4404471
2009-07-20,28.88,29.12,28.65,28.88,28.88,10025618
2009-07-21,28.53,28.75,28.3,28.53,28.53,4652452
2009-07-22,27.85,28.08,27.63,27.85,27.85,2989855
2009-07-23,27.21,27.43,26.99,27.21,27.21,5513468
2009-07-24,27.4,27.62,27.18,27.4,27.4,6224741
2009-07-27,26.62,26.83,26.4,26.62,26.62,3765533
2009-07-28,26.31,26.52,26.1,26.31,26.31,7695398
2009-07-29,26.35,26.56,26.14,26.35,26.35,4302598
2009-07-30,26.29,26.5,26.08,26.29,26.29,5314082
2009-07-31,26.8,27.02,26.59,26.8,26.8,10953500
2009-08-03,26.6,26.82,26.39,26.6,26.6,4443383
2009-08-04,26.05,26.26,25.84,26.05,26.05,5900377
2009-08-05,26.13,26.34,25.92,26.13,26.13,4246747
2009-08-06,25.99,26.2,25.78,25.99,25.99,6197457
2009-08-07,26.09,26.3,25.88,26.09,26.09,4467452
2009-08-10,26.17,26.38,25.96,26.17,26.17,5260367
2009-08-11,25.8,26.0,25.59,25.8,25.8,4432121
2009-08-12,25.86,26.07,25.66,25.86,25.86,6424420
2009-08-13,25.56,25.76,25.35,25.56,25.56,3992916
2009-08-14,25.83,26.03,25.62,25.83,25.83,4736736
2009-08-17,25.83,26.03,25.62,25.83,25.83,9681475
2009-08-18,26.12,26.33,25.91,26.12,26.12,7625763
2009-08-19,26.25,26.46,26.04,26.25,26.25,5783241
2009-08-20,25.89,26.09,25.68,25.89,25.89,6458808
2009-08-21,25.63,25.84,25.43,25.63,25.63,5415255
2009-08-24,26.71,26.92,26.49,26.71,26.71,4773161
2009-08-25,26.39,26.6,26.18,26.39,26.39,6942013
2009-08-26,26.48,26.7,26.27,26.48,26.48,6091779
2009-08-27,26.3,26.52,26.09,26.3,26.3,4961991
2009-08-28,26.7,26.92,26.49,26.7,26.7,5639494
2009-08-31,26.66,26.87,26.45,26.66,26.66,5604848
2009-09-01,26.84,27.05,26.62,26.84,26.84,4686992
2009-09-02,26.29,26.5,26.08,26.29,26.29,7403115
2009-09-03,26.08,26.29,25.87,26.08,26.08,6948870
2009-09-04,26.43,26.64,26.22,26.43,26.43,5513054
2009-09-07,26.56,26.77,26.35,26.56,26.56,4903057
2009-09-08,26.72,26.93,26.51,26.72,26.72,3622173
2009-09-09,26.57,26.79,26.36,26.57,26.57,6987083
2009-09-10,26.79,27.01,26.58,26.79,26.79,2696106
2009-09-11,27.84,28.07,27.62,27.84,27.84,6571048
2009-09-14,27.52,27.74,27.3,27.52,27.52,8462290
2009-09-15,27.19,27.41,26.97,27.19,27.19,3664277
2009-09-16,27.69,27.91,27.47,27.69,27.69,8416876
2009-09-17,26.73,26.94,26.51,26.73,26.73,5715486
2009-09-18,27.09,27.3,26.87,27.09,27.09,2559767
2009-09-21,26.81,27.03,26.6,26.81,26.81,5702079
2009-09-22,27.24,27.45,27.02,27.24,27.24,7382020
2009-09-23,27.09,27.31,26.88,27.09,27.09,3606144
2009-09-24,26.72,26.94,26.51,26.72,26.72,5355309
2009-09-25,26.36,26.57,26.15,26.36,26.36,7687242
2009-09-28,26.4,26.62,26.19,26.4,26.4,3814072
2009-09-29,26.9,27.12,26.69,26.9,26.9,3183041
2009-09-30,27.36,27.58,27.14,27.36,27.36,7346562
2009-10-01,27.3,27.52,27.08,27.3,27.3,2980014
2009-10-02,27.33,27.55,27.11,27.33,27.33,4326345
2009-10-05,27.73,27.96,27.51,27.73,27.73,9021548
2009-10-06,26.94,27.15,26.72,26.94,26.94,5843035
2009-10-07,26.58,26.79,26.37,26.58,26.58,4794508
2009-10-08,27.07,27.28,26.85,27.07,27.07,3077392
2009-10-09,27.4,27.62,27.18,27.4,27.4,8955865
2009-10-12,27.59,27.81,27.37,27.59,27.59,6926727
2009-10-13,27.41,27.63,27.19,27.41,27.41,8623543
2009-10-14,27.98,28.2,27.75,27.98,27.98,4137670
2009-10-15,27.91,28.14,27.69,27.91,27.91,6620581
2009-10-16,27.27,27.48,27.05,27.27,27.27,3106891
2009-10-19,27.46,27.68,27.24,27.46,27.46,6027692
2009-10-20,27.44,27.66,27.22,27.44,27.44,5087619
2009-10-21,27.99,28.21,27.76,27.99,27.99,4741441
2009-10-22,28.12,28.35,27.9,28.12,28.12,4413609
2009-10-23,28.73,28.96,28.5,28.73,28.73,10782660
2009-10-26,28.26,28.48,28.03,28.26,28.26,5994058
2009-10-27,28.16,28.38,27.93,28.16,28.16,5266339
2009-10-28,28.4,28.63,28.17,28.4,28.4,7596739
2009-10-29,28.82,29.06,28.59,28.82,28.82,4419090
2009-10-30,29.4,29.64,29.17,29.4,29.4,3882330
2009-11-02,28.6,28.83,28.37,28.6,28.6,3815821
2009-11-03,28.25,28.47,28.02,28.25,28.25,6131463
2009-11-04,28.54,28.77,28.31,28.54,28.54,4057434
2009-11-05,28.49,28.71,28.26,28.49,28.49,8025142
2009-11-06,28.59,28.81,28.36,28.59,28.59,8224152
2009-11-09,28.7,28.93,28.47,28.7,28.7,4353694
2009-11-10,28.51,28.74,28.28,28.51,28.51,4122049
2009-11-11,28.21,28.44,27.98,28.21,28.21,4199413
2009-11-12,29.29,29.53,29.06,29.29,29.29,3295447
2009-11-13,29.07,29.3,28.83,29.07,29.07,6618968
2009-11-16,29.11,29.34,28.88,29.11,29.11,6324888
2009-11-17,28.91,29.14,28.68,28.91,28.91,6111199
2009-11-18,28.54,28.76,28.31,28.54,28.54,6848660
2009-11-19,28.7,28.93,28.47,28.7,28.7,6765807
2009-11-20,28.47,28.69,28.24,28.47,28.47,6561756
2009-11-23,27.61,27.83,27.39,27.61,27.61,4215715
2009-11-24,27.56,27.78,27.34,27.56,27.56,4353446
2009-11-25,26.98,27.19,26.76,26.98,26.98,5031625
2009-11-26,27.37,27.59,27.15,27.37,27.37,4211753
2009-11-27,27.63,27.85,27.4,27.63,27.63,8497819
2009-11-30,27.5,27.72,27.28,27.5,27.5,5220012
2009-12-01,26.69,26.9,26.47,26.69,26.69,2767723
2009-12-02,27.51,27.73,27.29,27.51,27.51,9998579
2009-12-03,27.25,27.47,27.03,27.25,27.25,6236897
2009-12-04,27.32,27.54,27.1,27.32,27.32,6233925
2009-12-07,27.04,27.25,26.82,27.04,27.04,4619865
2009-12-08,27.37,27.59,27.16,27.37,27.37,5430084
2009-12-09,27.44,27.66,27.22,27.44,27.44,5366409
2009-12-10,27.26,27.48,27.05,27.26,27.26,3812844
2009-12-11,27.35,27.57,27.13,27.35,27.35,5409907
2009-12-14,27.23,27.45,27.01,27.23,27.23,4280239
2009-12-15,27.1,27.31,26.88,27.1,27.1,6342059
2009-12-16,26.81,27.03,26.6,26.81,26.81,4343270
2009-12-17,27.03,27.24,26.81,27.03,27.03,2827503
2009-12-18,26.63,26.84,26.42,26.63,26.63,4663530
2009-12-21,26.5,26.71,26.29,26.5,26.5,5998273
2009-12-22,26.69,26.91,26.48,26.69,26.69,8725147
2009-12-23,26.76,26.97,26.54,26.76,26.76,4080054
2009-12-24,26.67,26.88,26.45,26.67,26.67,4600960
2009-12-25,27.09,27.3,26.87,27.09,27.09,5172661
2009-12-28,27.38,27.6,27.16,27.38,27.38,8214194
2009-12-29,28.01,28.24,27.79,28.01,28.01,4069421
2009-12-30,28.6,28.83,28.37,28.6,28.6,13536350
2009-12-31,27.82,28.04,27.6,27.82,27.82,6469748
2010-01-01,28.32,28.54,28.09,28.32,28.32,4903725
2010-01-04,28.58,28.81,28.36,28.58,28.58,4849217
2010-01-05,28.98,29.21,28.74,28.98,28.98,5972758
2010-01-06,29.19,29.42,28.95,29.19,29.19,4506944
2010-01-07,29.22,29.45,28.98,29.22,29.22,6314604
2010-01-08,28.83,29.06,28.6,28.83,28.83,6753374
2010-01-11,29.42,29.66,29.19,29.42,29.42,5984018
2010-01-12,28.86,29.09,28.63,28.86,28.86,2497320
2010-01-13,28.93,29.16,28.7,28.93,28.93,7119590
2010-01-14,28.58,28.81,28.35,28.58,28.58,5242350
2010-01-15,28.41,28.64,28.18,28.41,28.41,6469310
2010-01-18,27.95,28.17,27.73,27.95,27.95,4758422
2010-01-19,27.43,27.65,27.21,27.43,27.43,6380548
2010-01-20,27.55,27.77,27.33,27.55,27.55,10663403
2010-01-21,27.4,27.62,27.19,27.4,27.4,3810347
2010-01-22,27.26,27.48,27.04,27.26,27.26,6000301
2010-01-25,27.05,27.27,26.84,27.05,27.05,5844912
2010-01-26,26.39,26.6,26.18,26.39,26.39,4748132
2010-01-27,26.02,26.22,25.81,26.02,26.02,4173526
2010-01-28,26.05,26.26,25.85,26.05,26.05,2885745
2010-01-29,25.98,26.19,25.77,25.98,25.98,3425896
2010-02-01,25.39,25.59,25.18,25.39,25.39,4426729
2010-02-02,25.17,25.37,24.97,25.17,25.17,5629799
2010-02-03,24.89,25.09,24.69,24.89,24.89,11153660
2010-02-04,24.75,24.95,24.55,24.75,24.75,9955864
2010-02-05,24.37,24.56,24.17,24.37,24.37,4297121
2010-02-08,24.64,24.84,24.44,24.64,24.64,11839723
2010-02-09,24.38,24.58,24.19,24.38,24.38,4814938
2010-02-10,25.09,25.29,24.89,25.09,25.09,4970410
2010-02-11,25.0,25.2,24.8,25.0,25.0,3681379
2010-02-12,24.81,25.01,24.62,24.81,24.81,4225840
2010-02-15,24.76,24.96,24.56,24.76,24.76,4460527
2010-02-16,24.85,25.05,24.65,24.85,24.85,8367733
2010-02-17,25.66,25.86,25.45,25.66,25.66,4678754
2010-02-18,25.78,25.98,25.57,25.78,25.78,10027503
2010-02-19,26.07,26.28,25.86,26.07,26.07,7931708
2010-02-22,26.33,26.54,26.12,26.33,26.33,3045427
2010-02-23,26.06,26.27,25.85,26.06,26.06,4690026
2010-02-24,26.73,26.94,26.51,26.73,26.73,5070120
2010-02-25,26.93,27.15,26.72,26.93,26.93,3108841
2010-02-26,27.4,27.62,27.18,27.4,27.4,6236861
2010-03-01,27.11,27.32,26.89,27.11,27.11,2481049
2010-03-02,26.99,27.21,26.78,26.99,26.99,2867141
2010-03-03,27.55,27.77,27.33,27.55,27.55,7364509
2010-03-04,28.11,28.34,27.89,28.11,28.11,5439485
2010-03-05,29.08,29.32,28.85,29.08,29.08,16439320
2010-03-08,28.71,28.94,28.48,28.71,28.71,3163324
2010-03-09,28.01,28.24,27.79,28.01,28.01,7449591
2010-03-10,27.82,28.04,27.6,27.82,27.82,7526909
2010-03-11,28.8,29.03,28.57,28.8,28.8,5250216
2010-03-12,29.36,29.59,29.12,29.36,29.36,5796329
2010-03-15,30.41,30.65,30.17,30.41,30.41,8111510
2010-03-16,30.8,31.04,30.55,30.8,30.8,4571777
2010-03-17,31.01,31.26,30.77,31.01,31.01,8195999
2010-03-18,30.61,30.86,30.37,30.61,30.61,5912179
2010-03-19,29.98,30.22,29.74,29.98,29.98,1689402
2010-03-22,29.96,30.2,29.72,29.96,29.96,4365393
2010-03-23,29.72,29.95,29.48,29.72,29.72,2252888
2010-03-24,29.84,30.08,29.6,29.84,29.84,3182172
2010-03-25,29.93,30.17,29.69,29.93,29.93,5661938
2010-03-26,30.9,31.15,30.65,30.9,30.9,4738363
2010-03-29,30.46,30.7,30.21,30.46,30.46,5854058
2010-03-30,30.56,30.8,30.31,30.56,30.56,2848476
2010-03-31,30.37,30.62,30.13,30.37,30.37,3260794
2010-04-01,29.72,29.96,29.49,29.72,29.72,10814450
2010-04-02,30.31,30.55,30.07,30.31,30.31,5028651
2010-04-05,30.09,30.33,29.85,30.09,30.09,5830785
2010-04-06,30.53,30.77,30.29,30.53,30.53,6709072
2010-04-07,31.08,31.32,30.83,31.08,31.08,13745287
2010-04-08,30.84,31.09,30.59,30.84,30.84,6088953
2010-04-09,30.32,30.56,30.07,30.32,30.32,2333047
2010-04-12,30.9,31.15,30.66,30.9,30.9,8954314
2010-04-13,31.05,31.3,30.8,31.05,31.05,10294927
2010-04-14,31.17,31.42,30.92,31.17,31.17,6846212
2010-04-15,31.31,31.56,31.06,31.31,31.31,5857688
2010-04-16,31.02,31.27,30.77,31.02,31.02,3806866
2010-04-19,30.39,30.63,30.15,30.39,30.39,6309742
2010-04-20,30.48,30.72,30.23,30.48,30.48,8505866
2010-04-21,30.46,30.71,30.22,30.46,30.46,6501869
2010-04-22,30.08,30.33,29.84,30.08,30.08,2463649
2010-04-23,30.32,30.57,30.08,30.32,30.32,10341920
2010-04-26,30.26,30.5,30.01,30.26,30.26,7382665
2010-04-27,30.88,31.12,30.63,30.88,30.88,7070793
2010-04-28,30.8,31.05,30.56,30.8,30.8,4829798
2010-04-29,31.1,31.35,30.85,31.1,31.1,4970020
2010-04-30,30.69,30.94,30.45,30.69,30.69,6463861
2010-05-03,30.33,30.57,30.09,30.33,30.33,3977815
2010-05-04,31.27,31.52,31.02,31.27,31.27,5307372
2010-05-05,30.84,31.08,30.59,30.84,30.84,6801641
2010-05-06,30.4,30.64,30.16,30.4,30.4,2454222
2010-05-07,30.39,30.63,30.15,30.39,30.39,5532657
2010-05-10,29.95,30.19,29.71,29.95,29.95,3570504
2010-05-11,29.63,29.87,29.4,29.63,29.63,8199323
2010-05-12,28.75,28.98,28.52,28.75,28.75,5522403
2010-05-13,29.34,29.58,29.11,29.34,29.34,9840224
2010-05-14,29.25,29.48,29.01,29.25,29.25,6096936
2010-05-17,29.42,29.66,29.18,29.42,29.42,5319582
2010-05-18,28.81,29.04,28.58,28.81,28.81,4763044
2010-05-19,28.97,29.2,28.73,28.97,28.97,4687308
2010-05-20,28.54,28.77,28.31,28.54,28.54,5060217
2010-05-21,28.56,28.79,28.33,28.56,28.56,7743819
2010-05-24,28.89,29.12,28.66,28.89,28.89,6344615
2010-05-25,28.6,28.82,28.37,28.6,28.6,5712542
2010-05-26,28.81,29.04,28.58,28.81,28.81,5211872
2010-05-27,28.97,29.2,28.74,28.97,28.97,5194408
2010-05-28,29.28,29.51,29.05,29.28,29.28,3120281
2010-05-31,28.59,28.82,28.36,28.59,28.59,4411449
2010-06-01,29.19,29.43,28.96,29.19,29.19,6144802
2010-06-02,29.56,29.8,29.32,29.56,29.56,3757923
2010-06-03,28.93,29.16,28.7,28.93,28.93,6864365
2010-06-04,29.22,29.45,28.98,29.22,29.22,4755457
2010-06-07,29.2,29.44,28.97,29.2,29.2,6201952
2010-06-08,27.92,28.15,27.7,27.92,27.92,3043482
2010-06-09,28.75,28.98,28.52,28.75,28.75,5840894
2010-06-10,28.67,28.9,28.44,28.67,28.67,7978891
2010-06-11,28.78,29.02,28.55,28.78,28.78,5693743
2010-06-14,29.67,29.91,29.43,29.67,29.67,3998345
2010-06-15,28.92,29.15,28.68,28.92,28.92,2504011
2010-06-16,28.88,29.11,28.65,28.88,28.88,7537052
2010-06-17,28.91,29.14,28.67,28.91,28.91,6709566
2010-06-18,29.7,29.94,29.47,29.7,29.7,5257956
2010-06-21,30.03,30.27,29.79,30.03,30.03,4873962
2010-06-22,30.46,30.7,30.22,30.46,30.46,7471039
2010-06-23,30.25,30.49,30.01,30.25,30.25,4835717
2010-06-24,30.57,30.82,30.33,30.57,30.57,4072164
2010-06-25,30.57,30.82,30.33,30.57,30.57,7657199
2010-06-28,30.93,31.18,30.68,30.93,30.93,12389655
2010-06-29,30.52,30.77,30.28,30.52,30.52,2549728
2010-06-30,30.28,30.53,30.04,30.28,30.28,4049078
2010-07-01,29.81,30.05,29.57,29.81,29.81,11059157
2010-07-02,29.78,30.02,29.54,29.78,29.78,2999877
2010-07-05,29.32,29.55,29.08,29.32,29.32,10267316
2010-07-06,29.56,29.79,29.32,29.56,29.56,10882472
2010-07-07,29.31,29.54,29.07,29.31,29.31,4121186
2010-07-08,29.49,29.73,29.26,29.49,29.49,9380279
2010-07-09,29.39,29.63,29.16,29.39,29.39,5802689
2010-07-12,29.28,29.51,29.05,29.28,29.28,2968638
2010-07-13,27.88,28.1,27.66,27.88,27.88,4188184
2010-07-14,28.36,28.59,28.13,28.36,28.36,12047409
2010-07-15,27.88,28.1,27.66,27.88,27.88,6435966
2010-07-16,27.54,27.76,27.32,27.54,27.54,5021669
2010-07-19,27.21,27.43,26.99,27.21,27.21,6385933
2010-07-20,27.48,27.7,27.26,27.48,27.48,8696513
2010-07-21,28.04,28.26,27.82,28.04,28.04,6608616
2010-07-22,27.44,27.65,27.22,27.44,27.44,6858352
2010-07-23,27.33,27.55,27.11,27.33,27.33,7453529
2010-07-26,26.94,27.16,26.72,26.94,26.94,5363237
2010-07-27,27.05,27.27,26.84,27.05,27.05,3181688
2010-07-28,27.64,27.86,27.42,27.64,27.64,5589332
2010-07-29,28.03,28.25,27.8,28.03,28.03,11133337
2010-07-30,27.95,28.18,27.73,27.95,27.95,11623778
2010-08-02,28.02,28.25,27.8,28.02,28.02,10502808
2010-08-03,28.23,28.46,28.01,28.23,28.23,8318717
2010-08-04,27.7,27.93,27.48,27.7,27.7,5139620
2010-08-05,27.53,27.75,27.31,27.53,27.53,4152328
2010-08-06,28.31,28.54,28.08,28.31,28.31,2686321
2010-08-09,28.06,28.28,27.83,28.06,28.06,9034984
2010-08-10,28.75,28.98,28.52,28.75,28.75,8420478
2010-08-11,29.09,29.32,28.85,29.09,29.09,9950522
2010-08-12,29.44,29.67,29.2,29.44,29.44,6359310
2010-08-13,29.33,29.57,29.1,29.33,29.33,5388504
2010-08-16,29.1,29.33,28.87,29.1,29.1,3710807
2010-08-17,29.29,29.53,29.06,29.29,29.29,4550561
2010-08-18,29.02,29.26,28.79,29.02,29.02,3502211
2010-08-19,28.98,29.21,28.75,28.98,28.98,4778961
2010-08-20,28.84,29.07,28.61,28.84,28.84,4686276
2010-08-23,28.66,28.89,28.43,28.66,28.66,4246583
2010-08-24,28.15,28.38,27.93,28.15,28.15,8144309
2010-08-25,28.37,28.6,28.15,28.37,28.37,5287641
2010-08-26,28.07,28.3,27.85,28.07,28.07,3011660
2010-08-27,28.3,28.53,28.08,28.3,28.3,3691821
2010-08-30,29.31,29.54,29.07,29.31,29.31,5989172
2010-08-31,28.75,28.98,28.52,28.75,28.75,9842248
2010-09-01,28.43,28.66,28.2,28.43,28.43,3572432
2010-09-02,28.36,28.59,28.13,28.36,28.36,7080907
2010-09-03,28.52,28.75,28.29,28.52,28.52,8035758
2010-09-06,28.55,28.77,28.32,28.55,28.55,4681829
2010-09-07,28.49,28.72,28.26,28.49,28.49,4368191
2010-09-08,27.9,28.12,27.68,27.9,27.9,3413184
2010-09-09,28.47,28.7,28.25,28.47,28.47,4024784
2010-09-10,29.11,29.34,28.87,29.11,29.11,4246277
2010-09-13,29.21,29.45,28.98,29.21,29.21,2870919
2010-09-14,28.58,28.8,28.35,28.58,28.58,5208190
2010-09-15,28.74,28.97,28.51,28.74,28.74,4216724
2010-09-16,28.52,28.75,28.29,28.52,28.52,5102744
2010-09-17,28.1,28.33,27.88,28.1,28.1,3775877
2010-09-20,28.12,28.34,27.89,28.12,28.12,4457978
2010-09-21,28.09,28.31,27.86,28.09,28.09,12807532
2010-09-22,28.07,28.3,27.85,28.07,28.07,5395049
2010-09-23,28.43,28.66,28.2,28.43,28.43,3008032
2010-09-24,28.29,28.52,28.07,28.29,28.29,8110318
2010-09-27,28.46,28.69,28.24,28.46,28.46,3349124
2010-09-28,28.54,28.77,28.32,28.54,28.54,6768727
2010-09-29,28.62,28.85,28.39,28.62,28.62,4715549
2010-09-30,27.84,28.07,27.62,27.84,27.84,9716850
2010-10-01,28.13,28.36,27.91,28.13,28.13,7683673
2010-10-04,28.19,28.42,27.97,28.19,28.19,3523143
2010-10-05,28.05,28.28,27.83,28.05,28.05,2780566
2010-10-06,28.19,28.41,27.96,28.19,28.19,3788869
2010-10-07,27.42,27.64,27.2,27.42,27.42,11689827
2010-10-08,27.21,27.43,27.0,27.21,27.21,3764595
2010-10-11,27.13,27.35,26.91,27.13,27.13,6035876
2010-10-12,27.25,27.47,27.04,27.25,27.25,1929144
2010-10-13,27.76,27.98,27.53,27.76,27.76,3486838
2010-10-14,27.71,27.93,27.49,27.71,27.71,9764706
2010-10-15,27.7,27.92,27.48,27.7,27.7,4010325
2010-10-18,28.08,28.31,27.86,28.08,28.08,8147714
2010-10-19,27.15,27.36,26.93,27.15,27.15,7820266
2010-10-20,27.45,27.67,27.23,27.45,27.45,2199152
2010-10-21,27.58,27.8,27.36,27.58,27.58,2997825
2010-10-22,28.82,29.05,28.59,28.82,28.82,5174927
2010-10-25,29.71,29.95,29.47,29.71,29.71,6011397
2010-10-26,29.57,29.81,29.33,29.57,29.57,4818132
2010-10-27,30.07,30.31,29.83,30.07,30.07,5005199
2010-10-28,30.64,30.88,30.39,30.64,30.64,9074087
2010-10-29,30.76,31.01,30.51,30.76,30.76,3813389
2010-11-01,30.74,30.99,30.5,30.74,30.74,1722607
2010-11-02,30.26,30.5,30.02,30.26,30.26,3742769
2010-11-03,30.67,30.92,30.43,30.67,30.67,6422529
2010-11-04,30.78,31.03,30.54,30.78,30.78,3408336
2010-11-05,31.35,31.6,31.1,31.35,31.35,10238220
2010-11-08,30.88,31.12,30.63,30.88,30.88,5688513
2010-11-09,30.66,30.9,30.41,30.66,30.66,5837484
2010-11-10,30.19,30.43,29.95,30.19,30.19,5156911
2010-11-11,29.99,30.22,29.75,29.99,29.99,3788132
2010-11-12,31.05,31.3,30.8,31.05,31.05,7189538
2010-11-15,31.64,31.89,31.39,31.64,31.64,6755493
2010-11-16,31.8,32.05,31.55,31.8,31.8,11627044
2010-11-17,30.88,31.13,30.63,30.88,30.88,6830925
2010-11-18,31.31,31.56,31.06,31.31,31.31,5364818
2010-11-19,31.83,32.09,31.58,31.83,31.83,4859790
2010-11-22,32.03,32.29,31.78,32.03,32.03,7488365
2010-11-23,32.21,32.47,31.95,32.21,32.21,5682583
2010-11-24,32.4,32.66,32.14,32.4,32.4,5611971
2010-11-25,32.2,32.45,31.94,32.2,32.2,3944021
2010-11-26,31.85,32.11,31.6,31.85,31.85,6007036
2010-11-29,32.33,32.59,32.07,32.33,32.33,2162718
2010-11-30,32.39,32.65,32.13,32.39,32.39,5000373
2010-12-01,32.0,32.26,31.75,32.0,32.0,11319720
2010-12-02,30.86,31.1,30.61,30.86,30.86,4739084
2010-12-03,31.26,31.51,31.01,31.26,31.26,4878686
2010-12-06,31.52,31.77,31.27,31.52,31.52,6142339
2010-12-07,30.67,30.92,30.43,30.67,30.67,2140070
2010-12-08,30.48,30.72,30.23,30.48,30.48,5172711
2010-12-09,30.01,30.25,29.77,30.01,30.01,4643766
2010-12-10,29.32,29.55,29.09,29.32,29.32,6054851
2010-12-13,28.85,29.08,28.62,28.85,28.85,8700201
2010-12-14,28.75,28.98,28.52,28.75,28.75,6259601
2010-12-15,28.25,28.47,28.02,28.25,28.25,5685024
2010-12-16,27.52,27.74,27.3,27.52,27.52,5508145
2010-12-17,27.46,27.67,27.24,27.46,27.46,4659123
2010-12-20,27.31,27.53,27.1,27.31,27.31,5291131
2010-12-21,27.08,27.29,26.86,27.08,27.08,5335573
2010-12-22,27.08,27.29,26.86,27.08,27.08,3020394
2010-12-23,26.61,26.82,26.39,26.61,26.61,4494572
2010-12-24,26.25,26.46,26.04,26.25,26.25,4650349
2010-12-27,26.43,26.64,26.22,26.43,26.43,5202185
2010-12-28,26.72,26.93,26.5,26.72,26.72,5693554
2010-12-29,26.93,27.15,26.72,26.93,26.93,3954930
2010-12-30,26.68,26.89,26.46,26.68,26.68,5567707
2010-12-31,26.81,27.03,26.6,26.81,26.81,3476753
2011-01-03,26.78,27.0,26.57,26.78,26.78,3515987
2011-01-04,27.1,27.32,26.88,27.1,27.1,3196579
2011-01-05,27.15,27.36,26.93,27.15,27.15,4680283
2011-01-06,27.17,27.39,26.95,27.17,27.17,5660095
2011-01-07,27.4,27.62,27.18,27.4,27.4,2492223
2011-01-10,27.79,28.01,27.57,27.79,27.79,3963422
2011-01-11,27.99,28.22,27.77,27.99,27.99,10943520
2011-01-12,27.52,27.74,27.3,27.52,27.52,9408883
2011-01-13,27.31,27.53,27.09,27.31,27.31,5087254
2011-01-14,27.91,28.14,27.69,27.91,27.91,4770822
2011-01-17,27.61,27.83,27.39,27.61,27.61,5266615
2011-01-18,27.76,27.98,27.54,27.76,27.76,3364863
2011-01-19,27.74,27.96,27.52,27.74,27.74,6321925
2011-01-20,28.02,28.25,27.8,28.02,28.02,6149560
2011-01-21,27.89,28.11,27.66,27.89,27.89,5205220
2011-01-24,27.52,27.74,27.3,27.52,27.52,4181688
2011-01-25,27.61,27.83,27.39,27.61,27.61,1980020
2011-01-26,27.57,27.79,27.35,27.57,27.57,11272412
2011-01-27,27.79,28.02,27.57,27.79,27.79,14940150
2011-01-28,27.4,27.62,27.18,27.4,27.4,3013831
2011-01-31,27.35,27.57,27.13,27.35,27.35,7149723
2011-02-01,27.19,27.41,26.97,27.19,27.19,9053897
2011-02-02,27.22,27.44,27.01,27.22,27.22,7950955
2011-02-03,27.46,27.68,27.24,27.46,27.46,5324414
2011-02-04,28.19,28.41,27.96,28.19,28.19,4269002
2011-02-07,28.16,28.39,27.94,28.16,28.16,8868533
2011-02-08,28.22,28.45,28.0,28.22,28.22,9618943
2011-02-09,27.99,28.21,27.76,27.99,27.99,10540413
2011-02-10,27.78,28.0,27.56,27.78,27.78,6207236
2011-02-11,27.96,28.18,27.73,27.96,27.96,6541258
2011-02-14,27.53,27.75,27.31,27.53,27.53,2931228
2011-02-15,26.9,27.12,26.69,26.9,26.9,5100770
2011-02-16,27.09,27.3,26.87,27.09,27.09,7884949
2011-02-17,27.16,27.38,26.95,27.16,27.16,9359084
2011-02-18,27.04,27.26,26.82,27.04,27.04,6845575
2011-02-21,26.78,27.0,26.57,26.78,26.78,7480566
2011-02-22,26.66,26.87,26.44,26.66,26.66,3427285
2011-02-23,26.81,27.02,26.59,26.81,26.81,4975117
2011-02-24,27.23,27.45,27.01,27.23,27.23,9742417
2011-02-25,27.41,27.63,27.19,27.41,27.41,5720480
2011-02-28,27.9,28.12,27.67,27.9,27.9,4053312
2011-03-01,27.55,27.77,27.33,27.55,27.55,5350209
2011-03-02,27.37,27.59,27.15,27.37,27.37,6596768
2011-03-03,27.89,28.12,27.67,27.89,27.89,4775567
2011-03-04,28.04,28.27,27.82,28.04,28.04,4697973
2011-03-07,27.65,27.87,27.43,27.65,27.65,4224920
2011-03-08,27.86,28.08,27.64,27.86,27.86,5795087
2011-03-09,27.52,27.74,27.3,27.52,27.52,5966367
2011-03-10,28.0,28.22,27.77,28.0,28.0,4068401
2011-03-11,27.89,28.11,27.66,27.89,27.89,10290067
2011-03-14,28.06,28.29,27.84,28.06,28.06,3828150
2011-03-15,28.4,28.63,28.17,28.4,28.4,11280907
2011-03-16,28.86,29.09,28.63,28.86,28.86,9258717
2011-03-17,29.27,29.51,29.04,29.27,29.27,9487814
2011-03-18,29.3,29.54,29.07,29.3,29.3,7464838
2011-03-21,29.35,29.58,29.11,29.35,29.35,4377524
2011-03-22,29.96,30.2,29.72,29.96,29.96,6264961
2011-03-23,29.81,30.05,29.57,29.81,29.81,5770168
2011-03-24,29.99,30.23,29.75,29.99,29.99,6098105
2011-03-25,29.94,30.18,29.7,29.94,29.94,4356399
2011-03-28,29.51,29.74,29.27,29.51,29.51,7187804
2011-03-29,30.33,30.57,30.09,30.33,30.33,3951176
2011-03-30,30.02,30.26,29.78,30.02,30.02,3742238
2011-03-31,29.93,30.17,29.69,29.93,29.93,5917566
2011-04-01,29.68,29.92,29.44,29.68,29.68,9180361
2011-04-04,29.45,29.69,29.22,29.45,29.45,3709688
2011-04-05,30.41,30.65,30.17,30.41,30.41,6070761
2011-04-06,31.3,31.55,31.05,31.3,31.3,7438178
2011-04-07,32.41,32.67,32.15,32.41,32.41,8626132
2011-04-08,32.43,32.69,32.17,32.43,32.43,7501250
2011-04-11,31.73,31.99,31.48,31.73,31.73,10832755
2011-04-12,32.52,32.78,32.26,32.52,32.52,2996774
2011-04-13,32.66,32.92,32.4,32.66,32.66,4641798
2011-04-14,32.57,32.83,32.31,32.57,32.57,4306449
2011-04-15,32.48,32.74,32.22,32.48,32.48,3870315
2011-04-18,32.0,32.25,31.74,32.0,32.0,8032997
2011-04-19,32.25,32.51,31.99,32.25,32.25,9199229
2011-04-20,32.33,32.59,32.07,32.33,32.33,7183479
2011-04-21,31.9,32.15,31.64,31.9,31.9,8896407
2011-04-22,31.81,32.06,31.55,31.81,31.81,6652881
2011-04-25,31.31,31.56,31.06,31.31,31.31,3381489
2011-04-26,31.6,31.85,31.34,31.6,31.6,4101426
2011-04-27,31.55,31.8,31.3,31.55,31.55,4240407
2011-04-28,30.97,31.22,30.73,30.97,30.97,4701008
2011-04-29,30.66,30.91,30.42,30.66,30.66,3499161
2011-05-02,31.07,31.32,30.82,31.07,31.07,7204279
2011-05-03,30.66,30.9,30.41,30.66,30.66,4396050
2011-05-04,30.99,31.23,30.74,30.99,30.99,5428799
2011-05-05,30.25,30.49,30.01,30.25,30.25,4108869
2011-05-06,30.52,30.77,30.28,30.52,30.52,5092808
2011-05-09,30.89,31.14,30.65,30.89,30.89,8600360
2011-05-10,30.45,30.69,30.2,30.45,30.45,3411765
2011-05-11,31.11,31.36,30.87,31.11,31.11,10148217
2011-05-12,31.6,31.85,31.34,31.6,31.6,5017531
2011-05-13,31.84,32.09,31.58,31.84,31.84,2215387
2011-05-16,31.75,32.0,31.49,31.75,31.75,7408631
2011-05-17,31.88,32.14,31.63,31.88,31.88,9569498
2011-05-18,32.49,32.75,32.23,32.49,32.49,6851447
2011-05-19,32.15,32.41,31.9,32.15,32.15,6132627
2011-05-20,31.13,31.38,30.88,31.13,31.13,2834976
2011-05-23,31.5,31.75,31.25,31.5,31.5,10150911
2011-05-24,31.82,32.07,31.56,31.82,31.82,3592829
2011-05-25,31.78,32.04,31.53,31.78,31.78,2988106
2011-05-26,32.23,32.48,31.97,32.23,32.23,9421928
2011-05-27,31.98,32.24,31.73,31.98,31.98,2699327
2011-05-30,31.64,31.9,31.39,31.64,31.64,3625651
2011-05-31,31.74,31.99,31.49,31.74,31.74,7908347
2011-06-01,31.41,31.66,31.16,31.41,31.41,9092599
2011-06-02,31.26,31.51,31.01,31.26,31.26,5990314
2011-06-03,31.68,31.93,31.42,31.68,31.68,5933087
2011-06-06,32.05,32.3,31.79,32.05,32.05,4238659
2011-06-07,32.63,32.89,32.36,32.63,32.63,3669284
2011-06-08,32.98,33.24,32.71,32.98,32.98,12928033
2011-06-09,33.39,33.66,33.12,33.39,33.39,6136565
2011-06-10,32.75,33.01,32.48,32.75,32.75,3954375
2011-06-13,32.63,32.9,32.37,32.63,32.63,6003270
2011-06-14,32.93,33.19,32.67,32.93,32.93,7077784
2011-06-15,33.16,33.43,32.9,33.16,33.16,7790117
2011-06-16,32.98,33.25,32.72,32.98,32.98,4252120
2011-06-17,33.52,33.79,33.25,33.52,33.52,12333316
2011-06-20,33.07,33.33,32.8,33.07,33.07,4035365
2011-06-21,32.94,33.21,32.68,32.94,32.94,3870664
2011-06-22,32.24,32.5,31.98,32.24,32.24,6019694
2011-06-23,31.63,31.89,31.38,31.63,31.63,4804869
2011-06-24,32.19,32.44,31.93,32.19,32.19,9846629
2011-06-27,32.63,32.89,32.37,32.63,32.63,3126583
2011-06-28,33.03,33.3,32.77,33.03,33.03,7255545
2011-06-29,32.6,32.86,32.33,32.6,32.6,10726750
2011-06-30,33.01,33.28,32.75,33.01,33.01,4390345
2011-07-01,33.24,33.51,32.97,33.24,33.24,10411321
2011-07-04,32.71,32.97,32.45,32.71,32.71,7217777
2011-07-05,32.17,32.43,31.92,32.17,32.17,4240466
2011-07-06,32.06,32.32,31.81,32.06,32.06,13469272
2011-07-07,32.47,32.72,32.21,32.47,32.47,11009107
2011-07-08,32.13,32.38,31.87,32.13,32.13,2662432
2011-07-11,32.78,33.04,32.51,32.78,32.78,11492045
2011-07-12,32.48,32.74,32.22,32.48,32.48,3682081
2011-07-13,33.55,33.81,33.28,33.55,33.55,4122593
2011-07-14,33.32,33.59,33.06,33.32,33.32,7693283
2011-07-15,32.76,33.02,32.5,32.76,32.76,2984084
2011-07-18,32.59,32.85,32.32,32.59,32.59,7722876
2011-07-19,31.76,32.02,31.51,31.76,31.76,5228055
2011-07-20,31.25,31.5,31.0,31.25,31.25,4920795
2011-07-21,31.02,31.26,30.77,31.02,31.02,8545854
2011-07-22,31.4,31.66,31.15,31.4,31.4,1838000
2011-07-25,32.11,32.37,31.85,32.11,32.11,3416200
2011-07-26,31.78,32.04,31.53,31.78,31.78,5197673
2011-07-27,30.69,30.93,30.44,30.69,30.69,4421027
2011-07-28,31.06,31.31,30.81,31.06,31.06,4955285
2011-07-29,30.21,30.45,29.97,30.21,30.21,7168512
2011-08-01,30.28,30.52,30.04,30.28,30.28,14723073
2011-08-02,30.3,30.54,30.05,30.3,30.3,10931535
2011-08-03,29.41,29.64,29.17,29.41,29.41,3237867
2011-08-04,30.19,30.43,29.95,30.19,30.19,7974007
2011-08-05,29.93,30.17,29.69,29.93,29.93,8083836
2011-08-08,29.86,30.1,29.63,29.86,29.86,1975219
2011-08-09,30.01,30.25,29.77,30.01,30.01,2663452
2011-08-10,30.47,30.71,30.22,30.47,30.47,2757052
2011-08-11,30.59,30.83,30.35,30.59,30.59,6432114
2011-08-12,31.27,31.52,31.02,31.27,31.27,3481453
2011-08-15,31.28,31.53,31.03,31.28,31.28,4022414
2011-08-16,32.04,32.3,31.78,32.04,32.04,5072374
2011-08-17,32.32,32.57,32.06,32.32,32.32,3084794
2011-08-18,32.69,32.95,32.43,32.69,32.69,7889921
2011-08-19,32.41,32.67,32.15,32.41,32.41,3801216
2011-08-22,33.0,33.26,32.73,33.0,33.0,4842755
2011-08-23,33.73,34.0,33.46,33.73,33.73,9968406
2011-08-24,33.84,34.11,33.57,33.84,33.84,4702452
2011-08-25,34.65,34.93,34.38,34.65,34.65,5688543
2011-08-26,35.17,35.46,34.89,35.17,35.17,10406449
2011-08-29,35.42,35.7,35.14,35.42,35.42,5523759
2011-08-30,35.8,36.09,35.52,35.8,35.8,5934115
2011-08-31,36.06,36.35,35.77,36.06,36.06,11348533
2011-09-01,35.69,35.98,35.41,35.69,35.69,8497983
2011-09-02,35.52,35.81,35.24,35.52,35.52,3272013
2011-09-05,35.2,35.48,34.91,35.2,35.2,11022320
2011-09-06,34.84,35.12,34.56,34.84,34.84,5651367
2011-09-07,34.39,34.66,34.11,34.39,34.39,6546000
2011-09-08,34.36,34.64,34.09,34.36,34.36,2436465
2011-09-09,34.47,34.74,34.19,34.47,34.47,5491707
2011-09-12,35.31,35.6,35.03,35.31,35.31,6847868
2011-09-13,35.36,35.65,35.08,35.36,35.36,5161808
2011-09-14,35.64,35.93,35.36,35.64,35.64,3042769
2011-09-15,36.25,36.54,35.96,36.25,36.25,3647317
2011-09-16,35.82,36.11,35.53,35.82,35.82,4891946
2011-09-19,35.99,36.28,35.7,35.99,35.99,5988537
2011-09-20,36.21,36.5,35.92,36.21,36.21,8491225
2011-09-21,36.14,36.43,35.85,36.14,36.14,5007810
2011-09-22,36.14,36.43,35.85,36.14,36.14,3712406
2011-09-23,36.1,36.39,35.81,36.1,36.1,5590993
2011-09-26,35.44,35.72,35.15,35.44,35.44,3426912
2011-09-27,35.45,35.74,35.17,35.45,35.45,4362596
2011-09-28,36.41,36.7,36.12,36.41,36.41,3944684
2011-09-29,36.53,36.82,36.23,36.53,36.53,8566846
2011-09-30,36.76,37.05,36.47,36.76,36.76,7090902
2011-10-03,36.3,36.59,36.01,36.3,36.3,4063982
2011-10-04,36.31,36.6,36.02,36.31,36.31,4830158
2011-10-05,36.44,36.73,36.15,36.44,36.44,4742307
2011-10-06,35.72,36.01,35.44,35.72,35.72,4279603
2011-10-07,36.43,36.73,36.14,36.43,36.43,17397287
2011-10-10,36.95,37.25,36.66,36.95,36.95,5439214
2011-10-11,36.33,36.63,36.04,36.33,36.33,2677922
2011-10-12,36.65,36.95,36.36,36.65,36.65,4652039
2011-10-13,37.13,37.43,36.83,37.13,37.13,6298079
2011-10-14,37.05,37.34,36.75,37.05,37.05,6903859
2011-10-17,37.0,37.29,36.7,37.0,37.0,10380393
2011-10-18,37.5,37.8,37.2,37.5,37.5,7640183
2011-10-19,37.31,37.61,37.01,37.31,37.31,7977904
2011-10-20,36.48,36.77,36.19,36.48,36.48,4908714
2011-10-21,36.48,36.77,36.19,36.48,36.48,4142259
2011-10-24,36.09,36.38,35.8,36.09,36.09,9401255
2011-10-25,36.17,36.46,35.88,36.17,36.17,8580625
2011-10-26,35.92,36.21,35.63,35.92,35.92,7589088
2011-10-27,35.72,36.01,35.44,35.72,35.72,5132024
2011-10-28,35.43,35.71,35.15,35.43,35.43,7274124
2011-10-31,34.92,35.2,34.64,34.92,34.92,4078156
2011-11-01,35.25,35.53,34.96,35.25,35.25,9053626
2011-11-02,35.61,35.89,35.32,35.61,35.61,4858996
2011-11-03,36.04,36.33,35.76,36.04,36.04,5786391
2011-11-04,36.58,36.87,36.29,36.58,36.58,5013870
2011-11-07,36.05,36.34,35.76,36.05,36.05,3756053
2011-11-08,35.36,35.64,35.08,35.36,35.36,8619093
2011-11-09,34.61,34.89,34.34,34.61,34.61,7851675
2011-11-10,34.58,34.86,34.3,34.58,34.58,4111106
2011-11-11,35.46,35.74,35.17,35.46,35.46,5241963
2011-11-14,34.7,34.98,34.43,34.7,34.7,4393200
2011-11-15,35.85,36.13,35.56,35.85,35.85,5588097
2011-11-16,36.28,36.57,35.99,36.28,36.28,3988470
2011-11-17,36.17,36.46,35.89,36.17,36.17,6221795
2011-11-18,36.83,37.12,36.53,36.83,36.83,4696818
2011-11-21,36.58,36.87,36.29,36.58,36.58,5053765
2011-11-22,36.41,36.7,36.12,36.41,36.41,3289117
2011-11-23,36.76,37.05,36.46,36.76,36.76,8001831
2011-11-24,36.41,36.71,36.12,36.41,36.41,2839157
2011-11-25,36.58,36.88,36.29,36.58,36.58,4749123
2011-11-28,36.27,36.56,35.98,36.27,36.27,7126558
2011-11-29,36.39,36.68,36.1,36.39,36.39,4181298
2011-11-30,36.81,37.11,36.52,36.81,36.81,5134956
2011-12-01,36.88,37.17,36.58,36.88,36.88,6789597
2011-12-02,36.04,36.33,35.76,36.04,36.04,2676073
2011-12-05,36.24,36.53,35.95,36.24,36.24,3936434
2011-12-06,35.13,35.41,34.85,35.13,35.13,4040908
2011-12-07,35.03,35.31,34.75,35.03,35.03,6053256
2011-12-08,35.68,35.97,35.39,35.68,35.68,11796623
2011-12-09,35.57,35.85,35.28,35.57,35.57,9617534
2011-12-12,35.71,36.0,35.43,35.71,35.71,4398166
2011-12-13,34.51,34.79,34.23,34.51,34.51,3697086
2011-12-14,34.63,34.91,34.36,34.63,34.63,7805999
2011-12-15,34.71,34.99,34.43,34.71,34.71,4854687
2011-12-16,35.32,35.6,35.04,35.32,35.32,4161589
2011-12-19,35.75,36.04,35.46,35.75,35.75,6126326
2011-12-20,35.59,35.87,35.3,35.59,35.59,11193544
2011-12-21,35.43,35.71,35.15,35.43,35.43,4458989
2011-12-22,35.11,35.39,34.83,35.11,35.11,8096836
2011-12-23,34.77,35.05,34.49,34.77,34.77,3912773
2011-12-26,35.16,35.44,34.88,35.16,35.16,5391347
2011-12-27,35.0,35.28,34.72,35.0,35.0,4361373
2011-12-28,34.89,35.17,34.61,34.89,34.89,2944274
2011-12-29,34.98,35.26,34.7,34.98,34.98,4289441
2011-12-30,34.51,34.78,34.23,34.51,34.51,5253569
2012-01-02,34.71,34.99,34.44,34.71,34.71,6771241
2012-01-03,34.0,34.27,33.72,34.0,34.0,4399872
2012-01-04,33.27,33.53,33.0,33.27,33.27,4449014
2012-01-05,34.09,34.37,33.82,34.09,34.09,5406808
2012-01-06,34.23,34.5,33.96,34.23,34.23,6241667
2012-01-09,33.96,34.24,33.69,33.96,33.96,6598848
2012-01-10,33.61,33.88,33.34,33.61,33.61,4495915
2012-01-11,33.58,33.85,33.31,33.58,33.58,3715285
2012-01-12,33.8,34.07,33.53,33.8,33.8,8040234
2012-01-13,32.94,33.2,32.67,32.94,32.94,8710544
2012-01-16,31.83,32.08,31.57,31.83,31.83,3811446
2012-01-17,31.84,32.09,31.58,31.84,31.84,6145023
2012-01-18,32.05,32.3,31.79,32.05,32.05,6578191
2012-01-19,32.1,32.35,31.84,32.1,32.1,11038237
2012-01-20,32.08,32.34,31.83,32.08,32.08,11066687
2012-01-23,31.56,31.81,31.3,31.56,31.56,3807677
2012-01-24,31.53,31.78,31.28,31.53,31.53,7570973
2012-01-25,32.19,32.45,31.93,32.19,32.19,6114581
2012-01-26,32.45,32.71,32.19,32.45,32.45,2027033
2012-01-27,31.56,31.81,31.31,31.56,31.56,6856238
2012-01-30,31.44,31.69,31.18,31.44,31.44,4643805
2012-01-31,32.52,32.78,32.26,32.52,32.52,8010301
2012-02-01,32.13,32.38,31.87,32.13,32.13,4043561
2012-02-02,31.55,31.8,31.3,31.55,31.55,4063643
2012-02-03,31.03,31.28,30.78,31.03,31.03,3155381
2012-02-06,30.96,31.21,30.72,30.96,30.96,4084413
2012-02-07,30.57,30.82,30.33,30.57,30.57,7105419
2012-02-08,30.12,30.36,29.88,30.12,30.12,5421551
2012-02-09,30.2,30.44,29.96,30.2,30.2,3522549
2012-02-10,30.27,30.51,30.03,30.27,30.27,3808014
2012-02-13,30.95,31.2,30.7,30.95,30.95,3738895
2012-02-14,31.03,31.28,30.78,31.03,31.03,3258746
2012-02-15,30.91,31.16,30.66,30.91,30.91,2546588
2012-02-16,30.83,31.08,30.59,30.83,30.83,4242339
2012-02-17,31.49,31.75,31.24,31.49,31.49,4515477
2012-02-20,31.51,31.77,31.26,31.51,31.51,7079955
2012-02-21,31.46,31.71,31.21,31.46,31.46,6689862
2012-02-22,31.3,31.55,31.05,31.3,31.3,3733806
2012-02-23,30.83,31.08,30.59,30.83,30.83,2929906
2012-02-24,30.8,31.05,30.56,30.8,30.8,8394725
2012-02-27,30.01,30.25,29.77,30.01,30.01,6279912
2012-02-28,29.17,29.4,28.93,29.17,29.17,3412060
2012-02-29,28.41,28.63,28.18,28.41,28.41,5942283
2012-03-01,28.31,28.54,28.09,28.31,28.31,5770892
2012-03-02,28.67,28.9,28.44,28.67,28.67,8469823
2012-03-05,28.34,28.56,28.11,28.34,28.34,3244136
2012-03-06,28.31,28.54,28.08,28.31,28.31,5076939
2012-03-07,27.96,28.18,27.74,27.96,27.96,2848410
2012-03-08,27.6,27.82,27.38,27.6,27.6,7910017
2012-03-09,28.35,28.58,28.13,28.35,28.35,7853277
2012-03-12,29.27,29.5,29.03,29.27,29.27,4318271
2012-03-13,29.48,29.71,29.24,29.48,29.48,4446220
2012-03-14,29.56,29.8,29.32,29.56,29.56,2088646
2012-03-15,29.11,29.34,28.87,29.11,29.11,11761801
2012-03-16,28.67,28.9,28.44,28.67,28.67,8192562
2012-03-19,28.99,29.22,28.75,28.99,28.99,14060891
2012-03-20,29.45,29.69,29.22,29.45,29.45,4799799
2012-03-21,29.34,29.58,29.11,29.34,29.34,2475664
2012-03-22,29.21,29.44,28.97,29.21,29.21,3023512
2012-03-23,29.35,29.58,29.11,29.35,29.35,8341143
2012-03-26,29.86,30.1,29.62,29.86,29.86,2801313
2012-03-27,30.53,30.77,30.28,30.53,30.53,7611176
2012-03-28,30.91,31.16,30.66,30.91,30.91,6858514
2012-03-29,30.26,30.5,30.02,30.26,30.26,11822124
2012-03-30,29.9,30.14,29.66,29.9,29.9,4952619
2012-04-02,30.17,30.42,29.93,30.17,30.17,5070668
2012-04-03,30.94,31.18,30.69,30.94,30.94,6677092
2012-04-04,31.64,31.89,31.39,31.64,31.64,5371036
2012-04-05,31.26,31.51,31.01,31.26,31.26,10111234
2012-04-06,31.29,31.54,31.04,31.29,31.29,5439483
2012-04-09,31.8,32.06,31.55,31.8,31.8,5335018
2012-04-10,31.78,32.04,31.53,31.78,31.78,3844743
2012-04-11,31.81,32.07,31.56,31.81,31.81,3066535
2012-04-12,31.09,31.34,30.84,31.09,31.09,6535000
2012-04-13,30.01,30.25,29.77,30.01,30.01,5322759
2012-04-16,29.52,29.76,29.29,29.52,29.52,4233393
2012-04-17,29.62,29.86,29.39,29.62,29.62,8515699
2012-04-18,30.6,30.85,30.36,30.6,30.6,3743746
2012-04-19,31.15,31.4,30.9,31.15,31.15,5579912
2012-04-20,30.55,30.79,30.3,30.55,30.55,6481149
2012-04-23,30.74,30.98,30.49,30.74,30.74,7956962
2012-04-24,30.11,30.35,29.87,30.11,30.11,6682387
2012-04-25,29.77,30.01,29.53,29.77,29.77,8873400
2012-04-26,29.46,29.69,29.22,29.46,29.46,5707749
2012-04-27,29.01,29.24,28.78,29.01,29.01,8652258
2012-04-30,29.49,29.73,29.26,29.49,29.49,5552130
2012-05-01,29.76,30.0,29.53,29.76,29.76,7024079
2012-05-02,30.01,30.25,29.77,30.01,30.01,9689581
2012-05-03,30.64,30.89,30.4,30.64,30.64,6372153
2012-05-04,30.27,30.51,30.03,30.27,30.27,7131615
2012-05-07,29.98,30.22,29.74,29.98,29.98,6083234
2012-05-08,30.19,30.43,29.95,30.19,30.19,3744662
2012-05-09,30.0,30.24,29.76,30.0,30.0,4372760
2012-05-10,30.32,30.57,30.08,30.32,30.32,7804580
2012-05-11,30.01,30.25,29.77,30.01,30.01,4779976
2012-05-14,30.41,30.65,30.16,30.41,30.41,6368774
2012-05-15,30.44,30.68,30.19,30.44,30.44,3313981
2012-05-16,30.84,31.08,30.59,30.84,30.84,5427091
2012-05-17,30.79,31.03,30.54,30.79,30.79,3818013
2012-05-18,30.76,31.01,30.52,30.76,30.76,4566332
2012-05-21,30.93,31.18,30.68,30.93,30.93,8054230
2012-05-22,30.74,30.98,30.49,30.74,30.74,3232286
2012-05-23,31.09,31.34,30.84,31.09,31.09,6373114
2012-05-24,31.65,31.9,31.39,31.65,31.65,1778133
2012-05-25,32.03,32.29,31.78,32.03,32.03,3150188
2012-05-28,30.57,30.81,30.32,30.57,30.57,4646963
2012-05-29,30.27,30.51,30.03,30.27,30.27,8383660
2012-05-30,30.16,30.4,29.92,30.16,30.16,5644866
2012-05-31,30.45,30.7,30.21,30.45,30.45,6892193
2012-06-01,29.96,30.2,29.72,29.96,29.96,4930192
2012-06-04,29.25,29.48,29.01,29.25,29.25,10521813
2012-06-05,28.51,28.74,28.28,28.51,28.51,5542064
2012-06-06,28.71,28.93,28.48,28.71,28.71,4483717
2012-06-07,28.98,29.21,28.75,28.98,28.98,5302871
2012-06-08,29.28,29.52,29.05,29.28,29.28,3273586
2012-06-11,29.47,29.7,29.23,29.47,29.47,6063791
2012-06-12,29.26,29.49,29.02,29.26,29.26,4142617
2012-06-13,28.73,28.96,28.5,28.73,28.73,5531586
2012-06-14,29.71,29.95,29.47,29.71,29.71,6701038
2012-06-15,29.56,29.8,29.32,29.56,29.56,7211134
2012-06-18,29.01,29.24,28.77,29.01,29.01,7813951
2012-06-19,29.39,29.62,29.15,29.39,29.39,2449243
2012-06-20,29.79,30.02,29.55,29.79,29.79,6165572
2012-06-21,29.67,29.91,29.43,29.67,29.67,4312419
2012-06-22,29.77,30.01,29.53,29.77,29.77,5310554
2012-06-25,29.96,30.2,29.72,29.96,29.96,2790324
2012-06-26,29.79,30.03,29.55,29.79,29.79,5797098
2012-06-27,29.56,29.8,29.33,29.56,29.56,7292346
2012-06-28,29.4,29.64,29.17,29.4,29.4,8230865
2012-06-29,29.45,29.69,29.22,29.45,29.45,3236701
2012-07-02,29.19,29.43,28.96,29.19,29.19,4948202
2012-07-03,29.33,29.56,29.09,29.33,29.33,7868039
2012-07-04,29.78,30.02,29.54,29.78,29.78,7023273
2012-07-05,29.25,29.49,29.02,29.25,29.25,4767614
2012-07-06,29.76,30.0,29.53,29.76,29.76,6899772
2012-07-09,30.39,30.64,30.15,30.39,30.39,5241876
2012-07-10,31.29,31.54,31.04,31.29,31.29,6081337
2012-07-11,31.9,32.16,31.65,31.9,31.9,3957364
2012-07-12,31.41,31.66,31.15,31.41,31.41,2806906
2012-07-13,31.96,32.21,31.7,31.96,31.96,10415224
2012-07-16,31.41,31.66,31.15,31.41,31.41,13961259
2012-07-17,31.84,32.1,31.59,31.84,31.84,7604177
2012-07-18,32.03,32.29,31.78,32.03,32.03,9501108
2012-07-19,31.14,31.39,30.89,31.14,31.14,5783952
2012-07-20,31.69,31.95,31.44,31.69,31.69,2291408
2012-07-23,31.3,31.55,31.05,31.3,31.3,8281073
2012-07-24,30.76,31.0,30.51,30.76,30.76,4986584
2012-07-25,30.74,30.99,30.5,30.74,30.74,7319567
2012-07-26,31.24,31.49,30.99,31.24,31.24,3767968
2012-07-27,30.63,30.87,30.38,30.63,30.63,8882679
2012-07-30,31.19,31.44,30.94,31.19,31.19,5978315
2012-07-31,30.92,31.17,30.67,30.92,30.92,4034467
2012-08-01,31.38,31.63,31.13,31.38,31.38,2957270
2012-08-02,31.18,31.43,30.93,31.18,31.18,4714764
2012-08-03,32.32,32.58,32.06,32.32,32.32,1554898
2012-08-06,32.55,32.81,32.29,32.55,32.55,3093270
2012-08-07,32.51,32.77,32.25,32.51,32.51,3737697
2012-08-08,32.4,32.66,32.14,32.4,32.4,7241313
2012-08-09,31.74,32.0,31.49,31.74,31.74,7873604
2012-08-10,31.39,31.64,31.14,31.39,31.39,3381141
2012-08-13,31.62,31.87,31.36,31.62,31.62,4183148
2012-08-14,31.72,31.97,31.47,31.72,31.72,9304080
2012-08-15,31.36,31.61,31.11,31.36,31.36,7006399
2012-08-16,31.14,31.38,30.89,31.14,31.14,6582486
2012-08-17,31.28,31.53,31.03,31.28,31.28,3261067
2012-08-20,31.6,31.86,31.35,31.6,31.6,4611574
2012-08-21,31.73,31.98,31.47,31.73,31.73,3639328
2012-08-22,31.75,32.01,31.5,31.75,31.75,3148731
2012-08-23,32.28,32.54,32.02,32.28,32.28,6865409
2012-08-24,32.7,32.97,32.44,32.7,32.7,4881004
2012-08-27,33.19,33.45,32.92,33.19,33.19,5620699
2012-08-28,32.86,33.12,32.59,32.86,32.86,3284271
2012-08-29,32.64,32.9,32.38,32.64,32.64,2214913
2012-08-30,32.63,32.89,32.37,32.63,32.63,6399012
2012-08-31,32.72,32.98,32.46,32.72,32.72,6369251
2012-09-03,32.82,33.08,32.56,32.82,32.82,5025156
2012-09-04,33.43,33.69,33.16,33.43,33.43,5578043
2012-09-05,33.47,33.74,33.21,33.47,33.47,4573026
2012-09-06,33.28,33.54,33.01,33.28,33.28,5115489
2012-09-07,33.69,33.96,33.42,33.69,33.69,4323487
2012-09-10,33.12,33.38,32.85,33.12,33.12,7124257
2012-09-11,34.29,34.57,34.02,34.29,34.29,3002875
2012-09-12,34.48,34.76,34.2,34.48,34.48,9030572
2012-09-13,34.45,34.72,34.17,34.45,34.45,4855582
2012-09-14,34.31,34.58,34.04,34.31,34.31,4139435
2012-09-17,34.64,34.91,34.36,34.64,34.64,7028568
2012-09-18,34.69,34.97,34.42,34.69,34.69,9111519
2012-09-19,34.86,35.14,34.58,34.86,34.86,4443726
2012-09-20,34.35,34.62,34.07,34.35,34.35,6660120
2012-09-21,33.91,34.18,33.63,33.91,33.91,8042382
2012-09-24,34.4,34.67,34.12,34.4,34.4,6458312
2012-09-25,34.75,35.03,34.47,34.75,34.75,4474552
2012-09-26,33.55,33.82,33.29,33.55,33.55,7743566
2012-09-27,33.65,33.92,33.39,33.65,33.65,5359186
2012-09-28,34.05,34.32,33.78,34.05,34.05,4725923
2012-10-01,34.15,34.42,33.87,34.15,34.15,4871592
2012-10-02,34.35,34.63,34.08,34.35,34.35,8578377
2012-10-03,33.85,34.12,33.58,33.85,33.85,4117646
2012-10-04,33.5,33.77,33.23,33.5,33.5,5477029
2012-10-05,33.42,33.69,33.16,33.42,33.42,8934958
2012-10-08,33.27,33.54,33.01,33.27,33.27,4305266
2012-10-09,33.92,34.19,33.65,33.92,33.92,2686158
2012-10-10,33.22,33.49,32.96,33.22,33.22,3889604
2012-10-11,33.43,33.69,33.16,33.43,33.43,6234364
2012-10-12,32.75,33.01,32.49,32.75,32.75,6313266
2012-10-15,32.63,32.89,32.37,32.63,32.63,3550005
2012-10-16,31.79,32.05,31.54,31.79,31.79,6598289
2012-10-17,32.13,32.39,31.88,32.13,32.13,2643419
2012-10-18,31.83,32.09,31.58,31.83,31.83,9520158
2012-10-19,32.33,32.59,32.07,32.33,32.33,5929060
2012-10-22,32.86,33.12,32.6,32.86,32.86,5492234
2012-10-23,33.01,33.28,32.75,33.01,33.01,4936884
2012-10-24,33.26,33.52,32.99,33.26,33.26,3512531
2012-10-25,33.47,33.74,33.21,33.47,33.47,6435438
2012-10-26,34.17,34.45,33.9,34.17,34.17,7992205
2012-10-29,34.27,34.55,34.0,34.27,34.27,3144704
2012-10-30,33.59,33.86,33.32,33.59,33.59,6064035
2012-10-31,33.7,33.97,33.43,33.7,33.7,6600190
2012-11-01,33.3,33.57,33.04,33.3,33.3,5788330
2012-11-02,33.71,33.98,33.44,33.71,33.71,3292471
2012-11-05,33.15,33.41,32.88,33.15,33.15,6418975
2012-11-06,33.11,33.38,32.85,33.11,33.11,3934276
2012-11-07,32.86,33.12,32.6,32.86,32.86,8963787
2012-11-08,32.96,33.22,32.69,32.96,32.96,18517672
2012-11-09,33.12,33.38,32.85,33.12,33.12,3678845
2012-11-12,33.8,34.07,33.53,33.8,33.8,6660942
2012-11-13,32.65,32.91,32.39,32.65,32.65,5356846
2012-11-14,32.72,32.98,32.46,32.72,32.72,9417974
2012-11-15,32.86,33.12,32.59,32.86,32.86,4822022
2012-11-16,33.04,33.3,32.78,33.04,33.04,6856152
2012-11-19,33.56,33.83,33.29,33.56,33.56,6254720
2012-11-20,34.14,34.42,33.87,34.14,34.14,4645171
2012-11-21,34.43,34.71,34.15,34.43,34.43,5544975
2012-11-22,35.13,35.41,34.85,35.13,35.13,5753495
2012-11-23,35.71,36.0,35.43,35.71,35.71,2222206
2012-11-26,36.03,36.32,35.74,36.03,36.03,4308015
2012-11-27,35.95,36.23,35.66,35.95,35.95,3869929
2012-11-28,35.92,36.21,35.64,35.92,35.92,3081134
2012-11-29,36.51,36.8,36.21,36.51,36.51,7099581
2012-11-30,36.23,36.52,35.94,36.23,36.23,4503789
2012-12-03,35.94,36.23,35.65,35.94,35.94,6003493
2012-12-04,34.93,35.21,34.65,34.93,34.93,3620133
2012-12-05,35.67,35.96,35.39,35.67,35.67,10537505
2012-12-06,37.03,37.32,36.73,37.03,37.03,7155962
2012-12-07,36.91,37.2,36.61,36.91,36.91,5483762
2012-12-10,36.83,37.12,36.53,36.83,36.83,6473203
2012-12-11,36.76,37.05,36.46,36.76,36.76,4838280
2012-12-12,36.82,37.11,36.52,36.82,36.82,9029505
2012-12-13,36.14,36.42,35.85,36.14,36.14,4440386
2012-12-14,35.66,35.94,35.37,35.66,35.66,7204811
2012-12-17,35.9,36.19,35.61,35.9,35.9,8927941
2012-12-18,35.82,36.1,35.53,35.82,35.82,4037453
2012-12-19,34.67,34.95,34.39,34.67,34.67,3457002
2012-12-20,34.92,35.2,34.64,34.92,34.92,4798753
2012-12-21,36.07,36.36,35.78,36.07,36.07,5038086
2012-12-24,36.38,36.67,36.08,36.38,36.38,8810739
2012-12-25,36.51,36.8,36.22,36.51,36.51,4759394
2012-12-26,36.19,36.47,35.9,36.19,36.19,5338714
2012-12-27,36.18,36.47,35.89,36.18,36.18,6147780
2012-12-28,35.74,36.02,35.45,35.74,35.74,11027948
2012-12-31,35.24,35.53,34.96,35.24,35.24,4630608
2013-01-01,35.44,35.72,35.15,35.44,35.44,6224368
2013-01-02,35.17,35.45,34.89,35.17,35.17,6026561
2013-01-03,35.6,35.88,35.31,35.6,35.6,3312965
2013-01-04,35.35,35.63,35.06,35.35,35.35,3973954
2013-01-07,36.16,36.45,35.87,36.16,36.16,7872070
2013-01-08,35.53,35.82,35.25,35.53,35.53,6062311
2013-01-09,35.18,35.46,34.9,35.18,35.18,4112946
2013-01-10,35.81,36.1,35.52,35.81,35.81,4018712
2013-01-11,36.11,36.4,35.82,36.11,36.11,3658276
2013-01-14,36.26,36.55,35.97,36.26,36.26,5292006
2013-01-15,36.23,36.52,35.94,36.23,36.23,4519304
2013-01-16,36.84,37.13,36.54,36.84,36.84,5738257
2013-01-17,36.24,36.53,35.95,36.24,36.24,2743560
2013-01-18,36.17,36.46,35.88,36.17,36.17,2201821
2013-01-21,36.82,37.11,36.52,36.82,36.82,4696359
2013-01-22,37.67,37.97,37.37,37.67,37.67,3390061
2013-01-23,38.11,38.42,37.81,38.11,38.11,8420476
2013-01-24,38.1,38.4,37.79,38.1,38.1,2558567
2013-01-25,37.99,38.29,37.68,37.99,37.99,5374971
2013-01-28,38.95,39.26,38.64,38.95,38.95,3693322
2013-01-29,38.5,38.81,38.19,38.5,38.5,6946046
2013-01-30,38.41,38.72,38.11,38.41,38.41,7478199
2013-01-31,39.52,39.83,39.2,39.52,39.52,4154010
2013-02-01,39.75,40.06,39.43,39.75,39.75,7878330
2013-02-04,39.66,39.97,39.34,39.66,39.66,4488017
2013-02-05,39.1,39.41,38.78,39.1,39.1,5505404
2013-02-06,39.49,39.8,39.17,39.49,39.49,3104900
2013-02-07,39.28,39.59,38.96,39.28,39.28,6794939
2013-02-08,38.85,39.16,38.54,38.85,38.85,2367931
2013-02-11,39.52,39.84,39.21,39.52,39.52,6498367
2013-02-12,40.28,40.61,39.96,40.28,40.28,3857322
2013-02-13,39.86,40.17,39.54,39.86,39.86,5529914
2013-02-14,40.29,40.61,39.96,40.29,40.29,4244661
2013-02-15,40.24,40.56,39.91,40.24,40.24,3397344
2013-02-18,40.58,40.9,40.25,40.58,40.58,6882742
2013-02-19,41.09,41.42,40.76,41.09,41.09,2826771
2013-02-20,39.9,40.22,39.58,39.9,39.9,6586211
2013-02-21,40.09,40.41,39.77,40.09,40.09,8149168
2013-02-22,39.48,39.8,39.17,39.48,39.48,5603326
2013-02-25,39.44,39.76,39.13,39.44,39.44,7807839
2013-02-26,39.11,39.43,38.8,39.11,39.11,4021714
2013-02-27,39.26,39.57,38.94,39.26,39.26,6278162
2013-02-28,39.58,39.89,39.26,39.58,39.58,4230558
2013-03-01,39.37,39.68,39.05,39.37,39.37,3057633
2013-03-04,39.38,39.7,39.07,39.38,39.38,6311206
2013-03-05,38.88,39.19,38.57,38.88,38.88,5099688
2013-03-06,37.96,38.26,37.66,37.96,37.96,5001813
2013-03-07,37.22,37.52,36.92,37.22,37.22,5066397
2013-03-08,38.38,38.69,38.07,38.38,38.38,2968574
2013-03-11,39.31,39.62,38.99,39.31,39.31,6285043
2013-03-12,39.13,39.45,38.82,39.13,39.13,7236623
2013-03-13,38.22,38.53,37.92,38.22,38.22,3813794
2013-03-14,39.15,39.47,38.84,39.15,39.15,5951195
2013-03-15,38.79,39.1,38.48,38.79,38.79,11541286
2013-03-18,38.14,38.45,37.84,38.14,38.14,8224180
2013-03-19,37.19,37.49,36.89,37.19,37.19,6673527
2013-03-20,36.76,37.06,36.47,36.76,36.76,5842429
2013-03-21,37.87,38.17,37.57,37.87,37.87,2752374
2013-03-22,37.17,37.47,36.87,37.17,37.17,2523216
2013-03-25,37.31,37.61,37.01,37.31,37.31,4259211
2013-03-26,37.03,37.32,36.73,37.03,37.03,6833966
2013-03-27,36.39,36.68,36.1,36.39,36.39,7797103
2013-03-28,36.41,36.71,36.12,36.41,36.41,5784467
2013-03-29,37.14,37.43,36.84,37.14,37.14,3757557
2013-04-01,37.18,37.48,36.88,37.18,37.18,6979602
2013-04-02,37.43,37.73,37.13,37.43,37.43,7828875
2013-04-03,37.1,37.4,36.81,37.1,37.1,5019628
2013-04-04,36.75,37.05,36.46,36.75,36.75,12857462
2013-04-05,36.87,37.17,36.58,36.87,36.87,2935991
2013-04-08,37.62,37.92,37.32,37.62,37.62,4821352
2013-04-09,36.82,37.11,36.52,36.82,36.82,7837059
2013-04-10,36.7,36.99,36.4,36.7,36.7,8145040
2013-04-11,36.26,36.55,35.97,36.26,36.26,4386179
2013-04-12,36.86,37.16,36.57,36.86,36.86,8393311
2013-04-15,36.0,36.29,35.71,36.0,36.0,5043513
2013-04-16,36.03,36.32,35.74,36.03,36.03,5148945
2013-04-17,36.67,36.96,36.38,36.67,36.67,7081570
2013-04-18,35.76,36.05,35.48,35.76,35.76,3378570
2013-04-19,35.16,35.44,34.88,35.16,35.16,4579620
2013-04-22,35.27,35.55,34.98,35.27,35.27,7109883
2013-04-23,35.06,35.34,34.78,35.06,35.06,4402727
2013-04-24,35.03,35.31,34.75,35.03,35.03,4133106
2013-04-25,35.11,35.39,34.83,35.11,35.11,5865764
2013-04-26,34.56,34.84,34.29,34.56,34.56,3692334
2013-04-29,34.9,35.18,34.62,34.9,34.9,5507261
2013-04-30,35.18,35.47,34.9,35.18,35.18,6182507
2013-05-01,35.96,36.24,35.67,35.96,35.96,6205804
2013-05-02,35.3,35.58,35.02,35.3,35.3,5469531
2013-05-03,35.66,35.95,35.38,35.66,35.66,8501052
2013-05-06,36.97,37.27,36.68,36.97,36.97,6183952
2013-05-07,36.39,36.68,36.1,36.39,36.39,10491261
2013-05-08,37.67,37.97,37.36,37.67,37.67,4555317
2013-05-09,38.22,38.52,37.91,38.22,38.22,5403963
2013-05-10,38.43,38.73,38.12,38.43,38.43,2919810
2013-05-13,38.2,38.51,37.89,38.2,38.2,3760052
2013-05-14,38.58,38.89,38.27,38.58,38.58,7443479
2013-05-15,38.58,38.88,38.27,38.58,38.58,7432267
2013-05-16,38.93,39.24,38.62,38.93,38.93,5311864
2013-05-17,38.93,39.25,38.62,38.93,38.93,4731807
2013-05-20,39.77,40.09,39.45,39.77,39.77,3238780
2013-05-21,41.12,41.45,40.79,41.12,41.12,5403681
2013-05-22,41.01,41.34,40.68,41.01,41.01,13159793
2013-05-23,40.23,40.56,39.91,40.23,40.23,2643025
2013-05-24,40.55,40.88,40.23,40.55,40.55,2518459
2013-05-27,40.42,40.75,40.1,40.42,40.42,2836662
2013-05-28,40.13,40.45,39.81,40.13,40.13,8278205
2013-05-29,40.39,40.71,40.07,40.39,40.39,3547942
2013-05-30,39.83,40.15,39.51,39.83,39.83,3530646
2013-05-31,39.49,39.81,39.18,39.49,39.49,3926371
2013-06-03,39.51,39.82,39.19,39.51,39.51,8126031
2013-06-04,38.78,39.09,38.47,38.78,38.78,4203980
2013-06-05,38.42,38.73,38.11,38.42,38.42,4340081
2013-06-06,38.79,39.1,38.48,38.79,38.79,10410293
2013-06-07,38.0,38.3,37.69,38.0,38.0,9375235
2013-06-10,37.54,37.84,37.24,37.54,37.54,3661495
2013-06-11,36.87,37.17,36.58,36.87,36.87,9595441
2013-06-12,37.01,37.3,36.71,37.01,37.01,2940568
2013-06-13,36.64,36.94,36.35,36.64,36.64,4426415
2013-06-14,36.23,36.52,35.94,36.23,36.23,4395607
2013-06-17,35.86,36.14,35.57,35.86,35.86,5126079
2013-06-18,36.25,36.54,35.96,36.25,36.25,11482661
2013-06-19,35.97,36.26,35.68,35.97,35.97,4913035
2013-06-20,36.06,36.35,35.77,36.06,36.06,7262698
2013-06-21,36.07,36.35,35.78,36.07,36.07,6647079
2013-06-24,35.86,36.15,35.57,35.86,35.86,4610456
2013-06-25,35.16,35.44,34.88,35.16,35.16,9818292
2013-06-26,35.76,36.04,35.47,35.76,35.76,5357286
2013-06-27,35.19,35.48,34.91,35.19,35.19,7189386
2013-06-28,35.7,35.99,35.42,35.7,35.7,5053623
2013-07-01,36.14,36.43,35.85,36.14,36.14,5085563
2013-07-02,36.24,36.53,35.95,36.24,36.24,4210032
2013-07-03,35.72,36.0,35.43,35.72,35.72,2767478
2013-07-04,35.31,35.59,35.03,35.31,35.31,3630544
2013-07-05,35.4,35.69,35.12,35.4,35.4,3515348
2013-07-08,36.13,36.42,35.84,36.13,36.13,2795995
2013-07-09,36.63,36.93,36.34,36.63,36.63,8678517
2013-07-10,36.63,36.92,36.33,36.63,36.63,4940026
2013-07-11,35.67,35.96,35.39,35.67,35.67,13186223
2013-07-12,35.77,36.05,35.48,35.77,35.77,2575616
2013-07-15,35.66,35.95,35.38,35.66,35.66,4826748
2013-07-16,35.13,35.41,34.85,35.13,35.13,6899259
2013-07-17,34.2,34.48,33.93,34.2,34.2,4767744
2013-07-18,34.02,34.29,33.74,34.02,34.02,7321519
2013-07-19,34.28,34.55,34.0,34.28,34.28,8292481
2013-07-22,34.26,34.54,33.99,34.26,34.26,3320332
2013-07-23,34.26,34.53,33.99,34.26,34.26,5261965
2013-07-24,33.9,34.17,33.62,33.9,33.9,5543174
2013-07-25,33.5,33.76,33.23,33.5,33.5,9971688
2013-07-26,35.21,35.5,34.93,35.21,35.21,6853170
2013-07-29,34.85,35.13,34.57,34.85,34.85,3529211
2013-07-30,35.44,35.73,35.16,35.44,35.44,2131006
2013-07-31,35.8,36.09,35.51,35.8,35.8,3088616
2013-08-01,35.55,35.83,35.26,35.55,35.55,4435035
2013-08-02,35.6,35.89,35.32,35.6,35.6,4017717
2013-08-05,35.16,35.44,34.88,35.16,35.16,3824171
2013-08-06,35.04,35.32,34.76,35.04,35.04,4492558
2013-08-07,33.81,34.08,33.54,33.81,33.81,2969171
2013-08-08,33.0,33.27,32.74,33.0,33.0,9403390
2013-08-09,32.77,33.03,32.51,32.77,32.77,4926058
2013-08-12,32.9,33.16,32.63,32.9,32.9,6573436
2013-08-13,32.23,32.49,31.97,32.23,32.23,4177520
2013-08-14,32.34,32.6,32.08,32.34,32.34,5025832
2013-08-15,32.8,33.06,32.54,32.8,32.8,3796687
2013-08-16,32.24,32.5,31.98,32.24,32.24,5547393
2013-08-19,32.74,33.01,32.48,32.74,32.74,3584089
2013-08-20,32.22,32.48,31.96,32.22,32.22,4325347
2013-08-21,31.87,32.12,31.61,31.87,31.87,6220819
2013-08-22,32.05,32.31,31.79,32.05,32.05,3234365
2013-08-23,31.68,31.94,31.43,31.68,31.68,4100347
2013-08-26,32.18,32.44,31.93,32.18,32.18,10825743
2013-08-27,32.58,32.84,32.32,32.58,32.58,6099355
2013-08-28,32.74,33.0,32.47,32.74,32.74,5450988
2013-08-29,32.64,32.9,32.38,32.64,32.64,6395184
2013-08-30,32.63,32.89,32.36,32.63,32.63,5034134
2013-09-02,32.22,32.48,31.97,32.22,32.22,5308843
2013-09-03,32.61,32.87,32.35,32.61,32.61,6325344
2013-09-04,32.0,32.26,31.74,32.0,32.0,3645264
2013-09-05,30.96,31.21,30.71,30.96,30.96,5373937
2013-09-06,30.52,30.76,30.27,30.52,30.52,7668360
2013-09-09,30.41,30.65,30.17,30.41,30.41,9547764
2013-09-10,30.36,30.6,30.12,30.36,30.36,5837931
2013-09-11,29.76,30.0,29.52,29.76,29.76,5265567
2013-09-12,30.65,30.9,30.41,30.65,30.65,4378742
2013-09-13,30.37,30.61,30.12,30.37,30.37,4655970
2013-09-16,30.26,30.5,30.02,30.26,30.26,7565606
2013-09-17,30.64,30.88,30.39,30.64,30.64,6650832
2013-09-18,30.66,30.91,30.42,30.66,30.66,7380234
2013-09-19,30.43,30.67,30.19,30.43,30.43,7812976
2013-09-20,30.12,30.36,29.87,30.12,30.12,2322744
2013-09-23,30.45,30.69,30.21,30.45,30.45,2888165
2013-09-24,30.34,30.58,30.09,30.34,30.34,5363773
2013-09-25,30.55,30.8,30.31,30.55,30.55,8368796
2013-09-26,30.32,30.56,30.08,30.32,30.32,6910276
2013-09-27,30.51,30.76,30.27,30.51,30.51,10648270
2013-09-30,30.83,31.07,30.58,30.83,30.83,10344098
2013-10-01,30.69,30.94,30.45,30.69,30.69,3202776
2013-10-02,29.9,30.14,29.66,29.9,29.9,7485854
2013-10-03,30.44,30.68,30.2,30.44,30.44,2637707
2013-10-04,30.58,30.83,30.34,30.58,30.58,5737069
2013-10-07,31.05,31.3,30.8,31.05,31.05,12064292
2013-10-08,30.77,31.02,30.52,30.77,30.77,5026948
2013-10-09,30.86,31.1,30.61,30.86,30.86,3311445
2013-10-10,30.76,31.0,30.51,30.76,30.76,5388431
2013-10-11,31.49,31.74,31.24,31.49,31.49,6111200
2013-10-14,31.43,31.68,31.18,31.43,31.43,3770091
2013-10-15,31.38,31.63,31.13,31.38,31.38,7771346
2013-10-16,30.93,31.17,30.68,30.93,30.93,4835078
2013-10-17,30.81,31.05,30.56,30.81,30.81,5389492
2013-10-18,31.22,31.47,30.97,31.22,31.22,5231517
2013-10-21,31.12,31.37,30.87,31.12,31.12,6749121
2013-10-22,31.72,31.98,31.47,31.72,31.72,2337251
2013-10-23,31.42,31.67,31.16,31.42,31.42,4719636
2013-10-24,30.91,31.15,30.66,30.91,30.91,4619123
2013-10-25,30.79,31.04,30.55,30.79,30.79,7263455
2013-10-28,31.44,31.69,31.19,31.44,31.44,2684894
2013-10-29,31.52,31.77,31.27,31.52,31.52,3514795
2013-10-30,31.25,31.5,31.0,31.25,31.25,7202946
2013-10-31,31.99,32.24,31.73,31.99,31.99,5921568
2013-11-01,31.47,31.72,31.21,31.47,31.47,11059734
2013-11-04,31.58,31.84,31.33,31.58,31.58,2711387
2013-11-05,31.38,31.63,31.13,31.38,31.38,9806748
2013-11-06,31.41,31.66,31.16,31.41,31.41,6787132
2013-11-07,31.77,32.02,31.51,31.77,31.77,3807812
2013-11-08,31.41,31.66,31.15,31.41,31.41,3835010
2013-11-11,32.14,32.4,31.89,32.14,32.14,3114542
2013-11-12,32.56,32.83,32.3,32.56,32.56,8427747
2013-11-13,32.93,33.19,32.66,32.93,32.93,9346629
2013-11-14,33.0,33.26,32.73,33.0,33.0,3643182
2013-11-15,32.97,33.24,32.71,32.97,32.97,5013964
2013-11-18,32.55,32.81,32.29,32.55,32.55,7970253
2013-11-19,32.92,33.19,32.66,32.92,32.92,6889772
2013-11-20,33.43,33.7,33.17,33.43,33.43,3070228
2013-11-21,33.98,34.25,33.71,33.98,33.98,5304064
2013-11-22,34.73,35.01,34.46,34.73,34.73,3954171
2013-11-25,34.01,34.28,33.74,34.01,34.01,7721277
2013-11-26,34.57,34.84,34.29,34.57,34.57,9984924
2013-11-27,35.16,35.44,34.88,35.16,35.16,2831596
2013-11-28,35.52,35.81,35.24,35.52,35.52,2220117
2013-11-29,35.81,36.09,35.52,35.81,35.81,5881596
2013-12-02,37.03,37.33,36.74,37.03,37.03,3982597
2013-12-03,37.83,38.14,37.53,37.83,37.83,4769446
2013-12-04,37.89,38.19,37.59,37.89,37.89,11058988
2013-12-05,38.45,38.75,38.14,38.45,38.45,3804983
2013-12-06,38.04,38.35,37.74,38.04,38.04,3097661
2013-12-09,37.45,37.75,37.15,37.45,37.45,3569363
2013-12-10,38.2,38.5,37.89,38.2,38.2,4991886
2013-12-11,37.8,38.11,37.5,37.8,37.8,5039983
2013-12-12,38.9,39.21,38.59,38.9,38.9,12999462
2013-12-13,39.36,39.67,39.04,39.36,39.36,2729555
2013-12-16,40.72,41.05,40.4,40.72,40.72,4761416
2013-12-17,40.26,40.58,39.94,40.26,40.26,7155909
2013-12-18,39.4,39.72,39.09,39.4,39.4,3088334
2013-12-19,38.6,38.9,38.29,38.6,38.6,2234084
2013-12-20,38.19,38.5,37.89,38.19,38.19,5416447
2013-12-23,37.97,38.27,37.66,37.97,37.97,4239535
2013-12-24,37.69,37.99,37.39,37.69,37.69,4352961
2013-12-25,37.45,37.75,37.15,37.45,37.45,6830005
2013-12-26,37.32,37.62,37.02,37.32,37.32,3708903
2013-12-27,37.64,37.94,37.34,37.64,37.64,3552833
2013-12-30,37.28,37.58,36.98,37.28,37.28,3163803
2013-12-31,36.12,36.41,35.83,36.12,36.12,6210232
2014-01-01,35.75,36.04,35.47,35.75,35.75,6994477
2014-01-02,34.91,35.19,34.63,34.91,34.91,5983492
2014-01-03,34.91,35.19,34.63,34.91,34.91,5315013
2014-01-06,34.91,35.19,34.64,34.91,34.91,6931715
2014-01-07,34.72,35.0,34.45,34.72,34.72,5044620
2014-01-08,34.4,34.67,34.12,34.4,34.4,5344947
2014-01-09,33.51,33.78,33.24,33.51,33.51,2650187
2014-01-10,33.42,33.69,33.15,33.42,33.42,7162154
2014-01-13,33.57,33.84,33.3,33.57,33.57,7304597
2014-01-14,33.48,33.75,33.21,33.48,33.48,7353309
2014-01-15,33.85,34.12,33.58,33.85,33.85,3577520
2014-01-16,33.19,33.45,32.92,33.19,33.19,5261998
2014-01-17,33.2,33.46,32.93,33.2,33.2,3345164
2014-01-20,33.63,33.9,33.36,33.63,33.63,3257262
2014-01-21,33.72,33.99,33.45,33.72,33.72,10131353
2014-01-22,33.27,33.54,33.01,33.27,33.27,4855517
2014-01-23,33.78,34.05,33.51,33.78,33.78,7787069
2014-01-24,33.68,33.95,33.41,33.68,33.68,5463186
2014-01-27,32.91,33.17,32.65,32.91,32.91,3847337
2014-01-28,32.93,33.19,32.67,32.93,32.93,5076755
2014-01-29,33.32,33.59,33.05,33.32,33.32,3907930
2014-01-30,33.31,33.58,33.04,33.31,33.31,4078816
2014-01-31,33.45,33.72,33.18,33.45,33.45,6846175
2014-02-03,33.94,34.21,33.67,33.94,33.94,8102803
2014-02-04,33.64,33.91,33.37,33.64,33.64,8148598
2014-02-05,33.47,33.73,33.2,33.47,33.47,3548622
2014-02-06,33.75,34.02,33.48,33.75,33.75,3486505
2014-02-07,33.59,33.86,33.33,33.59,33.59,4247713
2014-02-10,34.23,34.51,33.96,34.23,34.23,4363834
2014-02-11,34.21,34.48,33.93,34.21,34.21,3287767
2014-02-12,34.37,34.64,34.09,34.37,34.37,4190059
2014-02-13,34.51,34.78,34.23,34.51,34.51,7770599
2014-02-14,34.22,34.5,33.95,34.22,34.22,9339767
2014-02-17,34.68,34.96,34.41,34.68,34.68,3710951
2014-02-18,33.77,34.04,33.5,33.77,33.77,3722904
2014-02-19,34.07,34.34,33.8,34.07,34.07,4052438
2014-02-20,34.34,34.61,34.06,34.34,34.34,6047139
2014-02-21,35.35,35.63,35.06,35.35,35.35,9027865
2014-02-24,35.52,35.8,35.23,35.52,35.52,7325239
2014-02-25,35.17,35.45,34.89,35.17,35.17,4074741
2014-02-26,34.33,34.61,34.06,34.33,34.33,5979763
2014-02-27,34.43,34.7,34.15,34.43,34.43,4458604
2014-02-28,34.24,34.52,33.97,34.24,34.24,4577442
2014-03-03,33.92,34.2,33.65,33.92,33.92,7873040
2014-03-04,34.8,35.08,34.52,34.8,34.8,3527400
2014-03-05,34.96,35.24,34.68,34.96,34.96,5046288
2014-03-06,35.09,35.37,34.81,35.09,35.09,5731297
2014-03-07,35.75,36.04,35.47,35.75,35.75,6724733
2014-03-10,35.71,35.99,35.42,35.71,35.71,8147580
2014-03-11,35.14,35.42,34.85,35.14,35.14,5212338
2014-03-12,35.4,35.68,35.11,35.4,35.4,5536822
2014-03-13,35.74,36.03,35.46,35.74,35.74,7322325
2014-03-14,36.29,36.58,36.0,36.29,36.29,3174874
2014-03-17,36.01,36.3,35.72,36.01,36.01,6347349
2014-03-18,36.32,36.61,36.03,36.32,36.32,2929284
2014-03-19,35.71,35.99,35.42,35.71,35.71,2342640
2014-03-20,36.41,36.7,36.12,36.41,36.41,4238359
2014-03-21,35.4,35.69,35.12,35.4,35.4,7496858
2014-03-24,36.0,36.29,35.72,36.0,36.0,5855577
2014-03-25,36.03,36.32,35.74,36.03,36.03,3845703
2014-03-26,35.64,35.92,35.35,35.64,35.64,8030641
2014-03-27,34.71,34.99,34.44,34.71,34.71,4103124
2014-03-28,35.26,35.54,34.98,35.26,35.26,7536291
2014-03-31,35.54,35.82,35.25,35.54,35.54,9105424
2014-04-01,35.72,36.01,35.44,35.72,35.72,7155833
2014-04-02,34.39,34.66,34.11,34.39,34.39,6877583
2014-04-03,34.77,35.05,34.49,34.77,34.77,11481694
2014-04-04,34.67,34.94,34.39,34.67,34.67,4031092
2014-04-07,34.84,35.12,34.56,34.84,34.84,4388430
2014-04-08,34.54,34.82,34.26,34.54,34.54,3516906
2014-04-09,34.89,35.17,34.61,34.89,34.89,4805745
2014-04-10,35.52,35.81,35.24,35.52,35.52,3330130
2014-04-11,36.75,37.05,36.46,36.75,36.75,4758991
2014-04-14,36.9,37.2,36.61,36.9,36.9,4842262
2014-04-15,36.09,36.38,35.8,36.09,36.09,4253804
2014-04-16,35.87,36.16,35.59,35.87,35.87,6436082
2014-04-17,35.9,36.19,35.61,35.9,35.9,5140003
2014-04-18,36.19,36.48,35.9,36.19,36.19,4407861
2014-04-21,35.56,35.85,35.28,35.56,35.56,9706880
2014-04-22,36.17,36.46,35.88,36.17,36.17,5393597
2014-04-23,36.18,36.47,35.89,36.18,36.18,5051896
2014-04-24,36.71,37.01,36.42,36.71,36.71,7684694
2014-04-25,36.0,36.28,35.71,36.0,36.0,4304846
2014-04-28,36.38,36.67,36.08,36.38,36.38,4641608
2014-04-29,36.96,37.26,36.67,36.96,36.96,5091019
2014-04-30,36.6,36.89,36.3,36.6,36.6,3263388
2014-05-01,36.44,36.73,36.14,36.44,36.44,3823371
2014-05-02,36.15,36.44,35.86,36.15,36.15,3422816
2014-05-05,36.36,36.65,36.07,36.36,36.36,2563774
2014-05-06,36.56,36.85,36.26,36.56,36.56,3452982
2014-05-07,37.39,37.69,37.09,37.39,37.39,4596557
2014-05-08,37.9,38.2,37.6,37.9,37.9,5395561
2014-05-09,38.62,38.93,38.31,38.62,38.62,4969111
2014-05-12,39.24,39.55,38.93,39.24,39.24,5471031
2014-05-13,38.9,39.21,38.58,38.9,38.9,5410694
2014-05-14,38.6,38.91,38.3,38.6,38.6,9089834
2014-05-15,38.15,38.45,37.84,38.15,38.15,3644141
2014-05-16,38.2,38.5,37.89,38.2,38.2,4568687
2014-05-19,38.07,38.38,37.77,38.07,38.07,6280568
2014-05-20,37.24,37.54,36.94,37.24,37.24,6168009
2014-05-21,37.17,37.46,36.87,37.17,37.17,8846965
2014-05-22,37.44,37.74,37.14,37.44,37.44,4556695
2014-05-23,36.33,36.62,36.04,36.33,36.33,2039903
2014-05-26,36.46,36.75,36.16,36.46,36.46,7297482
2014-05-27,36.99,37.28,36.69,36.99,36.99,3721036
2014-05-28,37.45,37.75,37.15,37.45,37.45,7260671
2014-05-29,36.87,37.17,36.58,36.87,36.87,4368254
2014-05-30,37.12,37.42,36.82,37.12,37.12,3085483
2014-06-02,37.45,37.75,37.15,37.45,37.45,8264350
2014-06-03,37.46,37.76,37.16,37.46,37.46,3707727
2014-06-04,37.73,38.03,37.42,37.73,37.73,7026034
2014-06-05,39.0,39.31,38.69,39.0,39.0,4939298
2014-06-06,38.67,38.98,38.36,38.67,38.67,12153509
2014-06-09,38.19,38.49,37.88,38.19,38.19,4190821
2014-06-10,39.23,39.54,38.92,39.23,39.23,5130181
2014-06-11,38.54,38.84,38.23,38.54,38.54,3653505
2014-06-12,38.94,39.26,38.63,38.94,38.94,4517809
2014-06-13,39.08,39.39,38.76,39.08,39.08,3311478
2014-06-16,38.88,39.2,38.57,38.88,38.88,2991807
2014-06-17,38.48,38.79,38.17,38.48,38.48,6234601
2014-06-18,37.82,38.12,37.51,37.82,37.82,5813342
2014-06-19,37.96,38.26,37.66,37.96,37.96,9891325
2014-06-20,37.9,38.21,37.6,37.9,37.9,3180343
2014-06-23,37.41,37.71,37.11,37.41,37.41,5869517
2014-06-24,38.01,38.31,37.7,38.01,38.01,9498886
2014-06-25,37.62,37.92,37.32,37.62,37.62,5721839
2014-06-26,38.14,38.44,37.83,38.14,38.14,5772620
2014-06-27,38.69,39.0,38.38,38.69,38.69,2951567
2014-06-30,40.35,40.68,40.03,40.35,40.35,4114500
2014-07-01,40.76,41.09,40.44,40.76,40.76,2306428
2014-07-02,41.48,41.82,41.15,41.48,41.48,5170096
2014-07-03,41.21,41.54,40.88,41.21,41.21,1938338
2014-07-04,41.9,42.24,41.57,41.9,41.9,5704729
2014-07-07,42.41,42.75,42.07,42.41,42.41,8787118
2014-07-08,41.42,41.75,41.08,41.42,41.42,7944881
2014-07-09,41.32,41.65,40.99,41.32,41.32,6746277
2014-07-10,41.82,42.16,41.49,41.82,41.82,3112626
2014-07-11,41.04,41.37,40.71,41.04,41.04,3528269
2014-07-14,41.46,41.79,41.13,41.46,41.46,5441581
2014-07-15,41.87,42.2,41.53,41.87,41.87,4494891
2014-07-16,41.45,41.78,41.12,41.45,41.45,8609473
2014-07-17,41.88,42.21,41.54,41.88,41.88,5962402
2014-07-18,41.64,41.97,41.3,41.64,41.64,4252040
2014-07-21,41.34,41.67,41.01,41.34,41.34,8793334
2014-07-22,40.79,41.11,40.46,40.79,40.79,4253155
2014-07-23,40.57,40.89,40.24,40.57,40.57,7789503
2014-07-24,40.09,40.42,39.77,40.09,40.09,9564735
2014-07-25,39.63,39.95,39.31,39.63,39.63,5758924
2014-07-28,40.91,41.23,40.58,40.91,40.91,4460469
2014-07-29,41.23,41.56,40.9,41.23,41.23,6192907
2014-07-30,41.79,42.12,41.45,41.79,41.79,5061456
2014-07-31,41.16,41.49,40.83,41.16,41.16,5024596
2014-08-01,40.75,41.08,40.43,40.75,40.75,2068656
2014-08-04,40.78,41.11,40.46,40.78,40.78,11227066
2014-08-05,41.38,41.71,41.05,41.38,41.38,4877348
2014-08-06,41.43,41.76,41.1,41.43,41.43,5459521
2014-08-07,41.47,41.8,41.14,41.47,41.47,5477249
2014-08-08,40.24,40.56,39.92,40.24,40.24,3598625
2014-08-11,39.98,40.3,39.66,39.98,39.98,3010098
2014-08-12,40.57,40.9,40.25,40.57,40.57,17000750
2014-08-13,41.25,41.58,40.92,41.25,41.25,5631826
2014-08-14,40.96,41.29,40.63,40.96,40.96,9608788
2014-08-15,40.64,40.97,40.32,40.64,40.64,4089466
2014-08-18,41.72,42.06,41.39,41.72,41.72,4313649
2014-08-19,41.71,42.05,41.38,41.71,41.71,2561506
2014-08-20,42.03,42.37,41.7,42.03,42.03,4418141
2014-08-21,40.57,40.89,40.25,40.57,40.57,3661076
2014-08-22,40.24,40.57,39.92,40.24,40.24,5186388
2014-08-25,39.08,39.39,38.77,39.08,39.08,7224436
2014-08-26,39.68,39.99,39.36,39.68,39.68,4726868
2014-08-27,40.65,40.98,40.33,40.65,40.65,5106684
2014-08-28,40.41,40.73,40.08,40.41,40.41,4812237
2014-08-29,40.19,40.51,39.87,40.19,40.19,4158271
2014-09-01,40.42,40.75,40.1,40.42,40.42,6213587
2014-09-02,41.55,41.89,41.22,41.55,41.55,6231704
2014-09-03,41.41,41.74,41.08,41.41,41.41,4134325
2014-09-04,41.46,41.79,41.13,41.46,41.46,8081639
2014-09-05,41.12,41.45,40.79,41.12,41.12,4695066
2014-09-08,41.83,42.16,41.49,41.83,41.83,6260559
2014-09-09,41.44,41.77,41.1,41.44,41.44,5675433
2014-09-10,40.67,40.99,40.34,40.67,40.67,4633722
2014-09-11,40.1,40.42,39.78,40.1,40.1,4163358
2014-09-12,40.04,40.36,39.72,40.04,40.04,14645702
2014-09-15,39.72,40.04,39.4,39.72,39.72,3226960
2014-09-16,40.24,40.57,39.92,40.24,40.24,6662541
2014-09-17,39.53,39.84,39.21,39.53,39.53,4138047
2014-09-18,38.76,39.07,38.45,38.76,38.76,2945915
2014-09-19,38.75,39.06,38.44,38.75,38.75,11392571
2014-09-22,38.26,38.57,37.96,38.26,38.26,3672985
2014-09-23,38.46,38.77,38.15,38.46,38.46,8409630
2014-09-24,38.09,38.39,37.78,38.09,38.09,3479508
2014-09-25,37.77,38.08,37.47,37.77,37.77,4661886
2014-09-26,38.84,39.15,38.52,38.84,38.84,6708793
2014-09-29,39.11,39.42,38.8,39.11,39.11,6442285
2014-09-30,38.84,39.15,38.53,38.84,38.84,7184773
2014-10-01,38.97,39.28,38.66,38.97,38.97,3121700
2014-10-02,37.07,37.36,36.77,37.07,37.07,6662151
2014-10-03,37.61,37.91,37.31,37.61,37.61,8021287
2014-10-06,37.69,37.99,37.39,37.69,37.69,5508854
2014-10-07,37.78,38.08,37.47,37.78,37.78,3144579
2014-10-08,38.45,38.76,38.15,38.45,38.45,5023890
2014-10-09,38.95,39.27,38.64,38.95,38.95,6447531
2014-10-10,40.25,40.57,39.93,40.25,40.25,3099714
2014-10-13,39.38,39.69,39.06,39.38,39.38,4498459
2014-10-14,39.99,40.31,39.67,39.99,39.99,6101256
2014-10-15,39.31,39.63,39.0,39.31,39.31,9676493
2014-10-16,39.63,39.94,39.31,39.63,39.63,4296869
2014-10-17,40.19,40.51,39.86,40.19,40.19,6995468
2014-10-20,40.03,40.35,39.71,40.03,40.03,11297712
2014-10-21,40.15,40.47,39.83,40.15,40.15,3460404
2014-10-22,39.39,39.7,39.07,39.39,39.39,2850983
2014-10-23,39.49,39.8,39.17,39.49,39.49,4320513
2014-10-24,39.51,39.83,39.2,39.51,39.51,5607375
2014-10-27,39.19,39.51,38.88,39.19,39.19,7340605
2014-10-28,40.04,40.36,39.72,40.04,40.04,6373379
2014-10-29,39.58,39.9,39.26,39.58,39.58,10466117
2014-10-30,38.45,38.76,38.15,38.45,38.45,6384430
2014-10-31,38.84,39.15,38.53,38.84,38.84,7865667
2014-11-03,38.66,38.97,38.35,38.66,38.66,6312176
2014-11-04,38.71,39.02,38.4,38.71,38.71,8574510
2014-11-05,37.97,38.28,37.67,37.97,37.97,4465899
2014-11-06,36.86,37.15,36.56,36.86,36.86,3958111
2014-11-07,36.75,37.05,36.46,36.75,36.75,5523475
2014-11-10,36.05,36.34,35.76,36.05,36.05,6386393
2014-11-11,35.44,35.72,35.16,35.44,35.44,4149082
2014-11-12,35.88,36.17,35.6,35.88,35.88,4376264
2014-11-13,36.78,37.07,36.48,36.78,36.78,9825668
2014-11-14,36.83,37.13,36.54,36.83,36.83,3105430
2014-11-17,36.3,36.59,36.01,36.3,36.3,3880986
2014-11-18,36.25,36.54,35.96,36.25,36.25,6216589
2014-11-19,35.45,35.74,35.17,35.45,35.45,4259568
2014-11-20,35.0,35.28,34.72,35.0,35.0,4377926
2014-11-21,35.47,35.76,35.19,35.47,35.47,4269444
2014-11-24,34.8,35.08,34.52,34.8,34.8,4943022
2014-11-25,34.34,34.61,34.06,34.34,34.34,4533930
2014-11-26,34.26,34.54,33.99,34.26,34.26,2934827
2014-11-27,34.06,34.33,33.79,34.06,34.06,7459255
2014-11-28,34.21,34.48,33.94,34.21,34.21,11844485
2014-12-01,34.41,34.69,34.14,34.41,34.41,5959827
2014-12-02,34.96,35.24,34.68,34.96,34.96,7937507
2014-12-03,33.65,33.92,33.38,33.65,33.65,6816765
2014-12-04,34.36,34.64,34.09,34.36,34.36,4804282
2014-12-05,34.39,34.66,34.11,34.39,34.39,5686702
2014-12-08,34.73,35.01,34.45,34.73,34.73,4719616
2014-12-09,35.01,35.29,34.73,35.01,35.01,5224502
2014-12-10,33.84,34.11,33.57,33.84,33.84,3074266
2014-12-11,33.59,33.86,33.32,33.59,33.59,7007011
2014-12-12,33.68,33.95,33.41,33.68,33.68,3482332
2014-12-15,33.99,34.27,33.72,33.99,33.99,7680278
2014-12-16,34.36,34.63,34.08,34.36,34.36,4029460
2014-12-17,33.58,33.85,33.31,33.58,33.58,6508351
2014-12-18,33.53,33.8,33.26,33.53,33.53,9397158
2014-12-19,33.55,33.82,33.29,33.55,33.55,6408312
2014-12-22,33.32,33.59,33.06,33.32,33.32,10380036
2014-12-23,33.93,34.2,33.65,33.93,33.93,4302485
2014-12-24,35.46,35.75,35.18,35.46,35.46,4472545
2014-12-25,36.23,36.52,35.94,36.23,36.23,4947910
2014-12-26,36.26,36.55,35.97,36.26,36.26,4844168
2014-12-29,36.07,36.35,35.78,36.07,36.07,2557334
2014-12-30,35.46,35.75,35.18,35.46,35.46,5068445
2014-12-31,34.68,34.96,34.4,34.68,34.68,5101750
2015-01-01,34.97,35.25,34.69,34.97,34.97,7613410
2015-01-02,35.2400016784668,35.52000045776367,34.34000015258789,34.75,33.886016845703125,15138200
2015-01-05,34.709999084472656,34.7400016784668,33.75,33.779998779296875,32.94013595581055,23706600
2015-01-06,34.099998474121094,34.22999954223633,32.630001068115234,32.869998931884766,32.05275344848633,40092000
2015-01-07,31.530000686645508,32.97999954223633,31.450000762939453,32.099998474121094,31.301898956298828,52552300
2015-01-08,32.560001373291016,33.869998931884766,32.54999923706055,33.66999816894531,32.83286666870117,31947100
2015-01-09,33.7599983215332,33.869998931884766,32.959999084472656,33.529998779296875,32.69635009765625,19328500
2015-01-12,32.38999938964844,32.9900016784668,31.39999961853028,31.65999984741211,30.872840881347656,41982700
2015-01-13,31.920000076293945,32.20000076293945,30.64999961853028,30.84000015258789,30.07322883605957,40260500
2015-01-14,30.270000457763672,31.200000762939453,29.799999237060547,30.049999237060547,29.30286979675293,35766100
2015-01-15,30.25,30.420000076293945,29.270000457763672,29.299999237060547,28.571517944335938,28512400
2015-01-16,29.14999961853028,29.26000022888184,28.51000022888184,28.989999771118164,28.26922607421875,58433300
2015-01-20,29.51000022888184,30.020000457763672,29.350000381469727,29.670000076293945,28.93231964111328,29884200
2015-01-21,29.5,30.739999771118164,29.5,30.489999771118164,29.731937408447266,27258700
2015-01-22,30.450000762939453,30.950000762939453,30.229999542236328,30.88999938964844,30.12198638916016,22299200
2015-01-23,30.88999938964844,31.1299991607666,30.459999084472656,30.950000762939453,30.180492401123047,21161800
2015-01-26,30.540000915527344,31.020000457763672,30.209999084472656,31.020000457763672,30.248754501342773,19175500
2015-01-27,30.43000030517578,30.450000762939453,29.38999938964844,29.64999961853028,28.91282081604004,27587900
2015-01-28,30.0,30.190000534057617,29.030000686645508,29.100000381469727,28.37649345397949,21685200
2015-01-29,29.290000915527344,29.82999992370605,28.86000061035156,29.709999084472656,28.97132682800293,30282700
2015-01-30,29.39999961853028,29.799999237060547,29.06999969482422,29.270000457763672,28.542266845703125,23451600
2015-02-02,29.25,29.38999938964844,28.09000015258789,28.440000534057617,27.732898712158203,34019600
2015-02-03,28.56999969482422,29.09000015258789,28.479999542236328,28.950000762939453,28.2302188873291,24009200
2015-02-04,28.809999465942383,29.239999771118164,28.700000762939453,29.030000686645508,28.30823135375977,20932800
2015-02-05,29.299999237060547,29.520000457763672,29.1200008392334,29.489999771118164,28.756792068481445,19785900
2015-02-06,29.540000915527344,29.89999961853028,28.86000061035156,28.90999984741211,28.19121742248535,18744100
2015-02-09,28.770000457763672,28.770000457763672,28.239999771118164,28.350000381469727,27.645137786865234,22390300
2015-02-10,29.100000381469727,31.13999938964844,29.0,31.09000015258789,30.3170166015625,43831000
2015-02-11,31.09000015258789,31.57999992370605,30.450000762939453,31.020000457763672,30.248754501342773,29782200
2015-02-12,31.059999465942383,32.04999923706055,30.940000534057617,31.940000534057617,31.14588165283203,23793200
2015-02-13,32.209999084472656,32.400001525878906,31.34000015258789,31.850000381469727,31.05811882019043,18739200
2015-02-17,32.310001373291016,32.84000015258789,32.220001220703125,32.33000183105469,31.52618408203125,19877400
2015-02-18,32.2599983215332,32.5,32.029998779296875,32.16999816894531,31.37016487121582,12348400
2015-02-19,32.119998931884766,32.20000076293945,31.71999931335449,31.809999465942383,31.01911354064941,13431000
2015-02-20,31.739999771118164,32.04999923706055,31.270000457763672,32.029998779296875,31.233640670776367,16531500
2015-02-23,31.86000061035156,31.90999984741211,31.270000457763672,31.39999961853028,30.619304656982425,13867900
2015-02-24,30.13999938964844,30.950000762939453,28.790000915527344,30.770000457763672,30.00497436523437,54985000
2015-02-25,30.600000381469727,30.920000076293945,30.350000381469727,30.479999542236328,29.722177505493164,16774700
2015-02-26,30.540000915527344,30.96999931335449,30.36000061035156,30.6200008392334,29.858701705932617,14932000
2015-02-27,30.96999931335449,31.209999084472656,30.6200008392334,30.670000076293945,29.907453536987305,15651200
2015-03-02,31.07999992370605,31.5,30.989999771118164,31.239999771118164,30.46328353881836,18443200
2015-03-03,30.3799991607666,30.690000534057617,29.3799991607666,29.65999984741211,28.92256736755371,28945700
2015-03-04,29.71999931335449,29.76000022888184,28.81999969482422,29.270000457763672,28.542266845703125,26709000
2015-03-05,29.450000762939453,29.84000015258789,28.96999931335449,29.280000686645508,28.55201911926269,24007700
2015-03-06,29.21999931335449,29.270000457763672,28.38999938964844,28.5,27.791410446166992,28302000
2015-03-09,28.540000915527344,28.780000686645508,27.90999984741211,28.65999984741211,27.94743156433105,17563000
2015-03-10,28.100000381469727,28.31999969482422,27.459999084472656,27.61000061035156,26.92353820800781,29749000
2015-03-11,27.93000030517578,28.18000030517578,27.61000061035156,27.8799991607666,27.186824798583984,17471600
2015-03-12,27.11000061035156,28.3799991607666,27.100000381469727,28.020000457763672,27.32334518432617,19567700
2015-03-13,27.96999931335449,28.770000457763672,27.959999084472656,28.71999931335449,28.005937576293945,23678700
2015-03-16,28.96999931335449,29.26000022888184,28.21999931335449,28.51000022888184,27.801158905029297,18183900
2015-03-17,27.729999542236328,27.979999542236328,27.459999084472656,27.65999984741211,26.972291946411133,24932400
2015-03-18,28.01000022888184,28.350000381469727,27.600000381469727,28.15999984741211,27.459861755371094,24544800
2015-03-19,28.100000381469727,28.229999542236328,27.920000076293945,28.049999237060547,27.35259437561035,21656600
2015-03-20,28.31999969482422,28.76000022888184,28.11000061035156,28.68000030517578,27.96693229675293,23608200
2015-03-23,28.46999931335449,28.51000022888184,27.81999969482422,28.020000457763672,27.32334518432617,18699400
2015-03-24,28.11000061035156,28.350000381469727,27.8799991607666,27.959999084472656,27.264833450317383,15670800
2015-03-25,27.86000061035156,27.8700008392334,26.39999961853028,26.56999969482422,25.90939140319824,35874000
2015-03-26,25.76000022888184,27.170000076293945,25.61000061035156,26.65999984741211,25.997154235839844,44702400
2015-03-27,26.93000030517578,27.13999938964844,26.049999237060547,26.68000030517578,26.016660690307617,30909000
2015-03-30,26.729999542236328,26.959999084472656,26.459999084472656,26.68000030517578,26.016660690307617,26142900
2015-03-31,26.709999084472656,27.309999465942383,26.61000061035156,27.1299991607666,26.455469131469727,25292100
2015-04-01,27.1299991607666,27.350000381469727,26.770000457763672,27.1299991607666,26.455469131469727,39424700
2015-04-02,27.75,27.76000022888184,26.709999084472656,26.729999542236328,26.06541633605957,41390500
2015-04-06,26.5,27.450000762939453,26.39999961853028,27.43000030517578,26.74801254272461,22460900
2015-04-07,27.350000381469727,27.450000762939453,26.86000061035156,26.8700008392334,26.20193672180176,17820600
2015-04-08,26.57999992370605,27.350000381469727,26.489999771118164,27.1299991607666,26.455469131469727,22105800
2015-04-09,27.06999969482422,27.86000061035156,27.01000022888184,27.81999969482422,27.128313064575195,18660000
2015-04-10,27.799999237060547,28.170000076293945,27.799999237060547,28.020000457763672,27.32334518432617,19698700
2015-04-13,28.020000457763672,28.14999961853028,27.780000686645508,27.8799991607666,27.186824798583984,13636800
2015-04-14,27.729999542236328,27.89999961853028,27.40999984741211,27.71999931335449,27.030797958374023,16671900
2015-04-15,28.0,28.450000762939453,27.8799991607666,28.170000076293945,27.4696102142334,20138900
2015-04-16,27.89999961853028,28.18000030517578,27.770000457763672,28.01000022888184,27.3135929107666,16393500
2015-04-17,27.75,28.07999992370605,27.600000381469727,28.020000457763672,27.32334518432617,18157100
2015-04-20,28.1200008392334,28.38999938964844,28.01000022888184,28.26000022888184,27.5573787689209,19901000
2015-04-21,28.32999992370605,28.59000015258789,28.15999984741211,28.549999237060547,27.840160369873047,22172000
2015-04-22,28.57999992370605,29.75,28.559999465942383,29.5,28.766542434692383,29662800
2015-04-23,28.93000030517578,29.780000686645508,28.86000061035156,29.520000457763672,28.78605461120605,22039700
2015-04-24,29.739999771118164,29.739999771118164,28.88999938964844,29.200000762939453,28.47400665283203,18764300
2015-04-27,29.25,29.65999984741211,29.13999938964844,29.270000457763672,28.542266845703125,14871400
2015-04-28,29.21999931335449,29.450000762939453,28.76000022888184,28.989999771118164,28.26922607421875,12372000
2015-04-29,28.700000762939453,28.989999771118164,28.51000022888184,28.8700008392334,28.152210235595703,10964300
2015-04-30,28.790000915527344,28.850000381469727,27.850000381469727,28.1299991607666,27.43060874938965,18988900
2015-05-01,28.309999465942383,29.25,28.309999465942383,28.989999771118164,28.26922607421875,16701100
2015-05-04,29.06999969482422,29.14999961853028,28.489999771118164,28.670000076293945,27.95718002319336,13909600
2015-05-05,28.270000457763672,28.36000061035156,27.82999992370605,28.040000915527344,27.342849731445312,19347300
2015-05-06,28.21999931335449,28.299999237060547,27.440000534057617,27.989999771118164,27.29408836364746,19770700
2015-05-07,27.799999237060547,27.89999961853028,26.88999938964844,27.270000457763672,26.59198760986328,29689300
2015-05-08,27.3700008392334,27.43000030517578,26.76000022888184,27.18000030517578,26.50423049926757,34955400
2015-05-11,27.1299991607666,28.09000015258789,26.86000061035156,27.75,27.06005477905273,24591200
2015-05-12,27.549999237060547,27.57999992370605,26.86000061035156,26.8700008392334,26.20193672180176,19518800
2015-05-13,27.34000015258789,27.65999984741211,27.07999992370605,27.190000534057617,26.51398468017578,17530500
2015-05-14,27.32999992370605,27.520000457763672,26.46999931335449,26.690000534057617,26.02641487121582,32201100
2015-05-15,26.530000686645508,26.6299991607666,26.01000022888184,26.32999992370605,25.67536163330078,25864900
2015-05-18,26.15999984741211,26.82999992370605,26.040000915527344,26.76000022888184,26.09467315673828,20150000
2015-05-19,26.82999992370605,26.93000030517578,26.059999465942383,26.309999465942383,25.65585708618164,19527000
2015-05-20,26.46999931335449,26.989999771118164,26.26000022888184,26.59000015258789,25.92889976501465,22866300
2015-05-21,26.6200008392334,27.13999938964844,26.34000015258789,26.89999961853028,26.231189727783203,17258100
2015-05-22,27.229999542236328,27.64999961853028,27.209999084472656,27.32999992370605,26.65049934387207,20360300
2015-05-26,27.21999931335449,27.479999542236328,27.030000686645508,27.31999969482422,26.640745162963867,14966600
2015-05-27,27.43000030517578,28.420000076293945,27.38999938964844,28.1299991607666,27.43060874938965,23441800
2015-05-28,28.190000534057617,28.6200008392334,28.11000061035156,28.280000686645508,27.57687759399414,18667000
2015-05-29,28.420000076293945,28.420000076293945,27.93000030517578,27.93000030517578,27.23558235168457,18451300
2015-06-01,27.959999084472656,28.530000686645508,27.809999465942383,28.420000076293945,27.71339607238769,20206400
2015-06-02,28.36000061035156,28.40999984741211,27.770000457763672,27.790000915527344,27.099063873291016,18228000
2015-06-03,28.0,28.01000022888184,27.01000022888184,27.07999992370605,26.406715393066406,29623400
2015-06-04,26.89999961853028,27.239999771118164,26.709999084472656,26.989999771118164,26.31895065307617,22186200
2015-06-05,27.0,27.0,26.5,26.59000015258789,25.92889976501465,16585400
2015-06-08,26.51000022888184,26.6299991607666,25.799999237060547,25.920000076293945,25.27555274963379,23252600
2015-06-09,25.90999984741211,25.950000762939453,24.940000534057617,25.190000534057617,24.563701629638672,39816700
2015-06-10,25.520000457763672,25.59000015258789,25.030000686645508,25.190000534057617,24.563701629638672,23802900
2015-06-11,25.200000762939453,25.38999938964844,24.96999931335449,25.020000457763672,24.397933959960938,25793500
2015-06-12,24.88999938964844,25.3799991607666,24.709999084472656,25.1299991607666,24.50519752502441,21123900
2015-06-15,24.21999931335449,24.25,23.700000762939453,24.239999771118164,23.6373233795166,44190200
2015-06-16,24.049999237060547,24.31999969482422,23.8799991607666,24.239999771118164,23.6373233795166,19173100
2015-06-17,24.299999237060547,24.68000030517578,24.229999542236328,24.479999542236328,23.871353149414062,17951700
2015-06-18,24.63999938964844,24.81999969482422,24.43000030517578,24.46999931335449,23.86160659790039,21570800
2015-06-19,24.799999237060547,24.96999931335449,24.459999084472656,24.46999931335449,23.86160659790039,25589300
2015-06-22,24.13999938964844,24.709999084472656,24.0,24.6299991607666,24.017623901367188,26231200
2015-06-23,24.6299991607666,24.86000061035156,24.3799991607666,24.489999771118164,23.8811092376709,16168900
2015-06-24,24.440000534057617,24.489999771118164,24.0,24.059999465942383,23.4617977142334,21243700
2015-06-25,24.1299991607666,24.239999771118164,23.65999984741211,24.020000457763672,23.422792434692383,38347800
2015-06-26,20.270000457763672,20.600000381469727,19.43000030517578,19.65999984741211,19.17119407653809,149010300
2015-06-29,19.34000015258789,19.600000381469727,18.600000381469727,18.729999542236328,18.26431465148925,49126100
2015-06-30,18.88999938964844,19.100000381469727,18.549999237060547,18.84000015258789,18.37158203125,34683900
2015-07-01,19.049999237060547,19.100000381469727,18.6299991607666,18.780000686645508,18.313077926635746,25027100
2015-07-02,18.82999992370605,19.3799991607666,18.809999465942383,19.06999969482422,18.59586524963379,26178100
2015-07-06,18.84000015258789,18.979999542236328,18.229999542236328,18.31999969482422,17.864511489868164,37875800
2015-07-07,18.1299991607666,18.36000061035156,17.3700008392334,18.200000762939453,17.747499465942383,46293200
2015-07-08,17.959999084472656,17.979999542236328,17.489999771118164,17.6299991607666,17.191669464111328,30898900
2015-07-09,17.8700008392334,18.010000228881836,17.139999389648438,17.149999618530273,16.72359848022461,47087100
2015-07-10,17.329999923706055,17.649999618530273,17.299999237060547,17.56999969482422,17.13315773010254,24282900
2015-07-13,17.829999923706055,17.850000381469727,17.389999389648438,17.610000610351562,17.17216682434082,35788100
2015-07-14,19.76000022888184,19.84000015258789,19.0,19.61000061035156,19.12244033813477,103878600
2015-07-15,19.489999771118164,19.64999961853028,18.770000457763672,18.88999938964844,18.42034149169922,41983200
2015-07-16,19.25,19.739999771118164,19.09000015258789,19.61000061035156,19.12244033813477,34717200
2015-07-17,19.530000686645508,20.239999771118164,19.3700008392334,20.1200008392334,19.619762420654297,34081300
2015-07-20,20.07999992370605,20.07999992370605,18.770000457763672,18.88999938964844,18.42034149169922,41989300
2015-07-21,18.84000015258789,19.11000061035156,18.51000022888184,18.8799991607666,18.41059112548828,29340300
2015-07-22,18.530000686645508,18.6299991607666,17.850000381469727,18.0,17.552467346191406,43635100
2015-07-23,18.32999992370605,18.93000030517578,18.299999237060547,18.700000762939453,18.23506546020508,32805200
2015-07-24,18.600000381469727,18.700000762939453,18.06999969482422,18.34000015258789,17.884017944335938,21567400
2015-07-27,18.100000381469727,18.670000076293945,17.56999969482422,18.1200008392334,17.669485092163086,27584100
2015-07-28,18.350000381469727,20.07999992370605,18.200000762939453,19.75,19.25896072387696,51809500
2015-07-29,19.979999542236328,20.56999969482422,19.670000076293945,19.8700008392334,19.375974655151367,41557900
2015-07-30,19.75,20.100000381469727,19.459999084472656,19.89999961853028,19.405229568481445,31248700
2015-07-31,20.020000457763672,20.030000686645508,18.46999931335449,18.51000022888184,18.04979133605957,55074900
2015-08-03,18.61000061035156,19.38999938964844,18.59000015258789,19.0,18.527606964111328,32958300
2015-08-04,19.170000076293945,19.190000534057617,18.600000381469727,19.01000022888184,18.537357330322266,19934500
2015-08-05,19.18000030517578,19.46999931335449,18.8799991607666,18.90999984741211,18.439844131469727,23370800
2015-08-06,18.93000030517578,18.959999084472656,18.450000762939453,18.71999931335449,18.25456619262696,29928600
2015-08-07,18.450000762939453,18.530000686645508,18.0,18.440000534057617,17.981531143188477,23718300
2015-08-10,18.57999992370605,18.959999084472656,18.31999969482422,18.81999969482422,18.35207748413086,25232400
2015-08-11,18.6299991607666,18.6299991607666,17.68000030517578,17.8799991607666,17.43545150756836,22959200
2015-08-12,17.649999618530273,18.32999992370605,17.520000457763672,18.190000534057617,17.737743377685547,20428400
2015-08-13,18.229999542236328,18.3799991607666,17.670000076293945,17.700000762939453,17.259931564331055,15468600
2015-08-14,17.760000228881836,17.989999771118164,16.81999969482422,16.950000762939453,16.528573989868164,37248200
2015-08-17,16.469999313354492,17.260000228881836,16.1200008392334,17.219999313354492,16.79186248779297,33001000
2015-08-18,17.0,17.0,16.270000457763672,16.3799991607666,15.97274398803711,32424300
2015-08-19,16.239999771118164,16.350000381469727,15.880000114440918,15.899999618530272,15.504679679870604,36874000
2015-08-20,15.350000381469728,15.369999885559082,14.65999984741211,14.739999771118164,14.37352180480957,54864200
2015-08-21,14.390000343322754,15.25,14.239999771118164,14.529999732971191,14.168743133544922,43715800
2015-08-24,13.8100004196167,14.4399995803833,13.5,14.4399995803833,14.08098030090332,54532000
2015-08-25,15.18000030517578,15.34000015258789,14.260000228881836,14.270000457763672,13.915207862854004,38655100
2015-08-26,14.609999656677246,14.75,14.109999656677246,14.420000076293944,14.061478614807127,43819700
2015-08-27,14.630000114440918,15.93000030517578,14.630000114440918,15.670000076293944,15.280399322509766,42971800
2015-08-28,16.25,16.540000915527344,15.609999656677246,15.960000038146973,15.563189506530762,34099400
2015-08-31,15.90999984741211,16.68000030517578,15.460000038146973,16.40999984741211,16.001998901367188,32916900
2015-09-01,15.800000190734863,16.209999084472656,15.68000030517578,15.81999969482422,15.426669120788574,27914200
2015-09-02,16.09000015258789,16.309999465942383,15.739999771118164,16.290000915527344,15.884987831115724,23478500
2015-09-03,16.389999389648438,17.209999084472656,16.260000228881836,16.59000015258789,16.177526473999023,26377200
2015-09-04,16.299999237060547,17.299999237060547,16.260000228881836,16.81999969482422,16.401803970336914,32420800
2015-09-08,17.549999237060547,17.75,17.049999237060547,17.530000686645508,17.09415054321289,26817000
2015-09-09,17.899999618530273,17.969999313354492,16.84000015258789,16.959999084472656,16.538326263427734,32951100
2015-09-10,16.809999465942383,17.420000076293945,16.709999084472656,17.200000762939453,16.772357940673828,20814300
2015-09-11,17.020000457763672,17.170000076293945,16.709999084472656,16.799999237060547,16.382305145263672,22107600
2015-09-14,16.899999618530273,16.920000076293945,16.360000610351562,16.700000762939453,16.284793853759766,15178700
2015-09-15,16.860000610351562,16.860000610351562,16.459999084472656,16.520000457763672,16.10926628112793,21319400
2015-09-16,16.459999084472656,16.700000762939453,16.309999465942383,16.68000030517578,16.265287399291992,22363200
2015-09-17,16.68000030517578,16.809999465942383,16.309999465942383,16.40999984741211,16.001998901367188,22827600
2015-09-18,16.079999923706055,16.190000534057617,15.359999656677246,15.5,15.114625930786133,36698200
2015-09-21,15.619999885559082,15.979999542236328,15.460000038146973,15.75,15.358409881591797,19024500
2015-09-22,15.350000381469728,15.81999969482422,15.170000076293944,15.40999984741211,15.026865005493164,22763900
2015-09-23,15.43000030517578,15.43000030517578,14.800000190734863,14.8100004196167,14.44178295135498,22567900
2015-09-24,14.800000190734863,15.520000457763672,14.600000381469728,15.34000015258789,14.95860481262207,32800800
2015-09-25,15.34000015258789,15.59000015258789,14.649999618530272,14.90999984741211,14.53929615020752,28917300
2015-09-28,14.670000076293944,14.729999542236328,13.920000076293944,14.0600004196167,13.710429191589355,30448600
2015-09-29,14.260000228881836,14.6899995803833,14.149999618530272,14.380000114440918,14.022470474243164,25529200
2015-09-30,14.729999542236328,15.329999923706056,14.699999809265137,14.979999542236328,14.607552528381348,28066300
2015-10-01,14.989999771118164,15.039999961853027,14.5,14.770000457763672,14.402775764465332,37460500
2015-10-02,15.220000267028809,15.949999809265137,15.149999618530272,15.90999984741211,15.514433860778809,49688200
2015-10-05,16.31999969482422,17.84000015258789,16.200000762939453,17.56999969482422,17.13315773010254,63718700
2015-10-06,17.6299991607666,18.299999237060547,17.34000015258789,18.21999931335449,17.76699447631836,51249900
2015-10-07,18.38999938964844,18.920000076293945,18.21999931335449,18.6200008392334,18.157058715820312,41913500
2015-10-08,18.59000015258789,19.100000381469727,18.450000762939453,18.71999931335449,18.25456619262696,33619600
2015-10-09,18.6299991607666,18.850000381469727,17.899999618530273,18.15999984741211,17.7084903717041,23392500
2015-10-12,18.540000915527344,18.6299991607666,17.719999313354492,18.030000686645508,17.581724166870117,22494700
2015-10-13,17.809999465942383,18.559999465942383,17.739999771118164,18.18000030517578,17.72799301147461,21778500
2015-10-14,18.770000457763672,19.299999237060547,18.520000457763672,18.81999969482422,18.35207748413086,34627900
2015-10-15,18.8700008392334,19.14999961853028,18.5,18.65999984741211,18.19606208801269,20397700
2015-10-16,18.739999771118164,18.82999992370605,18.229999542236328,18.5,18.040037155151367,15587100
2015-10-19,18.3700008392334,19.21999931335449,18.31999969482422,19.15999984741211,18.683631896972656,27543300
2015-10-20,18.89999961853028,19.049999237060547,16.610000610351562,17.09000015258789,16.66509437561035,67592500
2015-10-21,16.489999771118164,16.93000030517578,15.93000030517578,16.43000030517578,16.021503448486328,48737400
2015-10-22,16.399999618530273,17.010000228881836,16.06999969482422,16.719999313354492,16.304288864135742,33986100
2015-10-23,16.899999618530273,17.31999969482422,16.809999465942383,17.239999771118164,16.81136703491211,22439400
2015-10-26,17.15999984741211,17.25,16.5,16.579999923706055,16.16777229309082,14901400
2015-10-27,16.520000457763672,16.799999237060547,16.520000457763672,16.68000030517578,16.265287399291992,14697600
2015-10-28,16.799999237060547,17.110000610351562,16.579999923706055,16.920000076293945,16.49932098388672,15151700
2015-10-29,16.690000534057617,16.739999771118164,16.190000534057617,16.209999084472656,15.806974411010742,17073800
2015-10-30,16.3799991607666,16.6200008392334,16.200000762939453,16.559999465942383,16.148271560668945,19248400
2015-11-02,16.959999084472656,17.290000915527344,16.799999237060547,17.09000015258789,16.66509437561035,18767100
2015-11-03,17.100000381469727,17.989999771118164,17.09000015258789,17.84000015258789,17.396448135375977,22131500
2015-11-04,18.049999237060547,18.049999237060547,17.100000381469727,17.440000534057617,17.006393432617188,19246900
2015-11-05,17.520000457763672,17.719999313354492,16.360000610351562,16.510000228881836,16.09952163696289,26767000
2015-11-06,16.440000534057617,16.770000457763672,16.100000381469727,16.450000762939453,16.041006088256836,18047800
2015-11-09,16.360000610351562,16.450000762939453,15.800000190734863,15.84000015258789,15.446170806884766,23643000
2015-11-10,15.739999771118164,15.850000381469728,15.420000076293944,15.550000190734863,15.163382530212402,24591700
2015-11-11,15.640000343322754,15.789999961853027,15.470000267028809,15.5,15.114625930786133,16199800
2015-11-12,15.279999732971191,15.75,15.279999732971191,15.350000381469728,14.968356132507324,14296800
2015-11-13,15.300000190734863,15.380000114440918,14.859999656677246,15.0,14.627056121826172,21071200
2015-11-16,14.949999809265137,15.199999809265137,14.649999618530272,14.890000343322754,14.51979160308838,23731800
2015-11-17,15.029999732971191,15.729999542236328,14.9399995803833,15.279999732971191,14.900094032287598,25249600
2015-11-18,15.390000343322754,15.6899995803833,15.300000190734863,15.609999656677246,15.221890449523926,20071300
2015-11-19,15.710000038146973,16.280000686645508,15.710000038146973,15.869999885559082,15.47542667388916,18278900
2015-11-20,16.0,16.100000381469727,15.34000015258789,15.43000030517578,15.04636573791504,24068900
2015-11-23,15.539999961853027,15.670000076293944,15.06999969482422,15.31999969482422,14.93910312652588,14049000
2015-11-24,15.220000267028809,15.65999984741211,15.149999618530272,15.630000114440918,15.241392135620115,12222500
2015-11-25,15.399999618530272,15.779999732971191,15.350000381469728,15.579999923706056,15.192638397216797,10003300
2015-11-27,15.550000190734863,15.640000343322754,15.470000267028809,15.5600004196167,15.173134803771973,5019000
2015-11-30,15.59000015258789,16.010000228881836,15.5,15.93000030517578,15.533936500549316,13495300
2015-12-01,16.18000030517578,16.6299991607666,16.1200008392334,16.549999237060547,16.138521194458008,20138300
2015-12-02,16.489999771118164,16.59000015258789,15.720000267028809,15.81999969482422,15.426669120788574,16121100
2015-12-03,15.949999809265137,16.200000762939453,15.5,15.609999656677246,15.221890449523926,15210100
2015-12-04,15.539999961853027,15.93000030517578,15.399999618530272,15.5,15.114625930786133,19068500
2015-12-07,15.350000381469728,15.470000267028809,14.710000038146973,14.850000381469728,14.480788230895996,23579100
2015-12-08,14.609999656677246,14.699999809265137,14.420000076293944,14.600000381469728,14.237003326416016,18188000
2015-12-09,14.600000381469728,14.670000076293944,14.239999771118164,14.31999969482422,13.963964462280272,20917100
2015-12-10,14.289999961853027,14.800000190734863,14.260000228881836,14.65999984741211,14.295510292053224,14817000
2015-12-11,14.31999969482422,14.4399995803833,13.989999771118164,14.039999961853027,13.690925598144531,23718100
2015-12-14,14.43000030517578,14.479999542236328,13.510000228881836,13.65999984741211,13.320372581481934,35155800
2015-12-15,13.770000457763672,14.369999885559082,13.739999771118164,14.18000030517578,13.827445030212402,26455800
2015-12-16,14.359999656677246,14.449999809265137,13.779999732971191,14.06999969482422,13.72018051147461,21968200
2015-12-17,14.649999618530272,14.770000457763672,14.25,14.31999969482422,13.963964462280272,29024400
2015-12-18,14.380000114440918,14.729999542236328,14.260000228881836,14.359999656677246,14.002968788146973,38534200
2015-12-21,14.4399995803833,14.789999961853027,14.329999923706056,14.770000457763672,14.402775764465332,22217300
2015-12-22,14.800000190734863,14.949999809265137,14.520000457763672,14.609999656677246,14.246752738952637,27101100
2015-12-23,13.720000267028809,14.300000190734863,13.550000190734863,14.300000190734863,13.944463729858398,59121400
2015-12-24,14.199999809265137,14.59000015258789,14.1899995803833,14.479999542236328,14.119985580444336,14284200
2015-12-28,14.449999809265137,14.510000228881836,14.050000190734863,14.1899995803833,13.837196350097656,17658500
2015-12-29,14.350000381469728,14.510000228881836,14.229999542236328,14.34000015258789,13.983466148376465,16104200
2015-12-30,14.270000457763672,14.4399995803833,14.100000381469728,14.15999984741211,13.807941436767578,10943700
2015-12-31,14.100000381469728,14.289999961853027,14.029999732971191,14.15999984741211,13.807941436767578,13249400
2016-01-04,13.829999923706056,14.359999656677246,13.8100004196167,14.329999923706056,13.973715782165527,22622300
2016-01-05,14.420000076293944,15.079999923706056,14.359999656677246,14.81999969482422,14.451531410217283,29806700
2016-01-06,14.5,14.6899995803833,14.109999656677246,14.220000267028809,13.866449356079102,26835100
2016-01-07,13.859999656677246,14.270000457763672,13.630000114440918,13.65999984741211,13.320372581481934,26029200
2016-01-08,13.779999732971191,13.949999809265137,13.289999961853027,13.329999923706056,12.998577117919922,29064200
2016-01-11,13.369999885559082,13.460000038146973,12.210000038146973,12.529999732971191,12.21846866607666,43159100
2016-01-12,12.720000267028809,13.239999771118164,12.399999618530272,12.720000267028809,12.403743743896484,25671300
2016-01-13,12.779999732971191,12.970000267028809,11.90999984741211,12.0600004196167,11.76015567779541,35319800
2016-01-14,12.079999923706056,12.260000228881836,11.529999732971191,12.020000457763672,11.721149444580078,35810400
2016-01-15,11.350000381469728,11.65999984741211,10.90999984741211,11.079999923706056,10.804519653320312,37164600
2016-01-19,11.279999732971191,11.369999885559082,10.710000038146973,10.800000190734863,10.53148078918457,38131300
2016-01-20,10.380000114440918,10.390000343322754,9.3100004196167,10.050000190734863,9.800128936767578,65210400
2016-01-21,10.449999809265137,10.899999618530272,10.130000114440918,10.850000381469728,10.580238342285156,52299100
2016-01-22,11.18000030517578,11.56999969482422,10.880000114440918,11.06999969482422,10.79476833343506,35091300
2016-01-25,11.0600004196167,11.170000076293944,10.470000267028809,10.479999542236328,10.219436645507812,23874800
2016-01-26,10.550000190734863,10.720000267028809,10.359999656677246,10.550000190734863,10.287696838378906,26179500
2016-01-27,10.5,10.829999923706056,10.31999969482422,10.390000343322754,10.13167667388916,23013500
2016-01-28,10.479999542236328,10.550000190734863,9.710000038146973,9.890000343322754,9.6441068649292,37390400
2016-01-29,9.989999771118164,11.050000190734863,9.9399995803833,11.029999732971191,10.755762100219728,38448100
2016-02-01,11.0,11.100000381469728,10.510000228881836,10.960000038146973,10.687504768371582,25824800
2016-02-02,10.800000190734863,11.06999969482422,10.479999542236328,10.59000015258789,10.326704025268556,22090300
2016-02-03,10.670000076293944,10.859999656677246,10.18000030517578,10.760000228881836,10.492476463317873,18098100
2016-02-04,10.710000038146973,11.550000190734863,10.699999809265137,11.229999542236328,10.95079231262207,26164100
2016-02-05,11.149999618530272,11.380000114440918,10.760000228881836,11.0,10.726508140563965,22658100
2016-02-08,10.710000038146973,10.760000228881836,9.9399995803833,10.170000076293944,9.917142868041992,27424400
2016-02-09,10.010000228881836,10.34000015258789,9.75,9.979999542236328,9.731867790222168,30178600
2016-02-10,10.079999923706056,10.279999732971191,9.81999969482422,9.899999618530272,9.653857231140137,22090500
2016-02-11,9.720000267028809,9.949999809265137,9.449999809265137,9.6899995803833,9.44908046722412,27105700
2016-02-12,9.880000114440918,10.239999771118164,9.479999542236328,10.020000457763672,9.770875930786133,23857000
2016-02-16,10.359999656677246,10.869999885559082,10.3100004196167,10.8100004196167,10.541234970092772,27494100
2016-02-17,10.970000267028809,11.649999618530272,10.920000076293944,11.43000030517578,11.145817756652832,34404700
2016-02-18,11.56999969482422,11.75,11.31999969482422,11.489999771118164,11.20432472229004,21616100
2016-02-19,11.390000343322754,11.390000343322754,10.949999809265137,11.15999984741211,10.88253116607666,17907100
2016-02-22,11.369999885559082,11.4399995803833,10.899999618530272,11.050000190734863,10.775269508361816,20001700
2016-02-23,11.0,11.079999923706056,10.390000343322754,10.489999771118164,10.2291898727417,22686800
2016-02-24,10.25,10.670000076293944,10.0600004196167,10.640000343322754,10.375460624694824,18551800
2016-02-25,10.670000076293944,10.739999771118164,10.210000038146973,10.720000267028809,10.453471183776855,16153900
2016-02-26,10.789999961853027,11.0,10.56999969482422,10.699999809265137,10.433967590332031,16418800
2016-02-29,10.649999618530272,10.890000343322754,10.520000457763672,10.630000114440918,10.36570930480957,20720000
2016-03-01,10.770000457763672,11.100000381469728,10.59000015258789,11.06999969482422,10.79476833343506,15638700
2016-03-02,11.010000228881836,11.6899995803833,10.970000267028809,11.68000030517578,11.389602661132812,18197500
2016-03-03,11.729999542236328,11.850000381469728,11.600000381469728,11.789999961853027,11.496866226196287,16323300
2016-03-04,11.800000190734863,12.289999961853027,11.600000381469728,11.880000114440918,11.58463191986084,35279500
2016-03-07,11.460000038146973,11.779999732971191,11.050000190734863,11.579999923706056,11.292086601257324,27748800
2016-03-08,11.4399995803833,11.449999809265137,10.649999618530272,10.65999984741211,10.394960403442385,29648400
2016-03-09,10.760000228881836,10.90999984741211,10.529999732971191,10.8100004196167,10.541234970092772,15133800
2016-03-10,10.949999809265137,11.0600004196167,10.65999984741211,10.880000114440918,10.609493255615234,17739000
2016-03-11,10.989999771118164,11.399999618530272,10.850000381469728,11.390000343322754,11.10681438446045,17261200
2016-03-14,11.34000015258789,11.34000015258789,11.010000228881836,11.149999618530272,10.87277889251709,13531300
2016-03-15,11.149999618530272,11.149999618530272,10.720000267028809,10.850000381469728,10.580238342285156,15156500
2016-03-16,10.710000038146973,10.890000343322754,10.550000190734863,10.720000267028809,10.453471183776855,20471800
2016-03-17,10.720000267028809,11.0,10.600000381469728,10.869999885559082,10.59974193572998,19976800
2016-03-18,10.84000015258789,11.170000076293944,10.75,11.140000343322754,10.863028526306152,44827100
2016-03-21,11.140000343322754,11.600000381469728,11.079999923706056,11.529999732971191,11.243330955505373,18083000
2016-03-22,11.449999809265137,11.600000381469728,11.329999923706056,11.4399995803833,11.15556812286377,13463400
2016-03-23,11.43000030517578,11.460000038146973,10.630000114440918,10.649999618530272,10.385210037231444,29424300
2016-03-24,10.5,10.600000381469728,10.329999923706056,10.5,10.23893928527832,22822800
2016-03-28,10.5,10.59000015258789,10.25,10.380000114440918,10.12192440032959,22898800
2016-03-29,10.18000030517578,10.529999732971191,10.100000381469728,10.449999809265137,10.190183639526367,30891600
2016-03-30,10.510000228881836,10.949999809265137,10.399999618530272,10.479999542236328,10.219436645507812,35166700
2016-03-31,10.3100004196167,10.489999771118164,10.010000228881836,10.470000267028809,10.209686279296877,48134200
2016-04-01,10.279999732971191,11.06999969482422,10.239999771118164,11.029999732971191,10.755762100219728,28458300
2016-04-04,11.0600004196167,11.220000267028809,10.779999732971191,10.800000190734863,10.53148078918457,22475200
2016-04-05,10.630000114440918,10.720000267028809,10.380000114440918,10.399999618530272,10.14142608642578,20760300
2016-04-06,10.420000076293944,10.479999542236328,10.25,10.470000267028809,10.209686279296877,18413000
2016-04-07,10.420000076293944,10.649999618530272,10.390000343322754,10.510000228881836,10.248692512512209,19470200
2016-04-08,10.640000343322754,10.890000343322754,10.56999969482422,10.720000267028809,10.453471183776855,18950000
2016-04-11,10.75,10.920000076293944,10.4399995803833,10.449999809265137,10.190183639526367,18258000
2016-04-12,10.510000228881836,10.539999961853027,10.050000190734863,10.170000076293944,9.917142868041992,25679600
2016-04-13,10.300000190734863,10.899999618530272,10.199999809265137,10.880000114440918,10.609493255615234,26108900
2016-04-14,10.789999961853027,10.789999961853027,10.390000343322754,10.399999618530272,10.14142608642578,17778100
2016-04-15,10.729999542236328,10.779999732971191,10.460000038146973,10.6899995803833,10.424214363098145,25325200
2016-04-18,10.630000114440918,11.100000381469728,10.5600004196167,10.890000343322754,10.619243621826172,26372800
2016-04-19,11.079999923706056,11.079999923706056,10.600000381469728,10.720000267028809,10.453471183776855,21005700
2016-04-20,10.630000114440918,10.770000457763672,10.5,10.75,10.482725143432615,19268600
2016-04-21,10.800000190734863,10.890000343322754,10.600000381469728,10.649999618530272,10.385210037231444,15629500
2016-04-22,10.65999984741211,10.8100004196167,10.5,10.65999984741211,10.394960403442385,18715200
2016-04-25,10.670000076293944,10.880000114440918,10.479999542236328,10.550000190734863,10.287696838378906,22500000
2016-04-26,10.81999969482422,11.649999618530272,10.710000038146973,11.510000228881836,11.22382926940918,47098100
2016-04-27,11.34000015258789,11.609999656677246,11.199999809265137,11.5600004196167,11.27258586883545,24353400
2016-04-28,11.529999732971191,12.40999984741211,11.520000457763672,11.619999885559082,11.331093788146973,41186400
2016-04-29,11.630000114440918,11.6899995803833,10.649999618530272,10.75,10.482725143432615,40162100
2016-05-02,10.800000190734863,10.859999656677246,10.43000030517578,10.619999885559082,10.35595703125,23794800
2016-05-03,10.489999771118164,10.619999885559082,10.25,10.359999656677246,10.102422714233398,27847600
2016-05-04,10.25,10.489999771118164,9.800000190734863,10.0,9.751371383666992,40867200
2016-05-05,10.0600004196167,10.399999618530272,10.010000228881836,10.0600004196167,9.809881210327148,26456300
2016-05-06,9.979999542236328,10.210000038146973,9.850000381469728,9.989999771118164,9.741621971130373,20963300
2016-05-09,10.0,10.06999969482422,9.760000228881836,9.869999885559082,9.624603271484377,20476700
2016-05-10,9.9399995803833,10.109999656677246,9.84000015258789,10.09000015258789,9.839136123657228,19608200
2016-05-11,10.020000457763672,10.329999923706056,10.010000228881836,10.100000381469728,9.848885536193848,17808400
2016-05-12,10.149999618530272,10.260000228881836,9.350000381469728,9.630000114440918,9.390572547912598,41066600
2016-05-13,9.65999984741211,9.789999961853027,9.40999984741211,9.5600004196167,9.322310447692873,21517300
2016-05-16,9.609999656677246,9.6899995803833,9.510000228881836,9.68000030517578,9.439326286315918,16247600
2016-05-17,9.649999618530272,9.920000076293944,9.489999771118164,9.670000076293944,9.429576873779297,22112100
2016-05-18,9.68000030517578,10.279999732971191,9.68000030517578,10.050000190734863,9.800128936767578,26916900
2016-05-19,10.0,10.260000228881836,9.90999984741211,10.06999969482422,9.81963062286377,18852900
2016-05-20,10.3100004196167,10.8100004196167,10.279999732971191,10.800000190734863,10.53148078918457,31189700
2016-05-23,10.84000015258789,11.170000076293944,10.81999969482422,11.140000343322754,10.863028526306152,28369200
2016-05-24,11.3100004196167,11.5,11.15999984741211,11.489999771118164,11.20432472229004,25437300
2016-05-25,11.59000015258789,11.779999732971191,11.420000076293944,11.600000381469728,11.311591148376465,29175600
2016-05-26,11.710000038146973,12.029999732971191,11.6899995803833,11.949999809265137,11.6528902053833,23644100
2016-05-27,11.970000267028809,12.43000030517578,11.829999923706056,12.3100004196167,12.00393772125244,29838400
2016-05-31,12.65999984741211,12.90999984741211,12.260000228881836,12.720000267028809,12.403743743896484,49604300
2016-06-01,12.609999656677246,13.09000015258789,12.3100004196167,13.09000015258789,12.764543533325195,35762100
2016-06-02,12.949999809265137,13.210000038146973,12.75,13.109999656677246,12.784048080444336,31941900
2016-06-03,13.020000457763672,13.039999961853027,12.630000114440918,12.859999656677246,12.540263175964355,28326000
2016-06-06,12.890000343322754,13.039999961853027,12.760000228881836,12.770000457763672,12.45250415802002,24861200
2016-06-07,12.829999923706056,13.149999618530272,12.8100004196167,13.0,12.676783561706545,21409500
2016-06-08,13.079999923706056,13.09000015258789,12.510000228881836,12.579999923706056,12.26722526550293,25869800
2016-06-09,12.470000267028809,12.699999809265137,12.239999771118164,12.510000228881836,12.198966979980469,21881700
2016-06-10,12.31999969482422,12.369999885559082,12.050000190734863,12.140000343322754,11.838164329528809,21439300
2016-06-13,12.0,12.359999656677246,11.9399995803833,12.050000190734863,11.75040340423584,15538900
2016-06-14,12.06999969482422,12.31999969482422,11.739999771118164,11.920000076293944,11.62363624572754,21913200
2016-06-15,12.15999984741211,12.25,11.949999809265137,12.020000457763672,11.721149444580078,17491700
2016-06-16,11.869999885559082,11.989999771118164,11.579999923706056,11.949999809265137,11.6528902053833,22453100
2016-06-17,11.970000267028809,12.350000381469728,11.949999809265137,12.199999809265137,11.896672248840332,20604200
2016-06-20,12.510000228881836,12.65999984741211,12.289999961853027,12.31999969482422,12.01368808746338,21481700
2016-06-21,12.539999961853027,12.829999923706056,12.420000076293944,12.75,12.433001518249512,25060500
2016-06-22,12.779999732971191,13.039999961853027,12.670000076293944,12.720000267028809,12.403743743896484,26968200
2016-06-23,13.40999984741211,14.15999984741211,13.40999984741211,14.050000190734863,13.700677871704102,71203000
2016-06-24,13.5,13.850000381469728,13.130000114440918,13.210000038146973,12.881562232971191,77486100
2016-06-27,13.130000114440918,13.239999771118164,12.100000381469728,12.229999542236328,11.925928115844728,45700500
2016-06-28,12.640000343322754,13.050000190734863,12.619999885559082,12.989999771118164,12.667032241821287,34838100
2016-06-29,13.300000190734863,13.420000076293944,12.9399995803833,13.1899995803833,12.862058639526367,36879800
2016-06-30,13.34000015258789,13.779999732971191,13.220000267028809,13.760000228881836,13.417888641357422,48486100
2016-07-01,12.579999923706056,12.899999618530272,12.3100004196167,12.5,12.189212799072266,68847100
2016-07-05,12.380000114440918,12.449999809265137,11.800000190734863,11.90999984741211,11.613882064819336,37298900
2016-07-06,11.760000228881836,11.850000381469728,11.5,11.729999542236328,11.438359260559082,35747800
2016-07-07,11.899999618530272,12.550000190734863,11.890000343322754,12.199999809265137,11.896672248840332,33457100
2016-07-08,12.390000343322754,12.720000267028809,12.380000114440918,12.619999885559082,12.306231498718262,27955700
2016-07-11,12.789999961853027,12.979999542236328,12.609999656677246,12.640000343322754,12.325732231140137,22797100
2016-07-12,13.0,13.460000038146973,12.979999542236328,13.229999542236328,12.901063919067385,35226800
2016-07-13,13.239999771118164,13.390000343322754,13.06999969482422,13.289999961853027,12.95957088470459,23067400
2016-07-14,13.5,13.550000190734863,13.270000457763672,13.289999961853027,12.95957088470459,18698900
2016-07-15,13.3100004196167,13.5,13.039999961853027,13.130000114440918,12.80355167388916,18046200
2016-07-18,13.25,13.359999656677246,13.09000015258789,13.34000015258789,13.008330345153809,17180500
2016-07-19,13.220000267028809,13.260000228881836,13.050000190734863,13.220000267028809,12.891314506530762,30569900
2016-07-20,13.329999923706056,13.619999885559082,13.239999771118164,13.59000015258789,13.252115249633787,35666000
2016-07-21,13.479999542236328,13.5,13.079999923706056,13.18000030517578,12.852310180664062,16734700
2016-07-22,13.210000038146973,13.229999542236328,13.020000457763672,13.130000114440918,12.80355167388916,18755900
2016-07-25,14.0,14.329999923706056,13.880000114440918,13.920000076293944,13.573908805847168,51357000
2016-07-26,14.0,14.6899995803833,13.93000030517578,14.670000076293944,14.305262565612791,38959800
2016-07-27,14.850000381469728,14.890000343322754,14.0600004196167,14.1899995803833,13.837196350097656,35035800
2016-07-28,14.130000114440918,14.1899995803833,13.699999809265137,13.8100004196167,13.466645240783691,25504200
2016-07-29,13.90999984741211,13.9399995803833,13.619999885559082,13.739999771118164,13.398387908935549,21792900
2016-08-01,13.8100004196167,13.920000076293944,13.550000190734863,13.5600004196167,13.222859382629396,16363900
2016-08-02,13.550000190734863,13.579999923706056,13.020000457763672,13.399999618530272,13.066840171813965,23707600
2016-08-03,13.270000457763672,13.579999923706056,13.270000457763672,13.510000228881836,13.17410373687744,17316600
2016-08-04,13.609999656677246,14.199999809265137,13.600000381469728,14.029999732971191,13.68117618560791,23400100
2016-08-05,14.220000267028809,14.779999732971191,14.199999809265137,14.520000457763672,14.158992767333984,29098400
2016-08-08,14.529999732971191,14.720000267028809,14.380000114440918,14.420000076293944,14.061478614807127,16163500
2016-08-09,14.5600004196167,14.699999809265137,14.399999618530272,14.479999542236328,14.119985580444336,12573700
2016-08-10,14.479999542236328,14.5,14.029999732971191,14.199999809265137,13.846948623657228,15003200
2016-08-11,14.25,14.489999771118164,14.210000038146973,14.43000030517578,14.071229934692385,14451300
2016-08-12,14.460000038146973,14.989999771118164,14.43000030517578,14.93000030517578,14.558797836303713,24909900
2016-08-15,15.09000015258789,15.699999809265137,15.079999923706056,15.529999732971191,15.14388370513916,29105200
2016-08-16,15.579999923706056,15.59000015258789,15.229999542236328,15.489999771118164,15.104873657226562,21872700
2016-08-17,15.529999732971191,15.760000228881836,15.460000038146973,15.520000457763672,15.134127616882324,22552100
2016-08-18,15.550000190734863,15.800000190734863,15.510000228881836,15.770000457763672,15.377915382385254,16590700
2016-08-19,16.15999984741211,16.450000762939453,16.030000686645508,16.25,15.845979690551758,35059400
2016-08-22,16.149999618530273,16.43000030517578,15.90999984741211,16.190000534057617,15.78747272491455,22145800
2016-08-23,16.270000457763672,16.540000915527344,16.139999389648438,16.18000030517578,15.777721405029297,23741400
2016-08-24,16.200000762939453,16.239999771118164,15.380000114440918,15.510000228881836,15.124377250671388,26686900
2016-08-25,15.899999618530272,16.549999237060547,15.880000114440918,16.200000762939453,15.797223091125488,34837800
2016-08-26,16.34000015258789,16.809999465942383,16.290000915527344,16.510000228881836,16.09952163696289,24243700
2016-08-29,16.920000076293945,17.25,16.610000610351562,16.90999984741211,16.489564895629883,34467800
2016-08-30,17.0,17.010000228881836,16.510000228881836,16.739999771118164,16.32379722595215,23620900
2016-08-31,16.700000762939453,16.739999771118164,16.139999389648438,16.489999771118164,16.08001136779785,21963700
2016-09-01,16.610000610351562,16.799999237060547,16.299999237060547,16.639999389648438,16.226280212402344,15719500
2016-09-02,16.959999084472656,16.969999313354492,16.56999969482422,16.700000762939453,16.284793853759766,16099500
2016-09-06,16.799999237060547,17.079999923706055,16.75,17.010000228881836,16.58708381652832,22998600
2016-09-07,17.209999084472656,17.350000381469727,17.020000457763672,17.15999984741211,16.733354568481445,23023500
2016-09-08,17.18000030517578,17.860000610351562,16.8799991607666,17.450000762939453,17.016141891479492,39212100
2016-09-09,17.329999923706055,17.739999771118164,16.690000534057617,16.809999465942383,16.392057418823242,31389600
2016-09-12,16.610000610351562,17.200000762939453,16.3700008392334,17.149999618530273,16.72359848022461,28239200
2016-09-13,16.920000076293945,17.149999618530273,16.459999084472656,16.75,16.333547592163086,24345800
2016-09-14,16.8799991607666,17.079999923706055,16.649999618530273,16.93000030517578,16.50907325744629,18591300
2016-09-15,16.899999618530273,17.459999084472656,16.850000381469727,17.450000762939453,17.016141891479492,24303700
2016-09-16,18.07999992370605,18.07999992370605,17.34000015258789,17.479999542236328,17.045394897460938,37447400
2016-09-19,17.6299991607666,17.770000457763672,16.850000381469727,16.950000762939453,16.528573989868164,23999900
2016-09-20,17.049999237060547,17.270000457763672,16.719999313354492,16.920000076293945,16.49932098388672,17775800
2016-09-21,17.25,17.700000762939453,17.229999542236328,17.65999984741211,17.220922470092773,31384900
2016-09-22,17.889999389648438,18.049999237060547,17.40999984741211,17.59000015258789,17.152666091918945,25278000
2016-09-23,17.450000762939453,17.739999771118164,17.43000030517578,17.479999542236328,17.045394897460938,17947600
2016-09-26,17.350000381469727,17.600000381469727,17.18000030517578,17.360000610351562,16.928386688232422,19567200
2016-09-27,17.530000686645508,18.07999992370605,17.350000381469727,18.0,17.552467346191406,28621000
2016-09-28,18.15999984741211,18.15999984741211,17.149999618530273,17.440000534057617,17.006393432617188,42715600
2016-09-29,17.450000762939453,17.770000457763672,17.350000381469727,17.540000915527344,17.103904724121094,31870200
2016-09-30,17.75,18.0,17.579999923706055,17.780000686645508,17.337940216064453,21363100
2016-10-03,17.989999771118164,18.020000457763672,17.600000381469727,17.729999542236328,17.289182662963867,26856100
2016-10-04,17.979999542236328,18.040000915527344,17.65999984741211,17.799999237060547,17.35744285583496,54502800
2016-10-05,17.549999237060547,18.32999992370605,17.280000686645508,17.700000762939453,17.259931564331055,67739500
2016-10-06,17.639999389648438,17.889999389648438,17.540000915527344,17.729999542236328,17.289182662963867,21606800
2016-10-07,17.719999313354492,17.799999237060547,17.299999237060547,17.610000610351562,17.17216682434082,23849000
2016-10-10,17.719999313354492,17.84000015258789,17.489999771118164,17.5,17.064899444580078,18857600
2016-10-11,17.399999618530273,17.469999313354492,16.530000686645508,16.860000610351562,16.440813064575195,38070200
2016-10-12,16.8799991607666,17.040000915527344,16.670000076293945,16.780000686645508,16.36280059814453,17901800
2016-10-13,16.559999465942383,17.0,16.170000076293945,16.850000381469727,16.431062698364258,28593700
2016-10-14,17.030000686645508,17.40999984741211,16.989999771118164,17.1299991607666,16.704099655151367,23539800
2016-10-17,17.020000457763672,17.170000076293945,16.93000030517578,16.989999771118164,16.567583084106445,12657800
2016-10-18,17.209999084472656,17.65999984741211,17.200000762939453,17.40999984741211,16.977136611938477,20185700
2016-10-19,17.0,17.25,16.850000381469727,17.219999313354492,16.79186248779297,18629500
2016-10-20,17.049999237060547,17.5,17.049999237060547,17.200000762939453,16.772357940673828,17129700
2016-10-21,17.0,17.06999969482422,16.799999237060547,16.940000534057617,16.51882553100586,18710300
2016-10-24,17.06999969482422,17.15999984741211,16.969999313354492,17.059999465942383,16.635831832885742,13838700
2016-10-25,17.100000381469727,17.610000610351562,17.100000381469727,17.540000915527344,17.103904724121094,27444000
2016-10-26,17.299999237060547,17.93000030517578,17.200000762939453,17.639999389648438,17.201419830322266,23610500
2016-10-27,17.81999969482422,17.899999618530273,17.399999618530273,17.530000686645508,17.09415054321289,21198300
2016-10-28,17.600000381469727,17.670000076293945,17.100000381469727,17.200000762939453,16.772357940673828,20832400
2016-10-31,17.540000915527344,17.760000228881836,17.15999984741211,17.15999984741211,16.733354568481445,23267600
2016-11-01,17.200000762939453,17.40999984741211,16.579999923706055,16.979999542236328,16.557830810546875,27146100
2016-11-02,16.950000762939453,17.020000457763672,16.5,16.68000030517578,16.265287399291992,24949700
2016-11-03,16.65999984741211,16.809999465942383,16.559999465942383,16.6200008392334,16.20677947998047,17255100
2016-11-04,16.459999084472656,17.020000457763672,16.450000762939453,16.68000030517578,16.265287399291992,18026600
2016-11-07,17.020000457763672,17.43000030517578,17.020000457763672,17.3799991607666,16.9478816986084,21673200
2016-11-08,17.299999237060547,17.549999237060547,17.059999465942383,17.40999984741211,16.977136611938477,18062700
2016-11-09,16.950000762939453,17.350000381469727,16.75,17.200000762939453,16.772357940673828,33873300
2016-11-10,17.350000381469727,17.760000228881836,16.75,16.989999771118164,16.567583084106445,30282200
2016-11-11,17.079999923706055,17.68000030517578,16.899999618530273,17.670000076293945,17.230674743652344,31043300
2016-11-14,17.770000457763672,17.979999542236328,17.530000686645508,17.709999084472656,17.269678115844727,26313300
2016-11-15,17.65999984741211,18.170000076293945,17.65999984741211,18.100000381469727,17.649980545043945,25153900
2016-11-16,17.940000534057617,18.32999992370605,17.93000030517578,18.239999771118164,17.786500930786133,21629000
2016-11-17,18.350000381469727,19.34000015258789,18.25,19.18000030517578,18.70313262939453,45958100
2016-11-18,18.89999961853028,19.32999992370605,18.850000381469727,19.209999084472656,18.732383728027344,29121600
2016-11-21,19.38999938964844,19.670000076293945,19.350000381469727,19.489999771118164,19.00542259216309,22744000
2016-11-22,19.63999938964844,19.799999237060547,19.450000762939453,19.739999771118164,19.24920654296875,22219100
2016-11-23,19.6299991607666,19.93000030517578,19.46999931335449,19.90999984741211,19.414979934692383,20041300
2016-11-25,19.950000762939453,20.440000534057617,19.790000915527344,20.1299991607666,19.629512786865234,16308000
2016-11-28,20.18000030517578,20.280000686645508,19.950000762939453,19.989999771118164,19.49299049377441,22205900
2016-11-29,19.920000076293945,20.200000762939453,19.3799991607666,19.420000076293945,18.93716049194336,37924400
2016-11-30,19.57999992370605,19.76000022888184,19.36000061035156,19.530000686645508,19.04442977905273,26031700
2016-12-01,19.700000762939453,19.82999992370605,18.18000030517578,18.479999542236328,18.020538330078125,40713100
2016-12-02,18.459999084472656,19.200000762939453,18.299999237060547,18.790000915527344,18.322832107543945,25887600
2016-12-05,19.0,19.0,18.39999961853028,18.61000061035156,18.14730453491211,26635500
2016-12-06,18.6200008392334,19.09000015258789,18.57999992370605,19.059999465942383,18.58611297607422,22267800
2016-12-07,19.5,20.540000915527344,19.299999237060547,20.440000534057617,19.931804656982425,44735700
2016-12-08,20.75,20.989999771118164,20.290000915527344,20.65999984741211,20.146333694458008,36257400
2016-12-09,20.729999542236328,20.850000381469727,20.1299991607666,20.5,19.990312576293945,23978000
2016-12-12,20.299999237060547,20.51000022888184,19.489999771118164,20.020000457763672,19.522247314453125,28676100
2016-12-13,20.13999938964844,20.46999931335449,19.799999237060547,20.1299991607666,19.629512786865234,26252400
2016-12-14,19.93000030517578,20.32999992370605,19.780000686645508,20.020000457763672,19.522247314453125,19489100
2016-12-15,20.100000381469727,20.5,19.979999542236328,20.290000915527344,19.78553581237793,19453100
2016-12-16,20.530000686645508,21.0,20.190000534057617,20.270000457763672,19.76603126525879,36643400
2016-12-19,20.43000030517578,20.700000762939453,20.190000534057617,20.350000381469727,19.844038009643555,23555900
2016-12-20,20.729999542236328,20.799999237060547,20.46999931335449,20.64999961853028,20.136585235595703,23018500
2016-12-21,20.75,20.82999992370605,20.34000015258789,20.57999992370605,20.06831932067871,32034500
2016-12-22,22.90999984741211,23.489999771118164,22.770000457763672,23.190000534057617,22.613431930541992,85870000
2016-12-23,23.06999969482422,23.489999771118164,23.059999465942383,23.26000022888184,22.681690216064453,27780100
2016-12-27,23.350000381469727,23.63999938964844,23.209999084472656,23.299999237060547,22.72069549560547,24214100
2016-12-28,23.39999961853028,23.40999984741211,22.76000022888184,22.780000686645508,22.2136287689209,24026900
2016-12-29,22.57999992370605,22.799999237060547,22.14999961853028,22.270000457763672,21.7163028717041,19890500
2016-12-30,22.350000381469727,22.39999961853028,21.75,21.920000076293945,21.375009536743164,20268900
2017-01-03,22.06999969482422,22.739999771118164,22.049999237060547,22.549999237060547,21.989347457885746,24962900
2017-01-04,22.670000076293945,22.84000015258789,22.25,22.36000061035156,21.80406951904297,20426800
2017-01-05,22.39999961853028,22.56999969482422,21.959999084472656,22.11000061035156,21.560283660888672,19759400
2017-01-06,22.270000457763672,22.280000686645508,21.979999542236328,22.040000915527344,21.492021560668945,17782200
2017-01-09,21.940000534057617,22.549999237060547,21.940000534057617,22.34000015258789,21.784564971923828,21537200
2017-01-10,22.36000061035156,22.690000534057617,22.299999237060547,22.479999542236328,21.921083450317383,20644300
2017-01-11,22.61000061035156,22.8799991607666,22.559999465942383,22.790000915527344,22.22337913513184,20907700
2017-01-12,22.459999084472656,22.479999542236328,21.700000762939453,22.309999465942383,21.755311965942383,27592300
2017-01-13,22.270000457763672,22.309999465942383,21.989999771118164,22.18000030517578,21.62854385375977,14025700
2017-01-17,21.8799991607666,22.06999969482422,21.57999992370605,21.739999771118164,21.19948387145996,20053800
2017-01-18,21.68000030517578,22.34000015258789,21.530000686645508,22.31999969482422,21.76506233215332,19493400
2017-01-19,21.5,22.299999237060547,21.489999771118164,21.709999084472656,21.170228958129883,31259000
2017-01-20,21.89999961853028,22.32999992370605,21.88999938964844,21.959999084472656,21.41401672363281,19978700
2017-01-23,21.959999084472656,22.309999465942383,21.739999771118164,21.88999938964844,21.345748901367188,16070300
2017-01-24,22.270000457763672,23.09000015258789,22.26000022888184,22.850000381469727,22.281885147094727,29461400
2017-01-25,23.39999961853028,23.979999542236328,23.190000534057617,23.559999465942383,22.97422981262207,31611800
2017-01-26,23.799999237060547,23.989999771118164,23.290000915527344,23.520000457763672,22.93523025512696,19379100
2017-01-27,23.530000686645508,24.100000381469727,23.450000762939453,23.96999931335449,23.374038696289062,18626100
2017-01-30,23.81999969482422,24.239999771118164,23.43000030517578,24.18000030517578,23.57881736755371,30508100
2017-01-31,23.950000762939453,24.14999961853028,23.68000030517578,24.11000061035156,23.510560989379883,22712500
2017-02-01,24.43000030517578,24.850000381469727,24.309999465942383,24.75,24.134645462036133,28728200
2017-02-02,24.530000686645508,25.309999465942383,24.459999084472656,24.790000915527344,24.17365074157715,45499700
2017-02-03,24.89999961853028,25.239999771118164,24.5,24.600000381469727,23.988374710083008,25054400
2017-02-06,24.530000686645508,24.729999542236328,24.209999084472656,24.34000015258789,23.734838485717773,18900000
2017-02-07,24.59000015258789,24.690000534057617,24.209999084472656,24.600000381469727,23.988374710083008,19879300
2017-02-08,24.25,24.3799991607666,23.90999984741211,24.209999084472656,23.608068466186523,21559200
2017-02-09,24.75,24.88999938964844,24.420000076293945,24.450000762939453,23.84211158752441,27887400
2017-02-10,24.709999084472656,24.76000022888184,23.89999961853028,24.049999237060547,23.452049255371094,28578400
2017-02-13,24.06999969482422,24.200000762939453,23.81999969482422,23.89999961853028,23.3057804107666,16876400
2017-02-14,23.36000061035156,23.3700008392334,22.68000030517578,23.1200008392334,22.5451717376709,60685200
2017-02-15,23.06999969482422,23.26000022888184,22.790000915527344,23.020000457763672,22.44765853881836,28215800
2017-02-16,23.040000915527344,23.34000015258789,22.850000381469727,22.979999542236328,22.40864944458008,23819800
2017-02-17,23.01000022888184,23.3799991607666,23.01000022888184,23.350000381469727,22.76944923400879,22108700
2017-02-21,23.6200008392334,23.979999542236328,23.57999992370605,23.770000457763672,23.17900848388672,20256300
2017-02-22,23.86000061035156,24.059999465942383,23.64999961853028,23.75,23.159507751464844,16013300
2017-02-23,23.920000076293945,23.96999931335449,23.229999542236328,23.479999542236328,22.896221160888672,20172900
2017-02-24,22.959999084472656,23.26000022888184,22.63999938964844,23.239999771118164,22.662187576293945,22019600
2017-02-27,23.36000061035156,23.770000457763672,23.14999961853028,23.76000022888184,23.16926383972168,17999800
2017-02-28,23.790000915527344,23.950000762939453,23.31999969482422,23.440000534057617,22.857213973999023,21447500
2017-03-01,24.15999984741211,24.57999992370605,24.06999969482422,24.549999237060547,23.93961334228516,27989300
2017-03-02,24.8799991607666,25.25,24.3799991607666,24.700000762939453,24.08589172363281,45941900
2017-03-03,25.200000762939453,25.68000030517578,24.979999542236328,25.56999969482422,24.93425941467285,37862400
2017-03-06,25.5,25.920000076293945,25.170000076293945,25.709999084472656,25.07077407836914,25527800
2017-03-07,25.559999465942383,25.75,25.280000686645508,25.63999938964844,25.00251579284668,20313000
2017-03-08,25.63999938964844,25.82999992370605,25.040000915527344,25.3799991607666,24.74898147583008,24921100
2017-03-09,25.229999542236328,25.489999771118164,24.850000381469727,25.14999961853028,24.52470016479492,21786600
2017-03-10,25.280000686645508,25.75,24.809999465942383,25.18000030517578,24.553953170776367,28919000
2017-03-13,25.38999938964844,25.81999969482422,25.290000915527344,25.700000762939453,25.06102180480957,23768200
2017-03-14,25.59000015258789,25.700000762939453,25.25,25.57999992370605,24.944011688232425,14587500
2017-03-15,25.14999961853028,26.14999961853028,24.940000534057617,26.1200008392334,25.4705810546875,29779900
2017-03-16,26.200000762939453,26.229999542236328,25.82999992370605,26.040000915527344,25.392578125,19147300
2017-03-17,25.86000061035156,25.90999984741211,25.39999961853028,25.799999237060547,25.15853881835937,19126500
2017-03-20,25.989999771118164,26.61000061035156,25.809999465942383,26.209999084472656,25.55834197998047,26918800
2017-03-21,26.299999237060547,26.440000534057617,25.43000030517578,25.520000457763672,24.885501861572266,28397500
2017-03-22,25.729999542236328,26.14999961853028,25.6299991607666,26.059999465942383,25.412071228027344,25092500
2017-03-23,26.36000061035156,26.489999771118164,26.040000915527344,26.46999931335449,25.81188201904297,47118300
2017-03-24,29.709999084472656,29.8700008392334,28.15999984741211,28.43000030517578,27.723148345947266,107481800
2017-03-27,28.100000381469727,29.18000030517578,28.06999969482422,28.76000022888184,28.044940948486328,48190000
2017-03-28,28.729999542236328,29.059999465942383,28.6200008392334,28.690000534057617,27.97668838500977,24776400
2017-03-29,28.600000381469727,28.68000030517578,28.350000381469727,28.5,27.791410446166992,23060600
2017-03-30,28.39999961853028,29.0,28.32999992370605,28.96999931335449,28.24972152709961,25092700
2017-03-31,29.100000381469727,29.36000061035156,28.89999961853028,28.89999961853028,28.18146324157715,32337800
2017-04-03,28.950000762939453,29.040000915527344,28.299999237060547,28.63999938964844,27.927928924560547,21629100
2017-04-04,28.46999931335449,28.68000030517578,28.15999984741211,28.59000015258789,27.8791732788086,13957900
2017-04-05,28.63999938964844,28.90999984741211,28.229999542236328,28.26000022888184,27.5573787689209,22389900
2017-04-06,28.25,28.780000686645508,28.020000457763672,28.6200008392334,27.908428192138672,19423700
2017-04-07,28.450000762939453,28.86000061035156,28.350000381469727,28.520000457763672,27.8109130859375,20325500
2017-04-10,28.450000762939453,28.489999771118164,27.57999992370605,27.63999938964844,26.95279121398925,27422100
2017-04-11,27.5,27.540000915527344,26.68000030517578,27.18000030517578,26.50423049926757,38619300
2017-04-12,27.420000076293945,27.43000030517578,26.65999984741211,26.690000534057617,26.02641487121582,24621900
2017-04-13,26.549999237060547,27.229999542236328,26.36000061035156,26.739999771118164,26.075170516967773,26077500
2017-04-17,26.90999984741211,27.21999931335449,26.82999992370605,27.1299991607666,26.455469131469727,14108600
2017-04-18,27.0,27.34000015258789,26.89999961853028,27.13999938964844,26.46522331237793,14407100
2017-04-19,27.450000762939453,27.549999237060547,27.049999237060547,27.26000022888184,26.58224105834961,21231900
2017-04-20,27.5,28.07999992370605,27.5,27.959999084472656,27.264833450317383,23633000
2017-04-21,28.0,28.030000686645508,27.15999984741211,27.31999969482422,26.640745162963867,28361700
2017-04-24,27.739999771118164,27.76000022888184,26.520000457763672,26.56999969482422,25.90939140319824,44041000
2017-04-25,26.709999084472656,27.020000457763672,26.3700008392334,26.989999771118164,26.31895065307617,22881400
2017-04-26,26.57999992370605,27.06999969482422,26.38999938964844,26.790000915527344,26.123926162719727,24670700
2017-04-27,27.170000076293945,27.64999961853028,27.100000381469727,27.6299991607666,26.943038940429688,24626900
2017-04-28,28.020000457763672,28.200000762939453,27.51000022888184,27.670000076293945,26.982046127319336,28105100
2017-05-01,27.850000381469727,28.3799991607666,27.71999931335449,28.290000915527344,27.586631774902344,23938000
2017-05-02,28.280000686645508,28.280000686645508,27.450000762939453,27.770000457763672,27.079559326171875,25335300
2017-05-03,27.549999237060547,28.100000381469727,27.549999237060547,28.0,27.30384063720703,15061300
2017-05-04,27.940000534057617,28.170000076293945,27.71999931335449,27.790000915527344,27.099063873291016,15544600
2017-05-05,27.799999237060547,28.21999931335449,27.6200008392334,28.200000762939453,27.49886512756348,15639600
2017-05-08,27.559999465942383,28.06999969482422,27.280000686645508,28.059999465942383,27.36235237121582,32326800
2017-05-09,28.11000061035156,28.89999961853028,28.059999465942383,28.809999465942383,28.093700408935547,31073400
2017-05-10,28.920000076293945,29.420000076293945,28.799999237060547,29.31999969482422,28.591020584106445,29267500
2017-05-11,29.170000076293945,29.309999465942383,28.690000534057617,29.030000686645508,28.30823135375977,22494600
2017-05-12,29.100000381469727,29.1200008392334,28.68000030517578,28.93000030517578,28.21072196960449,15902700
2017-05-15,29.07999992370605,29.190000534057617,28.729999542236328,28.82999992370605,28.11320686340332,21899900
2017-05-16,28.920000076293945,29.07999992370605,28.56999969482422,29.020000457763672,28.298480987548828,14940800
2017-05-17,28.34000015258789,28.51000022888184,26.959999084472656,27.0,26.328702926635746,38027900
2017-05-18,27.14999961853028,27.88999938964844,27.09000015258789,27.479999542236328,26.796775817871094,26863000
2017-05-19,27.780000686645508,28.15999984741211,27.729999542236328,27.81999969482422,27.128313064575195,19173200
2017-05-22,28.200000762939453,28.25,27.64999961853028,28.059999465942383,27.36235237121582,18032700
2017-05-23,28.07999992370605,28.309999465942383,27.559999465942383,28.290000915527344,27.586631774902344,21800800
2017-05-24,28.46999931335449,29.1200008392334,28.440000534057617,28.989999771118164,28.26922607421875,22216800
2017-05-25,29.200000762939453,29.65999984741211,29.190000534057617,29.43000030517578,28.698291778564453,20714000
2017-05-26,29.270000457763672,29.770000457763672,28.8799991607666,29.76000022888184,29.020082473754883,17784800
2017-05-30,29.940000534057617,30.8700008392334,29.8799991607666,30.700000762939453,29.93671226501465,34690000
2017-05-31,31.01000022888184,31.100000381469727,30.31999969482422,30.770000457763672,30.00497436523437,26402900
2017-06-01,30.75,30.82999992370605,30.280000686645508,30.76000022888184,29.99522018432617,20534800
2017-06-02,30.799999237060547,31.3799991607666,30.530000686645508,31.209999084472656,30.43403053283692,20206300
2017-06-05,31.299999237060547,31.76000022888184,31.06999969482422,31.209999084472656,30.43403053283692,24360800
2017-06-06,31.040000915527344,31.770000457763672,30.8700008392334,31.56999969482422,30.78507804870605,33125800
2017-06-07,31.700000762939453,32.54999923706055,31.700000762939453,32.5,31.69195938110352,32635800
2017-06-08,32.84000015258789,32.86000061035156,31.8799991607666,32.45000076293945,31.643199920654297,29156500
2017-06-09,32.66999816894531,32.93000030517578,29.549999237060547,30.600000381469727,29.83919906616211,53064200
2017-06-12,30.059999465942383,31.690000534057617,29.209999084472656,31.200000762939453,30.424280166625977,46550900
2017-06-13,31.75,32.2400016784668,30.770000457763672,31.540000915527344,30.755830764770508,33767900
2017-06-14,31.780000686645508,31.790000915527344,30.850000381469727,31.059999465942383,30.28776741027832,28935000
2017-06-15,30.46999931335449,30.96999931335449,30.07999992370605,30.559999465942383,29.800188064575195,33670600
2017-06-16,30.6299991607666,31.0,29.81999969482422,29.86000061035156,29.117595672607425,42881700
2017-06-19,30.51000022888184,31.25,30.32999992370605,31.200000762939453,30.424280166625977,24915000
2017-06-20,31.39999961853028,31.57999992370605,30.729999542236328,30.82999992370605,30.0634822845459,25793300
2017-06-21,31.18000030517578,32.150001525878906,31.059999465942383,32.0099983215332,31.21413993835449,30579000
2017-06-22,32.040000915527344,32.400001525878906,31.76000022888184,31.88999938964844,31.09712028503418,23050800
2017-06-23,31.88999938964844,32.08000183105469,31.63999938964844,31.729999542236328,30.941104888916016,45323800
2017-06-26,32.45000076293945,32.959999084472656,31.950000762939453,32.5,31.69195938110352,34750700
2017-06-27,32.5099983215332,32.66999816894531,31.61000061035156,31.65999984741211,30.872840881347656,33221500
2017-06-28,32.06999969482422,32.279998779296875,31.440000534057617,32.2400016784668,31.43842315673828,28415900
2017-06-29,32.290000915527344,32.38999938964844,30.63999938964844,31.46999931335449,30.68756484985352,53948400
2017-06-30,32.119998931884766,32.150001525878906,29.709999084472656,29.86000061035156,29.117595672607425,73308000
2017-07-03,30.09000015258789,30.280000686645508,28.559999465942383,29.13999938964844,28.415496826171875,36830400
2017-07-05,29.549999237060547,30.559999465942383,29.549999237060547,30.51000022888184,29.751436233520508,40444600
2017-07-06,29.940000534057617,30.479999542236328,29.920000076293945,30.100000381469727,29.35162734985352,27143800
2017-07-07,30.21999931335449,30.5,29.979999542236328,30.200000762939453,29.44914436340332,22023100
2017-07-10,30.15999984741211,30.59000015258789,29.75,30.5,29.74168586730957,24907900
2017-07-11,30.549999237060547,31.38999938964844,30.51000022888184,31.3700008392334,30.590051651000977,28530500
2017-07-12,31.770000457763672,31.780000686645508,31.15999984741211,31.450000762939453,30.66806602478028,22258600
2017-07-13,31.549999237060547,31.850000381469727,30.84000015258789,31.1299991607666,30.35601806640625,23773000
2017-07-14,31.350000381469727,31.950000762939453,31.26000022888184,31.790000915527344,30.99960899353028,28887600
2017-07-17,31.670000076293945,31.86000061035156,31.440000534057617,31.71999931335449,30.93135070800781,22320500
2017-07-18,31.63999938964844,31.90999984741211,31.39999961853028,31.89999961853028,31.10687255859375,14045000
2017-07-19,32.04999923706055,32.349998474121094,31.64999961853028,31.81999969482422,31.028867721557617,19984100
2017-07-20,31.93000030517578,32.02000045776367,31.420000076293945,32.0,31.204389572143555,23179300
2017-07-21,31.89999961853028,32.099998474121094,31.6200008392334,32.0099983215332,31.21413993835449,21146600
2017-07-24,32.0,32.0099983215332,31.5,31.670000076293945,30.88259506225586,17415500
2017-07-25,30.799999237060547,30.82999992370605,29.64999961853028,29.89999961853028,29.15660285949707,51216400
2017-07-26,29.850000381469727,30.049999237060547,29.68000030517578,29.809999465942383,29.06883811950684,26387400
2017-07-27,30.270000457763672,31.299999237060547,29.670000076293945,30.239999771118164,29.488149642944336,38967000
2017-07-28,29.959999084472656,29.979999542236328,28.959999084472656,29.280000686645508,28.55201911926269,31854900
2017-07-31,29.43000030517578,29.549999237060547,27.8700008392334,28.1200008392334,27.42085838317871,41112700
2017-08-01,28.21999931335449,28.940000534057617,27.82999992370605,28.34000015258789,27.63538932800293,28221600
2017-08-02,28.959999084472656,29.43000030517578,28.21999931335449,28.6299991607666,27.91817855834961,27226000
2017-08-03,28.38999938964844,28.39999961853028,27.61000061035156,27.82999992370605,27.138063430786133,30288400
2017-08-04,27.86000061035156,28.299999237060547,27.270000457763672,27.920000076293945,27.225830078125,23947500
2017-08-07,27.93000030517578,28.61000061035156,27.799999237060547,28.59000015258789,27.8791732788086,16589300
2017-08-08,28.61000061035156,29.34000015258789,28.61000061035156,28.84000015258789,28.12295722961425,21903300
2017-08-09,28.51000022888184,28.88999938964844,28.36000061035156,28.57999992370605,27.869422912597656,14181800
2017-08-10,28.299999237060547,28.3799991607666,27.43000030517578,27.489999771118164,26.8065242767334,26147600
2017-08-11,27.440000534057617,28.040000915527344,26.850000381469727,28.01000022888184,27.3135929107666,23375900
2017-08-14,28.81999969482422,29.36000061035156,28.71999931335449,29.239999771118164,28.51300811767578,25254600
2017-08-15,29.5,29.809999465942383,29.13999938964844,29.68000030517578,28.94207000732422,23973600
2017-08-16,30.020000457763672,30.86000061035156,29.959999084472656,30.690000534057617,29.92695999145508,37879500
2017-08-17,30.31999969482422,30.530000686645508,29.61000061035156,29.6200008392334,28.88356590270996,26152500
2017-08-18,29.959999084472656,30.600000381469727,29.76000022888184,30.3799991607666,29.62466812133789,31178100
2017-08-21,30.530000686645508,30.600000381469727,29.280000686645508,29.559999465942383,28.82505798339844,26247700
2017-08-22,29.850000381469727,30.540000915527344,29.770000457763672,30.450000762939453,29.69292640686035,18821200
2017-08-23,29.96999931335449,30.739999771118164,29.8700008392334,30.450000762939453,29.69292640686035,21200400
2017-08-24,30.549999237060547,30.6299991607666,30.11000061035156,30.21999931335449,29.468647003173828,18056800
2017-08-25,30.299999237060547,30.38999938964844,30.049999237060547,30.290000915527344,29.53690719604492,13929800
2017-08-28,30.43000030517578,31.209999084472656,30.420000076293945,31.07999992370605,30.30726432800293,22531000
2017-08-29,30.75,31.530000686645508,30.700000762939453,31.479999542236328,30.697315216064453,23151900
2017-08-30,31.64999961853028,31.68000030517578,31.3799991607666,31.61000061035156,30.82408905029297,17467900
2017-08-31,31.61000061035156,32.02000045776367,31.479999542236328,31.96999931335449,31.17513084411621,25694000
2017-09-01,32.130001068115234,32.880001068115234,32.130001068115234,32.599998474121094,31.789464950561523,26034000
2017-09-05,32.45000076293945,32.7400016784668,31.64999961853028,32.06999969482422,31.272645950317383,28866600
2017-09-06,32.06999969482422,32.70000076293945,32.060001373291016,32.25,31.44816970825196,29290200
2017-09-07,32.470001220703125,32.900001525878906,32.45000076293945,32.790000915527344,31.97474479675293,25353300
2017-09-08,32.79999923706055,33.02000045776367,32.310001373291016,32.45000076293945,31.643199920654297,19649300
2017-09-11,32.900001525878906,33.439998626708984,32.810001373291016,33.439998626708984,32.608577728271484,31012100
2017-09-12,33.689998626708984,34.540000915527344,33.560001373291016,34.290000915527344,33.43745803833008,38685800
2017-09-13,34.560001373291016,34.79999923706055,34.02000045776367,34.59000015258789,33.730003356933594,41588100
2017-09-14,34.43000030517578,34.849998474121094,34.29999923706055,34.58000183105469,33.720245361328125,23007000
2017-09-15,34.63999938964844,35.0,34.380001068115234,34.650001525878906,33.78850173950195,37417300
2017-09-18,35.130001068115234,35.79999923706055,35.02000045776367,35.43000030517578,34.549102783203125,41330100
2017-09-19,35.5,36.09999847412109,35.5,35.95000076293945,35.05617141723633,26392200
2017-09-20,36.02999877929688,36.59999847412109,35.34000015258789,35.970001220703125,35.07569122314453,42243000
2017-09-21,35.93000030517578,36.25,35.400001525878906,35.90999984741211,35.017181396484375,22464900
2017-09-22,35.599998474121094,36.220001220703125,35.599998474121094,36.06999969482422,35.173194885253906,21559800
2017-09-25,36.040000915527344,36.150001525878906,34.540000915527344,34.869998931884766,34.00303268432617,35607200
2017-09-26,35.22999954223633,35.369998931884766,34.09000015258789,34.18000030517578,33.3301887512207,55112600
2017-09-27,36.2599983215332,37.150001525878906,35.91999816894531,37.09000015258789,36.1678352355957,84593900
2017-09-28,37.150001525878906,38.459999084472656,36.81999969482422,37.959999084472656,37.01621627807617,52569900
2017-09-29,37.97999954223633,39.36000061035156,37.810001373291016,39.33000183105469,38.352142333984375,48711400
2017-10-02,39.59999847412109,40.369998931884766,39.36000061035156,40.0099983215332,39.015235900878906,54244800
2017-10-03,39.93000030517578,40.540000915527344,39.84999847412109,40.369998931884766,39.36628341674805,27322300
2017-10-04,40.13999938964844,40.43000030517578,38.90999984741211,39.560001373291016,38.5764274597168,37908400
2017-10-05,39.79999923706055,39.86000061035156,39.25,39.369998931884766,38.391143798828125,22501000
2017-10-06,39.0,39.66999816894531,38.810001373291016,39.66999816894531,38.683692932128906,25150300
2017-10-09,39.720001220703125,40.9900016784668,39.619998931884766,40.959999084472656,39.94161605834961,27279300
2017-10-10,41.45000076293945,42.0,40.459999084472656,41.97999954223633,40.936256408691406,48214100
2017-10-11,40.84000015258789,42.06999969482422,40.79999923706055,41.61000061035156,40.5754508972168,53023600
2017-10-12,41.209999084472656,41.75,40.290000915527344,40.58000183105469,39.57107162475586,66789800
2017-10-13,40.77999877929688,41.16999816894531,40.31999969482422,40.400001525878906,39.39554214477539,35371200
2017-10-16,40.880001068115234,41.56999969482422,40.5099983215332,41.4900016784668,40.45844268798828,33696800
2017-10-17,41.13999938964844,41.400001525878906,40.25,40.38999938964844,39.38579559326172,41233700
2017-10-18,41.040000915527344,41.95000076293945,40.810001373291016,41.650001525878906,40.61445999145508,43528000
2017-10-19,41.18000030517578,41.5,39.79999923706055,41.310001373291016,40.28291702270508,47676000
2017-10-20,42.0,42.16999816894531,41.43999862670898,41.5,40.46818923950195,36293700
2017-10-23,41.84999847412109,42.18999862670898,41.400001525878906,41.560001373291016,40.52670669555664,26844200
2017-10-24,41.7400016784668,42.0099983215332,41.43000030517578,41.59999847412109,40.565704345703125,26299400
2017-10-25,41.310001373291016,41.59000015258789,40.310001373291016,41.060001373291016,40.03912734985352,31061100
2017-10-26,41.16999816894531,41.18000030517578,40.310001373291016,40.59999847412109,39.59056091308594,27453500
2017-10-27,40.59000015258789,40.93999862670898,40.040000915527344,40.84999847412109,39.83434677124024,31094700
2017-10-30,40.72999954223633,41.86000061035156,40.68000030517578,41.650001525878906,40.61445999145508,29119500
2017-10-31,42.25,44.56999969482422,42.20000076293945,44.310001373291016,43.20833587646485,61972200
2017-11-01,44.790000915527344,45.33000183105469,43.77999877929688,44.380001068115234,43.27659606933594,38842900
2017-11-02,44.08000183105469,44.75,43.720001220703125,44.34000015258789,43.23756790161133,25813000
2017-11-03,44.77000045776367,45.0,43.34999847412109,43.709999084472656,42.62324905395508,27694600
2017-11-06,43.84999847412109,44.0099983215332,42.45000076293945,43.25,42.1746826171875,28841000
2017-11-07,43.58000183105469,44.2400016784668,43.33000183105469,43.95000076293945,42.85727310180664,32422900
2017-11-08,43.84999847412109,44.13999938964844,43.45000076293945,44.09000015258789,42.99380111694336,19519600
2017-11-09,43.68999862670898,43.68999862670898,42.58000183105469,43.5,42.41845703125,32501100
2017-11-10,43.7599983215332,44.84999847412109,43.709999084472656,44.77999877929688,43.6666374206543,33840800
2017-11-13,44.33000183105469,45.869998931884766,44.18999862670898,45.59999847412109,44.46625518798828,30522300
2017-11-14,45.58000183105469,46.0,44.79999923706055,45.79999923706055,44.661277770996094,29899200
2017-11-15,45.18999862670898,45.7400016784668,44.619998931884766,45.36000061035156,44.23222351074219,22434500
2017-11-16,45.72999954223633,46.290000915527344,45.290000915527344,46.18000030517578,45.03183364868164,24192600
2017-11-17,46.540000915527344,46.54999923706055,45.72999954223633,46.15999984741211,45.0123291015625,22613300
2017-11-20,46.5099983215332,47.86000061035156,46.400001525878906,47.63999938964844,46.455528259277344,26975000
2017-11-21,48.36000061035156,49.630001068115234,48.150001525878906,49.400001525878906,48.171783447265625,35756600
2017-11-22,49.84999847412109,49.88999938964844,48.619998931884766,49.13999938964844,47.918243408203125,28711800
2017-11-24,49.31999969482422,49.880001068115234,49.02999877929688,49.68000030517578,48.44480895996094,14203300
2017-11-27,47.959999084472656,48.38999938964844,47.09000015258789,48.04999923706055,46.85533905029297,44469700
2017-11-28,48.45000076293945,48.86000061035156,47.81999969482422,47.93000030517578,46.73832321166992,30633200
2017-11-29,47.5,47.59999847412109,43.27000045776367,43.7400016784668,42.65250396728516,81370100
2017-11-30,44.15999984741211,44.540000915527344,41.86000061035156,42.38999938964844,41.336055755615234,63895700
2017-12-01,41.72999954223633,42.54999923706055,40.0099983215332,41.9900016784668,40.94601058959961,73138600
2017-12-04,41.95000076293945,42.290000915527344,39.06999969482422,39.900001525878906,38.90797805786133,73640500
2017-12-05,39.77000045776367,42.04999923706055,39.41999816894531,41.209999084472656,40.18539810180664,56540700
2017-12-06,40.81999969482422,41.7400016784668,40.29999923706055,41.58000183105469,40.54620742797852,39735300
2017-12-07,42.18000030517578,43.22999954223633,41.90999984741211,43.20000076293945,42.12592315673828,43189000
2017-12-08,44.040000915527344,44.58000183105469,42.869998931884766,43.209999084472656,42.13567733764648,44717800
2017-12-11,43.41999816894531,43.75,42.33000183105469,43.0099983215332,41.94065856933594,32824000
2017-12-12,42.68999862670898,42.84999847412109,41.709999084472656,41.86000061035156,40.81924057006836,28492300
2017-12-13,42.220001220703125,43.09999847412109,41.970001220703125,42.04999923706055,41.004520416259766,28565600
2017-12-14,42.290000915527344,42.72999954223633,41.880001068115234,42.2400016784668,41.18979263305664,24582800
2017-12-15,42.29999923706055,42.560001373291016,41.88999938964844,42.400001525878906,41.34581756591797,58721700
2017-12-18,43.369998931884766,43.72999954223633,42.9900016784668,43.709999084472656,42.62324905395508,35075500
2017-12-19,44.09000015258789,44.34000015258789,43.29999923706055,43.97999954223633,42.88653564453125,51048300
2017-12-20,46.650001525878906,46.79999923706055,44.86000061035156,45.75,44.612525939941406,84338200
2017-12-21,45.54999923706055,45.58000183105469,44.34999847412109,44.41999816894531,43.31559753417969,50486100
2017-12-22,44.18000030517578,44.93999862670898,43.93999862670898,44.119998931884766,43.023048400878906,30372500
2017-12-26,43.18999862670898,43.20000076293945,41.52000045776367,42.25,41.19955062866211,41966200
2017-12-27,42.220001220703125,43.06999969482422,42.02999877929688,42.47999954223633,41.423828125,24175100
2017-12-28,42.83000183105469,43.04999923706055,41.75,41.810001373291016,40.770484924316406,28999700
2017-12-29,41.81999969482422,41.84000015258789,40.77000045776367,41.119998931884766,40.09764099121094,44642100
2018-01-02,41.540000915527344,43.720001220703125,41.18999862670898,43.66999816894531,42.58424758911133,37097000
2018-01-03,44.5,45.04999923706055,44.04999923706055,44.97999954223633,43.86167144775391,43376700
2018-01-04,45.9900016784668,46.97999954223633,45.0099983215332,46.880001068115234,45.71442794799805,52229500
2018-01-05,46.130001068115234,46.65999984741211,45.380001068115234,45.79999923706055,44.661277770996094,47381100
2018-01-08,45.310001373291016,46.09000015258789,44.90999984741211,45.54999923706055,44.41749572753906,32217400
2018-01-09,45.27000045776367,45.54999923706055,42.77000045776367,42.970001220703125,41.901649475097656,62982900
2018-01-10,41.95000076293945,43.369998931884766,41.38999938964844,43.310001373291016,42.23318099975586,53348000
2018-01-11,43.52000045776367,44.0,42.619998931884766,42.81999969482422,41.75537872314453,39402200
2018-01-12,42.81999969482422,43.34999847412109,42.68000030517578,42.810001373291016,41.7456169128418,28458500
2018-01-16,43.13999938964844,43.86000061035156,42.41999816894531,42.91999816894531,41.852874755859375,38174800
2018-01-17,43.209999084472656,44.380001068115234,42.97999954223633,44.2599983215332,43.15956115722656,38077100
2018-01-18,44.209999084472656,44.650001525878906,43.90999984741211,43.9900016784668,42.89628219604492,25152100
2018-01-19,43.95000076293945,44.20000076293945,42.650001525878906,42.75,41.68711853027344,41469200
2018-01-22,42.470001220703125,42.880001068115234,41.68000030517578,42.880001068115234,41.81388473510742,37879400
2018-01-23,43.25,44.65999984741211,42.72999954223633,43.95000076293945,42.85727310180664,41334100
2018-01-24,43.7599983215332,43.95000076293945,42.7400016784668,43.08000183105469,42.008914947509766,31305700
2018-01-25,44.22999954223633,44.720001220703125,42.86000061035156,43.0099983215332,41.94065856933594,40519200
2018-01-26,43.220001220703125,43.810001373291016,43.02999877929688,43.66999816894531,42.58424758911133,27177500
2018-01-29,43.25,43.41999816894531,42.380001068115234,43.290000915527344,42.213680267333984,29455000
2018-01-30,41.9900016784668,42.79999923706055,41.470001220703125,41.66999816894531,40.63396453857422,38861900
2018-01-31,42.97999954223633,43.959999084472656,42.77000045776367,43.720001220703125,42.63300323486328,45114600
2018-02-01,43.040000915527344,44.09000015258789,42.09999847412109,42.4900016784668,41.4335823059082,35713500
2018-02-02,42.0,42.209999084472656,40.61000061035156,40.81999969482422,39.80510330200195,40657400
2018-02-05,40.13999938964844,41.52999877929688,39.0099983215332,39.400001525878906,38.420406341552734,45796800
2018-02-06,40.54999923706055,43.93000030517578,40.54999923706055,43.880001068115234,42.78901672363281,66972800
2018-02-07,43.2599983215332,43.560001373291016,41.7400016784668,42.0099983215332,40.96551132202149,51354800
2018-02-08,42.52000045776367,43.02999877929688,40.0,40.0,39.00548553466797,53794100
2018-02-09,41.04999923706055,41.18999862670898,37.52000045776367,40.40999984741211,39.40529251098633,65189300
2018-02-12,41.0099983215332,42.68000030517578,40.880001068115234,42.18999862670898,41.14102935791016,47941100
2018-02-13,42.04999923706055,42.91999816894531,41.97999954223633,42.630001068115234,41.570091247558594,30296800
2018-02-14,41.93000030517578,43.630001068115234,41.93000030517578,43.45000076293945,42.36971282958984,36765900
2018-02-15,43.72999954223633,43.91999816894531,42.2599983215332,43.5,42.41845703125,35072300
2018-02-16,43.290000915527344,45.11000061035156,43.130001068115234,44.209999084472656,43.11080551147461,49404600
2018-02-20,44.02000045776367,45.27000045776367,43.900001525878906,44.900001525878906,43.783653259277344,36215900
2018-02-21,45.369998931884766,45.54999923706055,44.52000045776367,44.540000915527344,43.4326057434082,31618700
2018-02-22,44.77999877929688,44.83000183105469,44.040000915527344,44.25,43.14982604980469,24359600
2018-02-23,45.18000030517578,46.79999923706055,45.02000045776367,46.52999877929688,45.37313079833984,48476700
2018-02-26,46.970001220703125,48.22999954223633,46.70000076293945,47.97999954223633,46.787086486816406,41966100
2018-02-27,47.65999984741211,48.9900016784668,47.41999816894531,48.58000183105469,47.372161865234375,44731100
2018-02-28,48.79999923706055,49.459999084472656,48.34999847412109,48.810001373291016,47.596439361572266,45031400
2018-03-01,48.77000045776367,48.810001373291016,46.77000045776367,47.619998931884766,46.43602752685547,61278800
2018-03-02,46.36000061035156,49.25,45.95000076293945,49.11000061035156,47.88899230957031,52492900
2018-03-05,48.79999923706055,52.36000061035156,48.720001220703125,52.02999877929688,50.73638916015625,70984100
2018-03-06,53.400001525878906,54.63999938964844,53.209999084472656,53.7400016784668,52.40387344360352,73096300
2018-03-07,53.34000015258789,55.0,53.130001068115234,53.970001220703125,52.62814712524414,61670000
2018-03-08,54.59000015258789,55.470001220703125,54.29999923706055,55.220001220703125,53.847076416015625,51685900
2018-03-09,55.7599983215332,55.83000183105469,53.619998931884766,54.59000015258789,53.23274230957031,65504600
2018-03-12,56.5,61.16999816894531,56.34999847412109,59.369998931884766,57.89389419555664,138651600
2018-03-13,62.16999816894531,63.41999816894531,58.52000045776367,59.43000030517578,57.952396392822266,142315800
2018-03-14,59.31999969482422,60.060001373291016,57.560001373291016,59.77999877929688,58.293704986572266,80306900
2018-03-15,59.77000045776367,60.150001525878906,58.22999954223633,58.84000015258789,57.3770751953125,50963700
2018-03-16,60.0,60.68999862670898,59.209999084472656,60.58000183105469,59.07381439208984,69323100
2018-03-19,60.36000061035156,60.9900016784668,58.75,60.13999938964844,58.64474487304688,71373300
2018-03-20,60.09999847412109,61.25,59.79999923706055,61.150001525878906,59.62963104248047,53890500
2018-03-21,61.34999847412109,61.720001220703125,60.59999847412109,61.06999969482422,59.5516242980957,51220200
2018-03-22,60.06999969482422,60.29999923706055,58.11000061035156,58.91999816894531,57.455078125,74274700
2018-03-23,57.68999862670898,58.79999923706055,53.68000030517578,54.209999084472656,52.8621826171875,118369500
2018-03-26,56.2599983215332,56.709999084472656,52.720001220703125,55.560001373291016,54.17862319946289,70260700
2018-03-27,55.060001373291016,55.470001220703125,51.68000030517578,52.400001525878906,51.0971794128418,67785100
2018-03-28,51.93000030517578,53.34999847412109,50.70000076293945,51.4900016784668,50.20981979370117,62987500
2018-03-29,52.15999984741211,52.68000030517578,51.13999938964844,52.13999938964844,50.84365081787109,61458800
2018-04-02,51.540000915527344,51.720001220703125,49.560001373291016,50.060001373291016,48.81536865234375,59875500
2018-04-03,50.79999923706055,51.77000045776367,50.31999969482422,51.54999923706055,50.2683219909668,52436400
2018-04-04,49.619998931884766,53.5,49.2599983215332,53.38999938964844,52.06258010864258,60272800
2018-04-05,52.060001373291016,52.20000076293945,49.18999862670898,49.84000015258789,48.60083770751953,89203500
2018-04-06,47.720001220703125,50.47999954223633,47.2599983215332,48.459999084472656,47.25514602661133,79392200
2018-04-09,49.130001068115234,49.83000183105469,47.91999816894531,47.959999084472656,46.767574310302734,50532900
2018-04-10,49.25,50.75,48.63999938964844,50.47999954223633,49.22492599487305,50346500
2018-04-11,50.27999877929688,51.79999923706055,50.11000061035156,50.47999954223633,49.22492599487305,38942200
2018-04-12,51.119998931884766,52.91999816894531,51.09999847412109,52.59000015258789,51.28246307373047,46656300
2018-04-13,53.400001525878906,53.4900016784668,51.58000183105469,52.22999954223633,50.93141174316406,43598900
2018-04-16,52.25,52.47999954223633,51.31999969482422,51.650001525878906,50.3658447265625,30879500
2018-04-17,51.84999847412109,52.70000076293945,51.7400016784668,52.2599983215332,50.960670471191406,33325300
2018-04-18,51.45000076293945,54.27000045776367,50.68000030517578,54.0099983215332,52.66716003417969,55393600
2018-04-19,52.900001525878906,54.09999847412109,50.97999954223633,51.41999816894531,50.14154815673828,52635000
2018-04-20,51.5,52.06999969482422,50.150001525878906,50.619998931884766,49.3614501953125,38510800
2018-04-23,50.810001373291016,50.880001068115234,48.810001373291016,49.02000045776367,47.80121994018555,43693000
2018-04-24,49.65999984741211,50.2599983215332,46.43999862670898,47.11000061035156,45.93870544433594,61915400
2018-04-25,47.560001373291016,48.34000015258789,46.08000183105469,47.59999847412109,46.416534423828125,43781200
2018-04-26,49.27999877929688,50.18000030517578,48.83000183105469,50.13999938964844,48.89337921142578,39041400
2018-04-27,51.11000061035156,51.38999938964844,47.18999862670898,47.52000045776367,46.33852767944336,50049800
2018-04-30,47.060001373291016,47.68999862670898,45.31999969482422,45.97999954223633,44.83679962158203,54743800
2018-05-01,45.59000015258789,46.869998931884766,45.40999984741211,46.790000915527344,45.62667465209961,34154900
2018-05-02,45.90999984741211,46.7400016784668,45.68000030517578,45.88999938964844,44.74904251098633,31640800
2018-05-03,45.7400016784668,46.869998931884766,45.33000183105469,46.619998931884766,45.46089553833008,30489600
2018-05-04,46.31999969482422,47.70000076293945,46.13999938964844,47.58000183105469,46.39701843261719,28632200
2018-05-07,48.2599983215332,49.11000061035156,48.11000061035156,48.47999954223633,47.2746467590332,33996900
2018-05-08,48.52999877929688,48.86000061035156,47.880001068115234,48.56999969482422,47.36241912841797,25205500
2018-05-09,49.060001373291016,51.02999877929688,48.9900016784668,51.0099983215332,49.74174880981445,36489100
2018-05-10,51.79999923706055,52.68000030517578,51.59999847412109,52.65999984741211,51.35072326660156,37146300
2018-05-11,52.380001068115234,52.79999923706055,51.68000030517578,51.81999969482422,50.53161239624024,27646400
2018-05-14,52.9900016784668,53.709999084472656,52.86000061035156,53.0,51.682273864746094,33376300
2018-05-15,53.79999923706055,54.16999816894531,52.68999862670898,54.0099983215332,52.66716003417969,43307300
2018-05-16,55.59000015258789,56.90999984741211,55.47999954223633,56.5,55.09526062011719,59011900
2018-05-17,56.0099983215332,56.43999862670898,53.93000030517578,54.70000076293945,53.34000778198242,54832200
2018-05-18,53.59999847412109,54.650001525878906,52.84999847412109,53.38999938964844,52.06258010864258,46088800
2018-05-21,56.18000030517578,56.470001220703125,54.52999877929688,55.47999954223633,54.100616455078125,70858100
2018-05-22,59.04999923706055,60.5,58.29999923706055,59.02999877929688,57.562347412109375,111262700
2018-05-23,59.04999923706055,60.0,58.150001525878906,59.970001220703125,58.47897338867188,64066800
2018-05-24,60.18000030517578,61.9900016784668,59.560001373291016,61.4900016784668,59.961181640625,74725000
2018-05-25,60.84999847412109,62.09999847412109,60.61000061035156,61.34999847412109,59.824668884277344,54715900
2018-05-29,61.36000061035156,63.97999954223633,61.34999847412109,62.619998931884766,61.063087463378906,75591900
2018-05-30,63.70000076293945,64.66000366210938,60.91999816894531,62.56999969482422,61.01433181762695,84737600
2018-05-31,59.22999954223633,60.25,57.16999816894531,57.59000015258789,56.15815353393555,101882200
2018-06-01,58.810001373291016,59.34000015258789,56.880001068115234,58.7400016784668,57.27955627441406,74761500
2018-06-04,57.43000030517578,59.15999984741211,56.619998931884766,59.09999847412109,57.63059616088867,64350500
2018-06-05,59.79999923706055,60.13999938964844,58.83000183105469,59.40999984741211,57.93290328979492,41711300
2018-06-06,59.2599983215332,59.59000015258789,58.29999923706055,59.41999816894531,57.94265365600586,36749000
2018-06-07,59.84999847412109,60.27000045776367,58.560001373291016,59.630001068115234,58.14743423461914,42264700
2018-06-08,58.630001068115234,61.59999847412109,58.220001220703125,61.38999938964844,59.86367034912109,57144900
2018-06-11,61.709999084472656,62.54999923706055,61.06999969482422,61.38999938964844,59.86367034912109,42251500
2018-06-12,61.84000015258789,61.84999847412109,59.93999862670898,60.54999923706055,59.04454803466797,43633300
2018-06-13,60.29999923706055,61.27000045776367,60.02000045776367,60.04999923706055,58.55699920654297,33281400
2018-06-14,60.54999923706055,60.56999969482422,58.66999816894531,59.18000030517578,57.70861053466797,43421900
2018-06-15,58.52999877929688,59.09999847412109,57.29999923706055,58.22999954223633,56.78223419189453,45854100
2018-06-18,57.59999847412109,58.59999847412109,56.869998931884766,58.45000076293945,56.996768951416016,36975600
2018-06-19,57.63999938964844,59.459999084472656,57.11000061035156,59.25,57.7768783569336,43486600
2018-06-20,60.130001068115234,61.119998931884766,58.79999923706055,58.95000076293945,57.48433303833008,57497600
2018-06-21,61.459999084472656,61.83000183105469,59.09000015258789,59.43999862670898,57.96215057373047,70419900
2018-06-22,60.20000076293945,60.40999984741211,57.02000045776367,57.09999847412109,55.680320739746094,63497500
2018-06-25,55.540000915527344,55.63999938964844,52.40999984741211,53.15999984741211,51.83828353881836,72196300
2018-06-26,54.40999984741211,54.77000045776367,53.61000061035156,54.59000015258789,53.23274230957031,42277100
2018-06-27,55.0,55.34999847412109,52.15999984741211,52.2599983215332,50.960670471191406,53007500
2018-06-28,52.0,53.310001373291016,51.790000915527344,53.13999938964844,51.81878280639648,36878900
2018-06-29,53.68999862670898,53.84999847412109,52.400001525878906,52.43999862670898,51.136192321777344,32582200
2018-07-02,51.52000045776367,54.52999877929688,51.31999969482422,54.47999954223633,53.12547302246094,38934200
2018-07-03,54.54999923706055,54.790000915527344,50.09999847412109,51.47999954223633,50.20005798339844,52190200
2018-07-05,52.630001068115234,53.310001373291016,51.93999862670898,52.84000015258789,51.526248931884766,51136400
2018-07-06,52.540000915527344,53.40999984741211,51.97999954223633,53.22999954223633,51.90654754638672,31841000
2018-07-09,53.79999923706055,54.5,53.11000061035156,54.310001373291016,52.959693908691406,32579700
2018-07-10,54.65999984741211,55.900001525878906,54.34999847412109,55.7400016784668,54.35415267944336,34852800
2018-07-11,54.38999938964844,55.0,53.77000045776367,54.18000030517578,52.83293151855469,38699200
2018-07-12,54.650001525878906,55.65999984741211,54.34999847412109,55.45000076293945,54.07135009765625,29647700
2018-07-13,55.5099983215332,56.59000015258789,55.31999969482422,56.34999847412109,54.9489860534668,28799000
2018-07-16,56.59999847412109,57.18000030517578,56.060001373291016,56.150001525878906,54.75394821166992,25735200
2018-07-17,55.83000183105469,57.130001068115234,55.5,56.959999084472656,55.5438117980957,24729100
2018-07-18,57.25,58.150001525878906,56.91999816894531,57.45000076293945,56.021629333496094,33729700
2018-07-19,57.25,57.560001373291016,55.66999816894531,56.220001220703125,54.82221221923828,39392100
2018-07-20,56.08000183105469,56.13999938964844,54.83000183105469,55.02000045776367,53.65203857421875,32588100
2018-07-23,53.5099983215332,54.58000183105469,52.220001220703125,54.290000915527344,52.94020080566406,42781500
2018-07-24,55.0,55.400001525878906,52.93999862670898,53.16999816894531,51.84804534912109,39011500
2018-07-25,52.630001068115234,54.220001220703125,52.29999923706055,53.38999938964844,52.06258010864258,39749200
2018-07-26,53.59999847412109,54.7400016784668,53.45000076293945,53.7599983215332,52.423377990722656,28862500
2018-07-27,54.459999084472656,54.630001068115234,53.11000061035156,53.959999084472656,52.6183967590332,30109700
2018-07-30,54.18999862670898,54.25,52.41999816894531,53.0099983215332,51.692020416259766,25747800
2018-07-31,53.77999877929688,54.220001220703125,52.77000045776367,52.790000915527344,51.47748947143555,29301700
2018-08-01,52.65999984741211,53.58000183105469,52.16999816894531,52.290000915527344,50.98992156982422,28200000
2018-08-02,51.70000076293945,53.54999923706055,51.380001068115234,53.400001525878906,52.07232666015625,28708000
2018-08-03,53.29999923706055,53.400001525878906,52.2599983215332,52.810001373291016,51.49699401855469,22958900
2018-08-06,52.220001220703125,52.810001373291016,51.5,52.66999816894531,51.360477447509766,28776900
2018-08-07,52.93999862670898,53.43999862670898,52.70000076293945,53.040000915527344,51.72127151489258,21918600
2018-08-08,52.84000015258789,53.52999877929688,52.459999084472656,53.38999938964844,52.06258010864258,18074700
2018-08-09,52.650001525878906,52.84999847412109,51.93000030517578,52.2599983215332,50.960670471191406,34538400
2018-08-10,51.25,51.95000076293945,51.02000045776367,51.369998931884766,50.0927963256836,31340800
2018-08-13,51.61000061035156,52.060001373291016,51.27999877929688,51.34000015258789,50.06354904174805,24609500
2018-08-14,51.72999954223633,51.77000045776367,50.0099983215332,50.619998931884766,49.3614501953125,32050200
2018-08-15,49.83000183105469,49.86000061035156,47.13999938964844,47.4900016784668,46.309268951416016,57746200
2018-08-16,48.20000076293945,48.310001373291016,46.959999084472656,47.09999847412109,45.928958892822266,33663000
2018-08-17,46.209999084472656,47.36000061035156,45.619998931884766,47.11000061035156,45.93870544433594,34464200
2018-08-20,47.400001525878906,48.61000061035156,46.470001220703125,48.06999969482422,46.87483596801758,33022900
2018-08-21,48.900001525878906,50.369998931884766,48.869998931884766,49.93999862670898,48.69834899902344,38572900
2018-08-22,50.380001068115234,50.650001525878906,49.869998931884766,50.2400016784668,48.99089431762695,26740400
2018-08-23,50.04999923706055,50.2400016784668,49.400001525878906,49.70000076293945,48.46431350708008,26832000
2018-08-24,49.91999816894531,50.81999969482422,49.91999816894531,50.70000076293945,49.43946075439453,24785500
2018-08-27,51.34999847412109,52.45000076293945,51.16999816894531,52.06999969482422,50.775386810302734,29134100
2018-08-28,52.41999816894531,52.560001373291016,51.470001220703125,52.34000015258789,51.03868865966797,26198800
2018-08-29,52.09000015258789,52.15999984741211,51.29999923706055,51.83000183105469,50.54135513305664,31450800
2018-08-30,51.560001373291016,53.68000030517578,51.400001525878906,52.7599983215332,51.44823455810547,32416600
2018-08-31,52.70000076293945,53.22999954223633,52.220001220703125,52.52000045776367,51.21420669555664,29937300
2018-09-04,52.13999938964844,52.29999923706055,50.709999084472656,51.93000030517578,50.63887786865234,28975100
2018-09-05,51.38999938964844,51.59999847412109,49.06999969482422,49.540000915527344,48.30830383300781,39125100
2018-09-06,48.20000076293945,48.45000076293945,44.060001373291016,44.650001525878906,43.53987884521485,94413400
2018-09-07,45.13999938964844,46.459999084472656,44.650001525878906,44.86000061035156,43.74464416503906,47114300
2018-09-10,45.25,45.380001068115234,44.38999938964844,44.900001525878906,43.783653259277344,33078300
2018-09-11,43.650001525878906,43.75,42.34999847412109,43.59999847412109,42.51596832275391,48980700
2018-09-12,41.2400016784668,42.18000030517578,40.68000030517578,41.7400016784668,40.70223236083984,66916000
2018-09-13,42.29999923706055,44.4900016784668,42.29999923706055,43.619998931884766,42.53548812866211,59922100
2018-09-14,44.11000061035156,44.560001373291016,43.459999084472656,44.29999923706055,43.19856643676758,40610300
2018-09-17,43.59000015258789,44.31999969482422,43.25,43.58000183105469,42.4964714050293,28205300
2018-09-18,43.93000030517578,45.869998931884766,43.880001068115234,45.33000183105469,44.202972412109375,36507400
2018-09-19,45.77999877929688,46.060001373291016,44.84000015258789,45.060001373291016,43.93968200683594,29264700
2018-09-20,46.400001525878906,47.220001220703125,45.90999984741211,46.060001373291016,44.914817810058594,75144100
2018-09-21,44.400001525878906,45.59999847412109,43.79999923706055,44.7400016784668,43.62763977050781,97053400
2018-09-24,44.20000076293945,45.650001525878906,43.86000061035156,45.15999984741211,44.03719329833984,36918900
2018-09-25,45.09999847412109,45.459999084472656,44.02000045776367,44.63999938964844,43.53012466430664,32547500
2018-09-26,44.290000915527344,44.7599983215332,43.959999084472656,44.34999847412109,43.247337341308594,30299800
2018-09-27,44.22999954223633,45.52000045776367,44.04999923706055,44.9900016784668,43.87141418457031,26952400
2018-09-28,44.650001525878906,45.61000061035156,44.4900016784668,45.22999954223633,44.10546112060547,28080400
2018-10-01,45.43999862670898,46.08000183105469,45.0099983215332,45.150001525878906,44.02744674682617,26693400
2018-10-02,44.900001525878906,46.68999862670898,44.880001068115234,45.7599983215332,44.62227249145508,32397000
2018-10-03,46.27999877929688,46.41999816894531,44.709999084472656,45.150001525878906,44.02744674682617,29505100
2018-10-04,44.5,44.75,43.5099983215332,44.15999984741211,43.06205368041992,34579600
2018-10-05,44.08000183105469,44.630001068115234,42.810001373291016,43.58000183105469,42.4964714050293,35367100
2018-10-08,43.27999877929688,43.84999847412109,42.61000061035156,43.06999969482422,41.99915313720703,27426600
2018-10-09,42.810001373291016,43.040000915527344,41.97999954223633,42.27000045776367,41.21904373168945,31576400
2018-10-10,41.5,42.75,41.31999969482422,41.61000061035156,40.5754508972168,48452000
2018-10-11,41.959999084472656,42.91999816894531,41.43000030517578,41.970001220703125,40.92650985717773,48197000
2018-10-12,43.58000183105469,43.75,41.91999816894531,42.470001220703125,41.41407775878906,32851100
2018-10-15,42.02999877929688,42.54999923706055,41.630001068115234,42.34000015258789,41.28731536865234,27697300
2018-10-16,42.70000076293945,43.34999847412109,42.29999923706055,43.209999084472656,42.13567733764648,28827400
2018-10-17,43.33000183105469,43.38999938964844,42.11000061035156,42.34999847412109,41.29705810546875,27759000
2018-10-18,42.040000915527344,42.209999084472656,41.13999938964844,41.29999923706055,40.273170471191406,33560800
2018-10-19,41.66999816894531,41.9900016784668,40.27000045776367,40.45000076293945,39.44430923461914,28641400
2018-10-22,40.560001373291016,40.70000076293945,38.63999938964844,39.7599983215332,38.77145385742188,34441200
2018-10-23,38.150001525878906,39.11000061035156,37.40999984741211,38.68000030517578,37.71830749511719,46364200
2018-10-24,38.0,38.29999923706055,35.400001525878906,35.43000030517578,34.549102783203125,53096500
2018-10-25,35.59000015258789,37.15999984741211,35.060001373291016,36.77999877929688,35.86554718017578,39625700
2018-10-26,35.279998779296875,35.90999984741211,34.29999923706055,35.400001525878906,34.51986312866211,41257400
2018-10-29,36.13999938964844,36.20000076293945,33.81999969482422,34.65999984741211,33.79824447631836,34176400
2018-10-30,34.63999938964844,36.04999923706055,34.4900016784668,36.0099983215332,35.11468505859375,35319500
2018-10-31,36.58000183105469,38.040000915527344,35.79999923706055,37.720001220703125,36.78217697143555,44055400
2018-11-01,37.97999954223633,40.20000076293945,37.52000045776367,40.119998931884766,39.12250518798828,43981400
2018-11-02,40.18999862670898,40.93999862670898,39.63999938964844,40.31999969482422,39.317527770996094,33645700
2018-11-05,40.09999847412109,40.2400016784668,38.77000045776367,39.91999816894531,38.92747116088867,22904000
2018-11-06,39.7400016784668,40.560001373291016,39.560001373291016,39.79999923706055,38.81045913696289,19316600
2018-11-07,40.31999969482422,41.04999923706055,39.959999084472656,40.93000030517578,39.91236114501953,22957200
2018-11-08,40.66999816894531,41.43000030517578,40.34000015258789,40.43999862670898,39.43454360961914,15609300
2018-11-09,39.88999938964844,39.9900016784668,38.40999984741211,39.11000061035156,38.13760757446289,26102800
2018-11-12,38.2400016784668,38.52999877929688,36.84000015258789,37.43999862670898,36.50913238525391,24822400
2018-11-13,37.65999984741211,38.7400016784668,37.43999862670898,37.84999847412109,36.908939361572266,25870500
2018-11-14,38.619998931884766,38.970001220703125,37.61000061035156,38.02999877929688,37.0844612121582,23706400
2018-11-15,37.95000076293945,40.16999816894531,37.619998931884766,39.90999984741211,38.91773223876953,30046100
2018-11-16,38.45000076293945,39.709999084472656,38.33000183105469,39.43999862670898,38.45941162109375,25445700
2018-11-19,39.20000076293945,39.31999969482422,36.66999816894531,36.83000183105469,35.914310455322266,31039100
2018-11-20,34.099998474121094,36.9900016784668,34.04999923706055,36.119998931884766,35.22196578979492,38728600
2018-11-21,37.0,37.220001220703125,36.369998931884766,36.380001068115234,35.475486755371094,22728400
2018-11-23,35.93000030517578,37.5,35.91999816894531,36.400001525878906,35.494998931884766,11257800
2018-11-26,37.75,37.790000915527344,35.529998779296875,36.56999969482422,35.6607666015625,26569700
2018-11-27,36.09000015258789,37.45000076293945,36.02000045776367,37.0,36.080074310302734,21397300
2018-11-28,37.290000915527344,39.0,35.9900016784668,38.709999084472656,37.74756240844727,42293700
2018-11-29,38.29999923706055,38.709999084472656,37.72999954223633,37.90999984741211,36.96744537353516,23631300
2018-11-30,37.75,38.630001068115234,36.93999862670898,38.560001373291016,37.601295471191406,28176000
2018-12-03,40.20000076293945,40.2400016784668,39.150001525878906,40.02999877929688,39.03473663330078,35830000
2018-12-04,39.560001373291016,39.869998931884766,36.720001220703125,36.880001068115234,35.96306228637695,36616300
2018-12-06,35.65999984741211,37.68000030517578,35.130001068115234,37.66999816894531,36.73342514038086,37494400
2018-12-07,37.619998931884766,37.619998931884766,35.209999084472656,35.310001373291016,34.43209457397461,30619800
2018-12-10,34.83000183105469,35.720001220703125,34.529998779296875,34.79999923706055,33.93478012084961,33979700
2018-12-11,35.59000015258789,36.2599983215332,35.099998474121094,35.209999084472656,34.334571838378906,26238800
2018-12-12,35.939998626708984,36.61000061035156,35.400001525878906,36.02999877929688,35.134185791015625,26642500
2018-12-13,36.290000915527344,36.369998931884766,34.7599983215332,35.02000045776367,34.149295806884766,23825400
2018-12-14,34.439998626708984,35.45000076293945,34.060001373291016,34.20000076293945,33.34968566894531,28922100
2018-12-17,34.15999984741211,35.220001220703125,33.599998474121094,33.880001068115234,33.03765106201172,30891000
2018-12-18,34.38999938964844,34.939998626708984,33.970001220703125,34.11000061035156,33.261932373046875,46135400
2018-12-19,31.65999984741211,33.58000183105469,31.270000457763672,31.40999984741211,30.62906265258789,106669600
2018-12-20,31.600000381469727,32.900001525878906,30.86000061035156,31.280000686645508,30.50229263305664,60427600
2018-12-21,31.68000030517578,32.04999923706055,30.11000061035156,30.31999969482422,29.566160202026367,54630500
2018-12-24,29.86000061035156,30.350000381469727,29.0,29.020000457763672,28.298480987548828,23771800
2018-12-26,29.34000015258789,30.90999984741211,28.38999938964844,30.88999938964844,30.12198638916016,45711000
2018-12-27,30.40999984741211,32.0099983215332,30.229999542236328,31.93000030517578,31.136133193969727,39858300
2018-12-28,32.0,32.279998779296875,31.39999961853028,31.56999969482422,30.78507804870605,29873400
2018-12-31,31.989999771118164,32.400001525878906,31.459999084472656,31.729999542236328,30.941104888916016,21392100
2019-01-02,31.0,33.08000183105469,30.75,32.75,31.935747146606445,26004300
2019-01-03,31.81999969482422,32.150001525878906,30.86000061035156,31.0,30.229251861572266,29145500
2019-01-04,31.65999984741211,33.040000915527344,31.549999237060547,32.70000076293945,31.88698959350586,28557300
2019-01-07,33.70000076293945,34.45000076293945,33.310001373291016,34.0,33.1546630859375,44841500
2019-01-08,34.54999923706055,34.59000015258789,32.810001373291016,33.7400016784668,32.901123046875,33434100
2019-01-09,34.970001220703125,36.290000915527344,34.91999816894531,35.439998626708984,34.55885696411133,54147900
2019-01-10,35.2599983215332,35.95000076293945,35.08000183105469,35.90999984741211,35.017181396484375,24437400
2019-01-11,35.41999816894531,36.72999954223633,35.0099983215332,36.0099983215332,35.11468505859375,30469800
2019-01-14,34.720001220703125,34.91999816894531,34.2599983215332,34.66999816894531,33.80800247192383,34612000
2019-01-15,35.02000045776367,35.22999954223633,33.650001525878906,33.9900016784668,33.144920349121094,30633600
2019-01-16,34.040000915527344,34.33000183105469,33.529998779296875,33.58000183105469,32.7451171875,24890900
2019-01-17,33.22999954223633,34.20000076293945,32.65999984741211,33.880001068115234,33.03765106201172,29398500
2019-01-18,34.22999954223633,36.18999862670898,34.060001373291016,35.7599983215332,34.87090301513672,44872400
2019-01-22,35.25,35.25,33.54999923706055,33.869998931884766,33.02789306640625,37021900
2019-01-23,34.11000061035156,34.689998626708984,33.439998626708984,34.2400016784668,33.388702392578125,31011600
2019-01-24,35.310001373291016,37.43999862670898,35.099998474121094,36.59000015258789,35.680259704589844,65094800
2019-01-25,38.09000015258789,39.310001373291016,37.5,38.959999084472656,37.9913444519043,61032300
2019-01-28,36.95000076293945,38.959999084472656,36.650001525878906,38.08000183105469,37.13322448730469,44213000
2019-01-29,38.27999877929688,38.97999954223633,37.25,37.38999938964844,36.46038436889648,30331000
2019-01-30,38.29999923706055,38.7599983215332,37.59000015258789,38.2400016784668,37.28924179077149,32848100
2019-01-31,37.630001068115234,38.81999969482422,37.27999877929688,38.220001220703125,37.26974105834961,34130500
2019-02-01,38.310001373291016,39.86000061035156,38.22999954223633,39.59999847412109,38.61542892456055,36839900
2019-02-04,39.54999923706055,39.61000061035156,38.5099983215332,39.470001220703125,38.48866653442383,30851500
2019-02-05,39.2400016784668,40.33000183105469,39.16999816894531,39.369998931884766,38.391143798828125,25094000
2019-02-06,40.400001525878906,41.959999084472656,40.369998931884766,41.52000045776367,40.48769760131836,47472600
2019-02-07,40.810001373291016,41.04999923706055,38.90999984741211,39.380001068115234,38.40089797973633,40396400
2019-02-08,37.79999923706055,38.77999877929688,37.45000076293945,38.58000183105469,37.62080001831055,35573200
2019-02-11,38.59999847412109,38.869998931884766,37.36000061035156,38.58000183105469,37.62080001831055,30356500
2019-02-12,39.38999938964844,40.77000045776367,39.2400016784668,40.400001525878906,39.39554214477539,43587900
2019-02-13,40.84999847412109,42.27999877929688,40.79999923706055,41.68000030517578,40.64372253417969,50101700
2019-02-14,41.38999938964844,43.15999984741211,41.310001373291016,42.22999954223633,41.18004989624024,41759200
2019-02-15,42.27000045776367,42.400001525878906,41.41999816894531,41.9900016784668,40.94601058959961,28968400
2019-02-19,41.70000076293945,42.4900016784668,41.5,41.959999084472656,40.9167594909668,25575900
2019-02-20,42.310001373291016,43.2599983215332,42.130001068115234,42.209999084472656,41.1605339050293,28048700
2019-02-21,42.470001220703125,42.869998931884766,41.41999816894531,41.52999877929688,40.4974479675293,24048800
2019-02-22,42.08000183105469,42.56999969482422,41.83000183105469,42.56999969482422,41.51158142089844,22834300
2019-02-25,43.810001373291016,43.9900016784668,42.70000076293945,42.75,41.68711853027344,25233700
2019-02-26,42.34999847412109,43.150001525878906,42.290000915527344,42.959999084472656,41.89189147949219,18051500
2019-02-27,42.619998931884766,42.7599983215332,41.0099983215332,41.31999969482422,40.292667388916016,29522200
2019-02-28,40.20000076293945,41.150001525878906,39.79999923706055,40.880001068115234,39.86360931396485,25777900
2019-03-01,41.63999938964844,42.560001373291016,41.11000061035156,41.58000183105469,40.54620742797852,26755800
2019-03-04,41.880001068115234,42.150001525878906,40.63999938964844,41.060001373291016,40.03912734985352,27047800
2019-03-05,40.25,40.66999816894531,39.5099983215332,39.9900016784668,38.99574279785156,28798800
2019-03-06,39.380001068115234,39.45000076293945,37.52000045776367,37.93000030517578,36.9869499206543,44890400
2019-03-07,37.540000915527344,38.310001373291016,37.13999938964844,37.83000183105469,36.889434814453125,31567800
2019-03-08,36.88999938964844,38.81999969482422,36.56999969482422,38.650001525878906,37.689056396484375,34080900
2019-03-11,38.90999984741211,39.54999923706055,38.83000183105469,39.02999877929688,38.0595932006836,25164700
2019-03-12,39.16999816894531,39.400001525878906,38.83000183105469,39.25,38.27413558959961,18623500
2019-03-13,39.400001525878906,39.720001220703125,38.63999938964844,38.83000183105469,37.86457443237305,22786300
2019-03-14,38.7400016784668,39.630001068115234,38.34000015258789,38.40999984741211,37.455020904541016,19757300
2019-03-15,38.58000183105469,39.84000015258789,38.43000030517578,39.540000915527344,38.556922912597656,30702000
2019-03-18,39.59999847412109,40.40999984741211,39.150001525878906,39.61000061035156,38.625186920166016,22296600
2019-03-19,39.93000030517578,41.04999923706055,39.88999938964844,40.369998931884766,39.36628341674805,32407300
2019-03-20,40.5,40.75,39.619998931884766,40.130001068115234,39.13224411010742,41714400
2019-03-21,41.70000076293945,44.209999084472656,41.650001525878906,43.9900016784668,42.89628219604492,84985400
2019-03-22,43.470001220703125,43.47999954223633,41.54999923706055,41.619998931884766,40.58521270751953,46605600
2019-03-25,41.34000015258789,41.97999954223633,40.060001373291016,40.54999923706055,39.541805267333984,34516000
2019-03-26,41.16999816894531,41.650001525878906,40.09999847412109,40.31999969482422,39.317527770996094,24689600
2019-03-27,40.380001068115234,40.84999847412109,39.0099983215332,39.22999954223633,38.25463104248047,26856700
2019-03-28,39.400001525878906,39.93999862670898,39.02000045776367,39.34000015258789,38.36189651489258,24584500
2019-03-29,40.25,41.52000045776367,40.220001220703125,41.33000183105469,40.30242919921875,35716900
2019-04-01,42.27000045776367,42.7599983215332,41.720001220703125,42.25,41.19955062866211,28073000
2019-04-02,42.08000183105469,42.790000915527344,41.75,42.43999862670898,41.38482284545898,21438100
2019-04-03,43.54999923706055,44.84999847412109,43.54999923706055,43.900001525878906,42.808536529541016,39097200
2019-04-04,42.36000061035156,43.33000183105469,42.25,42.88999938964844,41.82363128662109,37038400
2019-04-05,43.29999923706055,43.540000915527344,42.720001220703125,43.31999969482422,42.24293899536133,21119400
2019-04-08,42.18000030517578,43.13999938964844,42.119998931884766,42.900001525878906,41.8333854675293,24546800
2019-04-09,42.540000915527344,42.59999847412109,41.27000045776367,41.720001220703125,40.682716369628906,29055900
2019-04-10,41.68999862670898,42.43999862670898,41.5099983215332,42.16999816894531,41.12153244018555,23252200
2019-04-11,42.20000076293945,42.72999954223633,42.130001068115234,42.27999877929688,41.228797912597656,18163900
2019-04-12,42.84999847412109,43.20000076293945,41.810001373291016,42.0099983215332,40.96551132202149,21740400
2019-04-15,42.16999816894531,42.22999954223633,41.20000076293945,41.81999969482422,40.780235290527344,16932300
2019-04-16,42.2599983215332,42.93000030517578,42.08000183105469,42.7599983215332,41.69685745239258,19337500
2019-04-17,43.36000061035156,44.04999923706055,42.7599983215332,43.150001525878906,42.07717514038086,22092000
2019-04-18,43.20000076293945,43.52999877929688,42.790000915527344,43.400001525878906,42.32095336914063,16193600
2019-04-22,43.13999938964844,43.56999969482422,42.52999877929688,43.400001525878906,42.32095336914063,19447900
2019-04-23,43.369998931884766,43.470001220703125,42.720001220703125,42.77000045776367,41.70661544799805,21489400
2019-04-24,42.81999969482422,43.400001525878906,42.380001068115234,43.02999877929688,41.96015167236328,19637000
2019-04-25,43.619998931884766,44.650001525878906,42.68999862670898,42.75,41.68711853027344,28346200
2019-04-26,41.4900016784668,42.27999877929688,40.77000045776367,42.09999847412109,41.05327606201172,26092400
2019-04-29,42.130001068115234,42.61000061035156,41.72999954223633,42.11000061035156,41.0630111694336,13452800
2019-04-30,41.86000061035156,42.36000061035156,41.58000183105469,42.060001373291016,41.01426696777344,16342700
2019-05-01,42.43000030517578,42.93000030517578,41.88999938964844,41.900001525878906,40.858245849609375,17673300
2019-05-02,42.0,43.20000076293945,41.630001068115234,42.560001373291016,41.5018424987793,17046800
2019-05-03,42.4900016784668,43.380001068115234,42.40999984741211,43.33000183105469,42.25268173217773,16577000
2019-05-06,41.400001525878906,42.290000915527344,41.0,42.130001068115234,41.08253479003906,25776000
2019-05-07,41.68000030517578,41.93000030517578,39.72999954223633,40.2599983215332,39.25902557373047,35094100
2019-05-08,39.86000061035156,40.4900016784668,39.58000183105469,39.75,38.76170349121094,26190100
2019-05-09,39.09999847412109,39.630001068115234,38.20000076293945,39.27000045776367,38.29364013671875,27844400
2019-05-10,39.0099983215332,39.290000915527344,37.650001525878906,38.93999862670898,37.97183990478516,30368100
2019-05-13,37.36000061035156,37.97999954223633,37.060001373291016,37.380001068115234,36.45062255859375,33092100
2019-05-14,38.02000045776367,38.61000061035156,37.400001525878906,38.5099983215332,37.55253219604492,24004000
2019-05-15,37.900001525878906,38.70000076293945,37.7599983215332,38.40999984741211,37.455020904541016,17532300
2019-05-16,37.68000030517578,37.9900016784668,37.09999847412109,37.310001373291016,36.38237380981445,29479200
2019-05-17,36.61000061035156,37.27999877929688,35.79999923706055,36.060001373291016,35.163448333740234,31096300
2019-05-20,34.75,35.20000076293945,34.33000183105469,34.619998931884766,33.75924301147461,34489500
2019-05-21,35.290000915527344,35.880001068115234,35.150001525878906,35.63999938964844,34.7538948059082,32501300
2019-05-22,35.20000076293945,35.45000076293945,34.630001068115234,34.72999954223633,33.86650848388672,20902400
2019-05-23,33.88999938964844,33.900001525878906,32.959999084472656,33.81999969482422,32.979129791259766,32186700
2019-05-24,34.15999984741211,34.36000061035156,33.59000015258789,34.0,33.1546630859375,19706000
2019-05-28,34.150001525878906,34.310001373291016,32.880001068115234,32.939998626708984,32.12102127075195,26758400
2019-05-29,32.31999969482422,33.41999816894531,32.16999816894531,33.290000915527344,32.46232604980469,28796100
2019-05-30,33.43000030517578,34.31999969482422,33.029998779296875,33.31999969482422,32.4915657043457,20957600
2019-05-31,32.599998474121094,33.5,32.52000045776367,32.61000061035156,31.79922866821289,18607300
2019-06-03,32.95000076293945,33.220001220703125,32.470001220703125,32.689998626708984,31.87723159790039,21174500
2019-06-04,33.36000061035156,34.560001373291016,33.099998474121094,34.4900016784668,33.63248062133789,25076000
2019-06-05,35.20000076293945,35.400001525878906,33.040000915527344,33.34000015258789,32.51106643676758,27070300
2019-06-06,33.2599983215332,33.81999969482422,32.939998626708984,33.470001220703125,32.63783645629883,21088100
2019-06-07,33.54999923706055,34.029998779296875,33.220001220703125,33.9900016784668,33.144920349121094,21430400
2019-06-10,34.599998474121094,35.540000915527344,34.52000045776367,34.939998626708984,34.0712890625,21728000
2019-06-11,35.79999923706055,35.9900016784668,34.75,34.84000015258789,33.97377395629883,19208600
2019-06-12,34.0099983215332,34.099998474121094,32.72999954223633,32.959999084472656,32.14051818847656,28746500
2019-06-13,33.08000183105469,33.63999938964844,33.0099983215332,33.380001068115234,32.550079345703125,16586700
2019-06-14,32.45000076293945,32.84000015258789,32.2400016784668,32.65999984741211,31.84797477722168,19715000
2019-06-17,32.540000915527344,32.849998474121094,32.13999938964844,32.43000030517578,31.62369537353516,20050000
2019-06-18,32.900001525878906,34.88999938964844,32.900001525878906,34.290000915527344,33.43745803833008,33727300
2019-06-19,34.689998626708984,34.689998626708984,33.709999084472656,33.939998626708984,33.096153259277344,20436400
2019-06-20,34.84000015258789,35.2599983215332,34.02000045776367,34.150001525878906,33.300933837890625,21691500
2019-06-21,33.70000076293945,33.88999938964844,32.72999954223633,33.25,32.42331314086914,38858200
2019-06-24,33.20000076293945,34.08000183105469,33.02000045776367,33.189998626708984,32.36479949951172,27306000
2019-06-25,33.349998474121094,33.880001068115234,32.61000061035156,32.68000030517578,31.86748504638672,39590500
2019-06-26,35.869998931884766,37.61000061035156,35.70000076293945,37.040000915527344,36.119083404541016,100271600
2019-06-27,36.84999847412109,38.33000183105469,36.5099983215332,38.06999969482422,37.123477935791016,51612400
2019-06-28,39.36000061035156,39.400001525878906,38.04999923706055,38.59000015258789,37.63053894042969,61402700
2019-07-01,41.15999984741211,41.709999084472656,39.7400016784668,40.11000061035156,39.11275100708008,60928000
2019-07-02,39.619998931884766,40.02999877929688,39.02999877929688,39.59999847412109,38.61542892456055,29774500
2019-07-03,39.619998931884766,39.77000045776367,39.16999816894531,39.59000015258789,38.60567092895508,13479700
2019-07-05,38.95000076293945,39.560001373291016,38.79999923706055,39.41999816894531,38.43990707397461,18408000
2019-07-08,39.02999877929688,40.61000061035156,38.93999862670898,40.40999984741211,39.40529251098633,28148500
2019-07-09,40.130001068115234,41.40999984741211,40.08000183105469,41.34999847412109,40.32192611694336,28254700
2019-07-10,42.22999954223633,44.0,42.040000915527344,42.900001525878906,41.8333854675293,51625500
2019-07-11,43.220001220703125,43.540000915527344,42.43999862670898,43.47999954223633,42.39896774291992,30392400
2019-07-12,43.75,44.70000076293945,43.36000061035156,44.5099983215332,43.40334701538086,33257800
2019-07-15,44.68999862670898,45.27000045776367,43.709999084472656,44.400001525878906,43.29609298706055,26623300
2019-07-16,44.04999923706055,44.09999847412109,42.93000030517578,43.060001373291016,41.98941421508789,31238900
2019-07-17,43.0,43.75,42.59999847412109,43.369998931884766,42.291690826416016,19539300
2019-07-18,43.61000061035156,44.93000030517578,43.5,44.66999816894531,43.55936813354492,26456600
2019-07-19,45.130001068115234,46.0,44.630001068115234,45.52000045776367,44.38824844360352,39328400
2019-07-22,46.5,47.43000030517578,46.310001373291016,47.18999862670898,46.01671600341797,46042800
2019-07-23,46.77999877929688,47.13999938964844,46.22999954223633,46.95000076293945,45.782691955566406,29354400
2019-07-24,46.95000076293945,48.22999954223633,46.81999969482422,47.9900016784668,46.79684066772461,33169900
2019-07-25,48.400001525878906,48.70000076293945,47.59000015258789,47.77000045776367,46.582298278808594,28127800
2019-07-26,47.93999862670898,48.130001068115234,47.09000015258789,47.4900016784668,46.309268951416016,19676200
2019-07-29,46.869998931884766,46.970001220703125,45.84999847412109,46.81999969482422,45.65593338012695,21939500
2019-07-30,46.880001068115234,47.68000030517578,46.20000076293945,47.459999084472656,46.27999877929688,21301600
2019-07-31,46.709999084472656,46.790000915527344,44.43999862670898,44.88999938964844,43.773902893066406,34493900
2019-08-01,45.0,45.959999084472656,42.84000015258789,43.59999847412109,42.51596832275391,37906500
2019-08-02,42.63999938964844,44.40999984741211,42.220001220703125,44.08000183105469,42.98404312133789,31954100
2019-08-05,42.400001525878906,42.5099983215332,41.36000061035156,41.93999862670898,40.897254943847656,35172900
2019-08-06,42.66999816894531,43.18999862670898,41.68999862670898,42.619998931884766,41.56033706665039,26857000
2019-08-07,42.0099983215332,42.95000076293945,40.70000076293945,41.75,40.71197509765625,35604600
2019-08-08,42.09000015258789,42.7599983215332,41.66999816894531,42.630001068115234,41.570091247558594,18567500
2019-08-09,42.040000915527344,42.2400016784668,40.869998931884766,41.52000045776367,40.48769760131836,22900300
2019-08-12,41.04999923706055,42.400001525878906,40.970001220703125,42.130001068115234,41.08253479003906,23969200
2019-08-13,42.619998931884766,45.08000183105469,42.5099983215332,44.16999816894531,43.07181167602539,33040200
2019-08-14,42.880001068115234,43.150001525878906,41.65999984741211,42.040000915527344,40.99477005004883,24657200
2019-08-15,42.34000015258789,42.560001373291016,41.5,42.2400016784668,41.18979263305664,16104000
2019-08-16,42.63999938964844,43.880001068115234,42.54999923706055,43.54999923706055,42.46721649169922,17914100
2019-08-19,44.66999816894531,45.369998931884766,44.34000015258789,45.0099983215332,43.89091491699219,22613400
2019-08-20,44.84999847412109,44.970001220703125,44.040000915527344,44.22999954223633,43.13032913208008,13191000
2019-08-21,44.810001373291016,45.0,43.900001525878906,44.16999816894531,43.07181167602539,14973800
2019-08-22,44.5,45.45000076293945,44.04999923706055,44.77999877929688,43.6666374206543,20599000
2019-08-23,43.88999938964844,44.970001220703125,42.65999984741211,42.959999084472656,41.89189147949219,27519900
2019-08-26,43.7400016784668,43.77000045776367,43.15999984741211,43.43000030517578,42.3502082824707,12282800
2019-08-27,43.709999084472656,43.79999923706055,42.34999847412109,42.43999862670898,41.38482284545898,19122100
2019-08-28,42.09999847412109,43.2599983215332,41.7599983215332,43.150001525878906,42.07717514038086,11545700
2019-08-29,43.9900016784668,45.220001220703125,43.90999984741211,44.66999816894531,43.55936813354492,18674100
2019-08-30,45.119998931884766,45.93000030517578,45.04999923706055,45.27000045776367,44.14445495605469,16391500
2019-09-03,44.59999847412109,45.33000183105469,44.43999862670898,44.9900016784668,43.87141418457031,17108100
2019-09-04,46.45000076293945,47.5,46.400001525878906,46.810001373291016,45.64617156982422,26978100
2019-09-05,47.900001525878906,49.63999938964844,47.88999938964844,49.02999877929688,47.81098175048828,33075500
2019-09-06,48.86000061035156,49.5,48.70000076293945,48.970001220703125,47.75246047973633,19565700
2019-09-09,49.540000915527344,50.0,48.86000061035156,49.130001068115234,47.90849685668945,19474400
2019-09-10,49.369998931884766,49.93999862670898,48.5,49.38999938964844,48.16202926635742,23111300
2019-09-11,50.02000045776367,51.38999938964844,49.84000015258789,50.47999954223633,49.22492599487305,31012900
2019-09-12,50.79999923706055,51.119998931884766,50.09999847412109,50.43999862670898,49.1859245300293,19671300
2019-09-13,50.5099983215332,50.95000076293945,50.060001373291016,50.5,49.24443054199219,14733000
2019-09-16,49.52999877929688,50.2400016784668,49.02000045776367,50.150001525878906,48.903133392333984,17495300
2019-09-17,50.18000030517578,50.90999984741211,49.93000030517578,50.84000015258789,49.57596969604492,13776500
2019-09-18,51.0,51.16999816894531,49.68999862670898,50.47999954223633,49.22492599487305,15247100
2019-09-19,51.16999816894531,51.29999923706055,49.75,49.81999969482422,48.581336975097656,16633600
2019-09-20,50.34000015258789,50.45000076293945,48.77000045776367,49.15999984741211,47.93773651123047,23195000
2019-09-23,49.540000915527344,50.18999862670898,49.47999954223633,49.59999847412109,48.366798400878906,16198500
2019-09-24,49.7400016784668,49.900001525878906,48.04999923706055,48.5099983215332,47.30390548706055,24959000
2019-09-25,48.470001220703125,49.70000076293945,47.86000061035156,49.470001220703125,48.24003219604492,23571800
2019-09-26,49.380001068115234,49.7400016784668,48.130001068115234,48.59999847412109,47.39166641235352,33341000
2019-09-27,45.900001525878906,45.91999816894531,42.90999984741211,43.209999084472656,42.13567733764648,75941400
2019-09-30,43.0,43.470001220703125,42.58000183105469,42.84999847412109,41.784629821777344,31423100
2019-10-01,43.09999847412109,43.34000015258789,41.75,42.29999923706055,41.24829864501953,28087300
2019-10-02,41.81999969482422,42.66999816894531,41.7599983215332,41.97999954223633,40.936256408691406,26408500
2019-10-03,42.0,43.4900016784668,41.7599983215332,43.459999084472656,42.37946701049805,23627100
2019-10-04,43.709999084472656,44.619998931884766,43.290000915527344,44.54999923706055,43.44236755371094,21860000
2019-10-07,44.29999923706055,44.72999954223633,44.060001373291016,44.15999984741211,43.06205368041992,14911600
2019-10-08,43.59999847412109,43.84000015258789,42.619998931884766,42.63999938964844,41.57984161376953,20664600
2019-10-09,43.18000030517578,43.380001068115234,42.83000183105469,42.880001068115234,41.81388473510742,12784000
2019-10-10,42.869998931884766,43.790000915527344,42.61000061035156,43.27999877929688,42.20394134521485,15572600
2019-10-11,44.38999938964844,45.81999969482422,44.27999877929688,45.09999847412109,43.97869491577149,27483700
2019-10-14,44.959999084472656,45.33000183105469,44.79999923706055,44.86000061035156,43.74464416503906,12443300
2019-10-15,45.209999084472656,46.54999923706055,45.040000915527344,46.459999084472656,45.304874420166016,17767700
2019-10-16,45.9900016784668,46.54999923706055,45.08000183105469,45.15999984741211,44.03719329833984,16646900
2019-10-17,45.77000045776367,46.119998931884766,45.27999877929688,45.5,44.36874771118164,11718700
2019-10-18,44.83000183105469,44.97999954223633,43.22999954223633,43.470001220703125,42.38921356201172,26215300
2019-10-21,43.959999084472656,45.29999923706055,43.91999816894531,45.220001220703125,44.095699310302734,15473700
2019-10-22,45.29999923706055,45.70000076293945,44.619998931884766,44.65999984741211,43.54963302612305,13802400
2019-10-23,44.04999923706055,44.81999969482422,43.95000076293945,44.65999984741211,43.54963302612305,13959200
2019-10-24,45.900001525878906,47.15999984741211,45.58000183105469,47.09999847412109,45.928958892822266,25760200
2019-10-25,47.27999877929688,48.27000045776367,46.91999816894531,48.02999877929688,46.83583450317383,19855300
2019-10-28,48.5,48.75,48.22999954223633,48.68999862670898,47.47942352294922,15240000
2019-10-29,48.79999923706055,49.16999816894531,48.060001373291016,48.11000061035156,46.91383743286133,12183600
2019-10-30,48.220001220703125,48.34000015258789,47.2599983215332,47.880001068115234,46.68956756591797,12932800
2019-10-31,47.27999877929688,47.880001068115234,46.459999084472656,47.54999923706055,46.367774963378906,15445800
2019-11-01,47.47999954223633,48.540000915527344,47.25,48.380001068115234,47.17713165283203,18311700
2019-11-04,49.38999938964844,49.900001525878906,49.25,49.59000015258789,48.3570556640625,16021500
2019-11-05,49.619998931884766,49.720001220703125,48.61000061035156,48.68000030517578,47.46967697143555,13682600
2019-11-06,48.150001525878906,48.29999923706055,47.11000061035156,47.68000030517578,46.49454498291016,21803600
2019-11-07,48.52000045776367,49.08000183105469,48.0,48.400001525878906,47.1966438293457,19253600
2019-11-08,47.560001373291016,48.0099983215332,46.95000076293945,47.18999862670898,46.01671600341797,18518800
2019-11-11,46.720001220703125,46.7400016784668,45.84999847412109,46.2599983215332,45.10984802246094,14635900
2019-11-12,46.79999923706055,47.68000030517578,46.68000030517578,46.900001525878906,45.73393249511719,15170700
2019-11-13,46.5,46.54999923706055,45.810001373291016,46.29999923706055,45.14885711669922,15423600
2019-11-14,46.119998931884766,46.83000183105469,45.77000045776367,46.79999923706055,45.63641357421875,11797400
2019-11-15,47.59999847412109,48.52000045776367,47.34000015258789,47.709999084472656,46.52379989624024,17859200
2019-11-18,47.95000076293945,48.40999984741211,47.470001220703125,47.81999969482422,46.63106536865234,12631200
2019-11-19,48.11000061035156,48.18000030517578,46.27999877929688,46.58000183105469,45.42187881469727,18384000
2019-11-20,46.150001525878906,46.5,45.22999954223633,45.56999969482422,44.43699264526367,24660700
2019-11-21,45.29999923706055,46.18000030517578,45.040000915527344,45.54999923706055,44.41749572753906,14192900
2019-11-22,45.93000030517578,46.380001068115234,45.75,45.869998931884766,44.72954559326172,11253700
2019-11-25,46.09999847412109,47.54999923706055,45.93999862670898,47.52000045776367,46.33852767944336,18803600
2019-11-26,47.650001525878906,47.66999816894531,46.540000915527344,46.720001220703125,45.55841064453125,12849300
2019-11-27,47.34999847412109,48.27000045776367,47.11000061035156,48.15999984741211,46.96260833740234,15409400
2019-11-29,47.93999862670898,47.95000076293945,47.43999862670898,47.5099983215332,46.32876205444336,7343600
2019-12-02,47.56999969482422,47.95000076293945,46.34999847412109,46.38999938964844,45.23660659790039,16053800
2019-12-03,45.119998931884766,45.400001525878906,44.54999923706055,45.22999954223633,44.10546112060547,20321400
2019-12-04,46.18000030517578,46.59999847412109,45.72999954223633,46.29999923706055,45.14885711669922,16921700
2019-12-05,46.709999084472656,47.400001525878906,46.25,46.619998931884766,45.46089553833008,13003800
2019-12-06,47.43999862670898,48.33000183105469,47.31999969482422,47.93000030517578,46.73832321166992,20468100
2019-12-09,47.56999969482422,47.77000045776367,46.43000030517578,46.45000076293945,45.29511642456055,16540500
2019-12-10,47.040000915527344,47.91999816894531,46.720001220703125,47.459999084472656,46.27999877929688,19263100
2019-12-11,47.75,49.34000015258789,47.68999862670898,49.2599983215332,48.035247802734375,22081300
2019-12-12,49.36000061035156,51.33000183105469,49.31999969482422,50.970001220703125,49.70274353027344,36590800
2019-12-13,51.02000045776367,52.31999969482422,50.70000076293945,51.20000076293945,49.927024841308594,30039700
2019-12-16,52.7599983215332,54.29999923706055,52.68999862670898,52.93999862670898,51.62376403808594,38629600
2019-12-17,53.9900016784668,54.0,52.650001525878906,53.0,51.682273864746094,28344800
2019-12-18,53.0,53.720001220703125,52.369998931884766,53.040000915527344,51.72127151489258,39099100
2019-12-19,55.0099983215332,55.290000915527344,53.900001525878906,54.52999877929688,53.174224853515625,55792900
2019-12-20,54.900001525878906,55.93000030517578,54.630001068115234,55.060001373291016,53.69105911254883,44285000
2019-12-23,55.22999954223633,56.11000061035156,55.13999938964844,55.400001525878906,54.02259826660156,23693800
2019-12-24,55.45000076293945,55.63999938964844,55.040000915527344,55.41999816894531,54.04209899902344,8621900
2019-12-26,55.45000076293945,55.650001525878906,54.90999984741211,55.11000061035156,53.73981094360352,13537400
2019-12-27,55.2400016784668,55.52999877929688,53.88999938964844,54.02999877929688,52.68667221069336,17176700
2019-12-30,53.77000045776367,53.880001068115234,52.65999984741211,53.209999084472656,51.88705062866211,15271500
2019-12-31,52.90999984741211,53.900001525878906,52.77999877929688,53.77999877929688,52.44288635253906,13296400
2020-01-02,54.84999847412109,55.4900016784668,54.5099983215332,55.38999938964844,54.01283645629883,20173200
2020-01-03,54.15999984741211,55.310001373291016,54.0,54.52999877929688,53.174224853515625,16815800
2020-01-06,53.75,54.13999938964844,53.15999984741211,53.56999969482422,52.23810577392578,18768700
2020-01-07,55.380001068115234,58.400001525878906,55.36000061035156,58.27000045776367,56.82123947143555,49908200
2020-01-08,58.09000015258789,58.38999938964844,57.060001373291016,57.52000045776367,56.089881896972656,29730800
2020-01-09,58.31999969482422,58.47999954223633,56.47999954223633,57.310001373291016,55.88511276245117,22376100
2020-01-10,57.470001220703125,57.5,56.27000045776367,56.66999816894531,55.26101303100586,19122800
2020-01-13,57.0099983215332,57.77999877929688,56.86000061035156,57.45000076293945,56.021629333496094,16163000
2020-01-14,57.79999923706055,58.29999923706055,56.459999084472656,57.52000045776367,56.089881896972656,26454300
2020-01-15,57.02999877929688,57.119998931884766,55.84000015258789,56.16999816894531,54.7734603881836,21638600
2020-01-16,56.79999923706055,57.84000015258789,56.7599983215332,57.68000030517578,56.24591445922852,22732700
2020-01-17,58.02000045776367,58.119998931884766,57.0099983215332,57.65999984741211,56.22641372680664,20549200
2020-01-21,57.369998931884766,59.18000030517578,57.27000045776367,58.970001220703125,57.50384140014648,24821700
2020-01-22,59.52000045776367,60.25,58.84999847412109,59.16999816894531,57.69886779785156,22604400
2020-01-23,60.33000183105469,60.560001373291016,59.02999877929688,59.20000076293945,57.72811508178711,26146100
2020-01-24,60.0,60.02000045776367,57.2400016784668,57.7599983215332,56.32392120361328,28555300
2020-01-27,55.150001525878906,55.9900016784668,54.619998931884766,55.40999984741211,54.0323486328125,27310100
2020-01-28,56.25,56.77999877929688,55.2400016784668,56.470001220703125,55.066009521484375,18544900
2020-01-29,55.9900016784668,57.18999862670898,55.290000915527344,55.29999923706055,53.92508316040039,19278300
2020-01-30,54.18000030517578,55.06999969482422,53.220001220703125,55.02999877929688,53.66179656982422,30783800
2020-01-31,55.150001525878906,55.20000076293945,52.70000076293945,53.09000015258789,51.7700424194336,28550800
2020-02-03,53.25,54.11000061035156,53.0,53.77999877929688,52.44288635253906,20471900
2020-02-04,55.290000915527344,56.02000045776367,54.93999862670898,55.5,54.12010955810547,19998600
2020-02-05,57.02000045776367,57.2599983215332,55.81999969482422,56.77000045776367,55.35853576660156,19795300
2020-02-06,58.08000183105469,59.16999816894531,57.40999984741211,58.68000030517578,57.22105026245117,23358700
2020-02-07,57.970001220703125,58.0,56.77000045776367,56.880001068115234,55.465797424316406,20891100
2020-02-10,56.29999923706055,57.34000015258789,56.20000076293945,57.33000183105469,55.90461349487305,15929000
2020-02-11,57.880001068115234,58.84000015258789,56.33000183105469,57.25,55.82659912109375,26776900
2020-02-12,59.040000915527344,61.18999862670898,58.900001525878906,59.27000045776367,57.796382904052734,47180800
2020-02-13,59.0099983215332,60.630001068115234,58.86000061035156,59.33000183105469,57.85489273071289,23679700
2020-02-14,60.15999984741211,60.560001373291016,58.2599983215332,58.5,57.04552459716797,20920200
2020-02-18,57.06999969482422,58.040000915527344,56.619998931884766,57.75,56.31417083740234,21513200
2020-02-19,58.58000183105469,60.25,58.560001373291016,59.9900016784668,58.498477935791016,23335500
2020-02-20,59.880001068115234,59.9900016784668,57.68999862670898,59.0,57.533084869384766,20797100
2020-02-21,58.630001068115234,58.72999954223633,55.88999938964844,56.9900016784668,55.57307434082031,27038900
2020-02-24,53.310001373291016,55.459999084472656,52.61000061035156,55.0099983215332,53.64228820800781,33321100
2020-02-25,54.84000015258789,55.45000076293945,51.54999923706055,52.09999847412109,50.80463790893555,41894200
2020-02-26,52.650001525878906,54.27000045776367,51.880001068115234,52.369998931884766,51.06792831420898,28075600
2020-02-27,50.630001068115234,52.84999847412109,49.9900016784668,50.58000183105469,49.32243728637695,36349200
2020-02-28,48.650001525878906,52.91999816894531,48.38999938964844,52.560001373291016,51.25320816040039,40121300
2020-03-02,53.20000076293945,54.68999862670898,52.09999847412109,54.59000015258789,53.23274230957031,33272700
2020-03-03,54.59999847412109,55.400001525878906,51.09999847412109,51.79999923706055,50.512115478515625,36893200
2020-03-04,53.02000045776367,55.380001068115234,52.209999084472656,55.290000915527344,53.915340423583984,28222000
2020-03-05,53.45000076293945,55.61000061035156,53.34000015258789,53.720001220703125,52.384368896484375,26223000
2020-03-06,52.20000076293945,53.18999862670898,50.0,51.470001220703125,50.19031524658203,30313700
2020-03-09,45.47999954223633,48.59999847412109,44.91999816894531,45.970001220703125,44.827056884765625,31260800
2020-03-10,48.150001525878906,48.2599983215332,45.290000915527344,47.86000061035156,46.670066833496094,31652900
2020-03-11,46.20000076293945,46.31999969482422,42.84999847412109,43.720001220703125,42.63300323486328,38483800
2020-03-12,39.400001525878906,42.540000915527344,38.0,38.810001373291016,37.84507751464844,40117200
2020-03-13,41.56999969482422,43.02000045776367,38.34999847412109,42.9900016784668,41.92115020751953,35264800
2020-03-16,37.34999847412109,39.13999938964844,34.45000076293945,34.470001220703125,33.61298370361328,36879100
2020-03-17,35.4900016784668,39.130001068115234,34.02000045776367,37.380001068115234,36.45062255859375,34869000
2020-03-18,34.2599983215332,36.560001373291016,31.1299991607666,34.689998626708984,33.8275032043457,36519000
2020-03-19,34.65999984741211,37.29999923706055,33.650001525878906,36.290000915527344,35.387733459472656,31015200
2020-03-20,37.77000045776367,38.59000015258789,35.84000015258789,36.11000061035156,35.21220016479492,37667400
2020-03-23,36.9900016784668,39.470001220703125,35.689998626708984,38.25,37.29900360107422,45286000
2020-03-24,41.81999969482422,44.41999816894531,41.13999938964844,43.27000045776367,42.19418716430664,45588000
2020-03-25,43.90999984741211,44.880001068115234,40.02999877929688,42.5,41.44332885742188,54091000
2020-03-26,44.900001525878906,45.75,43.33000183105469,44.790000915527344,43.676395416259766,62450700
2020-03-27,43.25,45.27999877929688,42.310001373291016,43.47999954223633,42.39896774291992,39791500
2020-03-30,44.16999816894531,45.56999969482422,43.150001525878906,44.52000045776367,43.41310501098633,33763900
2020-03-31,44.400001525878906,45.16999816894531,41.90999984741211,42.060001373291016,41.01426696777344,36723700
2020-04-01,40.54999923706055,42.29999923706055,39.33000183105469,39.88999938964844,38.89822006225586,37452800
2020-04-02,39.790000915527344,41.59000015258789,39.52000045776367,41.09000015258789,40.06838607788086,31457700
2020-04-03,40.970001220703125,41.86000061035156,40.54999923706055,41.220001220703125,40.195159912109375,28522400
2020-04-06,43.34999847412109,46.68999862670898,43.34000015258789,46.369998931884766,45.21710205078125,37899100
2020-04-07,48.09000015258789,48.369998931884766,46.040000915527344,46.540000915527344,45.38288116455078,34646400
2020-04-08,47.08000183105469,48.68999862670898,46.79999923706055,48.290000915527344,47.08937072753906,27694400
2020-04-09,49.29999923706055,49.810001373291016,45.34999847412109,46.130001068115234,44.98308181762695,39799400
2020-04-13,44.900001525878906,46.38999938964844,44.38999938964844,46.16999816894531,45.02207565307617,30449900
2020-04-14,47.0,48.380001068115234,46.619998931884766,47.619998931884766,46.43602752685547,25738000
2020-04-15,46.400001525878906,46.65999984741211,45.63999938964844,46.43000030517578,45.275611877441406,22389400
2020-04-16,47.02000045776367,47.20000076293945,44.65999984741211,45.52999877929688,44.39799118041992,26589000
2020-04-17,46.77999877929688,46.88999938964844,44.84999847412109,45.70000076293945,44.56377029418945,23388300
2020-04-20,44.52000045776367,45.08000183105469,43.29999923706055,43.400001525878906,42.32095336914063,30463300
2020-04-21,43.0,43.06999969482422,41.18999862670898,41.40999984741211,40.38043212890625,32482200
2020-04-22,43.11000061035156,44.20000076293945,42.75,43.90999984741211,42.818267822265625,21346600
2020-04-23,43.81999969482422,44.720001220703125,43.41999816894531,43.77000045776367,42.6817512512207,22273100
2020-04-24,43.79999923706055,44.31999969482422,42.97999954223633,44.15999984741211,43.06205368041992,16581800
2020-04-27,45.0,45.38999938964844,44.58000183105469,45.27999877929688,44.15421295166016,16667200
2020-04-28,46.209999084472656,47.68999862670898,45.27999877929688,45.310001373291016,44.183475494384766,25234900
2020-04-29,46.58000183105469,50.13999938964844,46.33000183105469,49.83000183105469,48.59109115600586,35743000
2020-04-30,49.47999954223633,49.58000183105469,47.369998931884766,47.88999938964844,46.69931411743164,28585400
2020-05-01,46.36000061035156,46.91999816894531,44.52000045776367,45.060001373291016,43.93968200683594,28194000
2020-05-04,44.18999862670898,44.68999862670898,43.61000061035156,44.459999084472656,43.35459899902344,21377100
2020-05-05,45.45000076293945,46.95000076293945,45.11000061035156,45.40999984741211,44.280982971191406,21007500
2020-05-06,46.06999969482422,47.119998931884766,45.91999816894531,46.08000183105469,44.93431854248047,22011900
2020-05-07,47.119998931884766,47.5,46.34000015258789,46.59000015258789,45.431640625,16372100
2020-05-08,47.290000915527344,48.459999084472656,47.290000915527344,48.25,47.05036926269531,17437100
2020-05-11,47.7400016784668,48.72999954223633,47.43999862670898,48.20000076293945,47.00161361694336,17353500
2020-05-12,48.52000045776367,48.560001373291016,45.63999938964844,45.68999862670898,44.554012298583984,26738900
2020-05-13,45.869998931884766,45.880001068115234,42.95000076293945,43.52999877929688,42.44772720336914,35117500
2020-05-14,43.060001373291016,45.77999877929688,42.5099983215332,45.72999954223633,44.59302520751953,27543500
2020-05-15,43.27999877929688,44.77999877929688,43.2400016784668,44.40999984741211,43.30583572387695,28803900
2020-05-18,45.83000183105469,46.150001525878906,44.95000076293945,45.91999816894531,44.778297424316406,20307800
2020-05-19,45.77999877929688,46.22999954223633,45.02000045776367,45.119998931884766,43.99819564819336,17389500
2020-05-20,46.5099983215332,47.040000915527344,46.09000015258789,46.63999938964844,45.48040008544922,17876500
2020-05-21,46.5,46.56999969482422,44.7599983215332,45.220001220703125,44.095699310302734,17445300
2020-05-22,45.150001525878906,45.310001373291016,44.2400016784668,44.93999862670898,43.82266616821289,13385400
2020-05-26,46.220001220703125,46.68999862670898,45.45000076293945,45.79999923706055,44.661277770996094,24303900
2020-05-27,45.95000076293945,49.58000183105469,43.900001525878906,49.45000076293945,48.22052764892578,56071500
2020-05-28,48.70000076293945,48.790000915527344,46.06999969482422,46.470001220703125,45.31461715698242,38289300
2020-05-29,46.619998931884766,48.02000045776367,46.209999084472656,47.90999984741211,46.71882247924805,26337000
2020-06-01,47.4900016784668,47.66999816894531,46.31999969482422,46.34000015258789,45.18785858154297,21809100
2020-06-02,46.4900016784668,46.84999847412109,45.56999969482422,46.81999969482422,45.65593338012695,23035600
2020-06-03,48.040000915527344,49.41999816894531,47.45000076293945,48.91999816894531,47.703712463378906,34662100
2020-06-04,48.86000061035156,51.97999954223633,48.59999847412109,51.220001220703125,49.94652938842773,34830800
2020-06-05,52.65999984741211,54.81999969482422,52.59000015258789,53.720001220703125,52.384368896484375,34110700
2020-06-08,54.5,54.63999938964844,52.22999954223633,53.70000076293945,52.3648681640625,22850600
2020-06-09,52.650001525878906,53.5,52.45000076293945,53.150001525878906,51.82854080200195,17840800
2020-06-10,52.91999816894531,53.29999923706055,51.56999969482422,52.470001220703125,51.16545104980469,18766700
2020-06-11,50.41999816894531,51.09000015258789,48.20000076293945,48.52000045776367,47.31365585327149,29897600
2020-06-12,50.290000915527344,50.47999954223633,47.36000061035156,48.68999862670898,47.47942352294922,24293600
2020-06-15,47.36000061035156,49.72999954223633,47.09999847412109,49.2400016784668,48.015750885009766,18092300
2020-06-16,51.15999984741211,52.150001525878906,49.86000061035156,51.02000045776367,49.75149917602539,20987200
2020-06-17,51.29999923706055,51.5099983215332,50.540000915527344,50.959999084472656,49.6929931640625,13905100
2020-06-18,50.5,51.040000915527344,50.02000045776367,50.47999954223633,49.22492599487305,13220200
2020-06-19,51.15999984741211,52.75,50.75,50.83000183105469,49.56623077392578,28081500
2020-06-22,51.09999847412109,51.400001525878906,50.2400016784668,51.150001525878906,49.87826156616211,15952200
2020-06-23,50.68999862670898,50.88999938964844,49.56999969482422,49.84000015258789,48.60083770751953,23194200
2020-06-24,49.650001525878906,50.09999847412109,48.02000045776367,48.290000915527344,47.08937072753906,19346500
2020-06-25,48.2400016784668,49.310001373291016,47.27999877929688,49.18999862670898,47.96699905395508,14971900
2020-06-26,49.150001525878906,49.34999847412109,48.13999938964844,48.4900016784668,47.28440475463867,16929700
2020-06-29,48.68999862670898,49.150001525878906,47.58000183105469,49.150001525878906,47.92798614501953,24666200
2020-06-30,51.77999877929688,52.470001220703125,50.970001220703125,51.52000045776367,50.23907470703125,47852100
2020-07-01,51.52000045776367,51.560001373291016,49.61000061035156,49.70000076293945,48.46431350708008,25218400
2020-07-02,50.5,50.75,49.47999954223633,49.83000183105469,48.59109115600586,18562400
2020-07-06,50.75,51.43000030517578,50.47999954223633,50.91999816894531,49.65398406982422,16321000
2020-07-07,50.52000045776367,50.59000015258789,49.0099983215332,49.09000015258789,47.86949920654297,19797900
2020-07-08,49.560001373291016,49.75,48.959999084472656,49.709999084472656,48.47407150268555,15311900
2020-07-09,49.84999847412109,50.38999938964844,48.72999954223633,49.97999954223633,48.73735046386719,18510800
2020-07-10,50.0099983215332,50.709999084472656,49.400001525878906,50.70000076293945,49.43946075439453,18128700
2020-07-13,51.310001373291016,52.27999877929688,49.380001068115234,49.459999084472656,48.23027801513672,23296400
2020-07-14,49.08000183105469,49.790000915527344,47.95000076293945,49.709999084472656,48.47407150268555,17455200
2020-07-15,50.209999084472656,50.650001525878906,49.40999984741211,50.5099983215332,49.25416946411133,15911400
2020-07-16,49.81999969482422,50.290000915527344,49.22999954223633,50.09999847412109,48.854373931884766,14014000
2020-07-17,50.310001373291016,50.43000030517578,49.27999877929688,49.470001220703125,48.24003219604492,15003800
2020-07-20,49.65999984741211,51.31999969482422,49.540000915527344,51.209999084472656,49.936767578125,17604200
2020-07-21,51.619998931884766,52.65999984741211,51.22999954223633,51.52000045776367,50.23907470703125,16650200
2020-07-22,51.58000183105469,51.77000045776367,51.02000045776367,51.650001525878906,50.3658447265625,11412600
2020-07-23,51.7400016784668,54.20000076293945,51.56999969482422,52.63999938964844,51.33122634887695,33399900
2020-07-24,51.27999877929688,51.27999877929688,49.650001525878906,50.02000045776367,48.776363372802734,25348000
2020-07-27,50.59999847412109,51.709999084472656,50.4900016784668,51.59000015258789,50.307315826416016,15991700
2020-07-28,51.2599983215332,51.27000045776367,50.040000915527344,50.09000015258789,48.84462356567383,15614400
2020-07-29,50.38999938964844,50.630001068115234,49.77999877929688,50.38999938964844,49.13716506958008,14714800
2020-07-30,49.7400016784668,50.75,49.11000061035156,50.7400016784668,49.478458404541016,17644300
2020-07-31,50.619998931884766,50.70000076293945,49.2599983215332,50.060001373291016,48.81536865234375,17433200
2020-08-03,50.38999938964844,50.619998931884766,50.02000045776367,50.38999938964844,49.13716506958008,15143500
2020-08-04,50.34999847412109,51.47999954223633,50.290000915527344,51.29999923706055,50.0245361328125,15753100
2020-08-05,51.09000015258789,51.27999877929688,50.630001068115234,51.04999923706055,49.7807502746582,13198600
2020-08-06,50.0,50.02999877929688,48.31999969482422,48.70000076293945,47.48918533325195,32204700
2020-08-07,48.68999862670898,49.18000030517578,48.04999923706055,48.75,47.53793716430664,13637300
2020-08-10,48.84999847412109,49.66999816894531,48.27000045776367,49.150001525878906,47.92798614501953,15881500
2020-08-11,49.0099983215332,49.7400016784668,47.630001068115234,47.7599983215332,46.572547912597656,21532800
2020-08-12,48.380001068115234,48.72999954223633,47.65999984741211,48.47999954223633,47.2746467590332,17176600
2020-08-13,47.15999984741211,47.22999954223633,45.93000030517578,46.13999938964844,44.99283218383789,41051700
2020-08-14,45.59999847412109,46.08000183105469,45.29999923706055,45.59999847412109,44.46625518798828,18167300
2020-08-17,45.900001525878906,45.93999862670898,44.7400016784668,45.220001220703125,44.095699310302734,17303800
2020-08-18,45.060001373291016,45.15999984741211,44.04999923706055,44.400001525878906,43.29609298706055,20118100
2020-08-19,44.29999923706055,44.70000076293945,43.84999847412109,44.04999923706055,42.95479965209961,19455500
2020-08-20,42.68000030517578,43.65999984741211,42.25,42.9900016784668,41.92115020751953,22445400
2020-08-21,42.84999847412109,43.060001373291016,42.400001525878906,42.65999984741211,41.59935760498047,15476700
2020-08-24,43.119998931884766,43.81999969482422,42.88999938964844,43.7599983215332,42.671993255615234,14972200
2020-08-25,44.880001068115234,45.540000915527344,44.59999847412109,45.09999847412109,43.97869491577149,21524900
2020-08-26,45.59999847412109,45.81999969482422,44.68999862670898,44.959999084472656,43.842166900634766,15328900
2020-08-27,44.54999923706055,44.83000183105469,43.66999816894531,44.619998931884766,43.510623931884766,13777000
2020-08-28,44.619998931884766,45.790000915527344,44.40999984741211,45.68999862670898,44.554012298583984,13459100
2020-08-31,45.34999847412109,45.81999969482422,45.13999938964844,45.5099983215332,44.37849426269531,13241800
2020-09-01,45.52999877929688,45.790000915527344,45.060001373291016,45.7599983215332,44.62227249145508,14079800
2020-09-02,46.43000030517578,48.18999862670898,46.27999877929688,47.83000183105469,46.64081954956055,24636200
2020-09-03,47.7599983215332,47.83000183105469,45.84999847412109,46.33000183105469,45.17811584472656,20632800
2020-09-04,46.18999862670898,46.95000076293945,44.88999938964844,46.47999954223633,45.32437515258789,20608500
2020-09-08,44.9900016784668,46.22999954223633,44.52999877929688,45.02999877929688,43.91041946411133,20893600
2020-09-09,45.880001068115234,45.880001068115234,44.45000076293945,45.150001525878906,44.02744674682617,17529100
2020-09-10,45.470001220703125,45.95000076293945,44.68999862670898,44.869998931884766,43.75439834594727,13744700
2020-09-11,45.22999954223633,46.47999954223633,44.959999084472656,46.09000015258789,44.94407272338867,18365500
2020-09-14,48.34999847412109,49.59000015258789,48.29999923706055,49.02999877929688,47.81098175048828,26715400
2020-09-15,49.369998931884766,49.65999984741211,48.70000076293945,49.04999923706055,47.83048629760742,14456000
2020-09-16,49.11000061035156,51.220001220703125,48.959999084472656,50.209999084472656,48.96163558959961,23542200
2020-09-17,49.15999984741211,51.290000915527344,48.810001373291016,50.97999954223633,49.71249771118164,20556900
2020-09-18,51.5,52.16999816894531,49.970001220703125,50.7400016784668,49.478458404541016,25549000
2020-09-21,49.61000061035156,49.77999877929688,47.88999938964844,49.150001525878906,47.92798614501953,21257500
2020-09-22,49.27000045776367,49.77999877929688,48.77999877929688,49.70000076293945,48.46431350708008,10845300
2020-09-23,51.0099983215332,51.61000061035156,49.63999938964844,49.84999847412109,48.6105842590332,19160000
2020-09-24,49.52000045776367,50.36000061035156,49.09000015258789,49.470001220703125,48.24003219604492,13842300
2020-09-25,49.56999969482422,49.59999847412109,47.77999877929688,49.13999938964844,47.918243408203125,17773000
2020-09-28,49.63999938964844,49.77000045776367,48.130001068115234,49.720001220703125,48.48381805419922,18904000
2020-09-29,49.709999084472656,51.380001068115234,49.59000015258789,50.709999084472656,49.44920349121094,35676600
2020-09-30,48.95000076293945,49.27000045776367,46.83000183105469,46.959999084472656,45.792442321777344,55392600
2020-10-01,47.09999847412109,48.18000030517578,47.04999923706055,47.91999816894531,46.72856521606445,24460000
2020-10-02,46.86000061035156,47.52000045776367,46.5,46.54999923706055,45.39263153076172,20277500
2020-10-05,46.9900016784668,47.72999954223633,46.97999954223633,47.59999847412109,46.416534423828125,16933700
2020-10-06,47.54999923706055,48.83000183105469,47.220001220703125,47.31999969482422,46.14348602294922,17926200
2020-10-07,48.41999816894531,49.0,48.31999969482422,48.40999984741211,47.20638656616211,13889300
2020-10-08,48.9900016784668,50.0,48.220001220703125,49.900001525878906,48.65934753417969,14569700
2020-10-09,50.2400016784668,50.59999847412109,49.310001373291016,49.88999938964844,48.64959335327149,13933700
2020-10-12,50.58000183105469,50.84000015258789,50.08000183105469,50.68000030517578,49.419952392578125,13108800
2020-10-13,51.88999938964844,52.75,51.63999938964844,51.84999847412109,50.56085968017578,22179400
2020-10-14,52.0099983215332,52.25,51.34999847412109,51.630001068115234,50.34633255004883,15899400
2020-10-15,50.7599983215332,51.970001220703125,50.31999969482422,51.93999862670898,50.64862060546875,14000600
2020-10-16,52.150001525878906,52.54999923706055,51.58000183105469,51.61000061035156,50.32683181762695,14225400
2020-10-19,51.970001220703125,54.0,51.29999923706055,52.630001068115234,51.32146453857422,24176200
2020-10-20,53.13999938964844,54.20000076293945,52.75,53.52999877929688,52.19908142089844,17343400
2020-10-21,53.29999923706055,53.959999084472656,53.18000030517578,53.310001373291016,51.98455810546875,12922200
2020-10-22,53.290000915527344,54.84999847412109,53.08000183105469,54.380001068115234,53.02796936035156,14842600
2020-10-23,54.09000015258789,54.119998931884766,52.380001068115234,52.84999847412109,51.53599548339844,16175700
2020-10-26,52.400001525878906,52.88999938964844,51.400001525878906,52.13999938964844,50.84365081787109,11678900
2020-10-27,52.02999877929688,52.31999969482422,51.540000915527344,51.959999084472656,50.66812896728516,8964800
2020-10-28,50.75,50.84999847412109,49.56999969482422,50.0,48.75685119628906,15463700
2020-10-29,49.709999084472656,50.90999984741211,49.380001068115234,50.47999954223633,49.22492599487305,12420700
2020-10-30,50.0099983215332,50.43000030517578,49.29999923706055,50.34000015258789,49.08840560913086,15955700
2020-11-02,50.790000915527344,50.790000915527344,49.43999862670898,49.709999084472656,48.47407150268555,13103200
2020-11-03,50.130001068115234,51.59000015258789,50.0099983215332,51.08000183105469,49.81001663208008,11429500
2020-11-04,51.72999954223633,52.5,50.93000030517578,51.959999084472656,50.66812896728516,13554400
2020-11-05,52.880001068115234,54.77999877929688,52.77999877929688,54.58000183105469,53.22298812866211,16373600
2020-11-06,54.459999084472656,55.40999984741211,54.33000183105469,55.15999984741211,53.78856658935547,13922600
2020-11-09,56.470001220703125,57.83000183105469,55.869998931884766,55.959999084472656,54.56867599487305,20968500
2020-11-10,55.130001068115234,55.93999862670898,54.36000061035156,55.40999984741211,54.0323486328125,14502100
2020-11-11,55.970001220703125,56.93999862670898,55.84999847412109,56.36000061035156,54.9587287902832,14765500
2020-11-12,56.59999847412109,56.970001220703125,55.88999938964844,56.25,54.85147476196289,13785600
2020-11-13,56.790000915527344,58.18999862670898,56.75,57.93000030517578,56.48969268798828,14318800
2020-11-16,59.720001220703125,61.90999984741211,59.61000061035156,61.86000061035156,60.32198333740234,31397200
2020-11-17,61.0,62.20000076293945,60.29999923706055,61.9900016784668,60.448760986328125,17703600
2020-11-18,61.5,62.040000915527344,60.630001068115234,60.7400016784668,59.22983551025391,18734500
2020-11-19,60.040000915527344,61.970001220703125,59.650001525878906,61.83000183105469,60.292728424072266,12723600
2020-11-20,61.47999954223633,62.63999938964844,61.34999847412109,61.400001525878906,59.8734245300293,14115700
2020-11-23,62.61000061035156,64.5,62.29999923706055,64.18000030517578,62.58429336547852,20612600
2020-11-24,64.29000091552734,64.29000091552734,62.88999938964844,63.95000076293945,62.36002349853516,22625600
2020-11-25,63.65999984741211,64.0,62.61000061035156,63.43000030517578,61.85295867919922,12468500
2020-11-27,63.83000183105469,64.80000305175781,63.5099983215332,64.2300033569336,62.63307571411133,7500200
2020-11-30,64.55999755859375,65.25,63.58000183105469,64.08999633789062,62.49653625488281,20373500
2020-12-01,65.25,68.62999725341797,65.13999938964844,67.08000183105469,65.41220092773438,36160400
2020-12-02,67.61000061035156,69.38999938964844,66.76000213623047,69.11000061035156,67.39173126220703,23298900
2020-12-03,70.56999969482422,71.12000274658203,69.55000305175781,69.9000015258789,68.16209411621094,20462300
2020-12-04,71.11000061035156,74.37999725341797,70.54000091552734,73.33999633789062,71.51656341552734,31860800
2020-12-07,73.29000091552734,73.4000015258789,71.4800033569336,72.61000061035156,70.80469512939453,17460600
2020-12-08,72.0,73.55000305175781,71.9800033569336,73.19000244140625,71.37030029296875,15431100
2020-12-09,73.1500015258789,74.61000061035156,70.77999877929688,71.41000366210938,69.6345443725586,18367300
2020-12-10,70.13999938964844,71.94999694824219,69.66999816894531,71.27999877929688,69.5077896118164,15610600
2020-12-11,70.37999725341797,71.31999969482422,69.4000015258789,70.52999877929688,68.77643585205078,15322000
2020-12-14,71.4000015258789,72.19999694824219,71.02999877929688,71.54000091552734,69.76130676269531,13573700
2020-12-15,72.80999755859375,73.37000274658203,72.33000183105469,73.1500015258789,71.3312759399414,11538300
2020-12-16,74.19000244140625,74.3499984741211,72.62999725341797,72.98999786376953,71.17524719238281,13889300
2020-12-17,73.58999633789062,73.73999786376953,71.76000213623047,72.26000213623047,70.46341705322266,11988100
2020-12-18,72.69999694824219,73.44999694824219,71.05999755859375,71.45999908447266,69.68331146240234,23912500
2020-12-21,70.0,71.69999694824219,69.6500015258789,71.47000122070312,69.69304656982422,13180400
2020-12-22,71.51000213623047,71.77999877929688,69.76000213623047,70.44000244140625,68.68866729736328,11154200
2020-12-23,70.47000122070312,71.05999755859375,69.88999938964844,69.94999694824219,68.21083068847656,8524000
2020-12-24,70.30999755859375,70.63999938964844,69.76000213623047,70.58000183105469,68.82518005371094,4848500
2020-12-28,71.79000091552734,72.11000061035156,70.47000122070312,70.66000366210938,68.90319061279297,8345200
2020-12-29,71.0,71.4000015258789,69.13999938964844,70.20999908447266,68.46436309814453,9403400
2020-12-30,70.41999816894531,72.6500015258789,70.37000274658203,71.91999816894531,70.1318588256836,11620300
2020-12-31,72.38999938964844,75.68000030517578,72.37000274658203,75.18000030517578,73.31082916259766,23214500
2021-01-04,76.4800033569336,78.61000061035156,73.75,74.05000305175781,72.20890045166016,31155900
2021-01-05,76.44000244140625,78.69000244140625,76.02999877929688,77.26000213623047,75.33909606933594,33418200
2021-01-06,76.36000061035156,78.44999694824219,76.0999984741211,77.11000061035156,75.19282531738281,22390900
2021-01-07,78.05999755859375,80.08000183105469,78.05000305175781,79.11000061035156,77.14311218261719,27945300
2021-01-08,82.54000091552734,84.16000366210938,77.06999969482422,77.41999816894531,75.49512481689453,51272100
2021-01-11,76.58999633789062,79.79000091552734,76.41999816894531,78.66999816894531,76.71404266357422,19920800
2021-01-12,79.19000244140625,79.62000274658203,77.81999969482422,79.45999908447266,77.4843978881836,18231000
2021-01-13,78.94999694824219,80.38999938964844,78.55000305175781,79.91000366210938,77.92322540283203,15067700
2021-01-14,80.01000213623047,82.20999908447266,79.55000305175781,81.30000305175781,79.2786636352539,17639300
2021-01-15,80.91999816894531,81.87999725341797,79.52999877929688,80.72000122070312,78.71308898925781,14322600
2021-01-19,81.27999877929688,85.68000030517578,80.95999908447266,85.5,83.37423706054688,26602500
2021-01-20,85.93000030517578,87.25,83.2300033569336,83.5,81.4239501953125,21191700
2021-01-21,84.0,85.0999984741211,82.51000213623047,85.01000213623047,82.89642333984375,14696200
2021-01-22,84.08000183105469,84.94999694824219,82.2300033569336,82.27999877929688,80.23429870605469,14229500
2021-01-25,83.19000244140625,83.5,78.88999938964844,81.27999877929688,79.25916290283203,19283400
2021-01-26,81.79000091552734,81.9800033569336,79.01000213623047,79.51000213623047,77.53315734863281,13678000
2021-01-27,77.33000183105469,77.58999633789062,74.33000183105469,75.08999633789062,73.22303771972656,23513400
2021-01-28,77.19999694824219,80.18000030517578,76.72000122070312,78.38999938964844,76.44100952148438,18351400
2021-01-29,78.36000061035156,79.37000274658203,76.94999694824219,78.2699966430664,76.32398986816406,17934400
2021-02-01,79.58999633789062,81.08999633789062,78.4800033569336,80.43000030517578,78.4302749633789,14900200
2021-02-02,81.26000213623047,81.73999786376953,79.91999816894531,81.62000274658203,79.59069061279297,11386200
2021-02-03,81.8499984741211,82.52999877929688,78.97000122070312,79.11000061035156,77.14311218261719,17456000
2021-02-04,79.1500015258789,81.33999633789062,78.95999908447266,81.25,79.2298812866211,11519700
2021-02-05,81.7699966430664,82.0199966430664,80.72000122070312,81.0999984741211,79.08361053466797,10958000
2021-02-08,81.75,84.05999755859375,81.63999938964844,84.01000213623047,81.92127227783203,12394800
2021-02-09,83.3499984741211,84.0,82.4000015258789,83.31999969482422,81.24844360351562,10362500
2021-02-10,84.0,84.44000244140625,81.30000305175781,82.3499984741211,80.30253601074219,9869200
2021-02-11,84.4000015258789,86.63999938964844,84.0,86.4800033569336,84.32987976074219,18750400
2021-02-12,86.11000061035156,88.31999969482422,85.45999908447266,88.01000213623047,85.82181549072266,14273900
2021-02-16,89.22000122070312,89.22000122070312,87.05000305175781,87.73999786376953,85.55853271484375,10312800
2021-02-17,86.69000244140625,87.31999969482422,84.9000015258789,86.05000305175781,83.91053771972656,10033500
2021-02-18,86.5199966430664,88.7300033569336,85.95999908447266,88.54000091552734,86.33865356445312,19168100
2021-02-19,90.25,91.48999786376952,88.80999755859375,90.95999908447266,88.698486328125,21886500
2021-02-22,89.52999877929688,90.5199966430664,85.91999816894531,86.27999877929688,84.13481903076172,16077000
2021-02-23,85.23999786376953,89.19999694824219,82.44000244140625,88.2300033569336,86.03636932373047,23203200
2021-02-24,88.30000305175781,92.5999984741211,87.7300033569336,92.5199966430664,90.21969604492188,21281700
2021-02-25,91.5199966430664,93.0999984741211,87.58000183105469,88.12000274658203,85.92908477783203,22546200
2021-02-26,89.73999786376953,92.94000244140624,88.2300033569336,91.52999877929688,89.25431823730469,22787600
2021-03-01,94.54000091552734,95.75,92.56999969482422,94.76000213623048,92.40398406982422,19908900
2021-03-02,93.56999969482422,94.9000015258789,90.9000015258789,91.08999633789062,88.82522583007812,18679600
2021-03-03,90.56999969482422,93.33000183105467,88.38999938964844,89.11000061035156,86.89447021484375,26424100
2021-03-04,88.80999755859375,89.75,81.8499984741211,84.33000183105469,82.23332214355469,31971100
2021-03-05,87.52999877929688,89.31999969482422,83.30000305175781,88.93000030517578,86.71895599365234,30329100
2021-03-08,88.56999969482422,89.72000122070312,84.87000274658203,85.05000305175781,82.93540954589844,22708300
2021-03-09,88.0,90.18000030517578,86.30000305175781,89.30000305175781,87.07975769042969,22301400
2021-03-10,90.01000213623047,90.01000213623047,85.30999755859375,85.41000366210938,83.28646087646484,23407800
2021-03-11,87.58999633789062,90.22000122070312,86.8499984741211,89.30999755859375,87.08949279785156,20716500
2021-03-12,87.56999969482422,88.52999877929688,86.43000030517578,87.7699966430664,85.58778381347656,21916400
2021-03-15,87.7699966430664,88.91000366210938,86.13999938964844,88.8499984741211,86.64093780517578,16144400
2021-03-16,90.75,94.68000030517578,90.11000061035156,91.43000030517578,89.15679931640625,28539000
2021-03-17,91.33000183105467,95.48999786376952,90.0999984741211,94.76000213623048,92.40398406982422,24616700
2021-03-18,92.97000122070312,93.4800033569336,89.41000366210938,89.81999969482422,87.58683013916016,27081000
2021-03-19,90.36000061035156,92.68000030517578,88.88999938964844,90.51000213623048,88.25967407226562,24963400
2021-03-22,91.83000183105467,92.41999816894533,89.6500015258789,91.27999877929688,89.0105209350586,19365800
2021-03-23,91.0199966430664,91.2699966430664,84.97000122070312,85.4000015258789,83.27672576904297,32043800
2021-03-24,87.05999755859375,87.1500015258789,82.91999816894531,83.0,80.9363784790039,24232800
2021-03-25,81.13999938964844,84.43000030517578,80.48999786376953,84.08999633789062,81.99927520751953,23630200
2021-03-26,84.16000366210938,88.13999938964844,84.02999877929688,87.98999786376953,85.80231475830078,23949100
2021-03-29,87.76000213623047,88.25,85.7699966430664,86.58999633789062,84.43711853027344,21772800
2021-03-30,86.26000213623047,87.22000122070312,85.25,86.54000091552734,84.38837432861328,13897000
2021-03-31,87.44000244140625,89.08000183105469,86.70999908447266,88.20999908447266,86.01685333251953,25372300
2021-04-01,93.0,94.37999725341795,91.25,92.41000366210938,90.11243438720705,39700600
2021-04-05,93.93000030517578,94.66999816894533,92.47000122070312,93.75,91.41912078857422,19795100
2021-04-06,93.83999633789062,96.0999984741211,92.66000366210938,93.48999786376952,91.16555786132812,22847000
2021-04-07,94.25,95.06999969482422,92.54000091552734,93.95999908447266,91.6238784790039,17621500
2021-04-08,95.0,96.38999938964844,93.77999877929688,95.29000091552734,92.92081451416016,17815600
2021-04-09,94.33999633789062,95.37999725341795,93.30999755859376,95.3000030517578,92.93057250976562,14080200
2021-04-12,95.19000244140624,96.95999908447266,94.75,95.58999633789062,93.21336364746094,18818300
2021-04-13,96.29000091552734,96.81999969482422,91.4000015258789,92.1500015258789,89.85889434814453,27102100
2021-04-14,91.66000366210938,92.52999877929688,89.51000213623047,90.66999816894533,88.41568756103516,19117400
2021-04-15,91.75,91.95999908447266,89.44999694824219,90.2699966430664,88.02560424804688,16017000
2021-04-16,90.44000244140624,91.33000183105467,90.08000183105467,90.66000366210938,88.40594482421875,12358700
2021-04-19,90.66999816894533,90.68000030517578,86.5199966430664,88.41000366210938,86.21188354492188,21361600
2021-04-20,88.37999725341797,88.94999694824219,86.52999877929688,87.4800033569336,85.30500793457031,17396900
2021-04-21,87.05999755859375,89.55999755859375,86.33000183105469,89.48999786376953,87.26502227783203,14781300
2021-04-22,88.19999694824219,88.36000061035156,83.9000015258789,84.70999908447266,82.6038818359375,34044100
2021-04-23,85.23999786376953,86.45999908447266,84.56999969482422,86.02999877929688,83.89106750488281,18118600
2021-04-26,86.47000122070312,88.30000305175781,86.11000061035156,87.83999633789062,85.65606689453125,14757700
2021-04-27,89.33000183105469,90.19000244140624,88.02999877929688,89.45999908447266,87.23577880859375,17681000
2021-04-28,87.66000366210938,87.76000213623047,85.3499984741211,86.02999877929688,83.89106750488281,19433500
2021-04-29,87.72000122070312,88.08999633789062,85.55000305175781,88.05999755859375,85.87056732177734,16463300
2021-04-30,86.93000030517578,88.4800033569336,85.55999755859375,86.06999969482422,83.93006134033203,14548100
2021-05-03,86.97000122070312,87.01000213623047,83.87000274658203,85.0199966430664,82.90616607666016,16300400
2021-05-04,84.13999938964844,85.44000244140625,82.02999877929688,84.41000366210938,82.31135559082031,17850500
2021-05-05,85.48999786376953,85.94999694824219,84.02999877929688,85.1500015258789,83.03292846679688,13172100
2021-05-06,84.87000274658203,85.12000274658203,83.27999877929688,84.80000305175781,82.69163513183594,13716900
2021-05-07,85.91000366210938,86.31999969482422,84.98999786376953,85.9800033569336,83.84230041503906,12746100
2021-05-10,84.94999694824219,85.0,80.80000305175781,80.8499984741211,78.83985137939453,24862900
2021-05-11,77.2699966430664,80.76000213623047,76.81999969482422,80.68000030517578,78.674072265625,23227800
2021-05-12,79.13999938964844,79.97000122070312,76.41000366210938,76.80000305175781,74.89054870605469,23472600
2021-05-13,77.97000122070312,78.86000061035156,76.52999877929688,77.19000244140625,75.27084350585938,20153800
2021-05-14,78.79000091552734,80.1500015258789,77.08000183105469,79.69999694824219,77.71843719482422,18241100
2021-05-17,79.0999984741211,80.41999816894531,77.72000122070312,80.38999938964844,78.39126586914062,15011500
2021-05-18,80.55000305175781,80.91999816894531,78.80000305175781,78.87999725341797,76.9188232421875,20893800
2021-05-19,77.20999908447266,80.2699966430664,76.16000366210938,79.93000030517578,77.9427261352539,27300000
2021-05-20,80.5,81.48999786376953,79.5199966430664,81.12999725341797,79.11286163330078,17123000
2021-05-21,81.7699966430664,81.98999786376953,80.37000274658203,80.72000122070312,78.71308898925781,13076900
2021-05-24,81.41999816894531,83.62000274658203,81.36000061035156,82.9000015258789,80.8388671875,15730400
2021-05-25,83.56999969482422,83.70999908447266,79.70999908447266,81.2300033569336,79.21038818359375,26272100
2021-05-26,81.58000183105469,82.44000244140625,81.0199966430664,82.23999786376953,80.19528198242188,12609800
2021-05-27,82.45999908447266,84.75,82.33000183105469,83.93000030517578,81.84325408935547,22286500
2021-05-28,84.22000122070312,84.7300033569336,83.22000122070312,84.13999938964844,82.04805755615234,11330300
2021-06-01,84.91999816894531,85.76000213623047,83.62000274658203,84.1500015258789,82.05779266357422,11067200
2021-06-02,84.38999938964844,84.81999969482422,83.44999694824219,84.33999633789062,82.2430648803711,10314200
2021-06-03,83.68000030517578,84.06999969482422,81.88999938964844,82.02999877929688,79.9905014038086,14742100
2021-06-04,82.97000122070312,84.37000274658203,82.8499984741211,83.76000213623047,81.677490234375,12591100
2021-06-07,83.19000244140625,84.2300033569336,82.6500015258789,84.04000091552734,81.95051574707031,9006400
2021-06-08,84.97000122070312,84.9800033569336,80.01000213623047,80.52999877929688,78.52779388427734,29666500
2021-06-09,80.16999816894531,80.55999755859375,78.5199966430664,78.66000366210938,76.70428466796875,21434900
2021-06-10,79.4000015258789,80.83999633789062,78.52999877929688,79.27999877929688,77.30887603759766,22683300
2021-06-11,80.06999969482422,80.76000213623047,79.20999908447266,79.33999633789062,77.36738586425781,12675700
2021-06-14,79.5,80.94000244140625,79.37000274658203,80.48999786376953,78.48878479003906,14303000
2021-06-15,80.63999938964844,82.91000366210938,79.91999816894531,82.18000030517578,80.13677215576172,22308600
2021-06-16,82.7300033569336,83.11000061035156,80.12000274658203,80.48999786376953,78.48878479003906,18116400
2021-06-17,79.69999694824219,81.44000244140625,79.36000061035156,80.63999938964844,78.63505554199219,16003900
2021-06-18,78.9000015258789,79.27999877929688,76.12999725341797,76.94999694824219,75.03681182861328,39881500
2021-06-21,76.8499984741211,77.29000091552734,75.70999908447266,77.06999969482422,75.15382385253906,19810100
2021-06-22,77.61000061035156,78.27999877929688,77.05000305175781,77.66000366210938,75.7291488647461,16771800
2021-06-23,78.0999984741211,79.87000274658203,78.06999969482422,79.0199966430664,77.0553207397461,16662200
2021-06-24,80.43000030517578,80.9000015258789,79.91999816894531,80.58000183105469,78.5765609741211,15721000
2021-06-25,81.56999969482422,82.83999633789062,81.08999633789062,82.02999877929688,79.9905014038086,19603800
2021-06-28,82.62999725341797,83.5999984741211,82.16000366210938,83.37999725341797,81.30692291259766,18365500
2021-06-29,83.54000091552734,83.83999633789062,81.87000274658203,82.93000030517578,80.86812591552734,18530800
2021-06-30,84.8499984741211,85.4000015258789,83.43000030517578,84.9800033569336,82.8671646118164,40670800
2021-07-01,82.23999786376953,82.25,79.91000366210938,80.11000061035156,78.11822509765625,53299000
2021-07-02,80.61000061035156,80.88999938964844,78.88999938964844,80.33000183105469,78.33277130126953,22685500
2021-07-06,80.79000091552734,81.54000091552734,79.76000213623047,81.08000183105469,79.06412506103516,21126500
2021-07-07,81.69000244140625,81.80999755859375,77.94999694824219,78.22000122070312,76.27521514892578,23026900
2021-07-08,76.25,77.87999725341797,75.95999908447266,77.11000061035156,75.19282531738281,23114500
2021-07-09,77.41000366210938,78.94999694824219,76.7300033569336,78.73999786376953,76.78228759765625,15441100
2021-07-12,78.75,79.7300033569336,77.70999908447266,79.55999755859375,77.58189392089844,12639300
2021-07-13,79.27999877929688,79.5,78.0999984741211,78.44999694824219,76.49951171875,14263400
2021-07-14,79.3499984741211,80.76000213623047,78.31999969482422,78.48999786376953,76.53851318359375,15952300
2021-07-15,78.33999633789062,78.45999908447266,76.33999633789062,76.91999816894531,75.00755310058594,16616800
2021-07-16,77.16000366210938,77.61000061035156,74.83999633789062,75.01000213623047,73.14505004882812,19132100
2021-07-19,73.83999633789062,74.68000030517578,73.19999694824219,74.58000183105469,72.7257308959961,23436900
2021-07-20,74.66000366210938,75.91999816894531,73.7699966430664,75.38999938964844,73.5156021118164,14855800
2021-07-21,75.3499984741211,77.23999786376953,75.33999633789062,77.19000244140625,75.27084350585938,15945800
2021-07-22,76.2300033569336,76.25,74.45999908447266,75.52999877929688,73.65210723876953,19042200
2021-07-23,75.93000030517578,76.04000091552734,74.9000015258789,75.94000244140625,74.05193328857422,12345200
2021-07-26,75.80999755859375,77.4800033569336,75.51000213623047,76.30000305175781,74.40299224853516,12023900
2021-07-27,74.79000091552734,74.79000091552734,72.51000213623047,74.22000122070312,72.37467956542969,23940500
2021-07-28,74.55000305175781,76.01000213623047,74.37999725341797,75.55000305175781,73.67160034179688,14348300
2021-07-29,76.08000183105469,77.12000274658203,75.94999694824219,77.08000183105469,75.16358947753906,14529400
2021-07-30,76.12999725341797,78.11000061035156,76.05999755859375,77.58000183105469,75.6511459350586,12528900
2021-08-02,79.04000091552734,79.48999786376953,77.47000122070312,77.63999938964844,75.7096176147461,14904200
2021-08-03,78.87000274658203,81.06999969482422,77.94000244140625,80.86000061035156,78.84960174560547,25807600
2021-08-04,80.44999694824219,83.08999633789062,79.54000091552734,81.9800033569336,79.94175720214844,29176900
2021-08-05,82.13999938964844,83.06999969482422,81.16000366210938,81.48999786376953,79.46391296386719,14821000
2021-08-06,81.19999694824219,82.87999725341797,81.05000305175781,82.0,79.96125030517578,14612600
2021-08-09,81.7300033569336,82.04000091552734,80.08000183105469,80.20999908447266,78.21574401855469,13363300
2021-08-10,79.81999969482422,79.81999969482422,75.7699966430664,75.91000366210938,74.02264404296875,40705000
2021-08-11,76.04000091552734,76.05000305175781,73.72000122070312,75.02999877929688,73.16454315185547,31624900
2021-08-12,72.18000030517578,72.19999694824219,68.80999755859375,70.25,68.50337982177734,72492400
2021-08-13,70.05000305175781,71.23999786376953,69.87999725341797,70.91999816894531,69.15673065185547,25301400
2021-08-16,70.19999694824219,71.76000213623047,69.91999816894531,70.93000030517578,69.1664810180664,18135900
2021-08-17,70.16999816894531,71.44999694824219,69.61000061035156,70.77999877929688,69.02018737792969,17545800
2021-08-18,71.25,71.87999725341797,70.58000183105469,70.62000274658203,68.86418914794922,14004300
2021-08-19,70.13999938964844,70.81999969482422,69.04000091552734,70.27999877929688,68.53263092041016,18022600
2021-08-20,70.13999938964844,71.02999877929688,69.58000183105469,70.2300033569336,68.48388671875,14603100
2021-08-23,70.83999633789062,71.87999725341797,68.9000015258789,71.73999786376953,69.95633697509766,22265000
2021-08-24,72.13999938964844,72.69000244140625,71.69000244140625,71.9800033569336,70.19037628173828,18092700
2021-08-25,72.79000091552734,77.02999877929688,72.18000030517578,74.04000091552734,72.19916534423828,36552100
2021-08-26,73.2300033569336,73.23999786376953,71.69999694824219,72.7699966430664,70.96073150634766,20315100
2021-08-27,72.45999908447266,74.1500015258789,72.1500015258789,74.0,72.16014862060547,14994200
2021-08-30,74.12000274658203,74.75,72.83000183105469,73.16000366210938,71.34105682373047,12810700
2021-08-31,73.68000030517578,74.62000274658203,73.31999969482422,73.69999694824219,71.86761474609375,14807400
2021-09-01,74.31999969482422,74.31999969482422,73.0199966430664,73.72000122070312,71.88712310791016,14007100
2021-09-02,73.20999908447266,74.01000213623047,72.30999755859375,73.98999786376953,72.15039825439453,14803300
2021-09-03,74.0,74.72000122070312,73.5999984741211,73.80999755859375,71.97488403320312,9222500
2021-09-07,73.76000213623047,74.48999786376953,73.16000366210938,73.63999938964844,71.8091049194336,12028400
2021-09-08,73.19999694824219,73.23999786376953,71.11000061035156,72.2699966430664,70.47315979003906,17375500
2021-09-09,71.62999725341797,73.2699966430664,71.41999816894531,72.87000274658203,71.05825805664062,14638100
2021-09-10,73.7699966430664,75.62999725341797,73.45999908447266,73.5,71.67256927490234,18240600
2021-09-13,74.55999755859375,75.22000122070312,73.5199966430664,74.3499984741211,72.50144958496094,15796700
2021-09-14,73.79000091552734,74.12000274658203,72.91000366210938,73.48999786376953,71.66283416748047,13945100
2021-09-15,72.94999694824219,73.93000030517578,71.76000213623047,73.81999969482422,71.984619140625,15258800
2021-09-16,73.30000305175781,74.95999908447266,72.77999877929688,74.62999725341797,72.77448272705078,12867700
2021-09-17,74.41000366210938,74.5,73.31999969482422,74.30000305175781,72.45269775390625,20449600
2021-09-20,72.5999984741211,72.76000213623047,71.19000244140625,72.37000274658203,70.57068634033203,23228300
2021-09-21,72.91999816894531,73.12999725341797,71.66000366210938,72.13999938964844,70.34638977050781,16026800
2021-09-22,73.04000091552734,74.58000183105469,72.63999938964844,73.97000122070312,72.13090515136719,16996100
2021-09-23,73.61000061035156,74.79000091552734,73.25,74.04000091552734,72.19916534423828,17304500
2021-09-24,73.30000305175781,74.5,73.06999969482422,74.05000305175781,72.20890045166016,14804300
2021-09-27,73.6500015258789,75.87999725341797,73.51000213623047,75.18000030517578,73.31082916259766,18435200
2021-09-28,74.5,74.98999786376953,73.05999755859375,73.0999984741211,71.28252410888672,27311500
2021-09-29,71.16000366210938,73.31999969482422,70.22000122070312,71.63999938964844,69.85881042480469,38169200
2021-09-30,72.19999694824219,72.5999984741211,70.86000061035156,70.9800033569336,69.3119888305664,16923300
2021-10-01,71.33999633789062,71.56999969482422,70.0999984741211,70.98999786376953,69.32174682617188,17813800
2021-10-04,70.5999984741211,71.56999969482422,70.36000061035156,70.62000274658203,68.96044921875,19525700
2021-10-05,71.20999908447266,71.20999908447266,69.61000061035156,70.5,68.84325408935547,14512100
2021-10-06,69.80000305175781,70.37999725341797,69.02999877929688,69.94000244140625,68.29643249511719,17899300
2021-10-07,70.4000015258789,71.66999816894531,70.12000274658203,70.54000091552734,68.88233184814453,15236100
2021-10-08,70.93000030517578,70.94000244140625,69.69999694824219,70.12000274658203,68.4721908569336,13666200
2021-10-11,69.9000015258789,70.36000061035156,69.18000030517578,69.22000122070312,67.59334564208984,12700200
2021-10-12,69.38999938964844,69.43000030517578,65.66999816894531,66.72000122070312,65.15210723876953,36911700
2021-10-13,66.73999786376953,67.41999816894531,66.2300033569336,66.37999725341797,64.82008361816406,17532400
2021-10-14,67.27999877929688,68.08000183105469,66.80999755859375,67.80000305175781,66.20671844482422,15541600
2021-10-15,68.08999633789062,68.45999908447266,67.4800033569336,67.68000030517578,66.08953857421875,11786100
2021-10-18,67.01000213623047,67.62999725341797,66.29000091552734,67.26000213623047,65.67939758300781,11849300
2021-10-19,67.37000274658203,67.88999938964844,66.63999938964844,67.56999969482422,65.98212432861328,16930300
2021-10-20,67.19999694824219,69.19999694824219,67.01000213623047,68.2699966430664,66.66567993164062,19457800
2021-10-21,67.94999694824219,68.69999694824219,67.66999816894531,68.63999938964844,67.02699279785156,11140700
2021-10-22,68.51000213623047,69.08999633789062,67.08000183105469,67.51000213623047,65.92353820800781,17892100
2021-10-25,69.62000274658203,71.12000274658203,68.54000091552734,68.76000213623047,67.14415740966797,23341300
2021-10-26,69.37000274658203,69.81999969482422,68.47000122070312,68.94000244140625,67.31993865966797,14267900
2021-10-27,68.5199966430664,68.69000244140625,67.44999694824219,68.23999786376953,66.6363754272461,13541900
2021-10-28,69.29000091552734,70.3499984741211,69.18000030517578,69.58000183105469,67.94490051269531,16966000
2021-10-29,68.38999938964844,69.55000305175781,68.04000091552734,69.0999984741211,67.47615051269531,11440900
2021-11-01,68.97000122070312,70.97000122070312,68.94000244140625,70.69999694824219,69.03855895996094,11988400
2021-11-02,70.48999786376953,70.8499984741211,70.04000091552734,70.76000213623047,69.0971450805664,9761100
2021-11-03,70.72000122070312,71.33000183105469,70.26000213623047,71.25,69.57564544677734,10266900
2021-11-04,72.37000274658203,72.4800033569336,71.04000091552734,72.23999786376953,70.5423812866211,15936600
2021-11-05,73.0,73.73999786376953,72.36000061035156,72.91999816894531,71.20641326904297,13019300
2021-11-08,73.31999969482422,75.02999877929688,73.12000274658203,74.55999755859375,72.80785369873047,18742300
2021-11-09,75.0999984741211,76.2699966430664,74.55999755859375,75.58999633789062,73.81365203857422,20127300
2021-11-10,74.16000366210938,75.1500015258789,73.19999694824219,73.41000366210938,71.68489074707031,15228300
2021-11-11,74.0199966430664,74.95999908447266,73.62000274658203,74.55000305175781,72.79808044433594,12192600
2021-11-12,75.0199966430664,78.0199966430664,74.94999694824219,77.30000305175781,75.48348999023438,26553200
2021-11-15,77.76000213623047,78.27999877929688,76.5999984741211,76.77999877929688,74.9756851196289,12650700
2021-11-16,76.55999755859375,77.1500015258789,75.77999877929688,76.80999755859375,75.00496673583984,11807600
2021-11-17,76.4800033569336,76.56999969482422,75.19000244140625,75.45999908447266,73.68670654296875,11600500
2021-11-18,76.9000015258789,77.5,75.75,77.0199966430664,75.21004486083984,16848200
2021-11-19,78.93000030517578,83.86000061035156,78.93000030517578,83.02999877929688,81.07881927490234,47216100
2021-11-22,83.66000366210938,87.66999816894531,83.66000366210938,83.86000061035156,81.88931274414062,34775200
2021-11-23,85.04000091552734,87.70999908447266,84.33000183105469,85.41000366210938,83.40288543701172,31823300
2021-11-24,84.75,87.16000366210938,84.61000061035156,86.20999908447266,84.18408203125,21666100
2021-11-26,83.12999725341797,84.05000305175781,81.9800033569336,83.41999816894531,81.45963287353516,16487200
2021-11-29,84.37999725341797,86.2699966430664,84.16000366210938,86.13999938964844,84.11573028564453,18889800
2021-11-30,85.58000183105469,86.91999816894531,83.94999694824219,84.0,82.0260238647461,27301000
2021-12-01,86.55000305175781,89.05000305175781,85.0,85.1500015258789,83.14900207519531,31633400
2021-12-02,82.62999725341797,83.58999633789062,81.3499984741211,82.87999725341797,80.93234252929688,22994500
2021-12-03,83.70999908447266,84.43000030517578,80.63999938964844,81.62000274658203,79.70194244384766,19167200
2021-12-06,81.83000183105469,83.2300033569336,80.52999877929688,82.44999694824219,80.5124282836914,15094900
2021-12-07,84.41999816894531,87.04000091552734,84.33000183105469,85.83000183105469,83.8130111694336,21716900
2021-12-08,85.44000244140625,86.33999633789062,84.02999877929688,86.0199966430664,83.99854278564453,12908500
2021-12-09,85.30000305175781,86.54000091552734,84.62999725341797,84.93000030517578,82.93416595458984,11964300
2021-12-10,84.33999633789062,85.68000030517578,84.12999725341797,85.54000091552734,83.52982330322266,11955900
2021-12-13,86.61000061035156,87.37999725341797,84.19999694824219,84.3499984741211,82.36781311035156,13054400
2021-12-14,83.22000122070312,84.7699966430664,82.91000366210938,83.29000091552734,81.33270263671875,12082500
2021-12-15,83.4800033569336,85.79000091552734,82.05999755859375,85.66000366210938,83.64702606201172,13971500
2021-12-16,85.87999725341797,86.31999969482422,82.12999725341797,82.69000244140625,80.7468032836914,16503200
2021-12-17,81.62000274658203,83.29000091552734,80.94000244140625,83.0,81.04951477050781,23165900
2021-12-20,82.13999938964844,83.25,80.91000366210938,82.02999877929688,80.1023178100586,22346800
2021-12-21,88.98999786376953,91.13999938964844,87.3499984741211,90.68000030517578,88.54905700683594,58363600
2021-12-22,90.0,90.4800033569336,88.91999816894531,90.33999633789062,88.2170181274414,18593900
2021-12-23,90.6999969482422,95.0,90.3499984741211,94.41999816894533,92.20114135742188,36400100
2021-12-27,93.72000122070312,94.93000030517578,92.7300033569336,94.43000030517578,92.21092224121094,17110100
2021-12-28,93.75,93.88999938964844,92.05999755859376,92.94000244140624,90.75592803955078,13683800
2021-12-29,94.0,96.75,93.91000366210938,96.16999816894533,93.9100341796875,32234600
2021-12-30,94.4000015258789,95.51000213623048,93.43000030517578,93.88999938964844,91.68360900878906,19327800
2021-12-31,94.0,94.41999816894533,93.02999877929688,93.1500015258789,91.05799102783205,13660600
2022-01-03,93.91000366210938,95.83999633789062,93.4800033569336,95.75,93.59957885742188,18705500
2022-01-04,95.5999984741211,96.58999633789062,93.54000091552734,96.33999633789062,94.17633819580078,19725000
2022-01-05,95.37999725341795,98.4499969482422,94.3499984741211,94.4000015258789,92.2799072265625,28613100
2022-01-06,95.0999984741211,96.70999908447266,94.12000274658205,95.6500015258789,93.50183868408205,22320300
2022-01-07,96.08999633789062,97.19000244140624,93.94000244140624,94.4499969482422,92.32878112792967,14857900
2022-01-10,94.26000213623048,95.66999816894533,91.04000091552734,93.88999938964844,91.78136444091795,20290000
2022-01-11,92.45999908447266,94.2699966430664,91.6500015258789,94.1999969482422,92.08438873291016,14924900
2022-01-12,95.16000366210938,96.2300033569336,93.77999877929688,95.11000061035156,92.97396850585938,13339200
2022-01-13,96.5,98.11000061035156,95.3000030517578,95.62000274658205,93.47248077392578,23679800
2022-01-14,94.44000244140624,97.43000030517578,94.4000015258789,97.36000061035156,95.1734390258789,18385000
2022-01-18,95.52999877929688,95.9499969482422,92.54000091552734,92.87000274658205,90.7842788696289,19900500
2022-01-19,93.72000122070312,94.77999877929688,89.7699966430664,90.0,87.97871398925781,19043800
2022-01-20,90.27999877929688,90.33000183105467,84.93000030517578,85.06999969482422,83.15943908691406,24701300
2022-01-21,84.22000122070312,85.13999938964844,81.5199966430664,81.93000030517578,80.0899658203125,29716300
2022-01-24,80.2699966430664,83.04000091552734,77.63999938964844,82.94999694824219,81.08704376220703,29757100
2022-01-25,80.91999816894531,82.41999816894531,79.6500015258789,80.72000122070312,78.90714263916016,22128400
2022-01-26,83.25,84.79000091552734,80.61000061035156,81.97000122070312,80.12907409667969,21018700
2022-01-27,83.51000213623047,83.69999694824219,78.38999938964844,78.72000122070312,76.95205688476562,22694000
2022-01-28,77.37000274658203,79.27999877929688,75.5199966430664,79.2699966430664,77.48970794677734,24434600
2022-01-31,78.95999908447266,82.30999755859375,78.0199966430664,82.2699966430664,80.42231750488281,21898200
2022-02-01,82.19999694824219,82.38999938964844,80.41999816894531,81.44999694824219,79.6207504272461,15237400
2022-02-02,82.91999816894531,84.69999694824219,82.54000091552734,84.51000213623047,82.61201477050781,19862800
2022-02-03,82.66999816894531,85.18000030517578,81.70999908447266,81.97000122070312,80.12907409667969,19598200
2022-02-04,81.22000122070312,82.19000244140625,79.83999633789062,81.16999816894531,79.3470458984375,15657500
2022-02-07,81.36000061035156,82.04000091552734,80.4800033569336,80.87000274658203,79.05377960205078,11799800
2022-02-08,81.1500015258789,84.4000015258789,81.0,84.12000274658203,82.23078155517578,18315700
2022-02-09,84.5999984741211,88.77999877929688,83.55999755859375,88.12000274658203,86.14095306396484,22386900
2022-02-10,89.19000244140625,94.63999938964844,88.4800033569336,91.0199966430664,88.97582244873047,33820700
2022-02-11,91.27999877929688,94.58000183105467,88.94999694824219,89.76000213623047,87.74410247802734,31000000
2022-02-14,91.98999786376952,93.16999816894533,88.70999908447266,89.86000061035156,87.84188079833984,23499100
2022-02-15,91.01000213623048,96.5,91.01000213623048,96.0,93.84398651123048,27069700
2022-02-16,94.44000244140624,96.48999786376952,93.56999969482422,96.05999755859376,93.9026336669922,15573600
2022-02-17,95.04000091552734,96.0,93.48999786376952,93.7300033569336,91.6249542236328,17943300
2022-02-18,94.52999877929688,94.68000030517578,88.9000015258789,90.8000030517578,88.7607421875,19530500
2022-02-22,89.83999633789062,93.97000122070312,88.66999816894531,90.56999969482422,88.53591918945312,24825700
2022-02-23,91.47000122070312,91.87000274658205,87.06999969482422,87.30999755859375,85.34913635253906,19135400
2022-02-24,84.12999725341797,88.94000244140625,83.79000091552734,88.83000183105469,86.83501434326172,24472300
2022-02-25,87.95999908447266,90.4800033569336,87.27999877929688,90.0999984741211,88.07646179199219,15008700
2022-02-28,88.44999694824219,89.75,87.16000366210938,88.86000061035156,86.86432647705078,17269800
2022-03-01,88.55999755859375,89.83999633789062,84.66000366210938,86.26000213623047,84.32272338867188,20794800
2022-03-02,87.16999816894531,94.06999969482422,87.02999877929688,93.3000030517578,91.2046127319336,28398700
2022-03-03,91.62000274658205,92.19000244140624,88.38999938964844,89.18000030517578,87.17713928222656,22099800
2022-03-04,87.41999816894531,87.41999816894531,80.5199966430664,81.91000366210938,80.07041931152344,28211500
2022-03-07,81.76000213623047,82.97000122070312,75.62999725341797,75.69999694824219,73.99989318847656,26715500
2022-03-08,76.25,80.25,73.93000030517578,77.16000366210938,75.4271011352539,28343200
2022-03-09,79.97000122070312,80.48999786376953,77.54000091552734,79.44000244140625,77.65587615966797,19647900
2022-03-10,77.73999786376953,77.73999786376953,73.80999755859375,75.72000122070312,74.01946258544922,21692000
2022-03-11,76.66000366210938,76.69999694824219,72.63999938964844,72.81999969482422,71.1845703125,22786500
2022-03-14,71.75,72.4800033569336,68.95999908447266,69.4000015258789,67.84139251708984,24893400
2022-03-15,70.05000305175781,73.52999877929688,68.33999633789062,73.11000061035156,71.46805572509766,22851000
2022-03-16,76.47000122070312,79.70999908447266,76.1500015258789,79.66999816894531,77.88072967529297,35742800
2022-03-17,78.19999694824219,80.58000183105469,77.19999694824219,80.5199966430664,78.71163177490234,21612200
2022-03-18,79.0999984741211,81.19999694824219,78.05999755859375,79.41000366210938,77.6265640258789,28601200
2022-03-21,78.98999786376953,79.88999938964844,75.52999877929688,78.3499984741211,76.59036254882812,30878200
2022-03-22,77.69999694824219,79.7300033569336,77.51000213623047,79.12000274658203,77.34307098388672,16768000
2022-03-23,77.86000061035156,78.22000122070312,75.08000183105469,75.6500015258789,73.95100402832031,28059800
2022-03-24,75.9000015258789,78.54000091552734,75.31999969482422,78.20999908447266,76.45352935791016,23348000
2022-03-25,78.2699966430664,78.30000305175781,75.12999725341797,78.0999984741211,76.3459701538086,22491000
2022-03-28,78.58999633789062,80.18000030517578,77.2699966430664,79.86000061035156,78.06645202636719,26605300
2022-03-29,82.0999984741211,82.55000305175781,79.26000213623047,82.05000305175781,80.20728302001953,41290700
2022-03-30,84.30000305175781,86.23999786376953,78.5999984741211,79.16000366210938,77.3821792602539,70087000
2022-03-31,77.66999816894531,79.95999908447266,76.83000183105469,77.88999938964844,76.14070892333984,34588600
2022-04-01,78.43000030517578,78.91000366210938,74.05999755859375,76.18000030517578,74.4690933227539,33536100
2022-04-04,76.9000015258789,78.18000030517578,76.51000213623047,77.66999816894531,75.92564392089844,24305700
2022-04-05,76.70999908447266,78.0199966430664,74.30000305175781,74.61000061035156,72.93437194824219,21171400
2022-04-06,73.18000030517578,74.88999938964844,71.47000122070312,73.77999877929688,72.12300109863281,28080100
2022-04-07,73.66999816894531,74.68000030517578,72.12999725341797,73.27999877929688,71.63423156738281,22658600
2022-04-08,72.5,72.8499984741211,70.83000183105469,72.13999938964844,70.6162109375,20562600
2022-04-11,70.55000305175781,72.91000366210938,70.08999633789062,72.02999877929688,70.50851440429688,21127900
2022-04-12,72.79000091552734,73.58999633789062,71.56999969482422,71.95999908447266,70.43999481201172,18658500
2022-04-13,72.36000061035156,73.75,71.86000061035156,72.37999725341797,70.85113525390625,18892000
2022-04-14,72.55999755859375,72.80999755859375,70.08999633789062,70.12999725341797,68.64866638183594,18543500
2022-04-18,70.25,72.0999984741211,70.05000305175781,71.1500015258789,69.64710998535156,17476700
2022-04-19,70.95999908447266,73.41000366210938,70.7699966430664,72.7300033569336,71.19374084472656,15139000
2022-04-20,73.80999755859375,76.2300033569336,72.88999938964844,73.19999694824219,71.65380859375,19042600
2022-04-21,73.97000122070312,74.48999786376953,70.6500015258789,70.91999816894531,69.42195129394531,17645300
2022-04-22,70.63999938964844,70.9800033569336,69.30999755859375,69.41000366210938,67.94384765625,18682400
2022-04-25,68.41999816894531,70.16999816894531,67.93000030517578,70.12000274658203,68.63886260986328,20072100
2022-04-26,68.69000244140625,69.16000366210938,67.04000091552734,67.08000183105469,65.66309356689453,18628700
2022-04-27,66.12999725341797,68.4800033569336,65.86000061035156,66.47000122070312,65.06598663330078,17123600
2022-04-28,67.6500015258789,70.80999755859375,67.05999755859375,70.18000030517578,68.6976089477539,21058400
2022-04-29,69.0999984741211,71.33000183105469,68.0199966430664,68.19000244140625,66.74964904785156,16843500
2022-05-02,68.16000366210938,70.73999786376953,67.58000183105469,70.5999984741211,69.10872650146484,15342800
2022-05-03,70.47000122070312,71.95999908447266,70.19999694824219,71.26000213623047,69.75479888916016,13539100
2022-05-04,71.7699966430664,73.9000015258789,70.16000366210938,73.62000274658203,72.06494140625,17201900
2022-05-05,72.30999755859375,72.55999755859375,70.36000061035156,71.29000091552734,69.78416442871094,16603600
2022-05-06,70.55000305175781,71.91000366210938,68.88999938964844,70.3499984741211,68.864013671875,15159800
2022-05-09,69.19999694824219,71.4000015258789,67.4800033569336,67.93000030517578,66.4951400756836,21770900
2022-05-10,69.56999969482422,70.58999633789062,67.61000061035156,68.91000366210938,67.45443725585938,17662700
2022-05-11,68.66000366210938,70.87999725341797,66.81999969482422,66.95999908447266,65.5456314086914,17237300
2022-05-12,66.0,68.9000015258789,65.87000274658203,67.70999908447266,66.27977752685547,27022900
2022-05-13,69.0999984741211,72.62999725341797,68.0199966430664,71.91999816894531,70.40084838867188,22872000
2022-05-16,71.51000213623047,72.04000091552734,70.31999969482422,70.47000122070312,68.98148345947266,13394700
2022-05-17,72.25,74.7300033569336,72.1500015258789,74.4800033569336,72.90677642822266,17671500
2022-05-18,73.18000030517578,74.22000122070312,70.08999633789062,71.05000305175781,69.54923248291016,20635100
2022-05-19,70.76000213623047,71.69999694824219,69.05000305175781,69.4000015258789,67.93409729003906,17558000
2022-05-20,70.5999984741211,70.69000244140625,66.11000061035156,68.9000015258789,67.44464111328125,20313300
2022-05-23,68.7699966430664,70.19999694824219,68.5199966430664,69.58999633789062,68.12005615234375,12356200
2022-05-24,68.36000061035156,68.41000366210938,66.01000213623047,66.62000274658203,65.21281433105469,18764500
2022-05-25,65.93000030517578,68.8499984741211,65.9000015258789,67.87000274658203,66.43639373779297,16241200
2022-05-26,66.38999938964844,71.04000091552734,66.3499984741211,70.5999984741211,69.10872650146484,14902500
2022-05-27,71.76000213623047,73.44000244140625,71.63999938964844,73.31999969482422,71.77128601074219,13078700
2022-05-31,73.47000122070312,74.4800033569336,71.93000030517578,73.83999633789062,72.28028106689453,15453000
2022-06-01,74.5,75.38999938964844,72.55000305175781,73.55000305175781,71.99640655517578,13595400
2022-06-02,73.12999725341797,75.41000366210938,73.12999725341797,75.37000274658203,73.7779769897461,11373200
2022-06-03,71.69000244140625,71.69000244140625,69.11000061035156,69.94000244140625,68.46268463134766,30306600
2022-06-06,70.73999786376953,72.13999938964844,70.01000213623047,70.44999694824219,68.9619140625,13198700
2022-06-07,68.6500015258789,70.87000274658203,68.12000274658203,70.76000213623047,69.26535034179688,14328000
2022-06-08,69.83999633789062,70.4000015258789,67.76000213623047,68.5999984741211,67.1509780883789,16363000
2022-06-09,67.94000244140625,68.69000244140625,66.0,66.0199966430664,64.62548065185547,15073700
2022-06-10,64.83999633789062,65.55999755859375,62.27999877929688,62.619998931884766,61.29728698730469,26626900
2022-06-13,60.02000045776367,60.959999084472656,58.58000183105469,58.84000015258789,57.59714126586914,24278600
2022-06-14,59.36000061035156,59.869998931884766,57.720001220703125,58.70000076293945,57.4600944519043,17036000
2022-06-15,59.33000183105469,60.08000183105469,57.54999923706055,59.119998931884766,57.8712158203125,19726200
2022-06-16,57.0,57.0,54.25,55.0099983215332,53.8480339050293,22706200
2022-06-17,55.900001525878906,56.31999969482422,53.59999847412109,55.75,54.57241821289063,24139800
2022-06-21,56.81999969482422,57.91999816894531,56.34000015258789,56.79999923706055,55.600223541259766,15502800
2022-06-22,55.959999084472656,57.13999938964844,55.59999847412109,56.34000015258789,55.149940490722656,13513800
2022-06-23,56.61000061035156,56.83000183105469,54.959999084472656,56.220001220703125,55.032474517822266,13366600
2022-06-24,57.150001525878906,59.0,57.130001068115234,58.43999862670898,57.2055778503418,15647600
2022-06-27,59.58000183105469,60.04999923706055,58.369998931884766,58.77999877929688,57.53840637207031,16159900
2022-06-28,58.97999954223633,60.59000015258789,57.810001373291016,57.86000061035156,56.63783645629883,19393600
2022-06-29,57.22999954223633,57.52000045776367,55.31999969482422,56.02000045776367,54.83669662475586,17351400
2022-06-30,54.9900016784668,56.40999984741211,54.220001220703125,55.27999877929688,54.11233139038086,29572400
2022-07-01,53.290000915527344,53.959999084472656,51.400001525878906,53.650001525878906,52.51676177978516,43681700
2022-07-05,52.18000030517578,56.88999938964844,52.09000015258789,56.72999954223633,55.53169631958008,33745900
2022-07-06,56.84999847412109,58.119998931884766,56.459999084472656,57.369998931884766,56.1581916809082,23565000
2022-07-07,59.09999847412109,59.310001373291016,57.84000015258789,58.84999847412109,57.6069221496582,22945500
2022-07-08,58.220001220703125,60.43000030517578,58.09999847412109,59.13999938964844,58.00414276123047,19283000
2022-07-11,58.11000061035156,58.61000061035156,57.709999084472656,57.810001373291016,56.69969177246094,13941800
2022-07-12,58.41999816894531,60.08000183105469,58.09999847412109,59.18000030517578,58.04337692260742,21523100
2022-07-13,57.380001068115234,59.41999816894531,57.36000061035156,58.86000061035156,57.729530334472656,13987600
2022-07-14,57.93999862670898,59.65999984741211,57.31999969482422,59.34999847412109,58.21010971069336,14803800
2022-07-15,61.47999954223633,61.70000076293945,59.400001525878906,61.52999877929688,60.34823989868164,20317800
2022-07-18,62.09000015258789,62.33000183105469,60.13999938964844,60.45000076293945,59.28898620605469,13233000
2022-07-19,61.470001220703125,62.7599983215332,61.380001068115234,62.400001525878906,61.2015380859375,19103700
2022-07-20,62.220001220703125,63.52000045776367,61.84999847412109,63.29999923706055,62.08424758911133,15176200
2022-07-21,62.59999847412109,63.68000030517578,61.93000030517578,63.63999938964844,62.41771697998047,12924700
2022-07-22,61.290000915527344,62.91999816894531,61.0099983215332,61.290000915527344,60.11285018920898,22201700
2022-07-25,61.34999847412109,61.83000183105469,59.70000076293945,60.150001525878906,58.9947509765625,14479400
2022-07-26,60.310001373291016,60.68999862670898,59.54999923706055,59.65999984741211,58.51416397094727,11044800
2022-07-27,60.4900016784668,62.38999938964844,59.61000061035156,61.88999938964844,60.70132446289063,14589800
2022-07-28,62.25,62.29999923706055,60.18999862670898,62.06999969482422,60.877872467041016,10120300
2022-07-29,61.34999847412109,62.09000015258789,60.77000045776367,61.86000061035156,60.671905517578125,14199700
2022-08-01,62.5,63.9900016784668,62.0,62.540000915527344,61.33884811401367,13347200
2022-08-02,61.75,63.29999923706055,60.880001068115234,62.470001220703125,61.27019119262695,11535800
2022-08-03,62.5,64.52999877929688,62.43999862670898,64.25,63.01601028442383,12290100
2022-08-04,64.12000274658203,64.98999786376953,63.650001525878906,64.8499984741211,63.60445785522461,11338400
2022-08-05,62.86000061035156,63.220001220703125,61.79999923706055,62.459999084472656,61.26038360595703,15047100
2022-08-08,61.9900016784668,62.619998931884766,60.97999954223633,61.45000076293945,60.26978302001953,11454300
2022-08-09,59.0,60.540000915527344,57.7400016784668,59.150001525878906,58.01395797729492,33107200
2022-08-10,60.0,61.560001373291016,59.38999938964844,61.400001525878906,60.220733642578125,17418400
2022-08-11,62.0,64.0999984741211,62.0,62.31999969482422,61.12307357788086,18298500
2022-08-12,62.65999984741211,65.41999816894531,62.22999954223633,65.04000091552734,63.79084014892578,16194000
2022-08-15,64.69999694824219,65.12000274658203,63.88999938964844,64.69999694824219,63.457366943359375,9689100
2022-08-16,64.12000274658203,64.55999755859375,63.220001220703125,63.86000061035156,62.63349151611328,9275400
2022-08-17,62.810001373291016,62.810001373291016,60.7599983215332,61.619998931884766,60.43650817871094,14728400
2022-08-18,61.75,63.41999816894531,61.25,62.97999954223633,61.770389556884766,11303900
2022-08-19,61.84000015258789,62.25,60.27999877929688,60.5099983215332,59.34783554077149,14050300
2022-08-22,59.560001373291016,59.61000061035156,57.970001220703125,58.310001373291016,57.19009017944336,13096800
2022-08-23,58.34999847412109,59.290000915527344,57.7599983215332,57.86000061035156,56.74873352050781,12769100
2022-08-24,57.880001068115234,58.56999969482422,57.36000061035156,58.310001373291016,57.19009017944336,9961300
2022-08-25,58.59999847412109,61.27000045776367,58.58000183105469,61.20000076293945,60.02458190917969,12171600
2022-08-26,61.06999969482422,61.220001220703125,57.61000061035156,57.630001068115234,56.52314376831055,15754000
2022-08-29,57.310001373291016,58.0,56.52000045776367,57.0099983215332,55.91505432128906,11607600
2022-08-30,57.47999954223633,57.79999923706055,55.58000183105469,56.29999923706055,55.218692779541016,12743700
2022-08-31,55.9900016784668,57.15999984741211,55.810001373291016,56.52999877929688,55.44427108764648,14172200
2022-09-01,55.2599983215332,57.400001525878906,54.790000915527344,57.310001373291016,56.20930862426758,17594500
2022-09-02,58.29999923706055,58.79999923706055,56.0,56.33000183105469,55.24811935424805,12809700
2022-09-06,56.33000183105469,56.68999862670898,55.130001068115234,55.22999954223633,54.16924285888672,12133300
2022-09-07,55.310001373291016,55.720001220703125,54.0099983215332,55.0,53.943660736083984,17030600
2022-09-08,54.4900016784668,55.91999816894531,53.7400016784668,55.38999938964844,54.32616424560547,18415300
2022-09-09,56.16999816894531,57.68000030517578,56.16999816894531,57.43999862670898,56.336795806884766,13925600
2022-09-12,57.459999084472656,58.13999938964844,57.02999877929688,57.93999862670898,56.82719802856445,10711500
2022-09-13,55.70000076293945,56.2400016784668,53.13999938964844,53.619998931884766,52.59016036987305,22361800
2022-09-14,53.88999938964844,54.22999954223633,52.459999084472656,53.11000061035156,52.08995819091797,19984900
2022-09-15,52.70000076293945,53.45000076293945,51.97999954223633,52.68999862670898,51.67802429199219,15620800
2022-09-16,51.88999938964844,53.0099983215332,51.4900016784668,52.84999847412109,51.8349494934082,24901700
2022-09-19,51.970001220703125,52.77000045776367,51.880001068115234,52.09999847412109,51.09935760498047,19251400
2022-09-20,51.52999877929688,51.59000015258789,50.59000015258789,50.79999923706055,49.82432556152344,19373800
2022-09-21,49.7400016784668,52.5099983215332,49.720001220703125,50.09999847412109,49.13777160644531,31117300
2022-09-22,49.79999923706055,50.369998931884766,49.34999847412109,49.65999984741211,48.70621490478516,21317000
2022-09-23,49.27999877929688,50.150001525878906,48.45000076293945,50.09999847412109,49.13777160644531,24591700
2022-09-26,49.93000030517578,50.459999084472656,48.810001373291016,48.880001068115234,47.94120407104492,19266800
2022-09-27,49.81999969482422,50.650001525878906,49.400001525878906,50.58000183105469,49.60855102539063,17297500
2022-09-28,50.11000061035156,51.18999862670898,50.09999847412109,51.0,50.02049255371094,17784300
2022-09-29,50.040000915527344,50.29999923706055,49.220001220703125,50.0099983215332,49.04949569702149,25582100
2022-09-30,50.540000915527344,52.060001373291016,49.810001373291016,50.09999847412109,49.13777160644531,38917700
2022-10-03,51.0099983215332,53.09000015258789,50.63999938964844,51.720001220703125,50.726654052734375,24632400
2022-10-04,53.560001373291016,54.810001373291016,52.65999984741211,53.959999084472656,52.92363357543945,24275500
2022-10-05,52.880001068115234,55.20000076293945,52.16999816894531,54.72999954223633,53.6788444519043,20418300
2022-10-06,54.400001525878906,55.11000061035156,53.29999923706055,54.619998931884766,53.57095718383789,17149400
2022-10-07,53.560001373291016,54.650001525878906,52.5099983215332,52.90999984741211,52.00329208374024,21977700
2022-10-10,53.06999969482422,53.130001068115234,50.77000045776367,51.380001068115234,50.49951553344727,17227400
2022-10-11,50.63999938964844,54.77999877929688,50.33000183105469,53.709999084472656,52.789588928222656,32813700
2022-10-12,53.59999847412109,53.77000045776367,52.38999938964844,52.75,51.84602737426758,18131900
2022-10-13,51.34999847412109,55.91999816894531,50.7400016784668,54.86000061035156,53.91987609863281,27605000
2022-10-14,55.2400016784668,55.43999862670898,52.59999847412109,52.720001220703125,51.81655883789063,20403000
2022-10-17,54.59999847412109,54.9900016784668,52.84999847412109,53.5,52.58317947387695,18261700
2022-10-18,55.0099983215332,55.13999938964844,51.65999984741211,52.54999923706055,51.64946746826172,19774800
2022-10-19,52.09000015258789,53.43000030517578,52.060001373291016,53.02999877929688,52.12123107910156,14786100
2022-10-20,53.5,55.09999847412109,53.16999816894531,53.70000076293945,52.779762268066406,15711800
2022-10-21,53.4900016784668,56.27999877929688,53.34000015258789,56.04999923706055,55.0894775390625,20199200
2022-10-24,56.22999954223633,56.810001373291016,55.06999969482422,56.2400016784668,55.27622604370117,15293600
2022-10-25,56.68000030517578,57.02999877929688,55.34000015258789,55.869998931884766,54.912574768066406,17313000
2022-10-26,56.08000183105469,57.43999862670898,54.959999084472656,55.45000076293945,54.4997673034668,23511300
2022-10-27,55.369998931884766,56.22999954223633,52.119998931884766,52.209999084472656,51.31529235839844,27335800
2022-10-28,51.83000183105469,54.43999862670898,51.459999084472656,54.040000915527344,53.11392974853516,19171100
2022-10-31,53.90999984741211,54.93000030517578,53.16999816894531,54.09999847412109,53.17289733886719,15932500
2022-11-01,55.09000015258789,55.43999862670898,54.11000061035156,54.86000061035156,53.91987609863281,11729700
2022-11-02,54.7400016784668,56.27000045776367,53.41999816894531,53.45000076293945,52.53403854370117,17302700
2022-11-03,52.709999084472656,54.369998931884766,51.90999984741211,53.47999954223633,52.56351852416992,12769200
2022-11-04,55.2599983215332,56.90999984741211,54.81999969482422,56.15999984741211,55.19760513305664,18882700
2022-11-07,56.43000030517578,56.81999969482422,55.459999084472656,56.560001373291016,55.59074783325195,11411300
2022-11-08,57.380001068115234,57.869998931884766,56.47999954223633,57.4900016784668,56.50480651855469,14190100
2022-11-09,56.220001220703125,56.650001525878906,55.5099983215332,55.970001220703125,55.0108528137207,19952500
2022-11-10,58.59999847412109,60.380001068115234,58.060001373291016,60.27000045776367,59.23716354370117,24982500
2022-11-11,60.650001525878906,63.18000030517578,59.880001068115234,62.52000045776367,61.448612213134766,17579400
2022-11-14,61.93999862670898,62.75,60.9900016784668,61.77999877929688,60.721290588378906,13988200
2022-11-15,63.5,64.44000244140625,62.41999816894531,63.09999847412109,62.0186653137207,16325000
2022-11-16,60.52999877929688,61.380001068115234,58.119998931884766,58.869998931884766,57.86115646362305,25901900
2022-11-17,57.29999923706055,58.9900016784668,56.5099983215332,58.7400016784668,57.733394622802734,14212300
2022-11-18,59.560001373291016,59.65999984741211,58.09999847412109,58.58000183105469,57.57612609863281,9703700
2022-11-21,58.02000045776367,58.02000045776367,56.81999969482422,57.15999984741211,56.18046951293945,9968400
2022-11-22,57.54999923706055,58.68000030517578,56.97999954223633,58.619998931884766,57.61543655395508,8955700
2022-11-23,58.2400016784668,59.060001373291016,57.75,58.93000030517578,57.92012786865234,8996800
2022-11-25,58.66999816894531,59.130001068115234,58.38999938964844,58.40999984741211,57.40904235839844,4360500
2022-11-28,57.31999969482422,57.7599983215332,55.470001220703125,55.75,54.79463195800781,15512600
2022-11-29,55.709999084472656,56.52000045776367,54.77000045776367,55.119998931884766,54.17542266845703,12874200
2022-11-30,53.58000183105469,57.68000030517578,52.61000061035156,57.650001525878906,56.66206741333008,31461400
2022-12-01,57.83000183105469,57.91999816894531,55.09999847412109,55.4900016784668,54.53908157348633,21764200
2022-12-02,54.34000015258789,55.41999816894531,53.380001068115234,54.68000030517578,53.74296188354492,15946500
2022-12-05,54.369998931884766,55.27000045776367,53.70000076293945,54.040000915527344,53.11392974853516,13806900
2022-12-06,53.86000061035156,54.630001068115234,53.2400016784668,53.68000030517578,52.760101318359375,17988000
2022-12-07,53.119998931884766,54.2400016784668,52.43999862670898,53.81999969482422,52.89769744873047,11367300
2022-12-08,54.560001373291016,55.70000076293945,54.04999923706055,55.20000076293945,54.25404739379883,13609100
2022-12-09,54.68000030517578,55.86000061035156,54.52000045776367,54.869998931884766,53.9296989440918,9932200
2022-12-12,53.52000045776367,55.380001068115234,53.34000015258789,55.34999847412109,54.40147399902344,13250600
2022-12-13,57.18999862670898,57.88999938964844,54.650001525878906,55.2400016784668,54.29336929321289,14210500
2022-12-14,55.2400016784668,56.09999847412109,54.060001373291016,54.59000015258789,53.65451049804688,11235300
2022-12-15,53.560001373291016,53.720001220703125,51.84999847412109,52.040000915527344,51.148197174072266,17785000
2022-12-16,51.7400016784668,52.540000915527344,51.619998931884766,52.06999969482422,51.177677154541016,22951400
2022-12-19,52.16999816894531,52.290000915527344,51.09999847412109,51.720001220703125,50.833683013916016,16470000
2022-12-20,51.34000015258789,51.970001220703125,50.45000076293945,50.68000030517578,49.8115119934082,16942000
2022-12-21,50.93000030517578,51.75,50.75,51.18999862670898,50.31276321411133,20400800
2022-12-22,49.5,49.970001220703125,48.43000030517578,49.43000030517578,48.58293151855469,40959600
2022-12-23,49.0,50.54999923706055,48.9900016784668,50.20000076293945,49.33973693847656,17425700
2022-12-27,49.61000061035156,50.310001373291016,48.52000045776367,50.02000045776367,49.16282653808594,15159100
2022-12-28,49.84000015258789,51.09000015258789,48.83000183105469,49.119998931884766,48.27824020385742,12518700
2022-12-29,49.400001525878906,50.93000030517578,49.34000015258789,50.650001525878906,49.78202438354492,13204300
2022-12-30,49.45000076293945,50.02000045776367,49.130001068115234,49.97999954223633,49.23529052734375,11989800
2023-01-03,50.560001373291016,50.959999084472656,49.54999923706055,50.369998931884766,49.61948013305664,12422800
2023-01-04,53.04999923706055,54.52000045776367,52.72999954223633,54.20000076293945,53.39241790771485,25077300
2023-01-05,53.88999938964844,55.38999938964844,53.88999938964844,54.709999084472656,53.89480972290039,18030900
2023-01-06,55.43000030517578,57.290000915527344,54.02999877929688,56.77000045776367,55.92412185668945,21069800
2023-01-09,56.81999969482422,57.52000045776367,55.650001525878906,56.36000061035156,55.52023696899414,15715900
2023-01-10,56.15999984741211,57.27999877929688,55.86000061035156,57.209999084472656,56.357566833496094,10571300
2023-01-11,57.34999847412109,58.470001220703125,56.91999816894531,58.060001373291016,57.19489288330078,12143000
2023-01-12,58.11000061035156,58.2400016784668,56.43000030517578,57.27000045776367,56.41666412353516,14888100
2023-01-13,56.72999954223633,56.970001220703125,56.119998931884766,56.93000030517578,56.08174133300781,12520600
2023-01-17,57.15999984741211,58.59999847412109,56.54999923706055,56.84999847412109,56.0029296875,10962700
2023-01-18,57.5099983215332,58.04999923706055,56.36000061035156,56.5099983215332,55.66799545288086,10035300
2023-01-19,55.709999084472656,57.09000015258789,55.27999877929688,56.36000061035156,55.52023696899414,12034200
2023-01-20,57.470001220703125,58.56999969482422,56.7599983215332,58.459999084472656,57.58894348144531,13826400
2023-01-23,58.91999816894531,61.90999984741211,58.86000061035156,61.81999969482422,60.89888000488281,20175400
2023-01-24,61.20000076293945,61.720001220703125,60.869998931884766,61.2599983215332,60.34721755981445,10183200
2023-01-25,60.66999816894531,61.66999816894531,60.41999816894531,61.540000915527344,60.623046875,10787200
2023-01-26,62.58000183105469,63.04999923706055,61.290000915527344,62.79999923706055,61.86426544189453,12219500
2023-01-27,62.13999938964844,64.33999633789062,61.959999084472656,63.869998931884766,62.91833114624024,15895800
2023-01-30,62.7599983215332,63.27999877929688,61.68999862670898,61.709999084472656,60.79051208496094,16169000
2023-01-31,59.09999847412109,60.34000015258789,58.650001525878906,60.29999923706055,59.40151977539063,23856300
2023-02-01,60.619998931884766,63.22999954223633,60.38999938964844,62.59999847412109,61.6672477722168,20902200
2023-02-02,63.560001373291016,63.91999816894531,61.86000061035156,63.16999816894531,62.228759765625,15877600
2023-02-03,62.0,63.790000915527344,61.900001525878906,62.40999984741211,61.480079650878906,12187100
2023-02-06,60.93999862670898,61.18000030517578,59.7400016784668,59.97999954223633,59.08628845214844,11484300
2023-02-07,60.09000015258789,62.38999938964844,59.70000076293945,62.130001068115234,61.20425033569336,12713100
2023-02-08,61.45000076293945,62.33000183105469,60.22999954223633,60.25,59.35226821899414,9510500
2023-02-09,61.20000076293945,61.81999969482422,59.68999862670898,60.18000030517578,59.2833137512207,10094700
2023-02-10,60.5,60.7599983215332,59.25,59.81999969482422,58.92867660522461,11429700
2023-02-13,59.81999969482422,60.27999877929688,58.84000015258789,60.119998931884766,59.22420120239258,11466200
2023-02-14,59.52000045776367,62.310001373291016,59.02999877929688,62.06999969482422,61.14514923095703,12496200
2023-02-15,61.33000183105469,61.93999862670898,60.459999084472656,61.84000015258789,60.918575286865234,10457400
2023-02-16,60.77999877929688,61.34999847412109,59.84999847412109,60.04999923706055,59.15524673461914,12683400
2023-02-17,59.84000015258789,60.18000030517578,58.5099983215332,59.0099983215332,58.130741119384766,10874900
2023-02-21,58.34000015258789,59.709999084472656,57.4900016784668,57.59999847412109,56.74174499511719,12667500
2023-02-22,57.72999954223633,58.56999969482422,56.83000183105469,56.97999954223633,56.13098907470703,12260300
2023-02-23,59.13999938964844,59.75,57.43999862670898,58.75,57.87461471557617,16094600
2023-02-24,57.70000076293945,58.369998931884766,57.34999847412109,58.18000030517578,57.3131103515625,9867400
2023-02-27,59.16999816894531,59.560001373291016,57.83000183105469,57.900001525878906,57.03728485107422,8514000
2023-02-28,57.63999938964844,58.7400016784668,57.400001525878906,57.81999969482422,56.95846557617188,10493300
2023-03-01,57.86000061035156,58.54999923706055,57.220001220703125,57.34000015258789,56.48563003540039,9141400
2023-03-02,55.5,56.70000076293945,54.720001220703125,56.43000030517578,55.58917999267578,16625500
2023-03-03,56.459999084472656,56.869998931884766,55.43999862670898,56.77999877929688,55.933963775634766,13769200
2023-03-06,57.27999877929688,58.650001525878906,56.540000915527344,56.83000183105469,55.98323059082031,14472200
2023-03-07,56.5,56.72999954223633,55.310001373291016,55.560001373291016,54.73214340209961,13278300
2023-03-08,55.84000015258789,56.91999816894531,55.34999847412109,56.88999938964844,56.04233169555664,11515700
2023-03-09,56.63999938964844,57.560001373291016,55.540000915527344,55.59999847412109,54.77154922485352,10200000
2023-03-10,55.65999984741211,56.5099983215332,54.52999877929688,54.93000030517578,54.11153793334961,14180700
2023-03-13,53.970001220703125,54.54999923706055,52.7599983215332,53.900001525878906,53.09689331054688,17365200
2023-03-14,54.970001220703125,55.41999816894531,53.70000076293945,54.27000045776367,53.461368560791016,14657000
2023-03-15,53.33000183105469,54.27000045776367,52.880001068115234,54.130001068115234,53.32345962524414,14643600
2023-03-16,53.68999862670898,56.709999084472656,53.61000061035156,56.56999969482422,55.72709655761719,14791800
2023-03-17,56.79999923706055,57.720001220703125,56.220001220703125,56.65999984741211,55.81575775146485,26655200
2023-03-20,56.70000076293945,57.869998931884766,56.08000183105469,57.63999938964844,56.78115463256836,10610200
2023-03-21,58.380001068115234,59.52000045776367,57.59999847412109,58.630001068115234,57.75640106201172,14613700
2023-03-22,58.400001525878906,60.40999984741211,58.09000015258789,58.16999816894531,57.30325698852539,16949300
2023-03-23,59.18000030517578,61.77999877929688,59.130001068115234,61.34000015258789,60.426025390625,23903100
2023-03-24,60.5099983215332,61.400001525878906,60.5,61.15999984741211,60.24870681762695,18735600
2023-03-27,61.18999862670898,61.41999816894531,59.16999816894531,59.790000915527344,58.89911651611328,15901000
2023-03-28,59.79999923706055,59.869998931884766,57.81999969482422,59.27999877929688,58.39672088623047,20496300
2023-03-29,60.90999984741211,64.41999816894531,60.869998931884766,63.540000915527344,62.59324645996094,51939800
2023-03-30,64.02999877929688,64.0999984741211,62.47999954223633,63.09000015258789,62.14994812011719,23038300
2023-03-31,60.34999847412109,61.65999984741211,59.900001525878906,60.34000015258789,59.44092559814453,35416500
2023-04-03,59.810001373291016,59.810001373291016,57.869998931884766,59.61000061035156,58.7218017578125,23610800
2023-04-04,59.68000030517578,60.09999847412109,56.95000076293945,57.27000045776367,56.41666412353516,21303200
2023-04-05,56.81999969482422,57.11000061035156,56.0099983215332,57.02000045776367,56.170387268066406,19456200
2023-04-06,56.95000076293945,59.150001525878906,56.79999923706055,58.560001373291016,57.80402374267578,21496500
2023-04-10,61.18000030517578,63.77000045776367,61.0,63.27000045776367,62.45323181152344,43280100
2023-04-11,63.63999938964844,64.29000091552734,63.040000915527344,63.56999969482422,62.74935531616211,23090200
2023-04-12,64.36000061035156,64.36000061035156,61.84000015258789,61.959999084472656,61.160133361816406,16694100
2023-04-13,61.5099983215332,63.369998931884766,60.790000915527344,63.0,62.18671417236328,23286500
2023-04-14,63.18000030517578,63.220001220703125,61.77000045776367,62.630001068115234,61.82148742675781,14953000
2023-04-17,62.220001220703125,62.77000045776367,61.97999954223633,62.540000915527344,61.7326545715332,11546800
2023-04-18,63.33000183105469,63.45000076293945,61.47999954223633,61.93000030517578,61.13052749633789,12175200
2023-04-19,60.97999954223633,61.209999084472656,60.380001068115234,60.650001525878906,59.86705780029297,11652600
2023-04-20,59.880001068115234,61.95000076293945,59.869998931884766,61.459999084472656,60.66659164428711,14382200
2023-04-21,61.150001525878906,61.45000076293945,60.72999954223633,61.130001068115234,60.34084701538086,9606200
2023-04-24,60.09999847412109,60.880001068115234,59.34999847412109,59.5099983215332,58.74175643920898,13402600
2023-04-25,59.130001068115234,59.34000015258789,58.02999877929688,58.13999938964844,57.38945007324219,15987300
2023-04-26,59.58000183105469,61.18000030517578,59.34000015258789,61.02000045776367,60.23227310180664,25385000
2023-04-27,60.75,61.959999084472656,60.130001068115234,61.900001525878906,61.10091018676758,13524600
2023-04-28,62.43000030517578,64.44000244140625,62.29999923706055,64.36000061035156,63.52915191650391,18094700
2023-05-01,63.88999938964844,64.0999984741211,62.310001373291016,62.34999847412109,61.54509353637695,12823400
2023-05-02,62.22999954223633,62.58000183105469,61.25,61.900001525878906,61.10091018676758,12237600
2023-05-03,61.4900016784668,62.18000030517578,60.81999969482422,60.90999984741211,60.12368774414063,10818100
2023-05-04,60.54999923706055,60.959999084472656,59.900001525878906,60.5099983215332,59.728851318359375,13357900
2023-05-05,60.61000061035156,61.7400016784668,60.11000061035156,61.22999954223633,60.43955612182617,12312700
2023-05-08,61.25,61.34999847412109,60.310001373291016,60.869998931884766,60.08420944213867,11510400
2023-05-09,59.880001068115234,61.38999938964844,59.54999923706055,60.93000030517578,60.1434326171875,11895200
2023-05-10,61.91999816894531,62.310001373291016,59.790000915527344,59.9900016784668,59.21557235717773,14548700
2023-05-11,60.59000015258789,61.810001373291016,60.06999969482422,61.61000061035156,60.81465911865234,15536600
2023-05-12,61.9900016784668,62.18999862670898,60.150001525878906,60.91999816894531,60.13356399536133,12131400
2023-05-15,62.22999954223633,64.87000274658203,61.79999923706055,64.63999938964844,63.8055419921875,22227200
2023-05-16,64.55000305175781,65.22000122070312,63.29999923706055,63.72999954223633,62.90728759765625,15259000
2023-05-17,64.58000183105469,65.31999969482422,63.43999862670898,64.91999816894531,64.08191680908203,15947700
2023-05-18,65.9800033569336,68.58999633789062,65.08000183105469,67.56999969482422,66.69770812988281,30688000
2023-05-19,67.56999969482422,68.38999938964844,66.43000030517578,68.16999816894531,67.28997039794922,16812100
2023-05-22,65.75,66.75,64.76000213623047,66.2300033569336,65.37500762939453,37491000
2023-05-23,65.8499984741211,67.55999755859375,65.70999908447266,66.01000213623047,65.1578598022461,15896200
2023-05-24,64.94999694824219,66.7300033569336,64.87999725341797,66.52999877929688,65.671142578125,15806600
2023-05-25,69.75,69.87999725341797,67.51000213623047,69.61000061035156,68.71138763427734,29021500
2023-05-26,69.87999725341797,74.58999633789062,69.80000305175781,73.93000030517578,72.97561645507812,33410000
2023-05-30,74.38999938964844,74.7699966430664,71.58000183105469,71.69000244140625,70.76453399658203,24454700
2023-05-31,68.9000015258789,69.8499984741211,67.91999816894531,68.19999694824219,67.319580078125,30403600
2023-06-01,68.94000244140625,69.79000091552734,68.0999984741211,69.08999633789062,68.1980972290039,18153000
2023-06-02,69.98999786376953,70.55000305175781,68.29000091552734,69.16999816894531,68.27706146240234,13468200
2023-06-05,69.5,69.5,67.51000213623047,67.7699966430664,66.8951416015625,12441100
2023-06-06,67.02999877929688,68.83999633789062,66.81999969482422,67.54000091552734,66.66810607910156,12476600
2023-06-07,68.41000366210938,68.66999816894531,66.94000244140625,67.05999755859375,66.19430541992188,14610800
2023-06-08,66.5,66.5199966430664,64.01000213623047,65.31999969482422,64.47676086425781,25856800
2023-06-09,65.93000030517578,66.4000015258789,64.47000122070312,65.43000030517578,64.58534240722656,14649300
2023-06-12,65.83999633789062,67.54000091552734,65.79000091552734,67.44999694824219,66.57925415039062,14731100
2023-06-13,68.55999755859375,68.87999725341797,67.5999984741211,67.87000274658203,66.99382781982422,11911900
2023-06-14,67.54000091552734,69.20999908447266,67.5199966430664,69.12000274658203,68.22771453857422,11085800
2023-06-15,68.58999633789062,69.5199966430664,68.36000061035156,68.81999969482422,67.93157958984375,11842600
2023-06-16,70.1500015258789,70.5,66.05999755859375,67.66000366210938,66.78655242919922,32259700
2023-06-20,67.31999969482422,67.62000274658203,65.7699966430664,66.9000015258789,66.036376953125,13261600
2023-06-21,66.75,67.19999694824219,65.33999633789062,65.80000305175781,64.95057678222656,10427200
2023-06-22,65.52999877929688,66.66000366210938,65.51000213623047,66.25,65.3947525024414,8639500
2023-06-23,65.44999694824219,65.95999908447266,64.83999633789062,65.27999877929688,64.43727111816406,12663600
2023-06-26,65.62999725341797,66.69999694824219,65.41000366210938,65.44999694824219,64.60508728027344,13815900
2023-06-27,65.2699966430664,66.83999633789062,63.790000915527344,66.79000091552734,65.92778778076172,18305200
2023-06-28,65.6500015258789,67.7300033569336,65.38999938964844,67.06999969482422,66.20416259765625,27100100
2023-06-29,67.83999633789062,67.94999694824219,63.54999923706055,64.33000183105469,63.49953842163086,51141900
2023-06-30,64.5,65.0999984741211,62.900001525878906,63.11000061035156,62.2952880859375,31549600
2023-07-03,63.43999862670898,64.31999969482422,63.2599983215332,63.900001525878906,63.07509994506836,12921300
2023-07-05,63.5,63.75,62.02000045776367,62.060001373291016,61.25885009765625,16553000
2023-07-06,60.9900016784668,61.790000915527344,60.5,61.22999954223633,60.43955612182617,15607300
2023-07-07,61.43000030517578,61.4900016784668,60.630001068115234,60.650001525878906,59.97970199584961,15028100
2023-07-10,60.83000183105469,62.83000183105469,60.58000183105469,62.47999954223633,61.78947067260742,16953100
2023-07-11,62.59999847412109,63.66999816894531,62.310001373291016,63.59999847412109,62.897090911865234,13454500
2023-07-12,64.47000122070312,64.69999694824219,63.130001068115234,63.790000915527344,63.08499526977539,13953600
2023-07-13,64.18000030517578,64.6500015258789,63.54999923706055,64.52999877929688,63.81680679321289,11384700
2023-07-14,64.30000305175781,65.54000091552734,63.68000030517578,64.08000183105469,63.37179565429688,13860200
2023-07-17,63.79999923706055,65.66999816894531,63.34000015258789,65.16000366210938,64.43987274169922,11333600
2023-07-18,64.37000274658203,65.12000274658203,63.75,64.94000244140625,64.2222900390625,10393100
2023-07-19,65.62999725341797,65.76000213623047,64.80000305175781,64.95999908447266,64.24207305908203,9463900
2023-07-20,64.4000015258789,65.55000305175781,64.25,64.69000244140625,63.97505569458008,12745100
2023-07-21,65.29000091552734,66.16000366210938,64.33999633789062,65.6500015258789,64.9244384765625,24540200
2023-07-24,65.36000061035156,66.63999938964844,65.22000122070312,65.4800033569336,64.7563247680664,10272700
2023-07-25,65.4000015258789,66.0,65.08000183105469,65.68000030517578,64.9541015625,8610900
2023-07-26,65.0,67.87999725341797,65.0,67.37999725341797,66.63532257080078,14920600
2023-07-27,70.4800033569336,72.33999633789062,69.95999908447266,71.06999969482422,70.2845458984375,25068300
2023-07-28,71.58000183105469,72.12999725341797,70.66000366210938,71.19999694824219,70.41309356689453,11932900
2023-07-31,71.12000274658203,71.7699966430664,70.87000274658203,71.38999938964844,70.60099029541016,11193800
2023-08-01,71.0,71.08000183105469,69.88999938964844,70.76000213623047,69.97797393798828,13141100
2023-08-02,69.75,69.8499984741211,67.33999633789062,68.16999816894531,67.41661071777344,14004400
2023-08-03,67.56999969482422,69.38999938964844,67.16000366210938,69.18000030517578,68.41543579101562,11075200
2023-08-04,69.5,70.93000030517578,69.12999725341797,69.91000366210938,69.13735961914062,11255500
2023-08-07,69.8499984741211,70.2300033569336,68.83000183105469,69.37999725341797,68.61322784423828,10537500
2023-08-08,68.69999694824219,68.76000213623047,66.95999908447266,67.6500015258789,66.90232849121094,14767800
2023-08-09,67.77999877929688,67.97000122070312,66.62000274658203,66.69999694824219,65.96282196044922,10043200
2023-08-10,67.05999755859375,67.45999908447266,64.93000030517578,65.44000244140625,64.7167739868164,12775300
2023-08-11,64.9000015258789,65.30999755859375,64.06999969482422,64.37000274658203,63.65858459472656,11823100
2023-08-14,64.37000274658203,68.4800033569336,64.19999694824219,68.27999877929688,67.5253677368164,21954000
2023-08-15,67.58999633789062,67.62999725341797,65.31999969482422,65.33000183105469,64.60797882080078,13808500
2023-08-16,65.0,65.2300033569336,64.08999633789062,64.22000122070312,63.51024627685547,9895400
2023-08-17,64.48999786376953,64.70999908447266,63.400001525878906,63.560001373291016,62.857540130615234,9933300
2023-08-18,62.310001373291016,63.86000061035156,61.75,63.59000015258789,62.88720703125,9576500
2023-08-21,63.68000030517578,64.19000244140625,62.86000061035156,63.959999084472656,63.25310897827149,11311900
2023-08-22,64.30000305175781,65.08000183105469,63.290000915527344,63.40999984741211,62.70919036865234,8876000
2023-08-23,63.56999969482422,65.62000274658203,63.16999816894531,65.19000244140625,64.46952819824219,10747400
2023-08-24,66.13999938964844,66.23999786376953,63.369998931884766,63.68999862670898,62.98609924316406,12661600
2023-08-25,63.459999084472656,64.38999938964844,62.630001068115234,63.720001220703125,63.015769958496094,9409000
2023-08-28,65.72000122070312,66.11000061035156,64.66000366210938,65.30999755859375,64.58820343017578,9904900
2023-08-29,64.9000015258789,67.02999877929688,64.87000274658203,66.68000030517578,65.94306182861328,9955000
2023-08-30,67.19000244140625,68.69999694824219,66.5199966430664,68.08999633789062,67.33746337890625,16892200
2023-08-31,67.97000122070312,70.54000091552734,67.97000122070312,69.94000244140625,69.16703796386719,18420900
2023-09-01,70.20999908447266,70.62000274658203,69.55000305175781,70.38999938964844,69.61205291748047,10772000
2023-09-05,69.91000366210938,71.16000366210938,69.52999877929688,70.29000091552734,69.5131607055664,11144300
2023-09-06,70.12999725341797,70.66000366210938,69.63999938964844,70.41000366210938,69.63184356689453,9192800
2023-09-07,69.44999694824219,70.29000091552734,69.0999984741211,69.87000274658203,69.09779357910156,12043200
2023-09-08,69.7699966430664,70.61000061035156,69.61000061035156,70.18000030517578,69.40437316894531,9805000
2023-09-11,70.83000183105469,70.86000061035156,69.30999755859375,70.02999877929688,69.25604248046875,9310400
2023-09-12,69.95999908447266,71.69000244140625,69.79000091552734,70.30999755859375,69.5329360961914,11062100
2023-09-13,71.05000305175781,71.86000061035156,70.36000061035156,70.8499984741211,70.06696319580078,14525500
2023-09-14,71.66999816894531,72.2300033569336,71.27999877929688,71.79000091552734,70.99656677246094,11170300
2023-09-15,71.29000091552734,71.62999725341797,69.63999938964844,69.87999725341797,69.10769653320312,16416100
2023-09-18,70.6500015258789,71.05000305175781,69.91000366210938,70.5,69.7208251953125,12735700
2023-09-19,70.62000274658203,71.05999755859375,69.97000122070312,70.70999908447266,69.92852020263672,10399000
2023-09-20,70.94999694824219,72.30999755859375,69.6500015258789,69.68000030517578,68.909912109375,15522100
2023-09-21,69.0,69.29000091552734,67.83000183105469,67.9000015258789,67.14957427978516,14978600
2023-09-22,68.58999633789062,69.75,67.79000091552734,68.87999725341797,68.11874389648438,15487200
2023-09-25,68.29000091552734,69.19000244140625,67.61000061035156,68.58000183105469,67.82205963134766,14900000
2023-09-26,67.97000122070312,69.05000305175781,67.58999633789062,67.94000244140625,67.18912506103516,12752500
2023-09-27,68.12000274658203,68.8499984741211,66.75,68.20999908447266,67.4561538696289,20852300
2023-09-28,65.97000122070312,67.08999633789062,63.83000183105469,65.19999694824219,64.47940826416016,46749800
2023-09-29,66.36000061035156,68.7300033569336,66.36000061035156,68.02999877929688,67.27813720703125,24315500
2023-10-02,68.23999786376953,69.27999877929688,67.05999755859375,67.95999908447266,67.20890808105469,14880500
2023-10-03,67.16999816894531,69.6500015258789,67.11000061035156,67.83000183105469,67.08033752441406,12481500
2023-10-04,68.30999755859375,68.5,67.12000274658203,68.11000061035156,67.35724639892578,12912800
2023-10-05,68.61000061035156,69.54000091552734,68.33999633789062,69.05000305175781,68.286865234375,14045000
2023-10-06,68.70999908447266,70.33000183105469,68.0,69.95999908447266,69.30220794677734,15113400
2023-10-09,69.61000061035156,69.94999694824219,68.58000183105469,69.4800033569336,68.82672882080078,8588700
2023-10-10,69.48999786376953,70.11000061035156,68.88999938964844,69.06999969482422,68.42060089111328,9007600
2023-10-11,69.72000122070312,70.2699966430664,68.93000030517578,70.20999908447266,69.54987335205078,11165300
2023-10-12,70.38999938964844,70.72000122070312,69.30000305175781,69.75,69.09420776367188,11408700
2023-10-13,69.87000274658203,70.05999755859375,69.08999633789062,69.20999908447266,68.55928039550781,10287900
2023-10-16,69.01000213623047,70.02999877929688,68.13999938964844,69.08000183105469,68.43049621582031,11294100
2023-10-17,68.06999969482422,69.62999725341797,67.62000274658203,69.0,68.35124969482422,11843000
2023-10-18,68.01000213623047,69.55000305175781,67.9800033569336,69.13999938964844,68.48994445800781,11201000
2023-10-19,69.68000030517578,69.77999877929688,67.18000030517578,67.52999877929688,66.89508056640625,18111000
2023-10-20,67.55999755859375,68.5199966430664,67.13999938964844,67.22000122070312,66.58799743652344,11506100
2023-10-23,66.81999969482422,68.16000366210938,66.2300033569336,66.87999725341797,66.25118255615234,9762000
2023-10-24,67.29000091552734,68.3499984741211,67.12999725341797,68.06999969482422,67.42999267578125,8450700
2023-10-25,68.48999786376953,69.19999694824219,65.9000015258789,66.5,65.87474822998047,11924300
2023-10-26,66.44999694824219,67.44000244140625,63.880001068115234,64.52999877929688,63.92327880859375,16697900
2023-10-27,64.91999816894531,66.2699966430664,64.87999725341797,65.6500015258789,65.03274536132812,9980300
2023-10-30,66.36000061035156,67.55000305175781,65.16999816894531,66.06999969482422,65.44879150390625,10667700
2023-10-31,66.08000183105469,67.06999969482422,65.26000213623047,66.87000274658203,66.24127960205078,8268400
2023-11-01,67.0,69.66000366210938,67.0,69.4000015258789,68.74749755859375,16777500
2023-11-02,70.31999969482422,71.02999877929688,69.75,70.44000244140625,69.7777099609375,11926000
2023-11-03,71.30000305175781,73.19000244140625,71.1500015258789,72.58000183105469,71.89759063720703,14457900
2023-11-06,72.58000183105469,72.98999786376953,72.0199966430664,72.91999816894531,72.2343978881836,10073900
2023-11-07,72.4800033569336,73.12999725341797,71.70999908447266,72.80000305175781,72.11552429199219,8248400
2023-11-08,72.62000274658203,72.77999877929688,71.72000122070312,72.27999877929688,71.60041809082031,9917600
2023-11-09,73.55000305175781,76.0999984741211,73.5,73.56999969482422,72.87826538085938,22435900
2023-11-10,74.44000244140625,75.80999755859375,73.56999969482422,75.36000061035156,74.65145111083984,12306000
2023-11-13,74.1500015258789,75.19999694824219,73.38999938964844,74.77999877929688,74.076904296875,9116000
2023-11-14,76.0,77.44999694824219,75.91000366210938,77.16999816894531,76.44444274902344,12972700
2023-11-15,77.5,77.5,76.30999755859375,77.13999938964844,76.41471099853516,9954000
2023-11-16,76.88999938964844,77.4800033569336,76.4800033569336,76.66999816894531,75.94912719726562,12989000
2023-11-17,76.5999984741211,77.94000244140625,76.47000122070312,77.55999755859375,76.83078002929688,9376900
2023-11-20,77.33999633789062,78.91000366210938,77.12999725341797,78.62000274658203,77.88080596923828,11424100
2023-11-21,77.8499984741211,77.93000030517578,76.30999755859375,76.70999908447266,75.98875427246094,12016700
2023-11-22,77.19999694824219,78.44999694824219,76.8499984741211,77.0999984741211,76.37509155273438,8579500
2023-11-24,76.68000030517578,77.01000213623047,76.37000274658203,76.87000274658203,76.14724731445312,4349600
2023-11-27,76.87000274658203,78.29000091552734,76.66000366210938,77.51000213623047,76.78123474121094,11005600
2023-11-28,75.08000183105469,76.23999786376953,73.98999786376953,76.12000274658203,75.4043197631836,19225700
2023-11-29,77.44999694824219,79.0199966430664,76.37999725341797,76.69000244140625,75.96895599365234,14062900
2023-11-30,76.81999969482422,77.0,74.97000122070312,76.12000274658203,75.4043197631836,21701600
2023-12-01,76.01000213623047,76.54000091552734,75.08999633789062,75.93000030517578,75.21609497070312,14354700
2023-12-04,75.41999816894531,75.5999984741211,73.33000183105469,74.29000091552734,73.59151458740234,11659300
2023-12-05,73.47000122070312,73.97000122070312,73.04000091552734,73.69000244140625,72.99716186523438,8800500
2023-12-06,75.30000305175781,75.4000015258789,72.93000030517578,73.12999725341797,72.44242095947266,8883900
2023-12-07,74.0199966430664,74.20999908447266,72.98999786376953,73.6500015258789,72.95752716064453,10641300
2023-12-08,73.4800033569336,75.3499984741211,73.43000030517578,74.95999908447266,74.2552261352539,12007100
2023-12-11,77.19000244140625,78.51000213623047,76.97000122070312,77.79000091552734,77.0586166381836,18547600
2023-12-12,77.41999816894531,78.26000213623047,77.0999984741211,78.16000366210938,77.42514038085938,10262100
2023-12-13,78.30000305175781,80.2699966430664,78.02999877929688,79.79000091552734,79.0398178100586,11629900
2023-12-14,80.80999755859375,82.4000015258789,80.79000091552734,82.19000244140625,81.41724395751953,17342800
2023-12-15,82.88999938964844,82.98999786376953,81.11000061035156,81.41000366210938,80.64457702636719,19547800
2023-12-18,81.58999633789062,81.86000061035156,80.80999755859375,81.55999755859375,80.79315185546875,12416600
2023-12-19,81.66999816894531,82.2699966430664,81.16999816894531,82.16999816894531,81.39743041992188,14316400
2023-12-20,81.45999908447266,81.62000274658203,78.62999725341797,78.69000244140625,77.95014190673828,29085000
2023-12-21,85.0,86.0199966430664,83.11000061035156,85.4800033569336,84.67630767822266,53969700
2023-12-22,86.1500015258789,87.48999786376953,85.62000274658203,86.48999786376953,85.67678833007812,22531800
2023-12-26,86.69999694824219,87.87000274658203,86.43000030517578,87.05999755859375,86.24144744873047,11203900
2023-12-27,87.4800033569336,87.48999786376953,86.22000122070312,86.66000366210938,85.84521484375,9186300
2023-12-28,86.75,86.75,85.83999633789062,86.0,85.19142150878906,9606200
2023-12-29,85.83999633789062,86.13999938964844,85.02999877929688,85.33999633789062,84.65082550048828,8549200
2024-01-02,84.0,84.08000183105469,81.75,82.33999633789062,81.675048828125,13597100
2024-01-03,81.19999694824219,82.58999633789062,80.58000183105469,82.26000213623047,81.59569549560547,12915600
2024-01-04,83.47000122070312,84.26000213623047,82.61000061035156,82.70999908447266,82.04206085205078,19134200
2024-01-05,81.4800033569336,83.52999877929688,81.01000213623047,83.44999694824219,82.77607727050781,15483700
2024-01-08,83.88999938964844,85.51000213623047,83.83000183105469,84.94999694824219,84.26397705078125,16219800
2024-01-09,83.12999725341797,84.19000244140625,82.9000015258789,83.33000183105469,82.65705108642578,12138700
2024-01-10,82.95999908447266,83.0199966430664,81.66000366210938,82.37999725341797,81.7147216796875,10748600
2024-01-11,82.80000305175781,83.44999694824219,81.81999969482422,83.38999938964844,82.71656799316406,10579300
2024-01-12,82.75,83.05000305175781,81.70999908447266,82.38999938964844,81.72463989257812,10187500
2024-01-16,82.54000091552734,85.22000122070312,82.33000183105469,84.61000061035156,83.92672729492188,13713500
2024-01-17,83.69000244140625,83.97000122070312,82.62999725341797,83.27999877929688,82.60745239257812,10245400
2024-01-18,85.22000122070312,85.81999969482422,84.04000091552734,84.81999969482422,84.135009765625,15077700
2024-01-19,86.05999755859375,87.79000091552734,85.62000274658203,87.51000213623047,86.80329895019531,18156800
2024-01-22,88.2699966430664,89.94999694824219,88.01000213623047,89.23999786376953,88.51931762695312,14371200
2024-01-23,89.0,89.18000030517578,86.87999725341797,87.52999877929688,86.82313537597656,16850900
2024-01-24,88.41000366210938,88.56999969482422,86.61000061035156,88.08000183105469,87.36869049072266,19752800
2024-01-25,89.1500015258789,90.04000091552734,88.5,89.19999694824219,88.4796371459961,15892400
2024-01-26,87.23999786376953,88.5,86.29000091552734,88.05000305175781,87.33892822265625,14934500
2024-01-29,88.5,89.56999969482422,88.0199966430664,89.06999969482422,88.3506851196289,12108100
2024-01-30,88.08000183105469,88.79000091552734,85.76000213623047,86.16000366210938,85.46418762207031,12980400
2024-01-31,84.95999908447266,86.91999816894531,84.79000091552734,85.75,85.05751037597656,11396700
2024-02-01,86.06999969482422,86.19000244140625,84.62000274658203,85.61000061035156,84.91864013671875,10459000
2024-02-02,85.06999969482422,86.61000061035156,84.94000244140625,86.4800033569336,85.78162384033203,10450000
2024-02-05,86.73999786376953,87.22000122070312,85.61000061035156,86.9800033569336,86.27757263183594,8409300
2024-02-06,86.83000183105469,87.19000244140625,83.72000122070312,84.5999984741211,83.91679382324219,12990300
2024-02-07,84.13999938964844,85.27999877929688,82.47000122070312,85.16999816894531,84.48218536376953,16374800
2024-02-08,85.51000213623047,86.02999877929688,84.52999877929688,84.87999725341797,84.19452667236328,12524500
2024-02-09,85.05999755859375,85.62000274658203,83.95999908447266,85.55999755859375,84.86902618408203,12161500
2024-02-12,85.52999877929688,86.91000366210938,85.38999938964844,85.69999694824219,85.00790405273438,10366000
2024-02-13,82.47000122070312,83.55000305175781,80.7699966430664,81.52999877929688,80.87158203125,21207900
2024-02-14,82.18000030517578,83.18000030517578,81.48999786376953,81.83000183105469,81.16915893554688,12870900
2024-02-15,82.23999786376953,82.70999908447266,81.51000213623047,81.62999725341797,80.97077941894531,11527600
2024-02-16,80.95999908447266,81.33999633789062,79.25,79.5,78.85798645019531,15553100
2024-02-20,79.33000183105469,80.7699966430664,79.1500015258789,80.70999908447266,80.05821228027344,12627200
2024-02-21,80.79000091552734,81.5,79.94000244140625,81.48999786376953,80.83190155029297,9913300
2024-02-22,85.0,86.30999755859375,83.87999725341797,85.91000366210938,85.2162094116211,17510900
2024-02-23,86.55000305175781,86.81999969482422,85.05000305175781,86.0,85.30549621582031,10232800
2024-02-26,89.68000030517578,92.3499984741211,88.9000015258789,89.45999908447266,88.73754119873047,28920100
2024-02-27,91.88999938964844,92.75,90.48999786376952,91.8499984741211,91.10824584960938,21422700
2024-02-28,90.45999908447266,90.79000091552734,89.30000305175781,89.70999908447266,88.98551940917969,14190700
2024-02-29,90.6500015258789,90.83000183105467,88.81999969482422,90.61000061035156,89.87826538085938,17027000
2024-03-01,91.91999816894533,96.05999755859376,91.91999816894533,95.1500015258789,94.381591796875,23446200
2024-03-04,96.93000030517578,97.37999725341795,94.62000274658205,95.7699966430664,94.99658203125,20913200
2024-03-05,94.25,95.37000274658205,93.27999877929688,94.47000122070312,93.70709228515624,12887500
2024-03-06,95.0500030517578,96.43000030517578,94.55999755859376,95.55999755859376,94.7882843017578,14232400
2024-03-07,98.93000030517578,99.69000244140624,97.47000122070312,98.9800033569336,98.18067169189452,24843300
2024-03-08,99.87999725341795,101.8499984741211,97.31999969482422,97.62000274658205,96.83164978027344,22379000
2024-03-11,95.9000015258789,96.45999908447266,93.52999877929688,94.51000213623048,93.74676513671876,15673300
2024-03-12,95.33000183105467,97.5,93.63999938964844,97.41999816894533,96.63326263427734,14993700
2024-03-13,95.31999969482422,95.33999633789062,93.0999984741211,94.16000366210938,93.39959716796876,16732600
2024-03-14,93.3000030517578,93.4499969482422,90.3000030517578,91.43000030517578,90.69165802001952,16718900
2024-03-15,92.4800033569336,94.6999969482422,92.0199966430664,93.25,92.4969482421875,29579500
2024-03-18,96.81999969482422,97.08000183105467,93.69000244140624,93.77999877929688,93.0226593017578,23140300
2024-03-19,92.58000183105467,94.16000366210938,91.0,94.0,93.24088287353516,21054700
2024-03-20,94.98999786376952,96.68000030517578,93.58999633789062,96.25,95.47270965576172,39807400
2024-03-21,113.37000274658205,113.5,108.77999877929688,109.8499984741211,108.962890625,89554100
2024-03-22,109.30999755859376,111.33999633789062,107.0500030517578,110.20999908447266,109.31998443603516,37281400
2024-03-25,110.23999786376952,121.41000366210938,110.16000366210938,117.12999725341795,116.18408966064452,55766100
2024-03-26,119.0,122.45999908447266,118.16999816894533,118.8000030517578,117.84060668945312,44295100
2024-03-27,119.3000030517578,120.11000061035156,117.08000183105467,119.25,118.28697204589844,29320700
2024-03-28,119.44000244140624,119.62999725341795,117.3499984741211,117.88999938964844,117.05083465576172,21047800
2024-04-01,119.1999969482422,127.37999725341795,119.0,124.3000030517578,123.41520690917967,44309400
2024-04-02,122.70999908447266,123.68000030517578,120.91999816894533,122.75,121.8762435913086,25026400
2024-04-03,122.1999969482422,128.27999877929688,121.33000183105467,128.00999450683594,127.09880065917967,40130100
2024-04-04,130.17999267578125,130.5399932861328,123.6500015258789,124.08999633789062,123.20669555664062,36009900
2024-04-05,124.4000015258789,125.69000244140624,121.1999969482422,123.58000183105467,122.70033264160156,23326500
2024-04-08,129.05999755859375,129.6999969482422,122.61000061035156,122.9499969482422,122.07479858398438,27955800
2024-04-09,124.88999938964844,126.13999938964844,121.2699966430664,122.62999725341795,121.75708770751952,19212900
2024-04-10,120.0,124.4800033569336,119.93000030517578,122.1999969482422,121.33015441894533,22242300
2024-04-11,122.9000015258789,127.55999755859376,122.08000183105467,127.51000213623048,126.60236358642578,21745300
2024-04-12,125.25,125.98999786376952,121.83000183105467,122.5199966430664,121.64786529541016,24808200
2024-04-15,123.62999725341795,124.77999877929688,120.61000061035156,121.37000274658205,120.5060577392578,17732600
2024-04-16,119.52999877929688,122.5500030517578,118.36000061035156,121.7699966430664,120.90321350097656,17452400
2024-04-17,122.0199966430664,124.41999816894533,116.1999969482422,116.33000183105467,115.50193786621094,25546500
2024-04-18,116.0,117.62000274658205,111.4800033569336,111.93000030517578,111.13326263427734,32146900
2024-04-19,109.66000366210938,110.87999725341795,105.72000122070312,106.7699966430664,106.0099868774414,33787500
2024-04-22,107.5999984741211,110.2300033569336,106.62999725341795,109.12000274658205,108.34324645996094,19820900
2024-04-23,109.70999908447266,112.88999938964844,108.91000366210938,112.45999908447266,111.65948486328124,17887500
2024-04-24,112.72000122070312,113.9499969482422,109.2300033569336,111.77999877929688,110.98431396484376,20505900
2024-04-25,109.37000274658205,113.05999755859376,108.06999969482422,111.58000183105467,110.7857437133789,18342800
2024-04-26,112.0,115.05999755859376,111.5999984741211,114.83999633789062,114.02253723144533,20630700
2024-04-29,113.80999755859376,114.75,112.11000061035156,114.36000061035156,113.54595947265624,14419100
2024-04-30,114.18000030517578,116.27999877929688,112.93000030517578,112.95999908447266,112.15592956542967,14845600
2024-05-01,110.5199966430664,113.7300033569336,108.75,109.6999969482422,108.91913604736328,16686200
2024-05-02,111.73999786376952,112.41000366210938,109.43000030517578,112.33000183105467,111.53041076660156,15439200
2024-05-03,115.02999877929688,115.4800033569336,113.4499969482422,114.6999969482422,113.88352966308594,15564400
2024-05-06,119.77999877929688,121.37000274658205,118.0199966430664,120.12999725341795,119.2748794555664,22538700
2024-05-07,120.1500015258789,121.41000366210938,119.18000030517578,119.20999908447266,118.36143493652344,12508300
2024-05-08,118.3000030517578,120.47000122070312,118.22000122070312,119.31999969482422,118.4706573486328,10867900
2024-05-09,119.31999969482422,119.62999725341795,117.44000244140624,117.80999755859376,116.97139739990234,11524800
2024-05-10,120.04000091552734,121.8499984741211,119.18000030517578,121.23999786376952,120.37698364257812,13922400
2024-05-13,122.93000030517578,124.11000061035156,121.6500015258789,123.0,122.12445831298828,16643200
2024-05-14,122.98999786376952,125.04000091552734,121.66999816894533,124.80999755859376,123.92156219482422,13887700
2024-05-15,126.2300033569336,127.9499969482422,125.44000244140624,127.80999755859376,126.90022277832033,14265100
2024-05-16,127.93000030517578,130.1300048828125,127.0500030517578,127.88999938964844,126.9796371459961,15874700
2024-05-17,128.36000061035156,129.02999877929688,124.86000061035156,125.29000091552734,124.39815521240234,13774700
2024-05-20,127.12999725341795,131.02000427246094,126.63999938964844,129.0,128.08175659179688,19123200
2024-05-21,124.1999969482422,128.82000732421875,123.27999877929688,127.5,126.59242248535156,15717800
2024-05-22,127.79000091552734,127.87000274658205,125.23999786376952,126.27999877929688,125.381103515625,11190100
2024-05-23,131.77000427246094,131.9499969482422,124.66000366210938,126.2699966430664,125.37117767333984,20747400
2024-05-24,127.81999969482422,130.39999389648438,126.5999984741211,129.49000549316406,128.56826782226562,14048900
2024-05-28,131.75999450683594,133.3000030517578,129.27000427246094,132.6699981689453,131.72561645507812,14143000
2024-05-29,130.0,133.10000610351562,129.89999389648438,131.5800018310547,130.6433868408203,11242500
2024-05-30,130.3000030517578,131.6699981689453,125.6999969482422,126.29000091552734,125.39103698730467,12639700
2024-05-31,126.3499984741211,127.31999969482422,121.01000213623048,125.0,124.11021423339844,24153800
2024-06-03,128.1300048828125,128.83999633789062,125.1500015258789,128.1699981689453,127.25765991210938,16134300
2024-06-04,127.3499984741211,127.86000061035156,125.41999816894533,126.63999938964844,125.73855590820312,12995500
2024-06-05,128.8000030517578,133.8699951171875,127.6500015258789,133.7100067138672,132.7582244873047,22301800
2024-06-06,133.83999633789062,134.1300048828125,129.17999267578125,130.07000732421875,129.14414978027344,15505000
2024-06-07,130.2100067138672,132.5399932861328,129.6199951171875,130.94000244140625,130.0079345703125,12139500
2024-06-10,129.7100067138672,135.6699981689453,129.7100067138672,134.82000732421875,133.86033630371094,14652100
2024-06-11,135.32000732421875,135.85000610351562,131.77999877929688,135.07000732421875,134.10855102539062,14125000
2024-06-12,138.50999450683594,141.7100067138672,136.8300018310547,140.75,139.74810791015625,16973600
2024-06-13,142.7899932861328,144.22000122070312,140.25999450683594,143.13999938964844,142.12109375,16312900
2024-06-14,141.8000030517578,142.49000549316406,139.64999389648438,141.36000061035156,140.353759765625,14028500
2024-06-17,145.5800018310547,148.75,142.13999938964844,147.8300018310547,146.7777099609375,23909000
2024-06-18,151.74000549316406,157.5399932861328,151.50999450683594,153.4499969482422,152.35769653320312,42192600
2024-06-20,157.00999450683594,157.41000366210938,142.91000366210938,144.19000244140625,143.1636505126953,41285000
2024-06-21,137.64999389648438,142.60000610351562,135.6999969482422,139.5399932861328,138.54673767089844,49893500
2024-06-24,142.44000244140625,142.8300018310547,137.88999938964844,139.00999450683594,138.02049255371094,32410100
2024-06-25,140.07000732421875,141.1300048828125,137.75,141.1199951171875,140.11546325683594,31160600
2024-06-26,143.0399932861328,144.07000732421875,139.5399932861328,142.36000061035156,141.34664916992188,55490300
2024-06-27,135.7899932861328,137.38999938964844,131.0800018310547,132.22999572753906,131.2887420654297,68172700
2024-06-28,132.82000732421875,135.4199981689453,130.75,131.52999877929688,130.59375,38140600
2024-07-01,130.5,132.0800018310547,127.2699966430664,131.52000427246094,130.58383178710938,24749000
2024-07-02,129.91000366210938,132.7100067138672,129.4199981689453,132.58999633789062,131.6461944580078,20776000
2024-07-03,132.66000366210938,136.82000732421875,132.42999267578125,136.82000732421875,135.84608459472656,14507100
2024-07-05,136.82000732421875,137.1300048828125,130.91000366210938,131.60000610351562,130.6632537841797,30104600
2024-07-08,131.2899932861328,133.27000427246094,130.08999633789062,130.69000244140625,129.87319946289062,20500700
2024-07-09,131.75,135.2100067138672,130.8800048828125,131.13999938964844,130.3203887939453,21850900
2024-07-10,133.10000610351562,136.5,132.6999969482422,136.38999938964844,135.53759765625,22460200
2024-07-11,136.36000061035156,136.42999267578125,130.07000732421875,130.22999572753906,129.4160614013672,25401500
2024-07-12,131.75,134.42999267578125,130.72000122070312,133.5500030517578,132.71534729003906,20726900
2024-07-15,133.91000366210938,135.35000610351562,130.02999877929688,130.8699951171875,130.05209350585938,20416000
2024-07-16,130.4199981689453,130.97000122070312,127.23999786376952,127.48999786376952,126.69319915771484,21312600
2024-07-17,122.58000183105467,123.02999877929688,119.2300033569336,119.5,118.7531509399414,31414100
2024-07-18,120.5,121.63999938964844,114.08999633789062,117.4499969482422,116.7159423828125,30404900
2024-07-19,116.69000244140624,117.20999908447266,113.8499984741211,114.26000213623048,113.5458984375,18038900
2024-07-22,115.36000061035156,115.58000183105467,113.63999938964844,115.27999877929688,114.55951690673828,23837800
2024-07-23,115.12999725341795,116.33999633789062,113.83000183105467,114.25,113.53595733642578,14707700
2024-07-24,111.47000122070312,114.04000091552734,110.0,110.27999877929688,109.5907745361328,25261000
2024-07-25,106.8000030517578,110.6999969482422,105.04000091552734,107.4499969482422,106.77845764160156,29068400
2024-07-26,110.0,110.62999725341795,107.77999877929688,109.41000366210938,108.72621154785156,18547900
2024-07-29,110.54000091552734,111.02999877929688,107.13999938964844,107.8499984741211,107.17596435546876,13517700
2024-07-30,109.0,109.25,102.16999816894533,102.55999755859376,101.91901397705078,23915100
2024-07-31,109.8499984741211,111.33999633789062,107.75,109.81999969482422,109.1336441040039,26503600
2024-08-01,107.18000030517578,107.86000061035156,99.9499969482422,101.51000213623048,100.87557983398438,31643700
2024-08-02,97.16000366210938,97.69000244140624,91.06999969482422,92.6999969482422,92.1206283569336,36039400
2024-08-05,87.62999725341797,92.25,84.91000366210938,90.41999816894533,89.8548812866211,36977600
2024-08-06,89.19999694824219,90.86000061035156,87.1500015258789,89.0,88.44376373291016,26460000
2024-08-07,93.37999725341795,93.58000183105467,86.58000183105469,86.80000305175781,86.25751495361328,29483800
2024-08-08,88.4800033569336,92.8499984741211,88.02999877929688,92.06999969482422,91.4945831298828,24760700
2024-08-09,91.79000091552734,94.52999877929688,91.4499969482422,93.08000183105467,92.49827575683594,21627200
2024-08-12,93.0999984741211,96.52999877929688,92.62999725341795,94.63999938964844,94.04850769042967,18886600
2024-08-13,96.62000274658205,97.77999877929688,94.91000366210938,97.44000244140624,96.83101654052734,23565500
2024-08-14,101.0,101.9499969482422,98.06999969482422,100.41000366210938,99.78245544433594,22459000
2024-08-15,103.51000213623048,108.0500030517578,102.75,106.9499969482422,106.28158569335938,29128000
2024-08-16,106.83000183105467,109.47000122070312,105.3499984741211,107.98999786376952,107.31507873535156,18383300
2024-08-19,107.25,108.72000122070312,104.76000213623048,108.62999725341795,107.95108032226562,15744600
2024-08-20,108.33000183105467,109.19000244140624,106.16000366210938,107.98999786376952,107.31507873535156,16075500
2024-08-21,108.16000366210938,108.4000015258789,106.20999908447266,108.33000183105467,107.65294647216795,13658900
2024-08-22,108.9499969482422,111.0,103.95999908447266,104.26000213623048,103.60839080810548,17967000
2024-08-23,103.04000091552734,104.41000366210938,100.30999755859376,102.8499984741211,102.20719909667967,25465100
2024-08-26,100.66999816894533,102.19000244140624,97.61000061035156,98.91000366210938,98.29183959960938,26752300
2024-08-27,97.08999633789062,98.48999786376952,96.66999816894533,97.86000061035156,97.2483901977539,17234600
2024-08-28,97.36000061035156,97.68000030517578,92.6999969482422,94.86000061035156,94.2671356201172,25564300
2024-08-29,96.55999755859376,97.9800033569336,94.98999786376952,95.56999969482422,94.97270965576172,18984300
2024-08-30,96.91999816894533,98.41000366210938,94.98999786376952,96.23999786376952,95.63851165771484,18819400
2024-09-03,93.62999725341795,93.87999725341795,88.30999755859375,88.58000183105469,88.02639770507812,28897200
2024-09-04,88.36000061035156,90.7300033569336,87.80999755859375,89.29000091552734,88.73194122314453,16356500
2024-09-05,88.0999984741211,90.6999969482422,87.76000213623047,89.38999938964844,88.83132934570312,13890700
2024-09-06,89.37000274658203,89.6500015258789,85.26000213623047,86.37999725341797,85.84013366699219,23587100
2024-09-09,87.8499984741211,87.95999908447266,85.01000213623047,86.2699966430664,85.73082733154297,20526400
2024-09-10,86.97000122070312,87.19000244140625,84.87000274658203,86.8499984741211,86.30719757080078,17019000
2024-09-11,88.19999694824219,90.83000183105467,86.08000183105469,90.6500015258789,90.08346557617188,20879600
2024-09-12,87.0999984741211,88.02999877929688,84.12000274658203,87.20999908447266,86.66495513916016,30900000
2024-09-13,88.08999633789062,91.47000122070312,87.87000274658203,91.22000122070312,90.64989471435548,21267200
2024-09-16,87.23999786376953,88.23999786376953,85.91999816894531,87.18000030517578,86.63513946533203,26494300
2024-09-17,88.05999755859375,89.56999969482422,87.54000091552734,88.7300033569336,88.17545318603516,17744800
2024-09-18,87.98999786376953,89.19999694824219,86.70999908447266,87.3499984741211,86.80406951904297,20130600
2024-09-19,89.3499984741211,90.38999938964844,87.58000183105469,89.25,88.69219970703125,25208900
2024-09-20,88.4000015258789,90.97000122070312,88.33000183105469,90.9000015258789,90.33189392089844,28711000
2024-09-23,92.68000030517578,94.8000030517578,92.58000183105467,93.56999969482422,92.9852066040039,23394100
2024-09-24,94.7300033569336,95.0,92.76000213623048,94.0,93.41252136230467,23043200
2024-09-25,94.16000366210938,96.18000030517578,93.93000030517578,95.7699966430664,95.17145538330078,54762900
2024-09-26,113.0999984741211,114.8000030517578,107.52999877929688,109.87999725341795,109.19327545166016,107965900
2024-09-27,110.5,110.97000122070312,107.02999877929688,107.5,106.82814025878906,42960200
2024-09-30,106.08000183105467,106.75,102.26000213623048,103.70999908447266,103.06182861328124,39544700
2024-10-01,103.4000015258789,104.1999969482422,98.94000244140624,100.30999755859376,99.68306732177734,34309800
2024-10-02,100.58999633789062,102.12000274658205,99.33000183105467,99.8499984741211,99.22595977783205,26334900
2024-10-03,99.47000122070312,102.52999877929688,99.4000015258789,101.81999969482422,101.18364715576172,22176700
2024-10-04,103.6500015258789,104.23999786376952,101.4000015258789,102.25,101.61094665527344,21911200
2024-10-07,102.16000366210938,104.58999633789062,100.80999755859376,102.91000366210938,102.38198852539062,21749300
2024-10-08,102.18000030517578,102.94000244140624,101.26000213623048,102.54000091552734,102.01388549804688,18858300
2024-10-09,102.25,102.29000091552734,100.31999969482422,101.6999969482422,101.17819213867188,18442700
2024-10-10,101.37000274658205,106.58000183105467,100.8499984741211,105.69000244140624,105.147705078125,27605600
2024-10-11,105.04000091552734,107.6500015258789,104.98999786376952,106.91999816894533,106.37139892578124,19133900
2024-10-14,107.80999755859376,108.70999908447266,106.8000030517578,108.33999633789062,107.78411102294922,15021900
2024-10-15,107.86000061035156,109.48999786376952,102.70999908447266,104.31999969482422,103.78474426269533,23419100
2024-10-16,106.0199966430664,109.62999725341795,105.61000061035156,109.23999786376952,108.67949676513672,20450900
2024-10-17,111.33999633789062,114.13999938964844,111.01000213623048,112.0500030517578,111.47508239746094,26584800
2024-10-18,111.75,112.9000015258789,109.86000061035156,111.1500015258789,110.57970428466795,16700400
2024-10-21,111.0999984741211,111.13999938964844,107.69000244140624,109.08000183105467,108.52031707763672,14829400
2024-10-22,108.23999786376952,108.5199966430664,106.37000274658205,107.81999969482422,107.26678466796876,13758100
2024-10-23,106.55999755859376,107.0999984741211,103.54000091552734,105.0500030517578,104.51099395751952,15174700
2024-10-24,106.77999877929688,107.52999877929688,105.5500030517578,106.8499984741211,106.3017578125,13206300
2024-10-25,108.33999633789062,109.87999725341795,107.72000122070312,107.91000366210938,107.3563232421875,12265000
2024-10-28,106.77999877929688,108.18000030517578,106.31999969482422,106.38999938964844,105.8441162109375,12381000
2024-10-29,106.58999633789062,108.75,105.5999984741211,108.18000030517578,107.62493896484376,15164600
2024-10-30,106.26000213623048,106.8000030517578,103.63999938964844,104.08000183105467,103.54598236083984,14321800
2024-10-31,102.1999969482422,102.48999786376952,99.06999969482422,99.6500015258789,99.1386947631836,19830300
2024-11-01,100.0,100.61000061035156,99.37000274658205,99.7300033569336,99.21829223632812,13623400
2024-11-04,101.5,103.79000091552734,101.0,101.7300033569336,101.20803833007812,15765800
2024-11-05,102.0,105.62000274658205,101.79000091552734,105.48999786376952,104.94873809814452,12071900
2024-11-06,108.37999725341795,112.31999969482422,107.0,111.83000183105467,111.25621032714844,20304500
2024-11-07,112.55999755859376,113.86000061035156,111.37000274658205,113.41000366210938,112.8281021118164,13569800
2024-11-08,112.13999938964844,114.3000030517578,110.56999969482422,111.9000015258789,111.32583618164062,13045700
2024-11-11,110.9499969482422,111.51000213623048,106.7699966430664,108.6500015258789,108.09252166748048,14479700
2024-11-12,105.0,105.08999633789062,102.06999969482422,104.0999984741211,103.56585693359376,21859700
2024-11-13,102.8000030517578,103.33999633789062,99.81999969482422,99.91999816894533,99.40731048583984,18416200
2024-11-14,101.29000091552734,102.29000091552734,98.55999755859376,99.18000030517578,98.67111206054688,18459700
2024-11-15,97.5500030517578,98.1999969482422,95.63999938964844,96.33999633789062,95.84567260742188,18518300
2024-11-18,96.5500030517578,98.06999969482422,95.52999877929688,97.51000213623048,97.00967407226562,14236400
2024-11-19,97.0,98.18000030517578,96.51000213623048,97.7300033569336,97.22855377197266,14160300
2024-11-20,97.9800033569336,98.52999877929688,96.52999877929688,98.37000274658205,97.86526489257812,10490600
2024-11-21,100.0999984741211,103.29000091552734,98.05999755859376,102.76000213623048,102.23274230957033,18915200
2024-11-22,102.36000061035156,103.70999908447266,101.6500015258789,102.63999938964844,102.11336517333984,12063700
2024-11-25,103.8499984741211,106.4000015258789,103.80999755859376,104.4800033569336,103.94392395019533,22837900
2024-11-26,104.0,104.72000122070312,100.30999755859376,101.8000030517578,101.27767944335938,19275700
2024-11-27,100.94000244140624,101.04000091552734,96.63999938964844,98.1999969482422,97.6961441040039,17046400
2024-11-29,97.23999786376952,98.1999969482422,96.0999984741211,97.9499969482422,97.44742584228516,13729400
2024-12-02,97.5999984741211,100.08999633789062,97.52999877929688,98.5500030517578,98.04434204101562,16525600
2024-12-03,101.12000274658205,103.68000030517578,99.62999725341795,99.83999633789062,99.32772827148438,23479700
2024-12-04,100.7699966430664,103.41000366210938,99.8000030517578,103.1999969482422,102.67048645019533,16306200
2024-12-05,103.87999725341795,104.25,100.61000061035156,100.87000274658205,100.35244750976562,13448900
2024-12-06,100.87999725341795,102.19000244140624,100.02999877929688,101.16999816894533,100.6509017944336,12381000
2024-12-09,100.6500015258789,104.5,100.37000274658205,102.81999969482422,102.29244232177734,14141900
2024-12-10,104.95999908447266,105.0,97.2699966430664,98.0999984741211,97.59664916992188,23548500
2024-12-11,99.5,102.66000366210938,98.3000030517578,102.05999755859376,101.5363311767578,15248400
2024-12-12,101.4000015258789,101.9800033569336,97.76000213623048,98.23999786376952,97.73593139648438,19334900
2024-12-13,100.7699966430664,103.1999969482422,99.66999816894533,102.5,101.9740753173828,23926000
2024-12-16,105.61000061035156,111.12999725341795,104.54000091552734,108.26000213623048,107.70453643798828,42741200
2024-12-17,109.75,110.48999786376952,107.68000030517578,108.5999984741211,108.04278564453124,35811500
2024-12-18,110.25,112.04000091552734,102.7300033569336,103.9000015258789,103.3668975830078,63024300
2024-12-19,90.08000183105467,91.0,84.61000061035156,87.08999633789062,86.64314270019531,91396800
2024-12-20,85.41000366210938,90.25,83.54000091552734,90.12000274658205,89.65760803222656,49578400
2024-12-23,90.0,91.0999984741211,88.4000015258789,89.72000122070312,89.25965118408203,26041500
2024-12-24,89.58000183105469,89.69999694824219,88.2300033569336,89.27999877929688,88.82191467285156,13021300
2024-12-26,88.5,90.62999725341795,88.0999984741211,89.81999969482422,89.3591537475586,14468200
2024-12-27,89.0,89.48999786376953,87.58000183105469,88.62999725341797,88.17523956298828,19422600
2024-12-30,86.98999786376953,87.05000305175781,84.58000183105469,85.30999755859375,84.98255157470703,22022900
2024-12-31,85.44000244140625,86.4000015258789,84.08999633789062,84.16000366210938,83.83696746826172,18691500
2025-01-02,84.9800033569336,87.6500015258789,84.73999786376953,87.33000183105469,86.99479675292969,18860000
2025-01-03,87.94999694824219,90.1999969482422,87.51000213623047,89.87000274658203,89.5250473022461,17484600
2025-01-06,95.56999969482422,101.5199966430664,95.4800033569336,99.26000213623048,98.8790054321289,42903300
2025-01-07,103.41000366210938,106.73999786376952,101.16000366210938,101.91000366210938,101.51883697509766,53570000
2025-01-08,102.81999969482422,103.4800033569336,98.3000030517578,99.41000366210938,99.02843475341795,33516900
2025-01-10,98.12000274658205,100.77999877929688,96.87000274658205,99.33999633789062,98.95870208740234,20512600
2025-01-13,95.83999633789062,96.0,92.87999725341795,95.05999755859376,94.69512176513672,22699100
2025-01-14,97.0500030517578,97.41000366210938,95.37999725341795,97.36000061035156,96.9863052368164,18613400
2025-01-15,99.44000244140624,103.93000030517578,99.3499984741211,103.19000244140624,102.7939224243164,27568100
2025-01-16,104.31999969482422,104.8000030517578,101.87000274658205,102.5999984741211,102.20618438720705,16243800
2025-01-17,104.63999938964844,105.87999725341795,102.5,105.75,105.34408569335938,18908900
2025-01-21,105.43000030517578,110.23999786376952,105.2300033569336,109.37999725341795,108.9601593017578,23533600
2025-01-22,109.16999816894533,110.66999816894533,107.76000213623048,109.2300033569336,108.8107452392578,20004300
2025-01-23,104.79000091552734,106.18000030517578,103.3499984741211,104.83999633789062,104.43757629394533,22677600
2025-01-24,105.5,105.72000122070312,102.72000122070312,103.19000244140624,102.7939224243164,19743800
2025-01-27,94.86000061035156,96.0999984741211,88.36000061035156,91.11000061035156,90.76028442382812,50696200
2025-01-28,92.61000061035156,93.4499969482422,88.04000091552734,88.25,87.9112548828125,34793600
2025-01-29,89.87999725341797,90.4499969482422,87.76000213623047,89.01000213623047,88.6683578491211,25342800
2025-01-30,90.66000366210938,93.16000366210938,90.3000030517578,92.5,92.14494323730467,22497100
2025-01-31,91.6500015258789,94.2699966430664,91.13999938964844,91.23999786376952,90.88978576660156,20492100
2025-02-03,88.6500015258789,91.4000015258789,88.0199966430664,89.91999816894531,89.5748519897461,18607900
2025-02-04,89.05000305175781,91.4499969482422,88.80000305175781,90.66000366210938,90.31201171875,12827500
2025-02-05,90.38999938964844,93.6500015258789,90.22000122070312,93.5999984741211,93.24072265625,15660000
2025-02-06,94.87999725341795,96.61000061035156,93.58000183105467,94.54000091552734,94.17710876464844,16141100
2025-02-07,95.58999633789062,95.93000030517578,91.58999633789062,92.3000030517578,91.94571685791016,15602800
2025-02-10,93.19000244140624,96.26000213623048,93.16999816894533,95.93000030517578,95.5617904663086,16217900
2025-02-11,94.25,95.83999633789062,93.55999755859376,94.08000183105467,93.7188949584961,12124000
2025-02-12,89.5999984741211,92.63999938964844,87.3499984741211,91.68000030517578,91.32809448242188,22874700
2025-02-13,92.05999755859376,96.06999969482422,92.0199966430664,95.66000366210938,95.2928237915039,16579900
2025-02-14,98.41000366210938,100.6999969482422,98.0,99.5199966430664,99.13799285888672,21284500
2025-02-18,102.63999938964844,107.87999725341795,102.0500030517578,106.79000091552734,106.38008880615234,29641900
2025-02-19,105.76000213623048,107.19000244140624,103.62000274658205,104.36000061035156,103.95943450927734,17875900
2025-02-20,103.9800033569336,104.8499984741211,102.33999633789062,103.18000030517578,102.7839584350586,14488000
2025-02-21,103.63999938964844,103.66000366210938,97.75,98.83999633789062,98.46061706542967,18650800
2025-02-24,100.22000122070312,100.6999969482422,95.27999877929688,95.41000366210938,95.04378509521484,14883700
2025-02-25,95.5,95.93000030517578,92.76000213623048,93.22000122070312,92.86219024658205,18608200
2025-02-26,96.0,99.72000122070312,95.5,97.70999908447266,97.33495330810548,21335200
2025-02-27,97.83999633789062,99.88999938964844,91.48999786376952,91.81999969482422,91.46755981445312,22386300
2025-02-28,91.0,94.45999908447266,89.87000274658203,93.62999725341795,93.2706069946289,23359100
2025-03-03,95.80999755859376,96.1999969482422,89.38999938964844,90.54000091552734,90.19247436523438,20281800
2025-03-04,90.1999969482422,93.58999633789062,86.80000305175781,91.1999969482422,90.8499526977539,23611500
2025-03-05,92.1500015258789,95.0500030517578,90.43000030517578,94.33999633789062,93.9778823852539,14010300
2025-03-06,90.93000030517578,93.29000091552734,89.02999877929688,89.2699966430664,88.9273452758789,18708100
2025-03-07,90.29000091552734,93.33999633789062,89.48999786376953,92.95999908447266,92.60318756103516,19133900
2025-03-10,89.58999633789062,91.37000274658205,85.76000213623047,87.08000183105469,86.74575805664062,21897900
2025-03-11,87.9000015258789,91.0999984741211,86.06999969482422,89.05000305175781,88.70820617675781,21962100
2025-03-12,92.47000122070312,96.98999786376952,92.23999786376952,95.63999938964844,95.27289581298828,23584700
2025-03-13,94.25,98.12000274658205,94.0,94.87999725341795,94.51581573486328,18824700
2025-03-14,98.75,102.77999877929688,98.75,100.79000091552734,100.40313720703124,24623600
2025-03-17,101.05999755859376,104.4499969482422,100.95999908447266,103.11000061035156,102.71422576904295,17095100
2025-03-18,101.9000015258789,103.30999755859376,100.29000091552734,101.72000122070312,101.32955932617188,18434100
2025-03-19,100.81999969482422,103.5999984741211,100.48999786376952,102.05999755859376,101.66825103759766,16633100
2025-03-20,101.58000183105467,104.69000244140624,101.3499984741211,103.0,102.60462951660156,29204400
2025-03-21,98.1999969482422,98.5,93.6999969482422,94.72000122070312,94.35643768310548,63239600
2025-03-24,96.0999984741211,98.41999816894533,95.33000183105467,96.94000244140624,96.56790161132812,35406600
2025-03-25,96.18000030517578,96.37999725341795,93.25,94.18000030517578,93.8185043334961,22191700
2025-03-26,96.0,96.63999938964844,90.97000122070312,92.12999725341795,91.77637481689452,27107200
2025-03-27,91.08999633789062,92.20999908447266,89.61000061035156,91.16000366210938,90.8101043701172,15658700
2025-03-28,90.47000122070312,90.88999938964844,87.5999984741211,88.44000244140625,88.10053253173828,17118000
2025-03-31,86.0,87.08999633789062,84.0999984741211,86.88999938964844,86.66918182373047,21089500
2025-04-01,88.52999877929688,88.88999938964844,86.25,88.70999908447266,88.48455810546875,15337100
2025-04-02,87.12999725341797,89.93000030517578,86.69999694824219,88.5999984741211,88.37483978271484,14520400
2025-04-03,82.91999816894531,83.3499984741211,74.20999908447266,74.33999633789062,74.15107727050781,44839500
2025-04-04,70.6500015258789,71.33999633789062,63.86000061035156,64.72000122070312,64.55552673339844,50737700
2025-04-07,63.93999862670898,72.45999908447266,61.540000915527344,68.37000274658203,68.19625854492188,50181800
2025-04-08,71.5999984741211,72.97000122070312,63.52000045776367,65.54000091552734,65.37344360351562,40822100
2025-04-09,66.19999694824219,78.55999755859375,63.70000076293945,77.87000274658203,77.67211151123047,63132600
2025-04-10,72.5,73.05000305175781,67.5,70.05000305175781,69.87198638916016,44882300
2025-04-11,69.04000091552734,70.16999816894531,66.83000183105469,69.55000305175781,69.37324523925781,30807800
2025-04-14,74.66999816894531,74.77999877929688,69.97000122070312,71.0199966430664,70.8395004272461,32634700
2025-04-15,71.12000274658203,72.80000305175781,70.55000305175781,71.04000091552734,70.85945892333984,19132700
2025-04-16,67.93000030517578,70.44999694824219,67.16999816894531,69.33000183105469,69.15380859375,28475000
2025-04-17,70.44000244140625,70.4800033569336,67.0,68.80000305175781,68.62516021728516,20694100
2025-04-21,67.76000213623047,68.0,65.6500015258789,66.73999786376953,66.57038879394531,19826100
2025-04-22,67.54000091552734,70.4000015258789,67.44000244140625,70.20999908447266,70.03157043457031,20351200
2025-04-23,73.69000244140625,75.4000015258789,72.5,72.93000030517578,72.74465942382812,26385500
2025-04-24,74.56999969482422,77.58999633789062,73.5999984741211,77.41999816894531,77.22325134277344,23875600
2025-04-25,77.55000305175781,80.30000305175781,76.9000015258789,79.77999877929688,79.57723999023438,19746200
2025-04-28,78.7699966430664,79.61000061035156,76.91999816894531,78.55999755859375,78.3603515625,16882400
2025-04-29,77.94000244140625,78.19000244140625,76.47000122070312,76.87999725341797,76.68462371826172,17098000
2025-04-30,73.62000274658203,77.1500015258789,73.5,76.94999694824219,76.75444030761719,19779300
2025-05-01,79.4000015258789,79.88999938964844,77.63999938964844,77.7699966430664,77.5723648071289,15349200
2025-05-02,79.58000183105469,81.66999816894531,79.0999984741211,80.72000122070312,80.5148696899414,18899700
2025-05-05,79.41000366210938,81.1500015258789,79.05000305175781,80.41999816894531,80.21562194824219,12513600
2025-05-06,79.04000091552734,81.22000122070312,78.54000091552734,80.51000213623047,80.30540466308594,13173800
2025-05-07,80.98999786376953,82.87000274658203,80.19999694824219,82.62000274658203,82.4100341796875,14889700
2025-05-08,84.25,86.20999908447266,83.36000061035156,85.1500015258789,84.93360137939453,17580500
2025-05-09,85.56999969482422,86.2699966430664,84.68000030517578,85.86000061035156,85.64179992675781,13017600
2025-05-12,92.80999755859376,94.1999969482422,91.9499969482422,92.29000091552734,92.0554656982422,27765300
2025-05-13,92.5500030517578,97.41000366210938,92.5500030517578,96.93000030517578,96.68367004394533,28009100
2025-05-14,96.3000030517578,97.6500015258789,94.31999969482422,95.31999969482422,95.07775115966795,28044400
2025-05-15,94.01000213623048,95.61000061035156,92.16999816894533,95.4499969482422,95.20743560791016,24196100
2025-05-16,95.9000015258789,98.19000244140624,95.6999969482422,98.0,97.7509536743164,22609300
2025-05-19,95.70999908447266,99.0199966430664,95.6999969482422,98.6500015258789,98.39929962158205,14380100
2025-05-20,97.91999816894533,98.62999725341795,96.97000122070312,98.0999984741211,97.8506851196289,12331300
2025-05-21,97.16000366210938,98.81999969482422,95.26000213623048,95.83999633789062,95.596435546875,15764300
2025-05-22,95.41000366210938,97.22000122070312,94.37000274658205,94.83000183105467,94.58900451660156,13245200
2025-05-23,92.26000213623048,93.83999633789062,90.93000030517578,93.37000274658205,93.13272094726562,16545000
2025-05-27,95.18000030517578,96.6999969482422,94.19000244140624,96.37999725341795,96.13506317138672,17612600
2025-05-28,96.6999969482422,97.20999908447266,95.5999984741211,96.18000030517578,95.93557739257812,10500300
2025-05-29,98.58999633789062,99.62999725341795,96.11000061035156,96.8000030517578,96.5540008544922,14628700
2025-05-30,96.04000091552734,96.61000061035156,92.22000122070312,94.45999908447266,94.2199478149414,23758200
2025-06-02,94.58000183105467,99.23999786376952,94.4000015258789,98.18000030517578,97.93049621582033,16850300
2025-06-03,98.36000061035156,102.93000030517578,96.95999908447266,102.25,101.99015045166016,22757600
2025-06-04,102.37999725341795,103.91000366210938,101.6999969482422,103.25,102.98760986328124,14595900
2025-06-05,106.3000030517578,109.02999877929688,105.52999877929688,106.29000091552734,106.0198745727539,28833700
2025-06-06,108.08000183105467,111.0500030517578,108.04000091552734,108.55999755859376,108.28411102294922,20710100
2025-06-09,109.51000213623048,112.52999877929688,108.58000183105467,110.9499969482422,110.66803741455078,20159700
2025-06-10,111.52999877929688,114.91999816894533,111.2300033569336,114.13999938964844,113.84992218017578,22949400
2025-06-11,115.5999984741211,117.26000213623048,114.7300033569336,116.02999877929688,115.73511505126952,21614100
2025-06-12,114.11000061035156,116.4800033569336,113.5199966430664,116.18000030517578,115.8847427368164,17076500
2025-06-13,113.8000030517578,117.0999984741211,113.66000366210938,115.5999984741211,115.30621337890624,17453000
2025-06-16,117.80999755859376,120.95999908447266,117.31999969482422,119.83999633789062,119.5354461669922,21374100
2025-06-17,119.5999984741211,123.51000213623048,119.3499984741211,120.33999633789062,120.03417205810548,20837700
2025-06-18,120.45999908447266,122.9800033569336,120.18000030517578,121.81999969482422,121.51041412353516,20180000
2025-06-20,122.7699966430664,124.16000366210938,120.37999725341795,123.5999984741211,123.285888671875,29290400
2025-06-23,123.66999816894533,124.51000213623048,119.80999755859376,122.08000183105467,121.76976013183594,23399200
2025-06-24,125.11000061035156,128.10000610351562,124.95999908447266,127.91000366210938,127.5849380493164,26420600
2025-06-25,126.61000061035156,127.5,125.62000274658205,127.25,126.9266128540039,39407000
2025-06-26,129.52999877929688,129.85000610351562,123.79000091552734,126.0,125.67980194091795,62678100
2025-06-27,125.13999938964844,127.54000091552734,123.38999938964844,124.76000213623048,124.44294738769533,36888600
2025-06-30,124.9000015258789,125.08000183105467,121.8499984741211,123.25,122.93678283691406,22799700
2025-07-01,122.3499984741211,123.98999786376952,119.08000183105467,120.88999938964844,120.58277130126952,24825800
2025-07-02,120.5,123.0,118.05999755859376,121.73999786376952,121.43061065673828,29303800
2025-07-03,122.33000183105467,123.62999725341795,121.83000183105467,122.29000091552734,121.97921752929688,13247900
2025-07-07,121.18000030517578,121.51000213623048,118.91000366210938,119.91999816894533,119.72783660888672,19148400
2025-07-08,122.4499969482422,125.4499969482422,121.9499969482422,124.41999816894533,124.22061157226562,26238200
2025-07-09,124.81999969482422,126.1500015258789,121.27999877929688,122.23999786376952,122.04411315917967,20464000
2025-07-10,124.27999877929688,124.3499984741211,122.0199966430664,123.11000061035156,122.91272735595705,15378400
2025-07-11,122.12999725341795,124.80999755859376,121.23999786376952,124.52999877929688,124.3304443359375,15820600
2025-07-14,120.37999725341795,120.44000244140624,117.0199966430664,118.61000061035156,118.41993713378906,32117700
2025-07-15,120.94000244140624,121.38999938964844,119.12000274658205,120.11000061035156,119.91753387451172,24958900
2025-07-16,119.02999877929688,119.08999633789062,114.80999755859376,116.43000030517578,116.24341583251952,30614800
2025-07-17,113.93000030517578,114.1999969482422,110.9499969482422,113.26000213623048,113.07850646972656,34702400
2025-07-18,114.23999786376952,114.8000030517578,113.27999877929688,114.38999938964844,114.20669555664062,19349900
2025-07-21,113.58999633789062,115.91999816894533,112.66999816894533,113.2300033569336,113.0485610961914,22189800
2025-07-22,112.86000061035156,113.0,108.12999725341795,109.22000122070312,109.04498291015624,27917600
2025-07-23,109.44000244140624,110.29000091552734,108.87999725341795,109.83000183105467,109.6540069580078,17810000
2025-07-24,111.05999755859376,112.7300033569336,110.25,111.7300033569336,111.55096435546876,20293100
2025-07-25,110.98999786376952,111.5,108.83000183105467,111.26000213623048,111.08171081542967,16372300
2025-07-28,111.72000122070312,112.0,109.86000061035156,111.25,111.0717315673828,12932300
2025-07-29,112.0500030517578,113.54000091552734,110.66999816894533,111.95999908447266,111.78058624267578,16653300
2025-07-30,112.5999984741211,114.88999938964844,112.41000366210938,114.73999786376952,114.5561294555664,16378800
2025-07-31,112.19000244140624,112.2699966430664,106.94000244140624,109.13999938964844,108.96510314941406,29224300
2025-08-01,105.48999786376952,106.5,103.37999725341795,104.87999725341795,104.71192932128906,24003300
2025-08-04,106.0199966430664,107.87999725341795,105.45999908447266,107.7699966430664,107.59729766845705,14780600
2025-08-05,109.3000030517578,110.63999938964844,106.83000183105467,109.05999755859376,108.88523864746094,17836000
2025-08-06,107.9000015258789,108.95999908447266,106.75,108.77999877929688,108.60568237304688,13021900
2025-08-07,114.13999938964844,115.27999877929688,110.79000091552734,111.87000274658205,111.69073486328124,18986500
2025-08-08,112.16999816894533,119.33000183105467,111.66999816894533,118.88999938964844,118.6994857788086,28962200
2025-08-11,124.97000122070312,127.27999877929688,121.6500015258789,123.72000122070312,123.5217514038086,35065800
2025-08-12,124.6999969482422,128.5500030517578,123.04000091552734,127.75,127.54528045654295,25961200
2025-08-13,127.58000183105467,128.60000610351562,123.3499984741211,124.2699966430664,124.07085418701172,18438200
2025-08-14,123.1999969482422,125.73999786376952,121.4000015258789,125.29000091552734,125.08922576904295,12235900
2025-08-15,123.16999816894533,123.37999725341795,119.44000244140624,120.87000274658205,120.67630767822266,18986700
2025-08-18,121.3499984741211,123.68000030517578,120.66000366210938,123.5500030517578,123.3520278930664,12208800
2025-08-19,122.94000244140624,124.23999786376952,121.30999755859376,122.0500030517578,121.85442352294922,11491200
2025-08-20,118.6999969482422,118.91000366210938,113.45999908447266,117.20999908447266,117.0221710205078,25795000
2025-08-21,117.0,117.7300033569336,115.61000061035156,115.79000091552734,115.60445404052734,13174900
2025-08-22,117.6500015258789,120.6999969482422,116.51000213623048,117.68000030517578,117.49142456054688,17038300
2025-08-25,117.68000030517578,118.08000183105467,116.0999984741211,116.41999816894533,116.23343658447266,8674800
2025-08-26,116.08999633789062,118.36000061035156,115.80999755859376,116.5,116.31332397460938,12584300
2025-08-27,116.8499984741211,118.7300033569336,116.44000244140624,117.75,117.56131744384766,15349300
2025-08-28,118.87999725341795,122.56999969482422,118.7300033569336,122.0,121.80450439453124,17295500
2025-08-29,122.5999984741211,122.7699966430664,118.05999755859376,119.01000213623048,118.81929779052734,16774000
2025-09-02,115.86000061035156,118.55999755859376,114.25,118.4800033569336,118.29014587402344,13771900
2025-09-03,119.36000061035156,119.44000244140624,117.3000030517578,118.72000122070312,118.52975463867188,14101300
2025-09-04,118.8499984741211,124.41000366210938,118.5199966430664,124.20999908447266,124.0109634399414,18589100
2025-09-05,127.7699966430664,131.41000366210938,125.66000366210938,131.3699951171875,131.15948486328125,28416000
2025-09-08,130.5500030517578,132.25999450683594,128.39999389648438,131.4600067138672,131.24935913085938,19492600
2025-09-09,131.75999450683594,138.0,131.55999755859375,135.24000549316406,135.02330017089844,20705000
2025-09-10,140.02000427246094,142.24000549316406,138.33999633789062,140.0,139.77566528320312,25791300
2025-09-11,147.72000122070312,156.25999450683594,147.61000061035156,150.57000732421875,150.32872009277344,52446400
2025-09-12,153.5500030517578,158.27999877929688,153.2100067138672,157.22999572753906,156.97804260253906,32288300
2025-09-15,156.9600067138672,160.33999633789062,156.5500030517578,157.77000427246094,157.51719665527344,20101400
2025-09-16,157.97999572753906,159.55999755859375,157.1699981689453,158.82000732421875,158.56552124023438,16911600
2025-09-17,157.41000366210938,160.58999633789062,155.25999450683594,159.99000549316406,159.73362731933594,18843600
2025-09-18,162.99000549316406,170.4499969482422,162.60000610351562,168.88999938964844,168.61936950683594,28212800
2025-09-19,162.75,163.6999969482422,159.3800048828125,162.72999572753906,162.46922302246094,37309900
2025-09-22,164.3800048828125,167.25999450683594,161.58999633789062,164.6199951171875,164.356201171875,25851200
2025-09-23,165.67999267578125,168.99000549316406,165.22999572753906,166.41000366210938,166.14334106445312,43316500
2025-09-24,165.0800018310547,166.0,158.3000030517578,161.7100067138672,161.45086669921875,57096400
2025-09-25,157.38999938964844,158.9499969482422,154.64999389648438,156.8300018310547,156.5786895751953,32209200
2025-09-26,158.52000427246094,158.9199981689453,155.17999267578125,157.27000427246094,157.0179901123047,24045000
2025-09-29,160.0,165.8000030517578,159.97000122070312,163.89999389648438,163.63734436035156,26506500
2025-09-30,164.11000061035156,168.9499969482422,163.9600067138672,167.32000732421875,167.0518798828125,20092500
2025-10-01,165.60000610351562,182.38999938964844,165.5,182.1499938964844,181.85809326171875,41674800
2025-10-02,184.9600067138672,186.17999267578125,181.2100067138672,183.75,183.4555511474609,25122200
2025-10-03,185.2100067138672,191.8500061035156,184.9199981689453,187.8300018310547,187.64645385742188,29399300
2025-10-06,195.009994506836,201.0,189.42999267578125,190.9600067138672,190.7733917236328,36392300
2025-10-07,194.8500061035156,195.3000030517578,183.2400054931641,185.69000244140625,185.508544921875,27828200
2025-10-08,188.9900054931641,196.9499969482422,188.8000030517578,196.5399932861328,196.34793090820312,26833900
2025-10-09,192.97000122070312,196.6199951171875,189.5,192.3300018310547,192.1420440673828,19721500
2025-10-10,192.9600067138672,193.44000244140625,179.61000061035156,181.6000061035156,181.42254638671875,26990300
2025-10-13,190.7899932861328,193.3999938964844,187.9900054931641,192.7700042724609,192.5816192626953,20928400
2025-10-14,186.9600067138672,192.4600067138672,186.25,187.0599975585937,186.877197265625,15912400
2025-10-15,192.47999572753903,192.8800048828125,187.4199981689453,191.94000244140625,191.7524261474609,17793100
2025-10-16,199.9600067138672,206.33999633789065,195.1999969482422,202.52999877929688,202.33209228515625,42041300
2025-10-17,199.27999877929688,203.38999938964844,195.5500030517578,202.3800048828125,202.18223571777344,23283100
2025-10-20,209.66000366210932,214.75,205.5,206.7700042724609,206.5679473876953,23268400
2025-10-21,204.3000030517578,205.8699951171875,200.83999633789065,202.2899932861328,202.09230041503903,13717300
2025-10-22,202.25,205.5800018310547,192.3999938964844,198.47000122070312,198.27606201171875,21949800
2025-10-23,196.6999969482422,209.0,195.1999969482422,206.7100067138672,206.5080108642578,19397900
2025-10-24,212.38999938964844,219.82000732421875,209.97999572753903,219.0200042724609,218.8059844970703,25821800
2025-10-27,224.8099975585937,224.97999572753903,215.7400054931641,220.1000061035156,219.88491821289065,23873100
2025-10-28,218.92999267578125,222.8999938964844,217.5599975585937,221.91000366210932,221.69314575195312,14957500
2025-10-29,229.0599975585937,232.3999938964844,226.1000061035156,226.6300048828125,226.40853881835932,23217300
2025-10-30,226.1000061035156,227.3999938964844,220.7400054931641,224.009994506836,223.7910919189453,14795100
2025-10-31,227.75,231.25,218.82000732421875,223.7700042724609,223.55133056640625,16320000
2025-11-03,233.8800048828125,237.6199951171875,231.8000030517578,234.6999969482422,234.4706573486328,21199300
2025-11-04,222.13999938964844,228.6699981689453,217.3999938964844,218.02999877929688,217.8169403076172,23696200
2025-11-05,225.6699981689453,239.8800048828125,224.72999572753903,237.5,237.26791381835932,28617400
2025-11-06,237.83999633789065,246.41000366210932,234.8800048828125,238.3300018310547,238.0971069335937,32016800
2025-11-07,234.02999877929688,242.5500030517578,226.3999938964844,237.9199981689453,237.6874847412109,30613800
2025-11-10,247.9600067138672,257.07000732421875,247.8099975585937,253.3000030517578,253.05245971679688,27870600
2025-11-11,248.33999633789065,249.9900054931641,238.7899932861328,241.1100006103516,240.87437438964844,22622500
2025-11-12,244.8999938964844,249.19000244140625,240.83999633789065,244.8999938964844,244.66067504882807,17263100
2025-11-13,243.6000061035156,249.5,230.16000366210932,236.9499969482422,236.71844482421875,32324600
2025-11-14,231.4499969482422,255.1699981689453,231.22999572753903,246.8300018310547,246.5887908935547,36171100
2025-11-17,246.9199981689453,260.5799865722656,239.4600067138672,241.9499969482422,241.71356201171875,30304400
2025-11-18,235.47999572753903,238.92999267578125,225.5200042724609,228.5,228.27670288085932,33843900
2025-11-19,226.91000366210932,234.3500061035156,216.3600006103516,225.9199981689453,225.69921875,35256600
2025-11-20,230.2400054931641,230.6000061035156,199.6000061035156,201.3699951171875,201.17320251464844,47420700
2025-11-21,204.52999877929688,212.0,192.58999633789065,207.3699951171875,207.16734313964844,36679700
2025-11-24,213.41000366210932,226.1100006103516,212.3600006103516,223.92999267578125,223.711166381836,33052800
2025-11-25,219.22000122070312,226.19000244140625,216.0,224.52999877929688,224.31057739257807,17441600
2025-11-26,229.6199951171875,233.8300018310547,226.0,230.259994506836,230.03497314453125,17817600
2025-11-28,235.6199951171875,238.1000061035156,233.47000122070312,236.47999572753903,236.24891662597656,12914700
2025-12-01,232.2899932861328,242.3600006103516,231.5,240.4600067138672,240.2250213623047,18238200
2025-12-02,238.75,244.3699951171875,234.3300018310547,239.4900054931641,239.25596618652344,18166200
2025-12-03,236.38999938964844,237.8000030517578,228.08999633789065,234.16000366210932,233.93118286132807,19188200
2025-12-04,230.27999877929688,234.16000366210932,223.3300018310547,226.6499938964844,226.4285125732422,23513900
2025-12-05,228.9499969482422,240.57000732421875,226.69000244140625,237.22000122070312,236.98817443847656,21161000
2025-12-08,243.4900054931641,249.22999572753903,241.6100006103516,246.9199981689453,246.6787109375,20495400
2025-12-09,244.4900054931641,255.509994506836,242.8300018310547,252.4199981689453,252.1733245849609,17067100
2025-12-10,255.1300048828125,264.75,250.5800018310547,263.7099914550781,263.4522705078125,21960700
2025-12-11,261.5299987792969,262.8500061035156,251.5500030517578,258.4599914550781,258.2074279785156,18867000
2025-12-12,255.6699981689453,255.82000732421875,239.32000732421875,241.13999938964844,240.90435791015625,25936900
2025-12-15,247.1100006103516,250.1100006103516,236.0,237.5,237.26791381835932,27483600
2025-12-16,235.8000030517578,239.3999938964844,230.5800018310547,232.509994506836,232.2827911376953,22577300
2025-12-17,236.5599975585937,237.4499969482422,221.69000244140625,225.5200042724609,225.29962158203125,41957100
2025-12-18,256.5299987792969,263.6499938964844,245.0,248.5500030517578,248.3071136474609,65006100
2025-12-19,251.75,268.3800048828125,251.75,265.9200134277344,265.66015625,62312100
2025-12-22,277.1499938964844,279.989990234375,268.2900085449219,276.5899963378906,276.3197021484375,30961900
2025-12-23,275.9200134277344,281.8599853515625,272.32000732421875,276.2699890136719,276.0,20767600
2025-12-24,278.0,289.29998779296875,277.25,286.67999267578125,286.3998718261719,18592600
2025-12-26,290.8399963378906,290.8699951171875,283.4200134277344,284.7900085449219,284.5117492675781,17878500
2025-12-29,280.3299865722656,294.5,278.5,294.3699951171875,294.2011413574219,26642900
2025-12-30,294.70001220703125,298.8299865722656,292.010009765625,292.6300048828125,292.4621276855469,23056400
2025-12-31,293.1700134277344,293.1700134277344,284.17999267578125,285.4100036621094,285.24627685546875,17573800
2026-01-02,295.1300048828125,315.6000061035156,294.8599853515625,315.4200134277344,315.2391052246094,42604300
2026-01-05,325.1300048828125,325.5299987792969,309.54998779296875,312.1499938964844,311.970947265625,34608600
2026-01-06,318.2799987792969,344.54998779296875,318.0599975585937,343.42999267578125,343.23297119140625,48732400
2026-01-07,340.7099914550781,346.29998779296875,337.17999267578125,339.54998779296875,339.355224609375,32781100
2026-01-08,342.8999938964844,343.6600036621094,321.3599853515625,327.0199890136719,326.8323974609375,33897700
2026-01-09,332.75,345.79998779296875,326.19000244140625,345.0899963378906,344.8920288085937,33387500
2026-01-12,340.54998779296875,348.4700012207031,339.32000732421875,345.8699951171875,345.6716003417969,23152600
2026-01-13,346.2699890136719,351.2300109863281,335.2200012207031,338.1300048828125,337.93603515625,23881300
2026-01-14,334.8399963378906,339.1000061035156,328.20001220703125,333.3500061035156,333.1587829589844,20277200
2026-01-15,345.3299865722656,347.7699890136719,336.2699890136719,336.6300048828125,336.4369201660156,25370200
2026-01-16,353.1000061035156,365.80999755859375,352.0400085449219,362.75,362.5419006347656,47901900
2026-01-20,364.6799926757813,381.55999755859375,361.3500061035156,365.0,364.7906188964844,49744900
2026-01-21,372.8500061035156,394.2000122070313,366.7300109863281,389.1099853515625,388.88677978515625,56712800
2026-01-22,396.6400146484375,397.7799987792969,376.9200134277344,397.5799865722656,397.3519287109375,39607600
2026-01-23,397.1600036621094,412.4299926757813,390.739990234375,399.6499938964844,399.4207458496094,35404200
2026-01-26,395.5,398.0,384.2999877929688,389.0899963378906,388.8667907714844,29193900
2026-01-27,404.6099853515625,416.4500122070313,399.6000061035156,410.239990234375,410.0046691894531,36212100
2026-01-28,422.4400024414063,438.9400024414063,417.0,435.2799987792969,435.03033447265625,42725700
2026-01-29,439.3699951171875,444.7099914550781,417.7000122070313,435.7900085449219,435.5400390625,42675700
2026-01-30,446.4700012207031,455.5,407.1300048828125,414.8800048828125,414.6419982910156,51022900
2026-02-02,412.1799926757813,442.4299926757813,410.0,437.7999877929688,437.5488586425781,37771200
2026-02-03,442.1600036621094,442.2999877929688,407.5299987792969,419.4400024414063,419.1993713378906,42763300
2026-02-04,410.5899963378906,413.0,363.8999938964844,379.3999938964844,379.1823425292969,58074900
2026-02-05,369.6199951171875,390.9299926757813,366.0,382.8900146484375,382.6703796386719,38899500
2026-02-06,377.9700012207031,396.6499938964844,372.8699951171875,394.6900024414063,394.4635925292969,37196000
2026-02-09,380.6900024414063,391.80999755859375,370.6799926757813,383.5,383.280029296875,31009600
2026-02-10,375.989990234375,382.7900085449219,366.05999755859375,373.25,373.035888671875,35433800
2026-02-11,395.3900146484375,414.1600036621094,386.5700073242188,410.3399963378906,410.1046142578125,48475000
2026-02-12,422.25,438.7699890136719,411.1600036621094,413.9700012207031,413.7325439453125,45639100
2026-02-13,405.1900024414063,420.8800048828125,392.7099914550781,411.6600036621094,411.42388916015625,33807600
2026-02-17,400.9500122070313,413.6600036621094,395.2999877929688,399.7799987792969,399.5506591796875,28549500
2026-02-18,399.5,427.8500061035156,394.6000061035156,420.9500122070313,420.7085571289063,32306600
2026-02-19,415.80999755859375,420.3200073242188,407.739990234375,417.3500061035156,417.110595703125,21651300
2026-02-20,415.1799926757813,430.5700073242188,415.1499938964844,428.1700134277344,427.9243774414063,29894900
2026-02-23,422.30999755859375,431.7000122070313,415.2999877929688,420.9700012207031,420.728515625,25426600
2026-02-24,429.2200012207031,436.2699890136719,411.2799987792969,418.010009765625,417.7702331542969,33389200
2026-02-25,426.5,436.8900146484375,423.0,429.0,428.75390625,27296300
2026-02-26,424.8399963378906,434.0,401.9599914550781,415.55999755859375,415.3216247558594,35433500
2026-02-27,401.80999755859375,417.9599914550781,401.1799926757813,412.3699951171875,412.1334533691406,28653900
2026-03-02,401.4700012207031,417.6099853515625,397.0,412.6700134277344,412.4333190917969,30049200
2026-03-03,386.5499877929688,390.0899963378906,374.5499877929688,379.6799926757813,379.4621887207031,39010900
2026-03-04,393.6400146484375,407.8800048828125,387.6099853515625,400.7699890136719,400.5400695800781,32644900
2026-03-05,398.6000061035156,404.5299987792969,380.2999877929688,397.0499877929688,396.8222351074219,29960100
2026-03-06,380.1400146484375,391.1799926757813,367.4500122070313,370.2999877929688,370.0875854492188,34458800
2026-03-09,363.9599914550781,390.0,357.6700134277344,389.3200073242188,389.0966796875,35547200
2026-03-10,394.010009765625,415.30999755859375,393.6400146484375,403.1099853515625,402.8787536621094,33745400
2026-03-11,410.7699890136719,422.75,405.7900085449219,418.6900024414063,418.4498291015625,30191400
2026-03-12,410.0,413.7300109863281,396.6700134277344,405.3500061035156,405.1174621582031,31720900
2026-03-13,413.75,429.3500061035156,413.0,426.1300048828125,425.8855590820313,39261000
2026-03-16,446.1600036621094,454.8599853515625,437.75,441.7999877929688,441.5465698242188,43067600
2026-03-17,452.5400085449219,462.7300109863281,445.1400146484375,461.6900024414063,461.4251708984375,43017900
2026-03-18,464.760009765625,471.3399963378906,458.2999877929688,461.7300109863281,461.4651489257813,58973700
2026-03-19,424.9700012207031,457.2200012207031,421.1099853515625,444.2699890136719,444.01513671875,74591900
2026-03-20,443.9200134277344,449.1000061035156,415.3599853515625,422.8999938964844,422.6574096679688,64224900
2026-03-23,426.1499938964844,444.2699890136719,401.5199890136719,404.3500061035156,404.1180419921875,54807300
2026-03-24,401.2799987792969,404.9800109863281,388.9100036621094,395.5299987792969,395.3031005859375,44975100
2026-03-25,383.0,388.9200134277344,371.3800048828125,382.0899963378906,381.8708190917969,55328700
2026-03-26,370.0199890136719,374.25,350.0,355.4599914550781,355.256103515625,54515900
2026-03-27,359.8599853515625,368.7000122070313,354.0599975585937,357.2200012207031,357.0150756835937,45806700
2026-03-30,362.6600036621094,362.80999755859375,318.3999938964844,321.79998779296875,321.75048828125,73833200
2026-03-31,321.6700134277344,337.8399963378906,311.489990234375,337.8399963378906,337.7880554199219,73551800
2026-04-01,348.9100036621094,377.8900146484375,343.0,367.8500061035156,367.7934265136719,74429800
2026-04-02,341.3399963378906,366.9400024414063,340.20001220703125,366.239990234375,366.18365478515625,51498700
2026-04-06,373.7999877929688,385.0799865722656,370.6099853515625,377.760009765625,377.701904296875,41414900
2026-04-07,374.1300048828125,379.25,364.1000061035156,377.5799865722656,377.52191162109375,40224100
2026-04-08,415.1300048828125,416.0,398.8800048828125,406.7300109863281,406.6674499511719,49216600
2026-04-09,407.6099853515625,423.9400024414063,398.4400024414063,421.510009765625,421.4451904296875,43101000
2026-04-10,420.2900085449219,423.8599853515625,410.0499877929688,420.5899963378906,420.52532958984375,36377600
2026-04-13,416.4700012207031,426.8800048828125,408.5,426.55999755859375,426.4944152832031,37015800
2026-04-14,434.3500061035156,465.7799987792969,424.8599853515625,465.6600036621094,465.5884094238281,52534900
2026-04-15,457.6300048828125,463.9500122070313,439.3200073242188,456.2300109863281,456.1598510742188,40370100
2026-04-16,452.9599914550781,462.3399963378906,444.3800048828125,457.2300109863281,457.1596984863281,33626400
2026-04-17,466.8500061035156,470.9700012207031,452.2000122070313,455.0700073242188,455.0000305175781,33405000
2026-04-20,458.25,464.55999755859375,435.8999938964844,448.4200134277344,448.3510437011719,32013600
2026-04-21,451.3200073242188,457.8200073242188,441.2999877929688,449.3800048828125,449.3109130859375,27734000
2026-04-22,462.9299926757813,491.9800109863281,458.55999755859375,487.4800109863281,487.4050598144531,45998100
2026-04-23,482.2799987792969,493.6199951171875,471.7999877929688,481.7200012207031,481.64593505859375,38178000
2026-04-24,495.9200134277344,506.989990234375,489.3599853515625,496.7200012207031,496.64361572265625,35379600
2026-04-27,510.55999755859375,531.3599853515625,510.0199890136719,524.5599975585938,524.4793090820312,41298800
2026-04-28,503.5400085449219,518.8300170898438,488.2300109863281,504.2900085449219,504.2124633789063,44816600
2026-04-29,526.0,531.02001953125,508.7999877929688,518.4600219726562,518.3803100585938,36248500
2026-04-30,529.739990234375,535.5,502.5799865722656,517.1599731445312,517.0804443359375,36554400
2026-05-01,511.7799987792969,545.9099731445312,510.2099914550781,542.2100219726562,542.1266479492188,40215300
2026-05-04,560.5999755859375,592.7999877929688,557.760009765625,576.4500122070312,576.3613891601562,46043700
2026-05-05,609.780029296875,651.739990234375,605.469970703125,640.2000122070312,640.1015625,64268500
2026-05-06,660.3699951171875,667.6699829101562,627.5800170898438,666.5900268554688,666.487548828125,55725800
2026-05-07,649.8300170898438,683.0900268554688,635.4199829101562,646.6300048828125,646.5305786132812,47527500
2026-05-08,676.4500122070312,747.2100219726562,676.2100219726562,746.8099975585938,746.6951293945312,65130900
2026-05-11,792.97998046875,818.6699829101562,768.0,795.3300170898438,795.2077026367188,70972900
2026-05-12,774.7000122070312,782.760009765625,706.5999755859375,766.5800170898438,766.462158203125,73743000
2026-05-13,813.1599731445312,814.9500122070312,779.469970703125,803.6300048828125,803.5064086914062,54875100
2026-05-14,787.6199951171875,812.0,775.6300048828125,776.010009765625,775.8906860351562,42142700
2026-05-15,732.5700073242188,749.5900268554688,719.0,724.6599731445312,724.5485229492188,48519000
2026-05-18,750.4600219726562,757.0,663.25,681.5399780273438,681.4351806640625,60042500
2026-05-19,665.5800170898438,725.9500122070312,652.2100219726562,698.739990234375,698.632568359375,61792100
2026-05-20,734.9600219726562,735.6799926757812,700.6599731445312,731.989990234375,731.87744140625,48827400
2026-05-21,736.3599853515625,764.9000244140625,732.2000122070312,762.0999755859375,761.9827880859375,42461500
2026-05-22,756.8200073242188,780.2000122070312,747.2000122070312,751.0,750.884521484375,36002900
2026-05-26,820.5,916.7999877929688,820.2999877929688,895.8800048828125,895.7422485351562,76560800
2026-05-27,955.6599731445312,956.1599731445312,888.1500244140625,928.4099731445312,928.2672119140624,72295700
2026-05-28,929.8300170898438,949.489990234375,904.780029296875,923.52001953125,923.3779907226562,49694300
2026-05-29,957.0,981.0,940.510009765625,971.0,970.8507080078124,60498600
2026-06-01,1009.719970703125,1046.969970703125,1009.5,1035.5,1035.3408203125,46552100
2026-06-02,1050.0,1076.56005859375,1017.2000122070312,1064.0999755859375,1063.936279296875,47555400
2026-06-03,1079.010009765625,1089.2900390625,1038.5,1079.5699462890625,1079.4039306640625,40324200
2026-06-04,1007.0999755859376,1036.3699951171875,971.6799926757812,996.0,995.8468627929688,54917200
2026-06-05,944.4000244140624,961.8900146484376,864.010009765625,864.010009765625,863.8771362304688,77250500
2026-06-08,938.27001953125,962.9500122070312,916.5,949.280029296875,949.134033203125,54097800
2026-06-09,988.1799926757812,989.1500244140624,854.3499755859375,935.8900146484376,935.74609375,73448600
2026-06-10,905.1300048828124,957.47998046875,883.25,891.8800048828125,891.7428588867188,55712600
2026-06-11,904.3699951171876,996.77001953125,895.5,995.8699951171876,995.7168579101562,59418900
2026-06-12,971.8099975585938,1012.6199951171876,960.1900024414062,981.6099853515624,981.4590454101562,40785200
2026-06-15,1055.8900146484375,1097.469970703125,1051.5,1087.989990234375,1087.8226318359375,44994600
2026-06-16,1099.699951171875,1110.4000244140625,1020.0,1020.760009765625,1020.60302734375,45499800
2026-06-17,1061.300048828125,1093.6700439453125,1014.1400146484376,1043.18994140625,1043.029541015625,46149200
2026-06-18,1108.0699462890625,1149.4300537109375,1092.7900390625,1133.989990234375,1133.8155517578125,64642500
2026-06-22,1196.219970703125,1213.56005859375,1168.5699462890625,1211.3800048828125,1211.1937255859375,53140800
2026-06-23,1080.0,1125.0,1038.5,1051.77001953125,1051.6082763671875,60243300
2026-06-24,1082.219970703125,1083.3199462890625,991.0999755859376,1048.510009765625,1048.3487548828125,68935700
2026-06-25,1233.0,1255.0,1136.31005859375,1213.56005859375,1213.3734130859375,82143900
2026-06-26,1139.0799560546875,1198.7099609375,1121.3599853515625,1132.3299560546875,1132.1558837890625,86405300
2026-06-29,1128.699951171875,1148.7900390625,1023.6500244140624,1145.280029296875,1145.1038818359375,60694100
2026-06-30,1144.72998046875,1168.6800537109375,1124.6600341796875,1154.2900390625,1154.112548828125,42152600
2026-07-01,1082.010009765625,1097.0,1032.199951171875,1032.280029296875,1032.121337890625,51328100
2026-07-02,1041.5,1064.6400146484375,950.280029296875,975.5599975585938,975.4099731445312,61316900
2026-07-06,1007.0,1019.0,980.8499755859376,984.75,984.75,37115800
2026-07-07,923.010009765625,942.02001953125,891.6599731445312,938.3800048828124,938.3800048828124,52367500
2026-07-08,902.6400146484376,959.0,900.4099731445312,948.7999877929688,948.7999877929688,42979000
2026-07-09,1016.510009765625,1035.5,987.1300048828124,991.6400146484376,991.6400146484376,41110700
2026-07-10,964.97998046875,998.0,954.1300048828124,979.2999877929688,979.2999877929688,31768100
2026-07-13,929.0,943.5,902.5999755859376,937.0,937.0,35536200
2026-07-14,988.3800048828124,994.7999877929688,950.0700073242188,983.1199951171876,983.1199951171876,30835200
2026-07-15,975.8099975585938,978.4000244140624,873.6300048828125,904.280029296875,904.280029296875,54779200
2026-07-16,866.77001953125,887.7100219726562,840.510009765625,853.2000122070312,853.2000122070312,46718000
2026-07-17,822.530029296875,903.9600219726562,804.0,848.9500122070312,848.9500122070312,63346300
2026-07-20,885.5700073242188,901.0,858.9000244140625,865.4600219726562,865.4600219726562,37705200
2026-07-21,925.3499755859376,982.8800048828124,916.5700073242188,970.8200073242188,970.8200073242188,49369000
2026-07-22,938.25,982.6199951171876,936.0599975585938,959.47998046875,959.47998046875,31588600
2026-07-23,975.1300048828124,1011.77001953125,964.4000244140624,990.2100219726562,990.2100219726562,40196300
2026-07-24,959.030029296875,967.1400146484376,904.0,920.9500122070312,920.9500122070312,40803100
2026-07-27,932.4500122070312,935.0,854.7899780273438,900.2000122070312,900.2000122070312,47591200
2026-07-28,839.6099853515625,848.3599853515625,789.0900268554688,820.530029296875,820.530029296875,61039300
2026-07-29,833.0,841.7999877929688,737.8800048828125,739.0,739.0,69846000
2026-07-30,793.1400146484375,882.5,789.0,874.6599731445312,874.6599731445312,63075300
2026-07-31,919.6500244140624,930.8800048828124,818.0,823.030029296875,823.030029296875,54538600
2026-08-03,786.3599853515625,836.6199951171875,770.0999755859375,829.5,829.5,42607100
2026-08-04,866.8200073242188,902.4299926757812,858.5,892.6699829101562,892.6699829101562,37478600
2026-08-05,885.2999877929688,928.97998046875,881.2000122070312,893.1900024414062,893.1900024414062,34720300
2026-08-06,843.1099853515625,913.3300170898438,827.0,881.469970703125,881.469970703125,35784100
2026-08-07,903.5999755859376,904.7999877929688,847.02001953125,877.5700073242188,877.5700073242188,34568500
2026-08-10,863.6699829101562,894.989990234375,854.4000244140625,861.0,861.0,27818600
2026-08-11,871.7999877929688,879.0,844.6199951171875,868.52001953125,868.52001953125,29438300
2026-08-12,912.9400024414062,935.7999877929688,899.5399780273438,911.2899780273438,911.2899780273438,36804900
2026-08-13,912.8900146484376,978.0,906.5,949.8300170898438,949.8300170898438,36704700
2026-08-14,979.3200073242188,984.0,956.2000122070312,971.6599731445312,971.6599731445312,27881100
2026-08-17,999.5499877929688,1036.1300048828125,995.260009765625,1011.75,1011.75,33430500
2026-08-18,957.0999755859376,978.6699829101562,926.6400146484376,940.760009765625,940.760009765625,37306000
2026-08-19,959.3599853515624,960.0,915.1799926757812,937.1099853515624,937.1099853515624,26901900
2026-08-20,935.010009765625,977.280029296875,929.0700073242188,974.3300170898438,974.3300170898438,25212200
2026-08-21,989.6799926757812,989.9600219726562,958.260009765625,966.780029296875,966.780029296875,21823400
2026-08-24,934.780029296875,936.4500122070312,887.6099853515625,910.4299926757812,910.4299926757812,30012600
2026-08-25,928.97998046875,946.6699829101562,916.2999877929688,932.969970703125,932.969970703125,19163200
2026-08-26,925.739990234375,945.75,924.5999755859376,938.4000244140624,938.4000244140624,18721700
2026-08-27,967.010009765625,968.7100219726562,906.8900146484376,935.3900146484376,935.3900146484376,28838500
2026-08-28,919.2899780273438,946.7999877929688,909.0900268554688,932.8599853515624,932.8599853515624,22890100
2026-08-31,931.3900146484376,959.969970703125,930.7899780273438,958.72998046875,958.72998046875,22569500
2026-09-01,941.1300048828124,969.4400024414062,922.3900146484376,933.4400024414062,933.4400024414062,27762200
2026-09-02,930.8300170898438,958.0,927.1599731445312,956.0800170898438,956.0800170898438,21440500
2026-09-03,956.9099731445312,959.760009765625,918.880126953125,958.1599731445312,958.1599731445312,23947014
2026-09-04,974.93,982.73,967.13,974.93,974.93,4458428
2026-09-07,960.33,968.01,952.64,960.33,960.33,4727195
2026-09-08,981.68,989.54,973.83,981.68,981.68,3444900
2026-09-09,976.25,984.06,968.44,976.25,976.25,11973100
2026-09-10,978.75,986.58,970.92,978.75,978.75,6429994
2026-09-11,978.63,986.46,970.8,978.63,978.63,8631189
2026-09-14,954.25,961.88,946.62,954.25,954.25,9356016
2026-09-15,955.24,962.88,947.6,955.24,955.24,4490644
2026-09-16,955.37,963.01,947.72,955.37,955.37,7608830
