,Open,High,Low,Close,Adj Close,Volume
2000-01-03,3.62,3.65,3.59,3.62,3.62,3543146
2000-01-04,3.55,3.58,3.53,3.55,3.55,4679788
2000-01-05,3.49,3.52,3.46,3.49,3.49,6641862
2000-01-06,3.45,3.47,3.42,3.45,3.45,4009371
2000-01-07,3.4,3.43,3.37,3.4,3.4,2808552
2000-01-10,3.38,3.41,3.36,3.38,3.38,2544733
2000-01-11,3.38,3.41,3.35,3.38,3.38,7177893
2000-01-12,3.4,3.42,3.37,3.4,3.4,3785025
2000-01-13,3.36,3.38,3.33,3.36,3.36,5669120
2000-01-14,3.33,3.36,3.3,3.33,3.33,4961792
2000-01-17,3.42,3.44,3.39,3.42,3.42,7228668
2000-01-18,3.38,3.41,3.35,3.38,3.38,5738354
2000-01-19,3.37,3.4,3.34,3.37,3.37,4323177
2000-01-20,3.4,3.43,3.38,3.4,3.4,5041944
2000-01-21,3.44,3.47,3.41,3.44,3.44,8755330
2000-01-24,3.47,3.5,3.44,3.47,3.47,8551307
2000-01-25,3.41,3.44,3.38,3.41,3.41,8732454
2000-01-26,3.5,3.53,3.47,3.5,3.5,4236531
2000-01-27,3.48,3.51,3.46,3.48,3.48,7078339
2000-01-28,3.46,3.49,3.43,3.46,3.46,3475483
2000-01-31,3.45,3.48,3.42,3.45,3.45,4346200
2000-02-01,3.5,3.53,3.47,3.5,3.5,2984737
2000-02-02,3.57,3.6,3.54,3.57,3.57,10655542
2000-02-03,3.55,3.58,3.52,3.55,3.55,11567091
2000-02-04,3.47,3.49,3.44,3.47,3.47,3418293
2000-02-07,3.44,3.47,3.41,3.44,3.44,4890990
2000-02-08,3.47,3.49,3.44,3.47,3.47,6057670
2000-02-09,3.37,3.4,3.35,3.37,3.37,2732329
2000-02-10,3.34,3.36,3.31,3.34,3.34,3137558
2000-02-11,3.38,3.41,3.35,3.38,3.38,6771245
2000-02-14,3.44,3.47,3.41,3.44,3.44,3674369
2000-02-15,3.42,3.45,3.39,3.42,3.42,3516555
2000-02-16,3.38,3.41,3.36,3.38,3.38,11778208
2000-02-17,3.34,3.36,3.31,3.34,3.34,6226308
2000-02-18,3.3,3.32,3.27,3.3,3.3,4856168
2000-02-21,3.22,3.25,3.19,3.22,3.22,7083009
2000-02-22,3.27,3.3,3.24,3.27,3.27,4305269
2000-02-23,3.25,3.27,3.22,3.25,3.25,10104008
2000-02-24,3.26,3.28,3.23,3.26,3.26,6702379
2000-02-25,3.27,3.3,3.25,3.27,3.27,4090147
2000-02-28,3.31,3.34,3.29,3.31,3.31,6472849
2000-02-29,3.39,3.42,3.36,3.39,3.39,7480267
2000-03-01,3.47,3.49,3.44,3.47,3.47,8087041
2000-03-02,3.48,3.51,3.46,3.48,3.48,4376437
2000-03-03,3.45,3.48,3.43,3.45,3.45,3072377
2000-03-06,3.41,3.44,3.39,3.41,3.41,4394014
2000-03-07,3.42,3.45,3.39,3.42,3.42,3033655
2000-03-08,3.37,3.4,3.34,3.37,3.37,4333758
2000-03-09,3.35,3.38,3.33,3.35,3.35,4307455
2000-03-10,3.34,3.36,3.31,3.34,3.34,6533427
2000-03-13,3.39,3.42,3.37,3.39,3.39,6507491
2000-03-14,3.39,3.41,3.36,3.39,3.39,3983584
2000-03-15,3.39,3.41,3.36,3.39,3.39,4985442
2000-03-16,3.29,3.31,3.26,3.29,3.29,11626236
2000-03-17,3.27,3.3,3.25,3.27,3.27,2591212
2000-03-20,3.21,3.24,3.19,3.21,3.21,4415505
2000-03-21,3.25,3.28,3.23,3.25,3.25,3939021
2000-03-22,3.28,3.31,3.26,3.28,3.28,5617892
2000-03-23,3.32,3.35,3.3,3.32,3.32,4147288
2000-03-24,3.32,3.35,3.3,3.32,3.32,5944349
2000-03-27,3.34,3.37,3.32,3.34,3.34,7032545
2000-03-28,3.32,3.35,3.3,3.32,3.32,7679215
2000-03-29,3.33,3.36,3.31,3.33,3.33,4066987
2000-03-30,3.38,3.4,3.35,3.38,3.38,4540730
2000-03-31,3.46,3.49,3.43,3.46,3.46,4758321
2000-04-03,3.46,3.49,3.43,3.46,3.46,13790754
2000-04-04,3.54,3.57,3.51,3.54,3.54,6920127
2000-04-05,3.55,3.58,3.52,3.55,3.55,12778695
2000-04-06,3.53,3.56,3.5,3.53,3.53,3546432
2000-04-07,3.57,3.6,3.54,3.57,3.57,9459377
2000-04-10,3.55,3.58,3.53,3.55,3.55,4689479
2000-04-11,3.51,3.54,3.48,3.51,3.51,3422491
2000-04-12,3.52,3.54,3.49,3.52,3.52,8838269
2000-04-13,3.62,3.65,3.59,3.62,3.62,3987816
2000-04-14,3.58,3.61,3.55,3.58,3.58,6086856
2000-04-17,3.68,3.71,3.65,3.68,3.68,8319006
2000-04-18,3.71,3.74,3.68,3.71,3.71,3144130
2000-04-19,3.68,3.71,3.65,3.68,3.68,6942916
2000-04-20,3.71,3.74,3.68,3.71,3.71,4517780
2000-04-21,3.67,3.69,3.64,3.67,3.67,5242639
2000-04-24,3.8,3.83,3.77,3.8,3.8,6336004
2000-04-25,3.78,3.81,3.75,3.78,3.78,5457832
2000-04-26,3.81,3.84,3.78,3.81,3.81,6394226
2000-04-27,3.81,3.84,3.78,3.81,3.81,4508604
2000-04-28,3.81,3.84,3.78,3.81,3.81,5750413
2000-05-01,3.86,3.89,3.83,3.86,3.86,5495763
2000-05-02,3.88,3.91,3.84,3.88,3.88,4938446
2000-05-03,3.82,3.85,3.79,3.82,3.82,1974407
2000-05-04,3.86,3.89,3.83,3.86,3.86,4563509
2000-05-05,3.74,3.77,3.71,3.74,3.74,10236696
2000-05-08,3.66,3.69,3.63,3.66,3.66,5993358
2000-05-09,3.6,3.63,3.57,3.6,3.6,3809858
2000-05-10,3.58,3.61,3.56,3.58,3.58,6835940
2000-05-11,3.61,3.64,3.58,3.61,3.61,4546476
2000-05-12,3.55,3.58,3.52,3.55,3.55,3895932
2000-05-15,3.56,3.59,3.53,3.56,3.56,3086469
2000-05-16,3.52,3.55,3.49,3.52,3.52,4477367
2000-05-17,3.6,3.63,3.57,3.6,3.6,6334636
2000-05-18,3.58,3.6,3.55,3.58,3.58,6849665
2000-05-19,3.53,3.55,3.5,3.53,3.53,2571801
2000-05-22,3.58,3.61,3.55,3.58,3.58,3470602
2000-05-23,3.58,3.61,3.55,3.58,3.58,4798629
2000-05-24,3.59,3.62,3.57,3.59,3.59,7706266
2000-05-25,3.66,3.69,3.64,3.66,3.66,7703158
2000-05-26,3.63,3.66,3.6,3.63,3.63,10226232
2000-05-29,3.68,3.71,3.65,3.68,3.68,8247175
2000-05-30,3.76,3.79,3.73,3.76,3.76,7873026
2000-05-31,3.89,3.92,3.86,3.89,3.89,10115093
2000-06-01,3.9,3.93,3.86,3.9,3.9,5443101
2000-06-02,3.84,3.87,3.81,3.84,3.84,7741646
2000-06-05,3.69,3.72,3.66,3.69,3.69,3143852
2000-06-06,3.77,3.8,3.74,3.77,3.77,9245475
2000-06-07,3.75,3.78,3.72,3.75,3.75,7163288
2000-06-08,3.87,3.9,3.84,3.87,3.87,5979088
2000-06-09,3.86,3.89,3.83,3.86,3.86,5163000
2000-06-12,3.8,3.83,3.76,3.8,3.8,6935588
2000-06-13,3.72,3.75,3.69,3.72,3.72,4542087
2000-06-14,3.71,3.74,3.68,3.71,3.71,6133413
2000-06-15,3.68,3.71,3.66,3.68,3.68,4988431
2000-06-16,3.71,3.74,3.68,3.71,3.71,12470038
2000-06-19,3.72,3.75,3.69,3.72,3.72,5840111
2000-06-20,3.65,3.68,3.62,3.65,3.65,5887004
2000-06-21,3.63,3.66,3.6,3.63,3.63,6858411
2000-06-22,3.55,3.58,3.52,3.55,3.55,10256503
2000-06-23,3.62,3.65,3.59,3.62,3.62,4925387
2000-06-26,3.67,3.7,3.64,3.67,3.67,6508916
2000-06-27,3.67,3.7,3.64,3.67,3.67,4190735
2000-06-28,3.69,3.72,3.66,3.69,3.69,9622009
2000-06-29,3.62,3.65,3.59,3.62,3.62,7573590
2000-06-30,3.69,3.72,3.66,3.69,3.69,5194114
2000-07-03,3.68,3.71,3.65,3.68,3.68,5518930
2000-07-04,3.76,3.79,3.73,3.76,3.76,3648376
2000-07-05,3.75,3.78,3.72,3.75,3.75,10196315
2000-07-06,3.86,3.89,3.83,3.86,3.86,4097150
2000-07-07,3.89,3.93,3.86,3.89,3.89,6133275
2000-07-10,3.94,3.97,3.91,3.94,3.94,5812562
2000-07-11,4.01,4.04,3.97,4.01,4.01,5235552
2000-07-12,4.03,4.06,3.99,4.03,4.03,4656944
2000-07-13,4.06,4.09,4.02,4.06,4.06,6160354
2000-07-14,4.09,4.13,4.06,4.09,4.09,7093733
2000-07-17,4.01,4.05,3.98,4.01,4.01,8892623
2000-07-18,3.94,3.97,3.91,3.94,3.94,5567624
2000-07-19,3.88,3.91,3.85,3.88,3.88,7891881
2000-07-20,3.8,3.83,3.77,3.8,3.8,3620318
2000-07-21,3.79,3.82,3.76,3.79,3.79,5600309
2000-07-24,3.83,3.86,3.8,3.83,3.83,6855790
2000-07-25,3.85,3.88,3.82,3.85,3.85,4938087
2000-07-26,3.85,3.88,3.82,3.85,3.85,6641673
2000-07-27,3.98,4.01,3.95,3.98,3.98,9068888
2000-07-28,4.03,4.06,3.99,4.03,4.03,10005334
2000-07-31,4.02,4.06,3.99,4.02,4.02,1360211
2000-08-01,3.98,4.01,3.95,3.98,3.98,3390680
2000-08-02,4.03,4.06,3.99,4.03,4.03,6237692
2000-08-03,3.98,4.01,3.94,3.98,3.98,7078293
2000-08-04,3.98,4.01,3.95,3.98,3.98,4836660
2000-08-07,4.01,4.05,3.98,4.01,4.01,3021689
2000-08-08,4.0,4.03,3.97,4.0,4.0,4593168
2000-08-09,4.04,4.08,4.01,4.04,4.04,4374767
2000-08-10,4.13,4.16,4.1,4.13,4.13,7826021
2000-08-11,4.09,4.12,4.05,4.09,4.09,7414319
2000-08-14,4.14,4.18,4.11,4.14,4.14,4545016
2000-08-15,4.22,4.25,4.18,4.22,4.22,3288812
2000-08-16,4.19,4.22,4.15,4.19,4.19,2472149
2000-08-17,4.26,4.29,4.23,4.26,4.26,4387118
2000-08-18,4.2,4.23,4.16,4.2,4.2,4163606
2000-08-21,4.18,4.22,4.15,4.18,4.18,4292895
2000-08-22,4.3,4.33,4.27,4.3,4.3,3490671
2000-08-23,4.28,4.31,4.25,4.28,4.28,6666999
2000-08-24,4.27,4.31,4.24,4.27,4.27,8146481
2000-08-25,4.26,4.29,4.23,4.26,4.26,4915107
2000-08-28,4.27,4.3,4.23,4.27,4.27,6926403
2000-08-29,4.25,4.28,4.22,4.25,4.25,4281808
2000-08-30,4.24,4.27,4.21,4.24,4.24,2347979
2000-08-31,4.17,4.2,4.13,4.17,4.17,5669758
2000-09-01,4.23,4.26,4.19,4.23,4.23,4880273
2000-09-04,4.15,4.19,4.12,4.15,4.15,2593543
2000-09-05,4.15,4.18,4.12,4.15,4.15,4120152
2000-09-06,4.18,4.21,4.15,4.18,4.18,2443892
2000-09-07,4.11,4.15,4.08,4.11,4.11,3122627
2000-09-08,4.14,4.18,4.11,4.14,4.14,12611512
2000-09-11,4.16,4.19,4.12,4.16,4.16,4145905
2000-09-12,4.21,4.24,4.18,4.21,4.21,5911714
2000-09-13,4.26,4.3,4.23,4.26,4.26,9204857
2000-09-14,4.25,4.28,4.21,4.25,4.25,3499114
2000-09-15,4.24,4.27,4.2,4.24,4.24,4264758
2000-09-18,4.29,4.32,4.25,4.29,4.29,7863708
2000-09-19,4.31,4.35,4.28,4.31,4.31,8789924
2000-09-20,4.22,4.25,4.18,4.22,4.22,11504483
2000-09-21,4.26,4.29,4.22,4.26,4.26,5675861
2000-09-22,4.33,4.36,4.29,4.33,4.33,7650670
2000-09-25,4.3,4.33,4.27,4.3,4.3,11290053
2000-09-26,4.36,4.4,4.33,4.36,4.36,3290424
2000-09-27,4.3,4.33,4.26,4.3,4.3,2568290
2000-09-28,4.31,4.35,4.28,4.31,4.31,3323475
2000-09-29,4.44,4.48,4.4,4.44,4.44,7857897
2000-10-02,4.41,4.45,4.38,4.41,4.41,3875895
2000-10-03,4.53,4.57,4.49,4.53,4.53,8361318
2000-10-04,4.49,4.53,4.46,4.49,4.49,3577725
2000-10-05,4.48,4.52,4.45,4.48,4.48,7638447
2000-10-06,4.63,4.67,4.6,4.63,4.63,5017162
2000-10-09,4.59,4.63,4.56,4.59,4.59,8901597
2000-10-10,4.62,4.66,4.58,4.62,4.62,5625608
2000-10-11,4.5,4.54,4.47,4.5,4.5,8498377
2000-10-12,4.59,4.62,4.55,4.59,4.59,9917354
2000-10-13,4.58,4.61,4.54,4.58,4.58,9099884
2000-10-16,4.54,4.58,4.5,4.54,4.54,5671493
2000-10-17,4.68,4.72,4.64,4.68,4.68,2958379
2000-10-18,4.58,4.62,4.55,4.58,4.58,6834486
2000-10-19,4.5,4.54,4.46,4.5,4.5,4657078
2000-10-20,4.59,4.62,4.55,4.59,4.59,9308288
2000-10-23,4.78,4.82,4.74,4.78,4.78,4197766
2000-10-24,4.85,4.89,4.81,4.85,4.85,6255168
2000-10-25,4.94,4.98,4.91,4.94,4.94,5717311
2000-10-26,4.94,4.98,4.9,4.94,4.94,4713569
2000-10-27,5.01,5.05,4.97,5.01,5.01,8524387
2000-10-30,5.04,5.08,5.0,5.04,5.04,5812489
2000-10-31,5.12,5.16,5.08,5.12,5.12,8321268
2000-11-01,5.17,5.21,5.13,5.17,5.17,4970273
2000-11-02,5.18,5.22,5.14,5.18,5.18,4553737
2000-11-03,5.11,5.15,5.07,5.11,5.11,2708871
2000-11-06,5.09,5.13,5.05,5.09,5.09,5185860
2000-11-07,5.12,5.16,5.08,5.12,5.12,3900457
2000-11-08,5.1,5.14,5.06,5.1,5.1,7511820
2000-11-09,5.01,5.05,4.97,5.01,5.01,10777192
2000-11-10,4.95,4.99,4.91,4.95,4.95,5651306
2000-11-13,5.02,5.06,4.98,5.02,5.02,3088578
2000-11-14,5.04,5.08,5.0,5.04,5.04,4902788
2000-11-15,4.87,4.91,4.83,4.87,4.87,7646876
2000-11-16,4.75,4.79,4.71,4.75,4.75,4210071
2000-11-17,4.88,4.91,4.84,4.88,4.88,9123227
2000-11-20,4.79,4.83,4.76,4.79,4.79,5964383
2000-11-21,4.73,4.77,4.69,4.73,4.73,3247343
2000-11-22,4.7,4.73,4.66,4.7,4.7,4739136
2000-11-23,4.61,4.64,4.57,4.61,4.61,4060250
2000-11-24,4.7,4.74,4.66,4.7,4.7,4745118
2000-11-27,4.74,4.78,4.7,4.74,4.74,6288766
2000-11-28,4.59,4.63,4.56,4.59,4.59,4234532
2000-11-29,4.59,4.63,4.56,4.59,4.59,6959817
2000-11-30,4.57,4.6,4.53,4.57,4.57,5221332
2000-12-01,4.61,4.65,4.57,4.61,4.61,3727661
2000-12-04,4.41,4.45,4.38,4.41,4.41,7402599
2000-12-05,4.42,4.46,4.38,4.42,4.42,2052426
2000-12-06,4.5,4.53,4.46,4.5,4.5,3507723
2000-12-07,4.43,4.46,4.39,4.43,4.43,8393309
2000-12-08,4.36,4.39,4.32,4.36,4.36,5214759
2000-12-11,4.34,4.37,4.3,4.34,4.34,5425279
2000-12-12,4.22,4.25,4.19,4.22,4.22,15569074
2000-12-13,4.23,4.27,4.2,4.23,4.23,2772443
2000-12-14,4.22,4.26,4.19,4.22,4.22,8386767
2000-12-15,4.21,4.24,4.17,4.21,4.21,5801061
2000-12-18,4.2,4.24,4.17,4.2,4.2,5405269
2000-12-19,4.19,4.22,4.16,4.19,4.19,4650309
2000-12-20,4.29,4.32,4.25,4.29,4.29,5846154
2000-12-21,4.28,4.32,4.25,4.28,4.28,5407620
2000-12-22,4.28,4.32,4.25,4.28,4.28,5090217
2000-12-25,4.27,4.31,4.24,4.27,4.27,10040663
2000-12-26,4.35,4.39,4.32,4.35,4.35,3767610
2000-12-27,4.36,4.4,4.33,4.36,4.36,5500803
2000-12-28,4.51,4.55,4.48,4.51,4.51,3655175
2000-12-29,4.49,4.53,4.46,4.49,4.49,9743941
2001-01-01,4.59,4.63,4.55,4.59,4.59,6928280
2001-01-02,4.48,4.51,4.44,4.48,4.48,8348080
2001-01-03,4.4,4.44,4.37,4.4,4.4,5322737
2001-01-04,4.48,4.51,4.44,4.48,4.48,4327945
2001-01-05,4.46,4.5,4.43,4.46,4.46,2907589
2001-01-08,4.47,4.5,4.43,4.47,4.47,2744220
2001-01-09,4.33,4.37,4.3,4.33,4.33,5770877
2001-01-10,4.32,4.36,4.29,4.32,4.32,8028431
2001-01-11,4.32,4.36,4.29,4.32,4.32,8423624
2001-01-12,4.32,4.36,4.29,4.32,4.32,6599211
2001-01-15,4.38,4.42,4.35,4.38,4.38,3492407
2001-01-16,4.36,4.39,4.32,4.36,4.36,4180085
2001-01-17,4.5,4.53,4.46,4.5,4.5,4547315
2001-01-18,4.51,4.54,4.47,4.51,4.51,9654143
2001-01-19,4.57,4.6,4.53,4.57,4.57,5827772
2001-01-22,4.62,4.66,4.59,4.62,4.62,6982511
2001-01-23,4.69,4.73,4.65,4.69,4.69,7818676
2001-01-24,4.73,4.77,4.69,4.73,4.73,3161915
2001-01-25,4.74,4.77,4.7,4.74,4.74,4577257
2001-01-26,4.71,4.75,4.67,4.71,4.71,2222969
2001-01-29,4.74,4.78,4.71,4.74,4.74,4526027
2001-01-30,4.71,4.75,4.67,4.71,4.71,8205464
2001-01-31,4.66,4.7,4.62,4.66,4.66,6901475
2001-02-01,4.47,4.51,4.44,4.47,4.47,4381135
2001-02-02,4.62,4.65,4.58,4.62,4.62,4638290
2001-02-05,4.64,4.68,4.6,4.64,4.64,6614799
2001-02-06,4.7,4.74,4.67,4.7,4.7,6208728
2001-02-07,4.63,4.67,4.6,4.63,4.63,5073398
2001-02-08,4.6,4.64,4.57,4.6,4.6,10273328
2001-02-09,4.68,4.71,4.64,4.68,4.68,15249653
2001-02-12,4.77,4.81,4.73,4.77,4.77,4401173
2001-02-13,4.76,4.8,4.72,4.76,4.76,5463417
2001-02-14,4.83,4.87,4.79,4.83,4.83,2779452
2001-02-15,4.86,4.9,4.83,4.86,4.86,9445374
2001-02-16,4.88,4.92,4.84,4.88,4.88,4690546
2001-02-19,4.88,4.92,4.84,4.88,4.88,3720559
2001-02-20,4.71,4.75,4.68,4.71,4.71,6243163
2001-02-21,4.77,4.81,4.73,4.77,4.77,4667027
2001-02-22,4.76,4.8,4.72,4.76,4.76,6769701
2001-02-23,4.66,4.7,4.62,4.66,4.66,8495653
2001-02-26,4.7,4.74,4.66,4.7,4.7,4834448
2001-02-27,4.63,4.67,4.59,4.63,4.63,6801797
2001-02-28,4.63,4.66,4.59,4.63,4.63,6472006
2001-03-01,4.63,4.67,4.59,4.63,4.63,4208086
2001-03-02,4.73,4.77,4.7,4.73,4.73,5170198
2001-03-05,4.64,4.68,4.61,4.64,4.64,3152855
2001-03-06,4.59,4.63,4.55,4.59,4.59,7018246
2001-03-07,4.58,4.62,4.54,4.58,4.58,3813257
2001-03-08,4.52,4.56,4.49,4.52,4.52,9956647
2001-03-09,4.53,4.57,4.5,4.53,4.53,5283900
2001-03-12,4.67,4.71,4.64,4.67,4.67,3171504
2001-03-13,4.81,4.85,4.77,4.81,4.81,5795799
2001-03-14,4.7,4.74,4.66,4.7,4.7,6278402
2001-03-15,4.74,4.78,4.7,4.74,4.74,8368119
2001-03-16,4.68,4.72,4.64,4.68,4.68,2395426
2001-03-19,4.64,4.68,4.6,4.64,4.64,10275986
2001-03-20,4.65,4.68,4.61,4.65,4.65,4693347
2001-03-21,4.63,4.67,4.59,4.63,4.63,9062901
2001-03-22,4.59,4.63,4.55,4.59,4.59,3879578
2001-03-23,4.53,4.57,4.49,4.53,4.53,8986138
2001-03-26,4.55,4.59,4.51,4.55,4.55,6077072
2001-03-27,4.54,4.58,4.51,4.54,4.54,9847724
2001-03-28,4.49,4.53,4.46,4.49,4.49,7214654
2001-03-29,4.56,4.6,4.53,4.56,4.56,5318971
2001-03-30,4.51,4.54,4.47,4.51,4.51,9651408
2001-04-02,4.5,4.54,4.46,4.5,4.5,6048131
2001-04-03,4.48,4.52,4.44,4.48,4.48,5542937
2001-04-04,4.4,4.44,4.37,4.4,4.4,7519094
2001-04-05,4.47,4.5,4.43,4.47,4.47,4216416
2001-04-06,4.41,4.44,4.37,4.41,4.41,8218565
2001-04-09,4.43,4.47,4.4,4.43,4.43,12832977
2001-04-10,4.39,4.42,4.35,4.39,4.39,8574048
2001-04-11,4.33,4.36,4.29,4.33,4.33,9793015
2001-04-12,4.35,4.38,4.31,4.35,4.35,8168902
2001-04-13,4.23,4.27,4.2,4.23,4.23,7045638
2001-04-16,4.27,4.3,4.23,4.27,4.27,9735445
2001-04-17,4.22,4.26,4.19,4.22,4.22,5760728
2001-04-18,4.24,4.27,4.2,4.24,4.24,4324468
2001-04-19,4.36,4.4,4.33,4.36,4.36,6431563
2001-04-20,4.37,4.4,4.33,4.37,4.37,9457094
2001-04-23,4.35,4.38,4.31,4.35,4.35,7051046
2001-04-24,4.37,4.41,4.34,4.37,4.37,3627191
2001-04-25,4.37,4.4,4.33,4.37,4.37,10828249
2001-04-26,4.35,4.39,4.32,4.35,4.35,6544200
2001-04-27,4.36,4.4,4.33,4.36,4.36,4986922
2001-04-30,4.39,4.42,4.35,4.39,4.39,4839860
2001-05-01,4.38,4.42,4.35,4.38,4.38,4184391
2001-05-02,4.39,4.42,4.35,4.39,4.39,6474380
2001-05-03,4.37,4.4,4.33,4.37,4.37,12050296
2001-05-04,4.32,4.35,4.29,4.32,4.32,4556578
2001-05-07,4.27,4.3,4.23,4.27,4.27,2196105
2001-05-08,4.29,4.32,4.25,4.29,4.29,5694260
2001-05-09,4.31,4.34,4.27,4.31,4.31,4647979
2001-05-10,4.34,4.38,4.31,4.34,4.34,3381589
2001-05-11,4.32,4.35,4.29,4.32,4.32,6076285
2001-05-14,4.42,4.45,4.38,4.42,4.42,5296706
2001-05-15,4.44,4.48,4.41,4.44,4.44,7517090
2001-05-16,4.51,4.54,4.47,4.51,4.51,7394731
2001-05-17,4.54,4.57,4.5,4.54,4.54,5143452
2001-05-18,4.5,4.54,4.47,4.5,4.5,7380600
2001-05-21,4.54,4.58,4.5,4.54,4.54,8268545
2001-05-22,4.52,4.56,4.48,4.52,4.52,5494686
2001-05-23,4.5,4.53,4.46,4.5,4.5,6873112
2001-05-24,4.47,4.51,4.44,4.47,4.47,3708989
2001-05-25,4.43,4.47,4.4,4.43,4.43,4957908
2001-05-28,4.42,4.45,4.38,4.42,4.42,4986641
2001-05-29,4.35,4.39,4.32,4.35,4.35,6104167
2001-05-30,4.46,4.5,4.43,4.46,4.46,4757757
2001-05-31,4.49,4.52,4.45,4.49,4.49,9524351
2001-06-01,4.57,4.6,4.53,4.57,4.57,4893494
2001-06-04,4.53,4.57,4.49,4.53,4.53,5383026
2001-06-05,4.64,4.67,4.6,4.64,4.64,8768376
2001-06-06,4.58,4.61,4.54,4.58,4.58,7680234
2001-06-07,4.47,4.51,4.44,4.47,4.47,4930964
2001-06-08,4.45,4.48,4.41,4.45,4.45,11238424
2001-06-11,4.43,4.47,4.39,4.43,4.43,4751004
2001-06-12,4.43,4.47,4.4,4.43,4.43,3049921
2001-06-13,4.46,4.49,4.42,4.46,4.46,9640116
2001-06-14,4.43,4.46,4.39,4.43,4.43,3123369
2001-06-15,4.47,4.5,4.43,4.47,4.47,5935808
2001-06-18,4.59,4.63,4.56,4.59,4.59,2883742
2001-06-19,4.58,4.62,4.55,4.58,4.58,3387778
2001-06-20,4.57,4.61,4.53,4.57,4.57,3135090
2001-06-21,4.6,4.63,4.56,4.6,4.6,6944425
2001-06-22,4.71,4.75,4.67,4.71,4.71,6561131
2001-06-25,4.67,4.71,4.63,4.67,4.67,4867973
2001-06-26,4.64,4.68,4.6,4.64,4.64,4195053
2001-06-27,4.7,4.73,4.66,4.7,4.7,5696511
2001-06-28,4.74,4.77,4.7,4.74,4.74,10654677
2001-06-29,4.75,4.79,4.71,4.75,4.75,4689198
2001-07-02,4.92,4.96,4.89,4.92,4.92,8355805
2001-07-03,4.98,5.02,4.94,4.98,4.98,7322595
2001-07-04,4.98,5.02,4.94,4.98,4.98,6404929
2001-07-05,4.95,4.99,4.91,4.95,4.95,6143885
2001-07-06,4.85,4.89,4.81,4.85,4.85,4887276
2001-07-09,4.76,4.8,4.72,4.76,4.76,4910713
2001-07-10,4.76,4.8,4.73,4.76,4.76,4215707
2001-07-11,4.69,4.72,4.65,4.69,4.69,10034956
2001-07-12,4.81,4.85,4.77,4.81,4.81,4731462
2001-07-13,4.73,4.77,4.69,4.73,4.73,3588745
2001-07-16,4.75,4.79,4.71,4.75,4.75,6448659
2001-07-17,4.74,4.78,4.71,4.74,4.74,6519489
2001-07-18,4.78,4.82,4.74,4.78,4.78,2617418
2001-07-19,4.75,4.79,4.71,4.75,4.75,6695279
2001-07-20,4.74,4.78,4.7,4.74,4.74,3625578
2001-07-23,4.7,4.74,4.67,4.7,4.7,10275444
2001-07-24,4.64,4.67,4.6,4.64,4.64,5550107
2001-07-25,4.59,4.62,4.55,4.59,4.59,3009505
2001-07-26,4.46,4.49,4.42,4.46,4.46,6321943
2001-07-27,4.46,4.5,4.43,4.46,4.46,1625733
2001-07-30,4.48,4.52,4.45,4.48,4.48,5321514
2001-07-31,4.5,4.53,4.46,4.5,4.5,5352819
2001-08-01,4.58,4.61,4.54,4.58,4.58,10044239
2001-08-02,4.7,4.73,4.66,4.7,4.7,6363612
2001-08-03,4.74,4.77,4.7,4.74,4.74,4522969
2001-08-06,4.71,4.75,4.68,4.71,4.71,8056283
2001-08-07,4.68,4.72,4.64,4.68,4.68,4321305
2001-08-08,4.81,4.85,4.77,4.81,4.81,6423905
2001-08-09,5.01,5.05,4.97,5.01,5.01,6203002
2001-08-10,5.03,5.07,4.99,5.03,5.03,4247286
2001-08-13,4.96,5.0,4.92,4.96,4.96,4061969
2001-08-14,4.93,4.97,4.89,4.93,4.93,4197130
2001-08-15,4.97,5.01,4.93,4.97,4.97,3425155
2001-08-16,5.05,5.09,5.01,5.05,5.05,6632135
2001-08-17,5.17,5.21,5.13,5.17,5.17,6355154
2001-08-20,5.19,5.23,5.14,5.19,5.19,4312160
2001-08-21,5.26,5.3,5.22,5.26,5.26,4540841
2001-08-22,5.21,5.25,5.17,5.21,5.21,8496701
2001-08-23,5.35,5.39,5.31,5.35,5.35,4073540
2001-08-24,5.22,5.27,5.18,5.22,5.22,3902691
2001-08-27,5.35,5.39,5.31,5.35,5.35,3878258
2001-08-28,5.36,5.4,5.32,5.36,5.36,5016202
2001-08-29,5.38,5.42,5.33,5.38,5.38,6495536
2001-08-30,5.36,5.4,5.31,5.36,5.36,5873237
2001-08-31,5.22,5.27,5.18,5.22,5.22,4687081
2001-09-03,5.14,5.18,5.1,5.14,5.14,5813563
2001-09-04,5.05,5.09,5.01,5.05,5.05,4016871
2001-09-05,5.02,5.06,4.98,5.02,5.02,5199393
2001-09-06,5.18,5.22,5.14,5.18,5.18,5897226
2001-09-07,5.28,5.32,5.24,5.28,5.28,9294768
2001-09-10,5.2,5.24,5.16,5.2,5.2,3256723
2001-09-11,5.18,5.22,5.13,5.18,5.18,5125646
2001-09-12,5.23,5.27,5.19,5.23,5.23,7044524
2001-09-13,5.32,5.36,5.28,5.32,5.32,5505465
2001-09-14,5.43,5.48,5.39,5.43,5.43,2859513
2001-09-17,5.46,5.5,5.42,5.46,5.46,3748038
2001-09-18,5.38,5.42,5.34,5.38,5.38,3274566
2001-09-19,5.32,5.36,5.27,5.32,5.32,4503548
2001-09-20,5.24,5.28,5.19,5.24,5.24,7518275
2001-09-21,5.14,5.18,5.09,5.14,5.14,3992861
2001-09-24,5.2,5.25,5.16,5.2,5.2,6797924
2001-09-25,5.31,5.35,5.27,5.31,5.31,4051009
2001-09-26,5.25,5.29,5.21,5.25,5.25,7630440
2001-09-27,5.18,5.22,5.14,5.18,5.18,7685032
2001-09-28,5.17,5.21,5.13,5.17,5.17,4255432
2001-10-01,5.06,5.1,5.02,5.06,5.06,4310037
2001-10-02,5.04,5.08,5.0,5.04,5.04,7512609
2001-10-03,4.88,4.92,4.85,4.88,4.88,7760325
2001-10-04,4.87,4.91,4.83,4.87,4.87,4741750
2001-10-05,4.74,4.78,4.7,4.74,4.74,5234370
2001-10-08,4.74,4.78,4.71,4.74,4.74,6645438
2001-10-09,4.68,4.71,4.64,4.68,4.68,4580866
2001-10-10,4.78,4.82,4.74,4.78,4.78,5710436
2001-10-11,4.8,4.84,4.76,4.8,4.8,3764286
2001-10-12,4.72,4.76,4.68,4.72,4.72,5448139
2001-10-15,4.73,4.77,4.69,4.73,4.73,10497680
2001-10-16,4.64,4.68,4.61,4.64,4.64,6403770
2001-10-17,4.71,4.75,4.67,4.71,4.71,6708663
2001-10-18,4.77,4.81,4.73,4.77,4.77,3576410
2001-10-19,4.74,4.78,4.71,4.74,4.74,6294096
2001-10-22,4.81,4.85,4.77,4.81,4.81,8947373
2001-10-23,4.78,4.81,4.74,4.78,4.78,4195087
2001-10-24,4.77,4.81,4.73,4.77,4.77,4806556
2001-10-25,4.73,4.76,4.69,4.73,4.73,3244560
2001-10-26,4.77,4.8,4.73,4.77,4.77,7251167
2001-10-29,4.7,4.74,4.67,4.7,4.7,6842640
2001-10-30,4.8,4.83,4.76,4.8,4.8,3246951
2001-10-31,4.81,4.85,4.77,4.81,4.81,2718261
2001-11-01,4.77,4.81,4.73,4.77,4.77,6093884
2001-11-02,4.76,4.8,4.72,4.76,4.76,10060242
2001-11-05,4.83,4.86,4.79,4.83,4.83,4770237
2001-11-06,4.73,4.77,4.69,4.73,4.73,6069542
2001-11-07,4.96,5.0,4.92,4.96,4.96,6283765
2001-11-08,4.9,4.94,4.86,4.9,4.9,4503615
2001-11-09,4.86,4.9,4.83,4.86,4.86,7114017
2001-11-12,4.87,4.91,4.83,4.87,4.87,4668185
2001-11-13,4.9,4.94,4.86,4.9,4.9,6307411
2001-11-14,4.94,4.98,4.9,4.94,4.94,6534091
2001-11-15,4.86,4.9,4.82,4.86,4.86,3577319
2001-11-16,4.77,4.81,4.74,4.77,4.77,6472502
2001-11-19,4.79,4.83,4.75,4.79,4.79,6484666
2001-11-20,4.78,4.81,4.74,4.78,4.78,5033709
2001-11-21,4.71,4.75,4.67,4.71,4.71,4727421
2001-11-22,4.88,4.92,4.84,4.88,4.88,4924198
2001-11-23,4.95,4.99,4.91,4.95,4.95,3195041
2001-11-26,4.96,5.0,4.92,4.96,4.96,4880072
2001-11-27,4.92,4.96,4.88,4.92,4.92,5621682
2001-11-28,4.92,4.96,4.88,4.92,4.92,8013159
2001-11-29,4.87,4.91,4.83,4.87,4.87,4072064
2001-11-30,4.93,4.97,4.89,4.93,4.93,3260366
2001-12-03,4.84,4.88,4.8,4.84,4.84,5209429
2001-12-04,4.92,4.96,4.88,4.92,4.92,7505602
2001-12-05,4.88,4.92,4.84,4.88,4.88,9023494
2001-12-06,4.75,4.79,4.71,4.75,4.75,9597770
2001-12-07,4.89,4.93,4.85,4.89,4.89,5852500
2001-12-10,4.82,4.86,4.78,4.82,4.82,3954915
2001-12-11,4.76,4.8,4.73,4.76,4.76,6455191
2001-12-12,4.84,4.88,4.8,4.84,4.84,6467233
2001-12-13,4.75,4.79,4.71,4.75,4.75,5178159
2001-12-14,4.89,4.92,4.85,4.89,4.89,8325342
2001-12-17,4.82,4.86,4.78,4.82,4.82,5016070
2001-12-18,4.86,4.89,4.82,4.86,4.86,5787559
2001-12-19,4.88,4.91,4.84,4.88,4.88,4051284
2001-12-20,4.9,4.94,4.86,4.9,4.9,11956012
2001-12-21,4.85,4.89,4.81,4.85,4.85,3216023
2001-12-24,4.79,4.82,4.75,4.79,4.79,6979805
2001-12-25,4.82,4.86,4.78,4.82,4.82,6764186
2001-12-26,4.78,4.81,4.74,4.78,4.78,3232797
2001-12-27,4.73,4.76,4.69,4.73,4.73,9639280
2001-12-28,4.82,4.86,4.78,4.82,4.82,2129604
2001-12-31,4.89,4.93,4.85,4.89,4.89,5960470
2002-01-01,4.78,4.82,4.75,4.78,4.78,6125708
2002-01-02,4.74,4.77,4.7,4.74,4.74,5385974
2002-01-03,4.77,4.81,4.73,4.77,4.77,3930127
2002-01-04,4.8,4.84,4.77,4.8,4.8,5065667
2002-01-07,4.79,4.82,4.75,4.79,4.79,5281796
2002-01-08,4.64,4.68,4.6,4.64,4.64,2563834
2002-01-09,4.58,4.62,4.55,4.58,4.58,4742471
2002-01-10,4.54,4.58,4.51,4.54,4.54,7855360
2002-01-11,4.47,4.5,4.43,4.47,4.47,4536453
2002-01-14,4.42,4.45,4.38,4.42,4.42,3679766
2002-01-15,4.43,4.47,4.4,4.43,4.43,3478722
2002-01-16,4.45,4.48,4.41,4.45,4.45,6135067
2002-01-17,4.46,4.49,4.42,4.46,4.46,6901664
2002-01-18,4.43,4.47,4.4,4.43,4.43,13000820
2002-01-21,4.45,4.49,4.41,4.45,4.45,7838103
2002-01-22,4.45,4.48,4.41,4.45,4.45,7363530
2002-01-23,4.42,4.46,4.39,4.42,4.42,4453894
2002-01-24,4.49,4.52,4.45,4.49,4.49,17891611
2002-01-25,4.47,4.51,4.44,4.47,4.47,5892816
2002-01-28,4.37,4.41,4.34,4.37,4.37,5106782
2002-01-29,4.32,4.35,4.28,4.32,4.32,3858390
2002-01-30,4.19,4.23,4.16,4.19,4.19,8199341
2002-01-31,4.16,4.19,4.12,4.16,4.16,3215714
2002-02-01,4.17,4.2,4.14,4.17,4.17,4096261
2002-02-04,4.14,4.17,4.1,4.14,4.14,3793964
2002-02-05,4.08,4.11,4.04,4.08,4.08,6558272
2002-02-06,4.04,4.07,4.01,4.04,4.04,6489690
2002-02-07,3.96,4.0,3.93,3.96,3.96,6297786
2002-02-08,4.06,4.09,4.03,4.06,4.06,5914115
2002-02-11,3.99,4.02,3.95,3.99,3.99,6118122
2002-02-12,4.02,4.05,3.99,4.02,4.02,5892455
2002-02-13,4.03,4.06,3.99,4.03,4.03,10734635
2002-02-14,4.05,4.08,4.02,4.05,4.05,4439897
2002-02-15,4.1,4.13,4.06,4.1,4.1,2813511
2002-02-18,4.07,4.1,4.04,4.07,4.07,5039995
2002-02-19,3.97,4.0,3.94,3.97,3.97,7126959
2002-02-20,4.04,4.07,4.0,4.04,4.04,10769766
2002-02-21,4.14,4.17,4.1,4.14,4.14,5936760
2002-02-22,4.16,4.19,4.12,4.16,4.16,9031855
2002-02-25,4.15,4.19,4.12,4.15,4.15,4933808
2002-02-26,4.12,4.15,4.09,4.12,4.12,11095768
2002-02-27,4.14,4.18,4.11,4.14,4.14,3991601
2002-02-28,4.21,4.24,4.18,4.21,4.21,3842238
2002-03-01,4.2,4.23,4.16,4.2,4.2,5846202
2002-03-04,4.11,4.15,4.08,4.11,4.11,10222255
2002-03-05,4.08,4.12,4.05,4.08,4.08,4876335
2002-03-06,4.06,4.09,4.03,4.06,4.06,11124369
2002-03-07,4.08,4.12,4.05,4.08,4.08,6339207
2002-03-08,4.0,4.04,3.97,4.0,4.0,5149762
2002-03-11,3.97,4.0,3.94,3.97,3.97,10797307
2002-03-12,3.9,3.93,3.87,3.9,3.9,8572673
2002-03-13,3.87,3.9,3.84,3.87,3.87,5094850
2002-03-14,3.8,3.83,3.77,3.8,3.8,7585386
2002-03-15,3.79,3.82,3.76,3.79,3.79,7815773
2002-03-18,3.72,3.75,3.7,3.72,3.72,11332377
2002-03-19,3.72,3.75,3.69,3.72,3.72,5002481
2002-03-20,3.77,3.8,3.74,3.77,3.77,4898411
2002-03-21,3.8,3.83,3.77,3.8,3.8,13403436
2002-03-22,3.72,3.75,3.69,3.72,3.72,4096644
2002-03-25,3.81,3.84,3.77,3.81,3.81,6824316
2002-03-26,3.7,3.72,3.67,3.7,3.7,3798743
2002-03-27,3.78,3.81,3.75,3.78,3.78,4848692
2002-03-28,3.78,3.81,3.75,3.78,3.78,6268000
2002-03-29,3.73,3.76,3.7,3.73,3.73,5358985
2002-04-01,3.68,3.7,3.65,3.68,3.68,4862136
2002-04-02,3.68,3.7,3.65,3.68,3.68,3398658
2002-04-03,3.59,3.62,3.56,3.59,3.59,5319546
2002-04-04,3.66,3.69,3.63,3.66,3.66,3480463
2002-04-05,3.57,3.59,3.54,3.57,3.57,5335465
2002-04-08,3.66,3.69,3.64,3.66,3.66,5362613
2002-04-09,3.69,3.72,3.66,3.69,3.69,2916220
2002-04-10,3.66,3.69,3.63,3.66,3.66,4228286
2002-04-11,3.7,3.73,3.67,3.7,3.7,7943323
2002-04-12,3.76,3.79,3.73,3.76,3.76,5787882
2002-04-15,3.87,3.9,3.84,3.87,3.87,8414211
2002-04-16,3.85,3.88,3.82,3.85,3.85,7754044
2002-04-17,3.75,3.78,3.72,3.75,3.75,2900790
2002-04-18,3.82,3.85,3.79,3.82,3.82,5158943
2002-04-19,3.75,3.78,3.72,3.75,3.75,11759293
2002-04-22,3.73,3.76,3.7,3.73,3.73,4307501
2002-04-23,3.72,3.75,3.69,3.72,3.72,10178853
2002-04-24,3.81,3.84,3.77,3.81,3.81,4437232
2002-04-25,3.87,3.9,3.84,3.87,3.87,4518255
2002-04-26,3.79,3.82,3.76,3.79,3.79,5609583
2002-04-29,3.88,3.91,3.85,3.88,3.88,7552294
2002-04-30,3.88,3.91,3.85,3.88,3.88,4574205
2002-05-01,4.0,4.03,3.97,4.0,4.0,5142454
2002-05-02,3.9,3.93,3.87,3.9,3.9,7153459
2002-05-03,3.9,3.93,3.87,3.9,3.9,5542280
2002-05-06,3.91,3.94,3.88,3.91,3.91,3910335
2002-05-07,3.85,3.88,3.82,3.85,3.85,3786633
2002-05-08,3.8,3.83,3.77,3.8,3.8,3695481
2002-05-09,3.75,3.78,3.72,3.75,3.75,4506594
2002-05-10,3.74,3.77,3.71,3.74,3.74,3044404
2002-05-13,3.79,3.82,3.76,3.79,3.79,6682064
2002-05-14,3.85,3.88,3.82,3.85,3.85,4919974
2002-05-15,3.85,3.88,3.82,3.85,3.85,7428361
2002-05-16,3.8,3.83,3.77,3.8,3.8,3854195
2002-05-17,3.77,3.8,3.74,3.77,3.77,3298696
2002-05-20,3.84,3.87,3.8,3.84,3.84,4244228
2002-05-21,3.9,3.93,3.87,3.9,3.9,5079086
2002-05-22,3.96,3.99,3.93,3.96,3.96,4584105
2002-05-23,3.91,3.95,3.88,3.91,3.91,11105819
2002-05-24,3.98,4.01,3.95,3.98,3.98,10053460
2002-05-27,4.12,4.15,4.08,4.12,4.12,5005570
2002-05-28,4.23,4.26,4.19,4.23,4.23,9900218
2002-05-29,4.2,4.23,4.16,4.2,4.2,11180422
2002-05-30,4.07,4.1,4.04,4.07,4.07,9430650
2002-05-31,4.09,4.12,4.06,4.09,4.09,4469301
2002-06-03,4.08,4.11,4.05,4.08,4.08,5964145
2002-06-04,4.18,4.22,4.15,4.18,4.18,6503330
2002-06-05,4.13,4.16,4.09,4.13,4.13,6794528
2002-06-06,4.23,4.26,4.2,4.23,4.23,6610150
2002-06-07,4.2,4.23,4.16,4.2,4.2,7094482
2002-06-10,4.34,4.37,4.31,4.34,4.34,2050564
2002-06-11,4.27,4.31,4.24,4.27,4.27,6402946
2002-06-12,4.36,4.39,4.32,4.36,4.36,3504015
2002-06-13,4.34,4.37,4.3,4.34,4.34,6285131
2002-06-14,4.28,4.31,4.24,4.28,4.28,9401585
2002-06-17,4.35,4.39,4.32,4.35,4.35,4256993
2002-06-18,4.36,4.39,4.32,4.36,4.36,10200429
2002-06-19,4.42,4.46,4.39,4.42,4.42,3990375
2002-06-20,4.51,4.54,4.47,4.51,4.51,6275312
2002-06-21,4.59,4.63,4.55,4.59,4.59,3706857
2002-06-24,4.61,4.64,4.57,4.61,4.61,8813090
2002-06-25,4.58,4.61,4.54,4.58,4.58,3179388
2002-06-26,4.63,4.67,4.6,4.63,4.63,2626395
2002-06-27,4.69,4.72,4.65,4.69,4.69,5873482
2002-06-28,4.78,4.82,4.74,4.78,4.78,5805549
2002-07-01,4.68,4.71,4.64,4.68,4.68,5347115
2002-07-02,4.77,4.81,4.74,4.77,4.77,7709847
2002-07-03,4.78,4.82,4.74,4.78,4.78,5409663
2002-07-04,4.75,4.79,4.72,4.75,4.75,5949143
2002-07-05,4.66,4.7,4.62,4.66,4.66,6516782
2002-07-08,4.72,4.76,4.68,4.72,4.72,4432975
2002-07-09,4.72,4.76,4.69,4.72,4.72,7587137
2002-07-10,4.65,4.69,4.61,4.65,4.65,12063732
2002-07-11,4.59,4.63,4.56,4.59,4.59,2644313
2002-07-12,4.69,4.73,4.66,4.69,4.69,4084878
2002-07-15,4.73,4.77,4.7,4.73,4.73,5098951
2002-07-16,4.75,4.79,4.71,4.75,4.75,3631265
2002-07-17,4.74,4.78,4.71,4.74,4.74,12366550
2002-07-18,4.78,4.82,4.74,4.78,4.78,6383170
2002-07-19,4.74,4.78,4.7,4.74,4.74,12154982
2002-07-22,4.67,4.71,4.63,4.67,4.67,7742918
2002-07-23,4.62,4.66,4.58,4.62,4.62,4519222
2002-07-24,4.58,4.62,4.54,4.58,4.58,4976886
2002-07-25,4.43,4.46,4.39,4.43,4.43,4616838
2002-07-26,4.56,4.6,4.53,4.56,4.56,5052378
2002-07-29,4.59,4.63,4.56,4.59,4.59,12657994
2002-07-30,4.5,4.53,4.46,4.5,4.5,6635786
2002-07-31,4.61,4.64,4.57,4.61,4.61,7522717
2002-08-01,4.61,4.65,4.58,4.61,4.61,7731015
2002-08-02,4.58,4.61,4.54,4.58,4.58,4663915
2002-08-05,4.65,4.69,4.61,4.65,4.65,10545385
2002-08-06,4.69,4.73,4.66,4.69,4.69,6769354
2002-08-07,4.63,4.66,4.59,4.63,4.63,4863734
2002-08-08,4.63,4.67,4.59,4.63,4.63,3613743
2002-08-09,4.58,4.62,4.54,4.58,4.58,4621164
2002-08-12,4.72,4.76,4.69,4.72,4.72,3860049
2002-08-13,4.69,4.73,4.65,4.69,4.69,10242156
2002-08-14,4.77,4.8,4.73,4.77,4.77,8070215
2002-08-15,4.91,4.95,4.87,4.91,4.91,4873603
2002-08-16,4.95,4.99,4.91,4.95,4.95,4424212
2002-08-19,4.88,4.92,4.84,4.88,4.88,6822679
2002-08-20,5.01,5.05,4.97,5.01,5.01,4991099
2002-08-21,5.14,5.18,5.1,5.14,5.14,6734015
2002-08-22,5.1,5.14,5.06,5.1,5.1,5003641
2002-08-23,5.27,5.31,5.23,5.27,5.27,2469294
2002-08-26,5.31,5.36,5.27,5.31,5.31,4662489
2002-08-27,5.44,5.48,5.39,5.44,5.44,7464308
2002-08-28,5.4,5.44,5.36,5.4,5.4,3180538
2002-08-29,5.42,5.46,5.37,5.42,5.42,5081225
2002-08-30,5.41,5.46,5.37,5.41,5.41,7461829
2002-09-02,5.4,5.44,5.35,5.4,5.4,9623391
2002-09-03,5.3,5.35,5.26,5.3,5.3,6260401
2002-09-04,5.35,5.39,5.3,5.35,5.35,5466909
2002-09-05,5.43,5.48,5.39,5.43,5.43,3134704
2002-09-06,5.45,5.5,5.41,5.45,5.45,4562571
2002-09-09,5.59,5.63,5.55,5.59,5.59,4834832
2002-09-10,5.57,5.62,5.53,5.57,5.57,6096145
2002-09-11,5.49,5.54,5.45,5.49,5.49,7915605
2002-09-12,5.56,5.61,5.52,5.56,5.56,2982128
2002-09-13,5.56,5.6,5.51,5.56,5.56,3566476
2002-09-16,5.62,5.67,5.58,5.62,5.62,6078079
2002-09-17,5.65,5.7,5.61,5.65,5.65,3767452
2002-09-18,5.71,5.76,5.66,5.71,5.71,5077487
2002-09-19,5.58,5.63,5.54,5.58,5.58,3378476
2002-09-20,5.46,5.5,5.41,5.46,5.46,3777040
2002-09-23,5.42,5.47,5.38,5.42,5.42,8327776
2002-09-24,5.42,5.46,5.38,5.42,5.42,6614721
2002-09-25,5.57,5.61,5.52,5.57,5.57,4094899
2002-09-26,5.56,5.61,5.52,5.56,5.56,12179322
2002-09-27,5.61,5.66,5.57,5.61,5.61,4942361
2002-09-30,5.5,5.54,5.45,5.5,5.5,3595934
2002-10-01,5.4,5.45,5.36,5.4,5.4,5414190
2002-10-02,5.25,5.29,5.2,5.25,5.25,7108195
2002-10-03,5.23,5.27,5.19,5.23,5.23,3667456
2002-10-04,5.23,5.27,5.19,5.23,5.23,2923226
2002-10-07,5.26,5.3,5.21,5.26,5.26,4001167
2002-10-08,5.24,5.28,5.2,5.24,5.24,11706352
2002-10-09,5.28,5.32,5.24,5.28,5.28,5978360
2002-10-10,5.2,5.25,5.16,5.2,5.2,6473944
2002-10-11,5.24,5.28,5.2,5.24,5.24,4318933
2002-10-14,5.22,5.26,5.17,5.22,5.22,8741172
2002-10-15,5.38,5.43,5.34,5.38,5.38,5000160
2002-10-16,5.37,5.42,5.33,5.37,5.37,4021187
2002-10-17,5.44,5.48,5.4,5.44,5.44,4159034
2002-10-18,5.54,5.58,5.5,5.54,5.54,12269449
2002-10-21,5.56,5.6,5.51,5.56,5.56,5803163
2002-10-22,5.56,5.61,5.52,5.56,5.56,9316510
2002-10-23,5.63,5.68,5.59,5.63,5.63,5345918
2002-10-24,5.69,5.73,5.64,5.69,5.69,4837694
2002-10-25,5.84,5.89,5.79,5.84,5.84,4608216
2002-10-28,5.91,5.96,5.86,5.91,5.91,4402873
2002-10-29,5.7,5.75,5.65,5.7,5.7,2612286
2002-10-30,5.69,5.73,5.64,5.69,5.69,5432850
2002-10-31,5.63,5.67,5.58,5.63,5.63,2606746
2002-11-01,5.78,5.83,5.73,5.78,5.78,7457688
2002-11-04,5.78,5.83,5.74,5.78,5.78,6239745
2002-11-05,5.78,5.83,5.73,5.78,5.78,5355741
2002-11-06,5.67,5.71,5.62,5.67,5.67,2945383
2002-11-07,5.72,5.77,5.68,5.72,5.72,13569473
2002-11-08,5.75,5.8,5.71,5.75,5.75,11140405
2002-11-11,5.81,5.86,5.76,5.81,5.81,4199729
2002-11-12,5.87,5.91,5.82,5.87,5.87,4408395
2002-11-13,5.83,5.88,5.79,5.83,5.83,6145325
2002-11-14,5.94,5.99,5.89,5.94,5.94,6722523
2002-11-15,6.01,6.06,5.96,6.01,6.01,7088513
2002-11-18,6.03,6.08,5.98,6.03,6.03,10105858
2002-11-19,6.03,6.08,5.98,6.03,6.03,8816894
2002-11-20,6.09,6.13,6.04,6.09,6.09,3803450
2002-11-21,6.04,6.09,5.99,6.04,6.04,3306516
2002-11-22,5.9,5.95,5.85,5.9,5.9,6079670
2002-11-25,5.82,5.87,5.77,5.82,5.82,4322501
2002-11-26,5.94,5.98,5.89,5.94,5.94,11257324
2002-11-27,5.87,5.92,5.82,5.87,5.87,5277924
2002-11-28,5.9,5.95,5.86,5.9,5.9,4179250
2002-11-29,5.91,5.96,5.87,5.91,5.91,5061180
2002-12-02,5.97,6.02,5.93,5.97,5.97,5621365
2002-12-03,5.9,5.95,5.85,5.9,5.9,5601066
2002-12-04,5.7,5.74,5.65,5.7,5.7,6525221
2002-12-05,5.76,5.81,5.72,5.76,5.76,5421504
2002-12-06,5.66,5.71,5.62,5.66,5.66,3043782
2002-12-09,5.55,5.59,5.51,5.55,5.55,6636096
2002-12-10,5.49,5.53,5.44,5.49,5.49,7858532
2002-12-11,5.45,5.49,5.41,5.45,5.45,8247422
2002-12-12,5.4,5.44,5.35,5.4,5.4,6435965
2002-12-13,5.39,5.44,5.35,5.39,5.39,9152636
2002-12-16,5.33,5.37,5.29,5.33,5.33,4256423
2002-12-17,5.31,5.35,5.26,5.31,5.31,3800963
2002-12-18,5.34,5.39,5.3,5.34,5.34,4783716
2002-12-19,5.23,5.27,5.19,5.23,5.23,4687068
2002-12-20,5.26,5.3,5.21,5.26,5.26,3942139
2002-12-23,5.24,5.28,5.19,5.24,5.24,4696543
2002-12-24,5.28,5.32,5.24,5.28,5.28,5079187
2002-12-25,5.08,5.12,5.04,5.08,5.08,5772379
2002-12-26,5.1,5.14,5.06,5.1,5.1,10536053
2002-12-27,4.99,5.03,4.95,4.99,4.99,5418469
2002-12-30,5.06,5.1,5.02,5.06,5.06,6137608
2002-12-31,5.09,5.13,5.05,5.09,5.09,6850222
2003-01-01,5.04,5.08,5.0,5.04,5.04,2065031
2003-01-02,5.1,5.14,5.06,5.1,5.1,3254100
2003-01-03,5.1,5.14,5.05,5.1,5.1,8263134
2003-01-06,4.97,5.01,4.93,4.97,4.97,6189142
2003-01-07,5.04,5.08,4.99,5.04,5.04,6522452
2003-01-08,5.0,5.04,4.96,5.0,5.0,5294661
2003-01-09,5.1,5.15,5.06,5.1,5.1,4498297
2003-01-10,5.02,5.06,4.98,5.02,5.02,4156217
2003-01-13,5.06,5.1,5.02,5.06,5.06,3904391
2003-01-14,4.99,5.03,4.95,4.99,4.99,1551609
2003-01-15,4.98,5.02,4.94,4.98,4.98,11553075
2003-01-16,5.03,5.07,4.99,5.03,5.03,4543338
2003-01-17,4.96,5.0,4.92,4.96,4.96,4703196
2003-01-20,4.9,4.94,4.86,4.9,4.9,6940304
2003-01-21,4.89,4.93,4.85,4.89,4.89,7598328
2003-01-22,4.88,4.92,4.84,4.88,4.88,3819251
2003-01-23,4.99,5.03,4.95,4.99,4.99,3118293
2003-01-24,4.89,4.93,4.85,4.89,4.89,5346752
2003-01-27,4.88,4.92,4.84,4.88,4.88,10965180
2003-01-28,4.92,4.96,4.88,4.92,4.92,5998536
2003-01-29,4.99,5.03,4.95,4.99,4.99,11463473
2003-01-30,4.97,5.01,4.93,4.97,4.97,14902141
2003-01-31,5.05,5.09,5.01,5.05,5.05,7543945
2003-02-03,5.07,5.11,5.03,5.07,5.07,3987575
2003-02-04,5.07,5.11,5.03,5.07,5.07,5247150
2003-02-05,5.17,5.21,5.13,5.17,5.17,6412313
2003-02-06,5.26,5.3,5.22,5.26,5.26,6253918
2003-02-07,5.14,5.18,5.1,5.14,5.14,7567562
2003-02-10,5.1,5.14,5.06,5.1,5.1,8597886
2003-02-11,5.24,5.28,5.19,5.24,5.24,5275237
2003-02-12,5.43,5.48,5.39,5.43,5.43,3178332
2003-02-13,5.48,5.52,5.43,5.48,5.48,2735440
2003-02-14,5.5,5.54,5.46,5.5,5.5,7597104
2003-02-17,5.48,5.52,5.43,5.48,5.48,5045404
2003-02-18,5.4,5.44,5.35,5.4,5.4,4456912
2003-02-19,5.34,5.38,5.3,5.34,5.34,7433021
2003-02-20,5.28,5.33,5.24,5.28,5.28,6431211
2003-02-21,5.4,5.45,5.36,5.4,5.4,7044589
2003-02-24,5.51,5.56,5.47,5.51,5.51,3438318
2003-02-25,5.43,5.47,5.39,5.43,5.43,2115418
2003-02-26,5.36,5.4,5.32,5.36,5.36,8582085
2003-02-27,5.47,5.52,5.43,5.47,5.47,6796063
2003-02-28,5.51,5.55,5.46,5.51,5.51,7801375
2003-03-03,5.49,5.53,5.44,5.49,5.49,6033527
2003-03-04,5.56,5.6,5.51,5.56,5.56,5179198
2003-03-05,5.56,5.61,5.52,5.56,5.56,3815957
2003-03-06,5.53,5.58,5.49,5.53,5.53,7998459
2003-03-07,5.53,5.58,5.49,5.53,5.53,2258256
2003-03-10,5.52,5.57,5.48,5.52,5.52,8182618
2003-03-11,5.62,5.66,5.58,5.62,5.62,5782140
2003-03-12,5.69,5.74,5.65,5.69,5.69,6438717
2003-03-13,5.71,5.76,5.66,5.71,5.71,6115197
2003-03-14,5.76,5.8,5.71,5.76,5.76,10031948
2003-03-17,5.92,5.97,5.87,5.92,5.92,5767842
2003-03-18,5.99,6.04,5.94,5.99,5.99,7262775
2003-03-19,5.82,5.87,5.78,5.82,5.82,13609813
2003-03-20,5.78,5.83,5.74,5.78,5.78,10538883
2003-03-21,5.78,5.82,5.73,5.78,5.78,8212508
2003-03-24,5.62,5.67,5.58,5.62,5.62,3038926
2003-03-25,5.78,5.82,5.73,5.78,5.78,4369227
2003-03-26,5.71,5.76,5.66,5.71,5.71,3627056
2003-03-27,5.65,5.7,5.61,5.65,5.65,4978374
2003-03-28,5.77,5.81,5.72,5.77,5.77,4385623
2003-03-31,5.63,5.68,5.59,5.63,5.63,6664941
2003-04-01,5.76,5.81,5.71,5.76,5.76,7826752
2003-04-02,5.69,5.73,5.64,5.69,5.69,3315223
2003-04-03,5.71,5.76,5.66,5.71,5.71,13206770
2003-04-04,5.61,5.66,5.57,5.61,5.61,6368600
2003-04-07,5.65,5.7,5.61,5.65,5.65,4319376
2003-04-08,5.6,5.64,5.55,5.6,5.6,7269927
2003-04-09,5.62,5.67,5.58,5.62,5.62,4671971
2003-04-10,5.62,5.66,5.57,5.62,5.62,6732840
2003-04-11,5.61,5.65,5.57,5.61,5.61,4848527
2003-04-14,5.67,5.72,5.63,5.67,5.67,6539488
2003-04-15,5.65,5.7,5.61,5.65,5.65,5490655
2003-04-16,5.72,5.77,5.68,5.72,5.72,7931837
2003-04-17,5.72,5.77,5.67,5.72,5.72,7285373
2003-04-18,5.62,5.66,5.57,5.62,5.62,5001859
2003-04-21,5.55,5.59,5.5,5.55,5.55,2211394
2003-04-22,5.58,5.63,5.54,5.58,5.58,5316921
2003-04-23,5.5,5.55,5.46,5.5,5.5,5663959
2003-04-24,5.24,5.28,5.2,5.24,5.24,6625303
2003-04-25,5.29,5.33,5.25,5.29,5.29,3871217
2003-04-28,5.27,5.31,5.23,5.27,5.27,6094285
2003-04-29,5.08,5.12,5.04,5.08,5.08,2861614
2003-04-30,4.97,5.01,4.93,4.97,4.97,2728009
2003-05-01,5.06,5.1,5.02,5.06,5.06,4815051
2003-05-02,5.1,5.14,5.06,5.1,5.1,6077593
2003-05-05,5.08,5.12,5.04,5.08,5.08,8135191
2003-05-06,5.01,5.05,4.97,5.01,5.01,7129742
2003-05-07,5.17,5.21,5.13,5.17,5.17,5914763
2003-05-08,5.25,5.29,5.21,5.25,5.25,8296759
2003-05-09,5.16,5.2,5.11,5.16,5.16,4266518
2003-05-12,5.03,5.07,4.99,5.03,5.03,5545664
2003-05-13,4.9,4.94,4.86,4.9,4.9,4312655
2003-05-14,4.87,4.9,4.83,4.87,4.87,3072335
2003-05-15,4.79,4.82,4.75,4.79,4.79,4513281
2003-05-16,4.81,4.85,4.77,4.81,4.81,3332503
2003-05-19,4.73,4.77,4.7,4.73,4.73,2480695
2003-05-20,4.72,4.76,4.69,4.72,4.72,6705340
2003-05-21,4.64,4.67,4.6,4.64,4.64,9154241
2003-05-22,4.58,4.62,4.55,4.58,4.58,6751827
2003-05-23,4.54,4.57,4.5,4.54,4.54,5044946
2003-05-26,4.53,4.56,4.49,4.53,4.53,6099934
2003-05-27,4.63,4.67,4.59,4.63,4.63,5693550
2003-05-28,4.74,4.78,4.7,4.74,4.74,5660105
2003-05-29,4.57,4.61,4.53,4.57,4.57,2397495
2003-05-30,4.58,4.61,4.54,4.58,4.58,5236016
2003-06-02,4.56,4.6,4.52,4.56,4.56,3700614
2003-06-03,4.6,4.64,4.56,4.6,4.6,8828730
2003-06-04,4.68,4.72,4.65,4.68,4.68,3092609
2003-06-05,4.69,4.73,4.65,4.69,4.69,7409149
2003-06-06,4.58,4.62,4.55,4.58,4.58,8025110
2003-06-09,4.67,4.7,4.63,4.67,4.67,6509491
2003-06-10,4.64,4.67,4.6,4.64,4.64,4064675
2003-06-11,4.53,4.57,4.49,4.53,4.53,3265723
2003-06-12,4.52,4.56,4.49,4.52,4.52,5431122
2003-06-13,4.56,4.59,4.52,4.56,4.56,6230335
2003-06-16,4.52,4.56,4.49,4.52,4.52,11162036
2003-06-17,4.49,4.52,4.45,4.49,4.49,11889687
2003-06-18,4.4,4.44,4.37,4.4,4.4,5421018
2003-06-19,4.36,4.39,4.32,4.36,4.36,3687408
2003-06-20,4.31,4.34,4.27,4.31,4.31,6242985
2003-06-23,4.32,4.36,4.29,4.32,4.32,4777404
2003-06-24,4.33,4.37,4.3,4.33,4.33,10923983
2003-06-25,4.38,4.42,4.35,4.38,4.38,4257593
2003-06-26,4.39,4.42,4.35,4.39,4.39,5552072
2003-06-27,4.49,4.53,4.45,4.49,4.49,6139555
2003-06-30,4.51,4.55,4.48,4.51,4.51,5021116
2003-07-01,4.6,4.63,4.56,4.6,4.6,2020822
2003-07-02,4.72,4.76,4.68,4.72,4.72,2798553
2003-07-03,4.64,4.68,4.6,4.64,4.64,7564234
2003-07-04,4.77,4.81,4.73,4.77,4.77,7708365
2003-07-07,4.73,4.76,4.69,4.73,4.73,4525538
2003-07-08,4.67,4.71,4.63,4.67,4.67,7621101
2003-07-09,4.74,4.78,4.71,4.74,4.74,8120195
2003-07-10,4.85,4.89,4.81,4.85,4.85,7135595
2003-07-11,4.86,4.9,4.82,4.86,4.86,5140495
2003-07-14,4.8,4.84,4.77,4.8,4.8,6086007
2003-07-15,4.72,4.76,4.68,4.72,4.72,8668398
2003-07-16,4.7,4.74,4.67,4.7,4.7,5962720
2003-07-17,4.69,4.72,4.65,4.69,4.69,7761778
2003-07-18,4.61,4.65,4.58,4.61,4.61,6120501
2003-07-21,4.68,4.72,4.65,4.68,4.68,2205173
2003-07-22,4.66,4.7,4.63,4.66,4.66,10207107
2003-07-23,4.57,4.61,4.54,4.57,4.57,4093907
2003-07-24,4.48,4.52,4.45,4.48,4.48,8454048
2003-07-25,4.5,4.54,4.46,4.5,4.5,7255733
2003-07-28,4.56,4.59,4.52,4.56,4.56,5559054
2003-07-29,4.62,4.65,4.58,4.62,4.62,7975712
2003-07-30,4.6,4.64,4.57,4.6,4.6,3915657
2003-07-31,4.64,4.68,4.61,4.64,4.64,12847870
2003-08-01,4.61,4.65,4.57,4.61,4.61,3647702
2003-08-04,4.65,4.69,4.62,4.65,4.65,2588227
2003-08-05,4.71,4.75,4.67,4.71,4.71,5954494
2003-08-06,4.78,4.82,4.74,4.78,4.78,1886962
2003-08-07,4.81,4.84,4.77,4.81,4.81,4208606
2003-08-08,4.82,4.86,4.79,4.82,4.82,2444099
2003-08-11,4.92,4.96,4.88,4.92,4.92,4488160
2003-08-12,4.91,4.95,4.87,4.91,4.91,4644456
2003-08-13,4.95,4.99,4.91,4.95,4.95,5826683
2003-08-14,4.87,4.91,4.83,4.87,4.87,4335382
2003-08-15,4.93,4.97,4.89,4.93,4.93,4237489
2003-08-18,4.93,4.97,4.89,4.93,4.93,6041818
2003-08-19,4.9,4.94,4.86,4.9,4.9,3497710
2003-08-20,4.8,4.84,4.76,4.8,4.8,5076025
2003-08-21,4.91,4.95,4.87,4.91,4.91,4749856
2003-08-22,4.9,4.94,4.87,4.9,4.9,5469034
2003-08-25,4.81,4.85,4.78,4.81,4.81,6130554
2003-08-26,4.7,4.73,4.66,4.7,4.7,3207499
2003-08-27,4.68,4.72,4.64,4.68,4.68,4038409
2003-08-28,4.72,4.76,4.68,4.72,4.72,2568867
2003-08-29,4.63,4.67,4.59,4.63,4.63,4776849
2003-09-01,4.75,4.79,4.71,4.75,4.75,7046607
2003-09-02,4.68,4.71,4.64,4.68,4.68,4735017
2003-09-03,4.63,4.67,4.59,4.63,4.63,4916622
2003-09-04,4.65,4.69,4.61,4.65,4.65,7420408
2003-09-05,4.58,4.62,4.55,4.58,4.58,8303439
2003-09-08,4.51,4.55,4.47,4.51,4.51,8478344
2003-09-09,4.44,4.47,4.4,4.44,4.44,3047026
2003-09-10,4.48,4.52,4.45,4.48,4.48,4897332
2003-09-11,4.56,4.6,4.53,4.56,4.56,6010399
2003-09-12,4.62,4.66,4.58,4.62,4.62,6051491
2003-09-15,4.64,4.68,4.6,4.64,4.64,4011942
2003-09-16,4.51,4.54,4.47,4.51,4.51,3615563
2003-09-17,4.49,4.53,4.46,4.49,4.49,7310073
2003-09-18,4.46,4.49,4.42,4.46,4.46,8803930
2003-09-19,4.56,4.6,4.52,4.56,4.56,3951410
2003-09-22,4.49,4.53,4.46,4.49,4.49,6206929
2003-09-23,4.57,4.61,4.53,4.57,4.57,1846232
2003-09-24,4.45,4.49,4.42,4.45,4.45,5222015
2003-09-25,4.38,4.42,4.35,4.38,4.38,2637470
2003-09-26,4.34,4.38,4.31,4.34,4.34,5075341
2003-09-29,4.37,4.41,4.34,4.37,4.37,5265314
2003-09-30,4.36,4.39,4.32,4.36,4.36,4458346
2003-10-01,4.45,4.49,4.42,4.45,4.45,4805520
2003-10-02,4.54,4.58,4.5,4.54,4.54,5024810
2003-10-03,4.55,4.58,4.51,4.55,4.55,6816518
2003-10-06,4.51,4.55,4.48,4.51,4.51,5076366
2003-10-07,4.41,4.45,4.38,4.41,4.41,10209362
2003-10-08,4.5,4.54,4.47,4.5,4.5,3099459
2003-10-09,4.52,4.56,4.48,4.52,4.52,5596980
2003-10-10,4.62,4.66,4.59,4.62,4.62,4683801
2003-10-13,4.74,4.77,4.7,4.74,4.74,7802590
2003-10-14,4.79,4.82,4.75,4.79,4.79,6838055
2003-10-15,4.78,4.82,4.75,4.78,4.78,6383018
2003-10-16,4.71,4.74,4.67,4.71,4.71,3203919
2003-10-17,4.66,4.7,4.63,4.66,4.66,5196568
2003-10-20,4.69,4.72,4.65,4.69,4.69,5400757
2003-10-21,4.7,4.74,4.66,4.7,4.7,6577492
2003-10-22,4.73,4.77,4.7,4.73,4.73,5688176
2003-10-23,4.6,4.64,4.57,4.6,4.6,6597164
2003-10-24,4.63,4.66,4.59,4.63,4.63,6633765
2003-10-27,4.58,4.62,4.55,4.58,4.58,4967045
2003-10-28,4.51,4.55,4.47,4.51,4.51,5327899
2003-10-29,4.42,4.45,4.38,4.42,4.42,4845658
2003-10-30,4.39,4.43,4.36,4.39,4.39,5544071
2003-10-31,4.43,4.46,4.39,4.43,4.43,6152326
2003-11-03,4.4,4.43,4.36,4.4,4.4,5398026
2003-11-04,4.36,4.39,4.32,4.36,4.36,10902071
2003-11-05,4.21,4.25,4.18,4.21,4.21,4459217
2003-11-06,4.24,4.27,4.2,4.24,4.24,11324880
2003-11-07,4.28,4.31,4.24,4.28,4.28,3317528
2003-11-10,4.21,4.25,4.18,4.21,4.21,2995778
2003-11-11,4.18,4.22,4.15,4.18,4.18,8965304
2003-11-12,4.18,4.21,4.14,4.18,4.18,4976639
2003-11-13,4.11,4.14,4.07,4.11,4.11,4724618
2003-11-14,4.04,4.08,4.01,4.04,4.04,2880682
2003-11-17,4.11,4.14,4.08,4.11,4.11,7220731
2003-11-18,4.08,4.12,4.05,4.08,4.08,8248352
2003-11-19,4.05,4.09,4.02,4.05,4.05,3252240
2003-11-20,4.17,4.21,4.14,4.17,4.17,5291263
2003-11-21,4.14,4.18,4.11,4.14,4.14,3995788
2003-11-24,4.13,4.16,4.09,4.13,4.13,9703938
2003-11-25,4.12,4.16,4.09,4.12,4.12,7085730
2003-11-26,4.14,4.17,4.11,4.14,4.14,3516008
2003-11-27,4.13,4.17,4.1,4.13,4.13,5618814
2003-11-28,4.11,4.14,4.08,4.11,4.11,7836732
2003-12-01,4.1,4.14,4.07,4.1,4.1,2714990
2003-12-02,4.31,4.35,4.28,4.31,4.31,3023248
2003-12-03,4.28,4.31,4.25,4.28,4.28,6490276
2003-12-04,4.27,4.3,4.23,4.27,4.27,2305134
2003-12-05,4.23,4.26,4.2,4.23,4.23,5317383
2003-12-08,4.21,4.24,4.18,4.21,4.21,2766646
2003-12-09,4.23,4.27,4.2,4.23,4.23,4493537
2003-12-10,4.36,4.39,4.32,4.36,4.36,9562818
2003-12-11,4.35,4.38,4.31,4.35,4.35,7653123
2003-12-12,4.28,4.32,4.25,4.28,4.28,3578057
2003-12-15,4.42,4.45,4.38,4.42,4.42,7360476
2003-12-16,4.37,4.41,4.34,4.37,4.37,3664045
2003-12-17,4.46,4.5,4.43,4.46,4.46,4949085
2003-12-18,4.41,4.45,4.38,4.41,4.41,5524476
2003-12-19,4.46,4.5,4.42,4.46,4.46,3047289
2003-12-22,4.49,4.53,4.46,4.49,4.49,9073630
2003-12-23,4.66,4.7,4.63,4.66,4.66,6016338
2003-12-24,4.73,4.77,4.69,4.73,4.73,3938268
2003-12-25,4.76,4.8,4.72,4.76,4.76,4710016
2003-12-26,4.74,4.78,4.71,4.74,4.74,5586829
2003-12-29,4.75,4.79,4.71,4.75,4.75,4290023
2003-12-30,4.68,4.72,4.64,4.68,4.68,8834964
2003-12-31,4.67,4.71,4.63,4.67,4.67,3112882
2004-01-01,4.71,4.75,4.67,4.71,4.71,5577726
2004-01-02,4.76,4.8,4.72,4.76,4.76,8311201
2004-01-05,4.77,4.8,4.73,4.77,4.77,6019991
2004-01-06,4.79,4.83,4.75,4.79,4.79,4614458
2004-01-07,4.77,4.81,4.74,4.77,4.77,5085389
2004-01-08,4.71,4.75,4.67,4.71,4.71,16678882
2004-01-09,4.87,4.91,4.83,4.87,4.87,3059113
2004-01-12,4.85,4.89,4.81,4.85,4.85,4563104
2004-01-13,4.79,4.83,4.75,4.79,4.79,2627865
2004-01-14,4.73,4.76,4.69,4.73,4.73,5740499
2004-01-15,4.83,4.87,4.79,4.83,4.83,13007983
2004-01-16,4.81,4.85,4.77,4.81,4.81,6058749
2004-01-19,4.88,4.92,4.84,4.88,4.88,5569304
2004-01-20,4.89,4.93,4.85,4.89,4.89,3730834
2004-01-21,4.79,4.83,4.76,4.79,4.79,6298046
2004-01-22,4.83,4.87,4.79,4.83,4.83,7198107
2004-01-23,4.88,4.92,4.84,4.88,4.88,4696706
2004-01-26,4.84,4.88,4.81,4.84,4.84,5416830
2004-01-27,4.9,4.94,4.86,4.9,4.9,1725222
2004-01-28,4.79,4.83,4.75,4.79,4.79,3900620
2004-01-29,4.74,4.78,4.71,4.74,4.74,7033412
2004-01-30,4.7,4.74,4.66,4.7,4.7,5434616
2004-02-02,4.66,4.7,4.62,4.66,4.66,3760811
2004-02-03,4.68,4.72,4.64,4.68,4.68,5187932
2004-02-04,4.65,4.69,4.62,4.65,4.65,5870512
2004-02-05,4.8,4.84,4.76,4.8,4.8,3173400
2004-02-06,4.68,4.72,4.65,4.68,4.68,6223584
2004-02-09,4.68,4.71,4.64,4.68,4.68,2778916
2004-02-10,4.57,4.61,4.54,4.57,4.57,4459377
2004-02-11,4.62,4.65,4.58,4.62,4.62,4405095
2004-02-12,4.55,4.59,4.52,4.55,4.55,7610424
2004-02-13,4.55,4.59,4.52,4.55,4.55,5935335
2004-02-16,4.57,4.6,4.53,4.57,4.57,10379808
2004-02-17,4.7,4.74,4.66,4.7,4.7,6560296
2004-02-18,4.65,4.68,4.61,4.65,4.65,5658237
2004-02-19,4.64,4.68,4.6,4.64,4.64,10042317
2004-02-20,4.77,4.81,4.73,4.77,4.77,6078982
2004-02-23,4.73,4.77,4.7,4.73,4.73,3311459
2004-02-24,4.71,4.75,4.68,4.71,4.71,4691236
2004-02-25,4.64,4.68,4.6,4.64,4.64,6527179
2004-02-26,4.75,4.78,4.71,4.75,4.75,6554042
2004-02-27,4.7,4.74,4.66,4.7,4.7,4578278
2004-03-01,4.85,4.89,4.81,4.85,4.85,5096965
2004-03-02,4.97,5.01,4.93,4.97,4.97,4462225
2004-03-03,4.92,4.96,4.89,4.92,4.92,4508712
2004-03-04,4.84,4.88,4.81,4.84,4.84,3549000
2004-03-05,4.9,4.94,4.86,4.9,4.9,4584963
2004-03-08,4.91,4.95,4.87,4.91,4.91,8932221
2004-03-09,4.93,4.97,4.89,4.93,4.93,7533219
2004-03-10,4.9,4.94,4.86,4.9,4.9,9353852
2004-03-11,4.95,4.99,4.91,4.95,4.95,4958531
2004-03-12,4.89,4.93,4.85,4.89,4.89,5288107
2004-03-15,4.88,4.92,4.85,4.88,4.88,9533154
2004-03-16,4.98,5.02,4.94,4.98,4.98,6057283
2004-03-17,4.98,5.02,4.94,4.98,4.98,3937257
2004-03-18,5.09,5.13,5.05,5.09,5.09,5295393
2004-03-19,5.0,5.04,4.96,5.0,5.0,7263213
2004-03-22,4.98,5.02,4.94,4.98,4.98,4002144
2004-03-23,4.92,4.96,4.88,4.92,4.92,3387122
2004-03-24,4.89,4.93,4.85,4.89,4.89,4932413
2004-03-25,4.84,4.88,4.8,4.84,4.84,8034905
2004-03-26,4.8,4.84,4.76,4.8,4.8,8148729
2004-03-29,4.85,4.89,4.81,4.85,4.85,1744540
2004-03-30,4.94,4.98,4.91,4.94,4.94,4162011
2004-03-31,4.9,4.94,4.86,4.9,4.9,2799979
2004-04-01,5.0,5.04,4.96,5.0,5.0,4929600
2004-04-02,4.96,5.0,4.92,4.96,4.96,6695305
2004-04-05,4.95,4.99,4.92,4.95,4.95,3119557
2004-04-06,4.93,4.97,4.9,4.93,4.93,4195931
2004-04-07,5.04,5.08,5.0,5.04,5.04,7213728
2004-04-08,5.11,5.15,5.07,5.11,5.11,4962569
2004-04-09,4.86,4.9,4.82,4.86,4.86,12671259
2004-04-12,4.82,4.86,4.78,4.82,4.82,4271005
2004-04-13,4.96,5.0,4.92,4.96,4.96,12925026
2004-04-14,4.88,4.92,4.84,4.88,4.88,5070052
2004-04-15,4.83,4.87,4.79,4.83,4.83,3990228
2004-04-16,4.86,4.9,4.82,4.86,4.86,2945950
2004-04-19,4.93,4.97,4.89,4.93,4.93,3348041
2004-04-20,5.07,5.11,5.03,5.07,5.07,5784361
2004-04-21,5.04,5.09,5.0,5.04,5.04,6955773
2004-04-22,4.98,5.02,4.94,4.98,4.98,6678361
2004-04-23,5.05,5.09,5.01,5.05,5.05,3192065
2004-04-26,5.04,5.08,5.0,5.04,5.04,5941873
2004-04-27,5.0,5.04,4.96,5.0,5.0,6198479
2004-04-28,5.02,5.06,4.98,5.02,5.02,6882623
2004-04-29,4.98,5.02,4.94,4.98,4.98,11901691
2004-04-30,5.04,5.08,5.0,5.04,5.04,6614924
2004-05-03,5.07,5.11,5.03,5.07,5.07,7844241
2004-05-04,5.02,5.06,4.98,5.02,5.02,5591930
2004-05-05,5.08,5.12,5.04,5.08,5.08,13487724
2004-05-06,5.19,5.23,5.15,5.19,5.19,3850425
2004-05-07,5.32,5.36,5.27,5.32,5.32,5408116
2004-05-10,5.32,5.36,5.27,5.32,5.32,5232865
2004-05-11,5.27,5.31,5.23,5.27,5.27,4656823
2004-05-12,5.4,5.44,5.36,5.4,5.4,6818299
2004-05-13,5.34,5.39,5.3,5.34,5.34,11521773
2004-05-14,5.32,5.37,5.28,5.32,5.32,3618114
2004-05-17,5.28,5.32,5.23,5.28,5.28,6476223
2004-05-18,5.2,5.24,5.16,5.2,5.2,2088402
2004-05-19,5.18,5.22,5.13,5.18,5.18,6671934
2004-05-20,5.11,5.15,5.07,5.11,5.11,6133796
2004-05-21,5.22,5.26,5.17,5.22,5.22,5381128
2004-05-24,5.33,5.37,5.28,5.33,5.33,3757872
2004-05-25,5.17,5.21,5.13,5.17,5.17,1948285
2004-05-26,5.13,5.17,5.08,5.13,5.13,7972185
2004-05-27,5.06,5.1,5.02,5.06,5.06,6344665
2004-05-28,4.97,5.01,4.93,4.97,4.97,11695820
2004-05-31,4.89,4.93,4.85,4.89,4.89,8822539
2004-06-01,4.9,4.94,4.86,4.9,4.9,2119161
2004-06-02,4.99,5.03,4.95,4.99,4.99,3943522
2004-06-03,5.18,5.22,5.14,5.18,5.18,13073594
2004-06-04,5.21,5.25,5.17,5.21,5.21,3522614
2004-06-07,5.15,5.19,5.11,5.15,5.15,3556342
2004-06-08,5.11,5.16,5.07,5.11,5.11,3247794
2004-06-09,5.01,5.05,4.97,5.01,5.01,8266093
2004-06-10,4.99,5.03,4.95,4.99,4.99,4408429
2004-06-11,4.95,4.99,4.91,4.95,4.95,7421629
2004-06-14,5.02,5.06,4.98,5.02,5.02,4314450
2004-06-15,5.16,5.2,5.11,5.16,5.16,12842155
2004-06-16,5.21,5.25,5.17,5.21,5.21,5834845
2004-06-17,5.16,5.2,5.12,5.16,5.16,8863239
2004-06-18,5.06,5.1,5.02,5.06,5.06,6806417
2004-06-21,5.0,5.04,4.96,5.0,5.0,4106184
2004-06-22,4.94,4.98,4.9,4.94,4.94,4504767
2004-06-23,5.12,5.16,5.08,5.12,5.12,5080699
2004-06-24,5.14,5.18,5.1,5.14,5.14,6298172
2004-06-25,5.16,5.2,5.11,5.16,5.16,4184976
2004-06-28,5.17,5.22,5.13,5.17,5.17,3426461
2004-06-29,5.12,5.16,5.08,5.12,5.12,3179278
2004-06-30,5.11,5.15,5.07,5.11,5.11,8866135
2004-07-01,5.29,5.33,5.24,5.29,5.29,8598259
2004-07-02,5.28,5.32,5.23,5.28,5.28,3992722
2004-07-05,5.32,5.36,5.28,5.32,5.32,3819214
2004-07-06,5.52,5.56,5.47,5.52,5.52,3681754
2004-07-07,5.52,5.56,5.47,5.52,5.52,10398786
2004-07-08,5.55,5.59,5.5,5.55,5.55,7048615
2004-07-09,5.54,5.59,5.5,5.54,5.54,2644335
2004-07-12,5.49,5.53,5.45,5.49,5.49,8356916
2004-07-13,5.52,5.57,5.48,5.52,5.52,2734432
2004-07-14,5.61,5.66,5.57,5.61,5.61,4334467
2004-07-15,5.5,5.54,5.45,5.5,5.5,5402870
2004-07-16,5.41,5.45,5.37,5.41,5.41,6805696
2004-07-19,5.52,5.56,5.48,5.52,5.52,4880961
2004-07-20,5.64,5.68,5.59,5.64,5.64,3287406
2004-07-21,5.4,5.45,5.36,5.4,5.4,4827044
2004-07-22,5.41,5.45,5.37,5.41,5.41,6681572
2004-07-23,5.31,5.35,5.26,5.31,5.31,11180620
2004-07-26,5.32,5.36,5.27,5.32,5.32,4715285
2004-07-27,5.26,5.3,5.21,5.26,5.26,7175998
2004-07-28,5.39,5.44,5.35,5.39,5.39,7967722
2004-07-29,5.57,5.61,5.52,5.57,5.57,6414449
2004-07-30,5.62,5.67,5.58,5.62,5.62,5459780
2004-08-02,5.73,5.78,5.68,5.73,5.73,10323397
2004-08-03,5.67,5.71,5.62,5.67,5.67,3981222
2004-08-04,5.61,5.65,5.56,5.61,5.61,6910724
2004-08-05,5.52,5.57,5.48,5.52,5.52,3110707
2004-08-06,5.51,5.55,5.46,5.51,5.51,7462370
2004-08-09,5.44,5.49,5.4,5.44,5.44,6482896
2004-08-10,5.57,5.62,5.53,5.57,5.57,5906327
2004-08-11,5.48,5.53,5.44,5.48,5.48,3687903
2004-08-12,5.32,5.37,5.28,5.32,5.32,4106477
2004-08-13,5.3,5.34,5.26,5.3,5.3,9292044
2004-08-16,5.26,5.3,5.21,5.26,5.26,9244563
2004-08-17,5.34,5.38,5.29,5.34,5.34,5017318
2004-08-18,5.31,5.35,5.27,5.31,5.31,2693353
2004-08-19,5.23,5.27,5.19,5.23,5.23,4892660
2004-08-20,5.27,5.32,5.23,5.27,5.27,4525129
2004-08-23,5.38,5.42,5.34,5.38,5.38,8145055
2004-08-24,5.46,5.5,5.41,5.46,5.46,6510954
2004-08-25,5.41,5.45,5.36,5.41,5.41,3553896
2004-08-26,5.4,5.45,5.36,5.4,5.4,3438638
2004-08-27,5.52,5.57,5.48,5.52,5.52,6186344
2004-08-30,5.54,5.58,5.49,5.54,5.54,7561232
2004-08-31,5.51,5.56,5.47,5.51,5.51,4110085
2004-09-01,5.42,5.47,5.38,5.42,5.42,6970074
2004-09-02,5.49,5.53,5.45,5.49,5.49,3266555
2004-09-03,5.41,5.45,5.37,5.41,5.41,6537425
2004-09-06,5.38,5.42,5.34,5.38,5.38,12357505
2004-09-07,5.41,5.45,5.37,5.41,5.41,9691686
2004-09-08,5.48,5.52,5.44,5.48,5.48,7840903
2004-09-09,5.49,5.53,5.44,5.49,5.49,4127993
2004-09-10,5.43,5.48,5.39,5.43,5.43,4403740
2004-09-13,5.53,5.58,5.49,5.53,5.53,4471252
2004-09-14,5.52,5.57,5.48,5.52,5.52,4418364
2004-09-15,5.41,5.46,5.37,5.41,5.41,4068076
2004-09-16,5.33,5.37,5.29,5.33,5.33,4070658
2004-09-17,5.46,5.5,5.41,5.46,5.46,3556893
2004-09-20,5.47,5.52,5.43,5.47,5.47,6051085
2004-09-21,5.55,5.59,5.51,5.55,5.55,6763977
2004-09-22,5.35,5.4,5.31,5.35,5.35,2997043
2004-09-23,5.31,5.35,5.27,5.31,5.31,5501671
2004-09-24,5.52,5.57,5.48,5.52,5.52,5118156
2004-09-27,5.64,5.69,5.6,5.64,5.64,10415472
2004-09-28,5.57,5.61,5.52,5.57,5.57,3175845
2004-09-29,5.59,5.63,5.55,5.59,5.59,7137987
2004-09-30,5.52,5.56,5.47,5.52,5.52,8583184
2004-10-01,5.63,5.68,5.59,5.63,5.63,4723319
2004-10-04,5.69,5.74,5.65,5.69,5.69,3752758
2004-10-05,5.66,5.71,5.62,5.66,5.66,2678663
2004-10-06,5.68,5.72,5.63,5.68,5.68,4196190
2004-10-07,5.61,5.66,5.57,5.61,5.61,8138984
2004-10-08,5.52,5.56,5.47,5.52,5.52,7255734
2004-10-11,5.47,5.51,5.42,5.47,5.47,4535953
2004-10-12,5.53,5.58,5.49,5.53,5.53,6395963
2004-10-13,5.35,5.4,5.31,5.35,5.35,3690468
2004-10-14,5.27,5.32,5.23,5.27,5.27,8976062
2004-10-15,5.23,5.27,5.19,5.23,5.23,5205876
2004-10-18,5.16,5.21,5.12,5.16,5.16,12614593
2004-10-19,5.14,5.18,5.1,5.14,5.14,4055289
2004-10-20,5.12,5.16,5.08,5.12,5.12,6861123
2004-10-21,5.21,5.25,5.17,5.21,5.21,5120249
2004-10-22,5.22,5.26,5.17,5.22,5.22,8422901
2004-10-25,5.3,5.35,5.26,5.3,5.3,4185590
2004-10-26,5.38,5.43,5.34,5.38,5.38,8003163
2004-10-27,5.31,5.35,5.26,5.31,5.31,7360362
2004-10-28,5.35,5.39,5.3,5.35,5.35,2752135
2004-10-29,5.43,5.47,5.38,5.43,5.43,5187061
2004-11-01,5.47,5.51,5.42,5.47,5.47,2245847
2004-11-02,5.56,5.61,5.52,5.56,5.56,8680935
2004-11-03,5.52,5.56,5.47,5.52,5.52,8615419
2004-11-04,5.47,5.51,5.42,5.47,5.47,8585779
2004-11-05,5.41,5.46,5.37,5.41,5.41,6324608
2004-11-08,5.27,5.31,5.23,5.27,5.27,2005631
2004-11-09,5.24,5.28,5.2,5.24,5.24,6067427
2004-11-10,5.28,5.32,5.24,5.28,5.28,6600188
2004-11-11,5.24,5.28,5.2,5.24,5.24,3448433
2004-11-12,5.27,5.31,5.22,5.27,5.27,4225408
2004-11-15,5.24,5.29,5.2,5.24,5.24,3174562
2004-11-16,5.24,5.28,5.19,5.24,5.24,5656984
2004-11-17,5.25,5.29,5.21,5.25,5.25,5219236
2004-11-18,5.22,5.26,5.18,5.22,5.22,5674888
2004-11-19,5.36,5.4,5.31,5.36,5.36,5884593
2004-11-22,5.34,5.38,5.3,5.34,5.34,6372593
2004-11-23,5.34,5.38,5.29,5.34,5.34,5138842
2004-11-24,5.5,5.54,5.46,5.5,5.5,6947090
2004-11-25,5.57,5.62,5.53,5.57,5.57,10431816
2004-11-26,5.45,5.49,5.41,5.45,5.45,6487015
2004-11-29,5.42,5.46,5.37,5.42,5.42,1925696
2004-11-30,5.43,5.47,5.39,5.43,5.43,5173037
2004-12-01,5.5,5.55,5.46,5.5,5.5,5099916
2004-12-02,5.66,5.7,5.61,5.66,5.66,5591889
2004-12-03,5.69,5.73,5.64,5.69,5.69,3350797
2004-12-06,5.78,5.83,5.74,5.78,5.78,2238708
2004-12-07,5.86,5.9,5.81,5.86,5.86,4039015
2004-12-08,6.11,6.16,6.06,6.11,6.11,13722221
2004-12-09,6.01,6.05,5.96,6.01,6.01,9083467
2004-12-10,6.0,6.04,5.95,6.0,6.0,3304542
2004-12-13,5.88,5.93,5.83,5.88,5.88,7060651
2004-12-14,5.98,6.03,5.93,5.98,5.98,2698150
2004-12-15,5.87,5.92,5.82,5.87,5.87,8274595
2004-12-16,5.88,5.93,5.83,5.88,5.88,7053467
2004-12-17,5.88,5.92,5.83,5.88,5.88,3189191
2004-12-20,5.92,5.97,5.87,5.92,5.92,2629739
2004-12-21,5.97,6.01,5.92,5.97,5.97,2484673
2004-12-22,6.08,6.13,6.03,6.08,6.08,6601724
2004-12-23,6.1,6.15,6.05,6.1,6.1,5934071
2004-12-24,6.08,6.13,6.03,6.08,6.08,3642250
2004-12-27,6.11,6.16,6.06,6.11,6.11,3046421
2004-12-28,6.13,6.18,6.08,6.13,6.13,6378617
2004-12-29,6.04,6.09,5.99,6.04,6.04,7554792
2004-12-30,6.1,6.14,6.05,6.1,6.1,3399793
2004-12-31,6.19,6.24,6.14,6.19,6.19,2903628
2005-01-03,6.21,6.26,6.16,6.21,6.21,8608308
2005-01-04,6.28,6.33,6.23,6.28,6.28,8049633
2005-01-05,6.32,6.37,6.27,6.32,6.32,6231369
2005-01-06,6.34,6.39,6.29,6.34,6.34,5944118
2005-01-07,6.32,6.37,6.27,6.32,6.32,7394300
2005-01-10,6.29,6.34,6.24,6.29,6.29,5275981
2005-01-11,6.32,6.37,6.27,6.32,6.32,6714974
2005-01-12,6.1,6.15,6.05,6.1,6.1,2828614
2005-01-13,6.25,6.3,6.2,6.25,6.25,6593153
2005-01-14,6.32,6.38,6.27,6.32,6.32,4355715
2005-01-17,6.22,6.27,6.17,6.22,6.22,6264000
2005-01-18,6.4,6.45,6.34,6.4,6.4,7428468
2005-01-19,6.5,6.56,6.45,6.5,6.5,6435455
2005-01-20,6.67,6.72,6.61,6.67,6.67,4231412
2005-01-21,6.76,6.81,6.71,6.76,6.76,10558114
2005-01-24,6.74,6.79,6.69,6.74,6.74,8601650
2005-01-25,6.86,6.91,6.8,6.86,6.86,2679930
2005-01-26,6.81,6.86,6.75,6.81,6.81,5887001
2005-01-27,6.85,6.9,6.79,6.85,6.85,2319193
2005-01-28,6.72,6.77,6.66,6.72,6.72,6628554
2005-01-31,6.82,6.88,6.77,6.82,6.82,3473217
2005-02-01,6.7,6.75,6.64,6.7,6.7,5755847
2005-02-02,6.62,6.67,6.56,6.62,6.62,5484561
2005-02-03,6.67,6.73,6.62,6.67,6.67,8159592
2005-02-04,6.8,6.85,6.74,6.8,6.8,6501901
2005-02-07,6.75,6.8,6.69,6.75,6.75,9670760
2005-02-08,6.67,6.72,6.62,6.67,6.67,9233811
2005-02-09,6.45,6.5,6.4,6.45,6.45,8898495
2005-02-10,6.48,6.54,6.43,6.48,6.48,5203014
2005-02-11,6.59,6.64,6.53,6.59,6.59,4000323
2005-02-14,6.47,6.52,6.42,6.47,6.47,10297951
2005-02-15,6.41,6.46,6.35,6.41,6.41,5296172
2005-02-16,6.48,6.53,6.42,6.48,6.48,3162225
2005-02-17,6.56,6.61,6.51,6.56,6.56,2666106
2005-02-18,6.59,6.64,6.53,6.59,6.59,4865136
2005-02-21,6.68,6.73,6.63,6.68,6.68,5745275
2005-02-22,6.53,6.58,6.48,6.53,6.53,5099993
2005-02-23,6.45,6.5,6.4,6.45,6.45,6178727
2005-02-24,6.53,6.58,6.48,6.53,6.53,5820075
2005-02-25,6.61,6.66,6.56,6.61,6.61,5774381
2005-02-28,6.41,6.46,6.36,6.41,6.41,4830399
2005-03-01,6.47,6.52,6.42,6.47,6.47,3633108
2005-03-02,6.6,6.65,6.55,6.6,6.6,12960469
2005-03-03,6.56,6.61,6.51,6.56,6.56,7386182
2005-03-04,6.48,6.53,6.43,6.48,6.48,6940974
2005-03-07,6.34,6.39,6.29,6.34,6.34,3890723
2005-03-08,6.38,6.43,6.33,6.38,6.38,6571897
2005-03-09,6.47,6.52,6.42,6.47,6.47,6455511
2005-03-10,6.54,6.6,6.49,6.54,6.54,5237026
2005-03-11,6.61,6.66,6.55,6.61,6.61,7011871
2005-03-14,6.43,6.48,6.38,6.43,6.43,4392201
2005-03-15,6.46,6.51,6.41,6.46,6.46,9665227
2005-03-16,6.23,6.28,6.18,6.23,6.23,4165621
2005-03-17,6.08,6.13,6.03,6.08,6.08,6591668
2005-03-18,6.11,6.16,6.06,6.11,6.11,5248489
2005-03-21,6.19,6.24,6.14,6.19,6.19,3396727
2005-03-22,6.15,6.2,6.1,6.15,6.15,5812133
2005-03-23,6.21,6.26,6.16,6.21,6.21,4477053
2005-03-24,6.18,6.23,6.13,6.18,6.18,2513780
2005-03-25,6.15,6.2,6.11,6.15,6.15,2007816
2005-03-28,6.0,6.04,5.95,6.0,6.0,5910112
2005-03-29,6.07,6.12,6.02,6.07,6.07,8498813
2005-03-30,6.24,6.29,6.19,6.24,6.24,2970053
2005-03-31,6.3,6.35,6.25,6.3,6.3,7726903
2005-04-01,6.21,6.26,6.16,6.21,6.21,6253596
2005-04-04,6.16,6.21,6.11,6.16,6.16,8524786
2005-04-05,6.08,6.13,6.03,6.08,6.08,3711165
2005-04-06,6.0,6.05,5.95,6.0,6.0,6218328
2005-04-07,6.04,6.09,5.99,6.04,6.04,5878387
2005-04-08,6.06,6.1,6.01,6.06,6.06,3768566
2005-04-11,6.02,6.07,5.98,6.02,6.02,4977058
2005-04-12,5.99,6.04,5.94,5.99,5.99,6504991
2005-04-13,6.12,6.16,6.07,6.12,6.12,8076914
2005-04-14,6.06,6.11,6.01,6.06,6.06,7357339
2005-04-15,6.18,6.23,6.13,6.18,6.18,5691313
2005-04-18,6.16,6.21,6.11,6.16,6.16,2314934
2005-04-19,6.1,6.15,6.05,6.1,6.1,5815427
2005-04-20,6.0,6.05,5.95,6.0,6.0,4114226
2005-04-21,6.1,6.15,6.06,6.1,6.1,6305761
2005-04-22,6.09,6.14,6.04,6.09,6.09,8663637
2005-04-25,6.29,6.34,6.24,6.29,6.29,5752005
2005-04-26,6.17,6.22,6.12,6.17,6.17,4314405
2005-04-27,6.25,6.3,6.2,6.25,6.25,4088612
2005-04-28,6.28,6.33,6.23,6.28,6.28,7104890
2005-04-29,6.2,6.25,6.15,6.2,6.2,2831085
2005-05-02,6.13,6.18,6.08,6.13,6.13,3360270
2005-05-03,6.07,6.12,6.02,6.07,6.07,3280835
2005-05-04,6.04,6.08,5.99,6.04,6.04,6673259
2005-05-05,6.02,6.07,5.97,6.02,6.02,10272515
2005-05-06,5.95,6.0,5.9,5.95,5.95,5043868
2005-05-09,5.93,5.98,5.89,5.93,5.93,12484776
2005-05-10,5.94,5.99,5.89,5.94,5.94,10260862
2005-05-11,6.01,6.06,5.96,6.01,6.01,8257769
2005-05-12,5.95,5.99,5.9,5.95,5.95,4127105
2005-05-13,6.0,6.05,5.95,6.0,6.0,10750258
2005-05-16,5.93,5.98,5.89,5.93,5.93,5345243
2005-05-17,6.11,6.16,6.06,6.11,6.11,4115245
2005-05-18,6.09,6.14,6.04,6.09,6.09,7642425
2005-05-19,6.09,6.13,6.04,6.09,6.09,6639412
2005-05-20,6.12,6.17,6.07,6.12,6.12,9586473
2005-05-23,6.15,6.2,6.1,6.15,6.15,12263984
2005-05-24,6.29,6.34,6.24,6.29,6.29,5864288
2005-05-25,6.43,6.49,6.38,6.43,6.43,4070649
2005-05-26,6.41,6.46,6.36,6.41,6.41,9833452
2005-05-27,6.51,6.57,6.46,6.51,6.51,4451985
2005-05-30,6.59,6.64,6.54,6.59,6.59,5748412
2005-05-31,6.65,6.7,6.59,6.65,6.65,6107796
2005-06-01,6.51,6.56,6.46,6.51,6.51,4779299
2005-06-02,6.57,6.62,6.52,6.57,6.57,5310207
2005-06-03,6.49,6.54,6.43,6.49,6.49,5024908
2005-06-06,6.5,6.55,6.45,6.5,6.5,6385820
2005-06-07,6.65,6.7,6.6,6.65,6.65,8931420
2005-06-08,6.46,6.52,6.41,6.46,6.46,5201846
2005-06-09,6.67,6.72,6.62,6.67,6.67,9006571
2005-06-10,6.74,6.79,6.68,6.74,6.74,2935540
2005-06-13,6.71,6.76,6.65,6.71,6.71,8234317
2005-06-14,6.66,6.71,6.61,6.66,6.66,3353876
2005-06-15,6.68,6.73,6.62,6.68,6.68,2235233
2005-06-16,6.56,6.61,6.5,6.56,6.56,5924552
2005-06-17,6.66,6.71,6.61,6.66,6.66,5971325
2005-06-20,6.46,6.51,6.4,6.46,6.46,5180568
2005-06-21,6.47,6.52,6.42,6.47,6.47,6946943
2005-06-22,6.49,6.54,6.44,6.49,6.49,6357384
2005-06-23,6.56,6.61,6.51,6.56,6.56,9711694
2005-06-24,6.6,6.65,6.54,6.6,6.6,4207248
2005-06-27,6.59,6.64,6.53,6.59,6.59,4574942
2005-06-28,6.61,6.66,6.56,6.61,6.61,2026788
2005-06-29,6.76,6.82,6.71,6.76,6.76,3848565
2005-06-30,6.64,6.69,6.59,6.64,6.64,4768088
2005-07-01,6.54,6.59,6.49,6.54,6.54,6368962
2005-07-04,6.53,6.58,6.48,6.53,6.53,10166239
2005-07-05,6.49,6.54,6.44,6.49,6.49,4983625
2005-07-06,6.35,6.4,6.3,6.35,6.35,5484601
2005-07-07,6.38,6.43,6.33,6.38,6.38,3109779
2005-07-08,6.24,6.29,6.19,6.24,6.24,5282688
2005-07-11,6.34,6.39,6.28,6.34,6.34,8461709
2005-07-12,6.3,6.35,6.25,6.3,6.3,5133943
2005-07-13,6.23,6.28,6.18,6.23,6.23,9054013
2005-07-14,6.15,6.2,6.1,6.15,6.15,4268165
2005-07-15,6.33,6.38,6.28,6.33,6.33,3813606
2005-07-18,6.19,6.24,6.14,6.19,6.19,4248961
2005-07-19,6.13,6.17,6.08,6.13,6.13,5274477
2005-07-20,6.06,6.1,6.01,6.06,6.06,3074330
2005-07-21,6.13,6.18,6.08,6.13,6.13,5102909
2005-07-22,6.04,6.09,5.99,6.04,6.04,6312629
2005-07-25,6.08,6.13,6.03,6.08,6.08,6755658
2005-07-26,6.06,6.11,6.01,6.06,6.06,6681672
2005-07-27,5.88,5.93,5.83,5.88,5.88,8119799
2005-07-28,5.82,5.87,5.77,5.82,5.82,5381725
2005-07-29,5.81,5.86,5.76,5.81,5.81,4193271
2005-08-01,5.79,5.83,5.74,5.79,5.79,5674937
2005-08-02,5.7,5.75,5.66,5.7,5.7,9754560
2005-08-03,5.58,5.62,5.53,5.58,5.58,4116363
2005-08-04,5.72,5.76,5.67,5.72,5.72,3445278
2005-08-05,5.75,5.8,5.71,5.75,5.75,4288208
2005-08-08,5.74,5.78,5.69,5.74,5.74,7426083
2005-08-09,5.84,5.88,5.79,5.84,5.84,4970623
2005-08-10,5.94,5.99,5.9,5.94,5.94,6460783
2005-08-11,6.04,6.09,6.0,6.04,6.04,14645900
2005-08-12,6.13,6.18,6.09,6.13,6.13,5023211
2005-08-15,6.19,6.24,6.14,6.19,6.19,5390026
2005-08-16,6.16,6.21,6.11,6.16,6.16,11056187
2005-08-17,6.22,6.27,6.17,6.22,6.22,3655064
2005-08-18,6.16,6.21,6.12,6.16,6.16,7861450
2005-08-19,6.28,6.33,6.23,6.28,6.28,10850425
2005-08-22,6.25,6.3,6.2,6.25,6.25,4523856
2005-08-23,6.28,6.33,6.22,6.28,6.28,8925557
2005-08-24,6.33,6.38,6.28,6.33,6.33,13780224
2005-08-25,6.41,6.46,6.36,6.41,6.41,4536336
2005-08-26,6.39,6.44,6.34,6.39,6.39,5515154
2005-08-29,6.29,6.34,6.24,6.29,6.29,5927411
2005-08-30,6.24,6.29,6.19,6.24,6.24,8556327
2005-08-31,6.2,6.25,6.15,6.2,6.2,9036470
2005-09-01,6.1,6.15,6.05,6.1,6.1,6341068
2005-09-02,6.15,6.2,6.1,6.15,6.15,6323437
2005-09-05,6.16,6.21,6.11,6.16,6.16,7461547
2005-09-06,6.16,6.21,6.11,6.16,6.16,4389714
2005-09-07,6.19,6.24,6.14,6.19,6.19,8621852
2005-09-08,6.19,6.24,6.14,6.19,6.19,5281134
2005-09-09,6.29,6.34,6.24,6.29,6.29,7972388
2005-09-12,6.31,6.36,6.26,6.31,6.31,4351598
2005-09-13,6.21,6.26,6.16,6.21,6.21,6405105
2005-09-14,6.2,6.25,6.15,6.2,6.2,4367781
2005-09-15,6.23,6.28,6.18,6.23,6.23,5299281
2005-09-16,6.1,6.15,6.05,6.1,6.1,4833276
2005-09-19,6.13,6.18,6.08,6.13,6.13,4886398
2005-09-20,6.09,6.14,6.04,6.09,6.09,5715504
2005-09-21,6.04,6.09,5.99,6.04,6.04,4061486
2005-09-22,6.12,6.17,6.07,6.12,6.12,6769692
2005-09-23,6.15,6.2,6.1,6.15,6.15,9799813
2005-09-26,6.25,6.3,6.2,6.25,6.25,3905750
2005-09-27,6.1,6.14,6.05,6.1,6.1,7706694
2005-09-28,6.19,6.24,6.14,6.19,6.19,5343640
2005-09-29,6.2,6.25,6.15,6.2,6.2,5638038
2005-09-30,6.25,6.3,6.2,6.25,6.25,5911022
2005-10-03,6.18,6.23,6.13,6.18,6.18,2675717
2005-10-04,6.26,6.31,6.21,6.26,6.26,4026038
2005-10-05,6.16,6.21,6.11,6.16,6.16,12920372
2005-10-06,6.01,6.06,5.97,6.01,6.01,4381394
2005-10-07,5.96,6.01,5.91,5.96,5.96,22652001
2005-10-10,5.83,5.87,5.78,5.83,5.83,7774431
2005-10-11,5.83,5.88,5.78,5.83,5.83,6692122
2005-10-12,5.9,5.95,5.85,5.9,5.9,7332795
2005-10-13,6.01,6.05,5.96,6.01,6.01,7622421
2005-10-14,5.96,6.01,5.91,5.96,5.96,9474236
2005-10-17,6.03,6.08,5.98,6.03,6.03,8435936
2005-10-18,6.02,6.06,5.97,6.02,6.02,5086074
2005-10-19,5.97,6.02,5.92,5.97,5.97,5955057
2005-10-20,6.09,6.14,6.04,6.09,6.09,5083853
2005-10-21,6.12,6.17,6.07,6.12,6.12,4491675
2005-10-24,6.16,6.21,6.11,6.16,6.16,2628401
2005-10-25,5.93,5.97,5.88,5.93,5.93,5170182
2005-10-26,6.0,6.04,5.95,6.0,6.0,4703385
2005-10-27,5.97,6.02,5.92,5.97,5.97,11590743
2005-10-28,5.86,5.9,5.81,5.86,5.86,3619618
2005-10-31,5.88,5.92,5.83,5.88,5.88,6098829
2005-11-01,5.9,5.95,5.85,5.9,5.9,4404771
2005-11-02,5.8,5.84,5.75,5.8,5.8,4064292
2005-11-03,5.82,5.87,5.77,5.82,5.82,3708982
2005-11-04,5.83,5.88,5.79,5.83,5.83,3289116
2005-11-07,5.87,5.91,5.82,5.87,5.87,7148187
2005-11-08,5.8,5.85,5.76,5.8,5.8,4933657
2005-11-09,5.89,5.94,5.84,5.89,5.89,8574475
2005-11-10,5.82,5.87,5.78,5.82,5.82,7230170
2005-11-11,5.76,5.8,5.71,5.76,5.76,4698264
2005-11-14,5.61,5.65,5.56,5.61,5.61,2166116
2005-11-15,5.5,5.54,5.45,5.5,5.5,9738813
2005-11-16,5.33,5.37,5.29,5.33,5.33,3449943
2005-11-17,5.4,5.44,5.35,5.4,5.4,5629493
2005-11-18,5.4,5.45,5.36,5.4,5.4,8030259
2005-11-21,5.42,5.46,5.37,5.42,5.42,7642980
2005-11-22,5.41,5.45,5.37,5.41,5.41,6141468
2005-11-23,5.27,5.31,5.23,5.27,5.27,4530321
2005-11-24,5.35,5.39,5.3,5.35,5.35,5841686
2005-11-25,5.28,5.33,5.24,5.28,5.28,9303356
2005-11-28,5.21,5.25,5.17,5.21,5.21,5798737
2005-11-29,5.07,5.11,5.03,5.07,5.07,6133878
2005-11-30,5.24,5.28,5.2,5.24,5.24,4140957
2005-12-01,5.19,5.24,5.15,5.19,5.19,5066744
2005-12-02,5.18,5.22,5.14,5.18,5.18,6015951
2005-12-05,5.31,5.35,5.26,5.31,5.31,7586560
2005-12-06,5.34,5.38,5.29,5.34,5.34,6750914
2005-12-07,5.29,5.33,5.25,5.29,5.29,6228049
2005-12-08,5.31,5.35,5.26,5.31,5.31,2850240
2005-12-09,5.38,5.42,5.34,5.38,5.38,3646446
2005-12-12,5.55,5.6,5.51,5.55,5.55,7341895
2005-12-13,5.61,5.66,5.57,5.61,5.61,3337953
2005-12-14,5.74,5.78,5.69,5.74,5.74,3660053
2005-12-15,5.79,5.84,5.75,5.79,5.79,4631696
2005-12-16,5.9,5.95,5.85,5.9,5.9,5173502
2005-12-19,5.84,5.88,5.79,5.84,5.84,3471266
2005-12-20,6.02,6.06,5.97,6.02,6.02,5083014
2005-12-21,6.1,6.15,6.05,6.1,6.1,8671283
2005-12-22,6.1,6.15,6.05,6.1,6.1,10837400
2005-12-23,6.12,6.17,6.07,6.12,6.12,6252554
2005-12-26,6.25,6.3,6.2,6.25,6.25,5038043
2005-12-27,6.3,6.35,6.25,6.3,6.3,3489970
2005-12-28,6.51,6.56,6.46,6.51,6.51,5046338
2005-12-29,6.64,6.69,6.59,6.64,6.64,9153174
2005-12-30,6.68,6.73,6.63,6.68,6.68,3320864
2006-01-02,6.49,6.55,6.44,6.49,6.49,4707767
2006-01-03,6.44,6.5,6.39,6.44,6.44,8473769
2006-01-04,6.43,6.48,6.38,6.43,6.43,7084785
2006-01-05,6.2,6.25,6.16,6.2,6.2,3051946
2006-01-06,6.22,6.27,6.17,6.22,6.22,3161065
2006-01-09,6.2,6.25,6.15,6.2,6.2,3928911
2006-01-10,6.27,6.32,6.22,6.27,6.27,6653913
2006-01-11,6.16,6.21,6.11,6.16,6.16,5488729
2006-01-12,6.12,6.17,6.07,6.12,6.12,5370569
2006-01-13,6.19,6.23,6.14,6.19,6.19,4030001
2006-01-16,6.19,6.24,6.14,6.19,6.19,4179299
2006-01-17,6.19,6.24,6.14,6.19,6.19,4404731
2006-01-18,6.16,6.21,6.11,6.16,6.16,8924806
2006-01-19,6.14,6.19,6.09,6.14,6.14,4368282
2006-01-20,6.25,6.3,6.2,6.25,6.25,3659976
2006-01-23,6.16,6.21,6.11,6.16,6.16,4936205
2006-01-24,6.15,6.2,6.1,6.15,6.15,8371240
2006-01-25,6.08,6.12,6.03,6.08,6.08,13293333
2006-01-26,6.05,6.09,6.0,6.05,6.05,6676960
2006-01-27,6.02,6.07,5.97,6.02,6.02,4649536
2006-01-30,6.04,6.08,5.99,6.04,6.04,4464935
2006-01-31,6.04,6.09,5.99,6.04,6.04,4158169
2006-02-01,5.89,5.94,5.84,5.89,5.89,3410812
2006-02-02,5.87,5.92,5.82,5.87,5.87,3277997
2006-02-03,5.81,5.85,5.76,5.81,5.81,5595102
2006-02-06,5.94,5.99,5.9,5.94,5.94,3270391
2006-02-07,5.93,5.98,5.89,5.93,5.93,4556683
2006-02-08,5.97,6.02,5.92,5.97,5.97,5363836
2006-02-09,5.91,5.96,5.87,5.91,5.91,5216287
2006-02-10,6.02,6.07,5.97,6.02,6.02,5798630
2006-02-13,5.95,6.0,5.9,5.95,5.95,4483358
2006-02-14,5.95,5.99,5.9,5.95,5.95,6579722
2006-02-15,5.89,5.94,5.84,5.89,5.89,4398690
2006-02-16,5.78,5.83,5.73,5.78,5.78,7381906
2006-02-17,5.7,5.75,5.65,5.7,5.7,4496446
2006-02-20,5.59,5.63,5.54,5.59,5.59,7684194
2006-02-21,5.47,5.51,5.43,5.47,5.47,5233523
2006-02-22,5.58,5.62,5.53,5.58,5.58,5617840
2006-02-23,5.56,5.6,5.51,5.56,5.56,8311443
2006-02-24,5.66,5.7,5.61,5.66,5.66,4503561
2006-02-27,5.74,5.79,5.7,5.74,5.74,2552239
2006-02-28,5.61,5.66,5.57,5.61,5.61,5694320
2006-03-01,5.66,5.7,5.61,5.66,5.66,8578982
2006-03-02,5.63,5.67,5.58,5.63,5.63,2061396
2006-03-03,5.62,5.67,5.58,5.62,5.62,3320211
2006-03-06,5.65,5.69,5.6,5.65,5.65,5884001
2006-03-07,5.6,5.65,5.56,5.6,5.6,3543952
2006-03-08,5.65,5.7,5.61,5.65,5.65,11975177
2006-03-09,5.6,5.64,5.55,5.6,5.6,5368653
2006-03-10,5.74,5.79,5.69,5.74,5.74,3359452
2006-03-13,5.67,5.72,5.62,5.67,5.67,3227011
2006-03-14,5.68,5.72,5.63,5.68,5.68,2187039
2006-03-15,5.68,5.72,5.63,5.68,5.68,5652015
2006-03-16,5.65,5.7,5.61,5.65,5.65,7037277
2006-03-17,5.73,5.78,5.68,5.73,5.73,5559297
2006-03-20,5.76,5.8,5.71,5.76,5.76,2910024
2006-03-21,5.66,5.71,5.62,5.66,5.66,5376653
2006-03-22,5.72,5.77,5.68,5.72,5.72,5623260
2006-03-23,5.67,5.71,5.62,5.67,5.67,6537456
2006-03-24,5.84,5.88,5.79,5.84,5.84,4210073
2006-03-27,5.77,5.81,5.72,5.77,5.77,2713701
2006-03-28,5.57,5.61,5.52,5.57,5.57,9904611
2006-03-29,5.6,5.65,5.56,5.6,5.6,4291287
2006-03-30,5.53,5.57,5.48,5.53,5.53,4123629
2006-03-31,5.52,5.56,5.47,5.52,5.52,8454118
2006-04-03,5.59,5.64,5.55,5.59,5.59,4180276
2006-04-04,5.61,5.65,5.56,5.61,5.61,2956836
2006-04-05,5.66,5.7,5.61,5.66,5.66,11578158
2006-04-06,5.66,5.71,5.62,5.66,5.66,5678194
2006-04-07,5.73,5.78,5.68,5.73,5.73,5460800
2006-04-10,5.78,5.82,5.73,5.78,5.78,5186907
2006-04-11,5.82,5.87,5.78,5.82,5.82,3631438
2006-04-12,5.87,5.92,5.83,5.87,5.87,4948570
2006-04-13,5.79,5.83,5.74,5.79,5.79,5880816
2006-04-14,5.72,5.77,5.68,5.72,5.72,11782842
2006-04-17,5.72,5.77,5.68,5.72,5.72,4359162
2006-04-18,5.63,5.68,5.59,5.63,5.63,9282476
2006-04-19,5.63,5.68,5.59,5.63,5.63,5797254
2006-04-20,5.6,5.65,5.56,5.6,5.6,3527809
2006-04-21,5.71,5.76,5.66,5.71,5.71,3721741
2006-04-24,5.76,5.81,5.71,5.76,5.76,4291041
2006-04-25,5.84,5.89,5.79,5.84,5.84,9057777
2006-04-26,5.81,5.85,5.76,5.81,5.81,8724805
2006-04-27,5.66,5.7,5.61,5.66,5.66,5736832
2006-04-28,5.74,5.79,5.69,5.74,5.74,4371093
2006-05-01,5.8,5.84,5.75,5.8,5.8,8538445
2006-05-02,5.87,5.91,5.82,5.87,5.87,4824434
2006-05-03,5.8,5.84,5.75,5.8,5.8,8197501
2006-05-04,5.81,5.86,5.76,5.81,5.81,3392312
2006-05-05,5.93,5.98,5.88,5.93,5.93,3374040
2006-05-08,5.95,6.0,5.91,5.95,5.95,7825101
2006-05-09,6.04,6.09,6.0,6.04,6.04,10466735
2006-05-10,6.04,6.09,5.99,6.04,6.04,2812999
2006-05-11,6.04,6.08,5.99,6.04,6.04,7604292
2006-05-12,6.02,6.06,5.97,6.02,6.02,6520731
2006-05-15,6.06,6.11,6.01,6.06,6.06,3401609
2006-05-16,6.05,6.1,6.0,6.05,6.05,5852855
2006-05-17,6.12,6.17,6.07,6.12,6.12,8782920
2006-05-18,6.11,6.16,6.06,6.11,6.11,6394760
2006-05-19,6.13,6.18,6.08,6.13,6.13,6233449
2006-05-22,6.13,6.18,6.08,6.13,6.13,6002722
2006-05-23,6.03,6.08,5.98,6.03,6.03,5828673
2006-05-24,5.9,5.94,5.85,5.9,5.9,7924921
2006-05-25,5.84,5.89,5.8,5.84,5.84,4461927
2006-05-26,5.91,5.95,5.86,5.91,5.91,8498727
2006-05-29,6.02,6.07,5.97,6.02,6.02,8044920
2006-05-30,6.01,6.06,5.97,6.01,6.01,8137253
2006-05-31,6.03,6.08,5.98,6.03,6.03,5327797
2006-06-01,6.09,6.14,6.04,6.09,6.09,8806799
2006-06-02,6.0,6.04,5.95,6.0,6.0,6889597
2006-06-05,5.95,6.0,5.9,5.95,5.95,14663373
2006-06-06,6.11,6.15,6.06,6.11,6.11,3640174
2006-06-07,6.04,6.09,6.0,6.04,6.04,6305375
2006-06-08,6.07,6.12,6.02,6.07,6.07,3235965
2006-06-09,6.06,6.11,6.01,6.06,6.06,4552085
2006-06-12,6.11,6.16,6.06,6.11,6.11,4120556
2006-06-13,6.08,6.13,6.03,6.08,6.08,5587925
2006-06-14,6.26,6.31,6.21,6.26,6.26,4767344
2006-06-15,6.27,6.32,6.22,6.27,6.27,2387702
2006-06-16,6.47,6.52,6.42,6.47,6.47,3086167
2006-06-19,6.56,6.61,6.51,6.56,6.56,4506410
2006-06-20,6.63,6.69,6.58,6.63,6.63,2259392
2006-06-21,6.62,6.67,6.57,6.62,6.62,4871057
2006-06-22,6.66,6.71,6.61,6.66,6.66,5484759
2006-06-23,6.75,6.8,6.69,6.75,6.75,9303612
2006-06-26,6.81,6.87,6.76,6.81,6.81,12952327
2006-06-27,6.61,6.67,6.56,6.61,6.61,3728631
2006-06-28,6.71,6.77,6.66,6.71,6.71,5510158
2006-06-29,6.72,6.77,6.67,6.72,6.72,5708299
2006-06-30,6.83,6.88,6.78,6.83,6.83,6012874
2006-07-03,7.05,7.1,6.99,7.05,7.05,2637598
2006-07-04,7.0,7.06,6.95,7.0,7.0,5741716
2006-07-05,6.84,6.89,6.78,6.84,6.84,6918408
2006-07-06,6.96,7.02,6.91,6.96,6.96,5485749
2006-07-07,7.16,7.22,7.1,7.16,7.16,5707634
2006-07-10,7.31,7.37,7.25,7.31,7.31,5245002
2006-07-11,7.37,7.43,7.31,7.37,7.37,5885320
2006-07-12,7.26,7.32,7.2,7.26,7.26,2479245
2006-07-13,7.28,7.34,7.22,7.28,7.28,5288052
2006-07-14,7.22,7.28,7.16,7.22,7.22,3040898
2006-07-17,7.29,7.35,7.23,7.29,7.29,2992882
2006-07-18,7.24,7.3,7.19,7.24,7.24,3444059
2006-07-19,7.34,7.4,7.28,7.34,7.34,3840315
2006-07-20,7.36,7.42,7.3,7.36,7.36,4426027
2006-07-21,7.39,7.45,7.33,7.39,7.39,5715877
2006-07-24,7.21,7.26,7.15,7.21,7.21,6927083
2006-07-25,7.28,7.33,7.22,7.28,7.28,5495941
2006-07-26,7.2,7.26,7.14,7.2,7.2,2058601
2006-07-27,7.17,7.22,7.11,7.17,7.17,10253640
2006-07-28,7.29,7.35,7.24,7.29,7.29,3700622
2006-07-31,7.37,7.42,7.31,7.37,7.37,5142294
2006-08-01,7.42,7.48,7.36,7.42,7.42,5818018
2006-08-02,7.44,7.5,7.38,7.44,7.44,4836172
2006-08-03,7.26,7.32,7.2,7.26,7.26,3623770
2006-08-04,7.06,7.12,7.0,7.06,7.06,5973182
2006-08-07,7.21,7.26,7.15,7.21,7.21,4225832
2006-08-08,7.22,7.28,7.17,7.22,7.22,2954553
2006-08-09,7.24,7.3,7.19,7.24,7.24,3573992
2006-08-10,7.39,7.45,7.33,7.39,7.39,3581865
2006-08-11,7.52,7.58,7.46,7.52,7.52,5113984
2006-08-14,7.46,7.52,7.4,7.46,7.46,5068714
2006-08-15,7.42,7.48,7.36,7.42,7.42,4440875
2006-08-16,7.48,7.54,7.42,7.48,7.48,6991171
2006-08-17,7.64,7.7,7.58,7.64,7.64,4837905
2006-08-18,7.53,7.59,7.47,7.53,7.53,4493157
2006-08-21,7.61,7.67,7.55,7.61,7.61,4274759
2006-08-22,7.63,7.69,7.57,7.63,7.63,6885343
2006-08-23,7.45,7.51,7.39,7.45,7.45,4708903
2006-08-24,7.48,7.54,7.42,7.48,7.48,4481414
2006-08-25,7.43,7.49,7.37,7.43,7.43,4245890
2006-08-28,7.42,7.48,7.36,7.42,7.42,2965861
2006-08-29,7.43,7.49,7.37,7.43,7.43,3745154
2006-08-30,7.46,7.52,7.4,7.46,7.46,5550810
2006-08-31,7.28,7.33,7.22,7.28,7.28,10020678
2006-09-01,7.19,7.25,7.13,7.19,7.19,9250207
2006-09-04,7.29,7.35,7.23,7.29,7.29,9257672
2006-09-05,7.34,7.39,7.28,7.34,7.34,3248787
2006-09-06,7.2,7.25,7.14,7.2,7.2,3479867
2006-09-07,7.28,7.34,7.22,7.28,7.28,3642454
2006-09-08,7.23,7.28,7.17,7.23,7.23,7720984
2006-09-11,7.11,7.17,7.05,7.11,7.11,2378707
2006-09-12,7.04,7.1,6.99,7.04,7.04,4882953
2006-09-13,7.2,7.26,7.14,7.2,7.2,10470098
2006-09-14,7.14,7.19,7.08,7.14,7.14,4647347
2006-09-15,7.11,7.17,7.06,7.11,7.11,4609687
2006-09-18,7.15,7.21,7.09,7.15,7.15,3231052
2006-09-19,7.25,7.31,7.19,7.25,7.25,4341939
2006-09-20,7.25,7.31,7.19,7.25,7.25,3288824
2006-09-21,7.27,7.33,7.21,7.27,7.27,2862721
2006-09-22,7.25,7.3,7.19,7.25,7.25,2583865
2006-09-25,7.19,7.24,7.13,7.19,7.19,5721191
2006-09-26,7.04,7.09,6.98,7.04,7.04,6258593
2006-09-27,7.1,7.16,7.04,7.1,7.1,4319422
2006-09-28,7.11,7.16,7.05,7.11,7.11,4165478
2006-09-29,7.03,7.09,6.98,7.03,7.03,5527349
2006-10-02,6.9,6.95,6.84,6.9,6.9,2642098
2006-10-03,7.04,7.1,6.98,7.04,7.04,7823894
2006-10-04,7.36,7.42,7.3,7.36,7.36,4878341
2006-10-05,7.27,7.33,7.21,7.27,7.27,3865666
2006-10-06,7.16,7.22,7.11,7.16,7.16,4963422
2006-10-09,7.05,7.11,7.0,7.05,7.05,7508611
2006-10-10,6.95,7.01,6.9,6.95,6.95,4744149
2006-10-11,7.13,7.19,7.08,7.13,7.13,3160679
2006-10-12,7.21,7.27,7.15,7.21,7.21,4578403
2006-10-13,7.26,7.32,7.2,7.26,7.26,3226977
2006-10-16,7.11,7.17,7.05,7.11,7.11,3971299
2006-10-17,7.02,7.07,6.96,7.02,7.02,4434060
2006-10-18,6.87,6.92,6.81,6.87,6.87,6302040
2006-10-19,6.86,6.92,6.81,6.86,6.86,5129961
2006-10-20,6.98,7.04,6.93,6.98,6.98,8984476
2006-10-23,7.16,7.22,7.11,7.16,7.16,6709980
2006-10-24,7.3,7.36,7.25,7.3,7.3,12762195
2006-10-25,7.4,7.46,7.34,7.4,7.4,4117275
2006-10-26,7.22,7.28,7.17,7.22,7.22,7219924
2006-10-27,7.04,7.09,6.98,7.04,7.04,5899833
2006-10-30,6.99,7.04,6.93,6.99,6.99,6602965
2006-10-31,6.94,7.0,6.88,6.94,6.94,6856134
2006-11-01,7.03,7.09,6.97,7.03,7.03,3386134
2006-11-02,7.01,7.07,6.95,7.01,7.01,3707964
2006-11-03,7.17,7.23,7.12,7.17,7.17,7245289
2006-11-06,7.17,7.23,7.11,7.17,7.17,8694083
2006-11-07,6.98,7.04,6.92,6.98,6.98,10029575
2006-11-08,6.93,6.99,6.88,6.93,6.93,4021843
2006-11-09,6.93,6.98,6.87,6.93,6.93,4453373
2006-11-10,6.89,6.95,6.84,6.89,6.89,4782363
2006-11-13,6.84,6.89,6.78,6.84,6.84,5360048
2006-11-14,6.84,6.9,6.79,6.84,6.84,5555124
2006-11-15,6.88,6.93,6.82,6.88,6.88,4973661
2006-11-16,6.92,6.97,6.86,6.92,6.92,3924466
2006-11-17,6.97,7.03,6.91,6.97,6.97,4073095
2006-11-20,6.98,7.03,6.92,6.98,6.98,8694715
2006-11-21,6.93,6.99,6.88,6.93,6.93,1873958
2006-11-22,7.05,7.11,7.0,7.05,7.05,2623472
2006-11-23,7.08,7.13,7.02,7.08,7.08,3707586
2006-11-24,7.06,7.12,7.01,7.06,7.06,3607348
2006-11-27,6.93,6.98,6.87,6.93,6.93,9403943
2006-11-28,6.93,6.99,6.88,6.93,6.93,5917463
2006-11-29,6.99,7.04,6.93,6.99,6.99,6118977
2006-11-30,7.1,7.15,7.04,7.1,7.1,4048285
2006-12-01,7.19,7.25,7.13,7.19,7.19,4899383
2006-12-04,7.31,7.37,7.26,7.31,7.31,9677243
2006-12-05,7.39,7.45,7.33,7.39,7.39,5830788
2006-12-06,7.37,7.43,7.31,7.37,7.37,8653838
2006-12-07,7.28,7.34,7.22,7.28,7.28,6325658
2006-12-08,7.23,7.29,7.17,7.23,7.23,5372736
2006-12-11,7.3,7.36,7.24,7.3,7.3,9306504
2006-12-12,7.42,7.48,7.36,7.42,7.42,5062916
2006-12-13,7.55,7.61,7.48,7.55,7.55,6150083
2006-12-14,7.3,7.36,7.24,7.3,7.3,5460757
2006-12-15,7.17,7.23,7.12,7.17,7.17,3529255
2006-12-18,7.28,7.34,7.22,7.28,7.28,5061462
2006-12-19,7.13,7.18,7.07,7.13,7.13,5590389
2006-12-20,6.8,6.85,6.74,6.8,6.8,3328583
2006-12-21,6.8,6.86,6.75,6.8,6.8,5272001
2006-12-22,6.91,6.96,6.85,6.91,6.91,4442931
2006-12-25,6.92,6.98,6.87,6.92,6.92,4989831
2006-12-26,6.96,7.01,6.9,6.96,6.96,11435612
2006-12-27,7.02,7.08,6.97,7.02,7.02,7914312
2006-12-28,6.97,7.03,6.92,6.97,6.97,3405512
2006-12-29,7.12,7.17,7.06,7.12,7.12,2787666
2007-01-01,7.04,7.09,6.98,7.04,7.04,4957285
2007-01-02,7.08,7.14,7.02,7.08,7.08,8918947
2007-01-03,6.95,7.0,6.89,6.95,6.95,5475274
2007-01-04,7.12,7.18,7.07,7.12,7.12,3736065
2007-01-05,7.15,7.21,7.1,7.15,7.15,7481348
2007-01-08,7.17,7.22,7.11,7.17,7.17,1587661
2007-01-09,7.21,7.27,7.16,7.21,7.21,7081221
2007-01-10,7.35,7.41,7.29,7.35,7.35,5137122
2007-01-11,7.4,7.46,7.35,7.4,7.4,8828941
2007-01-12,7.33,7.39,7.27,7.33,7.33,5326087
2007-01-15,7.64,7.7,7.58,7.64,7.64,5979308
2007-01-16,7.69,7.75,7.62,7.69,7.69,6430980
2007-01-17,7.52,7.58,7.46,7.52,7.52,5277499
2007-01-18,7.49,7.55,7.43,7.49,7.49,9255827
2007-01-19,7.63,7.69,7.57,7.63,7.63,5232514
2007-01-22,7.49,7.55,7.43,7.49,7.49,5308468
2007-01-23,7.48,7.54,7.42,7.48,7.48,7060077
2007-01-24,7.61,7.67,7.55,7.61,7.61,4396829
2007-01-25,7.71,7.77,7.65,7.71,7.71,6943623
2007-01-26,7.81,7.87,7.75,7.81,7.81,4326289
2007-01-29,7.85,7.91,7.78,7.85,7.85,8899073
2007-01-30,7.9,7.97,7.84,7.9,7.9,1938195
2007-01-31,8.06,8.13,8.0,8.06,8.06,5151088
2007-02-01,8.12,8.18,8.05,8.12,8.12,6316640
2007-02-02,8.06,8.12,7.99,8.06,8.06,5271227
2007-02-05,8.02,8.08,7.95,8.02,8.02,8569865
2007-02-06,8.16,8.22,8.09,8.16,8.16,3342594
2007-02-07,8.25,8.32,8.19,8.25,8.25,9503176
2007-02-08,7.91,7.97,7.85,7.91,7.91,4354188
2007-02-09,7.72,7.78,7.66,7.72,7.72,5494054
2007-02-12,7.62,7.68,7.56,7.62,7.62,5625650
2007-02-13,7.69,7.76,7.63,7.69,7.69,9797427
2007-02-14,7.53,7.59,7.47,7.53,7.53,2496530
2007-02-15,7.46,7.52,7.4,7.46,7.46,5243181
2007-02-16,7.41,7.47,7.35,7.41,7.41,5040551
2007-02-19,7.48,7.54,7.42,7.48,7.48,3279521
2007-02-20,7.4,7.45,7.34,7.4,7.4,4283953
2007-02-21,7.48,7.54,7.42,7.48,7.48,10274690
2007-02-22,7.53,7.59,7.47,7.53,7.53,14201738
2007-02-23,7.37,7.43,7.32,7.37,7.37,4163828
2007-02-26,7.35,7.4,7.29,7.35,7.35,2986802
2007-02-27,7.24,7.3,7.18,7.24,7.24,4439272
2007-02-28,7.29,7.35,7.23,7.29,7.29,3102167
2007-03-01,7.12,7.18,7.06,7.12,7.12,5072590
2007-03-02,7.21,7.27,7.15,7.21,7.21,4782029
2007-03-05,7.18,7.23,7.12,7.18,7.18,2802490
2007-03-06,7.22,7.28,7.16,7.22,7.22,4310000
2007-03-07,7.19,7.25,7.13,7.19,7.19,2494318
2007-03-08,7.23,7.29,7.17,7.23,7.23,5823815
2007-03-09,7.23,7.29,7.17,7.23,7.23,6008758
2007-03-12,7.34,7.4,7.28,7.34,7.34,4250322
2007-03-13,7.36,7.42,7.3,7.36,7.36,6838972
2007-03-14,7.4,7.46,7.35,7.4,7.4,2445747
2007-03-15,7.59,7.66,7.53,7.59,7.59,4142164
2007-03-16,7.77,7.83,7.71,7.77,7.77,4271298
2007-03-19,7.67,7.74,7.61,7.67,7.67,4447443
2007-03-20,7.44,7.5,7.38,7.44,7.44,5675542
2007-03-21,7.48,7.54,7.42,7.48,7.48,3094033
2007-03-22,7.58,7.64,7.52,7.58,7.58,5519218
2007-03-23,7.52,7.58,7.46,7.52,7.52,8432054
2007-03-26,7.46,7.52,7.4,7.46,7.46,5627857
2007-03-27,7.4,7.46,7.34,7.4,7.4,3817442
2007-03-28,7.15,7.21,7.09,7.15,7.15,6386403
2007-03-29,7.07,7.12,7.01,7.07,7.07,1786148
2007-03-30,7.16,7.22,7.1,7.16,7.16,3806880
2007-04-02,7.03,7.09,6.97,7.03,7.03,5988860
2007-04-03,7.07,7.12,7.01,7.07,7.07,15021520
2007-04-04,6.99,7.05,6.93,6.99,6.99,10477393
2007-04-05,6.99,7.04,6.93,6.99,6.99,6097167
2007-04-06,6.98,7.03,6.92,6.98,6.98,3057002
2007-04-09,6.96,7.02,6.91,6.96,6.96,3246391
2007-04-10,7.0,7.06,6.95,7.0,7.0,4807326
2007-04-11,6.98,7.04,6.92,6.98,6.98,6682151
2007-04-12,7.08,7.13,7.02,7.08,7.08,6239865
2007-04-13,7.2,7.25,7.14,7.2,7.2,4835704
2007-04-16,7.28,7.33,7.22,7.28,7.28,4157850
2007-04-17,7.28,7.34,7.22,7.28,7.28,5063848
2007-04-18,7.42,7.48,7.36,7.42,7.42,7009148
2007-04-19,7.42,7.48,7.37,7.42,7.42,5046148
2007-04-20,7.37,7.43,7.31,7.37,7.37,8908572
2007-04-23,7.37,7.43,7.31,7.37,7.37,1913239
2007-04-24,7.29,7.35,7.23,7.29,7.29,3849576
2007-04-25,7.3,7.36,7.24,7.3,7.3,3389831
2007-04-26,7.4,7.46,7.34,7.4,7.4,3590506
2007-04-27,7.35,7.41,7.29,7.35,7.35,4997250
2007-04-30,7.32,7.38,7.26,7.32,7.32,6563821
2007-05-01,7.54,7.6,7.47,7.54,7.54,5813769
2007-05-02,7.6,7.66,7.54,7.6,7.6,8176120
2007-05-03,7.52,7.58,7.46,7.52,7.52,4085327
2007-05-04,7.39,7.45,7.33,7.39,7.39,8235008
2007-05-07,7.19,7.25,7.13,7.19,7.19,7086855
2007-05-08,7.31,7.37,7.25,7.31,7.31,6338635
2007-05-09,7.41,7.47,7.35,7.41,7.41,13501716
2007-05-10,7.43,7.49,7.37,7.43,7.43,5242546
2007-05-11,7.34,7.4,7.28,7.34,7.34,4623981
2007-05-14,7.2,7.25,7.14,7.2,7.2,3252746
2007-05-15,7.07,7.13,7.02,7.07,7.07,7059633
2007-05-16,7.19,7.25,7.13,7.19,7.19,7161106
2007-05-17,7.09,7.15,7.04,7.09,7.09,4522273
2007-05-18,6.96,7.02,6.91,6.96,6.96,6584229
2007-05-21,7.0,7.05,6.94,7.0,7.0,3087803
2007-05-22,7.18,7.24,7.12,7.18,7.18,7132045
2007-05-23,7.14,7.2,7.09,7.14,7.14,5943034
2007-05-24,7.19,7.25,7.13,7.19,7.19,7558593
2007-05-25,7.15,7.21,7.09,7.15,7.15,8409193
2007-05-28,7.13,7.18,7.07,7.13,7.13,7829794
2007-05-29,7.1,7.16,7.05,7.1,7.1,7635809
2007-05-30,6.95,7.0,6.89,6.95,6.95,3908434
2007-05-31,7.03,7.09,6.98,7.03,7.03,3165745
2007-06-01,7.25,7.31,7.2,7.25,7.25,3662378
2007-06-04,7.33,7.39,7.27,7.33,7.33,3974788
2007-06-05,7.24,7.29,7.18,7.24,7.24,5497613
2007-06-06,7.14,7.19,7.08,7.14,7.14,2328201
2007-06-07,7.33,7.39,7.27,7.33,7.33,4922909
2007-06-08,7.26,7.32,7.2,7.26,7.26,7738220
2007-06-11,7.3,7.36,7.24,7.3,7.3,5742289
2007-06-12,7.4,7.46,7.34,7.4,7.4,9015635
2007-06-13,7.44,7.5,7.38,7.44,7.44,10381856
2007-06-14,7.43,7.49,7.37,7.43,7.43,4242154
2007-06-15,7.47,7.53,7.41,7.47,7.47,5552613
2007-06-18,7.52,7.58,7.46,7.52,7.52,4089991
2007-06-19,7.5,7.56,7.44,7.5,7.5,6063946
2007-06-20,7.73,7.79,7.67,7.73,7.73,2466955
2007-06-21,7.86,7.92,7.79,7.86,7.86,5362015
2007-06-22,7.86,7.93,7.8,7.86,7.86,5813399
2007-06-25,7.8,7.87,7.74,7.8,7.8,5042200
2007-06-26,7.62,7.68,7.55,7.62,7.62,2938368
2007-06-27,7.64,7.7,7.58,7.64,7.64,6654564
2007-06-28,7.47,7.53,7.41,7.47,7.47,4039236
2007-06-29,7.6,7.66,7.53,7.6,7.6,7449581
2007-07-02,7.68,7.74,7.62,7.68,7.68,7475882
2007-07-03,7.55,7.61,7.49,7.55,7.55,5197454
2007-07-04,7.55,7.61,7.49,7.55,7.55,9398001
2007-07-05,7.44,7.5,7.38,7.44,7.44,3247607
2007-07-06,7.65,7.71,7.59,7.65,7.65,5331837
2007-07-09,7.81,7.88,7.75,7.81,7.81,4406118
2007-07-10,7.88,7.95,7.82,7.88,7.88,6078783
2007-07-11,7.84,7.9,7.77,7.84,7.84,11570079
2007-07-12,8.06,8.13,8.0,8.06,8.06,4760987
2007-07-13,8.19,8.26,8.13,8.19,8.19,6206236
2007-07-16,8.42,8.49,8.36,8.42,8.42,5708710
2007-07-17,8.24,8.31,8.18,8.24,8.24,7153323
2007-07-18,8.32,8.38,8.25,8.32,8.32,4921768
2007-07-19,8.52,8.59,8.45,8.52,8.52,4268381
2007-07-20,8.68,8.75,8.61,8.68,8.68,7194190
2007-07-23,8.68,8.75,8.61,8.68,8.68,7013616
2007-07-24,8.66,8.73,8.59,8.66,8.66,4160201
2007-07-25,8.59,8.66,8.52,8.59,8.59,5167974
2007-07-26,8.52,8.58,8.45,8.52,8.52,5851601
2007-07-27,8.39,8.46,8.32,8.39,8.39,4889321
2007-07-30,8.26,8.32,8.19,8.26,8.26,4589058
2007-07-31,8.19,8.26,8.13,8.19,8.19,12963646
2007-08-01,8.27,8.34,8.21,8.27,8.27,6437465
2007-08-02,8.24,8.3,8.17,8.24,8.24,3399232
2007-08-03,8.03,8.09,7.96,8.03,8.03,5706220
2007-08-06,8.17,8.23,8.1,8.17,8.17,1729701
2007-08-07,8.15,8.22,8.09,8.15,8.15,4190256
2007-08-08,7.98,8.04,7.92,7.98,7.98,4074480
2007-08-09,7.77,7.84,7.71,7.77,7.77,4785262
2007-08-10,7.9,7.97,7.84,7.9,7.9,4793705
2007-08-13,7.92,7.98,7.86,7.92,7.92,6487779
2007-08-14,8.1,8.17,8.04,8.1,8.1,5389717
2007-08-15,8.04,8.11,7.98,8.04,8.04,2696915
2007-08-16,7.93,8.0,7.87,7.93,7.93,10292406
2007-08-17,7.81,7.87,7.75,7.81,7.81,9661847
2007-08-20,7.77,7.83,7.7,7.77,7.77,4000646
2007-08-21,7.82,7.89,7.76,7.82,7.82,6475188
2007-08-22,7.75,7.81,7.69,7.75,7.75,2749792
2007-08-23,7.83,7.89,7.77,7.83,7.83,3890302
2007-08-24,7.53,7.59,7.47,7.53,7.53,5743532
2007-08-27,7.69,7.75,7.63,7.69,7.69,5165927
2007-08-28,7.7,7.76,7.64,7.7,7.7,11014008
2007-08-29,7.55,7.61,7.49,7.55,7.55,3462312
2007-08-30,7.59,7.65,7.53,7.59,7.59,3681458
2007-08-31,7.64,7.7,7.57,7.64,7.64,5077470
2007-09-03,7.63,7.69,7.57,7.63,7.63,3141612
2007-09-04,8.01,8.08,7.95,8.01,8.01,10894277
2007-09-05,8.19,8.26,8.13,8.19,8.19,7717061
2007-09-06,8.24,8.31,8.17,8.24,8.24,3593782
2007-09-07,8.15,8.22,8.09,8.15,8.15,2909588
2007-09-10,7.92,7.98,7.85,7.92,7.92,3943355
2007-09-11,7.72,7.78,7.65,7.72,7.72,3424453
2007-09-12,7.54,7.6,7.48,7.54,7.54,7757401
2007-09-13,7.65,7.71,7.59,7.65,7.65,4465854
2007-09-14,7.53,7.59,7.47,7.53,7.53,7255145
2007-09-17,7.41,7.47,7.35,7.41,7.41,5261305
2007-09-18,7.41,7.46,7.35,7.41,7.41,7271810
2007-09-19,7.38,7.44,7.32,7.38,7.38,7546836
2007-09-20,7.38,7.44,7.33,7.38,7.38,5466371
2007-09-21,7.45,7.51,7.39,7.45,7.45,7904969
2007-09-24,7.43,7.49,7.37,7.43,7.43,3815044
2007-09-25,7.23,7.29,7.18,7.23,7.23,7553394
2007-09-26,7.35,7.41,7.29,7.35,7.35,5901070
2007-09-27,7.54,7.6,7.48,7.54,7.54,5839899
2007-09-28,7.5,7.56,7.44,7.5,7.5,6217995
2007-10-01,7.36,7.42,7.3,7.36,7.36,7851604
2007-10-02,7.29,7.35,7.23,7.29,7.29,3092696
2007-10-03,7.38,7.44,7.32,7.38,7.38,6785885
2007-10-04,7.41,7.47,7.35,7.41,7.41,4525977
2007-10-05,7.28,7.34,7.22,7.28,7.28,5153499
2007-10-08,7.25,7.31,7.2,7.25,7.25,6197549
2007-10-09,7.23,7.28,7.17,7.23,7.23,7148779
2007-10-10,7.3,7.36,7.24,7.3,7.3,4980510
2007-10-11,7.23,7.29,7.17,7.23,7.23,4117839
2007-10-12,7.36,7.42,7.3,7.36,7.36,3979495
2007-10-15,7.25,7.31,7.19,7.25,7.25,8798594
2007-10-16,7.27,7.33,7.21,7.27,7.27,6584858
2007-10-17,7.31,7.37,7.25,7.31,7.31,4520448
2007-10-18,7.48,7.54,7.42,7.48,7.48,4163404
2007-10-19,7.37,7.43,7.31,7.37,7.37,5160260
2007-10-22,7.36,7.42,7.3,7.36,7.36,7315730
2007-10-23,7.45,7.51,7.39,7.45,7.45,6174075
2007-10-24,7.44,7.5,7.38,7.44,7.44,5439210
2007-10-25,7.45,7.51,7.4,7.45,7.45,5023228
2007-10-26,7.52,7.58,7.46,7.52,7.52,5502518
2007-10-29,7.52,7.58,7.46,7.52,7.52,5253453
2007-10-30,7.53,7.59,7.47,7.53,7.53,7852430
2007-10-31,7.45,7.51,7.39,7.45,7.45,14727347
2007-11-01,7.34,7.4,7.29,7.34,7.34,5249249
2007-11-02,7.2,7.25,7.14,7.2,7.2,4668441
2007-11-05,7.22,7.28,7.17,7.22,7.22,6429542
2007-11-06,7.15,7.21,7.1,7.15,7.15,8325916
2007-11-07,7.29,7.35,7.24,7.29,7.29,4627568
2007-11-08,7.4,7.45,7.34,7.4,7.4,4610888
2007-11-09,7.36,7.42,7.31,7.36,7.36,3479623
2007-11-12,7.36,7.42,7.3,7.36,7.36,4684557
2007-11-13,7.39,7.45,7.33,7.39,7.39,8443083
2007-11-14,7.47,7.53,7.41,7.47,7.47,5335327
2007-11-15,7.41,7.47,7.35,7.41,7.41,2755753
2007-11-16,7.53,7.59,7.47,7.53,7.53,5619749
2007-11-19,7.56,7.62,7.5,7.56,7.56,4860575
2007-11-20,7.74,7.8,7.67,7.74,7.74,2775285
2007-11-21,7.55,7.61,7.49,7.55,7.55,4426065
2007-11-22,7.67,7.73,7.61,7.67,7.67,4351607
2007-11-23,7.83,7.89,7.76,7.83,7.83,3586686
2007-11-26,7.89,7.95,7.82,7.89,7.89,6120824
2007-11-27,7.84,7.9,7.77,7.84,7.84,7111192
2007-11-28,7.78,7.84,7.72,7.78,7.78,14144939
2007-11-29,8.04,8.11,7.98,8.04,8.04,3683271
2007-11-30,8.12,8.19,8.06,8.12,8.12,7335052
2007-12-03,8.19,8.26,8.12,8.19,8.19,10674440
2007-12-04,8.16,8.23,8.1,8.16,8.16,14852170
2007-12-05,8.15,8.21,8.08,8.15,8.15,3076325
2007-12-06,8.03,8.09,7.96,8.03,8.03,6142297
2007-12-07,8.01,8.08,7.95,8.01,8.01,7086376
2007-12-10,8.21,8.27,8.14,8.21,8.21,5315493
2007-12-11,8.14,8.2,8.07,8.14,8.14,6120753
2007-12-12,8.22,8.29,8.15,8.22,8.22,3639496
2007-12-13,8.24,8.31,8.17,8.24,8.24,11724529
2007-12-14,8.13,8.2,8.07,8.13,8.13,7690193
2007-12-17,7.98,8.05,7.92,7.98,7.98,3044462
2007-12-18,7.91,7.97,7.85,7.91,7.91,4954819
2007-12-19,7.78,7.85,7.72,7.78,7.78,1673983
2007-12-20,7.86,7.92,7.79,7.86,7.86,5125347
2007-12-21,7.63,7.7,7.57,7.63,7.63,2439215
2007-12-24,7.46,7.52,7.4,7.46,7.46,4899035
2007-12-25,7.51,7.57,7.45,7.51,7.51,5921211
2007-12-26,7.76,7.82,7.69,7.76,7.76,3283438
2007-12-27,7.85,7.91,7.79,7.85,7.85,8695733
2007-12-28,7.82,7.89,7.76,7.82,7.82,9621106
2007-12-31,7.71,7.78,7.65,7.71,7.71,5750948
2008-01-01,7.5,7.56,7.44,7.5,7.5,4338551
2008-01-02,7.59,7.65,7.53,7.59,7.59,6926977
2008-01-03,7.54,7.6,7.48,7.54,7.54,3361210
2008-01-04,7.55,7.61,7.49,7.55,7.55,3844990
2008-01-07,7.55,7.61,7.49,7.55,7.55,3377832
2008-01-08,7.45,7.51,7.39,7.45,7.45,2725049
2008-01-09,7.39,7.45,7.33,7.39,7.39,4423490
2008-01-10,7.52,7.58,7.46,7.52,7.52,6038369
2008-01-11,7.61,7.67,7.55,7.61,7.61,3315809
2008-01-14,7.6,7.66,7.54,7.6,7.6,9711810
2008-01-15,7.75,7.81,7.68,7.75,7.75,3257469
2008-01-16,7.99,8.05,7.92,7.99,7.99,7979709
2008-01-17,8.04,8.1,7.97,8.04,8.04,12266878
2008-01-18,8.03,8.1,7.97,8.03,8.03,4617108
2008-01-21,7.93,7.99,7.87,7.93,7.93,10262184
2008-01-22,7.99,8.05,7.92,7.99,7.99,3558126
2008-01-23,7.89,7.95,7.83,7.89,7.89,6477563
2008-01-24,7.9,7.97,7.84,7.9,7.9,5912666
2008-01-25,7.94,8.0,7.88,7.94,7.94,6784553
2008-01-28,7.8,7.86,7.74,7.8,7.8,4102453
2008-01-29,7.82,7.88,7.75,7.82,7.82,3078872
2008-01-30,7.79,7.85,7.73,7.79,7.79,5511679
2008-01-31,7.93,8.0,7.87,7.93,7.93,4466336
2008-02-01,7.92,7.99,7.86,7.92,7.92,9497216
2008-02-04,7.74,7.8,7.68,7.74,7.74,3285435
2008-02-05,7.51,7.57,7.45,7.51,7.51,2394966
2008-02-06,7.6,7.66,7.54,7.6,7.6,2518032
2008-02-07,7.59,7.65,7.53,7.59,7.59,4758144
2008-02-08,7.41,7.47,7.35,7.41,7.41,6948026
2008-02-11,7.28,7.33,7.22,7.28,7.28,5497510
2008-02-12,7.36,7.42,7.3,7.36,7.36,4369862
2008-02-13,7.25,7.31,7.19,7.25,7.25,8714719
2008-02-14,7.28,7.34,7.23,7.28,7.28,5760270
2008-02-15,7.36,7.41,7.3,7.36,7.36,4916449
2008-02-18,7.32,7.37,7.26,7.32,7.32,6034136
2008-02-19,7.36,7.42,7.3,7.36,7.36,3884905
2008-02-20,7.39,7.45,7.33,7.39,7.39,5293688
2008-02-21,7.33,7.39,7.27,7.33,7.33,2399542
2008-02-22,7.32,7.38,7.26,7.32,7.32,4226313
2008-02-25,7.26,7.32,7.2,7.26,7.26,5198466
2008-02-26,7.19,7.24,7.13,7.19,7.19,8429399
2008-02-27,7.09,7.15,7.03,7.09,7.09,4543818
2008-02-28,6.91,6.97,6.86,6.91,6.91,4218810
2008-02-29,6.97,7.02,6.91,6.97,6.97,3614723
2008-03-03,6.94,6.99,6.88,6.94,6.94,7018536
2008-03-04,7.24,7.3,7.19,7.24,7.24,2442536
2008-03-05,7.26,7.32,7.21,7.26,7.26,7892091
2008-03-06,7.21,7.27,7.15,7.21,7.21,2815966
2008-03-07,7.23,7.28,7.17,7.23,7.23,3749501
2008-03-10,7.16,7.22,7.1,7.16,7.16,10615666
2008-03-11,7.18,7.24,7.13,7.18,7.18,5651529
2008-03-12,7.15,7.2,7.09,7.15,7.15,5385341
2008-03-13,7.1,7.15,7.04,7.1,7.1,4644092
2008-03-14,7.09,7.14,7.03,7.09,7.09,2868647
2008-03-17,7.16,7.22,7.11,7.16,7.16,6422549
2008-03-18,7.1,7.16,7.04,7.1,7.1,4344275
2008-03-19,6.99,7.05,6.94,6.99,6.99,2939055
2008-03-20,6.98,7.03,6.92,6.98,6.98,3604663
2008-03-21,7.15,7.2,7.09,7.15,7.15,5476136
2008-03-24,7.22,7.28,7.16,7.22,7.22,6653432
2008-03-25,7.18,7.24,7.12,7.18,7.18,3358023
2008-03-26,7.2,7.26,7.15,7.2,7.2,3292772
2008-03-27,7.14,7.2,7.09,7.14,7.14,3997024
2008-03-28,7.04,7.1,6.99,7.04,7.04,2995323
2008-03-31,6.82,6.88,6.77,6.82,6.82,6570460
2008-04-01,6.81,6.87,6.76,6.81,6.81,5204031
2008-04-02,6.74,6.79,6.68,6.74,6.74,10127822
2008-04-03,6.89,6.95,6.84,6.89,6.89,6706033
2008-04-04,6.78,6.83,6.73,6.78,6.78,8272285
2008-04-07,6.72,6.78,6.67,6.72,6.72,4976075
2008-04-08,6.81,6.87,6.76,6.81,6.81,4870600
2008-04-09,6.76,6.81,6.7,6.76,6.76,6194299
2008-04-10,6.79,6.84,6.73,6.79,6.79,5980052
2008-04-11,6.76,6.81,6.7,6.76,6.76,4554576
2008-04-14,6.84,6.9,6.79,6.84,6.84,4044285
2008-04-15,6.79,6.85,6.74,6.79,6.79,5310965
2008-04-16,6.82,6.88,6.77,6.82,6.82,6239703
2008-04-17,6.73,6.78,6.67,6.73,6.73,9399620
2008-04-18,6.41,6.46,6.36,6.41,6.41,9528970
2008-04-21,6.36,6.41,6.31,6.36,6.36,5691089
2008-04-22,6.33,6.38,6.28,6.33,6.33,8552899
2008-04-23,6.35,6.4,6.3,6.35,6.35,4711439
2008-04-24,6.3,6.35,6.25,6.3,6.3,4119455
2008-04-25,6.32,6.37,6.26,6.32,6.32,4783529
2008-04-28,6.32,6.37,6.27,6.32,6.32,5812575
2008-04-29,6.23,6.28,6.18,6.23,6.23,3569975
2008-04-30,6.41,6.46,6.36,6.41,6.41,6128978
2008-05-01,6.46,6.51,6.41,6.46,6.46,3926156
2008-05-02,6.29,6.34,6.24,6.29,6.29,5801217
2008-05-05,6.38,6.43,6.33,6.38,6.38,5616308
2008-05-06,6.45,6.5,6.39,6.45,6.45,7734397
2008-05-07,6.61,6.66,6.55,6.61,6.61,3759785
2008-05-08,6.66,6.71,6.61,6.66,6.66,9281752
2008-05-09,6.77,6.83,6.72,6.77,6.77,9365967
2008-05-12,6.83,6.89,6.78,6.83,6.83,4680683
2008-05-13,6.8,6.85,6.74,6.8,6.8,8260208
2008-05-14,6.92,6.97,6.86,6.92,6.92,6528016
2008-05-15,6.87,6.93,6.82,6.87,6.87,3796454
2008-05-16,7.03,7.09,6.97,7.03,7.03,14596824
2008-05-19,7.09,7.15,7.03,7.09,7.09,7326862
2008-05-20,6.75,6.81,6.7,6.75,6.75,5292931
2008-05-21,6.68,6.73,6.62,6.68,6.68,5103465
2008-05-22,6.79,6.84,6.73,6.79,6.79,3866274
2008-05-23,7.03,7.08,6.97,7.03,7.03,12881374
2008-05-26,6.95,7.01,6.9,6.95,6.95,3936721
2008-05-27,7.19,7.25,7.14,7.19,7.19,8033829
2008-05-28,7.3,7.36,7.24,7.3,7.3,11312279
2008-05-29,7.45,7.5,7.39,7.45,7.45,4893170
2008-05-30,7.38,7.44,7.32,7.38,7.38,8806183
2008-06-02,7.39,7.45,7.33,7.39,7.39,6328862
2008-06-03,7.62,7.68,7.56,7.62,7.62,4967573
2008-06-04,7.59,7.65,7.53,7.59,7.59,10062613
2008-06-05,7.73,7.79,7.66,7.73,7.73,3378566
2008-06-06,7.75,7.81,7.69,7.75,7.75,6938280
2008-06-09,7.55,7.61,7.49,7.55,7.55,2466953
2008-06-10,7.54,7.6,7.48,7.54,7.54,5969108
2008-06-11,7.52,7.58,7.46,7.52,7.52,8115971
2008-06-12,7.5,7.56,7.44,7.5,7.5,5339874
2008-06-13,7.36,7.42,7.3,7.36,7.36,3955192
2008-06-16,7.37,7.43,7.32,7.37,7.37,3687351
2008-06-17,7.46,7.52,7.4,7.46,7.46,2654533
2008-06-18,7.48,7.54,7.42,7.48,7.48,6080068
2008-06-19,7.3,7.36,7.24,7.3,7.3,6211012
2008-06-20,7.37,7.43,7.31,7.37,7.37,8848508
2008-06-23,7.41,7.47,7.36,7.41,7.41,6384418
2008-06-24,7.28,7.34,7.22,7.28,7.28,6881422
2008-06-25,7.26,7.32,7.2,7.26,7.26,5885926
2008-06-26,7.17,7.23,7.12,7.17,7.17,2487838
2008-06-27,7.29,7.35,7.24,7.29,7.29,4076183
2008-06-30,7.22,7.28,7.17,7.22,7.22,4080403
2008-07-01,7.22,7.27,7.16,7.22,7.22,5751695
2008-07-02,7.21,7.27,7.15,7.21,7.21,8390203
2008-07-03,7.23,7.28,7.17,7.23,7.23,2726301
2008-07-04,7.08,7.13,7.02,7.08,7.08,4961707
2008-07-07,6.86,6.91,6.8,6.86,6.86,6645173
2008-07-08,6.87,6.93,6.82,6.87,6.87,4515582
2008-07-09,6.98,7.04,6.93,6.98,6.98,6291591
2008-07-10,7.01,7.06,6.95,7.01,7.01,4302908
2008-07-11,7.1,7.15,7.04,7.1,7.1,3516561
2008-07-14,6.99,7.05,6.94,6.99,6.99,6683244
2008-07-15,7.08,7.14,7.03,7.08,7.08,3739196
2008-07-16,7.08,7.14,7.02,7.08,7.08,6249465
2008-07-17,7.15,7.21,7.1,7.15,7.15,2619745
2008-07-18,7.39,7.45,7.33,7.39,7.39,8888000
2008-07-21,7.3,7.36,7.25,7.3,7.3,13181426
2008-07-22,7.2,7.26,7.15,7.2,7.2,3044907
2008-07-23,7.23,7.29,7.17,7.23,7.23,27233400
2008-07-24,7.21,7.27,7.15,7.21,7.21,5012077
2008-07-25,7.02,7.07,6.96,7.02,7.02,2759534
2008-07-28,7.2,7.26,7.14,7.2,7.2,5452982
2008-07-29,7.31,7.37,7.25,7.31,7.31,5890750
2008-07-30,7.15,7.21,7.09,7.15,7.15,4970233
2008-07-31,7.17,7.23,7.12,7.17,7.17,4633403
2008-08-01,7.06,7.12,7.01,7.06,7.06,6313044
2008-08-04,7.2,7.26,7.15,7.2,7.2,12018790
2008-08-05,7.18,7.24,7.12,7.18,7.18,5163137
2008-08-06,7.03,7.09,6.97,7.03,7.03,7707877
2008-08-07,7.03,7.09,6.97,7.03,7.03,5556537
2008-08-08,7.13,7.19,7.07,7.13,7.13,7254625
2008-08-11,7.25,7.31,7.19,7.25,7.25,8371460
2008-08-12,7.24,7.3,7.18,7.24,7.24,4304403
2008-08-13,7.26,7.32,7.2,7.26,7.26,7140030
2008-08-14,7.18,7.24,7.12,7.18,7.18,3235144
2008-08-15,7.27,7.33,7.22,7.27,7.27,2691402
2008-08-18,7.27,7.33,7.21,7.27,7.27,3964777
2008-08-19,7.21,7.26,7.15,7.21,7.21,7985375
2008-08-20,7.07,7.12,7.01,7.07,7.07,4130987
2008-08-21,7.01,7.07,6.95,7.01,7.01,8043420
2008-08-22,7.0,7.06,6.95,7.0,7.0,5520132
2008-08-25,7.14,7.2,7.09,7.14,7.14,3739555
2008-08-26,7.05,7.1,6.99,7.05,7.05,4288527
2008-08-27,7.18,7.24,7.12,7.18,7.18,1811173
2008-08-28,7.26,7.32,7.2,7.26,7.26,6019669
2008-08-29,7.13,7.19,7.07,7.13,7.13,2435804
2008-09-01,7.11,7.17,7.06,7.11,7.11,2568359
2008-09-02,6.97,7.02,6.91,6.97,6.97,4466356
2008-09-03,6.91,6.97,6.86,6.91,6.91,5254482
2008-09-04,6.78,6.83,6.72,6.78,6.78,4376915
2008-09-05,6.74,6.79,6.68,6.74,6.74,6364550
2008-09-08,6.76,6.81,6.7,6.76,6.76,5705306
2008-09-09,6.74,6.8,6.69,6.74,6.74,2961946
2008-09-10,6.74,6.79,6.68,6.74,6.74,10680695
2008-09-11,6.8,6.86,6.75,6.8,6.8,3214275
2008-09-12,6.68,6.73,6.62,6.68,6.68,8186253
2008-09-15,6.73,6.78,6.67,6.73,6.73,7946526
2008-09-16,6.81,6.86,6.75,6.81,6.81,2958872
2008-09-17,6.85,6.91,6.8,6.85,6.85,4111397
2008-09-18,6.75,6.81,6.7,6.75,6.75,5283006
2008-09-19,6.76,6.81,6.7,6.76,6.76,4711230
2008-09-22,6.72,6.78,6.67,6.72,6.72,4836395
2008-09-23,6.56,6.61,6.51,6.56,6.56,4908867
2008-09-24,6.38,6.43,6.32,6.38,6.38,4099317
2008-09-25,6.47,6.52,6.42,6.47,6.47,3129891
2008-09-26,6.44,6.49,6.39,6.44,6.44,5806709
2008-09-29,6.45,6.5,6.4,6.45,6.45,4821087
2008-09-30,6.58,6.63,6.53,6.58,6.58,4055315
2008-10-01,6.71,6.76,6.65,6.71,6.71,9721216
2008-10-02,6.53,6.58,6.47,6.53,6.53,3371912
2008-10-03,6.49,6.55,6.44,6.49,6.49,4078321
2008-10-06,6.57,6.62,6.51,6.57,6.57,6823694
2008-10-07,6.64,6.69,6.59,6.64,6.64,9840917
2008-10-08,6.68,6.73,6.63,6.68,6.68,5249001
2008-10-09,6.78,6.83,6.73,6.78,6.78,4983746
2008-10-10,6.82,6.87,6.76,6.82,6.82,2920610
2008-10-13,6.75,6.8,6.69,6.75,6.75,3271437
2008-10-14,6.98,7.04,6.92,6.98,6.98,3359619
2008-10-15,6.99,7.04,6.93,6.99,6.99,4374371
2008-10-16,6.94,7.0,6.88,6.94,6.94,4793400
2008-10-17,7.01,7.07,6.96,7.01,7.01,6699434
2008-10-20,6.94,7.0,6.89,6.94,6.94,6317473
2008-10-21,7.11,7.16,7.05,7.11,7.11,6100823
2008-10-22,7.06,7.12,7.0,7.06,7.06,3093910
2008-10-23,7.26,7.31,7.2,7.26,7.26,3360752
2008-10-24,7.13,7.19,7.07,7.13,7.13,5973717
2008-10-27,7.29,7.35,7.24,7.29,7.29,4874821
2008-10-28,7.18,7.24,7.12,7.18,7.18,3137544
2008-10-29,7.19,7.25,7.13,7.19,7.19,3245111
2008-10-30,7.25,7.31,7.19,7.25,7.25,8823390
2008-10-31,7.42,7.48,7.37,7.42,7.42,5013259
2008-11-03,7.24,7.3,7.19,7.24,7.24,3579542
2008-11-04,7.23,7.29,7.18,7.23,7.23,4688611
2008-11-05,7.1,7.16,7.05,7.1,7.1,5007247
2008-11-06,7.31,7.37,7.25,7.31,7.31,8045173
2008-11-07,7.1,7.15,7.04,7.1,7.1,2870598
2008-11-10,7.16,7.22,7.1,7.16,7.16,6861629
2008-11-11,7.26,7.32,7.2,7.26,7.26,5206166
2008-11-12,7.28,7.34,7.23,7.28,7.28,1514191
2008-11-13,7.27,7.33,7.21,7.27,7.27,4978927
2008-11-14,7.27,7.33,7.21,7.27,7.27,4941907
2008-11-17,7.34,7.4,7.28,7.34,7.34,5724506
2008-11-18,7.29,7.35,7.23,7.29,7.29,8510636
2008-11-19,7.33,7.39,7.27,7.33,7.33,4049926
2008-11-20,7.23,7.29,7.18,7.23,7.23,7055209
2008-11-21,7.26,7.32,7.2,7.26,7.26,11944205
2008-11-24,7.14,7.19,7.08,7.14,7.14,4598024
2008-11-25,7.12,7.17,7.06,7.12,7.12,3250410
2008-11-26,7.18,7.23,7.12,7.18,7.18,4523588
2008-11-27,7.15,7.21,7.09,7.15,7.15,4534076
2008-11-28,7.33,7.38,7.27,7.33,7.33,5763320
2008-12-01,7.53,7.59,7.47,7.53,7.53,2484962
2008-12-02,7.35,7.41,7.29,7.35,7.35,7198862
2008-12-03,7.28,7.33,7.22,7.28,7.28,4851027
2008-12-04,7.3,7.36,7.25,7.3,7.3,5566796
2008-12-05,7.49,7.55,7.43,7.49,7.49,11715786
2008-12-08,7.64,7.7,7.58,7.64,7.64,2816699
2008-12-09,7.88,7.94,7.82,7.88,7.88,8631597
2008-12-10,7.95,8.01,7.89,7.95,7.95,6421929
2008-12-11,7.91,7.97,7.84,7.91,7.91,3783918
2008-12-12,7.73,7.79,7.66,7.73,7.73,5213302
2008-12-15,7.84,7.9,7.77,7.84,7.84,6686777
2008-12-16,7.68,7.74,7.62,7.68,7.68,3917735
2008-12-17,7.83,7.89,7.77,7.83,7.83,9186551
2008-12-18,7.83,7.89,7.77,7.83,7.83,7895320
2008-12-19,7.68,7.74,7.62,7.68,7.68,5621715
2008-12-22,7.71,7.78,7.65,7.71,7.71,6146854
2008-12-23,7.74,7.8,7.68,7.74,7.74,4894717
2008-12-24,7.77,7.83,7.7,7.77,7.77,3301692
2008-12-25,7.83,7.9,7.77,7.83,7.83,3525100
2008-12-26,7.78,7.84,7.72,7.78,7.78,4456581
2008-12-29,7.75,7.81,7.68,7.75,7.75,5312466
2008-12-30,7.75,7.81,7.69,7.75,7.75,5870112
2008-12-31,7.73,7.79,7.67,7.73,7.73,6936173
2009-01-01,7.95,8.02,7.89,7.95,7.95,6640727
2009-01-02,7.96,8.03,7.9,7.96,7.96,3353312
2009-01-05,7.95,8.01,7.88,7.95,7.95,3438557
2009-01-06,7.99,8.06,7.93,7.99,7.99,9529939
2009-01-07,7.8,7.86,7.74,7.8,7.8,4265487
2009-01-08,7.71,7.77,7.65,7.71,7.71,3403533
2009-01-09,7.73,7.8,7.67,7.73,7.73,5841265
2009-01-12,7.84,7.9,7.78,7.84,7.84,6038141
2009-01-13,8.07,8.13,8.0,8.07,8.07,6290632
2009-01-14,8.11,8.18,8.05,8.11,8.11,5985029
2009-01-15,8.1,8.17,8.04,8.1,8.1,5920051
2009-01-16,7.98,8.04,7.92,7.98,7.98,4711304
2009-01-19,8.04,8.11,7.98,8.04,8.04,7229776
2009-01-20,8.1,8.17,8.04,8.1,8.1,8146581
2009-01-21,7.95,8.02,7.89,7.95,7.95,3609895
2009-01-22,7.83,7.89,7.77,7.83,7.83,6754926
2009-01-23,7.6,7.66,7.54,7.6,7.6,9433035
2009-01-26,7.91,7.97,7.85,7.91,7.91,8971610
2009-01-27,7.93,7.99,7.87,7.93,7.93,3596828
2009-01-28,7.71,7.77,7.65,7.71,7.71,7202522
2009-01-29,7.8,7.86,7.73,7.8,7.8,5507983
2009-01-30,7.87,7.93,7.8,7.87,7.87,3767191
2009-02-02,8.16,8.23,8.1,8.16,8.16,2932647
2009-02-03,8.34,8.4,8.27,8.34,8.34,7705655
2009-02-04,8.14,8.21,8.08,8.14,8.14,4946108
2009-02-05,8.14,8.2,8.07,8.14,8.14,7188920
2009-02-06,8.09,8.16,8.03,8.09,8.09,5574285
2009-02-09,8.13,8.19,8.06,8.13,8.13,6051462
2009-02-10,8.17,8.24,8.11,8.17,8.17,7392561
2009-02-11,8.29,8.35,8.22,8.29,8.29,7221308
2009-02-12,8.6,8.66,8.53,8.6,8.6,4826321
2009-02-13,8.44,8.51,8.38,8.44,8.44,17991938
2009-02-16,8.36,8.43,8.29,8.36,8.36,8481833
2009-02-17,8.24,8.3,8.17,8.24,8.24,15886539
2009-02-18,8.35,8.42,8.28,8.35,8.35,5718787
2009-02-19,8.35,8.42,8.29,8.35,8.35,6842202
2009-02-20,8.42,8.49,8.35,8.42,8.42,7159221
2009-02-23,8.42,8.49,8.36,8.42,8.42,6873401
2009-02-24,8.22,8.29,8.15,8.22,8.22,5008365
2009-02-25,8.35,8.41,8.28,8.35,8.35,7152628
2009-02-26,8.38,8.45,8.32,8.38,8.38,5098060
2009-02-27,8.4,8.47,8.34,8.4,8.4,11432390
2009-03-02,8.38,8.45,8.32,8.38,8.38,6323361
2009-03-03,8.43,8.5,8.36,8.43,8.43,4050863
2009-03-04,8.21,8.28,8.15,8.21,8.21,7280917
2009-03-05,8.22,8.29,8.16,8.22,8.22,8173901
2009-03-06,8.09,8.16,8.03,8.09,8.09,3988084
2009-03-09,8.08,8.15,8.02,8.08,8.08,2531606
2009-03-10,8.16,8.23,8.1,8.16,8.16,3655412
2009-03-11,8.16,8.23,8.1,8.16,8.16,3745369
2009-03-12,8.32,8.38,8.25,8.32,8.32,3544514
2009-03-13,8.57,8.64,8.5,8.57,8.57,3127428
2009-03-16,8.64,8.71,8.57,8.64,8.64,9334691
2009-03-17,8.52,8.59,8.46,8.52,8.52,2130006
2009-03-18,8.66,8.73,8.59,8.66,8.66,3064393
2009-03-19,8.69,8.75,8.62,8.69,8.69,6717787
2009-03-20,8.91,8.98,8.84,8.91,8.91,4080254
2009-03-23,8.86,8.93,8.79,8.86,8.86,4932750
2009-03-24,8.83,8.9,8.76,8.83,8.83,6519558
2009-03-25,8.59,8.66,8.52,8.59,8.59,12072980
2009-03-26,8.73,8.8,8.66,8.73,8.73,7381653
2009-03-27,8.64,8.71,8.57,8.64,8.64,2266649
2009-03-30,8.71,8.78,8.64,8.71,8.71,4584072
2009-03-31,8.76,8.83,8.69,8.76,8.76,2496542
2009-04-01,8.79,8.86,8.72,8.79,8.79,6212602
2009-04-02,8.72,8.79,8.65,8.72,8.72,5900509
2009-04-03,8.67,8.74,8.6,8.67,8.67,9184531
2009-04-06,8.55,8.62,8.49,8.55,8.55,5594346
2009-04-07,8.71,8.78,8.64,8.71,8.71,7196544
2009-04-08,8.63,8.7,8.56,8.63,8.63,4343664
2009-04-09,8.52,8.59,8.46,8.52,8.52,6831111
2009-04-10,8.61,8.68,8.54,8.61,8.61,8269640
2009-04-13,8.54,8.61,8.47,8.54,8.54,6933827
2009-04-14,8.8,8.87,8.73,8.8,8.8,5135374
2009-04-15,8.83,8.9,8.75,8.83,8.83,5020230
2009-04-16,8.76,8.83,8.69,8.76,8.76,7841650
2009-04-17,8.71,8.78,8.64,8.71,8.71,4740958
2009-04-20,8.61,8.68,8.55,8.61,8.61,4830521
2009-04-21,8.69,8.76,8.62,8.69,8.69,8164356
2009-04-22,8.68,8.75,8.61,8.68,8.68,7974163
2009-04-23,8.62,8.69,8.56,8.62,8.62,3683463
2009-04-24,8.49,8.56,8.43,8.49,8.49,2883389
2009-04-27,8.43,8.5,8.36,8.43,8.43,4014393
2009-04-28,8.33,8.4,8.27,8.33,8.33,8357574
2009-04-29,8.18,8.25,8.12,8.18,8.18,11392148
2009-04-30,8.29,8.36,8.23,8.29,8.29,5351862
2009-05-01,8.14,8.2,8.07,8.14,8.14,6835430
2009-05-04,7.99,8.05,7.93,7.99,7.99,3421880
2009-05-05,8.14,8.2,8.07,8.14,8.14,7991466
2009-05-06,8.0,8.07,7.94,8.0,8.0,7730311
2009-05-07,8.28,8.34,8.21,8.28,8.28,4241921
2009-05-08,8.27,8.34,8.2,8.27,8.27,5130859
2009-05-11,8.15,8.21,8.08,8.15,8.15,9199986
2009-05-12,8.23,8.3,8.17,8.23,8.23,2746331
2009-05-13,8.16,8.23,8.1,8.16,8.16,7461930
2009-05-14,8.05,8.11,7.98,8.05,8.05,3470679
2009-05-15,8.05,8.12,7.99,8.05,8.05,4909911
2009-05-18,8.08,8.14,8.02,8.08,8.08,7336049
2009-05-19,8.03,8.09,7.96,8.03,8.03,7658596
2009-05-20,8.09,8.15,8.02,8.09,8.09,3360925
2009-05-21,7.83,7.89,7.77,7.83,7.83,5259575
2009-05-22,7.93,8.0,7.87,7.93,7.93,3921843
2009-05-25,7.79,7.85,7.72,7.79,7.79,2922237
2009-05-26,7.54,7.6,7.48,7.54,7.54,4138053
2009-05-27,7.43,7.49,7.37,7.43,7.43,4111577
2009-05-28,7.41,7.47,7.35,7.41,7.41,4563305
2009-05-29,7.39,7.45,7.34,7.39,7.39,6816516
2009-06-01,7.38,7.44,7.32,7.38,7.38,3879855
2009-06-02,7.26,7.31,7.2,7.26,7.26,5051853
2009-06-03,7.12,7.17,7.06,7.12,7.12,5545918
2009-06-04,7.11,7.17,7.05,7.11,7.11,2987690
2009-06-05,7.26,7.32,7.21,7.26,7.26,5862938
2009-06-08,7.25,7.31,7.19,7.25,7.25,2719451
2009-06-09,7.11,7.17,7.06,7.11,7.11,3889117
2009-06-10,7.04,7.1,6.98,7.04,7.04,7881014
2009-06-11,6.95,7.01,6.89,6.95,6.95,3899781
2009-06-12,6.81,6.87,6.76,6.81,6.81,12721670
2009-06-15,6.79,6.84,6.73,6.79,6.79,5593554
2009-06-16,6.77,6.82,6.71,6.77,6.77,8085128
2009-06-17,6.55,6.6,6.5,6.55,6.55,6886247
2009-06-18,6.56,6.61,6.51,6.56,6.56,4391294
2009-06-19,6.31,6.37,6.26,6.31,6.31,3285553
2009-06-22,6.29,6.34,6.24,6.29,6.29,4697999
2009-06-23,6.3,6.35,6.25,6.3,6.3,5689261
2009-06-24,6.35,6.4,6.29,6.35,6.35,4372057
2009-06-25,6.51,6.56,6.46,6.51,6.51,3383552
2009-06-26,6.42,6.47,6.36,6.42,6.42,5042721
2009-06-29,6.48,6.53,6.43,6.48,6.48,10186076
2009-06-30,6.6,6.65,6.55,6.6,6.6,3156297
2009-07-01,6.71,6.76,6.65,6.71,6.71,6885460
2009-07-02,6.6,6.65,6.55,6.6,6.6,4921223
2009-07-03,6.57,6.62,6.51,6.57,6.57,4571424
2009-07-06,6.59,6.64,6.54,6.59,6.59,6813424
2009-07-07,6.61,6.67,6.56,6.61,6.61,3395051
2009-07-08,6.8,6.85,6.74,6.8,6.8,6926944
2009-07-09,6.74,6.79,6.69,6.74,6.74,5018799
2009-07-10,6.82,6.88,6.77,6.82,6.82,10025600
2009-07-13,6.92,6.97,6.86,6.92,6.92,3346048
2009-07-14,6.88,6.93,6.82,6.88,6.88,3972270
2009-07-15,7.09,7.15,7.04,7.09,7.09,4498623
2009-07-16,7.13,7.18,7.07,7.13,7.13,4795971
2009-07-17,7.11,7.17,7.05,7.11,7.11,2588361
2009-07-20,7.06,7.11,7.0,7.06,7.06,7561785
2009-07-21,7.14,7.2,7.08,7.14,7.14,7112386
2009-07-22,7.11,7.17,7.05,7.11,7.11,5541935
2009-07-23,7.17,7.23,7.11,7.17,7.17,2164823
2009-07-24,7.12,7.18,7.07,7.12,7.12,11380637
2009-07-27,7.48,7.54,7.42,7.48,7.48,3717797
2009-07-28,7.32,7.38,7.26,7.32,7.32,3251221
2009-07-29,7.37,7.43,7.31,7.37,7.37,6359793
2009-07-30,7.24,7.3,7.18,7.24,7.24,8954015
2009-07-31,7.17,7.23,7.12,7.17,7.17,8387925
2009-08-03,7.13,7.19,7.08,7.13,7.13,8727500
2009-08-04,7.1,7.16,7.05,7.1,7.1,10043687
2009-08-05,7.08,7.14,7.02,7.08,7.08,5415884
2009-08-06,6.9,6.96,6.85,6.9,6.9,6065335
2009-08-07,6.88,6.94,6.83,6.88,6.88,4568035
2009-08-10,6.83,6.88,6.77,6.83,6.83,6309029
2009-08-11,6.83,6.89,6.78,6.83,6.83,6086519
2009-08-12,6.9,6.95,6.84,6.9,6.9,12513294
2009-08-13,6.99,7.04,6.93,6.99,6.99,3935737
2009-08-14,7.04,7.09,6.98,7.04,7.04,6203784
2009-08-17,7.03,7.09,6.97,7.03,7.03,8922323
2009-08-18,7.09,7.15,7.04,7.09,7.09,6139479
2009-08-19,6.93,6.98,6.87,6.93,6.93,6744688
2009-08-20,7.18,7.23,7.12,7.18,7.18,4602248
2009-08-21,7.13,7.19,7.08,7.13,7.13,6903860
2009-08-24,7.08,7.14,7.03,7.08,7.08,8939198
2009-08-25,7.01,7.06,6.95,7.01,7.01,9544973
2009-08-26,6.85,6.9,6.79,6.85,6.85,7862142
2009-08-27,6.88,6.93,6.82,6.88,6.88,5349692
2009-08-28,7.07,7.13,7.02,7.07,7.07,4832430
2009-08-31,7.19,7.25,7.13,7.19,7.19,4065229
2009-09-01,7.19,7.25,7.14,7.19,7.19,4036924
2009-09-02,7.14,7.2,7.09,7.14,7.14,8752131
2009-09-03,7.09,7.15,7.03,7.09,7.09,6566951
2009-09-04,7.11,7.17,7.06,7.11,7.11,7851709
2009-09-07,7.17,7.22,7.11,7.17,7.17,3958435
2009-09-08,7.1,7.16,7.04,7.1,7.1,4430236
2009-09-09,7.07,7.13,7.02,7.07,7.07,2406725
2009-09-10,7.05,7.1,6.99,7.05,7.05,4218036
2009-09-11,7.06,7.11,7.0,7.06,7.06,3466159
2009-09-14,6.93,6.98,6.87,6.93,6.93,4950636
2009-09-15,6.89,6.94,6.83,6.89,6.89,4189688
2009-09-16,6.91,6.97,6.86,6.91,6.91,3064824
2009-09-17,6.82,6.87,6.76,6.82,6.82,9015588
2009-09-18,6.73,6.78,6.67,6.73,6.73,6220304
2009-09-21,6.75,6.8,6.69,6.75,6.75,5746530
2009-09-22,6.62,6.68,6.57,6.62,6.62,6672750
2009-09-23,6.82,6.88,6.77,6.82,6.82,6978482
2009-09-24,6.76,6.82,6.71,6.76,6.76,4365800
2009-09-25,6.72,6.77,6.67,6.72,6.72,5839945
2009-09-28,6.57,6.62,6.51,6.57,6.57,5630315
2009-09-29,6.53,6.58,6.47,6.53,6.53,8430480
2009-09-30,6.59,6.65,6.54,6.59,6.59,5455418
2009-10-01,6.64,6.69,6.59,6.64,6.64,7541621
2009-10-02,6.7,6.75,6.64,6.7,6.7,4336161
2009-10-05,6.63,6.69,6.58,6.63,6.63,5849314
2009-10-06,6.54,6.59,6.49,6.54,6.54,8058664
2009-10-07,6.48,6.54,6.43,6.48,6.48,4606994
2009-10-08,6.6,6.66,6.55,6.6,6.6,11693990
2009-10-09,6.58,6.63,6.52,6.58,6.58,3062767
2009-10-12,6.49,6.54,6.44,6.49,6.49,4915672
2009-10-13,6.52,6.57,6.47,6.52,6.52,10117979
2009-10-14,6.62,6.67,6.56,6.62,6.62,7414321
2009-10-15,6.57,6.62,6.51,6.57,6.57,8339817
2009-10-16,6.7,6.75,6.64,6.7,6.7,7230498
2009-10-19,6.64,6.69,6.59,6.64,6.64,2927172
2009-10-20,6.74,6.79,6.68,6.74,6.74,10064503
2009-10-21,6.84,6.9,6.79,6.84,6.84,8903603
2009-10-22,6.78,6.84,6.73,6.78,6.78,8435729
2009-10-23,6.92,6.98,6.87,6.92,6.92,4980118
2009-10-26,6.91,6.97,6.86,6.91,6.91,4514942
2009-10-27,6.79,6.84,6.73,6.79,6.79,7964633
2009-10-28,6.78,6.83,6.72,6.78,6.78,4085778
2009-10-29,6.94,6.99,6.88,6.94,6.94,4365619
2009-10-30,6.75,6.81,6.7,6.75,6.75,6908444
2009-11-02,6.92,6.98,6.86,6.92,6.92,6227751
2009-11-03,6.83,6.89,6.78,6.83,6.83,5973890
2009-11-04,6.82,6.87,6.77,6.82,6.82,3292118
2009-11-05,6.76,6.81,6.7,6.76,6.76,5105859
2009-11-06,6.78,6.83,6.73,6.78,6.78,7472236
2009-11-09,6.68,6.73,6.63,6.68,6.68,6220513
2009-11-10,6.64,6.69,6.59,6.64,6.64,8557844
2009-11-11,6.5,6.55,6.45,6.5,6.5,6518758
2009-11-12,6.53,6.58,6.47,6.53,6.53,6486854
2009-11-13,6.49,6.54,6.44,6.49,6.49,9316092
2009-11-16,6.5,6.55,6.45,6.5,6.5,6660953
2009-11-17,6.57,6.62,6.52,6.57,6.57,4656488
2009-11-18,6.52,6.57,6.46,6.52,6.52,4566919
2009-11-19,6.46,6.52,6.41,6.46,6.46,3747089
2009-11-20,6.44,6.49,6.39,6.44,6.44,3526436
2009-11-23,6.49,6.54,6.44,6.49,6.49,4566283
2009-11-24,6.59,6.64,6.54,6.59,6.59,6706531
2009-11-25,6.91,6.97,6.86,6.91,6.91,4398035
2009-11-26,6.97,7.03,6.92,6.97,6.97,3535502
2009-11-27,7.05,7.1,6.99,7.05,7.05,6749442
2009-11-30,7.09,7.14,7.03,7.09,7.09,5848244
2009-12-01,6.92,6.97,6.86,6.92,6.92,6290773
2009-12-02,6.98,7.03,6.92,6.98,6.98,8781412
2009-12-03,6.94,7.0,6.89,6.94,6.94,10722295
2009-12-04,6.93,6.98,6.87,6.93,6.93,8553074
2009-12-07,6.89,6.95,6.84,6.89,6.89,4069499
2009-12-08,6.75,6.8,6.7,6.75,6.75,7159015
2009-12-09,6.67,6.72,6.61,6.67,6.67,12149782
2009-12-10,6.85,6.9,6.79,6.85,6.85,6598364
2009-12-11,6.89,6.94,6.83,6.89,6.89,9049849
2009-12-14,7.08,7.14,7.03,7.08,7.08,5304231
2009-12-15,7.34,7.4,7.28,7.34,7.34,4876503
2009-12-16,7.44,7.5,7.38,7.44,7.44,7434904
2009-12-17,7.48,7.54,7.42,7.48,7.48,4092851
2009-12-18,7.53,7.59,7.46,7.53,7.53,12032541
2009-12-21,7.54,7.6,7.48,7.54,7.54,4772586
2009-12-22,7.62,7.68,7.56,7.62,7.62,6525570
2009-12-23,7.58,7.64,7.52,7.58,7.58,4060872
2009-12-24,7.41,7.47,7.35,7.41,7.41,3613780
2009-12-25,7.41,7.46,7.35,7.41,7.41,4721371
2009-12-28,7.22,7.27,7.16,7.22,7.22,6289226
2009-12-29,6.99,7.04,6.93,6.99,6.99,10683418
2009-12-30,7.03,7.08,6.97,7.03,7.03,3834653
2009-12-31,6.92,6.98,6.87,6.92,6.92,7328684
2010-01-01,7.01,7.07,6.96,7.01,7.01,2696001
2010-01-04,6.93,6.98,6.87,6.93,6.93,4932523
2010-01-05,6.78,6.83,6.72,6.78,6.78,5641815
2010-01-06,6.82,6.88,6.77,6.82,6.82,3609668
2010-01-07,6.75,6.81,6.7,6.75,6.75,7219567
2010-01-08,6.78,6.84,6.73,6.78,6.78,2337782
2010-01-11,6.84,6.9,6.79,6.84,6.84,7187325
2010-01-12,6.86,6.92,6.81,6.86,6.86,9386213
2010-01-13,7.0,7.06,6.95,7.0,7.0,2829165
2010-01-14,7.1,7.16,7.05,7.1,7.1,5106805
2010-01-15,7.1,7.16,7.04,7.1,7.1,6051261
2010-01-18,7.11,7.16,7.05,7.11,7.11,3322283
2010-01-19,7.01,7.07,6.95,7.01,7.01,4830183
2010-01-20,7.17,7.22,7.11,7.17,7.17,6433851
2010-01-21,7.25,7.31,7.19,7.25,7.25,3788085
2010-01-22,7.24,7.3,7.18,7.24,7.24,9141814
2010-01-25,7.13,7.19,7.07,7.13,7.13,9348858
2010-01-26,7.12,7.18,7.06,7.12,7.12,2622061
2010-01-27,7.14,7.2,7.09,7.14,7.14,6947843
2010-01-28,7.12,7.18,7.07,7.12,7.12,6924109
2010-01-29,7.06,7.12,7.01,7.06,7.06,8363116
2010-02-01,7.15,7.2,7.09,7.15,7.15,4007808
2010-02-02,7.33,7.39,7.27,7.33,7.33,5262927
2010-02-03,7.32,7.38,7.26,7.32,7.32,6292661
2010-02-04,7.37,7.43,7.31,7.37,7.37,10151446
2010-02-05,7.46,7.52,7.4,7.46,7.46,7237837
2010-02-08,7.64,7.7,7.58,7.64,7.64,5776474
2010-02-09,7.47,7.53,7.41,7.47,7.47,6297380
2010-02-10,7.59,7.65,7.53,7.59,7.59,3708648
2010-02-11,7.42,7.48,7.36,7.42,7.42,6874678
2010-02-12,7.25,7.31,7.19,7.25,7.25,4906084
2010-02-15,7.24,7.3,7.18,7.24,7.24,8867212
2010-02-16,7.19,7.25,7.13,7.19,7.19,3038532
2010-02-17,7.12,7.18,7.07,7.12,7.12,6518147
2010-02-18,7.12,7.17,7.06,7.12,7.12,10250428
2010-02-19,7.22,7.28,7.16,7.22,7.22,5851627
2010-02-22,7.38,7.44,7.32,7.38,7.38,4730152
2010-02-23,7.27,7.33,7.21,7.27,7.27,5111645
2010-02-24,7.13,7.18,7.07,7.13,7.13,8734427
2010-02-25,7.14,7.19,7.08,7.14,7.14,5827627
2010-02-26,7.17,7.23,7.12,7.17,7.17,10026963
2010-03-01,7.02,7.08,6.97,7.02,7.02,8240794
2010-03-02,7.08,7.13,7.02,7.08,7.08,3037502
2010-03-03,7.17,7.23,7.11,7.17,7.17,8543231
2010-03-04,7.08,7.13,7.02,7.08,7.08,7968520
2010-03-05,7.22,7.28,7.16,7.22,7.22,5704030
2010-03-08,7.19,7.25,7.13,7.19,7.19,5272251
2010-03-09,7.27,7.33,7.21,7.27,7.27,7861976
2010-03-10,7.3,7.36,7.24,7.3,7.3,4426650
2010-03-11,7.12,7.18,7.07,7.12,7.12,7485714
2010-03-12,7.09,7.15,7.04,7.09,7.09,3077356
2010-03-15,7.05,7.11,7.0,7.05,7.05,3972382
2010-03-16,7.01,7.07,6.95,7.01,7.01,5523711
2010-03-17,6.97,7.03,6.92,6.97,6.97,4375533
2010-03-18,6.99,7.04,6.93,6.99,6.99,4736804
2010-03-19,7.1,7.15,7.04,7.1,7.1,3563061
2010-03-22,7.26,7.32,7.2,7.26,7.26,6593156
2010-03-23,7.3,7.36,7.24,7.3,7.3,9709782
2010-03-24,7.32,7.38,7.27,7.32,7.32,5910715
2010-03-25,7.42,7.48,7.36,7.42,7.42,4396240
2010-03-26,7.45,7.51,7.39,7.45,7.45,5253897
2010-03-29,7.46,7.52,7.41,7.46,7.46,5544942
2010-03-30,7.37,7.43,7.31,7.37,7.37,3911510
2010-03-31,7.2,7.26,7.15,7.2,7.2,8773343
2010-04-01,7.21,7.27,7.15,7.21,7.21,8125835
2010-04-02,7.12,7.18,7.06,7.12,7.12,3606422
2010-04-05,7.01,7.06,6.95,7.01,7.01,2757486
2010-04-06,7.3,7.35,7.24,7.3,7.3,4834653
2010-04-07,7.21,7.27,7.16,7.21,7.21,21836044
2010-04-08,7.34,7.39,7.28,7.34,7.34,4564768
2010-04-09,7.32,7.38,7.26,7.32,7.32,5835771
2010-04-12,7.47,7.53,7.41,7.47,7.47,4533930
2010-04-13,7.54,7.61,7.48,7.54,7.54,3437332
2010-04-14,7.63,7.69,7.57,7.63,7.63,4106585
2010-04-15,7.66,7.72,7.6,7.66,7.66,8674677
2010-04-16,7.48,7.54,7.42,7.48,7.48,6428891
2010-04-19,7.45,7.51,7.39,7.45,7.45,3214190
2010-04-20,7.49,7.55,7.43,7.49,7.49,5717158
2010-04-21,7.61,7.67,7.55,7.61,7.61,8811405
2010-04-22,7.59,7.65,7.53,7.59,7.59,3010978
2010-04-23,7.76,7.82,7.69,7.76,7.76,2167715
2010-04-26,8.01,8.07,7.95,8.01,8.01,4402946
2010-04-27,8.11,8.18,8.05,8.11,8.11,4733335
2010-04-28,8.1,8.16,8.03,8.1,8.1,13334666
2010-04-29,8.03,8.09,7.96,8.03,8.03,2666906
2010-04-30,7.95,8.02,7.89,7.95,7.95,3922240
2010-05-03,7.94,8.01,7.88,7.94,7.94,6424994
2010-05-04,8.04,8.11,7.98,8.04,8.04,3861791
2010-05-05,7.78,7.84,7.72,7.78,7.78,7228543
2010-05-06,7.7,7.76,7.63,7.7,7.7,3904250
2010-05-07,7.77,7.83,7.71,7.77,7.77,3273186
2010-05-10,7.83,7.89,7.76,7.83,7.83,4371071
2010-05-11,7.82,7.88,7.75,7.82,7.82,4379982
2010-05-12,7.78,7.84,7.72,7.78,7.78,4882212
2010-05-13,7.85,7.92,7.79,7.85,7.85,2635546
2010-05-14,7.88,7.94,7.81,7.88,7.88,6058692
2010-05-17,7.74,7.81,7.68,7.74,7.74,6436702
2010-05-18,7.88,7.94,7.82,7.88,7.88,4076001
2010-05-19,8.16,8.23,8.1,8.16,8.16,5087923
2010-05-20,8.08,8.15,8.02,8.08,8.08,3262090
2010-05-21,7.83,7.89,7.77,7.83,7.83,7512960
2010-05-24,7.87,7.94,7.81,7.87,7.87,3787080
2010-05-25,7.92,7.99,7.86,7.92,7.92,8918667
2010-05-26,8.17,8.24,8.11,8.17,8.17,5485447
2010-05-27,8.14,8.2,8.07,8.14,8.14,7149246
2010-05-28,8.1,8.16,8.03,8.1,8.1,6701732
2010-05-31,8.07,8.14,8.01,8.07,8.07,3802758
2010-06-01,8.23,8.29,8.16,8.23,8.23,3417849
2010-06-02,8.07,8.13,8.0,8.07,8.07,7188241
2010-06-03,8.02,8.08,7.95,8.02,8.02,3336781
2010-06-04,7.99,8.05,7.92,7.99,7.99,10693686
2010-06-07,8.07,8.14,8.01,8.07,8.07,7059730
2010-06-08,8.02,8.09,7.96,8.02,8.02,5323521
2010-06-09,8.12,8.19,8.06,8.12,8.12,3953865
2010-06-10,7.99,8.05,7.92,7.99,7.99,6912815
2010-06-11,7.83,7.9,7.77,7.83,7.83,5867238
2010-06-14,7.85,7.91,7.78,7.85,7.85,6712072
2010-06-15,8.07,8.14,8.01,8.07,8.07,6298160
2010-06-16,7.84,7.9,7.78,7.84,7.84,6959359
2010-06-17,7.95,8.01,7.89,7.95,7.95,4268244
2010-06-18,7.81,7.87,7.74,7.81,7.81,12853923
2010-06-21,7.76,7.82,7.69,7.76,7.76,8138580
2010-06-22,7.79,7.85,7.73,7.79,7.79,5993080
2010-06-23,7.59,7.65,7.53,7.59,7.59,8112127
2010-06-24,7.62,7.68,7.56,7.62,7.62,5266643
2010-06-25,7.47,7.53,7.41,7.47,7.47,3974413
2010-06-28,7.46,7.51,7.4,7.46,7.46,5750059
2010-06-29,7.45,7.51,7.4,7.45,7.45,2744803
2010-06-30,7.33,7.39,7.27,7.33,7.33,7799777
2010-07-01,7.17,7.23,7.11,7.17,7.17,11731772
2010-07-02,7.03,7.09,6.98,7.03,7.03,4941749
2010-07-05,7.03,7.08,6.97,7.03,7.03,7890858
2010-07-06,6.91,6.97,6.86,6.91,6.91,3357736
2010-07-07,6.86,6.92,6.81,6.86,6.86,3561213
2010-07-08,6.89,6.94,6.83,6.89,6.89,8203117
2010-07-09,6.86,6.91,6.8,6.86,6.86,9023011
2010-07-12,6.88,6.94,6.83,6.88,6.88,7260239
2010-07-13,6.71,6.77,6.66,6.71,6.71,6093584
2010-07-14,6.91,6.97,6.86,6.91,6.91,6348277
2010-07-15,7.0,7.06,6.95,7.0,7.0,4616913
2010-07-16,6.91,6.97,6.86,6.91,6.91,3721519
2010-07-19,6.94,6.99,6.88,6.94,6.94,6613797
2010-07-20,6.91,6.96,6.85,6.91,6.91,3282791
2010-07-21,6.98,7.04,6.92,6.98,6.98,3884033
2010-07-22,7.06,7.11,7.0,7.06,7.06,4194916
2010-07-23,7.11,7.17,7.06,7.11,7.11,7168836
2010-07-26,6.92,6.97,6.86,6.92,6.92,12215882
2010-07-27,6.89,6.95,6.84,6.89,6.89,4850593
2010-07-28,6.91,6.96,6.85,6.91,6.91,4084842
2010-07-29,6.86,6.92,6.81,6.86,6.86,5004650
2010-07-30,7.07,7.12,7.01,7.07,7.07,4354054
2010-08-02,7.13,7.19,7.07,7.13,7.13,4339667
2010-08-03,7.22,7.27,7.16,7.22,7.22,7713095
2010-08-04,7.1,7.16,7.04,7.1,7.1,9444017
2010-08-05,7.27,7.33,7.22,7.27,7.27,3418663
2010-08-06,7.27,7.33,7.22,7.27,7.27,6196932
2010-08-09,7.36,7.42,7.31,7.36,7.36,7719174
2010-08-10,7.4,7.46,7.34,7.4,7.4,6094095
2010-08-11,7.26,7.31,7.2,7.26,7.26,8980743
2010-08-12,7.46,7.52,7.4,7.46,7.46,4582974
2010-08-13,7.6,7.66,7.54,7.6,7.6,4530981
2010-08-16,7.58,7.64,7.52,7.58,7.58,4904422
2010-08-17,7.69,7.75,7.63,7.69,7.69,6623963
2010-08-18,7.79,7.86,7.73,7.79,7.79,5382097
2010-08-19,7.8,7.86,7.74,7.8,7.8,4037648
2010-08-20,7.62,7.68,7.56,7.62,7.62,4288686
2010-08-23,7.76,7.82,7.7,7.76,7.76,9629109
2010-08-24,7.91,7.97,7.85,7.91,7.91,6529657
2010-08-25,7.82,7.88,7.76,7.82,7.82,5153966
2010-08-26,7.99,8.05,7.92,7.99,7.99,4168146
2010-08-27,8.1,8.16,8.03,8.1,8.1,3907367
2010-08-30,8.17,8.24,8.11,8.17,8.17,12266214
2010-08-31,8.16,8.23,8.1,8.16,8.16,4646901
2010-09-01,8.22,8.29,8.16,8.22,8.22,6354401
2010-09-02,8.38,8.44,8.31,8.38,8.38,7282225
2010-09-03,8.51,8.58,8.44,8.51,8.51,8465259
2010-09-06,8.53,8.6,8.46,8.53,8.53,5076862
2010-09-07,8.42,8.48,8.35,8.42,8.42,4367184
2010-09-08,8.49,8.56,8.42,8.49,8.49,8521700
2010-09-09,8.42,8.49,8.36,8.42,8.42,6560674
2010-09-10,8.38,8.45,8.32,8.38,8.38,6149765
2010-09-13,8.37,8.43,8.3,8.37,8.37,3130019
2010-09-14,8.38,8.45,8.32,8.38,8.38,4357562
2010-09-15,8.45,8.52,8.38,8.45,8.45,6355703
2010-09-16,8.57,8.64,8.5,8.57,8.57,3799096
2010-09-17,8.48,8.55,8.41,8.48,8.48,2963987
2010-09-20,8.27,8.33,8.2,8.27,8.27,5339987
2010-09-21,8.03,8.1,7.97,8.03,8.03,5343990
2010-09-22,8.0,8.06,7.93,8.0,8.0,10468076
2010-09-23,8.12,8.19,8.06,8.12,8.12,4634625
2010-09-24,8.05,8.12,7.99,8.05,8.05,6531085
2010-09-27,7.91,7.97,7.85,7.91,7.91,12101226
2010-09-28,7.9,7.96,7.84,7.9,7.9,8716586
2010-09-29,8.0,8.07,7.94,8.0,8.0,7418444
2010-09-30,8.14,8.2,8.07,8.14,8.14,4028395
2010-10-01,7.9,7.97,7.84,7.9,7.9,5382580
2010-10-04,7.64,7.7,7.58,7.64,7.64,7021794
2010-10-05,7.72,7.79,7.66,7.72,7.72,8200110
2010-10-06,7.66,7.72,7.6,7.66,7.66,4469992
2010-10-07,7.85,7.91,7.79,7.85,7.85,4371309
2010-10-08,7.96,8.02,7.89,7.96,7.96,7149816
2010-10-11,7.91,7.97,7.85,7.91,7.91,7022172
2010-10-12,7.87,7.94,7.81,7.87,7.87,3599156
2010-10-13,7.63,7.69,7.57,7.63,7.63,3581541
2010-10-14,7.59,7.65,7.53,7.59,7.59,3779538
2010-10-15,7.5,7.56,7.44,7.5,7.5,4169494
2010-10-18,7.45,7.51,7.39,7.45,7.45,16257845
2010-10-19,7.44,7.5,7.38,7.44,7.44,5426504
2010-10-20,7.32,7.38,7.26,7.32,7.32,3671041
2010-10-21,7.25,7.31,7.19,7.25,7.25,4514533
2010-10-22,7.49,7.55,7.43,7.49,7.49,4944515
2010-10-25,7.43,7.49,7.37,7.43,7.43,8387452
2010-10-26,7.35,7.41,7.29,7.35,7.35,8665916
2010-10-27,7.38,7.44,7.32,7.38,7.38,6519650
2010-10-28,7.5,7.56,7.44,7.5,7.5,5589026
2010-10-29,7.34,7.4,7.28,7.34,7.34,8170154
2010-11-01,7.42,7.48,7.36,7.42,7.42,13896905
2010-11-02,7.54,7.6,7.48,7.54,7.54,9890689
2010-11-03,7.65,7.71,7.59,7.65,7.65,7126626
2010-11-04,7.72,7.78,7.66,7.72,7.72,4191386
2010-11-05,7.86,7.92,7.8,7.86,7.86,3376431
2010-11-08,8.0,8.06,7.93,8.0,8.0,10600547
2010-11-09,7.83,7.9,7.77,7.83,7.83,2775023
2010-11-10,7.71,7.77,7.64,7.71,7.71,7381755
2010-11-11,7.63,7.69,7.57,7.63,7.63,4910963
2010-11-12,7.63,7.69,7.57,7.63,7.63,12161625
2010-11-15,7.59,7.65,7.53,7.59,7.59,12384278
2010-11-16,7.53,7.59,7.47,7.53,7.53,4007089
2010-11-17,7.62,7.68,7.56,7.62,7.62,7496632
2010-11-18,7.63,7.69,7.57,7.63,7.63,3005143
2010-11-19,7.64,7.7,7.57,7.64,7.64,7444874
2010-11-22,7.51,7.57,7.45,7.51,7.51,9142066
2010-11-23,7.44,7.5,7.38,7.44,7.44,2736843
2010-11-24,7.54,7.6,7.48,7.54,7.54,3799380
2010-11-25,7.54,7.6,7.48,7.54,7.54,8962698
2010-11-26,7.65,7.71,7.59,7.65,7.65,5728824
2010-11-29,7.68,7.74,7.62,7.68,7.68,5513712
2010-11-30,7.92,7.98,7.86,7.92,7.92,9902517
2010-12-01,8.08,8.15,8.02,8.08,8.08,3552350
2010-12-02,8.01,8.07,7.94,8.01,8.01,8791679
2010-12-03,8.17,8.24,8.11,8.17,8.17,8030171
2010-12-06,8.23,8.29,8.16,8.23,8.23,4545681
2010-12-07,8.08,8.14,8.02,8.08,8.08,4668300
2010-12-08,8.12,8.19,8.06,8.12,8.12,2733385
2010-12-09,8.07,8.13,8.0,8.07,8.07,5015367
2010-12-10,8.3,8.37,8.24,8.3,8.3,4257171
2010-12-13,8.34,8.41,8.28,8.34,8.34,4252872
2010-12-14,8.27,8.34,8.21,8.27,8.27,6423306
2010-12-15,8.16,8.22,8.09,8.16,8.16,6387746
2010-12-16,8.06,8.12,7.99,8.06,8.06,7867896
2010-12-17,8.05,8.11,7.98,8.05,8.05,3518424
2010-12-20,8.35,8.42,8.28,8.35,8.35,3399747
2010-12-21,8.54,8.61,8.47,8.54,8.54,8749182
2010-12-22,8.64,8.71,8.57,8.64,8.64,5253261
2010-12-23,8.42,8.48,8.35,8.42,8.42,5725846
2010-12-24,8.43,8.5,8.36,8.43,8.43,5188154
2010-12-27,8.4,8.47,8.34,8.4,8.4,5405062
2010-12-28,8.52,8.59,8.45,8.52,8.52,6440101
2010-12-29,8.71,8.78,8.64,8.71,8.71,2685692
2010-12-30,8.64,8.71,8.57,8.64,8.64,4281571
2010-12-31,8.47,8.54,8.4,8.47,8.47,3501471
2011-01-03,8.23,8.29,8.16,8.23,8.23,5389052
2011-01-04,8.28,8.35,8.21,8.28,8.28,6375092
2011-01-05,8.02,8.08,7.96,8.02,8.02,5975706
2011-01-06,7.99,8.06,7.93,7.99,7.99,4918043
2011-01-07,8.21,8.27,8.14,8.21,8.21,6370955
2011-01-10,8.16,8.23,8.1,8.16,8.16,5349217
2011-01-11,8.28,8.34,8.21,8.28,8.28,5452049
2011-01-12,8.13,8.19,8.06,8.13,8.13,7847347
2011-01-13,8.04,8.11,7.98,8.04,8.04,3748234
2011-01-14,8.1,8.17,8.04,8.1,8.1,5887805
2011-01-17,8.23,8.29,8.16,8.23,8.23,4604029
2011-01-18,8.15,8.21,8.08,8.15,8.15,7358393
2011-01-19,8.09,8.16,8.03,8.09,8.09,2324711
2011-01-20,8.03,8.1,7.97,8.03,8.03,3599664
2011-01-21,7.96,8.02,7.89,7.96,7.96,9130691
2011-01-24,7.85,7.91,7.78,7.85,7.85,7879298
2011-01-25,8.02,8.08,7.95,8.02,8.02,4401866
2011-01-26,8.16,8.22,8.09,8.16,8.16,4022545
2011-01-27,8.19,8.25,8.12,8.19,8.19,7195019
2011-01-28,8.41,8.47,8.34,8.41,8.41,6513496
2011-01-31,8.54,8.61,8.48,8.54,8.54,6241637
2011-02-01,8.61,8.68,8.54,8.61,8.61,8224645
2011-02-02,8.45,8.52,8.38,8.45,8.45,5740765
2011-02-03,8.28,8.35,8.22,8.28,8.28,2855273
2011-02-04,8.27,8.34,8.21,8.27,8.27,3591168
2011-02-07,8.43,8.5,8.36,8.43,8.43,5146403
2011-02-08,8.54,8.61,8.48,8.54,8.54,4965217
2011-02-09,8.62,8.69,8.55,8.62,8.62,1888364
2011-02-10,8.64,8.71,8.58,8.64,8.64,6571810
2011-02-11,8.83,8.9,8.76,8.83,8.83,12196173
2011-02-14,8.7,8.77,8.63,8.7,8.7,5996350
2011-02-15,8.61,8.68,8.54,8.61,8.61,2634272
2011-02-16,8.52,8.59,8.45,8.52,8.52,6968338
2011-02-17,8.42,8.49,8.36,8.42,8.42,8240426
2011-02-18,8.5,8.57,8.43,8.5,8.5,5266240
2011-02-21,8.53,8.59,8.46,8.53,8.53,7788075
2011-02-22,8.64,8.71,8.57,8.64,8.64,3363800
2011-02-23,8.99,9.07,8.92,8.99,8.99,8612861
2011-02-24,9.11,9.19,9.04,9.11,9.11,4420467
2011-02-25,9.21,9.29,9.14,9.21,9.21,7325064
2011-02-28,9.43,9.51,9.36,9.43,9.43,7036479
2011-03-01,9.64,9.72,9.57,9.64,9.64,5131602
2011-03-02,9.8,9.88,9.72,9.8,9.8,7535450
2011-03-03,9.73,9.81,9.65,9.73,9.73,2664688
2011-03-04,9.83,9.91,9.75,9.83,9.83,8847384
2011-03-07,9.71,9.79,9.63,9.71,9.71,3768110
2011-03-08,9.74,9.82,9.66,9.74,9.74,8012582
2011-03-09,9.92,10.0,9.84,9.92,9.92,5520323
2011-03-10,9.8,9.88,9.72,9.8,9.8,4538787
2011-03-11,9.85,9.93,9.77,9.85,9.85,4992085
2011-03-14,9.78,9.86,9.7,9.78,9.78,6433265
2011-03-15,9.89,9.97,9.81,9.89,9.89,4395637
2011-03-16,9.87,9.95,9.8,9.87,9.87,4629104
2011-03-17,10.09,10.17,10.01,10.09,10.09,3942014
2011-03-18,9.95,10.03,9.87,9.95,9.95,11863869
2011-03-21,9.87,9.95,9.79,9.87,9.87,5525792
2011-03-22,10.0,10.08,9.92,10.0,10.0,7208071
2011-03-23,9.79,9.87,9.71,9.79,9.79,6111908
2011-03-24,9.97,10.05,9.89,9.97,9.97,3921134
2011-03-25,10.14,10.22,10.06,10.14,10.14,5115590
2011-03-28,9.98,10.06,9.9,9.98,9.98,4811224
2011-03-29,10.0,10.08,9.92,10.0,10.0,4802123
2011-03-30,9.97,10.05,9.89,9.97,9.97,5251633
2011-03-31,9.92,10.0,9.84,9.92,9.92,6613994
2011-04-01,9.5,9.58,9.43,9.5,9.5,5236606
2011-04-04,9.51,9.58,9.43,9.51,9.51,4985896
2011-04-05,9.5,9.57,9.42,9.5,9.5,3551049
2011-04-06,9.55,9.62,9.47,9.55,9.55,7091767
2011-04-07,9.5,9.58,9.42,9.5,9.5,3308754
2011-04-08,9.45,9.52,9.37,9.45,9.45,3298017
2011-04-11,9.63,9.71,9.55,9.63,9.63,11437911
2011-04-12,9.49,9.57,9.41,9.49,9.49,7971541
2011-04-13,9.5,9.57,9.42,9.5,9.5,6298949
2011-04-14,9.55,9.62,9.47,9.55,9.55,5102761
2011-04-15,9.72,9.8,9.64,9.72,9.72,4710646
2011-04-18,9.99,10.07,9.91,9.99,9.99,5452865
2011-04-19,9.93,10.01,9.85,9.93,9.93,4371063
2011-04-20,9.92,10.0,9.84,9.92,9.92,5297621
2011-04-21,10.16,10.24,10.08,10.16,10.16,4301057
2011-04-22,10.16,10.24,10.08,10.16,10.16,3566389
2011-04-25,10.28,10.36,10.2,10.28,10.28,10254912
2011-04-26,10.35,10.44,10.27,10.35,10.35,4292987
2011-04-27,10.32,10.41,10.24,10.32,10.32,6815647
2011-04-28,10.44,10.52,10.36,10.44,10.44,3244066
2011-04-29,10.38,10.47,10.3,10.38,10.38,9738004
2011-05-02,10.59,10.67,10.5,10.59,10.59,7970201
2011-05-03,10.45,10.53,10.36,10.45,10.45,6945592
2011-05-04,10.44,10.52,10.35,10.44,10.44,5163672
2011-05-05,10.48,10.56,10.4,10.48,10.48,6248570
2011-05-06,10.48,10.56,10.39,10.48,10.48,6602324
2011-05-09,10.4,10.48,10.31,10.4,10.4,6978748
2011-05-10,10.18,10.27,10.1,10.18,10.18,6761026
2011-05-11,10.11,10.19,10.03,10.11,10.11,4062574
2011-05-12,10.22,10.3,10.14,10.22,10.22,7795853
2011-05-13,10.31,10.39,10.23,10.31,10.31,3017971
2011-05-16,9.99,10.07,9.91,9.99,9.99,10710651
2011-05-17,9.88,9.96,9.8,9.88,9.88,6855318
2011-05-18,10.01,10.09,9.93,10.01,10.01,7978732
2011-05-19,10.01,10.09,9.93,10.01,10.01,4018804
2011-05-20,10.15,10.23,10.07,10.15,10.15,3698694
2011-05-23,10.06,10.14,9.98,10.06,10.06,6493301
2011-05-24,9.95,10.03,9.87,9.95,9.95,4760726
2011-05-25,10.13,10.21,10.05,10.13,10.13,6676612
2011-05-26,10.37,10.46,10.29,10.37,10.37,3790858
2011-05-27,10.59,10.68,10.51,10.59,10.59,10432672
2011-05-30,10.71,10.79,10.62,10.71,10.71,1809917
2011-05-31,10.75,10.84,10.67,10.75,10.75,8328481
2011-06-01,10.9,10.99,10.81,10.9,10.9,3463695
2011-06-02,10.7,10.79,10.62,10.7,10.7,3937039
2011-06-03,10.57,10.65,10.48,10.57,10.57,4334657
2011-06-06,10.75,10.83,10.66,10.75,10.75,7250001
2011-06-07,10.84,10.93,10.75,10.84,10.84,4704792
2011-06-08,10.81,10.9,10.72,10.81,10.81,5834260
2011-06-09,11.07,11.16,10.98,11.07,11.07,6337159
2011-06-10,11.25,11.34,11.16,11.25,11.25,4583336
2011-06-13,11.1,11.19,11.01,11.1,11.1,4910692
2011-06-14,11.17,11.26,11.08,11.17,11.17,7099566
2011-06-15,10.97,11.06,10.88,10.97,10.97,4704685
2011-06-16,10.66,10.74,10.57,10.66,10.66,3848039
2011-06-17,10.6,10.69,10.52,10.6,10.6,3836531
2011-06-20,10.41,10.5,10.33,10.41,10.41,4339931
2011-06-21,10.45,10.54,10.37,10.45,10.45,4940277
2011-06-22,10.78,10.86,10.69,10.78,10.78,6263114
2011-06-23,10.93,11.02,10.85,10.93,10.93,3441110
2011-06-24,11.18,11.27,11.1,11.18,11.18,3683904
2011-06-27,11.39,11.48,11.3,11.39,11.39,4319799
2011-06-28,11.34,11.43,11.25,11.34,11.34,4232003
2011-06-29,11.2,11.29,11.11,11.2,11.2,6750924
2011-06-30,11.15,11.24,11.06,11.15,11.15,5251395
2011-07-01,11.04,11.13,10.95,11.04,11.04,4314721
2011-07-04,10.98,11.06,10.89,10.98,10.98,2343231
2011-07-05,11.02,11.11,10.94,11.02,11.02,4438129
2011-07-06,11.21,11.3,11.12,11.21,11.21,4603349
2011-07-07,11.22,11.31,11.13,11.22,11.22,4073041
2011-07-08,11.36,11.45,11.27,11.36,11.36,4137611
2011-07-11,11.09,11.17,11.0,11.09,11.09,5438880
2011-07-12,11.14,11.23,11.05,11.14,11.14,4100776
2011-07-13,10.95,11.03,10.86,10.95,10.95,4234463
2011-07-14,11.08,11.17,10.99,11.08,11.08,7133623
2011-07-15,10.9,10.99,10.81,10.9,10.9,8184038
2011-07-18,11.12,11.21,11.03,11.12,11.12,2920230
2011-07-19,11.13,11.22,11.04,11.13,11.13,3921231
2011-07-20,11.35,11.44,11.26,11.35,11.35,6979024
2011-07-21,11.2,11.29,11.11,11.2,11.2,7154374
2011-07-22,11.42,11.52,11.33,11.42,11.42,5300195
2011-07-25,11.53,11.62,11.44,11.53,11.53,3607014
2011-07-26,11.67,11.76,11.58,11.67,11.67,7971403
2011-07-27,11.53,11.63,11.44,11.53,11.53,3613502
2011-07-28,11.58,11.67,11.49,11.58,11.58,4022872
2011-07-29,11.52,11.61,11.43,11.52,11.52,9150286
2011-08-01,11.64,11.73,11.54,11.64,11.64,9509571
2011-08-02,11.7,11.8,11.61,11.7,11.7,2855607
2011-08-03,11.68,11.77,11.59,11.68,11.68,8052682
2011-08-04,11.63,11.72,11.53,11.63,11.63,6052074
2011-08-05,11.68,11.77,11.58,11.68,11.68,2446813
2011-08-08,11.46,11.55,11.37,11.46,11.46,12758258
2011-08-09,11.3,11.39,11.21,11.3,11.3,11507324
2011-08-10,11.23,11.32,11.14,11.23,11.23,5791514
2011-08-11,11.24,11.33,11.15,11.24,11.24,4008301
2011-08-12,11.19,11.28,11.1,11.19,11.19,6554380
2011-08-15,11.28,11.37,11.19,11.28,11.28,3425629
2011-08-16,11.46,11.55,11.37,11.46,11.46,8084796
2011-08-17,11.63,11.72,11.54,11.63,11.63,4045102
2011-08-18,11.78,11.88,11.69,11.78,11.78,5764811
2011-08-19,11.9,11.99,11.8,11.9,11.9,10615886
2011-08-22,11.62,11.71,11.52,11.62,11.62,4239471
2011-08-23,11.75,11.84,11.65,11.75,11.75,6834135
2011-08-24,11.62,11.72,11.53,11.62,11.62,4791104
2011-08-25,11.6,11.7,11.51,11.6,11.6,10011276
2011-08-26,11.64,11.73,11.55,11.64,11.64,4432621
2011-08-29,11.42,11.51,11.33,11.42,11.42,16771282
2011-08-30,11.24,11.33,11.15,11.24,11.24,8616901
2011-08-31,11.28,11.37,11.19,11.28,11.28,12812602
2011-09-01,11.13,11.22,11.04,11.13,11.13,6007327
2011-09-02,11.17,11.26,11.08,11.17,11.17,13024953
2011-09-05,10.96,11.05,10.87,10.96,10.96,3279926
2011-09-06,10.78,10.87,10.7,10.78,10.78,10477574
2011-09-07,10.76,10.85,10.68,10.76,10.76,3223234
2011-09-08,10.88,10.97,10.79,10.88,10.88,7276203
2011-09-09,10.59,10.68,10.51,10.59,10.59,3301804
2011-09-12,10.74,10.82,10.65,10.74,10.74,6642248
2011-09-13,10.85,10.94,10.77,10.85,10.85,2831060
2011-09-14,10.78,10.87,10.7,10.78,10.78,1936112
2011-09-15,10.72,10.8,10.63,10.72,10.72,3904165
2011-09-16,10.82,10.9,10.73,10.82,10.82,4742897
2011-09-19,10.81,10.89,10.72,10.81,10.81,4661926
2011-09-20,11.01,11.1,10.93,11.01,11.01,3063775
2011-09-21,10.94,11.03,10.86,10.94,10.94,3793730
2011-09-22,10.88,10.96,10.79,10.88,10.88,1616235
2011-09-23,10.69,10.78,10.61,10.69,10.69,7438128
2011-09-26,10.87,10.96,10.78,10.87,10.87,9834594
2011-09-27,10.89,10.98,10.8,10.89,10.89,6882707
2011-09-28,10.63,10.72,10.55,10.63,10.63,3286363
2011-09-29,10.55,10.64,10.47,10.55,10.55,7091750
2011-09-30,10.38,10.46,10.3,10.38,10.38,5386448
2011-10-03,10.45,10.54,10.37,10.45,10.45,7302578
2011-10-04,10.62,10.71,10.54,10.62,10.62,5233024
2011-10-05,10.64,10.72,10.55,10.64,10.64,7803616
2011-10-06,10.29,10.38,10.21,10.29,10.29,7895018
2011-10-07,10.18,10.26,10.1,10.18,10.18,6446212
2011-10-10,10.19,10.27,10.1,10.19,10.19,6243753
2011-10-11,10.18,10.27,10.1,10.18,10.18,11343644
2011-10-12,10.16,10.24,10.08,10.16,10.16,8409200
2011-10-13,10.12,10.2,10.04,10.12,10.12,7660096
2011-10-14,10.18,10.26,10.1,10.18,10.18,5109330
2011-10-17,10.08,10.16,10.0,10.08,10.08,3313523
2011-10-18,10.01,10.09,9.93,10.01,10.01,13024018
2011-10-19,10.17,10.26,10.09,10.17,10.17,8134475
2011-10-20,9.98,10.06,9.9,9.98,9.98,4372024
2011-10-21,10.01,10.1,9.93,10.01,10.01,4568468
2011-10-24,9.94,10.02,9.86,9.94,9.94,3160082
2011-10-25,9.68,9.75,9.6,9.68,9.68,3131634
2011-10-26,9.88,9.96,9.8,9.88,9.88,4466487
2011-10-27,9.79,9.87,9.72,9.79,9.79,7499978
2011-10-28,9.52,9.6,9.45,9.52,9.52,2029719
2011-10-31,9.42,9.49,9.34,9.42,9.42,8345868
2011-11-01,9.48,9.56,9.41,9.48,9.48,6095052
2011-11-02,9.56,9.64,9.48,9.56,9.56,5749049
2011-11-03,9.31,9.39,9.24,9.31,9.31,5445926
2011-11-04,9.14,9.21,9.07,9.14,9.14,7663759
2011-11-07,9.18,9.25,9.1,9.18,9.18,5179632
2011-11-08,8.96,9.03,8.88,8.96,8.96,1330042
2011-11-09,9.04,9.11,8.97,9.04,9.04,4313825
2011-11-10,8.97,9.05,8.9,8.97,8.97,4091686
2011-11-11,9.09,9.17,9.02,9.09,9.09,2666505
2011-11-14,9.01,9.08,8.94,9.01,9.01,9165592
2011-11-15,8.93,9.0,8.86,8.93,8.93,4400964
2011-11-16,8.93,9.0,8.85,8.93,8.93,7234896
2011-11-17,8.91,8.98,8.84,8.91,8.91,6003795
2011-11-18,8.9,8.97,8.83,8.9,8.9,4159794
2011-11-21,9.06,9.13,8.99,9.06,9.06,3998157
2011-11-22,8.97,9.04,8.9,8.97,8.97,5860345
2011-11-23,8.79,8.86,8.72,8.79,8.79,5645367
2011-11-24,8.94,9.01,8.86,8.94,8.94,3665102
2011-11-25,8.89,8.96,8.82,8.89,8.89,4108649
2011-11-28,8.91,8.98,8.83,8.91,8.91,6700115
2011-11-29,8.88,8.95,8.81,8.88,8.88,6260438
2011-11-30,8.78,8.85,8.71,8.78,8.78,4763672
2011-12-01,8.87,8.94,8.8,8.87,8.87,5813992
2011-12-02,8.92,8.99,8.84,8.92,8.92,5080712
2011-12-05,8.87,8.94,8.8,8.87,8.87,8367295
2011-12-06,8.79,8.86,8.72,8.79,8.79,2887781
2011-12-07,8.77,8.84,8.7,8.77,8.77,4366362
2011-12-08,8.85,8.92,8.78,8.85,8.85,5283870
2011-12-09,8.67,8.73,8.6,8.67,8.67,7376743
2011-12-12,8.47,8.54,8.4,8.47,8.47,5870388
2011-12-13,8.43,8.5,8.36,8.43,8.43,7887095
2011-12-14,8.57,8.64,8.5,8.57,8.57,3266182
2011-12-15,8.61,8.68,8.54,8.61,8.61,11967369
2011-12-16,8.73,8.8,8.66,8.73,8.73,5644883
2011-12-19,8.65,8.72,8.58,8.65,8.65,5340182
2011-12-20,8.55,8.62,8.48,8.55,8.55,3280014
2011-12-21,8.49,8.56,8.43,8.49,8.49,8068288
2011-12-22,8.67,8.74,8.6,8.67,8.67,3779207
2011-12-23,8.57,8.64,8.51,8.57,8.57,3074050
2011-12-26,8.62,8.69,8.55,8.62,8.62,3968094
2011-12-27,8.82,8.89,8.75,8.82,8.82,5431058
2011-12-28,8.9,8.97,8.82,8.9,8.9,5622557
2011-12-29,8.83,8.9,8.76,8.83,8.83,8105048
2011-12-30,8.71,8.78,8.64,8.71,8.71,4257739
2012-01-02,8.75,8.82,8.68,8.75,8.75,6774034
2012-01-03,8.95,9.02,8.88,8.95,8.95,4697508
2012-01-04,8.82,8.89,8.74,8.82,8.82,6178532
2012-01-05,8.73,8.8,8.66,8.73,8.73,4354621
2012-01-06,8.96,9.03,8.89,8.96,8.96,4889971
2012-01-09,8.88,8.96,8.81,8.88,8.88,3152993
2012-01-10,9.12,9.2,9.05,9.12,9.12,5360436
2012-01-11,9.16,9.24,9.09,9.16,9.16,6762179
2012-01-12,9.26,9.34,9.19,9.26,9.26,5923590
2012-01-13,9.28,9.36,9.21,9.28,9.28,7493420
2012-01-16,9.47,9.54,9.39,9.47,9.47,5675009
2012-01-17,9.59,9.67,9.52,9.59,9.59,3155377
2012-01-18,9.58,9.66,9.51,9.58,9.58,5316444
2012-01-19,9.77,9.85,9.69,9.77,9.77,6271120
2012-01-20,9.73,9.81,9.65,9.73,9.73,11108956
2012-01-23,9.64,9.72,9.56,9.64,9.64,4159242
2012-01-24,9.62,9.7,9.54,9.62,9.62,15222441
2012-01-25,9.82,9.9,9.74,9.82,9.82,3428048
2012-01-26,9.72,9.8,9.65,9.72,9.72,7724734
2012-01-27,9.7,9.78,9.62,9.7,9.7,4180409
2012-01-30,9.63,9.71,9.55,9.63,9.63,4461185
2012-01-31,9.65,9.72,9.57,9.65,9.65,7723693
2012-02-01,9.37,9.44,9.29,9.37,9.37,2643082
2012-02-02,9.57,9.65,9.49,9.57,9.57,2935963
2012-02-03,9.74,9.82,9.66,9.74,9.74,4414503
2012-02-06,9.62,9.7,9.55,9.62,9.62,4324557
2012-02-07,9.68,9.76,9.61,9.68,9.68,6502367
2012-02-08,9.6,9.68,9.53,9.6,9.6,4720886
2012-02-09,9.55,9.62,9.47,9.55,9.55,6512719
2012-02-10,9.55,9.63,9.48,9.55,9.55,3631220
2012-02-13,9.78,9.86,9.7,9.78,9.78,4718740
2012-02-14,9.81,9.89,9.73,9.81,9.81,6165509
2012-02-15,9.82,9.9,9.74,9.82,9.82,5319246
2012-02-16,10.11,10.19,10.03,10.11,10.11,5446065
2012-02-17,9.94,10.02,9.86,9.94,9.94,4670396
2012-02-20,9.84,9.92,9.76,9.84,9.84,5850459
2012-02-21,9.89,9.97,9.81,9.89,9.89,7502936
2012-02-22,10.03,10.11,9.95,10.03,10.03,5159694
2012-02-23,9.87,9.95,9.79,9.87,9.87,12431646
2012-02-24,9.71,9.79,9.64,9.71,9.71,3568330
2012-02-27,9.46,9.53,9.38,9.46,9.46,4535754
2012-02-28,9.55,9.63,9.48,9.55,9.55,10907743
2012-02-29,9.54,9.61,9.46,9.54,9.54,10805778
2012-03-01,9.55,9.62,9.47,9.55,9.55,7106876
2012-03-02,9.56,9.63,9.48,9.56,9.56,5115347
2012-03-05,9.62,9.7,9.55,9.62,9.62,1802296
2012-03-06,9.64,9.72,9.56,9.64,9.64,3722291
2012-03-07,9.77,9.85,9.69,9.77,9.77,2708966
2012-03-08,9.52,9.6,9.45,9.52,9.52,4726473
2012-03-09,9.1,9.17,9.03,9.1,9.1,2478291
2012-03-12,8.97,9.04,8.9,8.97,8.97,4623164
2012-03-13,9.02,9.09,8.95,9.02,9.02,3873468
2012-03-14,9.37,9.44,9.29,9.37,9.37,4636711
2012-03-15,9.42,9.5,9.35,9.42,9.42,5037651
2012-03-16,9.29,9.36,9.22,9.29,9.29,2238109
2012-03-19,9.07,9.15,9.0,9.07,9.07,5318387
2012-03-20,8.93,9.0,8.85,8.93,8.93,9082533
2012-03-21,9.2,9.27,9.12,9.2,9.2,9944870
2012-03-22,9.51,9.58,9.43,9.51,9.51,8563255
2012-03-23,9.46,9.53,9.38,9.46,9.46,8406870
2012-03-26,9.43,9.5,9.35,9.43,9.43,5225140
2012-03-27,9.38,9.46,9.31,9.38,9.38,5259533
2012-03-28,9.49,9.57,9.41,9.49,9.49,4142151
2012-03-29,9.47,9.55,9.39,9.47,9.47,4608906
2012-03-30,9.57,9.65,9.49,9.57,9.57,4291342
2012-04-02,9.7,9.78,9.62,9.7,9.7,6729158
2012-04-03,9.68,9.76,9.6,9.68,9.68,6642308
2012-04-04,9.89,9.97,9.81,9.89,9.89,3020640
2012-04-05,9.85,9.93,9.77,9.85,9.85,7907972
2012-04-06,9.87,9.95,9.8,9.87,9.87,5108636
2012-04-09,9.91,9.99,9.83,9.91,9.91,7581619
2012-04-10,10.13,10.21,10.05,10.13,10.13,8569614
2012-04-11,10.12,10.2,10.04,10.12,10.12,9319094
2012-04-12,10.26,10.34,10.18,10.26,10.26,8696270
2012-04-13,10.27,10.35,10.19,10.27,10.27,3584071
2012-04-16,10.53,10.62,10.45,10.53,10.53,3882193
2012-04-17,10.4,10.48,10.31,10.4,10.4,13426881
2012-04-18,10.51,10.59,10.43,10.51,10.51,7838087
2012-04-19,10.48,10.57,10.4,10.48,10.48,7894891
2012-04-20,10.43,10.52,10.35,10.43,10.43,9137330
2012-04-23,10.17,10.25,10.09,10.17,10.17,10102162
2012-04-24,10.2,10.28,10.12,10.2,10.2,4046893
2012-04-25,10.18,10.27,10.1,10.18,10.18,4277071
2012-04-26,10.01,10.09,9.93,10.01,10.01,3430737
2012-04-27,10.13,10.21,10.05,10.13,10.13,5093694
2012-04-30,10.07,10.15,9.99,10.07,10.07,7281265
2012-05-01,10.01,10.09,9.93,10.01,10.01,5156628
2012-05-02,9.91,9.99,9.83,9.91,9.91,15454445
2012-05-03,9.99,10.07,9.91,9.99,9.99,2720299
2012-05-04,10.07,10.15,9.99,10.07,10.07,3730502
2012-05-07,10.11,10.19,10.03,10.11,10.11,3715818
2012-05-08,10.41,10.49,10.33,10.41,10.41,4282709
2012-05-09,10.75,10.83,10.66,10.75,10.75,5571513
2012-05-10,10.97,11.06,10.89,10.97,10.97,5727209
2012-05-11,10.85,10.94,10.76,10.85,10.85,7266490
2012-05-14,10.91,10.99,10.82,10.91,10.91,6885272
2012-05-15,10.99,11.08,10.9,10.99,10.99,5196390
2012-05-16,11.14,11.23,11.06,11.14,11.14,9077460
2012-05-17,11.19,11.28,11.1,11.19,11.19,4001738
2012-05-18,11.47,11.57,11.38,11.47,11.47,9737440
2012-05-21,11.18,11.27,11.09,11.18,11.18,4502839
2012-05-22,11.08,11.17,10.99,11.08,11.08,5608495
2012-05-23,11.06,11.15,10.97,11.06,11.06,5930652
2012-05-24,11.01,11.1,10.92,11.01,11.01,10310983
2012-05-25,11.06,11.15,10.97,11.06,11.06,9026830
2012-05-28,10.81,10.89,10.72,10.81,10.81,5929433
2012-05-29,10.97,11.05,10.88,10.97,10.97,7789367
2012-05-30,10.88,10.96,10.79,10.88,10.88,4375548
2012-05-31,10.73,10.81,10.64,10.73,10.73,5384330
2012-06-01,10.96,11.05,10.88,10.96,10.96,4461510
2012-06-04,10.98,11.07,10.89,10.98,10.98,5045483
2012-06-05,11.08,11.17,10.99,11.08,11.08,8685668
2012-06-06,10.95,11.04,10.86,10.95,10.95,5439033
2012-06-07,10.76,10.85,10.68,10.76,10.76,9127973
2012-06-08,10.67,10.76,10.59,10.67,10.67,6548651
2012-06-11,10.63,10.71,10.54,10.63,10.63,4578102
2012-06-12,10.51,10.59,10.42,10.51,10.51,4281651
2012-06-13,10.36,10.44,10.28,10.36,10.36,4725184
2012-06-14,10.51,10.59,10.43,10.51,10.51,4628014
2012-06-15,10.53,10.61,10.44,10.53,10.53,5523684
2012-06-18,10.66,10.74,10.57,10.66,10.66,8495900
2012-06-19,10.45,10.53,10.37,10.45,10.45,2744223
2012-06-20,10.47,10.55,10.39,10.47,10.47,6732615
2012-06-21,10.52,10.6,10.43,10.52,10.52,4458929
2012-06-22,10.24,10.32,10.16,10.24,10.24,9965334
2012-06-25,10.17,10.25,10.09,10.17,10.17,8764498
2012-06-26,9.92,10.0,9.84,9.92,9.92,3836879
2012-06-27,10.26,10.34,10.18,10.26,10.26,4525343
2012-06-28,10.2,10.28,10.12,10.2,10.2,7192815
2012-06-29,10.23,10.31,10.14,10.23,10.23,6804758
2012-07-02,9.96,10.04,9.88,9.96,9.96,7267697
2012-07-03,9.88,9.96,9.8,9.88,9.88,7376223
2012-07-04,10.04,10.12,9.96,10.04,10.04,7986385
2012-07-05,9.98,10.06,9.9,9.98,9.98,9815511
2012-07-06,9.71,9.79,9.63,9.71,9.71,5068656
2012-07-09,9.82,9.89,9.74,9.82,9.82,18964678
2012-07-10,9.6,9.68,9.53,9.6,9.6,2803659
2012-07-11,9.57,9.65,9.49,9.57,9.57,6529978
2012-07-12,9.54,9.61,9.46,9.54,9.54,5098424
2012-07-13,9.64,9.71,9.56,9.64,9.64,3577583
2012-07-16,9.56,9.63,9.48,9.56,9.56,3565453
2012-07-17,9.45,9.53,9.38,9.45,9.45,10395888
2012-07-18,9.3,9.38,9.23,9.3,9.3,3573046
2012-07-19,9.21,9.29,9.14,9.21,9.21,2005462
2012-07-20,9.23,9.3,9.15,9.23,9.23,3516421
2012-07-23,9.31,9.38,9.23,9.31,9.31,5722409
2012-07-24,9.25,9.32,9.18,9.25,9.25,3607900
2012-07-25,9.36,9.44,9.29,9.36,9.36,8644060
2012-07-26,9.37,9.44,9.29,9.37,9.37,3946896
2012-07-27,9.44,9.52,9.37,9.44,9.44,5171166
2012-07-30,9.4,9.48,9.33,9.4,9.4,6186178
2012-07-31,9.49,9.56,9.41,9.49,9.49,9401326
2012-08-01,9.6,9.68,9.53,9.6,9.6,7930020
2012-08-02,9.67,9.75,9.59,9.67,9.67,3628521
2012-08-03,9.43,9.51,9.36,9.43,9.43,6545648
2012-08-06,9.4,9.47,9.32,9.4,9.4,7764534
2012-08-07,9.4,9.48,9.33,9.4,9.4,6292486
2012-08-08,9.43,9.51,9.36,9.43,9.43,7818571
2012-08-09,9.39,9.47,9.32,9.39,9.39,5608617
2012-08-10,9.51,9.58,9.43,9.51,9.51,5272522
2012-08-13,9.63,9.71,9.56,9.63,9.63,1738356
2012-08-14,9.77,9.85,9.69,9.77,9.77,5398453
2012-08-15,9.82,9.9,9.74,9.82,9.82,16072445
2012-08-16,9.95,10.03,9.87,9.95,9.95,4273502
2012-08-17,9.96,10.04,9.88,9.96,9.96,8566369
2012-08-20,10.1,10.18,10.02,10.1,10.1,5942269
2012-08-21,9.99,10.07,9.91,9.99,9.99,8549189
2012-08-22,10.13,10.21,10.05,10.13,10.13,6545198
2012-08-23,10.27,10.35,10.19,10.27,10.27,2427715
2012-08-24,10.31,10.39,10.22,10.31,10.31,5899076
2012-08-27,10.21,10.3,10.13,10.21,10.21,4519137
2012-08-28,10.21,10.29,10.13,10.21,10.21,3520571
2012-08-29,10.47,10.55,10.38,10.47,10.47,6594934
2012-08-30,10.77,10.85,10.68,10.77,10.77,6253782
2012-08-31,11.03,11.12,10.94,11.03,11.03,3770503
2012-09-03,11.15,11.24,11.06,11.15,11.15,7766214
2012-09-04,11.18,11.27,11.09,11.18,11.18,10890273
2012-09-05,11.41,11.5,11.31,11.41,11.41,3509860
2012-09-06,11.56,11.65,11.47,11.56,11.56,6453308
2012-09-07,11.51,11.6,11.41,11.51,11.51,10236014
2012-09-10,11.54,11.63,11.45,11.54,11.54,6739189
2012-09-11,11.28,11.37,11.19,11.28,11.28,4495982
2012-09-12,11.12,11.21,11.03,11.12,11.12,11903062
2012-09-13,11.11,11.2,11.02,11.11,11.11,9949269
2012-09-14,11.09,11.18,11.0,11.09,11.09,4085872
2012-09-17,10.96,11.05,10.87,10.96,10.96,5620810
2012-09-18,11.09,11.18,11.0,11.09,11.09,7435196
2012-09-19,11.14,11.23,11.06,11.14,11.14,7138620
2012-09-20,11.29,11.38,11.2,11.29,11.29,6273810
2012-09-21,10.92,11.01,10.83,10.92,10.92,5811222
2012-09-24,11.11,11.2,11.02,11.11,11.11,2856904
2012-09-25,11.24,11.33,11.15,11.24,11.24,4660932
2012-09-26,11.23,11.32,11.14,11.23,11.23,4340912
2012-09-27,11.4,11.5,11.31,11.4,11.4,4601782
2012-09-28,11.55,11.65,11.46,11.55,11.55,6687863
2012-10-01,11.64,11.74,11.55,11.64,11.64,5059536
2012-10-02,11.65,11.74,11.56,11.65,11.65,14166493
2012-10-03,11.75,11.84,11.66,11.75,11.75,6296517
2012-10-04,11.8,11.9,11.71,11.8,11.8,7555096
2012-10-05,12.03,12.12,11.93,12.03,12.03,7515504
2012-10-08,12.12,12.22,12.02,12.12,12.12,3581826
2012-10-09,12.14,12.24,12.04,12.14,12.14,6443361
2012-10-10,12.05,12.15,11.96,12.05,12.05,7288160
2012-10-11,11.97,12.06,11.87,11.97,11.97,3804759
2012-10-12,11.79,11.89,11.7,11.79,11.79,10824889
2012-10-15,11.9,12.0,11.81,11.9,11.9,3689307
2012-10-16,11.95,12.05,11.86,11.95,11.95,5079045
2012-10-17,11.63,11.73,11.54,11.63,11.63,7200959
2012-10-18,11.64,11.73,11.54,11.64,11.64,5045868
2012-10-19,11.71,11.81,11.62,11.71,11.71,5051810
2012-10-22,11.62,11.72,11.53,11.62,11.62,3955325
2012-10-23,11.6,11.7,11.51,11.6,11.6,12546934
2012-10-24,11.55,11.64,11.46,11.55,11.55,7526670
2012-10-25,11.63,11.73,11.54,11.63,11.63,7927329
2012-10-26,11.97,12.07,11.88,11.97,11.97,8260970
2012-10-29,11.99,12.08,11.89,11.99,11.99,3602250
2012-10-30,12.03,12.13,11.93,12.03,12.03,4791395
2012-10-31,12.04,12.14,11.95,12.04,12.04,3120656
2012-11-01,11.81,11.91,11.72,11.81,11.81,3243186
2012-11-02,11.92,12.02,11.83,11.92,11.92,6428386
2012-11-05,11.97,12.07,11.88,11.97,11.97,2262731
2012-11-06,11.9,12.0,11.81,11.9,11.9,5707994
2012-11-07,12.06,12.16,11.96,12.06,12.06,4696287
2012-11-08,12.11,12.2,12.01,12.11,12.11,5260765
2012-11-09,12.18,12.28,12.09,12.18,12.18,6430609
2012-11-12,12.31,12.41,12.22,12.31,12.31,6690043
2012-11-13,12.28,12.38,12.19,12.28,12.28,3537591
2012-11-14,11.96,12.06,11.87,11.96,11.96,4913134
2012-11-15,12.13,12.23,12.03,12.13,12.13,7499823
2012-11-16,12.19,12.29,12.1,12.19,12.19,6056167
2012-11-19,11.81,11.91,11.72,11.81,11.81,6556207
2012-11-20,11.69,11.79,11.6,11.69,11.69,9344806
2012-11-21,11.67,11.76,11.57,11.67,11.67,4030849
2012-11-22,11.69,11.78,11.6,11.69,11.69,3719779
2012-11-23,11.42,11.51,11.33,11.42,11.42,4374928
2012-11-26,11.65,11.74,11.56,11.65,11.65,3175870
2012-11-27,11.68,11.78,11.59,11.68,11.68,6447518
2012-11-28,11.84,11.94,11.75,11.84,11.84,4393202
2012-11-29,11.87,11.97,11.78,11.87,11.87,5346225
2012-11-30,12.24,12.34,12.14,12.24,12.24,3813186
2012-12-03,12.29,12.39,12.19,12.29,12.29,6362490
2012-12-04,12.22,12.32,12.13,12.22,12.22,5981905
2012-12-05,12.21,12.31,12.12,12.21,12.21,5092031
2012-12-06,12.5,12.6,12.4,12.5,12.5,3435161
2012-12-07,12.47,12.57,12.37,12.47,12.47,2446129
2012-12-10,12.26,12.35,12.16,12.26,12.26,3795085
2012-12-11,12.34,12.44,12.24,12.34,12.34,10159381
2012-12-12,12.73,12.83,12.63,12.73,12.73,4933732
2012-12-13,12.47,12.57,12.37,12.47,12.47,4316870
2012-12-14,12.45,12.55,12.35,12.45,12.45,6414926
2012-12-17,12.67,12.77,12.57,12.67,12.67,8265548
2012-12-18,12.72,12.82,12.62,12.72,12.72,8301132
2012-12-19,12.68,12.78,12.58,12.68,12.68,10760644
2012-12-20,12.86,12.96,12.76,12.86,12.86,3836397
2012-12-21,13.01,13.12,12.91,13.01,13.01,2735962
2012-12-24,13.0,13.1,12.9,13.0,13.0,5023056
2012-12-25,13.03,13.14,12.93,13.03,13.03,6865383
2012-12-26,12.9,13.0,12.8,12.9,12.9,7486806
2012-12-27,12.8,12.9,12.7,12.8,12.8,6927594
2012-12-28,12.75,12.85,12.65,12.75,12.75,9318887
2012-12-31,12.86,12.97,12.76,12.86,12.86,12127508
2013-01-01,12.76,12.87,12.66,12.76,12.76,4695746
2013-01-02,12.86,12.97,12.76,12.86,12.86,7874635
2013-01-03,12.79,12.89,12.69,12.79,12.79,3556619
2013-01-04,13.14,13.24,13.03,13.14,13.14,2604023
2013-01-07,12.78,12.88,12.68,12.78,12.78,5142063
2013-01-08,13.03,13.14,12.93,13.03,13.03,7272312
2013-01-09,13.21,13.32,13.1,13.21,13.21,5407870
2013-01-10,12.85,12.96,12.75,12.85,12.85,5535482
2013-01-11,12.72,12.82,12.61,12.72,12.72,7728297
2013-01-14,12.87,12.98,12.77,12.87,12.87,4087270
2013-01-15,12.85,12.95,12.75,12.85,12.85,8197322
2013-01-16,12.85,12.95,12.75,12.85,12.85,3148480
2013-01-17,12.92,13.02,12.82,12.92,12.92,6705383
2013-01-18,12.98,13.09,12.88,12.98,12.98,6369248
2013-01-21,13.06,13.16,12.95,13.06,13.06,5883337
2013-01-22,12.82,12.92,12.72,12.82,12.82,6171057
2013-01-23,13.04,13.15,12.94,13.04,13.04,5022236
2013-01-24,12.64,12.74,12.53,12.64,12.64,6284272
2013-01-25,12.3,12.4,12.2,12.3,12.3,5377533
2013-01-28,12.19,12.29,12.09,12.19,12.19,4895891
2013-01-29,12.38,12.48,12.28,12.38,12.38,4009249
2013-01-30,12.52,12.62,12.42,12.52,12.52,3594606
2013-01-31,12.68,12.78,12.58,12.68,12.68,2700589
2013-02-01,12.47,12.57,12.37,12.47,12.47,7288886
2013-02-04,12.52,12.62,12.42,12.52,12.52,8949041
2013-02-05,12.62,12.72,12.52,12.62,12.62,5278258
2013-02-06,12.89,12.99,12.79,12.89,12.89,3275921
2013-02-07,12.92,13.03,12.82,12.92,12.92,4170980
2013-02-08,13.06,13.17,12.96,13.06,13.06,3386472
2013-02-11,13.11,13.21,13.0,13.11,13.11,7724960
2013-02-12,13.12,13.23,13.02,13.12,13.12,6600871
2013-02-13,12.78,12.88,12.68,12.78,12.78,5459664
2013-02-14,12.94,13.04,12.83,12.94,12.94,3390485
2013-02-15,12.79,12.89,12.69,12.79,12.79,6764986
2013-02-18,12.81,12.91,12.71,12.81,12.81,6517570
2013-02-19,12.9,13.01,12.8,12.9,12.9,3943725
2013-02-20,12.42,12.52,12.32,12.42,12.42,5181922
2013-02-21,12.41,12.51,12.31,12.41,12.41,5398967
2013-02-22,12.56,12.66,12.46,12.56,12.56,4978189
2013-02-25,12.57,12.67,12.47,12.57,12.57,9131338
2013-02-26,12.38,12.48,12.28,12.38,12.38,5284896
2013-02-27,12.38,12.48,12.28,12.38,12.38,5711729
2013-02-28,12.53,12.63,12.43,12.53,12.53,3196137
2013-03-01,12.2,12.3,12.1,12.2,12.2,5228392
2013-03-04,12.02,12.11,11.92,12.02,12.02,5457014
2013-03-05,11.85,11.94,11.76,11.85,11.85,7026386
2013-03-06,11.97,12.07,11.88,11.97,11.97,7628021
2013-03-07,12.17,12.26,12.07,12.17,12.17,8261131
2013-03-08,12.27,12.37,12.17,12.27,12.27,11067719
2013-03-11,12.37,12.47,12.27,12.37,12.37,12689414
2013-03-12,12.42,12.52,12.32,12.42,12.42,4659379
2013-03-13,12.26,12.36,12.17,12.26,12.26,7676733
2013-03-14,12.08,12.18,11.99,12.08,12.08,5688944
2013-03-15,12.1,12.2,12.01,12.1,12.1,6001024
2013-03-18,11.99,12.08,11.89,11.99,11.99,6843856
2013-03-19,11.73,11.82,11.63,11.73,11.73,4234059
2013-03-20,12.09,12.19,12.0,12.09,12.09,3907109
2013-03-21,12.12,12.21,12.02,12.12,12.12,2056070
2013-03-22,12.34,12.44,12.25,12.34,12.34,7473574
2013-03-25,12.21,12.31,12.11,12.21,12.21,7535112
2013-03-26,12.15,12.24,12.05,12.15,12.15,2527855
2013-03-27,11.89,11.98,11.79,11.89,11.89,10370823
2013-03-28,11.81,11.91,11.72,11.81,11.81,7452013
2013-03-29,11.98,12.07,11.88,11.98,11.98,8970764
2013-04-01,11.97,12.07,11.87,11.97,11.97,3830619
2013-04-02,12.15,12.25,12.05,12.15,12.15,4386297
2013-04-03,11.92,12.02,11.83,11.92,11.92,2935789
2013-04-04,11.91,12.01,11.82,11.91,11.91,3574011
2013-04-05,12.15,12.25,12.05,12.15,12.15,3760363
2013-04-08,12.18,12.28,12.08,12.18,12.18,8217993
2013-04-09,12.35,12.45,12.25,12.35,12.35,6476467
2013-04-10,12.06,12.15,11.96,12.06,12.06,6874346
2013-04-11,11.64,11.74,11.55,11.64,11.64,10105517
2013-04-12,11.82,11.91,11.72,11.82,11.82,3504956
2013-04-15,11.84,11.93,11.74,11.84,11.84,5673671
2013-04-16,11.77,11.86,11.67,11.77,11.77,4805836
2013-04-17,11.74,11.83,11.65,11.74,11.74,4538754
2013-04-18,11.75,11.85,11.66,11.75,11.75,7980611
2013-04-19,11.68,11.78,11.59,11.68,11.68,6432231
2013-04-22,11.58,11.67,11.49,11.58,11.58,6287159
2013-04-23,11.85,11.94,11.75,11.85,11.85,2467026
2013-04-24,11.91,12.01,11.82,11.91,11.91,3322996
2013-04-25,11.64,11.73,11.54,11.64,11.64,6149683
2013-04-26,11.76,11.85,11.66,11.76,11.76,9952218
2013-04-29,11.69,11.78,11.59,11.69,11.69,6920954
2013-04-30,12.29,12.39,12.19,12.29,12.29,5261147
2013-05-01,12.35,12.44,12.25,12.35,12.35,10088390
2013-05-02,12.65,12.75,12.55,12.65,12.65,10645564
2013-05-03,12.82,12.92,12.72,12.82,12.82,4541858
2013-05-06,12.77,12.88,12.67,12.77,12.77,11913688
2013-05-07,12.63,12.73,12.52,12.63,12.63,5578512
2013-05-08,12.87,12.97,12.76,12.87,12.87,2894995
2013-05-09,12.96,13.06,12.86,12.96,12.96,5850449
2013-05-10,13.14,13.24,13.03,13.14,13.14,3784953
2013-05-13,12.98,13.08,12.87,12.98,12.98,5912786
2013-05-14,12.65,12.75,12.54,12.65,12.65,5811561
2013-05-15,12.81,12.91,12.71,12.81,12.81,5294015
2013-05-16,12.71,12.81,12.61,12.71,12.71,4076408
2013-05-17,12.8,12.9,12.7,12.8,12.8,5523076
2013-05-20,12.92,13.02,12.81,12.92,12.92,3611731
2013-05-21,12.92,13.02,12.82,12.92,12.92,6055543
2013-05-22,12.75,12.85,12.65,12.75,12.75,6726875
2013-05-23,12.68,12.78,12.58,12.68,12.68,4645658
2013-05-24,12.62,12.72,12.52,12.62,12.62,8563299
2013-05-27,12.51,12.61,12.41,12.51,12.51,10740480
2013-05-28,12.35,12.45,12.25,12.35,12.35,5238064
2013-05-29,12.32,12.41,12.22,12.32,12.32,4348859
2013-05-30,12.55,12.65,12.45,12.55,12.55,12075442
2013-05-31,12.41,12.5,12.31,12.41,12.41,3601985
2013-06-03,12.41,12.51,12.31,12.41,12.41,4167686
2013-06-04,12.04,12.14,11.95,12.04,12.04,8611898
2013-06-05,11.91,12.01,11.82,11.91,11.91,3454768
2013-06-06,11.83,11.92,11.73,11.83,11.83,3654130
2013-06-07,11.83,11.92,11.73,11.83,11.83,6038055
2013-06-10,11.77,11.86,11.67,11.77,11.77,3579817
2013-06-11,11.66,11.75,11.57,11.66,11.66,5630213
2013-06-12,11.62,11.72,11.53,11.62,11.62,4157276
2013-06-13,11.45,11.55,11.36,11.45,11.45,3071374
2013-06-14,11.55,11.64,11.46,11.55,11.55,7706810
2013-06-17,11.53,11.62,11.44,11.53,11.53,4387557
2013-06-18,11.27,11.36,11.18,11.27,11.27,3894711
2013-06-19,11.1,11.19,11.01,11.1,11.1,2810214
2013-06-20,11.07,11.16,10.98,11.07,11.07,4930659
2013-06-21,11.26,11.35,11.17,11.26,11.26,3949803
2013-06-24,11.16,11.25,11.07,11.16,11.16,5734525
2013-06-25,11.02,11.11,10.94,11.02,11.02,10663376
2013-06-26,10.88,10.97,10.79,10.88,10.88,5226845
2013-06-27,10.85,10.94,10.76,10.85,10.85,3750797
2013-06-28,10.97,11.05,10.88,10.97,10.97,7433762
2013-07-01,11.04,11.13,10.95,11.04,11.04,10275143
2013-07-02,11.12,11.21,11.04,11.12,11.12,3163626
2013-07-03,11.18,11.27,11.09,11.18,11.18,3998592
2013-07-04,11.45,11.54,11.35,11.45,11.45,4880148
2013-07-05,11.59,11.69,11.5,11.59,11.59,3393658
2013-07-08,11.7,11.79,11.61,11.7,11.7,7588655
2013-07-09,11.62,11.71,11.52,11.62,11.62,3475384
2013-07-10,11.5,11.59,11.41,11.5,11.5,6137450
2013-07-11,11.62,11.71,11.53,11.62,11.62,3696888
2013-07-12,11.73,11.82,11.64,11.73,11.73,6211264
2013-07-15,11.36,11.45,11.27,11.36,11.36,6847513
2013-07-16,11.48,11.57,11.39,11.48,11.48,6384315
2013-07-17,11.46,11.56,11.37,11.46,11.46,3447059
2013-07-18,11.53,11.63,11.44,11.53,11.53,4911385
2013-07-19,11.31,11.4,11.22,11.31,11.31,5818256
2013-07-22,11.74,11.83,11.64,11.74,11.74,7653886
2013-07-23,11.88,11.97,11.78,11.88,11.88,3052228
2013-07-24,11.84,11.93,11.74,11.84,11.84,10513678
2013-07-25,11.95,12.05,11.86,11.95,11.95,8920236
2013-07-26,11.86,11.95,11.76,11.86,11.86,5389423
2013-07-29,11.75,11.84,11.66,11.75,11.75,10800943
2013-07-30,11.51,11.6,11.41,11.51,11.51,12761513
2013-07-31,11.62,11.72,11.53,11.62,11.62,3125910
2013-08-01,11.3,11.39,11.21,11.3,11.3,5570782
2013-08-02,11.27,11.36,11.18,11.27,11.27,5699773
2013-08-05,11.1,11.19,11.01,11.1,11.1,3973207
2013-08-06,11.2,11.29,11.11,11.2,11.2,8948074
2013-08-07,11.16,11.25,11.07,11.16,11.16,10475566
2013-08-08,11.36,11.45,11.27,11.36,11.36,6481853
2013-08-09,11.07,11.16,10.99,11.07,11.07,8289878
2013-08-12,10.61,10.69,10.52,10.61,10.61,6193073
2013-08-13,10.55,10.63,10.47,10.55,10.55,4984636
2013-08-14,10.62,10.7,10.53,10.62,10.62,4340642
2013-08-15,10.5,10.59,10.42,10.5,10.5,3203605
2013-08-16,10.41,10.5,10.33,10.41,10.41,6163598
2013-08-19,10.36,10.45,10.28,10.36,10.36,4711437
2013-08-20,10.18,10.26,10.1,10.18,10.18,4020184
2013-08-21,10.23,10.31,10.15,10.23,10.23,5162258
2013-08-22,9.98,10.06,9.9,9.98,9.98,5101619
2013-08-23,9.82,9.9,9.75,9.82,9.82,6257290
2013-08-26,9.92,10.0,9.84,9.92,9.92,7268432
2013-08-27,9.98,10.06,9.9,9.98,9.98,5003192
2013-08-28,10.06,10.14,9.98,10.06,10.06,3497084
2013-08-29,10.28,10.36,10.19,10.28,10.28,3927426
2013-08-30,10.15,10.23,10.07,10.15,10.15,3201203
2013-09-02,10.32,10.41,10.24,10.32,10.32,7609461
2013-09-03,10.26,10.34,10.18,10.26,10.26,5373243
2013-09-04,10.23,10.31,10.14,10.23,10.23,2834369
2013-09-05,10.05,10.13,9.96,10.05,10.05,7876921
2013-09-06,9.98,10.06,9.9,9.98,9.98,10720473
2013-09-09,9.84,9.92,9.76,9.84,9.84,6341253
2013-09-10,10.02,10.1,9.94,10.02,10.02,6278274
2013-09-11,9.78,9.86,9.7,9.78,9.78,5002989
2013-09-12,9.75,9.83,9.67,9.75,9.75,13110887
2013-09-13,9.8,9.88,9.73,9.8,9.8,5294666
2013-09-16,9.51,9.59,9.43,9.51,9.51,5144648
2013-09-17,9.49,9.56,9.41,9.49,9.49,4140209
2013-09-18,9.5,9.57,9.42,9.5,9.5,4351750
2013-09-19,9.43,9.51,9.35,9.43,9.43,8494715
2013-09-20,9.48,9.55,9.4,9.48,9.48,5642618
2013-09-23,9.54,9.61,9.46,9.54,9.54,5703712
2013-09-24,9.33,9.41,9.26,9.33,9.33,6418519
2013-09-25,9.2,9.28,9.13,9.2,9.2,3419178
2013-09-26,8.87,8.94,8.8,8.87,8.87,6361835
2013-09-27,8.88,8.95,8.81,8.88,8.88,12544970
2013-09-30,8.94,9.01,8.87,8.94,8.94,6333224
2013-10-01,8.92,8.99,8.85,8.92,8.92,5958104
2013-10-02,9.06,9.13,8.98,9.06,9.06,5559801
2013-10-03,9.01,9.08,8.94,9.01,9.01,5400558
2013-10-04,9.06,9.14,8.99,9.06,9.06,4568653
2013-10-07,8.83,8.9,8.75,8.83,8.83,9996473
2013-10-08,8.83,8.9,8.76,8.83,8.83,4479421
2013-10-09,8.83,8.91,8.76,8.83,8.83,6347084
2013-10-10,8.91,8.98,8.84,8.91,8.91,10146405
2013-10-11,9.01,9.08,8.94,9.01,9.01,7071178
2013-10-14,9.2,9.28,9.13,9.2,9.2,4267285
2013-10-15,9.54,9.61,9.46,9.54,9.54,5649096
2013-10-16,9.46,9.53,9.38,9.46,9.46,4592511
2013-10-17,9.7,9.78,9.63,9.7,9.7,8473391
2013-10-18,9.74,9.82,9.66,9.74,9.74,10090827
2013-10-21,9.61,9.69,9.53,9.61,9.61,12189060
2013-10-22,9.43,9.51,9.36,9.43,9.43,5912878
2013-10-23,9.25,9.33,9.18,9.25,9.25,1651490
2013-10-24,8.94,9.02,8.87,8.94,8.94,8092655
2013-10-25,8.88,8.95,8.81,8.88,8.88,10709251
2013-10-28,8.94,9.01,8.87,8.94,8.94,7151797
2013-10-29,8.98,9.05,8.9,8.98,8.98,8138715
2013-10-30,9.01,9.09,8.94,9.01,9.01,9758438
2013-10-31,9.06,9.13,8.99,9.06,9.06,6272319
2013-11-01,9.1,9.17,9.02,9.1,9.1,8416765
2013-11-04,9.1,9.18,9.03,9.1,9.1,7028433
2013-11-05,9.08,9.15,9.01,9.08,9.08,4148928
2013-11-06,9.13,9.2,9.06,9.13,9.13,5046916
2013-11-07,9.14,9.21,9.06,9.14,9.14,6730800
2013-11-08,9.19,9.26,9.12,9.19,9.19,6776128
2013-11-11,9.11,9.18,9.03,9.11,9.11,5721502
2013-11-12,9.19,9.26,9.12,9.19,9.19,5757474
2013-11-13,9.4,9.48,9.33,9.4,9.4,2780487
2013-11-14,9.45,9.53,9.38,9.45,9.45,2976149
2013-11-15,9.52,9.6,9.44,9.52,9.52,4809724
2013-11-18,9.58,9.65,9.5,9.58,9.58,9656437
2013-11-19,9.57,9.65,9.5,9.57,9.57,3616086
2013-11-20,9.48,9.55,9.4,9.48,9.48,6357870
2013-11-21,9.48,9.55,9.4,9.48,9.48,4469390
2013-11-22,9.46,9.53,9.38,9.46,9.46,5484343
2013-11-25,9.56,9.63,9.48,9.56,9.56,16764778
2013-11-26,9.52,9.6,9.44,9.52,9.52,5417620
2013-11-27,9.74,9.82,9.66,9.74,9.74,4058076
2013-11-28,9.3,9.38,9.23,9.3,9.3,7137281
2013-11-29,9.11,9.18,9.04,9.11,9.11,5232767
2013-12-02,9.11,9.19,9.04,9.11,9.11,5023364
2013-12-03,9.03,9.1,8.96,9.03,9.03,4276145
2013-12-04,9.04,9.11,8.97,9.04,9.04,7244157
2013-12-05,9.26,9.33,9.18,9.26,9.26,4877102
2013-12-06,9.42,9.5,9.35,9.42,9.42,5881466
2013-12-09,9.56,9.64,9.49,9.56,9.56,4273918
2013-12-10,9.47,9.55,9.39,9.47,9.47,5316784
2013-12-11,9.55,9.63,9.48,9.55,9.55,4958101
2013-12-12,9.59,9.67,9.52,9.59,9.59,6414861
2013-12-13,9.49,9.57,9.42,9.49,9.49,7478898
2013-12-16,9.58,9.66,9.51,9.58,9.58,6123186
2013-12-17,9.79,9.87,9.71,9.79,9.79,4299104
2013-12-18,9.91,9.99,9.83,9.91,9.91,4316114
2013-12-19,9.92,10.0,9.84,9.92,9.92,3534726
2013-12-20,10.11,10.19,10.03,10.11,10.11,3770612
2013-12-23,9.93,10.01,9.85,9.93,9.93,8137590
2013-12-24,10.02,10.1,9.94,10.02,10.02,10528258
2013-12-25,10.03,10.11,9.95,10.03,10.03,7187754
2013-12-26,10.02,10.1,9.94,10.02,10.02,4348183
2013-12-27,10.04,10.12,9.96,10.04,10.04,7696358
2013-12-30,9.98,10.06,9.9,9.98,9.98,7433673
2013-12-31,10.02,10.1,9.94,10.02,10.02,6797432
2014-01-01,9.83,9.91,9.76,9.83,9.83,8695444
2014-01-02,9.82,9.89,9.74,9.82,9.82,13652264
2014-01-03,9.62,9.7,9.54,9.62,9.62,3677963
2014-01-06,9.56,9.63,9.48,9.56,9.56,6174079
2014-01-07,9.68,9.75,9.6,9.68,9.68,4024446
2014-01-08,10.02,10.1,9.94,10.02,10.02,11321807
2014-01-09,10.07,10.16,9.99,10.07,10.07,2651469
2014-01-10,10.13,10.21,10.05,10.13,10.13,3063442
2014-01-13,10.33,10.41,10.25,10.33,10.33,5941543
2014-01-14,10.24,10.32,10.15,10.24,10.24,2203018
2014-01-15,10.09,10.17,10.01,10.09,10.09,3961175
2014-01-16,10.12,10.2,10.04,10.12,10.12,5904021
2014-01-17,9.98,10.06,9.9,9.98,9.98,6461578
2014-01-20,9.91,9.98,9.83,9.91,9.91,6426172
2014-01-21,10.06,10.14,9.98,10.06,10.06,2578108
2014-01-22,10.0,10.08,9.92,10.0,10.0,6470092
2014-01-23,9.88,9.96,9.81,9.88,9.88,3353682
2014-01-24,10.39,10.47,10.31,10.39,10.39,7262615
2014-01-27,10.6,10.68,10.51,10.6,10.6,6656725
2014-01-28,10.77,10.85,10.68,10.77,10.77,5375680
2014-01-29,10.94,11.03,10.85,10.94,10.94,7229321
2014-01-30,10.92,11.01,10.83,10.92,10.92,3775077
2014-01-31,11.05,11.13,10.96,11.05,11.05,8624480
2014-02-03,11.12,11.21,11.03,11.12,11.12,3116280
2014-02-04,10.83,10.92,10.74,10.83,10.83,4045105
2014-02-05,10.72,10.8,10.63,10.72,10.72,4378120
2014-02-06,10.48,10.56,10.4,10.48,10.48,4931435
2014-02-07,10.36,10.44,10.28,10.36,10.36,2738525
2014-02-10,10.42,10.5,10.33,10.42,10.42,5637987
2014-02-11,10.28,10.36,10.2,10.28,10.28,6009935
2014-02-12,10.56,10.64,10.47,10.56,10.56,3546851
2014-02-13,10.65,10.73,10.56,10.65,10.65,3640865
2014-02-14,10.81,10.9,10.72,10.81,10.81,4527003
2014-02-17,10.88,10.97,10.8,10.88,10.88,11191018
2014-02-18,10.98,11.07,10.89,10.98,10.98,3799335
2014-02-19,11.06,11.15,10.97,11.06,11.06,5208995
2014-02-20,10.8,10.89,10.72,10.8,10.8,4648586
2014-02-21,10.83,10.92,10.75,10.83,10.83,5776072
2014-02-24,10.95,11.04,10.86,10.95,10.95,6588480
2014-02-25,11.17,11.26,11.08,11.17,11.17,4181590
2014-02-26,11.36,11.45,11.27,11.36,11.36,10184722
2014-02-27,11.64,11.74,11.55,11.64,11.64,8616684
2014-02-28,12.07,12.17,11.97,12.07,12.07,9107001
2014-03-03,12.0,12.09,11.9,12.0,12.0,3952979
2014-03-04,11.73,11.82,11.63,11.73,11.73,5088790
2014-03-05,11.87,11.96,11.77,11.87,11.87,4210014
2014-03-06,11.98,12.08,11.89,11.98,11.98,7695041
2014-03-07,12.26,12.35,12.16,12.26,12.26,3777634
2014-03-10,12.39,12.49,12.29,12.39,12.39,4212816
2014-03-11,12.26,12.36,12.17,12.26,12.26,10042380
2014-03-12,12.34,12.44,12.24,12.34,12.34,5244905
2014-03-13,12.28,12.37,12.18,12.28,12.28,5198342
2014-03-14,12.59,12.69,12.49,12.59,12.59,5875746
2014-03-17,12.52,12.62,12.42,12.52,12.52,6275230
2014-03-18,12.46,12.56,12.36,12.46,12.46,6197064
2014-03-19,12.25,12.34,12.15,12.25,12.25,9961517
2014-03-20,12.17,12.27,12.07,12.17,12.17,5466881
2014-03-21,11.82,11.91,11.72,11.82,11.82,10193686
2014-03-24,11.75,11.84,11.66,11.75,11.75,10383270
2014-03-25,11.44,11.53,11.34,11.44,11.44,5352631
2014-03-26,11.58,11.68,11.49,11.58,11.58,9900538
2014-03-27,11.64,11.73,11.55,11.64,11.64,3263833
2014-03-28,11.84,11.94,11.75,11.84,11.84,7359635
2014-03-31,11.88,11.97,11.78,11.88,11.88,5245337
2014-04-01,11.75,11.84,11.65,11.75,11.75,3718380
2014-04-02,11.69,11.78,11.59,11.69,11.69,4757483
2014-04-03,11.77,11.86,11.67,11.77,11.77,3381273
2014-04-04,12.0,12.1,11.91,12.0,12.0,5865758
2014-04-07,12.23,12.32,12.13,12.23,12.23,6147275
2014-04-08,12.4,12.5,12.3,12.4,12.4,2253178
2014-04-09,12.83,12.93,12.72,12.83,12.83,5939433
2014-04-10,13.32,13.42,13.21,13.32,13.32,7338411
2014-04-11,13.0,13.1,12.89,13.0,13.0,3866971
2014-04-14,13.29,13.4,13.18,13.29,13.29,7034003
2014-04-15,13.43,13.54,13.32,13.43,13.43,9267910
2014-04-16,13.27,13.38,13.17,13.27,13.27,3954283
2014-04-17,13.16,13.27,13.06,13.16,13.16,7118553
2014-04-18,13.16,13.26,13.05,13.16,13.16,5359368
2014-04-21,13.31,13.41,13.2,13.31,13.31,9896453
2014-04-22,13.52,13.63,13.42,13.52,13.52,6563296
2014-04-23,13.55,13.66,13.45,13.55,13.55,4305212
2014-04-24,13.68,13.79,13.58,13.68,13.68,6495814
2014-04-25,13.83,13.94,13.72,13.83,13.83,6530828
2014-04-28,13.38,13.49,13.27,13.38,13.38,5938318
2014-04-29,13.49,13.6,13.38,13.49,13.49,6473078
2014-04-30,13.49,13.6,13.39,13.49,13.49,5104406
2014-05-01,13.78,13.89,13.67,13.78,13.78,5451497
2014-05-02,13.43,13.54,13.33,13.43,13.43,9710468
2014-05-05,13.25,13.36,13.15,13.25,13.25,8873725
2014-05-06,13.26,13.36,13.15,13.26,13.26,8482374
2014-05-07,13.23,13.34,13.12,13.23,13.23,7820698
2014-05-08,13.23,13.34,13.13,13.23,13.23,2743019
2014-05-09,13.13,13.23,13.02,13.13,13.13,9328565
2014-05-12,13.16,13.26,13.05,13.16,13.16,5658022
2014-05-13,13.23,13.33,13.12,13.23,13.23,4269279
2014-05-14,13.46,13.57,13.35,13.46,13.46,2704932
2014-05-15,13.28,13.39,13.18,13.28,13.28,10713381
2014-05-16,13.31,13.41,13.2,13.31,13.31,5789549
2014-05-19,13.02,13.13,12.92,13.02,13.02,3764690
2014-05-20,13.16,13.26,13.05,13.16,13.16,9023157
2014-05-21,13.49,13.6,13.38,13.49,13.49,7067468
2014-05-22,13.41,13.51,13.3,13.41,13.41,6468717
2014-05-23,13.31,13.42,13.2,13.31,13.31,3219219
2014-05-26,13.21,13.31,13.1,13.21,13.21,8855611
2014-05-27,13.03,13.13,12.93,13.03,13.03,4377800
2014-05-28,13.06,13.17,12.96,13.06,13.06,4392563
2014-05-29,13.33,13.44,13.23,13.33,13.33,4991504
2014-05-30,13.27,13.38,13.17,13.27,13.27,3695104
2014-06-02,13.31,13.41,13.2,13.31,13.31,5874015
2014-06-03,13.31,13.41,13.2,13.31,13.31,10079266
2014-06-04,13.41,13.52,13.3,13.41,13.41,5961984
2014-06-05,13.66,13.77,13.55,13.66,13.66,3842298
2014-06-06,13.85,13.96,13.74,13.85,13.85,3018221
2014-06-09,13.66,13.77,13.55,13.66,13.66,3012498
2014-06-10,14.01,14.12,13.9,14.01,14.01,6609436
2014-06-11,14.56,14.67,14.44,14.56,14.56,3701867
2014-06-12,14.72,14.84,14.6,14.72,14.72,10557739
2014-06-13,14.46,14.58,14.35,14.46,14.46,7146131
2014-06-16,14.41,14.52,14.29,14.41,14.41,7368936
2014-06-17,14.39,14.51,14.28,14.39,14.39,4105286
2014-06-18,14.38,14.49,14.26,14.38,14.38,5069490
2014-06-19,14.37,14.49,14.26,14.37,14.37,4757538
2014-06-20,14.38,14.5,14.27,14.38,14.38,2638272
2014-06-23,14.19,14.31,14.08,14.19,14.19,4369173
2014-06-24,14.26,14.37,14.14,14.26,14.26,4593221
2014-06-25,14.22,14.34,14.11,14.22,14.22,12376987
2014-06-26,14.01,14.12,13.89,14.01,14.01,3125626
2014-06-27,14.17,14.28,14.05,14.17,14.17,6444768
2014-06-30,14.47,14.58,14.35,14.47,14.47,3592123
2014-07-01,14.51,14.62,14.39,14.51,14.51,9108521
2014-07-02,14.5,14.61,14.38,14.5,14.5,6849562
2014-07-03,14.51,14.62,14.39,14.51,14.51,6824405
2014-07-04,14.22,14.33,14.1,14.22,14.22,6485786
2014-07-07,14.19,14.31,14.08,14.19,14.19,6165525
2014-07-08,13.96,14.07,13.85,13.96,13.96,4209815
2014-07-09,13.89,14.0,13.78,13.89,13.89,2956155
2014-07-10,13.78,13.89,13.67,13.78,13.78,10040985
2014-07-11,13.83,13.94,13.72,13.83,13.83,3064260
2014-07-14,13.61,13.72,13.5,13.61,13.61,4756405
2014-07-15,13.66,13.77,13.55,13.66,13.66,4800500
2014-07-16,13.85,13.96,13.74,13.85,13.85,3049578
2014-07-17,14.0,14.12,13.89,14.0,14.0,12264731
2014-07-18,14.12,14.23,14.0,14.12,14.12,6359232
2014-07-21,14.19,14.3,14.07,14.19,14.19,4642515
2014-07-22,13.97,14.09,13.86,13.97,13.97,9316382
2014-07-23,13.94,14.05,13.83,13.94,13.94,6027848
2014-07-24,13.84,13.95,13.72,13.84,13.84,6978662
2014-07-25,13.87,13.98,13.76,13.87,13.87,4137736
2014-07-28,13.91,14.02,13.8,13.91,13.91,3876772
2014-07-29,13.23,13.33,13.12,13.23,13.23,3105439
2014-07-30,13.2,13.3,13.09,13.2,13.2,3599317
2014-07-31,13.23,13.34,13.13,13.23,13.23,4208093
2014-08-01,13.25,13.36,13.15,13.25,13.25,5036755
2014-08-04,13.53,13.64,13.42,13.53,13.53,8447374
2014-08-05,13.71,13.82,13.6,13.71,13.71,7031089
2014-08-06,13.53,13.63,13.42,13.53,13.53,12899344
2014-08-07,13.62,13.73,13.51,13.62,13.62,5707002
2014-08-08,13.81,13.92,13.7,13.81,13.81,7500618
2014-08-11,13.67,13.78,13.56,13.67,13.67,6686731
2014-08-12,14.22,14.34,14.11,14.22,14.22,7391222
2014-08-13,14.42,14.53,14.3,14.42,14.42,4817503
2014-08-14,14.32,14.43,14.2,14.32,14.32,3849885
2014-08-15,14.53,14.64,14.41,14.53,14.53,3699718
2014-08-18,14.33,14.44,14.21,14.33,14.33,9196834
2014-08-19,14.39,14.5,14.27,14.39,14.39,7318382
2014-08-20,14.47,14.59,14.36,14.47,14.47,10773297
2014-08-21,14.29,14.41,14.18,14.29,14.29,5107790
2014-08-22,14.33,14.44,14.21,14.33,14.33,6163632
2014-08-25,14.15,14.27,14.04,14.15,14.15,5537895
2014-08-26,14.32,14.43,14.2,14.32,14.32,2674160
2014-08-27,14.23,14.34,14.12,14.23,14.23,8199061
2014-08-28,13.91,14.02,13.8,13.91,13.91,3624459
2014-08-29,13.86,13.97,13.75,13.86,13.86,10135680
2014-09-01,13.88,13.99,13.77,13.88,13.88,3635019
2014-09-02,13.69,13.8,13.59,13.69,13.69,8307371
2014-09-03,13.76,13.87,13.65,13.76,13.76,4271004
2014-09-04,13.7,13.81,13.59,13.7,13.7,5668453
2014-09-05,13.46,13.57,13.36,13.46,13.46,6360023
2014-09-08,13.27,13.38,13.17,13.27,13.27,4749111
2014-09-09,13.04,13.14,12.93,13.04,13.04,11080866
2014-09-10,13.24,13.34,13.13,13.24,13.24,5773952
2014-09-11,13.31,13.42,13.2,13.31,13.31,7150067
2014-09-12,13.87,13.98,13.76,13.87,13.87,2938519
2014-09-15,13.58,13.69,13.47,13.58,13.58,2797655
2014-09-16,13.47,13.57,13.36,13.47,13.47,6330842
2014-09-17,13.63,13.74,13.52,13.63,13.63,5079207
2014-09-18,13.58,13.69,13.47,13.58,13.58,4683773
2014-09-19,13.17,13.27,13.06,13.17,13.17,3857400
2014-09-22,13.14,13.24,13.03,13.14,13.14,5636151
2014-09-23,13.21,13.31,13.1,13.21,13.21,4112414
2014-09-24,13.17,13.27,13.06,13.17,13.17,9710748
2014-09-25,13.0,13.11,12.9,13.0,13.0,5639231
2014-09-26,12.83,12.94,12.73,12.83,12.83,5109726
2014-09-29,13.04,13.15,12.94,13.04,13.04,6363266
2014-09-30,12.77,12.88,12.67,12.77,12.77,6513599
2014-10-01,12.58,12.68,12.48,12.58,12.58,3328938
2014-10-02,12.73,12.83,12.62,12.73,12.73,3807057
2014-10-03,12.46,12.56,12.36,12.46,12.46,2833479
2014-10-06,12.72,12.82,12.62,12.72,12.72,4379835
2014-10-07,12.55,12.65,12.45,12.55,12.55,4696891
2014-10-08,12.35,12.45,12.25,12.35,12.35,6287504
2014-10-09,12.27,12.37,12.18,12.27,12.27,6537090
2014-10-10,12.14,12.24,12.04,12.14,12.14,10321097
2014-10-13,12.62,12.72,12.52,12.62,12.62,6358815
2014-10-14,12.57,12.67,12.47,12.57,12.57,4816904
2014-10-15,12.35,12.45,12.25,12.35,12.35,7296229
2014-10-16,12.63,12.73,12.53,12.63,12.63,4827462
2014-10-17,12.42,12.52,12.32,12.42,12.42,4035029
2014-10-20,12.68,12.78,12.58,12.68,12.68,5303136
2014-10-21,12.59,12.69,12.49,12.59,12.59,7009297
2014-10-22,12.62,12.72,12.52,12.62,12.62,12279454
2014-10-23,12.7,12.8,12.6,12.7,12.7,5025249
2014-10-24,12.76,12.86,12.66,12.76,12.76,3088251
2014-10-27,12.6,12.7,12.5,12.6,12.6,3938461
2014-10-28,12.49,12.59,12.39,12.49,12.49,4168517
2014-10-29,12.3,12.4,12.2,12.3,12.3,4054035
2014-10-30,12.24,12.34,12.14,12.24,12.24,8006180
2014-10-31,12.27,12.37,12.17,12.27,12.27,10360218
2014-11-03,12.32,12.42,12.22,12.32,12.32,2136271
2014-11-04,12.2,12.3,12.1,12.2,12.2,5989277
2014-11-05,12.06,12.16,11.97,12.06,12.06,3428725
2014-11-06,11.93,12.03,11.84,11.93,11.93,4453217
2014-11-07,11.93,12.03,11.84,11.93,11.93,1860148
2014-11-10,11.49,11.58,11.4,11.49,11.49,5022584
2014-11-11,11.27,11.36,11.18,11.27,11.27,4272994
2014-11-12,11.48,11.57,11.38,11.48,11.48,4336639
2014-11-13,11.56,11.65,11.46,11.56,11.56,7398044
2014-11-14,11.61,11.7,11.52,11.61,11.61,5888654
2014-11-17,11.55,11.65,11.46,11.55,11.55,6759577
2014-11-18,11.7,11.79,11.6,11.7,11.7,3688085
2014-11-19,12.05,12.15,11.95,12.05,12.05,3806735
2014-11-20,12.29,12.39,12.19,12.29,12.29,6918270
2014-11-21,12.34,12.43,12.24,12.34,12.34,5713934
2014-11-24,12.59,12.69,12.49,12.59,12.59,6122265
2014-11-25,12.42,12.52,12.32,12.42,12.42,5042788
2014-11-26,12.58,12.68,12.48,12.58,12.58,4913966
2014-11-27,12.62,12.72,12.52,12.62,12.62,3106541
2014-11-28,12.4,12.5,12.3,12.4,12.4,5854111
2014-12-01,12.22,12.32,12.13,12.22,12.22,9233461
2014-12-02,11.93,12.03,11.83,11.93,11.93,3732623
2014-12-03,12.02,12.12,11.92,12.02,12.02,8183134
2014-12-04,12.25,12.35,12.15,12.25,12.25,5095771
2014-12-05,12.23,12.33,12.13,12.23,12.23,5570096
2014-12-08,12.4,12.5,12.3,12.4,12.4,7635134
2014-12-09,12.52,12.62,12.42,12.52,12.52,9339936
2014-12-10,12.4,12.5,12.3,12.4,12.4,8799843
2014-12-11,12.33,12.43,12.23,12.33,12.33,3374188
2014-12-12,12.32,12.41,12.22,12.32,12.32,4006894
2014-12-15,12.56,12.66,12.46,12.56,12.56,9222563
2014-12-16,12.6,12.7,12.49,12.6,12.6,4439898
2014-12-17,12.74,12.84,12.64,12.74,12.74,5435195
2014-12-18,12.43,12.53,12.33,12.43,12.43,6054009
2014-12-19,12.62,12.72,12.52,12.62,12.62,3781059
2014-12-22,12.61,12.71,12.51,12.61,12.61,2873157
2014-12-23,12.62,12.72,12.52,12.62,12.62,3871120
2014-12-24,13.09,13.2,12.99,13.09,13.09,5539089
2014-12-25,13.32,13.42,13.21,13.32,13.32,6023576
2014-12-26,13.49,13.6,13.39,13.49,13.49,5762267
2014-12-29,13.43,13.54,13.32,13.43,13.43,3837701
2014-12-30,13.82,13.93,13.71,13.82,13.82,3815985
2014-12-31,13.62,13.73,13.51,13.62,13.62,8608972
2015-01-01,13.44,13.55,13.33,13.44,13.44,7495373
2015-01-02,13.562000274658203,13.697999954223633,13.253999710083008,13.47599983215332,13.47599983215332,4079000
2015-01-05,13.314000129699709,13.673999786376951,13.28600025177002,13.43000030517578,13.43000030517578,4002500
2015-01-06,13.435999870300291,13.574000358581545,13.034000396728516,13.265999794006348,13.265999794006348,4279500
2015-01-07,13.381999969482422,13.494000434875488,13.199999809265137,13.41800022125244,13.41800022125244,3115000
2015-01-08,13.574000358581545,13.815999984741213,13.48799991607666,13.777999877929688,13.777999877929688,3185500
2015-01-09,13.855999946594238,13.855999946594238,13.246000289916992,13.42199993133545,13.42199993133545,5185500
2015-01-12,13.423999786376951,13.687999725341797,13.300000190734863,13.637999534606934,13.637999534606934,3996500
2015-01-13,13.5600004196167,13.887999534606934,13.291999816894531,13.45400047302246,13.45400047302246,3142000
2015-01-14,13.23799991607666,13.31999969482422,13.083999633789062,13.267999649047852,13.267999649047852,3778000
2015-01-15,13.338000297546388,13.338000297546388,12.687999725341797,12.72599983215332,12.72599983215332,5086500
2015-01-16,12.723999977111816,12.842000007629396,12.619999885559082,12.791999816894531,12.791999816894531,4186000
2015-01-20,12.767999649047852,13.010000228881836,12.510000228881836,12.965999603271484,12.965999603271484,4396000
2015-01-21,12.94200038909912,13.368000030517578,12.87399959564209,13.104000091552734,13.104000091552734,3778000
2015-01-22,13.23799991607666,13.3100004196167,12.913999557495115,13.227999687194824,13.227999687194824,2451000
2015-01-23,13.317999839782717,13.899999618530272,13.3100004196167,13.748000144958496,13.748000144958496,5149000
2015-01-26,13.739999771118164,13.739999771118164,13.300000190734863,13.60200023651123,13.60200023651123,4417000
2015-01-27,13.45199966430664,13.63599967956543,13.281999588012695,13.58199977874756,13.58199977874756,4398500
2015-01-28,13.699999809265137,14.041999816894531,13.387999534606934,13.781999588012695,13.781999588012695,13367500
2015-01-29,14.609999656677246,14.869999885559082,14.008000373840332,14.776000022888184,14.776000022888184,18760000
2015-01-30,14.522000312805176,14.6899995803833,14.100000381469728,14.579999923706056,14.579999923706056,11167500
2015-02-02,14.465999603271484,14.600000381469728,14.013999938964844,14.597999572753906,14.597999572753906,10424000
2015-02-03,14.597999572753906,14.687999725341797,14.345999717712402,14.529999732971191,14.529999732971191,6679500
2015-02-04,14.5,14.949999809265137,14.392000198364258,14.92199993133545,14.92199993133545,8044000
2015-02-05,14.979999542236328,15.053999900817873,14.758000373840332,14.843999862670898,14.843999862670898,7747500
2015-02-06,14.784000396728516,15.029999732971191,14.67199993133545,14.98799991607666,14.98799991607666,5269000
2015-02-09,14.854000091552734,14.93000030517578,14.553999900817873,14.576000213623049,14.576000213623049,4653000
2015-02-10,14.62600040435791,14.708000183105469,14.510000228881836,14.663999557495115,14.663999557495115,5740000
2015-02-11,14.564000129699709,14.800000190734863,14.491999626159668,14.776000022888184,14.776000022888184,5199000
2015-02-12,14.776000022888184,15.194000244140623,14.770000457763672,15.1899995803833,15.1899995803833,7444500
2015-02-13,15.25,15.527999877929688,14.998000144958496,15.510000228881836,15.510000228881836,7354500
2015-02-17,15.423999786376951,15.449999809265137,15.092000007629396,15.37600040435791,15.37600040435791,4748500
2015-02-18,15.399999618530272,15.543999671936035,15.220000267028809,15.496000289916992,15.496000289916992,4356000
2015-02-19,15.47599983215332,15.79800033569336,15.413999557495115,15.631999969482422,15.631999969482422,5288000
2015-02-20,15.58199977874756,15.859999656677246,15.503999710083008,15.812000274658203,15.812000274658203,5021500
2015-02-23,15.753999710083008,15.87399959564209,15.67199993133545,15.734000205993652,15.734000205993652,5621000
2015-02-24,15.755999565124512,15.800000190734863,15.586000442504885,15.75,15.75,5782500
2015-02-25,15.633999824523926,15.881999969482422,15.61400032043457,15.805999755859377,15.805999755859377,7113000
2015-02-26,16.00200080871582,16.24799919128418,15.772000312805176,15.906000137329102,15.906000137329102,9801000
2015-02-27,15.84000015258789,15.84000015258789,15.1899995803833,15.251999855041504,15.251999855041504,17710000
2015-03-02,15.194000244140623,15.359999656677246,15.026000022888184,15.288000106811523,15.288000106811523,6910000
2015-03-03,15.223999977111816,15.387999534606934,14.92199993133545,15.09000015258789,15.09000015258789,5740500
2015-03-04,14.994000434875488,15.01200008392334,14.673999786376951,14.720000267028809,14.720000267028809,5951500
2015-03-05,14.720000267028809,15.088000297546388,14.6899995803833,14.9399995803833,14.9399995803833,5260500
2015-03-06,14.855999946594238,15.05799961090088,14.70400047302246,14.812000274658203,14.812000274658203,4537000
2015-03-09,14.800000190734863,14.86400032043457,14.484000205993652,14.847999572753906,14.847999572753906,3608500
2015-03-10,14.720000267028809,14.814000129699709,14.522000312805176,14.718000411987305,14.718000411987305,4367500
2015-03-11,14.75,14.961999893188477,14.687999725341797,14.847999572753906,14.847999572753906,3551000
2015-03-12,14.869999885559082,15.33199977874756,14.847999572753906,15.33199977874756,15.33199977874756,8906500
2015-03-13,15.324000358581545,15.460000038146973,15.194000244140623,15.383999824523926,15.383999824523926,5583500
2015-03-16,15.45199966430664,15.836000442504885,15.390000343322754,15.729999542236328,15.729999542236328,6064500
2015-03-17,15.833999633789062,16.030000686645508,15.779999732971191,15.979999542236328,15.979999542236328,7845500
2015-03-18,16.0,16.200000762939453,15.812000274658203,16.010000228881836,16.010000228881836,5630500
2015-03-19,15.97599983215332,16.197999954223633,15.970000267028809,16.091999053955078,16.091999053955078,3511000
2015-03-20,16.107999801635742,16.200000762939453,15.800000190734863,15.87600040435791,15.87600040435791,6524500
2015-03-23,15.87399959564209,15.96399974822998,15.751999855041504,15.855999946594238,15.855999946594238,2851000
2015-03-24,15.855999946594238,16.077999114990234,15.8100004196167,15.850000381469728,15.850000381469728,3274500
2015-03-25,15.89799976348877,15.89799976348877,15.222000122070312,15.239999771118164,15.239999771118164,7154000
2015-03-26,15.112000465393066,15.53600025177002,15.0,15.406000137329102,15.406000137329102,8105000
2015-03-27,15.461999893188477,15.760000228881836,15.380000114440918,15.694000244140623,15.694000244140623,3912500
2015-03-30,15.791999816894531,16.0,15.765999794006348,15.887999534606934,15.887999534606934,3058000
2015-03-31,15.85200023651123,16.007999420166016,15.722000122070312,15.755999565124512,15.755999565124512,4875000
2015-04-01,15.710000038146973,15.753999710083008,15.026000022888184,15.130000114440918,15.130000114440918,9934000
2015-04-02,15.149999618530272,15.246000289916992,15.027999877929688,15.223999977111816,15.223999977111816,5646000
2015-04-06,15.38599967956543,15.81999969482422,15.196000099182127,15.64799976348877,15.64799976348877,8950000
2015-04-07,15.73799991607666,15.989999771118164,15.666000366210938,15.694000244140623,15.694000244140623,4210500
2015-04-08,15.751999855041504,16.200000762939453,15.751999855041504,16.167999267578125,16.167999267578125,5687000
2015-04-09,16.143999099731445,16.3799991607666,15.956000328063965,16.347999572753906,16.347999572753906,4364500
2015-04-10,16.354000091552734,16.472000122070312,16.222000122070312,16.468000411987305,16.468000411987305,3494500
2015-04-13,16.558000564575195,16.70400047302246,16.131999969482422,16.145999908447266,16.145999908447266,6092500
2015-04-14,16.148000717163086,16.218000411987305,15.902000427246094,16.040000915527344,16.040000915527344,5017500
2015-04-15,16.091999053955078,16.190000534057617,15.94200038909912,16.149999618530273,16.149999618530273,5792000
2015-04-16,16.07200050354004,16.690000534057617,16.062000274658203,16.56800079345703,16.56800079345703,21520500
2015-04-17,14.949999809265137,14.998000144958496,14.064000129699709,14.657999992370604,14.657999992370604,65228500
2015-04-20,14.720000267028809,15.131999969482422,14.555999755859377,14.928000450134276,14.928000450134276,18917500
2015-04-21,15.10200023651123,15.562000274658203,15.10200023651123,15.5,15.5,18156000
2015-04-22,15.586000442504885,15.645999908447266,15.34000015258789,15.543999671936035,15.543999671936035,11218500
2015-04-23,15.420000076293944,15.541999816894531,15.350000381469728,15.37600040435791,15.37600040435791,9018500
2015-04-24,15.461999893188477,15.470000267028809,15.20199966430664,15.218000411987305,15.218000411987305,6904500
2015-04-27,15.357999801635742,15.357999801635742,14.883999824523926,14.95199966430664,14.95199966430664,6712500
2015-04-28,14.996000289916992,15.19200038909912,14.800000190734863,14.998000144958496,14.998000144958496,5636000
2015-04-29,14.923999786376951,15.899999618530272,14.727999687194824,15.494000434875488,15.494000434875488,14089500
2015-04-30,15.33199977874756,15.513999938964844,14.913999557495115,14.972000122070312,14.972000122070312,8640500
2015-05-01,14.913999557495115,15.097999572753906,14.70400047302246,14.75,14.75,7279000
2015-05-04,14.746000289916992,14.907999992370604,14.685999870300291,14.722000122070312,14.722000122070312,4343000
2015-05-05,14.600000381469728,14.758000373840332,14.284000396728516,14.656000137329102,14.656000137329102,9431500
2015-05-06,14.699999809265137,14.79599952697754,14.468000411987305,14.65999984741211,14.65999984741211,4448000
2015-05-07,14.657999992370604,14.881999969482422,14.609999656677246,14.802000045776367,14.802000045776367,3412000
2015-05-08,14.970000267028809,15.251999855041504,14.779999732971191,14.781999588012695,14.781999588012695,9313500
2015-05-11,14.741999626159668,14.932000160217283,14.678000450134276,14.79800033569336,14.79800033569336,3793000
2015-05-12,14.600000381469728,14.996000289916992,14.41800022125244,14.85200023651123,14.85200023651123,4186000
2015-05-13,14.878000259399414,15.062000274658203,14.69200038909912,15.022000312805176,15.022000312805176,8005000
2015-05-14,15.067999839782717,15.428000450134276,14.892000198364258,15.210000038146973,15.210000038146973,7858500
2015-05-15,15.20199966430664,15.270000457763672,15.008000373840332,15.142000198364258,15.142000198364258,4335000
2015-05-18,15.064000129699709,15.505999565124512,15.064000129699709,15.45199966430664,15.45199966430664,4950000
2015-05-19,15.447999954223633,15.654000282287598,15.354000091552734,15.555999755859377,15.555999755859377,7608000
2015-05-20,15.543999671936035,15.58199977874756,15.251999855041504,15.489999771118164,15.489999771118164,9133000
2015-05-21,15.54800033569336,15.791999816894531,15.510000228881836,15.77400016784668,15.77400016784668,5770000
2015-05-22,15.715999603271484,15.800000190734863,15.520000457763672,15.751999855041504,15.751999855041504,6072000
2015-05-26,15.66800022125244,15.73799991607666,15.390000343322754,15.541999816894531,15.541999816894531,5099500
2015-05-27,15.449999809265137,15.729999542236328,15.131999969482422,15.678000450134276,15.678000450134276,7440500
2015-05-28,15.600000381469728,15.826000213623049,15.52400016784668,15.68000030517578,15.68000030517578,6824500
2015-05-29,15.593999862670898,15.609999656677246,15.20400047302246,15.321999549865724,15.321999549865724,14613000
2015-06-01,15.32800006866455,15.380000114440918,15.003999710083008,15.13599967956543,15.13599967956543,6801000
2015-06-02,15.119999885559082,15.182000160217283,15.008000373840332,15.076000213623049,15.076000213623049,5673000
2015-06-03,15.07800006866455,15.362000465393066,15.04599952697754,15.321999549865724,15.321999549865724,4491500
2015-06-04,15.239999771118164,15.42199993133545,14.989999771118164,15.092000007629396,15.092000007629396,4769500
2015-06-05,14.982000350952148,15.432000160217283,14.982000350952148,15.378000259399414,15.378000259399414,5698500
2015-06-08,15.355999946594238,15.42199993133545,14.934000015258787,14.934000015258787,14.934000015258787,5774500
2015-06-09,15.022000312805176,15.236000061035156,14.732000350952148,15.131999969482422,15.131999969482422,6445000
2015-06-10,15.18000030517578,15.564000129699709,15.04800033569336,15.539999961853027,15.539999961853027,6317500
2015-06-11,15.600000381469728,15.736000061035156,15.42199993133545,15.54599952697754,15.54599952697754,4110000
2015-06-12,15.465999603271484,15.656000137329102,15.465999603271484,15.588000297546388,15.588000297546388,2903000
2015-06-15,15.413999557495115,15.574000358581545,15.291999816894531,15.527999877929688,15.527999877929688,3368500
2015-06-16,15.513999938964844,15.88599967956543,15.470000267028809,15.880000114440918,15.880000114440918,4706500
2015-06-17,15.902000427246094,16.17799949645996,15.87399959564209,15.984000205993652,15.984000205993652,6568000
2015-06-18,16.038000106811523,16.229999542236328,15.84000015258789,16.194000244140625,16.194000244140625,7990500
2015-06-19,16.263999938964844,16.263999938964844,16.00200080871582,16.076000213623047,16.076000213623047,9660000
2015-06-22,16.200000762939453,16.333999633789062,15.925999641418455,16.06399917602539,16.06399917602539,4644500
2015-06-23,16.18000030517578,16.18000030517578,16.007999420166016,16.149999618530273,16.149999618530273,3372000
2015-06-24,16.077999114990234,16.128000259399414,15.425999641418455,15.494000434875488,15.494000434875488,8464500
2015-06-25,15.564000129699709,15.86400032043457,15.550000190734863,15.784000396728516,15.784000396728516,5358500
2015-06-26,15.854000091552734,15.854000091552734,15.062000274658203,15.404000282287598,15.404000282287598,10433000
2015-06-29,15.161999702453612,15.321999549865724,14.69200038909912,14.753999710083008,14.753999710083008,6546500
2015-06-30,14.859999656677246,14.94200038909912,14.720000267028809,14.862000465393066,14.862000465393066,5563000
2015-07-01,15.083999633789062,15.12600040435791,14.694000244140623,14.779999732971191,14.779999732971191,5365000
2015-07-02,14.77400016784668,14.920000076293944,14.631999969482422,14.906000137329102,14.906000137329102,4010000
2015-07-06,14.68000030517578,14.944000244140623,14.61400032043457,14.739999771118164,14.739999771118164,5396500
2015-07-07,14.77400016784668,15.17199993133545,14.416000366210938,15.13599967956543,15.13599967956543,6902000
2015-07-08,14.998000144958496,15.208000183105469,14.842000007629396,14.965999603271484,14.965999603271484,3516000
2015-07-09,15.121999740600586,15.40999984741211,15.121999740600586,15.236000061035156,15.236000061035156,4655500
2015-07-10,15.43000030517578,15.515999794006348,15.324000358581545,15.347999572753906,15.347999572753906,3282500
2015-07-13,15.468000411987305,15.510000228881836,15.161999702453612,15.31999969482422,15.31999969482422,4997000
2015-07-14,15.34000015258789,15.770000457763672,15.34000015258789,15.482000350952148,15.482000350952148,4991500
2015-07-15,15.520000457763672,15.684000015258787,15.392000198364258,15.515999794006348,15.515999794006348,4557500
2015-07-16,15.630000114440918,15.829999923706056,15.565999984741213,15.784000396728516,15.784000396728516,3329500
2015-07-17,15.824000358581545,16.04599952697754,15.71399974822998,15.784000396728516,15.784000396728516,4047500
2015-07-20,15.833999633789062,15.866000175476074,15.71399974822998,15.767999649047852,15.767999649047852,2265000
2015-07-21,15.76200008392334,15.935999870300291,15.593999862670898,15.71399974822998,15.71399974822998,2873500
2015-07-22,15.621999740600586,15.788000106811523,15.553999900817873,15.56999969482422,15.56999969482422,3113500
2015-07-23,15.663999557495115,15.850000381469728,15.494000434875488,15.604000091552734,15.604000091552734,4602500
2015-07-24,15.694000244140623,16.194000244140625,15.501999855041504,15.928000450134276,15.928000450134276,7184000
2015-07-27,15.770000457763672,15.777999877929688,15.223999977111816,15.267999649047852,15.267999649047852,7897000
2015-07-28,15.354000091552734,15.776000022888184,15.215999603271484,15.72599983215332,15.72599983215332,5276500
2015-07-29,15.380000114440918,15.699999809265137,14.989999771118164,15.595999717712402,15.595999717712402,19715500
2015-07-30,15.696000099182127,16.242000579833984,15.31999969482422,16.20599937438965,16.20599937438965,16323500
2015-07-31,16.04800033569336,16.22599983215332,15.87600040435791,16.100000381469727,16.100000381469727,9138000
2015-08-03,16.100000381469727,16.191999435424805,15.711999893188477,15.829999923706056,15.829999923706056,5962500
2015-08-04,15.855999946594238,15.895999908447266,15.4399995803833,15.58199977874756,15.58199977874756,9866000
2015-08-05,15.644000053405762,15.977999687194824,15.604000091552734,15.682000160217283,15.682000160217283,5860000
2015-08-06,15.656000137329102,15.656000137329102,15.083999633789062,15.197999954223633,15.197999954223633,8391500
2015-08-07,15.182000160217283,15.399999618530272,14.982000350952148,15.390000343322754,15.390000343322754,4663000
2015-08-10,15.508000373840332,15.567999839782717,15.263999938964844,15.317999839782717,15.317999839782717,4397500
2015-08-11,15.15999984741211,15.420000076293944,15.0600004196167,15.333999633789062,15.333999633789062,3554500
2015-08-12,15.18000030517578,15.381999969482422,14.887999534606934,15.369999885559082,15.369999885559082,5333000
2015-08-13,15.342000007629396,15.40999984741211,14.946000099182127,15.140000343322754,15.140000343322754,4564500
2015-08-14,15.100000381469728,15.350000381469728,14.91800022125244,15.326000213623049,15.326000213623049,4029500
2015-08-17,15.206000328063965,15.456000328063965,15.163999557495115,15.449999809265137,15.449999809265137,3171000
2015-08-18,15.456000328063965,15.576000213623049,15.163999557495115,15.178000450134276,15.178000450134276,2940500
2015-08-19,15.300000190734863,15.30799961090088,14.960000038146973,15.12600040435791,15.12600040435791,5778500
2015-08-20,14.97599983215332,14.989999771118164,14.031999588012695,14.062000274658203,14.062000274658203,8402000
2015-08-21,13.88599967956543,14.199999809265137,13.710000038146973,13.982000350952148,13.982000350952148,9160000
2015-08-24,13.194000244140623,14.392000198364258,12.857999801635742,13.600000381469728,13.600000381469728,16499000
2015-08-25,14.15999984741211,14.425999641418455,13.64799976348877,13.734000205993652,13.734000205993652,9636000
2015-08-26,14.067999839782717,14.338000297546388,13.776000022888184,14.281999588012695,14.281999588012695,8370500
2015-08-27,14.387999534606934,14.652000427246094,14.083999633789062,14.472000122070312,14.472000122070312,7903500
2015-08-28,14.472000122070312,14.673999786376951,14.30799961090088,14.508000373840332,14.508000373840332,4282500
2015-08-31,14.43000030517578,14.555999755859377,14.16800022125244,14.19200038909912,14.19200038909912,5023000
2015-09-01,13.91800022125244,14.173999786376951,13.729999542236328,13.784000396728516,13.784000396728516,7867500
2015-09-02,13.913999557495115,13.991999626159668,13.56999969482422,13.989999771118164,13.989999771118164,8908500
2015-09-03,14.067999839782717,14.38599967956543,14.013999938964844,14.244000434875488,14.244000434875488,7723000
2015-09-04,14.041999816894531,14.149999618530272,13.850000381469728,13.958000183105469,13.958000183105469,5345500
2015-09-08,14.196000099182127,14.6899995803833,14.140000343322754,14.666000366210938,14.666000366210938,6768500
2015-09-09,14.75,14.887999534606934,14.362000465393066,14.404000282287598,14.404000282287598,6251000
2015-09-10,14.32800006866455,14.64799976348877,14.32800006866455,14.531999588012695,14.531999588012695,4356000
2015-09-11,14.550000190734863,14.732000350952148,14.37600040435791,14.720000267028809,14.720000267028809,4193500
2015-09-14,14.71399974822998,14.77400016784668,14.470000267028809,14.711999893188477,14.711999893188477,5223000
2015-09-15,14.729999542236328,14.871999740600586,14.605999946594238,14.85200023651123,14.85200023651123,4137000
2015-09-16,14.881999969482422,14.923999786376951,14.673999786376951,14.788000106811523,14.788000106811523,4474000
2015-09-17,14.722000122070312,15.107999801635742,14.71399974822998,14.92199993133545,14.92199993133545,3604500
2015-09-18,14.744000434875488,15.003999710083008,14.72599983215332,14.871999740600586,14.871999740600586,7121500
2015-09-21,14.956000328063965,15.12399959564209,14.727999687194824,14.881999969482422,14.881999969482422,5052000
2015-09-22,14.654000282287598,14.75,14.434000015258787,14.612000465393066,14.612000465393066,5319000
2015-09-23,14.63599967956543,14.850000381469728,14.47599983215332,14.597999572753906,14.597999572753906,3990500
2015-09-24,14.538000106811523,14.54599952697754,14.194000244140623,14.423999786376951,14.423999786376951,5540000
2015-09-25,14.62600040435791,14.895999908447266,14.387999534606934,14.571999549865724,14.571999549865724,11848000
2015-09-28,14.526000022888184,14.562000274658203,13.751999855041504,13.805999755859377,13.805999755859377,8807000
2015-09-29,13.793999671936035,13.93000030517578,13.552000045776367,13.788000106811523,13.788000106811523,5416000
2015-09-30,13.944000244140623,14.0600004196167,13.413999557495115,13.890000343322754,13.890000343322754,8465000
2015-10-01,13.82800006866455,14.329999923706056,13.529999732971191,14.315999984741213,14.315999984741213,8887000
2015-10-02,14.06999969482422,14.45199966430664,13.979999542236328,14.446000099182127,14.446000099182127,4620000
2015-10-05,14.52400016784668,15.305999755859377,14.479999542236328,15.293999671936035,15.293999671936035,9133000
2015-10-06,15.18000030517578,15.381999969482422,14.850000381469728,14.916000366210938,14.916000366210938,6362000
2015-10-07,15.04599952697754,15.053999900817873,14.604000091552734,14.994000434875488,14.994000434875488,9229000
2015-10-08,14.986000061035156,14.986000061035156,14.354000091552734,14.604000091552734,14.604000091552734,8397000
2015-10-09,14.62399959564209,14.944000244140623,14.435999870300291,14.883999824523926,14.883999824523926,4711500
2015-10-12,14.868000030517578,15.04800033569336,14.711999893188477,14.855999946594238,14.855999946594238,2778000
2015-10-13,14.815999984741213,15.241999626159668,14.720000267028809,14.83199977874756,14.83199977874756,3839500
2015-10-14,14.803999900817873,15.003999710083008,14.685999870300291,14.779999732971191,14.779999732971191,5115000
2015-10-15,14.79800033569336,15.260000228881836,14.784000396728516,15.128000259399414,15.128000259399414,6445500
2015-10-16,15.076000213623049,15.29800033569336,15.013999938964844,15.291999816894531,15.291999816894531,5273500
2015-10-19,15.267999649047852,15.345999717712402,14.973999977111816,15.157999992370604,15.157999992370604,5199000
2015-10-20,15.184000015258787,15.317999839782717,14.86400032043457,14.946000099182127,14.946000099182127,5803500
2015-10-21,14.98799991607666,15.026000022888184,14.592000007629396,14.604000091552734,14.604000091552734,12413000
2015-10-22,14.461999893188477,15.722000122070312,14.458000183105469,15.59000015258789,15.59000015258789,20111000
2015-10-23,15.637999534606934,15.791999816894531,15.064000129699709,15.777999877929688,15.777999877929688,13104500
2015-10-26,15.77400016784668,15.859999656677246,15.550000190734863,15.760000228881836,15.760000228881836,4691000
2015-10-27,15.673999786376951,16.0939998626709,15.633999824523926,16.034000396728516,16.034000396728516,8997000
2015-10-28,16.016000747680664,16.43600082397461,15.944000244140623,16.43000030517578,16.43000030517578,8713000
2015-10-29,16.402000427246094,16.582000732421875,16.275999069213867,16.312000274658203,16.312000274658203,4078000
2015-10-30,16.38800048828125,16.469999313354492,16.18000030517578,16.329999923706055,16.329999923706055,7163500
2015-11-02,16.336000442504883,16.483999252319336,16.128000259399414,16.40399932861328,16.40399932861328,3994000
2015-11-03,16.399999618530273,16.736000061035156,16.236000061035156,16.506000518798828,16.506000518798828,6331500
2015-11-04,16.534000396728516,16.8799991607666,16.43199920654297,16.76799964904785,16.76799964904785,8674500
2015-11-05,16.645999908447266,16.898000717163086,16.558000564575195,16.781999588012695,16.781999588012695,6544500
2015-11-06,16.823999404907227,17.176000595092773,16.799999237060547,17.04800033569336,17.04800033569336,6724500
2015-11-09,17.0,17.106000900268555,16.81399917602539,16.920000076293945,16.920000076293945,6778000
2015-11-10,16.746000289916992,16.899999618530273,16.642000198364258,16.829999923706055,16.829999923706055,6510000
2015-11-11,16.799999237060547,16.93400001525879,16.615999221801758,16.780000686645508,16.780000686645508,4280500
2015-11-12,16.697999954223633,17.049999237060547,16.577999114990234,16.899999618530273,16.899999618530273,5263500
2015-11-13,16.808000564575195,16.92799949645996,16.464000701904297,16.576000213623047,16.576000213623047,5556000
2015-11-16,16.513999938964844,16.92799949645996,16.408000946044922,16.874000549316406,16.874000549316406,3817500
2015-11-17,16.8799991607666,17.106000900268555,16.799999237060547,16.98200035095215,16.98200035095215,4607000
2015-11-18,17.0,17.190000534057617,16.856000900268555,17.149999618530273,17.149999618530273,9840500
2015-11-19,17.200000762939453,17.398000717163086,17.110000610351562,17.149999618530273,17.149999618530273,8004000
2015-11-20,17.22800064086914,17.441999435424805,17.15399932861328,17.238000869750977,17.238000869750977,7177500
2015-11-23,17.214000701904297,17.540000915527344,17.163999557495117,17.29199981689453,17.29199981689453,4400500
2015-11-24,17.142000198364258,17.371999740600586,17.030000686645508,17.34000015258789,17.34000015258789,4160500
2015-11-25,17.333999633789062,17.54599952697754,17.332000732421875,17.378000259399414,17.378000259399414,3325500
2015-11-27,17.347999572753906,17.54800033569336,17.332000732421875,17.45800018310547,17.45800018310547,2103000
2015-11-30,17.516000747680664,17.516000747680664,17.229999542236328,17.402000427246094,17.402000427246094,6056500
2015-12-01,17.45400047302246,17.483999252319336,17.22599983215332,17.29400062561035,17.29400062561035,7103000
2015-12-02,17.399999618530273,17.780000686645508,17.360000610351562,17.506000518798828,17.506000518798828,9281500
2015-12-03,17.663999557495117,18.107999801635746,17.511999130249023,17.618000030517578,17.618000030517578,11389500
2015-12-04,17.6200008392334,18.256000518798828,17.6200008392334,17.99799919128418,17.99799919128418,9107500
2015-12-07,17.9060001373291,17.98200035095215,17.525999069213867,17.59600067138672,17.59600067138672,6186000
2015-12-08,17.413999557495117,17.694000244140625,17.1299991607666,17.54400062561035,17.54400062561035,6928000
2015-12-09,17.45599937438965,17.531999588012695,17.143999099731445,17.219999313354492,17.219999313354492,5836000
2015-12-10,17.214000701904297,17.576000213623047,17.194000244140625,17.38800048828125,17.38800048828125,5576500
2015-12-11,17.194000244140625,17.399999618530273,16.634000778198242,16.697999954223633,16.697999954223633,9505500
2015-12-14,16.694000244140625,16.850000381469727,16.423999786376953,16.714000701904297,16.714000701904297,8217500
2015-12-15,16.805999755859375,17.257999420166016,16.805999755859375,17.1200008392334,17.1200008392334,7113000
2015-12-16,17.197999954223633,17.520000457763672,16.988000869750977,17.47800064086914,17.47800064086914,7834500
2015-12-17,17.50200080871582,17.643999099731445,17.13800048828125,17.45400047302246,17.45400047302246,7852500
2015-12-18,17.43600082397461,17.56399917602539,17.143999099731445,17.145999908447266,17.145999908447266,15218000
2015-12-21,17.38599967956543,17.420000076293945,17.224000930786133,17.40399932861328,17.40399932861328,7283000
2015-12-22,17.5,17.510000228881836,17.214000701904297,17.29599952697754,17.29599952697754,5163500
2015-12-23,17.393999099731445,17.525999069213867,17.280000686645508,17.378000259399414,17.378000259399414,4600000
2015-12-24,17.360000610351562,17.472000122070312,17.31800079345703,17.392000198364258,17.392000198364258,1256500
2015-12-28,17.327999114990234,17.45199966430664,17.257999420166016,17.378000259399414,17.378000259399414,2358000
2015-12-29,17.493999481201172,17.711999893188477,17.472000122070312,17.624000549316406,17.624000549316406,5609000
2015-12-30,17.639999389648438,17.672000885009766,17.426000595092773,17.47599983215332,17.47599983215332,3460000
2015-12-31,17.47599983215332,17.52199935913086,17.197999954223633,17.312000274658203,17.312000274658203,3541000
2016-01-04,16.996000289916992,17.134000778198242,16.634000778198242,16.81399917602539,16.81399917602539,6367500
2016-01-05,16.902000427246094,17.110000610351562,16.694000244140625,16.799999237060547,16.799999237060547,6643500
2016-01-06,16.576000213623047,16.61400032043457,16.139999389648438,16.284000396728516,16.284000396728516,7091000
2016-01-07,15.935999870300291,16.329999923706055,15.78600025177002,15.928000450134276,15.928000450134276,7765500
2016-01-08,16.02199935913086,16.1299991607666,15.57800006866455,15.62399959564209,15.62399959564209,6099500
2016-01-11,15.744000434875488,15.812000274658203,15.4399995803833,15.706000328063965,15.706000328063965,5568000
2016-01-12,15.946000099182127,16.29800033569336,15.946000099182127,16.197999954223633,16.197999954223633,8326000
2016-01-13,16.218000411987305,16.357999801635742,15.097999572753906,15.357999801635742,15.357999801635742,9447500
2016-01-14,15.446000099182127,15.699999809265137,14.781999588012695,15.642000198364258,15.642000198364258,7557000
2016-01-15,15.223999977111816,15.45199966430664,14.944000244140623,15.267999649047852,15.267999649047852,8869000
2016-01-19,15.432000160217283,15.55799961090088,14.734000205993652,14.86400032043457,14.86400032043457,9965500
2016-01-20,14.649999618530272,15.064000129699709,14.027999877929688,14.862000465393066,14.862000465393066,10556500
2016-01-21,14.947999954223633,15.222000122070312,14.723999977111816,14.881999969482422,14.881999969482422,9609000
2016-01-22,15.116000175476074,15.35200023651123,15.116000175476074,15.333999633789062,15.333999633789062,6355000
2016-01-25,15.288000106811523,15.432000160217283,15.01200008392334,15.220000267028809,15.220000267028809,9203500
2016-01-26,15.223999977111816,15.637999534606934,15.053999900817873,15.592000007629396,15.592000007629396,12484000
2016-01-27,15.423999786376951,15.520000457763672,14.906000137329102,15.074000358581545,15.074000358581545,21361000
2016-01-28,11.564000129699709,12.87600040435791,11.534000396728516,12.71399974822998,12.71399974822998,98876000
2016-01-29,12.79800033569336,13.10200023651123,12.142000198364258,12.44200038909912,12.44200038909912,36455000
2016-02-01,12.31999969482422,12.565999984741213,12.288000106811523,12.392000198364258,12.392000198364258,13336500
2016-02-02,12.29599952697754,12.32800006866455,11.366000175476074,11.449999809265137,11.449999809265137,23965500
2016-02-03,11.513999938964844,11.887999534606934,11.333999633789062,11.859999656677246,11.859999656677246,18258500
2016-02-04,11.770000457763672,12.050000190734863,11.678000450134276,11.723999977111816,11.723999977111816,18237000
2016-02-05,10.824000358581545,11.093999862670898,9.892000198364258,10.461999893188477,10.461999893188477,36286500
2016-02-08,10.184000015258787,10.223999977111816,9.199999809265137,9.428000450134276,9.428000450134276,32734000
2016-02-09,9.31999969482422,9.866000175476074,9.223999977111816,9.70400047302246,9.70400047302246,28093500
2016-02-10,9.734000205993652,10.359999656677246,9.734000205993652,9.998000144958496,9.998000144958496,15468000
2016-02-11,9.855999946594238,9.928000450134276,9.461999893188477,9.805999755859377,9.805999755859377,14564000
2016-02-12,9.895999908447266,10.05799961090088,9.621999740600586,10.015999794006348,10.015999794006348,10496500
2016-02-16,10.118000030517578,10.45199966430664,9.989999771118164,10.407999992370604,10.407999992370604,13594500
2016-02-17,10.5,11.109999656677246,10.461999893188477,11.052000045776367,11.052000045776367,26546000
2016-02-18,11.105999946594238,11.16800022125244,10.843999862670898,10.85200023651123,10.85200023651123,16538500
2016-02-19,10.843999862670898,11.12399959564209,10.812000274658203,10.947999954223633,10.947999954223633,14200500
2016-02-22,11.020000457763672,11.270000457763672,10.850000381469728,10.937999725341797,10.937999725341797,12305500
2016-02-23,10.847999572753906,10.878000259399414,10.289999961853027,10.60200023651123,10.60200023651123,14362500
2016-02-24,10.404000282287598,10.550000190734863,10.0,10.510000228881836,10.510000228881836,13448500
2016-02-25,10.621999740600586,11.0,10.553999900817873,10.83199977874756,10.83199977874756,13517500
2016-02-26,10.916000366210938,11.239999771118164,10.854000091552734,11.10200023651123,11.10200023651123,12932000
2016-02-29,11.050000190734863,11.246000289916992,10.98799991607666,10.998000144958496,10.998000144958496,9836500
2016-03-01,11.16800022125244,11.56999969482422,11.071999549865724,11.56999969482422,11.56999969482422,18261500
2016-03-02,11.5,11.621999740600586,11.324000358581545,11.531999588012695,11.531999588012695,10318500
2016-03-03,11.472000122070312,11.68000030517578,11.347999572753906,11.67199993133545,11.67199993133545,11540000
2016-03-04,11.77400016784668,11.911999702453612,11.62600040435791,11.699999809265137,11.699999809265137,9530500
2016-03-07,11.597999572753906,11.760000228881836,11.315999984741213,11.644000053405762,11.644000053405762,6968500
2016-03-08,11.682000160217283,12.211999893188477,11.630000114440918,12.067999839782717,12.067999839782717,15700500
2016-03-09,12.107999801635742,12.116000175476074,11.850000381469728,12.097999572753906,12.097999572753906,11128000
2016-03-10,12.279999732971191,12.46399974822998,11.95199966430664,12.144000053405762,12.144000053405762,11478500
2016-03-11,12.220000267028809,12.736000061035156,12.187999725341797,12.670000076293944,12.670000076293944,10607000
2016-03-14,12.567999839782717,12.621999740600586,12.371999740600586,12.470000267028809,12.470000267028809,8977500
2016-03-15,12.378000259399414,12.413999557495115,12.149999618530272,12.329999923706056,12.329999923706056,7616500
2016-03-16,12.270000457763672,12.527999877929688,12.194000244140623,12.473999977111816,12.473999977111816,5965500
2016-03-17,12.465999603271484,12.552000045776367,12.029999732971191,12.15999984741211,12.15999984741211,12340500
2016-03-18,12.210000038146973,12.267999649047852,11.98799991607666,12.029999732971191,12.029999732971191,13679500
2016-03-21,12.050000190734863,12.263999938964844,11.982000350952148,12.210000038146973,12.210000038146973,6889000
2016-03-22,12.083999633789062,12.564000129699709,12.050000190734863,12.46399974822998,12.46399974822998,8115000
2016-03-23,12.4399995803833,12.62399959564209,12.399999618530272,12.449999809265137,12.449999809265137,10179000
2016-03-24,12.305999755859377,12.343999862670898,12.166000366210938,12.338000297546388,12.338000297546388,5261000
2016-03-28,12.32800006866455,12.333999633789062,11.95400047302246,12.067999839782717,12.067999839782717,8083500
2016-03-29,12.04800033569336,12.27400016784668,11.986000061035156,12.227999687194824,12.227999687194824,7785000
2016-03-30,12.300000190734863,12.486000061035156,12.20400047302246,12.21399974822998,12.21399974822998,8307000
2016-03-31,12.18000030517578,12.281999588012695,11.986000061035156,12.236000061035156,12.236000061035156,11941500
2016-04-01,12.22599983215332,12.449999809265137,12.010000228881836,12.406000137329102,12.406000137329102,7682500
2016-04-04,12.413999557495115,12.87399959564209,12.392000198364258,12.855999946594238,12.855999946594238,11360500
2016-04-05,12.694000244140623,12.881999969482422,12.621999740600586,12.729999542236328,12.729999542236328,8354000
2016-04-06,12.748000144958496,12.821999549865724,12.58199977874756,12.767999649047852,12.767999649047852,8878500
2016-04-07,12.718000411987305,12.96399974822998,12.663999557495115,12.803999900817873,12.803999900817873,6509000
2016-04-08,12.871999740600586,13.005999565124512,12.758000373840332,12.899999618530272,12.899999618530272,6180500
2016-04-11,12.973999977111816,13.065999984741213,12.63599967956543,12.661999702453612,12.661999702453612,6741000
2016-04-12,12.597999572753906,12.663999557495115,12.3100004196167,12.350000381469728,12.350000381469728,12306500
2016-04-13,12.494000434875488,12.78600025177002,12.28600025177002,12.753999710083008,12.753999710083008,8877000
2016-04-14,12.616000175476074,12.699999809265137,12.380000114440918,12.600000381469728,12.600000381469728,17218000
2016-04-15,12.63599967956543,12.684000015258787,12.491999626159668,12.656000137329102,12.656000137329102,5943000
2016-04-18,12.640000343322754,12.979999542236328,12.604000091552734,12.894000053405762,12.894000053405762,11296000
2016-04-19,12.894000053405762,12.947999954223633,12.510000228881836,12.734000205993652,12.734000205993652,10458500
2016-04-20,12.836000442504885,13.100000381469728,12.776000022888184,13.022000312805176,13.022000312805176,14012500
2016-04-21,14.95400047302246,15.368000030517578,14.642000198364258,14.854000091552734,14.854000091552734,41977500
2016-04-22,14.687999725341797,14.75,14.359999656677246,14.621999740600586,14.621999740600586,16268000
2016-04-25,14.670000076293944,14.913999557495115,14.600000381469728,14.682000160217283,14.682000160217283,12625500
2016-04-26,14.684000015258787,14.697999954223633,14.413999557495115,14.531999588012695,14.531999588012695,7046500
2016-04-27,14.449999809265137,14.76200008392334,14.449999809265137,14.630000114440918,14.630000114440918,7613500
2016-04-28,14.62399959564209,14.727999687194824,14.223999977111816,14.27400016784668,14.27400016784668,7070000
2016-04-29,14.267999649047852,14.425999641418455,14.034000396728516,14.29599952697754,14.29599952697754,8900500
2016-05-02,14.289999961853027,14.420000076293944,14.17199993133545,14.404000282287598,14.404000282287598,5783000
2016-05-03,14.16800022125244,14.218000411987305,13.82800006866455,13.968000411987305,13.968000411987305,7990000
2016-05-04,13.895999908447266,13.965999603271484,13.503999710083008,13.522000312805176,13.522000312805176,8517000
2016-05-05,13.61400032043457,13.72599983215332,13.45400047302246,13.55799961090088,13.55799961090088,7552000
2016-05-06,13.40999984741211,13.54800033569336,13.166000366210938,13.456000328063965,13.456000328063965,8064000
2016-05-09,13.369999885559082,13.65999984741211,13.359999656677246,13.486000061035156,13.486000061035156,4594000
2016-05-10,13.48799991607666,13.739999771118164,13.435999870300291,13.706000328063965,13.706000328063965,7004500
2016-05-11,13.70199966430664,14.02400016784668,13.684000015258787,13.727999687194824,13.727999687194824,7801000
2016-05-12,13.857999801635742,13.916000366210938,13.4399995803833,13.494000434875488,13.494000434875488,8438000
2016-05-13,13.45199966430664,13.675999641418455,13.368000030517578,13.48799991607666,13.48799991607666,7385000
2016-05-16,13.51200008392334,14.09000015258789,13.458000183105469,14.0600004196167,14.0600004196167,9719000
2016-05-17,14.034000396728516,14.10200023651123,13.791999816894531,13.899999618530272,13.899999618530272,5901000
2016-05-18,13.91800022125244,14.210000038146973,13.845999717712402,14.005999565124512,14.005999565124512,5032500
2016-05-19,14.199999809265137,14.399999618530272,13.92199993133545,13.949999809265137,13.949999809265137,9601500
2016-05-20,14.076000213623049,14.154000282287598,13.616000175476074,14.0,14.0,14416000
2016-05-23,13.913999557495115,14.22599983215332,13.878000259399414,14.04599952697754,14.04599952697754,5903500
2016-05-24,14.107999801635742,14.362000465393066,14.017999649047852,14.196000099182127,14.196000099182127,7512000
2016-05-25,14.270000457763672,14.300000190734863,14.12600040435791,14.152000427246094,14.152000427246094,5580000
2016-05-26,14.142000198364258,14.211999893188477,13.98799991607666,14.010000228881836,14.010000228881836,5859000
2016-05-27,13.982000350952148,14.178000450134276,13.781999588012695,14.145999908447266,14.145999908447266,6748500
2016-05-31,14.116000175476074,14.338000297546388,14.053999900817873,14.326000213623049,14.326000213623049,11477000
2016-06-01,14.276000022888184,14.699999809265137,14.211999893188477,14.633999824523926,14.633999824523926,9448500
2016-06-02,14.55799961090088,14.85200023651123,14.501999855041504,14.845999717712402,14.845999717712402,5923500
2016-06-03,14.763999938964844,14.800000190734863,14.571999549865724,14.706000328063965,14.706000328063965,5513500
2016-06-06,14.73799991607666,15.050000190734863,14.69200038909912,15.01200008392334,15.01200008392334,5396500
2016-06-07,14.97599983215332,15.21399974822998,14.8100004196167,15.20400047302246,15.20400047302246,9890500
2016-06-08,15.19200038909912,15.552000045776367,15.079999923706056,15.407999992370604,15.407999992370604,12655000
2016-06-09,15.28600025177002,15.45199966430664,15.079999923706056,15.112000465393066,15.112000465393066,4280000
2016-06-10,14.935999870300291,15.017999649047852,14.758000373840332,14.805999755859377,14.805999755859377,6952500
2016-06-13,14.663999557495115,14.87600040435791,14.510000228881836,14.541999816894531,14.541999816894531,8768000
2016-06-14,14.501999855041504,14.70400047302246,14.437999725341797,14.595999717712402,14.595999717712402,4674000
2016-06-15,14.62399959564209,15.017999649047852,14.60200023651123,14.894000053405762,14.894000053405762,5402000
2016-06-16,14.76200008392334,14.791999816894531,14.53600025177002,14.736000061035156,14.736000061035156,3884500
2016-06-17,14.654000282287598,14.906000137329102,14.324000358581545,14.413999557495115,14.413999557495115,8872000
2016-06-20,14.633999824523926,14.72599983215332,14.5,14.520000457763672,14.520000457763672,5546000
2016-06-21,14.571999549865724,14.628000259399414,14.37399959564209,14.54599952697754,14.54599952697754,4637000
2016-06-22,14.494000434875488,14.52400016784668,14.359999656677246,14.383999824523926,14.383999824523926,3757500
2016-06-23,14.43000030517578,15.038000106811523,14.350000381469728,15.03600025177002,15.03600025177002,6818000
2016-06-24,14.513999938964844,14.644000053405762,14.041999816894531,14.065999984741213,14.065999984741213,13232000
2016-06-27,13.934000015258787,13.972000122070312,12.70199966430664,12.734000205993652,12.734000205993652,15169000
2016-06-28,13.0,13.140000343322754,12.776000022888184,13.026000022888184,13.026000022888184,11279000
2016-06-29,13.166000366210938,13.395999908447266,13.11400032043457,13.288000106811523,13.288000106811523,7424000
2016-06-30,13.399999618530272,13.399999618530272,12.979999542236328,13.279999732971191,13.279999732971191,8578500
2016-07-01,13.303999900817873,13.489999771118164,13.20199966430664,13.241999626159668,13.241999626159668,4085000
2016-07-05,13.182000160217283,13.182000160217283,12.95400047302246,13.053999900817873,13.053999900817873,7696000
2016-07-06,13.010000228881836,13.112000465393066,12.862000465393066,13.065999984741213,13.065999984741213,5859500
2016-07-07,13.109999656677246,13.137999534606934,12.949999809265137,13.001999855041504,13.001999855041504,6519500
2016-07-08,13.08199977874756,13.925999641418455,13.08199977874756,13.824000358581545,13.824000358581545,10481500
2016-07-11,13.881999969482422,14.055999755859377,13.760000228881836,13.770000457763672,13.770000457763672,5677500
2016-07-12,13.868000030517578,14.465999603271484,13.621999740600586,14.092000007629396,14.092000007629396,9270500
2016-07-13,14.333999633789062,14.552000045776367,14.013999938964844,14.029999732971191,14.029999732971191,9105500
2016-07-14,14.170000076293944,14.251999855041504,14.029999732971191,14.031999588012695,14.031999588012695,4214000
2016-07-15,14.293999671936035,14.326000213623049,14.065999984741213,14.20400047302246,14.20400047302246,6142000
2016-07-18,14.163999557495115,14.18000030517578,13.935999870300291,13.965999603271484,13.965999603271484,7148500
2016-07-19,13.965999603271484,14.182000160217283,13.925999641418455,13.998000144958496,13.998000144958496,4697000
2016-07-20,14.13599967956543,14.684000015258787,14.022000312805176,14.529999732971191,14.529999732971191,8777500
2016-07-21,14.479999542236328,14.586000442504885,14.121999740600586,14.210000038146973,14.210000038146973,6678500
2016-07-22,14.3100004196167,14.628000259399414,14.152000427246094,14.534000396728516,14.534000396728516,5669500
2016-07-25,14.567999839782717,14.836000442504885,14.522000312805176,14.711999893188477,14.711999893188477,6916000
2016-07-26,14.711999893188477,14.79800033569336,14.592000007629396,14.66800022125244,14.66800022125244,5579500
2016-07-27,14.800000190734863,15.0,14.496000289916992,14.595999717712402,14.595999717712402,10697000
2016-07-28,15.079999923706056,15.753999710083008,14.829999923706056,15.276000022888184,15.276000022888184,19959500
2016-07-29,15.18000030517578,15.18000030517578,14.687999725341797,14.984000205993652,14.984000205993652,12462500
2016-08-01,14.958000183105469,15.09000015258789,14.8100004196167,15.013999938964844,15.013999938964844,6431000
2016-08-02,14.91800022125244,14.96399974822998,14.338000297546388,14.645999908447266,14.645999908447266,10742500
2016-08-03,14.562000274658203,14.878000259399414,14.5,14.854000091552734,14.854000091552734,10052000
2016-08-04,14.77400016784668,15.005999565124512,14.77400016784668,14.98799991607666,14.98799991607666,8581500
2016-08-05,15.017999649047852,15.197999954223633,14.977999687194824,15.166000366210938,15.166000366210938,4417000
2016-08-08,15.0,15.12600040435791,14.928000450134276,14.98799991607666,14.98799991607666,5605000
2016-08-09,14.96399974822998,15.055999755859377,14.934000015258787,15.0,15.0,3665500
2016-08-10,15.0,15.015999794006348,14.854000091552734,14.90999984741211,14.90999984741211,3339500
2016-08-11,14.928000450134276,15.258000373840332,14.899999618530272,15.218000411987305,15.218000411987305,6324000
2016-08-12,15.105999946594238,15.15999984741211,14.991999626159668,15.154000282287598,15.154000282287598,5398000
2016-08-15,15.16800022125244,15.362000465393066,15.029999732971191,15.347999572753906,15.347999572753906,4308000
2016-08-16,15.281999588012695,15.29599952697754,14.899999618530272,14.904000282287598,14.904000282287598,4475000
2016-08-17,14.842000007629396,14.9399995803833,14.53600025177002,14.61400032043457,14.61400032043457,5829000
2016-08-18,14.64799976348877,14.72599983215332,14.496000289916992,14.61400032043457,14.61400032043457,5220000
2016-08-19,14.571999549865724,14.791999816894531,14.515999794006348,14.73799991607666,14.73799991607666,3681500
2016-08-22,14.72599983215332,14.739999771118164,14.25,14.277999877929688,14.277999877929688,6752500
2016-08-23,14.399999618530272,14.600000381469728,14.359999656677246,14.52400016784668,14.52400016784668,5035000
2016-08-24,14.48799991607666,14.69200038909912,14.48799991607666,14.553999900817873,14.553999900817873,5087500
2016-08-25,14.633999824523926,14.982000350952148,14.555999755859377,14.720000267028809,14.720000267028809,5087500
2016-08-26,14.684000015258787,14.815999984741213,14.576000213623049,14.699999809265137,14.699999809265137,3732000
2016-08-29,14.722000122070312,14.765999794006348,14.583999633789062,14.678000450134276,14.678000450134276,4425000
2016-08-30,14.65999984741211,14.75,14.618000030517578,14.687999725341797,14.687999725341797,4380500
2016-08-31,14.539999961853027,14.5600004196167,14.347999572753906,14.534000396728516,14.534000396728516,4785000
2016-09-01,14.425999641418455,14.817999839782717,14.38599967956543,14.800000190734863,14.800000190734863,7740500
2016-09-02,14.81999969482422,15.371999740600586,14.81999969482422,15.248000144958496,15.248000144958496,9946500
2016-09-06,15.345999717712402,15.597999572753906,15.196000099182127,15.543999671936035,15.543999671936035,10698500
2016-09-07,15.47599983215332,15.678000450134276,15.29599952697754,15.312000274658203,15.312000274658203,8607000
2016-09-08,15.279999732971191,15.329999923706056,14.98799991607666,15.079999923706056,15.079999923706056,5774500
2016-09-09,14.96399974822998,15.071999549865724,14.670000076293944,14.715999603271484,14.715999603271484,4222500
2016-09-12,14.644000053405762,14.94200038909912,14.538000106811523,14.906000137329102,14.906000137329102,3520000
2016-09-13,14.722000122070312,14.854000091552734,14.267999649047852,14.484000205993652,14.484000205993652,9986500
2016-09-14,14.494000434875488,14.656000137329102,14.395999908447266,14.51200008392334,14.51200008392334,6478000
2016-09-15,14.654000282287598,15.550000190734863,14.595999717712402,15.541999816894531,15.541999816894531,15420500
2016-09-16,15.40999984741211,15.670000076293944,15.355999946594238,15.458000183105469,15.458000183105469,10568500
2016-09-19,15.576000213623049,15.640000343322754,15.18000030517578,15.197999954223633,15.197999954223633,4619500
2016-09-20,15.104000091552734,15.218000411987305,14.956000328063965,15.055999755859377,15.055999755859377,5618000
2016-09-21,15.184000015258787,15.383999824523926,14.991999626159668,15.37600040435791,15.37600040435791,5725000
2016-09-22,15.489999771118164,15.633999824523926,15.381999969482422,15.583999633789062,15.583999633789062,7032000
2016-09-23,15.52400016784668,15.555999755859377,15.359999656677246,15.489999771118164,15.489999771118164,6028000
2016-09-26,15.425999641418455,15.446000099182127,15.281999588012695,15.350000381469728,15.350000381469728,4545500
2016-09-27,15.29800033569336,15.838000297546388,15.270000457763672,15.80799961090088,15.80799961090088,7532500
2016-09-28,15.817999839782717,16.062000274658203,15.817999839782717,15.95400047302246,15.95400047302246,9465000
2016-09-29,15.881999969482422,16.020000457763672,15.54599952697754,15.696000099182127,15.696000099182127,5142000
2016-09-30,15.751999855041504,15.9399995803833,15.612000465393066,15.829999923706056,15.829999923706056,7842000
2016-10-03,15.814000129699709,15.944000244140623,15.68000030517578,15.913999557495115,15.913999557495115,5281500
2016-10-04,15.91800022125244,15.968000411987305,15.685999870300291,15.855999946594238,15.855999946594238,7211500
2016-10-05,15.789999961853027,16.003999710083008,15.760000228881836,15.88599967956543,15.88599967956543,5432000
2016-10-06,15.89799976348877,15.982000350952148,15.593999862670898,15.675999641418455,15.675999641418455,5840000
2016-10-07,15.630000114440918,15.789999961853027,15.494000434875488,15.70400047302246,15.70400047302246,6467500
2016-10-10,15.80799961090088,16.097999572753906,15.80799961090088,16.006000518798828,16.006000518798828,5285000
2016-10-11,16.049999237060547,16.15999984741211,15.67199993133545,15.760000228881836,15.760000228881836,8374500
2016-10-12,15.326000213623049,15.413999557495115,14.604000091552734,15.053999900817873,15.053999900817873,16010000
2016-10-13,14.949999809265137,15.12399959564209,14.770000457763672,15.07800006866455,15.07800006866455,7448000
2016-10-14,15.229999542236328,15.288000106811523,15.01200008392334,15.12399959564209,15.12399959564209,7914500
2016-10-17,15.145999908447266,15.14799976348877,14.85200023651123,14.928000450134276,14.928000450134276,5166000
2016-10-18,15.277999877929688,15.593999862670898,15.121999740600586,15.232000350952148,15.232000350952148,5001500
2016-10-19,15.833999633789062,16.030000686645508,15.631999969482422,15.784000396728516,15.784000396728516,17410000
2016-10-20,15.741999626159668,15.800000190734863,15.637999534606934,15.770000457763672,15.770000457763672,7807000
2016-10-21,15.6899995803833,16.052000045776367,15.637999534606934,16.011999130249023,16.011999130249023,7276500
2016-10-24,16.077999114990234,16.31599998474121,16.031999588012695,16.200000762939453,16.200000762939453,10638000
2016-10-25,16.22599983215332,16.389999389648438,15.881999969482422,15.958000183105469,15.958000183105469,10585000
2016-10-26,15.902000427246094,15.996000289916992,15.722000122070312,15.779999732971191,15.779999732971191,11460000
2016-10-27,17.36400032043457,17.95800018310547,16.91200065612793,16.992000579833984,16.992000579833984,55561500
2016-10-28,17.04199981689453,17.47800064086914,16.916000366210938,17.224000930786133,17.224000930786133,15511500
2016-10-31,17.22599983215332,17.607999801635742,17.17799949645996,17.582000732421875,17.582000732421875,13953500
2016-11-01,17.489999771118164,17.511999130249023,17.18199920654297,17.378000259399414,17.378000259399414,12812500
2016-11-02,17.20400047302246,17.384000778198242,16.90999984741211,16.917999267578125,16.917999267578125,8233000
2016-11-03,16.913999557495117,17.01799964904785,16.70599937438965,16.775999069213867,16.775999069213867,8146500
2016-11-04,16.799999237060547,16.95400047302246,16.6200008392334,16.642000198364258,16.642000198364258,8154000
2016-11-07,16.95400047302246,17.163999557495117,16.878000259399414,17.01799964904785,17.01799964904785,7046500
2016-11-08,16.893999099731445,17.200000762939453,16.75,17.100000381469727,17.100000381469727,5680500
2016-11-09,16.79800033569336,17.209999084472656,16.667999267578125,16.996000289916992,16.996000289916992,6786500
2016-11-10,17.149999618530273,17.540000915527344,16.40999984741211,16.42799949645996,16.42799949645996,13004500
2016-11-11,16.36199951171875,16.56599998474121,16.100000381469727,16.525999069213867,16.525999069213867,9260000
2016-11-14,16.577999114990234,16.784000396728516,16.459999084472656,16.65399932861328,16.65399932861328,6796000
2016-11-15,16.68600082397461,17.243999481201172,16.639999389648438,17.124000549316406,17.124000549316406,8268500
2016-11-16,17.04800033569336,17.20599937438965,16.97800064086914,17.134000778198242,17.134000778198242,5325000
2016-11-17,17.15399932861328,17.43400001525879,17.101999282836914,17.365999221801758,17.365999221801758,4585500
2016-11-18,17.402000427246094,17.558000564575195,17.100000381469727,17.149999618530273,17.149999618530273,6241500
2016-11-21,17.15999984741211,17.399999618530273,17.149999618530273,17.309999465942383,17.309999465942383,7527500
2016-11-22,17.25200080871582,17.336000442504883,17.083999633789062,17.246000289916992,17.246000289916992,6720500
2016-11-23,17.18600082397461,17.531999588012695,17.18600082397461,17.40999984741211,17.40999984741211,6751500
2016-11-25,17.381999969482422,17.67799949645996,17.299999237060547,17.54800033569336,17.54800033569336,3594000
2016-11-28,17.540000915527344,17.68000030517578,16.91200065612793,16.964000701904297,16.964000701904297,9084000
2016-11-29,16.969999313354492,17.100000381469727,16.65399932861328,16.68400001525879,16.68400001525879,7811000
2016-11-30,16.850000381469727,16.95400047302246,16.531999588012695,16.6299991607666,16.6299991607666,7820000
2016-12-01,16.639999389648438,16.700000762939453,15.267999649047852,15.41800022125244,15.41800022125244,15621000
2016-12-02,14.56999969482422,15.342000007629396,14.5600004196167,15.312000274658203,15.312000274658203,15514500
2016-12-05,15.465999603271484,15.994000434875488,15.45199966430664,15.973999977111816,15.973999977111816,10865500
2016-12-06,16.0,16.0,15.694000244140623,15.92199993133545,15.92199993133545,8286500
2016-12-07,16.034000396728516,16.034000396728516,15.644000053405762,15.996000289916992,15.996000289916992,7070500
2016-12-08,16.079999923706055,16.1560001373291,15.904000282287598,16.02199935913086,16.02199935913086,6494500
2016-12-09,16.145999908447266,16.31800079345703,15.843999862670898,15.880000114440918,15.880000114440918,4515000
2016-12-12,15.770000457763672,15.770000457763672,15.35200023651123,15.576000213623049,15.576000213623049,8457500
2016-12-13,15.73799991607666,16.139999389648438,15.73799991607666,15.878000259399414,15.878000259399414,4320500
2016-12-14,15.923999786376951,15.93000030517578,15.715999603271484,15.789999961853027,15.789999961853027,5038500
2016-12-15,15.78600025177002,16.054000854492188,15.772000312805176,15.88599967956543,15.88599967956543,3707500
2016-12-16,15.892000198364258,15.97599983215332,15.45199966430664,15.571999549865724,15.571999549865724,6690500
2016-12-19,15.543999671936035,15.616000175476074,15.4399995803833,15.5,15.5,4874000
2016-12-20,15.619999885559082,15.70400047302246,15.435999870300291,15.65999984741211,15.65999984741211,4540000
2016-12-21,15.607999801635742,15.607999801635742,15.206000328063965,15.449999809265137,15.449999809265137,5095000
2016-12-22,15.383999824523926,15.40999984741211,14.833999633789062,14.90999984741211,14.90999984741211,6828000
2016-12-23,14.920000076293944,15.21399974822998,14.871999740600586,15.20400047302246,15.20400047302246,3031000
2016-12-27,15.20199966430664,15.479999542236328,15.199999809265137,15.37600040435791,15.37600040435791,2743500
2016-12-28,15.35200023651123,15.40999984741211,15.027999877929688,15.043999671936035,15.043999671936035,4892000
2016-12-29,15.034000396728516,15.121999740600586,14.84000015258789,14.98799991607666,14.98799991607666,3796500
2016-12-30,15.022000312805176,15.088000297546388,14.732000350952148,14.868000030517578,14.868000030517578,5257500
2017-01-03,15.062000274658203,15.39799976348877,14.925999641418455,15.131999969482422,15.131999969482422,5509000
2017-01-04,15.218000411987305,15.79599952697754,15.178000450134276,15.765999794006348,15.765999794006348,10076500
2017-01-05,15.741999626159668,15.934000015258787,15.66800022125244,15.826000213623049,15.826000213623049,7820000
2017-01-06,15.847999572753906,16.47800064086914,15.779999732971191,16.420000076293945,16.420000076293945,8433000
2017-01-09,16.360000610351562,16.513999938964844,16.260000228881836,16.399999618530273,16.399999618530273,6696000
2017-01-10,16.450000762939453,16.486000061035156,16.22800064086914,16.333999633789062,16.333999633789062,6344000
2017-01-11,16.25200080871582,16.979999542236328,16.25200080871582,16.780000686645508,16.780000686645508,10423500
2017-01-12,16.604000091552734,16.75200080871582,16.18199920654297,16.691999435424805,16.691999435424805,6990000
2017-01-13,16.763999938964844,16.799999237060547,16.525999069213867,16.70599937438965,16.70599937438965,3729000
2017-01-17,16.615999221801758,16.649999618530273,16.257999420166016,16.281999588012695,16.281999588012695,4399500
2017-01-18,16.601999282836914,16.8700008392334,16.538000106811523,16.56999969482422,16.56999969482422,7330500
2017-01-19,16.591999053955078,16.719999313354492,16.47800064086914,16.540000915527344,16.540000915527344,6510500
2017-01-20,16.624000549316406,16.854000091552734,16.621999740600586,16.68000030517578,16.68000030517578,6259500
2017-01-23,16.76799964904785,16.781999588012695,16.45199966430664,16.649999618530273,16.649999618530273,4944000
2017-01-24,16.77199935913086,16.917999267578125,16.42799949645996,16.79400062561035,16.79400062561035,7439000
2017-01-25,16.98200035095215,17.392000198364258,16.898000717163086,17.27199935913086,17.27199935913086,13432000
2017-01-26,18.402000427246094,18.59600067138672,17.881999969482422,17.895999908447266,17.895999908447266,21847000
2017-01-27,17.802000045776367,18.100000381469727,17.742000579833984,18.01799964904785,18.01799964904785,9904500
2017-01-30,17.920000076293945,18.06599998474121,17.601999282836914,18.02400016784668,18.02400016784668,7928500
2017-01-31,18.020000457763672,18.13400077819824,17.790000915527344,18.124000549316406,18.124000549316406,6634500
2017-02-01,18.233999252319336,18.233999252319336,17.878000259399414,17.940000534057617,17.940000534057617,14421000
2017-02-02,17.850000381469727,17.968000411987305,17.645999908447266,17.77199935913086,17.77199935913086,10627000
2017-02-03,17.836000442504883,17.99799919128418,17.823999404907227,17.893999099731445,17.893999099731445,12274000
2017-02-06,17.83799934387207,18.14200019836425,17.72599983215332,18.100000381469727,18.100000381469727,7208500
2017-02-07,18.16200065612793,18.23200035095215,18.06999969482422,18.131999969482425,18.131999969482425,8234500
2017-02-08,17.95199966430664,18.08799934387207,17.878000259399414,18.01799964904785,18.01799964904785,9436500
2017-02-09,18.027999877929688,18.46199989318848,18.00200080871582,18.459999084472656,18.459999084472656,9100000
2017-02-10,18.516000747680664,18.56399917602539,18.34000015258789,18.492000579833984,18.492000579833984,8237000
2017-02-13,18.43600082397461,18.5,18.299999237060547,18.347999572753903,18.347999572753903,4799000
2017-02-14,18.336000442504883,18.65999984741211,18.270000457763672,18.577999114990234,18.577999114990234,7112500
2017-02-15,18.488000869750977,18.944000244140625,18.465999603271484,18.79400062561035,18.79400062561035,7922500
2017-02-16,18.788000106811523,18.83799934387207,18.308000564575195,18.3700008392334,18.3700008392334,7056000
2017-02-17,18.374000549316406,18.5939998626709,18.246000289916992,18.54800033569336,18.54800033569336,5585000
2017-02-21,18.60400009155273,18.70199966430664,18.43400001525879,18.63599967956543,18.63599967956543,3088500
2017-02-22,18.54199981689453,18.733999252319336,18.43400001525879,18.59600067138672,18.59600067138672,2738500
2017-02-23,18.67200088500977,18.68000030517578,18.28199958801269,18.530000686645508,18.530000686645508,4160000
2017-02-24,18.31999969482422,18.47800064086914,18.131999969482425,18.36400032043457,18.36400032043457,5191000
2017-02-27,18.121999740600582,18.121999740600582,17.38599967956543,17.549999237060547,17.549999237060547,27963500
2017-02-28,17.444000244140625,17.6560001373291,17.36400032043457,17.384000778198242,17.384000778198242,10841500
2017-03-01,17.604000091552734,17.79800033569336,17.347999572753906,17.777999877929688,17.777999877929688,15829000
2017-03-02,17.81800079345703,17.827999114990234,17.24799919128418,17.26799964904785,17.26799964904785,7057000
2017-03-03,17.20599937438965,17.437999725341797,17.20199966430664,17.29400062561035,17.29400062561035,5947500
2017-03-06,17.18600082397461,17.354000091552734,17.11199951171875,17.25200080871582,17.25200080871582,7096000
2017-03-07,17.266000747680664,17.538000106811523,17.219999313354492,17.41200065612793,17.41200065612793,7393000
2017-03-08,17.464000701904297,17.65399932861328,17.395999908447266,17.45800018310547,17.45800018310547,3970000
2017-03-09,17.461999893188477,17.625999450683594,17.277999877929688,17.56599998474121,17.56599998474121,4466000
2017-03-10,17.65399932861328,17.718000411987305,17.3799991607666,17.606000900268555,17.606000900268555,4285500
2017-03-13,17.618000030517578,17.77199935913086,17.531999588012695,17.72800064086914,17.72800064086914,6464000
2017-03-14,17.697999954223633,17.722000122070312,17.336000442504883,17.493999481201172,17.493999481201172,5713000
2017-03-15,17.576000213623047,17.753999710083008,17.45800018310547,17.68199920654297,17.68199920654297,5103500
2017-03-16,17.757999420166016,17.874000549316406,17.697999954223633,17.760000228881836,17.760000228881836,4768000
2017-03-17,17.809999465942383,17.893999099731445,17.70199966430664,17.742000579833984,17.742000579833984,5034500
2017-03-20,17.770000457763672,17.790000915527344,17.549999237060547,17.621999740600586,17.621999740600586,3106500
2017-03-21,17.760000228881836,17.799999237060547,16.757999420166016,16.785999298095703,16.785999298095703,12050500
2017-03-22,16.770000457763672,17.038000106811523,16.691999435424805,17.007999420166016,17.007999420166016,7117000
2017-03-23,17.02400016784668,17.16200065612793,16.826000213623047,16.8799991607666,16.8799991607666,4300500
2017-03-24,17.007999420166016,17.13800048828125,16.86199951171875,16.961999893188477,16.961999893188477,4093000
2017-03-27,16.847999572753906,17.118000030517578,16.68400001525879,16.974000930786133,16.974000930786133,4531000
2017-03-28,17.079999923706055,17.27400016784668,16.965999603271484,17.200000762939453,17.200000762939453,4702000
2017-03-29,17.256000518798828,17.576000213623047,17.219999313354492,17.52199935913086,17.52199935913086,7192000
2017-03-30,17.488000869750977,17.540000915527344,17.36199951171875,17.38800048828125,17.38800048828125,3859000
2017-03-31,17.36400032043457,17.600000381469727,17.275999069213867,17.493999481201172,17.493999481201172,4553000
2017-04-03,17.520000457763672,17.672000885009766,17.082000732421875,17.243999481201172,17.243999481201172,6249000
2017-04-04,17.211999893188477,17.47599983215332,17.040000915527344,17.058000564575195,17.058000564575195,5884000
2017-04-05,17.197999954223633,17.535999298095703,17.082000732421875,17.131999969482422,17.131999969482422,7081500
2017-04-06,17.149999618530273,17.284000396728516,17.020000457763672,17.238000869750977,17.238000869750977,3368000
2017-04-07,17.18000030517578,17.31399917602539,17.104000091552734,17.20400047302246,17.20400047302246,3835000
2017-04-10,17.190000534057617,17.277999877929688,17.083999633789062,17.106000900268555,17.106000900268555,3357000
2017-04-11,17.06999969482422,17.197999954223633,16.964000701904297,17.077999114990234,17.077999114990234,4695000
2017-04-12,17.00200080871582,17.142000198364258,16.805999755859375,16.898000717163086,16.898000717163086,4368500
2017-04-13,16.874000549316406,17.040000915527344,16.868000030517578,16.92799949645996,16.92799949645996,5659500
2017-04-17,17.007999420166016,17.284000396728516,16.983999252319336,17.281999588012695,17.281999588012695,5591000
2017-04-18,17.200000762939453,17.534000396728516,17.18600082397461,17.520000457763672,17.520000457763672,6908500
2017-04-19,17.591999053955078,17.68000030517578,17.530000686645508,17.6299991607666,17.6299991607666,5973500
2017-04-20,17.697999954223633,17.697999954223633,17.492000579833984,17.652000427246094,17.652000427246094,6760000
2017-04-21,17.760000228881836,17.88599967956543,17.615999221801758,17.663999557495117,17.663999557495117,5382500
2017-04-24,17.93400001525879,17.93400001525879,17.670000076293945,17.884000778198242,17.884000778198242,6560000
2017-04-25,17.983999252319336,18.15999984741211,17.91200065612793,18.04800033569336,18.04800033569336,7088000
2017-04-26,18.086000442504883,18.242000579833984,17.805999755859375,18.18400001525879,18.18400001525879,14074500
2017-04-27,19.256000518798828,19.38400077819824,18.65999984741211,18.86599922180176,18.86599922180176,23452000
2017-04-28,18.86000061035156,19.06399917602539,18.58799934387207,18.895999908447266,18.895999908447266,11710500
2017-05-01,18.92799949645996,19.08799934387207,18.742000579833984,18.98600006103516,18.98600006103516,13706500
2017-05-02,18.964000701904297,19.020000457763672,18.753999710083008,18.992000579833984,18.992000579833984,5852000
2017-05-03,18.9379997253418,19.030000686645508,18.746000289916992,18.82200050354004,18.82200050354004,4912000
2017-05-04,18.917999267578125,19.26000022888184,18.82999992370605,19.20400047302246,19.20400047302246,7579000
2017-05-05,19.224000930786133,19.63800048828125,19.224000930786133,19.61400032043457,19.61400032043457,9089500
2017-05-08,19.535999298095703,19.81800079345703,19.43000030517578,19.57999992370605,19.57999992370605,10865500
2017-05-09,19.631999969482425,19.694000244140625,19.39200019836425,19.465999603271484,19.465999603271484,7929500
2017-05-10,19.444000244140625,19.513999938964844,19.27199935913086,19.29400062561035,19.29400062561035,6050000
2017-05-11,19.299999237060547,19.38400077819824,19.100000381469727,19.35199928283692,19.35199928283692,5501000
2017-05-12,19.36199951171875,19.46999931335449,19.19799995422364,19.3799991607666,19.3799991607666,4830500
2017-05-15,19.44799995422364,19.722000122070312,19.381999969482425,19.59000015258789,19.59000015258789,4462500
2017-05-16,19.75200080871582,20.038000106811523,19.562000274658203,20.035999298095703,20.035999298095703,9230000
2017-05-17,19.739999771118164,19.8799991607666,19.61199951171875,19.709999084472656,19.709999084472656,18149000
2017-05-18,19.576000213623047,19.81999969482422,19.46999931335449,19.79400062561035,19.79400062561035,14210500
2017-05-19,19.89999961853028,20.143999099731445,19.84600067138672,19.86000061035156,19.86000061035156,10659000
2017-05-22,19.96199989318848,20.44599914550781,19.95199966430664,20.34000015258789,20.34000015258789,10437000
2017-05-23,20.27400016784668,20.35199928283692,20.011999130249023,20.34000015258789,20.34000015258789,11691500
2017-05-24,20.506000518798828,20.78400039672852,20.36599922180176,20.600000381469727,20.600000381469727,28862500
2017-05-25,20.739999771118164,21.058000564575195,20.709999084472656,20.90399932861328,20.90399932861328,8853500
2017-05-26,20.799999237060547,21.34600067138672,20.70599937438965,21.20599937438965,21.20599937438965,14941000
2017-05-30,21.083999633789062,21.36000061035156,20.964000701904297,21.07200050354004,21.07200050354004,8061500
2017-05-31,21.10199928283692,21.15800094604492,20.761999130249023,20.93000030517578,20.93000030517578,11153000
2017-06-01,21.035999298095703,21.309999465942383,20.86400032043457,21.302000045776367,21.302000045776367,13130500
2017-06-02,21.312000274658203,21.51000022888184,21.145999908447266,21.459999084472656,21.459999084472656,7320500
2017-06-05,21.47800064086914,21.68600082397461,21.43000030517578,21.48600006103516,21.48600006103516,7990000
2017-06-06,21.416000366210938,21.72599983215332,21.37800025939941,21.573999404907227,21.573999404907227,7586000
2017-06-07,21.600000381469727,21.69799995422364,21.41399955749512,21.63800048828125,21.63800048828125,9670000
2017-06-08,21.63400077819824,21.95599937438965,21.554000854492188,21.93600082397461,21.93600082397461,9215500
2017-06-09,21.950000762939453,22.131999969482425,20.36400032043457,20.74799919128418,20.74799919128418,19296000
2017-06-12,20.440000534057617,20.738000869750977,19.89999961853028,20.464000701904297,20.464000701904297,22390500
2017-06-13,20.709999084472656,20.777999877929688,20.26000022888184,20.444000244140625,20.444000244140625,10357500
2017-06-14,20.552000045776367,20.827999114990234,20.14999961853028,20.43199920654297,20.43199920654297,10695500
2017-06-15,19.989999771118164,20.36400032043457,19.802000045776367,20.25200080871582,20.25200080871582,11743500
2017-06-16,20.31800079345703,20.441999435424805,20.13800048828125,20.239999771118164,20.239999771118164,7788500
2017-06-19,20.44799995422364,20.836000442504883,20.39200019836425,20.71999931335449,20.71999931335449,7760000
2017-06-20,20.766000747680664,21.059999465942383,20.55599975585937,20.60199928283692,20.60199928283692,9610000
2017-06-21,20.763999938964844,21.16399955749512,20.67200088500977,21.124000549316406,21.124000549316406,8673000
2017-06-22,21.1879997253418,21.61599922180176,20.93199920654297,21.38599967956543,21.38599967956543,11638500
2017-06-23,21.39800071716309,21.709999084472656,21.29400062561035,21.558000564575195,21.558000564575195,11648000
2017-06-26,21.57999992370605,21.757999420166016,21.356000900268555,21.670000076293945,21.670000076293945,11145000
2017-06-27,21.57999992370605,21.799999237060547,21.28199958801269,21.35400009155273,21.35400009155273,16779000
2017-06-28,21.49399948120117,21.826000213623047,21.34199905395508,21.761999130249023,21.761999130249023,13056500
2017-06-29,21.694000244140625,21.761999130249023,20.902000427246094,21.16399955749512,21.16399955749512,11827000
2017-06-30,21.22800064086914,21.336000442504883,20.964000701904297,21.200000762939453,21.200000762939453,7694500
2017-07-03,21.309999465942383,21.309999465942383,20.643999099731445,20.715999603271484,20.715999603271484,6049500
2017-07-05,20.86800003051757,21.12800025939941,20.826000213623047,21.02199935913086,21.02199935913086,8791500
2017-07-06,20.809999465942383,21.13999938964844,20.76000022888184,20.90800094604492,20.90800094604492,8323500
2017-07-07,20.9060001373291,21.3700008392334,20.9060001373291,21.257999420166016,21.257999420166016,7929000
2017-07-10,21.332000732421875,21.694000244140625,21.257999420166016,21.63800048828125,21.63800048828125,6907500
2017-07-11,21.54599952697754,22.0,21.43600082397461,21.84000015258789,21.84000015258789,8169000
2017-07-12,22.0,22.60199928283692,21.916000366210938,22.45199966430664,22.45199966430664,8782500
2017-07-13,22.535999298095703,22.5939998626709,22.224000930786133,22.246000289916992,22.246000289916992,7728000
2017-07-14,21.76000022888184,22.14200019836425,21.61000061035156,22.076000213623047,22.076000213623047,15446500
2017-07-17,22.14800071716309,22.238000869750977,21.86400032043457,22.0,22.0,9646500
2017-07-18,21.965999603271484,22.209999084472656,21.84600067138672,22.1560001373291,22.1560001373291,8366500
2017-07-19,22.200000762939453,22.336000442504883,22.020000457763672,22.02400016784668,22.02400016784668,7508000
2017-07-20,22.030000686645508,22.1299991607666,21.80599975585937,21.968000411987305,21.968000411987305,8171500
2017-07-21,21.97599983215332,21.98600006103516,21.516000747680664,21.63800048828125,21.63800048828125,10758000
2017-07-24,21.676000595092773,21.700000762939453,21.46199989318848,21.59000015258789,21.59000015258789,11242500
2017-07-25,21.621999740600582,21.63599967956543,21.36000061035156,21.55599975585937,21.55599975585937,9520000
2017-07-26,21.59199905395508,22.02199935913086,21.57200050354004,21.944000244140625,21.944000244140625,14372500
2017-07-27,23.025999069213867,23.170000076293945,21.64200019836425,22.107999801635746,22.107999801635746,25257000
2017-07-28,21.950000762939453,22.333999633789062,21.780000686645508,22.32999992370605,22.32999992370605,10417000
2017-07-31,22.374000549316406,22.472000122070312,21.790000915527344,22.09000015258789,22.09000015258789,10278500
2017-08-01,22.176000595092773,22.35199928283692,22.020000457763672,22.14999961853028,22.14999961853028,7785000
2017-08-02,22.16399955749512,22.18400001525879,21.17799949645996,21.43400001525879,21.43400001525879,9724500
2017-08-03,21.45400047302246,21.558000564575195,21.18600082397461,21.42399978637696,21.42399978637696,7831000
2017-08-04,21.47800064086914,21.964000701904297,21.42200088500977,21.941999435424805,21.941999435424805,8903000
2017-08-07,21.93000030517578,21.950000762939453,21.694000244140625,21.75200080871582,21.75200080871582,5048000
2017-08-08,21.64200019836425,21.691999435424805,21.42200088500977,21.535999298095703,21.535999298095703,4007000
2017-08-09,21.374000549316406,21.57200050354004,21.326000213623047,21.465999603271484,21.465999603271484,4471500
2017-08-10,21.35400009155273,21.39999961853028,20.600000381469727,20.88400077819824,20.88400077819824,8534500
2017-08-11,20.98600006103516,21.36599922180176,20.847999572753903,21.209999084472656,21.209999084472656,4785000
2017-08-14,21.3700008392334,21.714000701904297,21.263999938964844,21.57999992370605,21.57999992370605,4865000
2017-08-15,21.549999237060547,21.670000076293945,21.34199905395508,21.46199989318848,21.46199989318848,4601500
2017-08-16,21.577999114990234,21.965999603271484,21.513999938964844,21.89999961853028,21.89999961853028,4497500
2017-08-17,21.808000564575195,21.9379997253418,21.347999572753903,21.371999740600582,21.371999740600582,6226000
2017-08-18,21.36599922180176,21.73200035095215,21.256000518798828,21.44599914550781,21.44599914550781,4899000
2017-08-21,21.40399932861328,21.79400062561035,21.40399932861328,21.761999130249023,21.761999130249023,5571000
2017-08-22,21.799999237060547,22.15399932861328,21.77199935913086,22.082000732421875,22.082000732421875,6249500
2017-08-23,21.86000061035156,22.19599914550781,21.76799964904785,21.968000411987305,21.968000411987305,4871000
2017-08-24,22.013999938964844,22.18600082397461,21.92200088500977,22.13400077819824,22.13400077819824,3642000
2017-08-25,22.190000534057617,22.535999298095703,22.09000015258789,22.11800003051757,22.11800003051757,5989500
2017-08-28,22.200000762939453,22.42200088500977,21.940000534057617,22.381999969482425,22.381999969482425,5966000
2017-08-29,22.124000549316406,22.440000534057617,22.027999877929688,22.350000381469727,22.350000381469727,5032000
2017-08-30,22.32200050354004,23.16200065612793,22.32200050354004,22.85400009155273,22.85400009155273,6522000
2017-08-31,22.90999984741211,23.308000564575195,22.902000427246094,23.238000869750977,23.238000869750977,7328000
2017-09-01,23.26000022888184,23.302000045776367,22.9060001373291,23.097999572753903,23.097999572753903,4792000
2017-09-05,23.11599922180176,23.280000686645508,22.881999969482425,23.229999542236328,23.229999542236328,5105500
2017-09-06,23.277999877929688,23.34000015258789,22.81599998474121,22.93600082397461,22.93600082397461,5558500
2017-09-07,23.06599998474121,23.72800064086914,23.06599998474121,23.55599975585937,23.55599975585937,7940000
2017-09-08,23.52400016784668,23.72599983215332,23.275999069213867,23.280000686645508,23.280000686645508,6233500
2017-09-11,23.54199981689453,23.72599983215332,23.479999542236328,23.53400039672852,23.53400039672852,8451500
2017-09-12,23.58799934387207,23.63400077819824,23.027999877929688,23.25200080871582,23.25200080871582,6618500
2017-09-13,23.233999252319336,23.37800025939941,23.13800048828125,23.209999084472656,23.209999084472656,5126500
2017-09-14,23.100000381469727,23.3439998626709,22.89999961853028,23.191999435424805,23.191999435424805,7967500
2017-09-15,23.29800033569336,23.36800003051757,22.95199966430664,23.222000122070312,23.222000122070312,5008000
2017-09-18,23.326000213623047,23.53199958801269,23.191999435424805,23.302000045776367,23.302000045776367,5639000
2017-09-19,23.3700008392334,23.393999099731445,23.1879997253418,23.336000442504883,23.336000442504883,6193500
2017-09-20,23.28400039672852,23.350000381469727,22.84000015258789,23.07999992370605,23.07999992370605,5431000
2017-09-21,23.058000564575195,23.12800025939941,22.785999298095703,23.003999710083008,23.003999710083008,4287500
2017-09-22,22.95199966430664,23.22800064086914,22.93600082397461,23.16200065612793,23.16200065612793,3151500
2017-09-25,23.15999984741211,23.170000076293945,22.28199958801269,22.36800003051757,22.36800003051757,6665500
2017-09-26,22.576000213623047,22.59000015258789,22.03400039672852,22.357999801635746,22.357999801635746,7648500
2017-09-27,22.49799919128418,23.31599998474121,22.48600006103516,23.100000381469727,23.100000381469727,8857000
2017-09-28,23.038000106811523,23.3439998626709,22.941999435424805,23.32999992370605,23.32999992370605,5226000
2017-09-29,23.36199951171875,23.558000564575195,23.239999771118164,23.506000518798828,23.506000518798828,5728500
2017-10-02,23.530000686645508,23.691999435424805,23.24399948120117,23.36000061035156,23.36000061035156,7558500
2017-10-03,23.36000061035156,23.65800094604492,23.290000915527344,23.56599998474121,23.56599998474121,3634000
2017-10-04,23.6299991607666,23.652000427246094,23.326000213623047,23.61199951171875,23.61199951171875,3301000
2017-10-05,23.66200065612793,23.893999099731445,23.420000076293945,23.8759994506836,23.8759994506836,4759500
2017-10-06,23.746000289916992,24.35199928283692,23.709999084472656,24.350000381469727,24.350000381469727,6428000
2017-10-09,24.39999961853028,24.489999771118164,24.17200088500977,24.266000747680664,24.266000747680664,5658500
2017-10-10,24.3759994506836,24.4060001373291,24.027999877929688,24.191999435424805,24.191999435424805,3940500
2017-10-11,24.17200088500977,24.214000701904297,23.85400009155273,24.13599967956543,24.13599967956543,4061000
2017-10-12,24.083999633789062,24.483999252319336,24.083999633789062,24.393999099731445,24.393999099731445,7205000
2017-10-13,24.576000213623047,24.6259994506836,24.34199905395508,24.45800018310547,24.45800018310547,4132500
2017-10-16,24.450000762939453,24.53400039672852,24.27199935913086,24.280000686645508,24.280000686645508,4174000
2017-10-17,24.308000564575195,24.559999465942383,24.200000762939453,24.549999237060547,24.549999237060547,5421000
2017-10-18,24.64200019836425,24.715999603271484,24.13400077819824,24.15399932861328,24.15399932861328,5670000
2017-10-19,24.09600067138672,24.17399978637696,23.79199981689453,24.16200065612793,24.16200065612793,5332000
2017-10-20,24.280000686645508,24.974000930786133,24.170000076293945,24.964000701904297,24.964000701904297,8965000
2017-10-23,25.79800033569336,25.91200065612793,24.68000030517578,24.79800033569336,24.79800033569336,9234000
2017-10-24,24.89800071716309,25.256000518798828,24.65399932861328,25.17799949645996,25.17799949645996,10271000
2017-10-25,25.3439998626709,25.549999237060547,24.856000900268555,24.92399978637696,24.92399978637696,15999500
2017-10-26,23.996000289916992,25.468000411987305,23.700000762939453,25.22800064086914,25.22800064086914,21458500
2017-10-27,25.200000762939453,25.356000900268555,24.582000732421875,25.145999908447266,25.145999908447266,13146500
2017-10-30,25.05599975585937,25.170000076293945,24.788000106811523,25.01000022888184,25.01000022888184,5660000
2017-10-31,25.02199935913086,25.36000061035156,24.95400047302246,25.27400016784668,25.27400016784668,7287500
2017-11-01,25.440000534057617,25.5,24.63999938964844,24.902000427246094,24.902000427246094,5687500
2017-11-02,24.78400039672852,25.0,24.53199958801269,24.86800003051757,24.86800003051757,4324500
2017-11-03,24.850000381469727,25.09000015258789,24.6299991607666,24.98200035095215,24.98200035095215,5755000
2017-11-06,25.100000381469727,25.19799995422364,24.88599967956543,24.94599914550781,24.94599914550781,3887000
2017-11-07,25.0,25.167999267578125,24.74799919128418,25.106000900268555,25.106000900268555,5155500
2017-11-08,24.88400077819824,25.59000015258789,24.86000061035156,25.52400016784668,25.52400016784668,8196000
2017-11-09,25.479999542236328,25.479999542236328,24.81999969482422,25.11000061035156,25.11000061035156,4546000
2017-11-10,25.030000686645508,25.26000022888184,25.01000022888184,25.19599914550781,25.19599914550781,4792500
2017-11-13,24.920000076293945,25.04599952697754,24.6879997253418,25.006000518798828,25.006000518798828,4469000
2017-11-14,24.972000122070312,25.040000915527344,24.746000289916992,24.895999908447266,24.895999908447266,4771000
2017-11-15,24.691999435424805,24.979999542236328,24.402000427246094,24.66399955749512,24.66399955749512,3111000
2017-11-16,24.714000701904297,25.27400016784668,24.70199966430664,25.143999099731445,25.143999099731445,5752000
2017-11-17,25.167999267578125,25.525999069213867,25.082000732421875,25.507999420166016,25.507999420166016,5622000
2017-11-20,25.506000518798828,25.895999908447266,25.496000289916992,25.53400039672852,25.53400039672852,4995500
2017-11-21,25.63599967956543,26.01000022888184,25.56599998474121,25.61400032043457,25.61400032043457,8781500
2017-11-22,25.583999633789062,25.77400016784668,25.45800018310547,25.489999771118164,25.489999771118164,2651000
2017-11-24,25.61599922180176,25.76000022888184,25.600000381469727,25.65999984741211,25.65999984741211,2531000
2017-11-27,25.700000762939453,25.75200080871582,25.308000564575195,25.39800071716309,25.39800071716309,4162000
2017-11-28,25.4060001373291,25.4060001373291,25.059999465942383,25.326000213623047,25.326000213623047,5527500
2017-11-29,25.17200088500977,25.34600067138672,24.07200050354004,24.11800003051757,24.11800003051757,13544000
2017-11-30,24.19599914550781,24.742000579833984,24.030000686645508,24.600000381469727,24.600000381469727,8037500
2017-12-01,24.51000022888184,24.761999130249023,24.20800018310547,24.53199958801269,24.53199958801269,6199000
2017-12-04,24.71999931335449,24.733999252319336,22.666000366210938,22.724000930786133,22.724000930786133,19874000
2017-12-05,23.277999877929688,23.8759994506836,22.56800079345703,23.239999771118164,23.239999771118164,11016500
2017-12-06,23.0939998626709,23.631999969482425,22.96199989318848,23.552000045776367,23.552000045776367,8290000
2017-12-07,23.56800079345703,24.277999877929688,23.472000122070312,24.200000762939453,24.200000762939453,9116000
2017-12-08,24.420000076293945,24.77400016784668,24.30599975585937,24.36199951171875,24.36199951171875,5125000
2017-12-11,24.48200035095215,24.73200035095215,24.450000762939453,24.61800003051757,24.61800003051757,12734000
2017-12-12,24.527999877929688,24.6299991607666,24.03199958801269,24.20199966430664,24.20199966430664,11083500
2017-12-13,24.332000732421875,24.70199966430664,24.332000732421875,24.67399978637696,24.67399978637696,7280000
2017-12-14,24.77400016784668,25.242000579833984,24.724000930786133,25.233999252319336,25.233999252319336,9474000
2017-12-15,25.191999435424805,25.90399932861328,25.17399978637696,25.89999961853028,25.89999961853028,9554500
2017-12-18,26.11800003051757,26.222000122070312,26.03400039672852,26.13800048828125,26.13800048828125,11466000
2017-12-19,26.007999420166016,26.131999969482425,25.742000579833984,25.992000579833984,25.992000579833984,11487500
2017-12-20,26.038000106811523,26.10199928283692,25.621999740600582,25.799999237060547,25.799999237060547,7566000
2017-12-21,25.836000442504883,25.94799995422364,25.70199966430664,25.79400062561035,25.79400062561035,8353000
2017-12-22,25.75,25.86599922180176,25.56800079345703,25.83799934387207,25.83799934387207,5650500
2017-12-26,25.79199981689453,25.98200035095215,25.645999908447266,25.86400032043457,25.86400032043457,3728500
2017-12-27,25.90800094604492,26.176000595092773,25.809999465942383,26.052000045776367,26.052000045776367,4205500
2017-12-28,26.15999984741211,26.18000030517578,25.92799949645996,26.13800048828125,26.13800048828125,4867000
2017-12-29,26.107999801635746,26.25200080871582,26.03400039672852,26.077999114990234,26.077999114990234,3380000
2018-01-02,26.200000762939453,26.46999931335449,26.027999877929688,26.34600067138672,26.34600067138672,6413500
2018-01-03,26.39999961853028,26.64999961853028,26.347999572753903,26.582000732421875,26.582000732421875,7904500
2018-01-04,26.775999069213867,27.01799964904785,26.756000518798828,26.770000457763672,26.770000457763672,6809500
2018-01-05,26.989999771118164,27.025999069213867,26.780000686645508,27.00200080871582,27.00200080871582,5915000
2018-01-08,27.01000022888184,27.218000411987305,26.974000930786133,27.059999465942383,27.059999465942383,6686000
2018-01-09,27.1299991607666,27.280000686645508,26.92399978637696,27.09000015258789,27.09000015258789,6529000
2018-01-10,26.992000579833984,27.28199958801269,26.871999740600582,27.246000289916992,27.246000289916992,9518500
2018-01-11,27.31800079345703,27.55599975585937,27.24799919128418,27.516000747680664,27.516000747680664,7578500
2018-01-12,27.527999877929688,27.812000274658203,27.416000366210938,27.63800048828125,27.63800048828125,5998500
2018-01-16,28.263999938964844,28.332000732421875,27.84199905395508,27.95800018310547,27.95800018310547,15751500
2018-01-17,28.166000366210938,28.18600082397461,27.799999237060547,28.15800094604492,28.15800094604492,8877000
2018-01-18,28.14999961853028,28.29599952697754,28.0,28.22599983215332,28.22599983215332,6464000
2018-01-19,28.246000289916992,28.503999710083008,28.20400047302246,28.45400047302246,28.45400047302246,8026000
2018-01-22,28.465999603271484,28.81599998474121,28.35199928283692,28.780000686645508,28.780000686645508,6897500
2018-01-23,28.917999267578125,28.99799919128418,28.71199989318848,28.88599967956543,28.88599967956543,6872000
2018-01-24,28.88400077819824,29.333999633789062,28.874000549316406,29.08799934387207,29.08799934387207,7162500
2018-01-25,29.37800025939941,29.3799991607666,29.083999633789062,29.107999801635746,29.107999801635746,6103500
2018-01-26,29.43199920654297,29.964000701904297,29.275999069213867,29.94799995422364,29.94799995422364,7373000
2018-01-29,29.917999267578125,30.170000076293945,29.36599922180176,29.417999267578125,29.417999267578125,12074000
2018-01-30,29.214000701904297,29.488000869750977,29.1259994506836,29.31800079345703,29.31800079345703,11847500
2018-01-31,29.73600006103516,30.020000457763672,29.552000045776367,29.77400016784668,29.77400016784668,14406500
2018-02-01,30.35199928283692,31.308000564575195,30.266000747680664,30.562000274658203,30.562000274658203,21154000
2018-02-02,30.10199928283692,30.38800048828125,29.465999603271484,29.95199966430664,29.95199966430664,14133500
2018-02-05,29.45800018310547,31.39999961853028,29.086000442504883,29.47800064086914,29.47800064086914,18943500
2018-02-06,28.98200035095215,29.8759994506836,28.69799995422364,29.804000854492188,29.804000854492188,14815500
2018-02-07,29.724000930786133,30.80599975585937,29.61400032043457,30.63400077819824,30.63400077819824,12314000
2018-02-08,30.600000381469727,30.700000762939453,28.020000457763672,28.020000457763672,28.020000457763672,18686500
2018-02-09,28.42799949645996,29.35199928283692,27.520000457763672,29.03199958801269,29.03199958801269,14181000
2018-02-12,29.393999099731445,29.72599983215332,29.04800033569336,29.44799995422364,29.44799995422364,8074000
2018-02-13,29.20800018310547,29.66399955749512,29.11400032043457,29.51000022888184,29.51000022888184,7157500
2018-02-14,29.45400047302246,29.799999237060547,29.26000022888184,29.54800033569336,29.54800033569336,9260500
2018-02-15,29.790000915527344,30.558000564575195,29.559999465942383,30.507999420166016,30.507999420166016,9406500
2018-02-16,30.38599967956543,31.238000869750977,30.23600006103516,30.80599975585937,30.80599975585937,9481500
2018-02-20,30.57999992370605,31.6259994506836,30.4060001373291,31.35199928283692,31.35199928283692,8776500
2018-02-21,31.27199935913086,32.145999908447266,31.261999130249023,31.516000747680664,31.516000747680664,9620000
2018-02-22,31.55599975585937,31.86199951171875,31.13800048828125,31.209999084472656,31.209999084472656,5851500
2018-02-23,31.371999740600582,32.125999450683594,31.371999740600582,32.08000183105469,32.08000183105469,5179000
2018-02-26,32.15999984741211,32.52799987792969,31.93199920654297,32.11399841308594,32.11399841308594,6025500
2018-02-27,32.25400161743164,32.847999572753906,32.150001525878906,32.667999267578125,32.667999267578125,9989500
2018-02-28,32.65399932861328,33.13600158691406,32.17399978637695,32.20199966430664,32.20199966430664,9674000
2018-03-01,32.52399826049805,32.85200119018555,31.576000213623047,31.91399955749512,31.91399955749512,10008500
2018-03-02,31.729999542236328,33.41999816894531,31.506000518798828,33.33399963378906,33.33399963378906,10948000
2018-03-05,32.95199966430664,33.8380012512207,32.762001037597656,33.65999984741211,33.65999984741211,10235500
2018-03-06,33.880001068115234,34.38199996948242,33.68199920654297,34.2140007019043,34.2140007019043,13675000
2018-03-07,33.88999938964844,34.8380012512207,33.875999450683594,34.61199951171875,34.61199951171875,8272500
2018-03-08,34.93600082397461,35.130001068115234,34.47999954223633,34.597999572753906,34.597999572753906,9257000
2018-03-09,34.86800003051758,34.99800109863281,34.492000579833984,34.551998138427734,34.551998138427734,11797500
2018-03-12,34.551998138427734,35.18000030517578,34.3120002746582,34.88600158691406,34.88600158691406,10601500
2018-03-13,35.198001861572266,35.198001861572266,34.43399810791016,34.79199981689453,34.79199981689453,9213000
2018-03-14,35.07400131225586,35.3120002746582,34.698001861572266,35.06800079345703,35.06800079345703,7014000
2018-03-15,35.19200134277344,35.20000076293945,34.18199920654297,34.76599884033203,34.76599884033203,8286000
2018-03-16,34.9640007019043,35.0,33.81399917602539,33.99599838256836,33.99599838256836,12212000
2018-03-19,33.959999084472656,34.555999755859375,33.48400115966797,33.96200180053711,33.96200180053711,9874000
2018-03-20,33.9739990234375,34.67399978637695,33.84600067138672,34.422000885009766,34.422000885009766,15005500
2018-03-21,34.39799880981445,35.2400016784668,34.29999923706055,34.63800048828125,34.63800048828125,9502000
2018-03-22,34.268001556396484,34.566001892089844,33.599998474121094,33.75199890136719,33.75199890136719,8221500
2018-03-23,33.79600143432617,33.86000061035156,32.90399932861328,32.95399856567383,32.95399856567383,10029500
2018-03-26,33.709999084472656,34.40800094604492,33.56399917602539,34.290000915527344,34.290000915527344,10211500
2018-03-27,34.641998291015625,34.67599868774414,32.27199935913086,32.56399917602539,32.56399917602539,10192500
2018-03-28,32.599998474121094,32.80400085449219,31.43199920654297,31.93600082397461,31.93600082397461,15394500
2018-03-29,32.31999969482422,33.492000579833984,32.05400085449219,33.09000015258789,33.09000015258789,11307500
2018-04-02,32.88800048828125,33.16999816894531,31.847999572753903,32.32400131225586,32.32400131225586,9501500
2018-04-03,33.31999969482422,33.59400177001953,32.013999938964844,32.354000091552734,32.354000091552734,9088500
2018-04-04,31.299999237060547,32.99800109863281,31.200000762939453,32.9379997253418,32.9379997253418,10302000
2018-04-05,33.35599899291992,33.63199996948242,32.92399978637695,33.15399932861328,33.15399932861328,8813500
2018-04-06,32.79199981689453,33.375999450683594,32.24800109863281,32.5880012512207,32.5880012512207,5887500
2018-04-09,32.9119987487793,33.27000045776367,32.529998779296875,32.577999114990234,32.577999114990234,6185500
2018-04-10,33.25,33.48600006103516,32.42599868774414,33.316001892089844,33.316001892089844,8873000
2018-04-11,33.01599884033203,33.64799880981445,32.89400100708008,33.29999923706055,33.29999923706055,11263000
2018-04-12,33.34600067138672,34.03400039672852,33.30799865722656,33.7140007019043,33.7140007019043,7774500
2018-04-13,34.01599884033203,34.2599983215332,32.95800018310547,33.380001068115234,33.380001068115234,6710000
2018-04-16,33.70199966430664,34.14400100708008,33.45399856567383,33.88999938964844,33.88999938964844,6228500
2018-04-17,34.20000076293945,35.00600051879883,34.20000076293945,34.90800094604492,34.90800094604492,8504500
2018-04-18,35.077999114990234,35.108001708984375,34.242000579833984,34.86000061035156,34.86000061035156,8294500
2018-04-19,34.65800094604492,34.87200164794922,34.178001403808594,34.597999572753906,34.597999572753906,7627500
2018-04-20,34.3380012512207,34.5099983215332,33.58599853515625,33.779998779296875,33.779998779296875,9305500
2018-04-23,33.98400115966797,34.04600143432617,33.32400131225586,33.50199890136719,33.50199890136719,9631500
2018-04-24,33.8380012512207,33.922000885009766,31.63400077819824,32.13199996948242,32.13199996948242,15881500
2018-04-25,32.4900016784668,32.55799865722656,31.450000762939453,31.600000381469727,31.600000381469727,20523000
2018-04-26,32.0,33.52199935913086,31.23600006103516,33.03200149536133,33.03200149536133,19006500
2018-04-27,33.35599899291992,33.41999816894531,32.07400131225586,32.63600158691406,32.63600158691406,11201500
2018-04-30,32.63600158691406,33.38199996948242,32.63600158691406,33.22800064086914,33.22800064086914,9453000
2018-05-01,33.071998596191406,33.347999572753906,32.65399932861328,33.08399963378906,33.08399963378906,7098500
2018-05-02,32.9119987487793,33.582000732421875,32.8380012512207,33.099998474121094,33.099998474121094,6267000
2018-05-03,33.15800094604492,33.90800094604492,32.98400115966797,33.74599838256836,33.74599838256836,9725500
2018-05-04,33.7400016784668,34.61800003051758,33.492000579833984,34.24399948120117,34.24399948120117,9214000
2018-05-07,34.417999267578125,35.37799835205078,34.36800003051758,35.20399856567383,35.20399856567383,10818000
2018-05-08,34.52199935913086,35.22600173950195,34.145999908447266,35.20600128173828,35.20600128173828,15787000
2018-05-09,35.45399856567383,36.19599914550781,35.16600036621094,36.007999420166016,36.007999420166016,11145500
2018-05-10,36.22600173950195,36.51800155639648,35.70800018310547,35.79600143432617,35.79600143432617,15408500
2018-05-11,35.84400177001953,36.007999420166016,35.46200180053711,35.77399826049805,35.77399826049805,7637000
2018-05-14,35.77199935913086,35.900001525878906,34.698001861572266,34.74599838256836,34.74599838256836,9030000
2018-05-15,34.395999908447266,34.90999984741211,33.757999420166016,34.68399810791016,34.68399810791016,8745000
2018-05-16,34.60200119018555,34.79999923706055,34.00400161743164,34.22999954223633,34.22999954223633,8031000
2018-05-17,34.22600173950195,34.38800048828125,33.849998474121094,34.34199905395508,34.34199905395508,7221500
2018-05-18,34.35200119018555,34.9119987487793,34.29999923706055,34.78799819946289,34.78799819946289,5953000
2018-05-21,35.05400085449219,35.4739990234375,34.11600112915039,34.290000915527344,34.290000915527344,5418000
2018-05-22,34.44200134277344,34.56800079345703,33.61600112915039,34.051998138427734,34.051998138427734,5963500
2018-05-23,33.7400016784668,34.81399917602539,33.7400016784668,34.79199981689453,34.79199981689453,6162500
2018-05-24,34.81399917602539,35.34400177001953,34.58399963378906,35.104000091552734,35.104000091552734,7757000
2018-05-25,35.03799819946289,35.49800109863281,34.94200134277344,35.34400177001953,35.34400177001953,6705500
2018-05-29,35.20000076293945,35.47600173950195,34.922000885009766,35.2599983215332,35.2599983215332,7035000
2018-05-30,35.4640007019043,35.970001220703125,35.20199966430664,35.694000244140625,35.694000244140625,11109500
2018-05-31,35.62200164794922,36.28200149536133,35.439998626708984,35.52199935913086,35.52199935913086,10013000
2018-06-01,35.8120002746582,36.31399917602539,35.459999084472656,36.30199813842773,36.30199813842773,6384500
2018-06-04,36.51399993896485,36.89400100708008,36.242000579833984,36.70000076293945,36.70000076293945,7708000
2018-06-05,36.8380012512207,37.38999938964844,36.805999755859375,37.21799850463867,37.21799850463867,7628500
2018-06-06,37.3120002746582,37.47800064086914,37.071998596191406,37.28400039672852,37.28400039672852,7050500
2018-06-07,37.400001525878906,37.400001525878906,34.86399841308594,35.4900016784668,35.4900016784668,14267000
2018-06-08,35.540000915527344,36.00400161743164,35.24399948120117,35.63800048828125,35.63800048828125,10090500
2018-06-11,35.69200134277344,36.09999847412109,35.40999984741211,36.01599884033203,36.01599884033203,5956500
2018-06-12,36.11199951171875,36.5099983215332,35.96200180053711,36.36800003051758,36.36800003051758,7102500
2018-06-13,36.64599990844727,36.790000915527344,35.88999938964844,36.24599838256836,36.24599838256836,6978000
2018-06-14,36.51800155639648,37.44599914550781,36.50199890136719,37.06800079345703,37.06800079345703,13087000
2018-06-15,36.99399948120117,37.31800079345703,36.25,37.27000045776367,37.27000045776367,8587000
2018-06-18,37.071998596191406,37.34199905395508,36.59999847412109,37.28200149536133,37.28200149536133,6976000
2018-06-19,36.71599960327149,36.84999847412109,35.86199951171875,36.72200012207031,36.72200012207031,7518000
2018-06-20,37.0,37.71799850463867,36.89400100708008,36.95199966430664,36.95199966430664,8593500
2018-06-21,37.0,37.31399917602539,35.987998962402344,36.05400085449219,36.05400085449219,6499500
2018-06-22,35.715999603271484,35.715999603271484,34.50199890136719,35.34000015258789,35.34000015258789,11773000
2018-06-25,34.88600158691406,35.0,33.891998291015625,34.27799987792969,34.27799987792969,9617000
2018-06-26,34.417999267578125,34.827999114990234,34.013999938964844,34.16999816894531,34.16999816894531,7531500
2018-06-27,34.44200134277344,35.14799880981445,33.47200012207031,33.59400177001953,33.59400177001953,9713500
2018-06-28,33.56800079345703,34.7599983215332,33.5,34.48199844360352,34.48199844360352,7446000
2018-06-29,34.79999923706055,35.04999923706055,34.3120002746582,34.49399948120117,34.49399948120117,5265500
2018-07-02,34.321998596191406,35.53799819946289,34.077999114990234,35.52000045776367,35.52000045776367,8400500
2018-07-03,35.60599899291992,35.869998931884766,35.31399917602539,35.4379997253418,35.4379997253418,3785500
2018-07-05,35.63800048828125,36.09000015258789,35.566001892089844,35.88600158691406,35.88600158691406,6203000
2018-07-06,35.880001068115234,36.65599822998047,35.72800064086914,36.43199920654297,36.43199920654297,3907500
2018-07-09,36.64599990844727,37.05199813842773,36.220001220703125,36.970001220703125,36.970001220703125,7467500
2018-07-10,37.04600143432617,37.29600143432617,36.678001403808594,37.119998931884766,37.119998931884766,6107000
2018-07-11,36.67399978637695,37.63600158691406,36.67399978637695,37.43600082397461,37.43600082397461,6855000
2018-07-12,37.76599884033203,38.96200180053711,37.74800109863281,38.93199920654297,38.93199920654297,11061500
2018-07-13,38.65800094604492,38.79600143432617,37.84799957275391,38.21200180053711,38.21200180053711,9482500
2018-07-16,38.391998291015625,38.400001525878906,37.65999984741211,37.81600189208984,37.81600189208984,6547000
2018-07-17,37.38999938964844,38.33399963378906,36.84600067138672,38.2400016784668,38.2400016784668,6686500
2018-07-18,38.400001525878906,38.80400085449219,38.02199935913086,38.402000427246094,38.402000427246094,7702000
2018-07-19,38.305999755859375,38.54600143432617,37.89599990844727,38.007999420166016,38.007999420166016,4766000
2018-07-20,38.20199966430664,38.71200180053711,38.09999847412109,38.21599960327149,38.21599960327149,7197000
2018-07-23,38.0359992980957,38.27000045776367,37.31600189208984,38.09999847412109,38.09999847412109,8187500
2018-07-24,38.38600158691406,38.43600082397461,36.6879997253418,36.98199844360352,36.98199844360352,13719000
2018-07-25,36.91400146484375,37.46599960327149,36.672000885009766,36.77199935913086,36.77199935913086,17960500
2018-07-26,36.29999923706055,38.93399810791016,36.29999923706055,38.4640007019043,38.4640007019043,18939500
2018-07-27,38.40599822998047,38.49599838256836,35.66999816894531,36.790000915527344,36.790000915527344,16400500
2018-07-30,36.79999923706055,36.9900016784668,35.71200180053711,35.762001037597656,35.762001037597656,12197000
2018-07-31,35.849998474121094,35.99800109863281,34.869998931884766,35.19200134277344,35.19200134277344,15314500
2018-08-01,35.31800079345703,36.124000549316406,35.20000076293945,35.5880012512207,35.5880012512207,9885500
2018-08-02,35.400001525878906,36.61199951171875,35.358001708984375,36.56800079345703,36.56800079345703,9166000
2018-08-03,36.71799850463867,36.72999954223633,35.75,36.17599868774414,36.17599868774414,6409500
2018-08-06,36.2239990234375,36.98799896240234,36.2239990234375,36.93199920654297,36.93199920654297,5734500
2018-08-07,37.0,37.40599822998047,36.84000015258789,37.14799880981445,37.14799880981445,5238500
2018-08-08,37.060001373291016,37.44400024414063,36.47200012207031,37.22600173950195,37.22600173950195,4213000
2018-08-09,37.36199951171875,38.1259994506836,37.2400016784668,37.667999267578125,37.667999267578125,6053500
2018-08-10,37.27199935913086,38.0,37.09000015258789,37.49399948120117,37.49399948120117,4131500
2018-08-13,37.402000427246094,37.83399963378906,36.96799850463867,37.00400161743164,37.00400161743164,4349000
2018-08-14,37.220001220703125,37.374000549316406,36.35200119018555,36.89799880981445,36.89799880981445,6433500
2018-08-15,36.83399963378906,37.48799896240234,36.12200164794922,36.54600143432617,36.54600143432617,6305500
2018-08-16,36.869998931884766,36.90399932861328,36.35200119018555,36.40599822998047,36.40599822998047,3728500
2018-08-17,36.400001525878906,36.63199996948242,35.7599983215332,36.16600036621094,36.16600036621094,8280000
2018-08-20,36.03400039672852,36.38399887084961,35.83000183105469,36.27199935913086,36.27199935913086,8307500
2018-08-21,36.47999954223633,36.96599960327149,36.36399841308594,36.41999816894531,36.41999816894531,7775500
2018-08-22,36.29600143432617,36.72800064086914,36.2239990234375,36.48199844360352,36.48199844360352,10251000
2018-08-23,36.43399810791016,37.24599838256836,36.36000061035156,36.970001220703125,36.970001220703125,7606000
2018-08-24,37.22200012207031,38.95000076293945,37.055999755859375,38.71200180053711,38.71200180053711,13825000
2018-08-27,38.79999923706055,39.32600021362305,38.44400024414063,38.650001525878906,38.650001525878906,8557000
2018-08-28,38.75600051879883,38.95399856567383,38.30400085449219,38.85200119018555,38.85200119018555,5935000
2018-08-29,38.854000091552734,40.20000076293945,38.854000091552734,40.04600143432617,40.04600143432617,14963000
2018-08-30,39.900001525878906,40.007999420166016,39.29199981689453,39.68999862670898,39.68999862670898,9026000
2018-08-31,39.59999847412109,39.88800048828125,39.07400131225586,39.27199935913086,39.27199935913086,6126500
2018-09-04,39.18999862670898,40.13199996948242,39.060001373291016,40.05199813842773,40.05199813842773,8464000
2018-09-05,40.0,40.0,37.65999984741211,38.152000427246094,38.152000427246094,13524000
2018-09-06,38.38399887084961,38.86600112915039,37.84799957275391,38.63600158691406,38.63600158691406,9206500
2018-09-07,38.5880012512207,39.70000076293945,38.26599884033203,39.39599990844727,39.39599990844727,8158500
2018-09-10,39.97600173950195,39.97600173950195,39.09999847412109,39.80199813842773,39.80199813842773,10738500
2018-09-11,39.59999847412109,40.54399871826172,39.45000076293945,39.900001525878906,39.900001525878906,8825000
2018-09-12,39.96799850463867,40.667999267578125,39.05799865722656,40.55400085449219,40.55400085449219,8026500
2018-09-13,40.79999923706055,41.2599983215332,40.61199951171875,40.91600036621094,40.91600036621094,7363000
2018-09-14,40.82400131225586,41.06800079345703,40.43000030517578,40.59400177001953,40.59400177001953,6127500
2018-09-17,40.3759994506836,40.38999938964844,38.52999877929688,38.56399917602539,38.56399917602539,11567000
2018-09-18,38.604000091552734,39.15599822998047,38.310001373291016,38.3759994506836,38.3759994506836,11477500
2018-09-19,38.29999923706055,38.52199935913086,36.54600143432617,37.20000076293945,37.20000076293945,19650000
2018-09-20,37.400001525878906,37.78799819946289,36.84999847412109,37.470001220703125,37.470001220703125,14419000
2018-09-21,37.67399978637695,38.11399841308594,37.560001373291016,37.9379997253418,37.9379997253418,14403500
2018-09-24,37.5260009765625,38.81399917602539,37.13399887084961,38.624000549316406,38.624000549316406,10324000
2018-09-25,38.85599899291992,39.69400024414063,38.78799819946289,39.52199935913086,39.52199935913086,10530000
2018-09-26,39.52199935913086,39.77799987792969,38.9379997253418,39.141998291015625,39.141998291015625,6661500
2018-09-27,39.209999084472656,39.5,38.762001037597656,39.01599884033203,39.01599884033203,5598500
2018-09-28,38.91600036621094,39.560001373291016,38.90999984741211,39.1259994506836,39.1259994506836,6025000
2018-10-01,39.45000076293945,39.84600067138672,38.72600173950195,38.922000885009766,38.922000885009766,6692500
2018-10-02,39.14400100708008,39.19400024414063,38.46599960327149,38.58000183105469,38.58000183105469,6585000
2018-10-03,38.85599899291992,39.6619987487793,38.45199966430664,39.2400016784668,39.2400016784668,7912000
2018-10-04,39.09799957275391,39.09999847412109,36.92399978637695,37.48799896240234,37.48799896240234,17445500
2018-10-05,37.422000885009766,38.02399826049805,36.33000183105469,37.31999969482422,37.31999969482422,11225000
2018-10-08,36.87799835205078,37.1619987487793,35.45399856567383,36.05199813842773,36.05199813842773,13128000
2018-10-09,35.97999954223633,37.45800018310547,35.821998596191406,36.28200149536133,36.28200149536133,11989500
2018-10-10,36.09000015258789,36.16600036621094,34.36199951171875,34.428001403808594,34.428001403808594,17718500
2018-10-11,34.56999969482422,35.641998291015625,34.428001403808594,34.99399948120117,34.99399948120117,17537500
2018-10-12,36.4640007019043,37.61399841308594,36.05799865722656,36.88999938964844,36.88999938964844,14701000
2018-10-15,36.83200073242188,36.84999847412109,35.92399978637695,36.18199920654297,36.18199920654297,7313500
2018-10-16,37.04199981689453,38.66999816894531,36.93199920654297,38.54399871826172,38.54399871826172,13974000
2018-10-17,38.62200164794922,38.63999938964844,37.68600082397461,38.05199813842773,38.05199813842773,9551500
2018-10-18,37.82799911499024,38.30799865722656,36.40399932861328,37.0359992980957,37.0359992980957,11188500
2018-10-19,37.29199981689453,37.52999877929688,35.332000732421875,35.43000030517578,35.43000030517578,11299500
2018-10-22,35.78200149536133,36.18999862670898,34.875999450683594,35.768001556396484,35.768001556396484,13661500
2018-10-23,34.84000015258789,36.93199920654297,34.56999969482422,36.35599899291992,36.35599899291992,15125500
2018-10-24,36.35599899291992,36.75600051879883,33.93000030517578,34.04199981689453,34.04199981689453,18969500
2018-10-25,34.68000030517578,35.0,32.43600082397461,34.5260009765625,34.5260009765625,25768000
2018-10-26,32.847999572753906,34.43199920654297,32.48600006103516,33.35200119018555,33.35200119018555,15626000
2018-10-29,34.417999267578125,34.70000076293945,32.13199996948242,32.84600067138672,32.84600067138672,12689000
2018-10-30,32.0,33.79999923706055,31.520000457763672,33.70000076293945,33.70000076293945,15656000
2018-10-31,34.86199951171875,37.02399826049805,34.86199951171875,36.20800018310547,36.20800018310547,20065500
2018-11-01,36.20600128173828,36.86399841308594,35.4119987487793,36.74599838256836,36.74599838256836,7692500
2018-11-02,36.9739990234375,37.27000045776367,35.672000885009766,35.75600051879883,35.75600051879883,7635000
2018-11-05,35.79600143432617,36.14599990844727,35.34199905395508,36.08200073242188,36.08200073242188,6937500
2018-11-06,35.900001525878906,36.49599838256836,35.25199890136719,35.4739990234375,35.4739990234375,5924500
2018-11-07,36.470001220703125,38.80799865722656,36.15599822998047,38.16600036621094,38.16600036621094,14972500
2018-11-08,38.0,38.31600189208984,37.0359992980957,37.23199844360352,37.23199844360352,8922000
2018-11-09,36.84600067138672,36.84600067138672,34.78200149536133,35.518001556396484,35.518001556396484,11030000
2018-11-12,35.040000915527344,35.39799880981445,33.30400085449219,34.4739990234375,34.4739990234375,13335500
2018-11-13,34.869998931884766,34.9739990234375,33.41600036621094,33.73400115966797,33.73400115966797,10721000
2018-11-14,34.25199890136719,34.53400039672852,33.369998931884766,33.47600173950195,33.47600173950195,7215500
2018-11-15,33.33399963378906,34.709999084472656,33.32600021362305,34.59400177001953,34.59400177001953,8012500
2018-11-16,34.145999908447266,34.7760009765625,33.849998474121094,34.21799850463867,34.21799850463867,5546500
2018-11-19,33.9119987487793,33.97200012207031,31.218000411987305,31.36000061035156,31.36000061035156,15973500
2018-11-20,29.79800033569336,32.257999420166016,29.525999069213867,31.44799995422364,31.44799995422364,20491000
2018-11-21,32.04399871826172,32.599998474121094,31.527999877929688,31.827999114990234,31.827999114990234,9108500
2018-11-23,31.31399917602539,32.347999572753906,31.299999237060547,32.125999450683594,32.125999450683594,2888000
2018-11-26,32.81800079345703,33.65399932861328,32.141998291015625,33.45199966430664,33.45199966430664,8733000
2018-11-27,32.91999816894531,33.35200119018555,32.422000885009766,33.14799880981445,33.14799880981445,7455500
2018-11-28,34.25,35.672000885009766,34.082000732421875,35.57400131225586,35.57400131225586,15560500
2018-11-29,35.24800109863281,36.36199951171875,35.06999969482422,35.81999969482422,35.81999969482422,8717500
2018-11-30,35.928001403808594,37.25400161743164,35.70399856567383,37.05400085449219,37.05400085449219,15723000
2018-12-03,38.40999984741211,38.43199920654297,36.91999816894531,37.61800003051758,37.61800003051758,12040500
2018-12-04,37.11800003051758,37.73600006103516,35.64400100708008,36.16999816894531,36.16999816894531,12722500
2018-12-06,35.16400146484375,37.560001373291016,34.79999923706055,37.52000045776367,37.52000045776367,13391500
2018-12-07,37.38800048828125,37.93399810791016,35.85200119018555,36.47600173950195,36.47600173950195,8745500
2018-12-10,36.20000076293945,37.55400085449219,36.20000076293945,36.97999954223633,36.97999954223633,7836500
2018-12-11,37.83200073242188,37.8380012512207,36.34400177001953,36.68399810791016,36.68399810791016,11123500
2018-12-12,37.400001525878906,38.27199935913086,37.19200134277344,37.52799987792969,37.52799987792969,11448500
2018-12-13,37.880001068115234,38.152000427246094,37.06999969482422,37.630001068115234,37.630001068115234,7218500
2018-12-14,36.90800094604492,37.5260009765625,36.29199981689453,36.39599990844727,36.39599990844727,8316000
2018-12-17,36.00199890136719,36.00199890136719,34.104000091552734,34.29399871826172,34.29399871826172,11578500
2018-12-18,34.68399810791016,35.124000549316406,34.14400100708008,34.7140007019043,34.7140007019043,8412500
2018-12-19,34.928001403808594,36.22800064086914,34.22600173950195,34.80799865722656,34.80799865722656,10698500
2018-12-20,34.36800003051758,34.96200180053711,32.0,33.98400115966797,33.98400115966797,15992000
2018-12-21,34.00400161743164,34.097999572753906,32.0880012512207,32.400001525878906,32.400001525878906,13998000
2018-12-24,31.804000854492188,32.762001037597656,31.600000381469727,31.78400039672852,31.78400039672852,4482000
2018-12-26,31.93600082397461,33.93399810791016,31.93600082397461,33.902000427246094,33.902000427246094,15253500
2018-12-27,33.374000549316406,35.64799880981445,33.29999923706055,35.63999938964844,35.63999938964844,14687500
2018-12-28,35.922000885009766,36.81800079345703,35.13600158691406,36.06600189208984,36.06600189208984,12210500
2018-12-31,36.58399963378906,36.65399932861328,35.36000061035156,35.61000061035156,35.61000061035156,8277000
2019-01-02,34.82400131225586,36.09000015258789,34.492000579833984,35.66400146484375,35.66400146484375,12807500
2019-01-03,35.02399826049805,35.597999572753906,33.694000244140625,33.82400131225586,33.82400131225586,12344500
2019-01-04,34.60200119018555,36.29800033569336,34.332000732421875,35.84600067138672,35.84600067138672,10978500
2019-01-07,36.150001525878906,37.59999847412109,35.880001068115234,37.33399963378906,37.33399963378906,9124500
2019-01-08,37.95000076293945,38.33000183105469,36.9119987487793,37.62200164794922,37.62200164794922,8046000
2019-01-09,37.05199813842773,38.257999420166016,37.05199813842773,38.09400177001953,38.09400177001953,10480000
2019-01-10,37.77999877929688,38.1879997253418,37.5099983215332,38.0,38.0,8189000
2019-01-11,37.619998931884766,38.38999938964844,37.21200180053711,38.3380012512207,38.3380012512207,8230000
2019-01-14,37.57400131225586,38.21599960327149,37.38600158691406,37.68000030517578,37.68000030517578,9055500
2019-01-15,37.88999938964844,38.06399917602539,37.51599884033203,37.66999816894531,37.66999816894531,12589500
2019-01-16,37.90399932861328,38.55799865722656,37.4900016784668,37.917999267578125,37.917999267578125,7255000
2019-01-17,37.36600112915039,37.88800048828125,37.04399871826172,37.305999755859375,37.305999755859375,10746500
2019-01-18,37.94599914550781,38.290000915527344,37.32600021362305,38.01800155639648,38.01800155639648,9653000
2019-01-22,37.555999755859375,37.93600082397461,36.95600128173828,37.13999938964844,37.13999938964844,7532000
2019-01-23,37.50400161743164,37.9640007019043,36.58200073242188,36.79199981689453,36.79199981689453,7926500
2019-01-24,36.84999847412109,37.49399948120117,36.492000579833984,37.13999938964844,37.13999938964844,6759000
2019-01-25,37.52199935913086,38.25400161743164,37.13999938964844,38.21599960327149,38.21599960327149,7126000
2019-01-28,37.61000061035156,38.03200149536133,37.29999923706055,37.5880012512207,37.5880012512207,9652000
2019-01-29,37.63600158691406,37.76399993896485,36.80199813842773,36.9640007019043,36.9640007019043,8167500
2019-01-30,37.4379997253418,38.84199905395508,37.402000427246094,38.79999923706055,38.79999923706055,21257500
2019-01-31,42.27199935913086,45.68199920654297,41.99800109863281,44.00400161743164,44.00400161743164,55998500
2019-02-01,43.71599960327149,44.36800003051758,43.36000061035156,44.30199813842773,44.30199813842773,17760500
2019-02-04,44.16600036621094,45.17599868774414,44.02000045776367,45.02799987792969,45.02799987792969,17998500
2019-02-05,45.20000076293945,45.880001068115234,45.07400131225586,45.66999816894531,45.66999816894531,9524500
2019-02-06,45.59999847412109,45.900001525878906,44.65999984741211,45.11199951171875,45.11199951171875,8314000
2019-02-07,44.8120002746582,45.608001708984375,44.42399978637695,45.391998291015625,45.391998291015625,7397500
2019-02-08,45.08000183105469,45.757999420166016,44.53400039672852,45.71200180053711,45.71200180053711,8018000
2019-02-11,45.97800064086914,46.45000076293945,45.41400146484375,45.80199813842773,45.80199813842773,9682000
2019-02-12,46.12200164794922,47.36199951171875,46.09999847412109,46.93000030517578,46.93000030517578,11831000
2019-02-13,47.0,47.49800109863281,46.33000183105469,46.39400100708008,46.39400100708008,8387000
2019-02-14,46.28799819946289,47.167999267578125,46.152000427246094,46.805999755859375,46.805999755859375,6523500
2019-02-15,47.0,47.34000015258789,46.47999954223633,46.97800064086914,46.97800064086914,7129500
2019-02-19,46.698001861572266,47.09199905395508,46.400001525878906,46.91600036621094,46.91600036621094,7170500
2019-02-20,47.0,47.09799957275391,45.56999969482422,45.900001525878906,45.900001525878906,11735000
2019-02-21,45.742000579833984,46.24800109863281,45.30199813842773,46.00199890136719,46.00199890136719,6588000
2019-02-22,46.06399917602539,47.22999954223633,46.06399917602539,47.0,47.0,9904000
2019-02-25,47.5,47.88999938964844,47.11800003051758,47.400001525878906,47.400001525878906,8060500
2019-02-26,47.167999267578125,47.38800048828125,46.68999862670898,47.242000579833984,47.242000579833984,5919000
2019-02-27,47.15999984741211,48.172000885009766,47.06600189208984,48.0620002746582,48.0620002746582,11071000
2019-02-28,48.03400039672852,48.28799819946289,47.54800033569336,47.88800048828125,47.88800048828125,9464500
2019-03-01,48.46200180053711,48.869998931884766,47.858001708984375,48.70399856567383,48.70399856567383,10279500
2019-03-04,48.91999816894531,49.06600189208984,45.73400115966797,47.39400100708008,47.39400100708008,22077500
2019-03-05,47.51399993896485,47.51399993896485,46.40599822998047,47.20000076293945,47.20000076293945,9701000
2019-03-06,47.09000015258789,47.4900016784668,46.358001708984375,46.62200164794922,46.62200164794922,6073500
2019-03-07,46.4739990234375,47.36399841308594,46.22200012207031,46.67399978637695,46.67399978637695,7887000
2019-03-08,45.86000061035156,46.805999755859375,45.34199905395508,46.790000915527344,46.790000915527344,7638000
2019-03-11,47.10200119018555,48.01800155639648,47.0260009765625,47.97200012207031,47.97200012207031,9959500
2019-03-12,48.02999877929688,48.20399856567383,47.35599899291992,47.742000579833984,47.742000579833984,8468500
2019-03-13,48.11199951171875,48.68399810791016,47.90999984741211,48.07799911499024,48.07799911499024,9427500
2019-03-14,48.810001373291016,48.92599868774414,48.2599983215332,48.31800079345703,48.31800079345703,9734000
2019-03-15,48.27399826049805,48.64799880981445,48.040000915527344,48.37799835205078,48.37799835205078,10269000
2019-03-18,48.50600051879883,49.19200134277344,48.02799987792969,48.19599914550781,48.19599914550781,12058000
2019-03-19,48.45199966430664,48.82600021362305,48.06999969482422,48.391998291015625,48.391998291015625,10956500
2019-03-20,48.59999847412109,49.45600128173828,47.959999084472656,48.917999267578125,48.917999267578125,6054000
2019-03-21,48.74399948120117,50.33000183105469,48.74399948120117,50.18999862670898,50.18999862670898,7660500
2019-03-22,49.79999923706055,50.09999847412109,48.2140007019043,48.242000579833984,48.242000579833984,10074000
2019-03-25,47.757999420166016,48.60200119018555,47.32400131225586,48.34000015258789,48.34000015258789,7766000
2019-03-26,49.007999420166016,49.448001861572266,48.63999938964844,49.0,49.0,6755500
2019-03-27,48.9640007019043,48.9640007019043,47.119998931884766,48.27399826049805,48.27399826049805,7894000
2019-03-28,48.74599838256836,49.16999816894531,48.14599990844727,48.66600036621094,48.66600036621094,5245500
2019-03-29,49.29999923706055,49.42599868774414,48.672000885009766,49.29800033569336,49.29800033569336,6949500
2019-04-01,49.99800109863281,50.06999969482422,48.7599983215332,49.14599990844727,49.14599990844727,9067000
2019-04-02,49.150001525878906,49.40399932861328,48.560001373291016,49.36399841308594,49.36399841308594,7401500
2019-04-03,49.77999877929688,49.77999877929688,48.858001708984375,49.428001403808594,49.428001403808594,5233000
2019-04-04,49.27000045776367,49.27799987792969,46.02799987792969,47.40599822998047,47.40599822998047,14712000
2019-04-05,47.72800064086914,48.01800155639648,47.05199813842773,47.39599990844727,47.39599990844727,5885500
2019-04-08,47.27999877929688,47.8759994506836,46.70199966430664,47.44200134277344,47.44200134277344,7240000
2019-04-09,47.0260009765625,48.055999755859375,47.0260009765625,47.75199890136719,47.75199890136719,6804000
2019-04-10,48.09999847412109,49.11600112915039,48.00400161743164,48.73199844360352,48.73199844360352,6207000
2019-04-11,48.72800064086914,49.23799896240234,48.422000885009766,49.15399932861328,49.15399932861328,5213500
2019-04-12,49.400001525878906,49.54800033569336,48.74800109863281,48.86000061035156,48.86000061035156,4986500
2019-04-15,48.81399917602539,49.27999877929688,48.48799896240234,48.757999420166016,48.757999420166016,6495000
2019-04-16,49.178001403808594,49.2239990234375,47.77000045776367,47.96200180053711,47.96200180053711,5653500
2019-04-17,48.34400177001953,48.400001525878906,46.86399841308594,47.24599838256836,47.24599838256836,12429000
2019-04-18,46.880001068115234,47.78400039672852,46.428001403808594,47.47999954223633,47.47999954223633,14683000
2019-04-22,47.20399856567383,48.7140007019043,47.20000076293945,48.52799987792969,48.52799987792969,6256500
2019-04-23,48.650001525878906,49.46799850463867,48.220001220703125,48.709999084472656,48.709999084472656,10288000
2019-04-24,49.0,49.07600021362305,48.21200180053711,48.540000915527344,48.540000915527344,13600000
2019-04-25,52.20399856567383,53.854000091552734,51.63600158691406,52.13800048828125,52.13800048828125,23887000
2019-04-26,52.0,53.56600189208984,51.417999267578125,53.41600036621094,53.41600036621094,11083000
2019-04-29,53.41999816894531,54.69400024414063,53.41999816894531,54.3380012512207,54.3380012512207,10130000
2019-04-30,54.20000076293945,54.76399993896485,53.74599838256836,54.30199813842773,54.30199813842773,7613500
2019-05-01,54.63199996948242,54.63199996948242,53.6619987487793,54.08000183105469,54.08000183105469,7643500
2019-05-02,52.97200012207031,53.99800109863281,52.06999969482422,52.53400039672852,52.53400039672852,16058500
2019-05-03,53.13600158691406,53.86199951171875,52.85200119018555,53.70399856567383,53.70399856567383,8265000
2019-05-06,52.09999847412109,54.19400024414063,51.5,53.95000076293945,53.95000076293945,6277000
2019-05-07,53.400001525878906,53.77999877929688,52.0099983215332,52.96200180053711,52.96200180053711,7828000
2019-05-08,52.79999923706055,53.678001403808594,52.16600036621094,53.19599914550781,53.19599914550781,6315000
2019-05-09,52.470001220703125,54.36000061035156,52.055999755859375,54.09799957275391,54.09799957275391,8549500
2019-05-10,53.70000076293945,55.040000915527344,53.29999923706055,54.97999954223633,54.97999954223633,8772000
2019-05-13,53.3759994506836,54.23199844360352,51.854000091552734,52.02399826049805,52.02399826049805,13880000
2019-05-14,52.64400100708008,54.58599853515625,52.64400100708008,54.41400146484375,54.41400146484375,10234000
2019-05-15,54.0,55.2859992980957,53.90800094604492,54.79199981689453,54.79199981689453,6419000
2019-05-16,55.0,56.34799957275391,54.84199905395508,55.59199905395508,55.59199905395508,21063500
2019-05-17,55.141998291015625,55.4640007019043,54.32400131225586,54.59799957275391,54.59799957275391,8609000
2019-05-20,53.391998291015625,54.09999847412109,52.70800018310547,53.01599884033203,53.01599884033203,12073000
2019-05-21,53.94200134277344,54.59999847412109,53.54999923706055,54.242000579833984,54.242000579833984,5393500
2019-05-22,54.01399993896485,55.29999923706055,53.96599960327149,54.678001403808594,54.678001403808594,3878000
2019-05-23,54.012001037597656,54.17399978637695,52.7760009765625,52.95800018310547,52.95800018310547,7292500
2019-05-24,53.34999847412109,53.88800048828125,53.0099983215332,53.790000915527344,53.790000915527344,5909000
2019-05-28,53.81600189208984,54.42399978637695,52.948001861572266,53.33000183105469,53.33000183105469,7224000
2019-05-29,52.77999877929688,53.66400146484375,52.30199813842773,52.8380012512207,52.8380012512207,5638000
2019-05-30,53.08200073242188,53.08200073242188,52.242000579833984,52.52000045776367,52.52000045776367,6524500
2019-05-31,51.86199951171875,53.0880012512207,51.5,52.38600158691406,52.38600158691406,6097000
2019-06-03,52.400001525878906,52.65800094604492,49.20399856567383,49.67599868774414,49.67599868774414,14111500
2019-06-04,50.22800064086914,51.61399841308594,49.50199890136719,51.5099983215332,51.5099983215332,7613000
2019-06-05,52.4739990234375,52.7760009765625,51.2599983215332,52.650001525878906,52.650001525878906,9135500
2019-06-06,52.64799880981445,53.93600082397461,52.36399841308594,53.698001861572266,53.698001861572266,4752000
2019-06-07,54.198001861572266,55.3380012512207,54.198001861572266,54.90999984741211,54.90999984741211,8462500
2019-06-10,55.87200164794922,56.11199951171875,55.12200164794922,55.17399978637695,55.17399978637695,6243500
2019-06-11,55.97200012207031,55.97200012207031,52.790000915527344,53.257999420166016,53.257999420166016,7335000
2019-06-12,53.20000076293945,54.06800079345703,52.86600112915039,53.57600021362305,53.57600021362305,4888500
2019-06-13,53.720001220703125,54.81800079345703,53.720001220703125,54.757999420166016,54.757999420166016,5907000
2019-06-14,54.74599838256836,55.12200164794922,54.0099983215332,54.45000076293945,54.45000076293945,5077500
2019-06-17,54.7400016784668,55.2760009765625,54.34400177001953,54.9119987487793,54.9119987487793,4942000
2019-06-18,55.66400146484375,57.00600051879883,55.66400146484375,56.52799987792969,56.52799987792969,10050000
2019-06-19,56.84199905395508,57.16600036621094,56.209999084472656,57.10200119018555,57.10200119018555,7409000
2019-06-20,58.04800033569336,58.59600067138672,57.2859992980957,57.7599983215332,57.7599983215332,8664000
2019-06-21,57.50400161743164,58.167999267578125,57.130001068115234,57.14799880981445,57.14799880981445,8226000
2019-06-24,57.57400131225586,57.67599868774414,56.1879997253418,56.5,56.5,7712000
2019-06-25,56.630001068115234,56.630001068115234,54.61199951171875,55.071998596191406,55.071998596191406,7936000
2019-06-26,55.75600051879883,57.040000915527344,54.77199935913086,55.06800079345703,55.06800079345703,6552000
2019-06-27,55.4739990234375,56.16600036621094,55.242000579833984,55.70199966430664,55.70199966430664,5720000
2019-06-28,55.5620002746582,56.03799819946289,54.91400146484375,54.91400146484375,54.91400146484375,20804000
2019-07-01,56.39799880981445,56.86600112915039,55.89799880981445,56.70199966430664,56.70199966430664,8706000
2019-07-02,56.6619987487793,57.86399841308594,56.630001068115234,57.6619987487793,57.6619987487793,9732000
2019-07-03,57.97999954223633,58.84600067138672,57.97999954223633,58.630001068115234,58.630001068115234,5580500
2019-07-05,58.20000076293945,58.92399978637695,57.709999084472656,58.90599822998047,58.90599822998047,5025500
2019-07-08,58.72999954223633,58.75600051879883,57.93000030517578,58.59999847412109,58.59999847412109,6343500
2019-07-09,58.28200149536133,59.82400131225586,58.1259994506836,59.604000091552734,59.604000091552734,8280000
2019-07-10,59.922000885009766,60.59799957275391,59.6619987487793,59.75,59.75,6047000
2019-07-11,60.08200073242188,60.5260009765625,59.891998291015625,60.46200180053711,60.46200180053711,4433500
2019-07-12,60.459999084472656,60.63399887084961,59.22200012207031,60.22600173950195,60.22600173950195,4819500
2019-07-15,60.400001525878906,60.48199844360352,59.57600021362305,60.220001220703125,60.220001220703125,3649000
2019-07-16,60.0,60.2599983215332,58.84000015258789,59.09999847412109,59.09999847412109,5808500
2019-07-17,59.09999847412109,60.03200149536133,58.902000427246094,59.3120002746582,59.3120002746582,4328500
2019-07-18,59.26399993896485,59.698001861572266,58.805999755859375,58.93600082397461,58.93600082397461,5467000
2019-07-19,59.61000061035156,59.84000015258789,57.69200134277344,57.948001861572266,57.948001861572266,6980000
2019-07-22,58.68000030517578,58.99399948120117,57.92399978637695,58.762001037597656,58.762001037597656,9817000
2019-07-23,59.00400161743164,59.00400161743164,57.52799987792969,58.20199966430664,58.20199966430664,8033500
2019-07-24,58.34400177001953,59.52199935913086,58.09999847412109,59.44200134277344,59.44200134277344,13831000
2019-07-25,57.70000076293945,58.150001525878906,55.9379997253418,57.14599990844727,57.14599990844727,22660000
2019-07-26,57.67399978637695,58.03799819946289,57.150001525878906,57.86600112915039,57.86600112915039,8558000
2019-07-29,57.86800003051758,58.0,55.11800003051758,57.167999267578125,57.167999267578125,16359000
2019-07-30,56.85599899291992,57.27799987792969,56.19400024414063,56.20000076293945,56.20000076293945,7784500
2019-07-31,56.34199905395508,56.5,54.52199935913086,55.47800064086914,55.47800064086914,10488000
2019-08-01,55.47600173950195,56.34400177001953,54.2239990234375,54.79999923706055,54.79999923706055,13795000
2019-08-02,54.59000015258789,54.62200164794922,52.3759994506836,53.172000885009766,53.172000885009766,12189000
2019-08-05,51.00199890136719,52.507999420166016,50.380001068115234,51.36199951171875,51.36199951171875,17952000
2019-08-06,52.33200073242188,53.0,51.470001220703125,52.34199905395508,52.34199905395508,8614000
2019-08-07,51.93199920654297,52.9900016784668,51.400001525878906,52.13800048828125,52.13800048828125,6457500
2019-08-08,52.402000427246094,53.54600143432617,52.2760009765625,53.422000885009766,53.422000885009766,8222000
2019-08-09,53.45000076293945,53.59999847412109,52.54800033569336,52.76399993896485,52.76399993896485,4489000
2019-08-12,52.2599983215332,52.624000549316406,51.54999923706055,51.7140007019043,51.7140007019043,3524000
2019-08-13,51.59999847412109,52.7140007019043,51.470001220703125,52.4379997253418,52.4379997253418,8051000
2019-08-14,51.667999267578125,51.9739990234375,50.3380012512207,50.46200180053711,50.46200180053711,8881500
2019-08-15,50.400001525878906,50.98199844360352,50.03799819946289,50.45800018310547,50.45800018310547,8894000
2019-08-16,51.18199920654297,51.97999954223633,50.9739990234375,51.38199996948242,51.38199996948242,7533500
2019-08-19,52.0,52.31600189208984,50.928001403808594,51.10200119018555,51.10200119018555,9062500
2019-08-20,51.09999847412109,51.52199935913086,50.51599884033203,51.055999755859375,51.055999755859375,6758000
2019-08-21,52.400001525878906,53.56800079345703,52.04800033569336,53.15599822998047,53.15599822998047,9513500
2019-08-22,53.29999923706055,53.59000015258789,52.45600128173828,52.928001403808594,52.928001403808594,6357000
2019-08-23,53.27399826049805,54.9119987487793,52.36399841308594,52.61399841308594,52.61399841308594,13069500
2019-08-26,53.0,53.374000549316406,52.46200180053711,53.31399917602539,53.31399917602539,4248000
2019-08-27,53.80400085449219,53.91999816894531,52.38800048828125,53.242000579833984,53.242000579833984,7369000
2019-08-28,52.354000091552734,52.6619987487793,51.64400100708008,52.06399917602539,52.06399917602539,7869000
2019-08-29,52.77199935913086,53.18999862670898,52.119998931884766,52.95800018310547,52.95800018310547,5400000
2019-08-30,53.18199920654297,53.31600189208984,51.33000183105469,52.36800003051758,52.36800003051758,7487500
2019-09-03,52.81800079345703,53.11199951171875,52.20000076293945,52.67599868774414,52.67599868774414,7118000
2019-09-04,53.14400100708008,54.02799987792969,53.04999923706055,53.70399856567383,53.70399856567383,6005500
2019-09-05,54.06399917602539,54.63199996948242,52.119998931884766,53.92399978637695,53.92399978637695,10727000
2019-09-06,53.97999954223633,54.11199951171875,52.49399948120117,52.70000076293945,52.70000076293945,7003000
2019-09-09,52.79999923706055,53.167999267578125,50.0,50.93600082397461,50.93600082397461,14610500
2019-09-10,50.09400177001953,51.13399887084961,49.29999923706055,50.63600158691406,50.63600158691406,12629500
2019-09-11,50.5260009765625,51.81399917602539,50.20399856567383,50.73400115966797,50.73400115966797,7435500
2019-09-12,51.31999969482422,51.93199920654297,51.104000091552734,51.36199951171875,51.36199951171875,9070000
2019-09-13,51.07600021362305,51.2760009765625,50.20000076293945,50.391998291015625,50.391998291015625,7602500
2019-09-16,50.20000076293945,52.24800109863281,50.0,52.22999954223633,52.22999954223633,5913000
2019-09-17,52.672000885009766,53.59999847412109,52.14799880981445,52.810001373291016,52.810001373291016,6354000
2019-09-18,53.3380012512207,53.380001068115234,51.95399856567383,53.16999816894531,53.16999816894531,6652500
2019-09-19,53.09000015258789,53.83599853515625,52.5,53.74800109863281,53.74800109863281,7462000
2019-09-20,53.89400100708008,54.27799987792969,53.31800079345703,54.23400115966797,54.23400115966797,10693000
2019-09-23,54.49399948120117,54.72600173950195,53.391998291015625,53.400001525878906,53.400001525878906,6154500
2019-09-24,53.400001525878906,53.66600036621094,51.220001220703125,51.5,51.5,7527000
2019-09-25,51.5,51.928001403808594,49.73400115966797,51.8759994506836,51.8759994506836,12747500
2019-09-26,51.87799835205078,51.93000030517578,51.04800033569336,51.59799957275391,51.59799957275391,4726000
2019-09-27,51.78400039672852,51.89799880981445,49.05400085449219,50.05199813842773,50.05199813842773,11381000
2019-09-30,50.43999862670898,50.959999084472656,49.902000427246094,50.77000045776367,50.77000045776367,6030000
2019-10-01,51.06399917602539,51.2239990234375,49.94200134277344,50.0260009765625,50.0260009765625,8550500
2019-10-02,49.8120002746582,50.152000427246094,48.70800018310547,49.369998931884766,49.369998931884766,8929500
2019-10-03,49.55400085449219,51.71200180053711,48.858001708984375,51.4739990234375,51.4739990234375,8381500
2019-10-04,52.04600143432617,53.44400024414063,51.91600036621094,53.29600143432617,53.29600143432617,9493500
2019-10-07,53.24599838256836,54.09999847412109,53.24599838256836,53.630001068115234,53.630001068115234,10029000
2019-10-08,53.20000076293945,53.67399978637695,51.59600067138672,51.6259994506836,51.6259994506836,5810000
2019-10-09,52.167999267578125,52.70399856567383,51.89599990844727,52.40399932861328,52.40399932861328,4199000
2019-10-10,52.00400161743164,52.93600082397461,51.81999969482422,52.63600158691406,52.63600158691406,3824000
2019-10-11,53.61199951171875,54.79199981689453,53.262001037597656,54.06600189208984,54.06600189208984,8748000
2019-10-14,54.01399993896485,54.24399948120117,53.571998596191406,53.88800048828125,53.88800048828125,6785500
2019-10-15,54.0880012512207,55.29999923706055,54.0,54.84799957275391,54.84799957275391,8816500
2019-10-16,51.7859992980957,52.150001525878906,49.81999969482422,50.91999816894531,50.91999816894531,23617500
2019-10-17,51.65800094604492,51.8120002746582,50.40999984741211,50.86199951171875,50.86199951171875,11058500
2019-10-18,50.79399871826172,51.50199890136719,48.124000549316406,48.59999847412109,48.59999847412109,22048000
2019-10-21,49.01800155639648,49.1619987487793,47.81999969482422,48.18000030517578,48.18000030517578,19103500
2019-10-22,48.38199996948242,48.4900016784668,45.0,45.667999267578125,45.667999267578125,34315000
2019-10-23,43.2599983215332,45.14599990844727,42.79800033569336,44.00199890136719,44.00199890136719,60289500
2019-10-24,47.3120002746582,48.76399993896485,46.45000076293945,47.555999755859375,47.555999755859375,46870000
2019-10-25,47.55400085449219,48.29999923706055,46.8120002746582,48.24399948120117,48.24399948120117,16543500
2019-10-28,48.68000030517578,49.25600051879883,48.0,48.93999862670898,48.93999862670898,17329500
2019-10-29,48.79800033569336,49.79800033569336,48.16400146484375,48.20800018310547,48.20800018310547,9315500
2019-10-30,48.667999267578125,50.04800033569336,47.805999755859375,49.9900016784668,49.9900016784668,9440000
2019-10-31,49.992000579833984,50.1619987487793,48.80199813842773,49.45199966430664,49.45199966430664,7263000
2019-11-01,49.78799819946289,51.23199844360352,49.48199844360352,50.60599899291992,50.60599899291992,12405000
2019-11-04,50.89799880981445,51.11600112915039,49.0099983215332,49.15999984741211,49.15999984741211,9032000
2019-11-05,49.1619987487793,49.27999877929688,47.82600021362305,48.37200164794922,48.37200164794922,11047500
2019-11-06,48.34999847412109,48.54600143432617,47.79399871826172,48.27000045776367,48.27000045776367,6840500
2019-11-07,48.400001525878906,48.93000030517578,47.96200180053711,48.178001403808594,48.178001403808594,9583000
2019-11-08,47.98400115966797,49.84000015258789,47.65800094604492,49.68999862670898,49.68999862670898,9524000
2019-11-11,49.46200180053711,50.0,49.16400146484375,49.709999084472656,49.709999084472656,8478500
2019-11-12,49.858001708984375,50.698001861572266,49.84000015258789,50.50600051879883,50.50600051879883,9444000
2019-11-13,50.18600082397461,51.02199935913086,49.80199813842773,50.78799819946289,50.78799819946289,9750500
2019-11-14,50.55400085449219,51.08200073242188,49.89400100708008,50.77000045776367,50.77000045776367,8929500
2019-11-15,51.09999847412109,52.007999420166016,50.858001708984375,51.992000579833984,51.992000579833984,11130000
2019-11-18,51.59999847412109,53.68999862670898,51.459999084472656,53.262001037597656,53.262001037597656,15411500
2019-11-19,55.45000076293945,55.97999954223633,54.50600051879883,55.54800033569336,55.54800033569336,49338500
2019-11-20,55.3759994506836,56.86000061035156,55.33000183105469,56.59999847412109,56.59999847412109,189014500
2019-11-21,56.4640007019043,56.69400024414063,55.54999923706055,55.82400131225586,55.82400131225586,19704500
2019-11-22,56.0,56.16999816894531,55.37799835205078,55.99599838256836,55.99599838256836,10440000
2019-11-25,56.0,56.79999923706055,55.68199920654297,55.95000076293945,55.95000076293945,16132500
2019-11-26,56.20000076293945,56.22999954223633,55.7239990234375,55.77199935913086,55.77199935913086,10756000
2019-11-27,55.902000427246094,56.29800033569336,55.56999969482422,56.25600051879883,56.25600051879883,6589500
2019-11-29,56.19400024414063,56.698001861572266,56.02000045776367,56.608001708984375,56.608001708984375,4399500
2019-12-02,56.59999847412109,56.59999847412109,53.900001525878906,55.470001220703125,55.470001220703125,11214000
2019-12-03,54.358001708984375,56.0,54.21200180053711,55.80199813842773,55.80199813842773,11558500
2019-12-04,55.57400131225586,55.61399841308594,54.560001373291016,54.7599983215332,54.7599983215332,9262500
2019-12-05,54.59999847412109,55.45000076293945,54.37200164794922,54.6259994506836,54.6259994506836,5869500
2019-12-06,54.97999954223633,55.0620002746582,53.92399978637695,54.40800094604492,54.40800094604492,9312500
2019-12-09,54.354000091552734,54.52000045776367,53.92399978637695,53.93999862670898,53.93999862670898,5291000
2019-12-10,54.0,54.4900016784668,53.2400016784668,53.35599899291992,53.35599899291992,7303500
2019-12-11,53.20000076293945,53.63800048828125,52.70600128173828,53.459999084472656,53.459999084472656,8920000
2019-12-12,53.27199935913086,53.71799850463867,52.81600189208984,53.130001068115234,53.130001068115234,11112000
2019-12-13,53.12799835205078,54.7599983215332,52.79600143432617,54.59600067138672,54.59600067138672,9334500
2019-12-16,54.86600112915039,56.36000061035156,54.821998596191406,56.358001708984375,56.358001708984375,10412500
2019-12-17,55.9900016784668,56.20399856567383,54.87799835205078,55.22800064086914,55.22800064086914,9627500
2019-12-18,55.48600006103516,56.0359992980957,55.220001220703125,55.4900016784668,55.4900016784668,6362500
2019-12-19,55.4900016784668,55.821998596191406,55.06600189208984,55.69599914550781,55.69599914550781,7168000
2019-12-20,56.104000091552734,56.56600189208984,55.75199890136719,56.5260009765625,56.5260009765625,11508500
2019-12-23,56.61000061035156,57.48799896240234,56.34199905395508,56.6619987487793,56.6619987487793,9708000
2019-12-24,56.77999877929688,56.98400115966797,56.51399993896485,56.84000015258789,56.84000015258789,1528500
2019-12-26,56.95199966430664,57.61600112915039,56.95199966430664,57.2400016784668,57.2400016784668,4730000
2019-12-27,57.61399841308594,57.61399841308594,56.821998596191406,57.3759994506836,57.3759994506836,4988000
2019-12-30,57.25600051879883,57.28400039672852,55.54999923706055,56.5620002746582,56.5620002746582,7031000
2019-12-31,56.08200073242188,56.77000045776367,55.95800018310547,56.4640007019043,56.4640007019043,4852000
2020-01-02,56.992000579833984,58.33599853515625,56.84400177001953,58.24800109863281,58.24800109863281,9155500
2020-01-03,57.380001068115234,58.61199951171875,57.29999923706055,58.220001220703125,58.220001220703125,5679000
2020-01-06,57.03799819946289,58.68199920654297,56.91999816894531,58.57400131225586,58.57400131225586,7370000
2020-01-07,58.64400100708008,58.91600036621094,57.60599899291992,58.58200073242188,58.58200073242188,7192000
2020-01-08,58.9119987487793,59.53799819946289,58.64799880981445,59.130001068115234,59.130001068115234,8704000
2020-01-09,59.459999084472656,59.95399856567383,58.84600067138672,59.86199951171875,59.86199951171875,7017500
2020-01-10,60.14400100708008,60.678001403808594,59.4900016784668,59.7760009765625,59.7760009765625,6292500
2020-01-13,60.470001220703125,61.172000885009766,60.20000076293945,60.77000045776367,60.77000045776367,8219000
2020-01-14,60.77000045776367,61.20000076293945,60.27399826049805,60.29999923706055,60.29999923706055,7491500
2020-01-15,60.400001525878906,61.54600143432617,60.380001068115234,60.9739990234375,60.9739990234375,7431500
2020-01-16,61.20000076293945,62.09999847412109,61.06999969482422,62.00400161743164,62.00400161743164,11347000
2020-01-17,62.0880012512207,62.55799865722656,61.9119987487793,62.50400161743164,62.50400161743164,10570500
2020-01-21,62.400001525878906,63.119998931884766,62.22200012207031,62.59600067138672,62.59600067138672,12793000
2020-01-22,63.40599822998047,63.45399856567383,62.54999923706055,62.56999969482422,62.56999969482422,8848500
2020-01-23,62.59999847412109,63.23600006103516,62.18000030517578,62.29199981689453,62.29199981689453,7959000
2020-01-24,62.91600036621094,63.76800155639648,61.555999755859375,61.87799835205078,61.87799835205078,8948000
2020-01-27,60.09000015258789,61.63600158691406,59.62799835205078,61.5260009765625,61.5260009765625,8623500
2020-01-28,61.858001708984375,63.04199981689453,61.68000030517578,62.810001373291016,62.810001373291016,7718500
2020-01-29,63.104000091552734,63.19599914550781,62.21200180053711,62.58599853515625,62.58599853515625,12689000
2020-01-30,66.74600219726562,68.77799987792969,65.93000030517578,68.3239974975586,68.3239974975586,24737000
2020-01-31,67.9000015258789,67.98200225830078,66.56600189208984,67.64600372314453,67.64600372314453,12164000
2020-02-03,67.68199920654297,68.94999694824219,67.44999694824219,68.63999938964844,68.63999938964844,10480000
2020-02-04,69.19999694824219,70.9280014038086,68.90399932861328,70.40599822998047,70.40599822998047,10196500
2020-02-05,70.63400268554688,71.197998046875,66.96199798583984,67.69999694824219,67.69999694824219,14255000
2020-02-06,68.00199890136719,68.56400299072266,66.81600189208984,68.33999633789062,68.33999633789062,7372000
2020-02-07,68.34200286865234,69.15399932861328,67.93800354003906,68.21199798583984,68.21199798583984,8388500
2020-02-10,68.14399719238281,69.0,67.77999877929688,68.55400085449219,68.55400085449219,8909500
2020-02-11,69.19200134277344,69.23799896240234,68.20800018310547,68.71399688720703,68.71399688720703,5974000
2020-02-12,69.00399780273438,70.08599853515625,67.9000015258789,69.95999908447266,69.95999908447266,6532500
2020-02-13,69.5,71.4000015258789,69.5,70.36199951171875,70.36199951171875,12445500
2020-02-14,70.72799682617188,71.26399993896484,70.1760025024414,71.23200225830078,71.23200225830078,5530500
2020-02-18,71.19999694824219,71.75199890136719,70.80799865722656,71.49800109863281,71.49800109863281,6444500
2020-02-19,71.75,72.58999633789062,71.4800033569336,71.54399871826172,71.54399871826172,6534000
2020-02-20,71.54399871826172,72.39600372314453,69.08200073242188,70.58799743652344,70.58799743652344,9740500
2020-02-21,70.09600067138672,70.3499984741211,67.75599670410156,68.89600372314453,68.89600372314453,11743000
2020-02-24,65.46800231933594,67.30000305175781,64.83799743652344,66.71199798583984,66.71199798583984,10084500
2020-02-25,67.71199798583984,68.41600036621094,65.51399993896484,65.94400024414062,65.94400024414062,9196000
2020-02-26,66.19999694824219,68.50199890136719,66.05000305175781,66.85399627685547,66.85399627685547,8082000
2020-02-27,64.73799896240234,66.28600311279297,63.55400085449219,64.0199966430664,64.0199966430664,11380000
2020-02-28,62.0,65.4000015258789,61.41999816894531,65.21800231933594,65.21800231933594,16012500
2020-03-02,66.76599884033203,68.89600372314453,65.26399993896484,68.87999725341797,68.87999725341797,13500000
2020-03-03,68.87799835205078,70.13999938964844,65.0260009765625,65.9260025024414,65.9260025024414,14761000
2020-03-04,67.3479995727539,69.04399871826172,66.32599639892578,69.01399993896484,69.01399993896484,7877000
2020-03-05,67.49800109863281,68.60600280761719,65.25399780273438,65.86599731445312,65.86599731445312,9797500
2020-03-06,63.87799835205078,64.7020034790039,60.15999984741211,63.448001861572266,63.448001861572266,20545000
2020-03-09,58.87799835205078,61.36800003051758,57.59999847412109,58.417999267578125,58.417999267578125,17181500
2020-03-10,60.47600173950195,62.59999847412109,58.32400131225586,62.560001373291016,62.560001373291016,19595000
2020-03-11,60.99599838256836,62.05400085449219,56.762001037597656,58.1259994506836,58.1259994506836,14542500
2020-03-12,54.007999420166016,57.42599868774414,52.321998596191406,52.42399978637695,52.42399978637695,19389000
2020-03-13,55.48199844360352,57.70000076293945,52.96799850463867,57.53400039672852,57.53400039672852,15191500
2020-03-16,50.20199966430664,56.76800155639648,50.0,53.08599853515625,53.08599853515625,16945500
2020-03-17,54.28200149536133,60.59600067138672,54.00400161743164,57.48400115966797,57.48400115966797,19540500
2020-03-18,53.20000076293945,55.98799896240234,47.7859992980957,55.63199996948242,55.63199996948242,22141000
2020-03-19,55.29199981689453,58.0,51.60200119018555,55.53200149536133,55.53200149536133,13960000
2020-03-20,55.21200180053711,56.93600082397461,50.45000076293945,50.93999862670898,50.93999862670898,17511500
2020-03-23,50.97999954223633,52.07799911499024,48.03200149536133,51.06399917602539,51.06399917602539,14125500
2020-03-24,55.11600112915039,56.720001220703125,53.70800018310547,54.400001525878906,54.400001525878906,16855000
2020-03-25,54.470001220703125,55.790000915527344,51.4640007019043,52.93399810791016,52.93399810791016,15442500
2020-03-26,53.9379997253418,59.0,53.59799957275391,58.94599914550781,58.94599914550781,18655000
2020-03-27,56.82600021362305,56.82600021362305,53.891998291015625,54.79999923706055,54.79999923706055,15381000
2020-03-30,55.55400085449219,58.540000915527344,55.040000915527344,57.27799987792969,57.27799987792969,11843000
2020-03-31,57.917999267578125,59.23400115966797,56.262001037597656,57.31600189208984,57.31600189208984,16966500
2020-04-01,54.87799835205078,55.7599983215332,53.73600006103516,54.61399841308594,54.61399841308594,12120000
2020-04-02,53.0,54.52399826049805,49.84999847412109,51.79999923706055,51.79999923706055,22093500
2020-04-03,51.77000045776367,52.23199844360352,49.33399963378906,49.91400146484375,49.91400146484375,14249000
2020-04-06,51.89799880981445,54.45000076293945,51.10200119018555,53.9900016784668,53.9900016784668,16075500
2020-04-07,55.400001525878906,55.619998931884766,51.04800033569336,52.470001220703125,52.470001220703125,15226500
2020-04-08,53.28799819946289,55.28200149536133,52.77999877929688,54.810001373291016,54.810001373291016,8850500
2020-04-09,55.21599960327149,57.02399826049805,54.92399978637695,55.61199951171875,55.61199951171875,13771000
2020-04-13,55.35200119018555,56.900001525878906,54.75199890136719,56.71200180053711,56.71200180053711,11597500
2020-04-14,59.400001525878906,60.62799835205078,57.85599899291992,60.417999267578125,60.417999267578125,12779000
2020-04-15,59.44200134277344,59.87799835205078,58.71200180053711,59.18399810791016,59.18399810791016,8998000
2020-04-16,60.09600067138672,60.369998931884766,57.84199905395508,58.38800048828125,58.38800048828125,10382000
2020-04-17,60.417999267578125,60.624000549316406,59.30199813842773,59.917999267578125,59.917999267578125,10642000
2020-04-20,59.63800048828125,61.62799835205078,59.31999969482422,60.492000579833984,60.492000579833984,9385000
2020-04-21,59.79199981689453,60.7400016784668,56.31399917602539,57.75400161743164,57.75400161743164,14464000
2020-04-22,59.18399810791016,60.5359992980957,58.61199951171875,59.922000885009766,59.922000885009766,7109500
2020-04-23,60.0,60.9379997253418,59.20000076293945,59.46200180053711,59.46200180053711,7284000
2020-04-24,59.50600051879883,60.73600006103516,58.540000915527344,60.5880012512207,60.5880012512207,7375500
2020-04-27,61.50600051879883,62.20000076293945,61.25400161743164,61.720001220703125,61.720001220703125,5781500
2020-04-28,62.55799865722656,63.0,59.15599822998047,59.20000076293945,59.20000076293945,11273000
2020-04-29,60.31999969482422,65.08799743652344,60.31399917602539,64.39800262451172,64.39800262451172,17389500
2020-04-30,65.56800079345703,71.55599975585938,65.49800109863281,70.30799865722656,70.30799865722656,26947500
2020-05-01,68.41799926757812,70.19999694824219,67.19999694824219,67.9020004272461,67.9020004272461,12249000
2020-05-04,67.30400085449219,71.30000305175781,67.00199890136719,70.9280014038086,70.9280014038086,12689500
2020-05-05,72.0,75.23600006103516,71.21399688720703,74.12799835205078,74.12799835205078,14886000
2020-05-06,74.9260025024414,75.95999908447266,72.9000015258789,73.0780029296875,73.0780029296875,11952500
2020-05-07,73.79399871826172,77.31400299072266,73.70600128173828,76.36599731445312,76.36599731445312,13775000
2020-05-08,76.80000305175781,77.5199966430664,75.22599792480469,75.4520034790039,75.4520034790039,10516500
2020-05-11,75.0,77.69999694824219,74.00800323486328,76.7300033569336,76.7300033569336,7882500
2020-05-12,76.82599639892578,76.99800109863281,72.91400146484375,73.12000274658203,73.12000274658203,16954500
2020-05-13,73.2020034790039,74.09200286865234,70.25800323486328,72.25800323486328,72.25800323486328,14474000
2020-05-14,71.74199676513672,74.01200103759766,70.302001953125,73.56600189208984,73.56600189208984,11536000
2020-05-15,73.08999633789062,74.48999786376953,72.61199951171875,74.09200286865234,74.09200286865234,12523500
2020-05-18,75.5999984741211,76.35600280761719,74.63600158691406,74.9739990234375,74.9739990234375,8772500
2020-05-19,75.0,77.93399810791016,74.64600372314453,76.57599639892578,76.57599639892578,8610500
2020-05-20,78.0,78.9520034790039,76.87799835205078,78.03199768066406,78.03199768066406,7318000
2020-05-21,78.10399627685547,78.71800231933594,76.48200225830078,76.72799682617188,76.72799682617188,4958500
2020-05-22,77.80799865722656,78.8280029296875,76.99800109863281,77.59200286865234,77.59200286865234,5030500
2020-05-26,79.22599792480469,79.2300033569336,75.9260025024414,76.13400268554688,76.13400268554688,8573500
2020-05-27,75.61000061035156,75.61000061035156,70.41400146484375,74.23200225830078,74.23200225830078,18805500
2020-05-28,74.0,77.33399963378906,73.69200134277344,75.59600067138672,75.59600067138672,7733000
2020-05-29,76.28199768066406,77.64600372314453,75.72599792480469,77.58599853515625,77.58599853515625,9844500
2020-06-01,77.01200103759766,77.58799743652344,76.37000274658203,76.67400360107422,76.67400360107422,6683000
2020-06-02,76.88999938964844,78.58000183105469,75.08799743652344,78.58000183105469,78.58000183105469,10122000
2020-06-03,77.99800109863281,78.62200164794922,76.22000122070312,77.61799621582031,77.61799621582031,7004000
2020-06-04,77.13800048828125,77.94000244140625,74.48400115966797,75.38999938964844,75.38999938964844,10437000
2020-06-05,74.0,78.13600158691406,73.40599822998047,78.09200286865234,78.09200286865234,12276500
2020-06-08,77.31600189208984,77.75399780273438,75.13600158691406,77.3280029296875,77.3280029296875,7563500
2020-06-09,78.19599914550781,79.5999984741211,77.0979995727539,77.76599884033203,77.76599884033203,8448500
2020-06-10,78.46800231933594,81.10600280761719,78.46800231933594,80.33200073242188,80.33200073242188,10026500
2020-06-11,78.76599884033203,79.49199676513672,74.5739974975586,75.01000213623047,75.01000213623047,14625000
2020-06-12,77.52400207519531,78.47599792480469,75.552001953125,77.0260009765625,77.0260009765625,7783000
2020-06-15,75.63999938964844,78.7959976196289,75.0739974975586,78.5,78.5,7183000
2020-06-16,80.0,80.5739974975586,77.83799743652344,79.69200134277344,79.69200134277344,8719000
2020-06-17,80.00199890136719,81.51799774169922,79.61000061035156,80.12999725341797,80.12999725341797,7810500
2020-06-18,80.4520034790039,80.89800262451172,79.22000122070312,80.20600128173828,80.20600128173828,6602500
2020-06-19,81.25,81.5979995727539,79.68800354003906,79.9739990234375,79.9739990234375,11524500
2020-06-22,79.28399658203125,80.64399719238281,78.37000274658203,80.56400299072266,80.56400299072266,7852500
2020-06-23,81.5999984741211,81.95999908447266,79.47599792480469,80.18800354003906,80.18800354003906,8359000
2020-06-24,79.95600128173828,81.0479965209961,77.77400207519531,78.58599853515625,78.58599853515625,7251000
2020-06-25,78.34400177001953,80.33799743652344,77.13200378417969,80.3280029296875,80.3280029296875,6475000
2020-06-26,80.36599731445312,80.56800079345703,78.21600341796875,79.99400329589844,79.99400329589844,10065500
2020-06-29,80.2959976196289,80.5979995727539,77.0999984741211,78.91000366210938,78.91000366210938,6944500
2020-06-30,78.97599792480469,81.23400115966797,78.80000305175781,81.01200103759766,81.01200103759766,8804000
2020-07-01,81.07599639892578,83.52400207519531,80.69999694824219,83.35800170898438,83.35800170898438,8971000
2020-07-02,84.26200103759766,84.96800231933594,82.53800201416016,82.84200286865234,82.84200286865234,6926500
2020-07-06,83.85800170898438,85.0,82.43000030517578,83.28800201416016,83.28800201416016,8873000
2020-07-07,83.28800201416016,84.24600219726562,82.19400024414062,82.3479995727539,82.3479995727539,6567000
2020-07-08,83.36000061035156,85.35600280761719,83.0999984741211,85.04000091552734,85.04000091552734,7579500
2020-07-09,85.5999984741211,86.16600036621094,83.12000274658203,85.27400207519531,85.27400207519531,7035500
2020-07-10,85.30000305175781,85.55599975585938,83.89199829101562,84.58200073242188,84.58200073242188,7411500
2020-07-13,85.0,85.55599975585938,79.89399719238281,80.3740005493164,80.3740005493164,8115000
2020-07-14,80.0,82.76200103759766,78.16799926757812,82.64600372314453,82.64600372314453,8913500
2020-07-15,84.5780029296875,85.19200134277344,83.14800262451172,84.71199798583984,84.71199798583984,10592000
2020-07-16,83.21199798583984,83.6520004272461,80.89800262451172,82.7760009765625,82.7760009765625,7232500
2020-07-17,83.1500015258789,84.68000030517578,82.29000091552734,84.36199951171875,84.36199951171875,5496500
2020-07-20,85.0,90.94000244140624,84.90799713134766,89.85399627685547,89.85399627685547,15659000
2020-07-21,89.44599914550781,89.49400329589844,86.83599853515625,87.44400024414062,87.44400024414062,8002000
2020-07-22,88.0,88.79199981689453,86.86399841308594,88.31999969482422,88.31999969482422,4364000
2020-07-23,88.22000122070312,89.66799926757812,85.7239990234375,86.16999816894531,86.16999816894531,6621000
2020-07-24,84.05599975585938,86.06199645996094,82.91999816894531,85.03800201416016,85.03800201416016,5019000
2020-07-27,86.0,87.23200225830078,85.2020034790039,86.76200103759766,86.76200103759766,4926500
2020-07-28,87.0,88.51599884033203,86.19999694824219,87.00800323486328,87.00800323486328,5190500
2020-07-29,88.51399993896484,89.302001953125,87.5739974975586,89.14199829101562,89.14199829101562,11279500
2020-07-30,86.54399871826172,87.72000122070312,84.26599884033203,86.27999877929688,86.27999877929688,15715500
2020-07-31,87.39800262451172,87.83999633789062,85.66400146484375,87.83999633789062,87.83999633789062,8727500
2020-08-03,88.74400329589844,88.95800018310547,86.23200225830078,87.99199676513672,87.99199676513672,9008500
2020-08-04,87.48400115966797,88.49800109863281,86.77400207519531,87.62999725341797,87.62999725341797,5705500
2020-08-05,88.0,88.20999908447266,87.06600189208984,87.14800262451172,87.14800262451172,5040000
2020-08-06,87.57599639892578,87.91400146484375,85.06800079345703,86.06600189208984,86.06600189208984,11154000
2020-08-07,86.40799713134766,87.85800170898438,84.74199676513672,86.24199676513672,86.24199676513672,12298500
2020-08-10,86.08799743652344,87.82599639892578,84.43399810791016,87.73600006103516,87.73600006103516,13620500
2020-08-11,86.87000274658203,86.99800109863281,83.70600128173828,84.27200317382812,84.27200317382812,8195500
2020-08-12,85.02799987792969,86.28600311279297,84.61000061035156,85.4260025024414,85.4260025024414,8098500
2020-08-13,85.5719985961914,87.96199798583984,85.34200286865234,87.68399810791016,87.68399810791016,8499500
2020-08-14,87.6719970703125,88.5780029296875,86.86399841308594,87.14600372314453,87.14600372314453,6260000
2020-08-17,87.39600372314453,89.02999877929688,87.39600372314453,88.4739990234375,88.4739990234375,9848500
2020-08-18,88.34400177001953,88.87200164794922,87.05999755859375,87.51599884033203,87.51599884033203,11358500
2020-08-19,87.5999984741211,88.72799682617188,86.41999816894531,87.4260025024414,87.4260025024414,9824000
2020-08-20,87.08399963378906,90.9459991455078,86.6719970703125,90.66799926757812,90.66799926757812,13589000
2020-08-21,90.55599975585938,90.7979965209961,89.23600006103516,89.88400268554688,89.88400268554688,11695000
2020-08-24,90.61000061035156,91.72799682617188,89.0,89.62000274658203,89.62000274658203,11785000
2020-08-25,90.0,91.7760009765625,89.14800262451172,91.58599853515624,91.58599853515624,5824500
2020-08-26,93.0,97.71600341796876,92.81999969482422,97.54000091552734,97.54000091552734,10999000
2020-08-27,97.0,97.0199966430664,94.9000015258789,96.11000061035156,96.11000061035156,7606000
2020-08-28,97.0,98.8000030517578,96.87999725341795,97.5739974975586,97.5739974975586,5305500
2020-08-31,97.6500015258789,98.0,96.197998046875,96.40399932861328,96.40399932861328,6952500
2020-09-01,97.0,99.4499969482422,96.51599884033205,99.43800354003906,99.43800354003906,6853500
2020-09-02,100.0,100.36399841308594,96.53199768066406,99.93800354003906,99.93800354003906,6777500
2020-09-03,97.0,97.5979995727539,92.53399658203124,93.76799774169922,93.76799774169922,10123000
2020-09-04,93.1999969482422,94.0,87.0199966430664,90.06999969482422,90.06999969482422,13400000
2020-09-08,87.99800109863281,90.5459976196289,86.56999969482422,88.62799835205078,88.62799835205078,8826000
2020-09-09,90.41799926757812,92.5719985961914,88.37000274658203,91.63999938964844,91.63999938964844,9028000
2020-09-10,92.1999969482422,93.66400146484376,90.05400085449219,90.59600067138672,90.59600067138672,5573000
2020-09-11,91.5260009765625,91.697998046875,87.9520034790039,89.18000030517578,89.18000030517578,4478500
2020-09-14,90.28399658203124,92.63999938964844,90.23400115966795,91.61199951171876,91.61199951171876,7172000
2020-09-15,92.64600372314452,94.86399841308594,92.52200317382812,94.79199981689452,94.79199981689452,5602500
2020-09-16,95.29399871826172,95.88800048828124,91.15599822998048,91.2020034790039,91.2020034790039,7534500
2020-09-17,89.13999938964844,91.0,88.4000015258789,90.76000213623048,90.76000213623048,7892000
2020-09-18,90.83000183105467,91.4520034790039,88.54199981689453,90.61799621582033,90.61799621582033,7306000
2020-09-21,89.36399841308594,92.4800033569336,89.23999786376953,92.3759994506836,92.3759994506836,5532000
2020-09-22,93.1500015258789,94.22000122070312,90.91999816894533,94.11399841308594,94.11399841308594,4649000
2020-09-23,94.0,94.66400146484376,91.80799865722656,92.09400177001952,92.09400177001952,4132000
2020-09-24,91.75800323486328,93.03399658203124,90.73999786376952,92.02400207519533,92.02400207519533,4212500
2020-09-25,93.78199768066406,96.33000183105467,92.91400146484376,95.99400329589844,95.99400329589844,6032500
2020-09-28,97.3219985961914,97.68000030517578,95.79399871826172,96.84200286865234,96.84200286865234,6288000
2020-09-29,97.2699966430664,97.91200256347656,96.62000274658205,97.59600067138672,97.59600067138672,4120500
2020-09-30,97.13400268554688,98.66200256347656,96.2300033569336,97.0,97.0,6011000
2020-10-01,98.31400299072266,99.0260009765625,97.48999786376952,98.50399780273438,98.50399780273438,4610000
2020-10-02,96.0979995727539,100.5260009765625,95.7979965209961,98.62999725341795,98.62999725341795,7964000
2020-10-05,99.12200164794922,100.4459991455078,98.25399780273438,100.35800170898438,100.35800170898438,6436500
2020-10-06,100.0,100.5199966430664,97.96399688720705,98.30799865722656,98.30799865722656,5377000
2020-10-07,99.5260009765625,100.84200286865234,98.8000030517578,100.0,100.0,4290000
2020-10-08,101.0,101.0,98.4000015258789,99.3000030517578,99.3000030517578,4115500
2020-10-09,100.71199798583984,102.1760025024414,100.4020004272461,101.72200012207033,101.72200012207033,5967000
2020-10-12,102.70999908447266,103.11000061035156,100.4000015258789,101.81800079345705,101.81800079345705,4481500
2020-10-13,103.302001953125,104.5540008544922,102.24600219726562,103.66000366210938,103.66000366210938,5903000
2020-10-14,104.0,104.3000030517578,101.99600219726562,103.37799835205078,103.37799835205078,4950000
2020-10-15,101.89600372314452,104.5979995727539,101.1999969482422,104.13600158691406,104.13600158691406,4726500
2020-10-16,104.83000183105467,106.14600372314452,104.197998046875,104.9739990234375,104.9739990234375,5159000
2020-10-19,105.28800201416016,106.67400360107422,103.87799835205078,104.38999938964844,104.38999938964844,4459000
2020-10-20,104.5999984741211,105.51599884033205,103.18399810791016,103.63800048828124,103.63800048828124,4123500
2020-10-21,103.73600006103516,103.90599822998048,101.36599731445312,102.05599975585938,102.05599975585938,4156500
2020-10-22,102.33999633789062,102.70999908447266,99.03399658203124,101.19200134277344,101.19200134277344,4289500
2020-10-23,101.81800079345705,102.84600067138672,101.0459976196289,102.802001953125,102.802001953125,4226000
2020-10-26,103.60199737548828,104.37200164794922,98.5019989013672,100.3219985961914,100.3219985961914,8106000
2020-10-27,101.75800323486328,102.0,99.7040023803711,99.96199798583984,99.96199798583984,6020500
2020-10-28,97.38999938964844,97.98400115966795,96.02999877929688,96.80999755859376,96.80999755859376,8883000
2020-10-29,99.4000015258789,103.58000183105467,98.5999984741211,102.11799621582033,102.11799621582033,14287000
2020-10-30,100.87999725341795,101.59600067138672,97.11799621582033,99.51399993896484,99.51399993896484,9364500
2020-11-02,99.84200286865234,101.51599884033205,94.85800170898438,95.1999969482422,95.1999969482422,9918500
2020-11-03,95.52200317382812,96.94200134277344,94.4020004272461,96.01000213623048,96.01000213623048,8915000
2020-11-04,101.2699966430664,103.64600372314452,100.1999969482422,102.71600341796876,102.71600341796876,11119000
2020-11-05,104.66200256347656,106.76799774169922,104.0999984741211,106.21600341796876,106.21600341796876,5932500
2020-11-06,105.90599822998048,107.50599670410156,103.8000030517578,107.03600311279295,107.03600311279295,4131000
2020-11-09,101.93000030517578,105.64199829101562,100.15799713134766,100.39199829101562,100.39199829101562,11992500
2020-11-10,99.1060028076172,99.93599700927734,94.4020004272461,96.25599670410156,96.25599670410156,12508500
2020-11-11,98.74199676513672,101.61199951171876,97.91000366210938,100.6719970703125,100.6719970703125,7892500
2020-11-12,104.08999633789062,105.0019989013672,101.27400207519533,101.95600128173828,101.95600128173828,8153000
2020-11-13,102.31999969482422,102.31999969482422,99.10399627685548,101.60199737548828,101.60199737548828,6175500
2020-11-16,99.4980010986328,101.1500015258789,99.03800201416016,100.45600128173828,100.45600128173828,7935500
2020-11-17,101.0,103.1999969482422,100.81400299072266,102.62000274658205,102.62000274658205,5756000
2020-11-18,102.25,102.71199798583984,100.47799682617188,101.42400360107422,101.42400360107422,5080500
2020-11-19,101.63999938964844,103.98600006103516,101.0,102.86599731445312,102.86599731445312,4892500
2020-11-20,103.12200164794922,105.29199981689452,102.8000030517578,103.61199951171876,103.61199951171876,5920500
2020-11-23,104.0199966430664,104.9739990234375,102.85399627685548,104.4219970703125,104.4219970703125,6432500
2020-11-24,104.54199981689452,105.1999969482422,102.03199768066406,102.93800354003906,102.93800354003906,5911000
2020-11-25,103.8000030517578,104.8000030517578,102.35800170898438,103.84400177001952,103.84400177001952,5418000
2020-11-27,104.1999969482422,105.95600128173828,103.16999816894533,105.49600219726562,105.49600219726562,3708500
2020-11-30,106.0,107.0,104.1959991455078,106.91000366210938,106.91000366210938,8612500
2020-12-01,107.1999969482422,108.3479995727539,105.19200134277344,107.91799926757812,107.91799926757812,5753500
2020-12-02,106.15399932861328,107.0,104.23400115966795,105.3040008544922,105.3040008544922,5442500
2020-12-03,105.55799865722656,107.9000015258789,104.66000366210938,105.0479965209961,105.0479965209961,5111500
2020-12-04,105.10800170898438,105.9499969482422,104.447998046875,105.13999938964844,105.13999938964844,3722000
2020-12-07,105.7519989013672,106.947998046875,105.58200073242188,106.6500015258789,106.6500015258789,6898000
2020-12-08,107.35800170898438,108.80999755859376,105.72000122070312,108.4499969482422,108.4499969482422,9350000
2020-12-09,108.88600158691406,109.0,105.12999725341795,105.5979995727539,105.5979995727539,8186000
2020-12-10,105.3000030517578,107.71199798583984,103.7020034790039,107.5999984741211,107.5999984741211,5164500
2020-12-11,107.63800048828124,108.13800048828124,106.16799926757812,107.47200012207033,107.47200012207033,4275500
2020-12-14,107.6999969482422,107.8219985961914,106.19200134277344,106.49600219726562,106.49600219726562,6403500
2020-12-15,106.4000015258789,107.02200317382812,105.01599884033205,105.47599792480467,105.47599792480467,5363500
2020-12-16,106.58999633789062,109.97599792480467,106.4000015258789,109.0,109.0,7577000
2020-12-17,109.8939971923828,111.66799926757812,109.8939971923828,110.81400299072266,110.81400299072266,6141000
2020-12-18,111.69400024414062,113.3479995727539,111.11000061035156,113.08599853515624,113.08599853515624,10764000
2020-12-21,111.60399627685548,112.48999786376952,108.54000091552734,110.16400146484376,110.16400146484376,8212000
2020-12-22,110.14199829101562,112.5,109.79399871826172,112.34400177001952,112.34400177001952,5995000
2020-12-23,112.3219985961914,113.0,109.94400024414062,110.01200103759766,110.01200103759766,4438500
2020-12-24,111.05999755859376,112.10800170898438,110.5479965209961,110.77799987792967,110.77799987792967,3118500
2020-12-28,112.5999984741211,112.5999984741211,108.18000030517578,108.7480010986328,108.7480010986328,5209500
2020-12-29,110.04399871826172,110.32599639892578,107.86000061035156,109.1959991455078,109.1959991455078,4630500
2020-12-30,110.16400146484376,110.4000015258789,108.93199920654295,109.47599792480467,109.47599792480467,2900500
2020-12-31,109.4020004272461,110.21600341796876,108.74199676513672,110.08599853515624,110.08599853515624,3324500
2021-01-04,111.38800048828124,111.47200012207033,104.302001953125,105.36599731445312,105.36599731445312,9446000
2021-01-05,105.20800018310548,106.66600036621094,104.95999908447266,106.3939971923828,106.3939971923828,7721000
2021-01-06,103.9540023803711,104.18800354003906,101.41200256347656,101.4499969482422,101.4499969482422,9849000
2021-01-07,102.0,103.37999725341795,101.74199676513672,102.28199768066406,102.28199768066406,9348000
2021-01-08,104.3280029296875,106.3219985961914,103.63200378417967,105.9280014038086,105.9280014038086,7974500
2021-01-11,105.0,105.39199829101562,103.01599884033205,104.61199951171876,104.61199951171876,6432500
2021-01-12,104.0,104.5019989013672,101.46199798583984,102.64199829101562,102.64199829101562,5865000
2021-01-13,103.64199829101562,104.73999786376952,102.1999969482422,104.34200286865234,104.34200286865234,5383500
2021-01-14,105.44000244140624,105.5999984741211,102.55799865722656,102.86799621582033,102.86799621582033,7243500
2021-01-15,103.68199920654295,105.31199645996094,102.5999984741211,102.7519989013672,102.7519989013672,5418500
2021-01-19,103.12000274658205,104.58999633789062,101.93800354003906,103.88400268554688,103.88400268554688,4890500
2021-01-20,105.5979995727539,108.69400024414062,105.4020004272461,108.43800354003906,108.43800354003906,7694500
2021-01-21,108.6999969482422,109.27999877929688,107.5739974975586,108.86599731445312,108.86599731445312,5062000
2021-01-22,109.9499969482422,110.86799621582033,108.05999755859376,108.21800231933594,108.21800231933594,5148500
2021-01-25,109.5459976196289,110.56400299072266,105.01200103759766,107.57599639892578,107.57599639892578,8560500
2021-01-26,108.0,108.15599822998048,106.12200164794922,106.49199676513672,106.49199676513672,7088500
2021-01-27,104.97599792480467,106.61399841308594,101.6439971923828,103.3000030517578,103.3000030517578,11206500
2021-01-28,109.0,112.7760009765625,108.5719985961914,110.8479995727539,110.8479995727539,16413500
2021-01-29,109.81600189208984,110.4000015258789,105.86799621582033,108.63200378417967,108.63200378417967,11901000
2021-02-01,109.2020034790039,112.9459991455078,109.2020034790039,111.71199798583984,111.71199798583984,8584500
2021-02-02,112.57599639892578,117.76399993896484,112.0199966430664,116.7020034790039,116.7020034790039,11258000
2021-02-03,116.5999984741211,117.48600006103516,114.91200256347656,115.33000183105467,115.33000183105467,7457500
2021-02-04,115.97799682617188,117.8000030517578,114.4260025024414,117.7959976196289,117.7959976196289,6266500
2021-02-05,117.73600006103516,118.50800323486328,116.46399688720705,117.9459991455078,117.9459991455078,4860000
2021-02-08,118.26200103759766,119.67400360107422,116.8000030517578,117.58200073242188,117.58200073242188,5158500
2021-02-09,117.4280014038086,117.72000122070312,115.2020034790039,116.3560028076172,116.3560028076172,8175000
2021-02-10,117.1520004272461,118.75599670410156,115.802001953125,117.87200164794922,117.87200164794922,4833500
2021-02-11,118.8000030517578,119.0,117.5999984741211,118.8939971923828,118.8939971923828,3656500
2021-02-12,118.26399993896484,118.74199676513672,117.1060028076172,118.25800323486328,118.25800323486328,4115000
2021-02-16,118.36399841308594,118.93199920654295,116.2300033569336,117.14800262451172,117.14800262451172,4457500
2021-02-17,116.0,116.62799835205078,114.1500015258789,116.18800354003906,116.18800354003906,4435000
2021-02-18,113.99199676513672,115.86199951171876,113.18000030517578,115.16000366210938,115.16000366210938,4868000
2021-02-19,115.43199920654295,116.4219970703125,111.81600189208984,114.14600372314452,114.14600372314452,9790000
2021-02-22,113.20600128173828,113.20600128173828,109.95600128173828,110.052001953125,110.052001953125,5194000
2021-02-23,107.86799621582033,110.76000213623048,104.88200378417967,110.3499984741211,110.3499984741211,7856000
2021-02-24,109.0999984741211,110.83999633789062,107.78600311279295,110.36599731445312,110.36599731445312,5567500
2021-02-25,110.0,111.2979965209961,105.37799835205078,105.75800323486328,105.75800323486328,8808500
2021-02-26,106.5,108.06400299072266,104.2300033569336,106.69200134277344,106.69200134277344,8995000
2021-03-01,108.96399688720705,111.3280029296875,108.00800323486328,111.29399871826172,111.29399871826172,6160500
2021-03-02,111.91200256347656,112.48600006103516,109.66200256347656,109.86000061035156,109.86000061035156,5607000
2021-03-03,108.85800170898438,109.15799713134766,102.73400115966795,103.1999969482422,103.1999969482422,9030000
2021-03-04,102.18800354003906,103.5500030517578,96.9800033569336,98.1259994506836,98.1259994506836,14156500
2021-03-05,99.2480010986328,99.2480010986328,93.43000030517578,97.39199829101562,97.39199829101562,16164500
2021-03-08,98.15599822998048,99.4520034790039,92.5019989013672,92.80999755859376,92.80999755859376,9849000
2021-03-09,96.14199829101562,98.71199798583984,95.75599670410156,97.79000091552734,97.79000091552734,12241000
2021-03-10,99.4219970703125,99.8000030517578,94.79199981689452,94.8000030517578,94.8000030517578,9635000
2021-03-11,98.89800262451172,102.34200286865234,98.04399871826172,100.5739974975586,100.5739974975586,9616500
2021-03-12,97.8000030517578,98.97599792480467,96.5479965209961,97.84400177001952,97.84400177001952,7523500
2021-03-15,98.0,99.44200134277344,97.29399871826172,99.35399627685548,99.35399627685548,4835000
2021-03-16,100.8560028076172,101.83000183105467,99.06199645996094,99.7979965209961,99.7979965209961,5692500
2021-03-17,98.29199981689452,98.5459976196289,95.27400207519533,97.0,97.0,12430000
2021-03-18,95.93800354003906,95.95999908447266,92.93399810791016,93.23600006103516,93.23600006103516,9350000
2021-03-19,93.697998046875,95.11399841308594,92.7699966430664,94.16799926757812,94.16799926757812,9469500
2021-03-22,94.32599639892578,96.88800048828124,94.26399993896484,95.33000183105467,95.33000183105467,5941500
2021-03-23,96.02200317382812,97.28800201416016,95.39600372314452,95.63400268554688,95.63400268554688,5704500
2021-03-24,96.1259994506836,96.3000030517578,94.0,94.46399688720705,94.46399688720705,7382000
2021-03-25,93.57599639892578,94.8000030517578,92.76000213623048,94.43599700927734,94.43599700927734,9519000
2021-03-26,94.697998046875,99.08999633789062,94.1999969482422,99.0,99.0,12201000
2021-03-29,97.89199829101562,98.58799743652344,96.41000366210938,97.0780029296875,97.0780029296875,8601500
2021-03-30,96.0,98.197998046875,94.64199829101562,97.51399993896484,97.51399993896484,6270000
2021-03-31,98.68800354003906,101.37799835205078,98.10399627685548,100.02200317382812,100.02200317382812,7842000
2021-04-01,101.5999984741211,102.58200073242188,100.5,101.4020004272461,101.4020004272461,5318000
2021-04-05,102.3939971923828,103.21399688720705,101.83599853515624,102.8040008544922,102.8040008544922,7944000
2021-04-06,102.27999877929688,103.02799987792967,101.3239974975586,101.81600189208984,101.81600189208984,4864500
2021-04-07,102.21199798583984,102.5780029296875,101.36599731445312,102.14600372314452,102.14600372314452,3233500
2021-04-08,104.0,105.76399993896484,103.49600219726562,104.80799865722656,104.80799865722656,6300000
2021-04-09,103.61799621582033,106.12200164794922,102.0,106.0,106.0,7265000
2021-04-12,105.83599853515624,108.24400329589844,104.9459991455078,107.4000015258789,107.4000015258789,6645000
2021-04-13,107.8000030517578,110.25599670410156,107.8000030517578,109.78600311279295,109.78600311279295,6822000
2021-04-14,110.1999969482422,112.03800201416016,108.56800079345705,108.96800231933594,108.96800231933594,6705500
2021-04-15,110.69200134277344,112.03399658203124,110.58399963378906,111.87000274658205,111.87000274658205,4426000
2021-04-16,112.11199951171876,112.15799713134766,110.052001953125,111.38200378417967,111.38200378417967,4398500
2021-04-19,110.68399810791016,111.3759994506836,109.1999969482422,109.8740005493164,109.8740005493164,4477000
2021-04-20,109.79199981689452,110.58399963378906,107.3000030517578,108.15599822998048,108.15599822998048,3974000
2021-04-21,109.03199768066406,109.81400299072266,107.4260025024414,109.29399871826172,109.29399871826172,5162500
2021-04-22,109.4000015258789,111.5999984741211,108.7699966430664,109.697998046875,109.697998046875,4502000
2021-04-23,110.65599822998048,111.1780014038086,109.86599731445312,110.54000091552734,110.54000091552734,3902500
2021-04-26,110.8000030517578,111.87799835205078,109.8499984741211,111.84200286865234,111.84200286865234,3359500
2021-04-27,111.58999633789062,113.05799865722656,110.71800231933594,112.5260009765625,112.5260009765625,4806000
2021-04-28,111.8499984741211,111.95800018310548,110.48799896240234,111.447998046875,111.447998046875,8578000
2021-04-29,104.1999969482422,106.16000366210938,100.6999969482422,101.0,101.0,43464500
2021-04-30,100.05599975585938,103.96399688720705,100.05599975585938,101.27400207519533,101.27400207519533,17203000
2021-05-03,101.49199676513672,101.6439971923828,97.75599670410156,98.06400299072266,98.06400299072266,12095500
2021-05-04,97.10399627685548,97.93599700927734,94.74600219726562,96.66000366210938,96.66000366210938,12346500
2021-05-05,97.83599853515624,97.91000366210938,95.4000015258789,95.99400329589844,95.99400329589844,7224000
2021-05-06,95.41999816894533,97.31999969482422,94.62000274658205,97.16799926757812,97.16799926757812,10941500
2021-05-07,98.68000030517578,98.90599822998048,94.88999938964844,96.7020034790039,96.7020034790039,9985500
2021-05-10,96.5,96.5,92.94000244140624,93.36000061035156,93.36000061035156,10269000
2021-05-11,90.76000213623048,97.2020034790039,90.49199676513672,96.3000030517578,96.3000030517578,12940500
2021-05-12,94.64600372314452,95.0,92.0019989013672,92.94200134277344,92.94200134277344,8895000
2021-05-13,94.0,94.26399993896484,90.20800018310548,90.99600219726562,90.99600219726562,8502500
2021-05-14,92.38200378417967,92.98200225830078,91.75599670410156,92.06600189208984,92.06600189208984,8948500
2021-05-17,91.8939971923828,91.8939971923828,89.65399932861328,90.87999725341795,90.87999725341795,9312500
2021-05-18,91.09200286865234,92.5999984741211,90.1999969482422,91.44400024414062,91.44400024414062,6820500
2021-05-19,90.05000305175781,92.1439971923828,89.65399932861328,91.9520034790039,91.9520034790039,5860500
2021-05-20,92.93399810791016,95.11599731445312,92.65799713134766,94.22599792480467,94.22599792480467,6432000
2021-05-21,94.77799987792967,95.7239990234375,93.78600311279295,93.8939971923828,93.8939971923828,6863000
2021-05-24,95.0,95.95999908447266,94.7040023803711,95.27200317382812,95.27200317382812,4644500
2021-05-25,95.75,96.73999786376952,95.27400207519533,95.9800033569336,95.9800033569336,6837500
2021-05-26,95.76200103759766,97.4540023803711,95.60800170898438,97.08200073242188,97.08200073242188,7711000
2021-05-27,96.19400024414062,96.52200317382812,94.5260009765625,95.84400177001952,95.84400177001952,8639000
2021-05-28,96.0,96.41400146484376,94.11000061035156,94.7760009765625,94.7760009765625,9478000
2021-06-01,95.5199966430664,95.52799987792967,93.40799713134766,93.83399963378906,93.83399963378906,8466000
2021-06-02,92.91400146484376,94.5199966430664,92.38200378417967,93.4020004272461,93.4020004272461,5161000
2021-06-03,92.86199951171876,93.03600311279295,91.1999969482422,91.83999633789062,91.83999633789062,4866000
2021-06-04,92.0,93.06199645996094,91.74400329589844,92.12999725341795,92.12999725341795,7877000
2021-06-07,92.00399780273438,92.5479965209961,91.4000015258789,91.89199829101562,91.89199829101562,6054500
2021-06-08,92.79399871826172,94.22000122070312,91.88400268554688,92.1520004272461,92.1520004272461,5372000
2021-06-09,92.99199676513672,93.52200317382812,92.1439971923828,92.94200134277344,92.94200134277344,5138500
2021-06-10,97.14199829101562,98.15799713134766,95.802001953125,97.82599639892578,97.82599639892578,15209000
2021-06-11,98.0,99.9020004272461,97.5999984741211,99.60199737548828,99.60199737548828,10404000
2021-06-14,100.0,102.2239990234375,99.6439971923828,101.86799621582033,101.86799621582033,9138500
2021-06-15,102.10399627685548,102.51000213623048,100.8239974975586,101.08599853515624,101.08599853515624,7825500
2021-06-16,101.54000091552734,104.3000030517578,100.43000030517578,102.01599884033205,102.01599884033205,10288000
2021-06-17,101.16000366210938,106.1999969482422,101.16000366210938,106.08000183105467,106.08000183105467,9547000
2021-06-18,105.76399993896484,107.54399871826172,105.05599975585938,106.7480010986328,106.7480010986328,11231000
2021-06-21,106.26399993896484,107.5999984741211,105.00399780273438,106.9499969482422,106.9499969482422,5616500
2021-06-22,107.1999969482422,109.4000015258789,107.0,109.20600128173828,109.20600128173828,6416500
2021-06-23,109.0,110.1999969482422,108.5459976196289,110.04000091552734,110.04000091552734,4449500
2021-06-24,110.4000015258789,111.75,110.16200256347656,110.41400146484376,110.41400146484376,4985000
2021-06-25,111.052001953125,111.052001953125,108.39800262451172,108.9980010986328,108.9980010986328,7560000
2021-06-28,109.5999984741211,110.54199981689452,109.3499984741211,110.43399810791016,110.43399810791016,4077500
2021-06-29,111.0479965209961,112.37799835205078,110.50599670410156,111.71800231933594,111.71800231933594,5244000
2021-06-30,111.37799835205078,111.59200286865234,109.52200317382812,109.91000366210938,109.91000366210938,4211500
2021-07-01,109.0,110.0260009765625,107.9499969482422,109.03399658203124,109.03399658203124,5829000
2021-07-02,109.6500015258789,110.947998046875,109.44000244140624,110.36599731445312,110.36599731445312,3405500
2021-07-06,110.85800170898438,112.75800323486328,110.43800354003906,111.697998046875,111.697998046875,3975000
2021-07-07,112.18000030517578,112.6520004272461,110.61399841308594,112.3560028076172,112.3560028076172,5467500
2021-07-08,110.5500030517578,112.45800018310548,109.38999938964844,112.09400177001952,112.09400177001952,4710000
2021-07-09,111.94400024414062,113.46600341796876,111.17400360107422,113.27400207519533,113.27400207519533,4883000
2021-07-12,114.0,114.73400115966795,112.25,112.38600158691406,112.38600158691406,6396000
2021-07-13,112.1999969482422,113.2699966430664,111.0,111.86599731445312,111.86599731445312,4342000
2021-07-14,112.79199981689452,113.45999908447266,111.75599670410156,112.58799743652344,112.58799743652344,5667000
2021-07-15,112.6760025024414,113.34400177001952,110.91000366210938,111.65599822998048,111.65599822998048,4118000
2021-07-16,112.3040008544922,112.9260025024414,110.99199676513672,111.27200317382812,111.27200317382812,4705000
2021-07-19,110.3479995727539,111.0780029296875,109.0,111.01799774169922,111.01799774169922,5540000
2021-07-20,112.0,113.83200073242188,110.9219970703125,113.0500030517578,113.0500030517578,4353000
2021-07-21,112.4980010986328,113.4260025024414,111.70800018310548,113.4260025024414,113.4260025024414,3771000
2021-07-22,114.41600036621094,115.87999725341795,114.08999633789062,115.33999633789062,115.33999633789062,4692500
2021-07-23,116.0,117.6959991455078,115.56400299072266,117.23600006103516,117.23600006103516,4454500
2021-07-26,116.95999908447266,116.97000122070312,115.0019989013672,116.83999633789062,116.83999633789062,5221000
2021-07-27,116.8000030517578,117.3740005493164,114.93399810791016,116.45800018310548,116.45800018310548,7312000
2021-07-28,116.4000015258789,117.4000015258789,115.2020034790039,116.66999816894533,116.66999816894533,6146000
2021-07-29,116.91999816894533,121.75599670410156,116.91999816894533,117.28600311279295,117.28600311279295,12698000
2021-07-30,115.94200134277344,119.1780014038086,115.18800354003906,117.5780029296875,117.5780029296875,7830000
2021-08-02,117.5780029296875,118.34400177001952,115.802001953125,116.93399810791016,116.93399810791016,4505500
2021-08-03,116.97799682617188,118.16200256347656,115.46800231933594,116.93199920654295,116.93199920654295,4023000
2021-08-04,117.0,118.93800354003906,116.63400268554688,118.69400024414062,118.69400024414062,3848500
2021-08-05,119.0,119.4000015258789,117.8759994506836,119.0999984741211,119.0999984741211,2380500
2021-08-06,118.8000030517578,119.12000274658205,117.88600158691406,118.13600158691406,118.13600158691406,3546000
2021-08-09,117.98999786376952,118.45999908447266,117.05999755859376,117.59200286865234,117.59200286865234,4004500
2021-08-10,117.5999984741211,117.88800048828124,114.55599975585938,115.16000366210938,115.16000366210938,4147500
2021-08-11,115.68800354003906,116.22799682617188,113.31800079345705,114.04000091552734,114.04000091552734,4541000
2021-08-12,113.85399627685548,116.39800262451172,113.39800262451172,116.31400299072266,116.31400299072266,4331500
2021-08-13,115.80799865722656,117.59600067138672,115.50800323486328,117.56600189208984,117.56600189208984,3194000
2021-08-16,117.1999969482422,118.33599853515624,115.26399993896484,116.04399871826172,116.04399871826172,4064500
2021-08-17,115.88999938964844,116.81999969482422,114.8759994506836,116.447998046875,116.447998046875,3549000
2021-08-18,116.09400177001952,117.72000122070312,115.6959991455078,116.38999938964844,116.38999938964844,3709000
2021-08-19,115.9000015258789,118.26000213623048,115.5500030517578,117.38400268554688,117.38400268554688,3840000
2021-08-20,118.20999908447266,120.28199768066406,117.71399688720705,120.10399627685548,120.10399627685548,5017500
2021-08-23,120.4000015258789,124.1999969482422,120.4000015258789,123.88600158691406,123.88600158691406,7883000
2021-08-24,124.0,125.30599975585938,124.0,124.37000274658205,124.37000274658205,5080500
2021-08-25,124.5999984741211,125.5540008544922,123.33200073242188,124.21399688720705,124.21399688720705,4547500
2021-08-26,124.52400207519533,126.0459976196289,124.22000122070312,124.80599975585938,124.80599975585938,5481500
2021-08-27,125.0,127.1240005493164,124.80799865722656,126.4800033569336,126.4800033569336,4106000
2021-08-30,126.8000030517578,128.656005859375,126.697998046875,128.3300018310547,128.3300018310547,3987500
2021-08-31,129.0,129.5399932861328,127.91200256347656,128.72799682617188,128.72799682617188,6233000
2021-09-01,128.72000122070312,130.51199340820312,128.5,130.1699981689453,130.1699981689453,4683500
2021-09-02,130.8000030517578,132.3560028076172,130.47799682617188,132.06199645996094,132.06199645996094,6770000
2021-09-03,132.0,136.22000122070312,131.80999755859375,135.7259979248047,135.7259979248047,5729500
2021-09-07,135.7259979248047,135.8000030517578,132.04200744628906,132.21800231933594,132.21800231933594,7579000
2021-09-08,132.06199645996094,132.06199645996094,130.12600708007812,130.75999450683594,130.75999450683594,5565000
2021-09-09,131.156005859375,131.2740020751953,129.8000030517578,130.03799438476562,130.03799438476562,4011500
2021-09-10,130.6219940185547,131.15199279785156,129.34800720214844,129.5959930419922,129.5959930419922,3771500
2021-09-13,129.8000030517578,129.8159942626953,126.13400268554688,127.81600189208984,127.81600189208984,6311000
2021-09-14,128.3979949951172,129.70799255371094,128.1179962158203,129.08399963378906,129.08399963378906,3747000
2021-09-15,128.8179931640625,130.82400512695312,127.53399658203124,130.42999267578125,130.42999267578125,4016000
2021-09-16,130.05999755859375,131.4239959716797,128.93600463867188,131.27000427246094,131.27000427246094,3111500
2021-09-17,130.67799377441406,131.49200439453125,129.65199279785156,130.20599365234375,130.20599365234375,6490500
2021-09-20,128.8719940185547,130.11599731445312,128.0240020751953,129.74600219726562,129.74600219726562,4789000
2021-09-21,130.0,131.43600463867188,129.12600708007812,130.83999633789062,130.83999633789062,3776000
2021-09-22,131.60000610351562,133.10000610351562,130.13600158691406,132.52999877929688,132.52999877929688,4080500
2021-09-23,133.60000610351562,134.09800720214844,132.6020050048828,132.843994140625,132.843994140625,4357500
2021-09-24,132.4199981689453,133.39999389648438,131.0,133.26199340820312,133.26199340820312,2499000
2021-09-27,131.9759979248047,132.0,129.24200439453125,129.91200256347656,129.91200256347656,4512500
2021-09-28,126.73400115966795,127.36799621582033,122.0,122.50399780273438,122.50399780273438,9944000
2021-09-29,124.0,124.76799774169922,121.43599700927734,123.60399627685548,123.60399627685548,6143000
2021-09-30,124.04000091552734,125.39800262451172,123.64800262451172,124.4540023803711,124.4540023803711,4742000
2021-10-01,124.75599670410156,127.08200073242188,122.86599731445312,126.55999755859376,126.55999755859376,5244500
2021-10-04,127.08000183105467,127.61000061035156,121.8939971923828,123.59400177001952,123.59400177001952,5868500
2021-10-05,124.49400329589844,127.90799713134766,124.4000015258789,126.68399810791016,126.68399810791016,5331000
2021-10-06,125.46800231933594,127.1520004272461,124.27999877929688,125.87200164794922,125.87200164794922,5191500
2021-10-07,127.28600311279295,129.6719970703125,127.08599853515624,127.58399963378906,127.58399963378906,5107000
2021-10-08,128.0,128.73199462890625,123.38400268554688,123.51599884033205,123.51599884033205,8578000
2021-10-11,123.60399627685548,125.46199798583984,122.4280014038086,123.16999816894533,123.16999816894533,4575500
2021-10-12,124.47200012207033,126.5999984741211,124.0479965209961,125.82599639892578,125.82599639892578,3980000
2021-10-13,126.0,128.21600341796875,126.0,127.88200378417967,127.88200378417967,5554000
2021-10-14,130.0,132.552001953125,129.72000122070312,130.6060028076172,130.6060028076172,6630000
2021-10-15,131.3719940185547,133.1219940185547,130.97999572753906,132.63600158691406,132.63600158691406,4596500
2021-10-18,132.6999969482422,133.25999450683594,131.46600341796875,133.24400329589844,133.24400329589844,5673500
2021-10-19,134.47999572753906,137.53799438476562,134.45799255371094,136.0500030517578,136.0500030517578,7362500
2021-10-20,136.8459930419922,137.3459930419922,134.23599243164062,136.2220001220703,136.2220001220703,4362000
2021-10-21,136.0,137.45799255371094,135.37399291992188,137.26800537109375,137.26800537109375,3247500
2021-10-22,137.1999969482422,138.593994140625,136.6840057373047,137.3300018310547,137.3300018310547,4642500
2021-10-25,137.3300018310547,138.69400024414062,136.89999389648438,137.77000427246094,137.77000427246094,2930500
2021-10-26,138.53799438476562,138.60000610351562,135.11000061035156,135.3419952392578,135.3419952392578,5542500
2021-10-27,135.13999938964844,136.96600341796875,132.7220001220703,132.95199584960938,132.95199584960938,7502500
2021-10-28,134.302001953125,138.8000030517578,134.25999450683594,137.5399932861328,137.5399932861328,10566500
2021-10-29,137.27000427246094,139.68600463867188,136.42999267578125,139.552001953125,139.552001953125,5535500
2021-11-01,140.0,140.96400451660156,135.33200073242188,136.39599609375,136.39599609375,5817500
2021-11-02,137.197998046875,137.5,136.10000610351562,137.3179931640625,137.3179931640625,3413000
2021-11-03,137.82000732421875,137.82000732421875,134.44400024414062,137.53399658203125,137.53399658203125,3312500
2021-11-04,138.0,141.52000427246094,137.8280029296875,140.3459930419922,140.3459930419922,4167500
2021-11-05,140.39999389648438,140.54800415039062,137.3800048828125,138.40199279785156,138.40199279785156,2980500
2021-11-08,138.74400329589844,139.3179931640625,137.8300018310547,138.45599365234375,138.45599365234375,3990500
2021-11-09,139.06199645996094,139.45599365234375,137.1199951171875,138.25399780273438,138.25399780273438,2499000
2021-11-10,137.35800170898438,137.58599853515625,132.76400756835938,134.1820068359375,134.1820068359375,6399000
2021-11-11,135.93800354003906,136.26800537109375,134.7779998779297,135.85000610351562,135.85000610351562,5075000
2021-11-12,137.0,138.34800720214844,136.28799438476562,138.27999877929688,138.27999877929688,4958500
2021-11-15,137.89199829101562,137.97999572753906,135.74200439453125,136.51400756835938,136.51400756835938,4060000
2021-11-16,136.9980010986328,138.51199340820312,136.4219970703125,138.50999450683594,138.50999450683594,4633500
2021-11-17,138.86599731445312,139.1219940185547,136.77999877929688,136.98599243164062,136.98599243164062,3457500
2021-11-18,136.49400329589844,136.91200256347656,134.8280029296875,135.16799926757812,135.16799926757812,3757000
2021-11-19,136.06199645996094,137.45199584960938,134.83599853515625,135.19400024414062,135.19400024414062,5256500
2021-11-22,135.14199829101562,136.79200744628906,130.27200317382812,131.2760009765625,131.2760009765625,5971000
2021-11-23,130.0,130.88600158691406,125.48200225830078,127.38200378417967,127.38200378417967,9223500
2021-11-24,125.99199676513672,129.88400268554688,124.8280029296875,129.86199951171875,129.86199951171875,4185000
2021-11-26,128.9040069580078,132.21400451660156,128.9040069580078,129.91000366210938,129.91000366210938,3647500
2021-11-29,131.92599487304688,135.3000030517578,130.2220001220703,134.56399536132812,134.56399536132812,5407000
2021-11-30,134.92599487304688,135.9239959716797,128.52999877929688,129.5399932861328,129.5399932861328,10732000
2021-12-01,130.07200622558594,131.5919952392578,119.86799621582033,119.91400146484376,119.91400146484376,11590500
2021-12-02,119.91400146484376,125.16000366210938,119.72799682617188,124.67400360107422,124.67400360107422,7300000
2021-12-03,125.53800201416016,125.7519989013672,118.63200378417967,122.62200164794922,122.62200164794922,9274000
2021-12-06,120.31600189208984,123.93199920654295,118.80999755859376,123.30799865722656,123.30799865722656,7201500
2021-12-07,126.197998046875,133.6320037841797,126.0,132.67799377441406,132.67799377441406,9250000
2021-12-08,132.0,134.593994140625,130.2100067138672,133.16200256347656,133.16200256347656,4651000
2021-12-09,133.1999969482422,133.82200622558594,128.25,128.42999267578125,128.42999267578125,5445500
2021-12-10,129.43800354003906,131.63600158691406,128.0399932861328,129.39999389648438,129.39999389648438,4251500
2021-12-13,128.92999267578125,132.23399353027344,128.53399658203125,131.18800354003906,131.18800354003906,4997500
2021-12-14,128.41799926757812,129.3800048828125,121.43800354003906,124.93800354003906,124.93800354003906,8298500
2021-12-15,125.33200073242188,129.61399841308594,124.91600036621094,129.4080047607422,129.4080047607422,7907500
2021-12-16,127.87799835205078,128.75999450683594,121.33799743652344,121.7959976196289,121.7959976196289,7941500
2021-12-17,119.33999633789062,124.12999725341795,117.40399932861328,123.1259994506836,123.1259994506836,17093500
2021-12-20,121.0,122.81199645996094,120.24400329589844,121.0739974975586,121.0739974975586,4983500
2021-12-21,122.5,127.06800079345705,121.0,126.26399993896484,126.26399993896484,5645500
2021-12-22,126.29199981689452,129.7779998779297,125.12000274658205,128.78599548339844,128.78599548339844,5053500
2021-12-23,129.19200134277344,130.33799743652344,128.20599365234375,129.71400451660156,129.71400451660156,3323500
2021-12-27,131.1959991455078,132.99000549316406,130.3939971923828,132.656005859375,132.656005859375,3404500
2021-12-28,133.5279998779297,133.5279998779297,130.60000610351562,130.8000030517578,130.8000030517578,2411000
2021-12-29,131.03599548339844,131.77200317382812,129.20399475097656,130.91600036621094,130.91600036621094,2209000
2021-12-30,131.24000549316406,132.63400268554688,130.76800537109375,130.9080047607422,130.9080047607422,2454500
2021-12-31,130.4040069580078,131.71800231933594,129.7740020751953,129.82200622558594,129.82200622558594,2323000
2022-01-03,129.6320037841797,130.28199768066406,125.08399963378906,126.02799987792967,126.02799987792967,5218500
2022-01-04,125.6780014038086,125.76399993896484,115.3939971923828,120.78800201416016,120.78800201416016,14903000
2022-01-05,117.8000030517578,121.5,114.2959976196289,114.552001953125,114.552001953125,10480500
2022-01-06,113.4800033569336,117.88999938964844,111.0,114.80799865722656,114.80799865722656,8372500
2022-01-07,114.13800048828124,117.11599731445312,111.66600036621094,113.27799987792967,113.27799987792967,5952500
2022-01-10,110.0199966430664,114.62000274658205,107.16200256347656,114.4000015258789,114.4000015258789,9838000
2022-01-11,113.97599792480467,116.0479965209961,112.3499984741211,115.68800354003906,115.68800354003906,6700000
2022-01-12,117.46399688720705,118.3040008544922,113.92400360107422,114.6780014038086,114.6780014038086,8586000
2022-01-13,115.00399780273438,115.16799926757812,104.0,104.2519989013672,104.2519989013672,19524500
2022-01-14,104.2519989013672,107.70800018310548,102.93199920654295,106.2040023803711,106.2040023803711,16188000
2022-01-18,104.94000244140624,108.89199829101562,103.51799774169922,104.46800231933594,104.46800231933594,11933000
2022-01-19,105.08399963378906,108.74600219726562,104.12799835205078,104.25800323486328,104.25800323486328,12852500
2022-01-20,106.44200134277344,108.55999755859376,102.74400329589844,103.0,103.0,9428000
2022-01-21,102.0,105.7760009765625,101.4260025024414,101.5479965209961,101.5479965209961,13028000
2022-01-24,100.05799865722656,105.52400207519533,96.88600158691406,105.16799926757812,105.16799926757812,17102500
2022-01-25,103.08999633789062,103.5199966430664,96.88800048828124,99.01599884033205,99.01599884033205,14393500
2022-01-26,102.8560028076172,104.197998046875,95.87000274658205,96.88400268554688,96.88400268554688,17376500
2022-01-27,110.70600128173828,111.39800262451172,103.62799835205078,105.73799896240234,105.73799896240234,27530500
2022-01-28,105.73799896240234,112.6999969482422,101.55999755859376,112.21600341796876,112.21600341796876,19039000
2022-01-31,113.4540023803711,117.68000030517578,112.99199676513672,117.15599822998048,117.15599822998048,13270500
2022-02-01,116.9800033569336,118.14199829101562,115.39199829101562,117.30799865722656,117.30799865722656,9208500
2022-02-02,118.97000122070312,118.97000122070312,114.61599731445312,116.2300033569336,116.2300033569336,6566000
2022-02-03,113.64199829101562,116.40799713134766,111.86000061035156,112.16999816894533,112.16999816894533,6779000
2022-02-04,111.9980010986328,117.4739990234375,110.95600128173828,115.50399780273438,115.50399780273438,6252000
2022-02-07,115.5979995727539,117.68800354003906,114.09400177001952,114.63999938964844,114.63999938964844,4942500
2022-02-08,112.83999633789062,118.4000015258789,112.79399871826172,118.25399780273438,118.25399780273438,6982000
2022-02-09,119.7699966430664,122.86599731445312,119.5999984741211,122.79399871826172,122.79399871826172,8327000
2022-02-10,120.09400177001952,124.28199768066406,119.99199676513672,122.09200286865234,122.09200286865234,9906500
2022-02-11,120.69000244140624,122.0,115.52400207519533,116.74400329589844,116.74400329589844,10700000
2022-02-14,115.77400207519533,117.86599731445312,114.83599853515624,115.91600036621094,115.91600036621094,6200000
2022-02-15,117.56199645996094,118.7760009765625,116.24400329589844,118.33200073242188,118.33200073242188,4935000
2022-02-16,117.16799926757812,118.6060028076172,115.2959976196289,118.1780014038086,118.1780014038086,5502000
2022-02-17,116.81600189208984,117.43199920654295,112.91799926757812,113.1500015258789,113.1500015258789,5346500
2022-02-18,113.19200134277344,113.8000030517578,110.3040008544922,111.2020034790039,111.2020034790039,6383500
2022-02-22,108.81400299072266,112.38999938964844,107.87999725341795,110.02999877929688,110.02999877929688,5810000
2022-02-23,110.02999877929688,110.68399810791016,104.53199768066406,104.94000244140624,104.94000244140624,9319500
2022-02-24,101.6500015258789,115.19400024414062,100.49199676513672,114.79000091552734,114.79000091552734,11838000
2022-02-25,113.79199981689452,116.05999755859376,112.80999755859376,116.0459976196289,116.0459976196289,5269500
2022-02-28,115.63999938964844,117.10800170898438,114.18399810791016,115.98400115966795,115.98400115966795,7480500
2022-03-01,116.76399993896484,119.91600036621094,113.35800170898438,114.21399688720705,114.21399688720705,7942500
2022-03-02,115.66400146484376,118.1520004272461,112.00399780273438,117.41200256347656,117.41200256347656,5450500
2022-03-03,118.40399932861328,118.66600036621094,111.33999633789062,112.46199798583984,112.46199798583984,7343000
2022-03-04,111.0979995727539,113.81999969482422,108.48200225830078,109.41400146484376,109.41400146484376,6907000
2022-03-07,110.67400360107422,112.62000274658205,103.73600006103516,103.92400360107422,103.92400360107422,10728000
2022-03-08,102.0,107.18000030517578,100.89199829101562,103.63999938964844,103.63999938964844,7397500
2022-03-09,107.29199981689452,113.15599822998048,106.62200164794922,111.91600036621094,111.91600036621094,8238500
2022-03-10,109.71600341796876,110.38400268554688,106.18399810791016,106.71800231933594,106.71800231933594,8821500
2022-03-11,108.52799987792967,108.91000366210938,102.27200317382812,102.43000030517578,102.43000030517578,6144500
2022-03-14,102.99199676513672,105.26399993896484,98.41000366210938,99.0199966430664,99.0199966430664,8188000
2022-03-15,100.03600311279295,103.5199966430664,98.26200103759766,102.84400177001952,102.84400177001952,6658000
2022-03-16,105.7020034790039,109.7519989013672,103.47799682617188,109.4800033569336,109.4800033569336,9127000
2022-03-17,108.07599639892578,113.59400177001952,108.07599639892578,113.33599853515624,113.33599853515624,6424000
2022-03-18,115.5199966430664,116.77200317382812,113.3499984741211,115.97599792480467,115.97599792480467,11542500
2022-03-21,115.0,116.12200164794922,111.0739974975586,113.95999908447266,113.95999908447266,7081500
2022-03-22,114.14199829101562,119.5479965209961,114.0199966430664,117.73200225830078,117.73200225830078,6755000
2022-03-23,114.72799682617188,115.96600341796876,112.49400329589844,113.59200286865234,113.59200286865234,5564500
2022-03-24,114.0,116.5459976196289,112.46199798583984,116.21800231933594,116.21800231933594,4927500
2022-03-25,116.20800018310548,116.72200012207033,111.36000061035156,112.3740005493164,112.3740005493164,6785500
2022-03-28,113.46600341796876,116.7760009765625,112.39600372314452,116.552001953125,116.552001953125,6531500
2022-03-29,118.04399871826172,120.3239974975586,115.52799987792967,119.5500030517578,119.5500030517578,6589500
2022-03-30,118.02400207519533,118.20999908447266,114.1439971923828,114.7979965209961,114.7979965209961,7574000
2022-03-31,114.7979965209961,115.39800262451172,111.27799987792967,111.37799835205078,111.37799835205078,10197000
2022-04-01,111.22000122070312,112.3040008544922,108.80599975585938,109.73799896240234,109.73799896240234,9659000
2022-04-04,109.5999984741211,115.16200256347656,109.3040008544922,114.96399688720705,114.96399688720705,7663500
2022-04-05,114.0,114.2959976196289,110.15799713134766,110.6439971923828,110.6439971923828,5778500
2022-04-06,108.56400299072266,108.56400299072266,103.93599700927734,105.58999633789062,105.58999633789062,8124500
2022-04-07,105.1259994506836,108.37999725341795,103.98799896240234,105.95600128173828,105.95600128173828,5777500
2022-04-08,105.0,105.8759994506836,102.84400177001952,103.12000274658205,103.12000274658205,6205000
2022-04-11,101.5739974975586,103.9540023803711,99.91400146484376,102.28399658203124,102.28399658203124,7114000
2022-04-12,104.51799774169922,106.82599639892578,101.79000091552734,102.04199981689452,102.04199981689452,8622000
2022-04-13,102.81400299072266,105.92400360107422,102.16200256347656,105.21399688720705,105.21399688720705,6946500
2022-04-14,104.9800033569336,105.18199920654295,101.34400177001952,101.46600341796876,101.46600341796876,6044000
2022-04-18,101.33399963378906,101.33399963378906,98.68000030517578,99.50599670410156,99.50599670410156,6549500
2022-04-19,99.75599670410156,104.1439971923828,98.41400146484376,102.87999725341795,102.87999725341795,7547500
2022-04-20,104.0719985961914,104.41999816894533,100.59600067138672,101.04399871826172,101.04399871826172,5947000
2022-04-21,102.30999755859376,104.33799743652344,97.76799774169922,98.33399963378906,98.33399963378906,7071500
2022-04-22,98.69000244140624,99.5459976196289,93.81999969482422,94.27999877929688,94.27999877929688,8805000
2022-04-25,92.9499969482422,95.47599792480467,92.85199737548828,94.4540023803711,94.4540023803711,9075500
2022-04-26,94.38400268554688,94.43199920654295,90.78399658203124,91.1999969482422,91.1999969482422,9471000
2022-04-27,92.5479965209961,94.88200378417967,91.88600158691406,93.25800323486328,93.25800323486328,13400500
2022-04-28,101.5999984741211,102.8000030517578,96.9520034790039,100.8040008544922,100.8040008544922,18817000
2022-04-29,97.83599853515624,101.7979965209961,95.41600036621094,95.62000274658205,95.62000274658205,7276000
2022-05-02,94.93800354003906,97.06199645996094,93.8040008544922,96.9000015258789,96.9000015258789,7055000
2022-05-03,96.39600372314452,97.6780014038086,93.92400360107422,96.37200164794922,96.37200164794922,6524500
2022-05-04,97.0479965209961,100.22200012207033,92.01799774169922,99.89199829101562,99.89199829101562,9247500
2022-05-05,98.97799682617188,99.09600067138672,92.39600372314452,93.86599731445312,93.86599731445312,9589500
2022-05-06,92.51200103759766,93.69400024414062,87.6240005493164,91.3479995727539,91.3479995727539,9826500
2022-05-09,88.5999984741211,90.06199645996094,84.52200317382812,85.17400360107422,85.17400360107422,14239500
2022-05-10,88.19999694824219,88.88200378417969,83.31199645996094,86.46399688720703,86.46399688720703,9477500
2022-05-11,85.23400115966797,89.59600067138672,83.74199676513672,84.0719985961914,84.0719985961914,9473500
2022-05-12,83.71800231933594,88.62200164794922,81.29399871826172,86.58799743652344,86.58799743652344,13509500
2022-05-13,87.5479965209961,91.93800354003906,87.26799774169922,90.52999877929688,90.52999877929688,10467500
2022-05-16,89.25,90.35800170898438,86.15599822998047,86.58599853515625,86.58599853515625,8314000
2022-05-17,89.18399810791016,90.2959976196289,83.41200256347656,86.56999969482422,86.56999969482422,10688000
2022-05-18,85.69999694824219,86.92400360107422,81.64399719238281,82.44999694824219,82.44999694824219,8893500
2022-05-19,82.89600372314453,87.14399719238281,82.06400299072266,85.35199737548828,85.35199737548828,10223500
2022-05-20,87.53399658203125,89.33599853515625,83.9739990234375,86.60600280761719,86.60600280761719,8626500
2022-05-23,86.18399810791016,87.78600311279297,84.86199951171875,86.02400207519531,86.02400207519531,9763500
2022-05-24,85.30000305175781,86.02200317382812,82.20800018310547,83.93000030517578,83.93000030517578,8662500
2022-05-25,84.69000244140625,91.5199966430664,84.3740005493164,90.45800018310548,90.45800018310548,16292000
2022-05-26,90.02799987792969,92.1500015258789,88.80000305175781,90.9739990234375,90.9739990234375,8949500
2022-05-27,92.63800048828124,95.99400329589844,92.5780029296875,95.25800323486328,95.25800323486328,9751000
2022-05-31,94.41000366210938,95.2760009765625,92.52999877929688,93.49400329589844,93.49400329589844,12059000
2022-06-01,98.20800018310548,99.39600372314452,94.14600372314452,95.0260009765625,95.0260009765625,8349500
2022-06-02,93.93199920654295,102.14600372314452,93.93199920654295,100.95999908447266,100.95999908447266,10023500
2022-06-03,99.16799926757812,101.13200378417967,96.94000244140624,98.49600219726562,98.49600219726562,5644500
2022-06-06,99.40399932861328,100.2020034790039,97.4800033569336,98.50800323486328,98.50800323486328,4721500
2022-06-07,97.54000091552734,102.08999633789062,97.04000091552734,101.28600311279295,101.28600311279295,6485000
2022-06-08,100.38400268554688,101.87200164794922,100.1060028076172,101.08399963378906,101.08399963378906,5577000
2022-06-09,100.1259994506836,101.55599975585938,98.38800048828124,98.44400024414062,98.44400024414062,4766000
2022-06-10,96.5459976196289,97.58000183105467,93.76000213623048,94.62999725341795,94.62999725341795,6218000
2022-06-13,90.0,91.7699966430664,87.80000305175781,88.0739974975586,88.0739974975586,7466500
2022-06-14,88.37999725341797,90.3040008544922,87.5739974975586,88.94999694824219,88.94999694824219,5394000
2022-06-15,89.90399932861328,95.09200286865234,89.81400299072266,93.19000244140624,93.19000244140624,9754000
2022-06-16,89.53800201416016,91.1240005493164,84.83399963378906,85.61599731445312,85.61599731445312,15154500
2022-06-17,86.0260009765625,90.20999908447266,85.80599975585938,88.75800323486328,88.75800323486328,11812000
2022-06-21,89.97200012207031,92.30799865722656,89.97000122070312,91.0540008544922,91.0540008544922,5681000
2022-06-22,90.04199981689453,93.22000122070312,89.66600036621094,91.7300033569336,91.7300033569336,4919000
2022-06-23,93.25800323486328,97.3499984741211,93.25800323486328,97.1060028076172,97.1060028076172,7197000
2022-06-24,99.03199768066406,101.2760009765625,98.7979965209961,100.81800079345705,100.81800079345705,8501000
2022-06-27,101.27400207519533,101.94000244140624,97.84600067138672,99.33999633789062,99.33999633789062,5636000
2022-06-28,99.33999633789062,100.052001953125,94.2040023803711,94.68800354003906,94.68800354003906,6272000
2022-06-29,94.72200012207033,96.69200134277344,93.5,95.55799865722656,95.55799865722656,4892500
2022-06-30,94.5479965209961,95.98400115966795,91.9280014038086,95.10399627685548,95.10399627685548,8870500
2022-07-01,94.98600006103516,97.08999633789062,93.81800079345705,96.87200164794922,96.87200164794922,7529000
2022-07-05,96.04199981689452,99.5,94.802001953125,99.18599700927734,99.18599700927734,7318000
2022-07-06,100.0739974975586,101.29000091552734,97.58000183105467,98.66200256347656,98.66200256347656,5267500
2022-07-07,98.03399658203124,100.38200378417967,98.03399658203124,99.41000366210938,99.41000366210938,6259500
2022-07-08,97.8560028076172,99.88400268554688,97.16600036621094,98.83000183105467,98.83000183105467,7431000
2022-07-11,97.79399871826172,99.10800170898438,96.12000274658205,98.08000183105467,98.08000183105467,4795500
2022-07-12,92.25,93.34600067138672,84.95800018310547,85.58799743652344,85.58799743652344,34321500
2022-07-13,83.2020034790039,86.94200134277344,82.33200073242188,84.55400085449219,84.55400085449219,15932000
2022-07-14,83.30000305175781,86.08599853515625,81.5,84.19400024414062,84.19400024414062,10826500
2022-07-15,86.2699966430664,88.1520004272461,85.51799774169922,87.1240005493164,87.1240005493164,10787000
2022-07-18,87.51799774169922,88.49600219726562,85.2020034790039,85.3479995727539,85.3479995727539,9056500
2022-07-19,86.44400024414062,87.38200378417969,84.052001953125,87.18800354003906,87.18800354003906,7114000
2022-07-20,88.58000183105469,91.65799713134766,88.197998046875,91.37000274658205,91.37000274658205,7318000
2022-07-21,89.87999725341797,92.16600036621094,88.00199890136719,92.05799865722656,92.05799865722656,10239500
2022-07-22,92.12200164794922,93.1760025024414,88.76799774169922,89.35399627685547,89.35399627685547,6256500
2022-07-25,89.08599853515625,89.13800048828125,87.33200073242188,88.0,88.0,5156500
2022-07-26,88.72000122070312,88.72000122070312,83.55599975585938,84.56400299072266,84.56400299072266,9172500
2022-07-27,86.41000366210938,90.0260009765625,85.72599792480469,89.72000122070312,89.72000122070312,11276000
2022-07-28,86.24600219726562,89.26200103759766,84.73799896240234,87.30000305175781,87.30000305175781,19571000
2022-07-29,85.84600067138672,89.75399780273438,85.28600311279297,89.33200073242188,89.33200073242188,10098000
2022-08-01,87.7979965209961,91.11399841308594,87.13999938964844,90.75399780273438,90.75399780273438,8647500
2022-08-02,88.93199920654297,92.21399688720705,88.44999694824219,90.88800048828124,90.88800048828124,5564500
2022-08-03,92.1500015258789,94.58200073242188,91.43199920654295,94.29000091552734,94.29000091552734,7002500
2022-08-04,93.55799865722656,99.09600067138672,92.72599792480467,98.5999984741211,98.5999984741211,16632500
2022-08-05,95.61599731445312,100.65399932861328,95.052001953125,98.97000122070312,98.97000122070312,14888500
2022-08-08,99.0199966430664,100.6959991455078,98.39800262451172,98.98999786376952,98.98999786376952,8184500
2022-08-09,98.45600128173828,99.5540008544922,96.697998046875,97.49199676513672,97.49199676513672,4916500
2022-08-10,100.39199829101562,103.3239974975586,100.1959991455078,103.23999786376952,103.23999786376952,9159500
2022-08-11,104.0,104.31600189208984,99.48400115966795,99.88999938964844,99.88999938964844,7409000
2022-08-12,100.88800048828124,101.5999984741211,98.5979995727539,101.302001953125,101.302001953125,8311000
2022-08-15,100.4000015258789,102.1999969482422,99.71199798583984,100.81400299072266,100.81400299072266,4964500
2022-08-16,99.8000030517578,100.08000183105467,98.30999755859376,99.3479995727539,99.3479995727539,7162000
2022-08-17,97.8000030517578,98.73200225830078,97.09600067138672,97.7519989013672,97.7519989013672,4377000
2022-08-18,97.27200317382812,98.09200286865234,96.04399871826172,97.91999816894533,97.91999816894533,4908000
2022-08-19,96.83399963378906,96.93800354003906,94.66400146484376,95.2519989013672,95.2519989013672,4907000
2022-08-22,93.31400299072266,93.8479995727539,91.15399932861328,91.94200134277344,91.94200134277344,5096500
2022-08-23,91.9980010986328,92.81400299072266,91.2760009765625,91.9980010986328,91.9980010986328,3951000
2022-08-24,92.05799865722656,92.68399810791016,91.03199768066406,91.50399780273438,91.50399780273438,4176500
2022-08-25,91.27999877929688,93.26599884033205,90.66000366210938,93.20600128173828,93.20600128173828,5283500
2022-08-26,93.45800018310548,93.5,88.93399810791016,88.93800354003906,88.93800354003906,4490000
2022-08-29,88.0,89.51599884033203,87.10199737548828,87.15599822998047,87.15599822998047,4299500
2022-08-30,88.5,88.81600189208984,85.9020004272461,87.36799621582031,87.36799621582031,4802500
2022-08-31,88.0,89.19999694824219,86.76799774169922,86.92400360107422,86.92400360107422,6980000
2022-09-01,85.96199798583984,86.33999633789062,83.33599853515625,86.11199951171875,86.11199951171875,7897000
2022-09-02,87.67400360107422,89.49800109863281,86.25599670410156,86.9020004272461,86.9020004272461,7788500
2022-09-06,86.02200317382812,87.552001953125,84.87000274658203,86.09400177001953,86.09400177001953,4799000
2022-09-07,86.197998046875,89.27799987792969,86.04000091552734,88.83200073242188,88.83200073242188,4409000
2022-09-08,87.80799865722656,90.6500015258789,87.61599731445312,90.15399932861328,90.15399932861328,6056500
2022-09-09,91.61599731445312,94.38400268554688,91.5019989013672,94.00599670410156,94.00599670410156,6960000
2022-09-12,95.04000091552734,96.53800201416016,93.85199737548828,95.25800323486328,95.25800323486328,5875000
2022-09-13,90.0,91.6760025024414,89.87999725341797,90.47599792480467,90.47599792480467,7248000
2022-09-14,90.8740005493164,92.11399841308594,89.64199829101562,91.4980010986328,91.4980010986328,5157500
2022-09-15,88.98400115966797,91.56199645996094,86.84200286865234,87.11000061035156,87.11000061035156,9825000
2022-09-16,86.29399871826172,86.802001953125,84.22200012207031,85.16000366210938,85.16000366210938,10690500
2022-09-19,84.55999755859375,85.30000305175781,83.76799774169922,85.01000213623047,85.01000213623047,4428000
2022-09-20,84.30000305175781,84.30000305175781,82.2020034790039,82.23999786376953,82.23999786376953,8290500
2022-09-21,83.03800201416016,83.78800201416016,80.27799987792969,80.28600311279297,80.28600311279297,12609500
2022-09-22,79.9739990234375,80.89199829101562,77.33999633789062,77.39399719238281,77.39399719238281,12089500
2022-09-23,76.58599853515625,77.46600341796875,74.87200164794922,75.40799713134766,75.40799713134766,11061000
2022-09-26,75.2959976196289,76.52200317382812,73.54199981689453,74.0199966430664,74.0199966430664,11886000
2022-09-27,75.35199737548828,75.86000061035156,74.23999786376953,75.79000091552734,75.79000091552734,10637000
2022-09-28,75.68800354003906,78.0780029296875,75.28399658203125,77.7699966430664,77.7699966430664,7694000
2022-09-29,76.57599639892578,77.26200103759766,75.5479965209961,77.0999984741211,77.0999984741211,7487000
2022-09-30,77.0,79.21600341796875,75.43599700927734,75.52200317382812,75.52200317382812,9128500
2022-10-03,76.01599884033203,78.80400085449219,74.94599914550781,78.34200286865234,78.34200286865234,11638000
2022-10-04,80.4260025024414,82.73200225830078,80.16600036621094,82.30999755859375,82.30999755859375,9894000
2022-10-05,80.55000305175781,85.1500015258789,80.4020004272461,84.11599731445312,84.11599731445312,8859000
2022-10-06,84.42400360107422,86.6780014038086,83.30799865722656,83.68599700927734,83.68599700927734,8718000
2022-10-07,82.0,82.48600006103516,79.79199981689453,80.24199676513672,80.24199676513672,6177500
2022-10-10,80.27799987792969,80.44200134277344,75.43000030517578,76.35600280761719,76.35600280761719,8951500
2022-10-11,76.33000183105469,76.34400177001953,73.3759994506836,74.26000213623047,74.26000213623047,10214000
2022-10-12,74.49800109863281,75.26200103759766,73.18800354003906,73.82599639892578,73.82599639892578,9183000
2022-10-13,69.55000305175781,73.31400299072266,67.4000015258789,72.37999725341797,72.37999725341797,13700000
2022-10-14,73.2040023803711,73.37000274658203,68.18000030517578,68.35199737548828,68.35199737548828,16005500
2022-10-17,70.28600311279297,71.7760009765625,69.50199890136719,69.72200012207031,69.72200012207031,12858000
2022-10-18,72.46800231933594,73.49400329589844,70.20999908447266,71.35800170898438,71.35800170898438,10497000
2022-10-19,70.14199829101562,71.97200012207031,70.10399627685547,71.08799743652344,71.08799743652344,6921000
2022-10-20,71.22599792480469,73.29399871826172,70.20800018310547,71.25199890136719,71.25199890136719,8278500
2022-10-21,70.66200256347656,72.3280029296875,69.45800018310547,72.13400268554688,72.13400268554688,7256500
2022-10-24,73.5999984741211,74.18000030517578,71.8499984741211,73.31199645996094,73.31199645996094,8328500
2022-10-25,73.71600341796875,75.5,73.0,75.33200073242188,75.33200073242188,10662500
2022-10-26,70.76000213623047,76.51599884033203,70.19999694824219,73.28199768066406,73.28199768066406,18000000
2022-10-27,85.39199829101562,85.5260009765625,81.72200012207031,83.13400268554688,83.13400268554688,28129000
2022-10-28,83.24600219726562,84.28800201416016,80.75399780273438,84.08000183105469,84.08000183105469,15611000
2022-10-31,83.5999984741211,85.64600372314453,82.98200225830078,84.14800262451172,84.14800262451172,9492500
2022-11-01,85.41600036621094,86.0479965209961,83.31999969482422,83.71199798583984,83.71199798583984,6799500
2022-11-02,83.86599731445312,83.86599731445312,78.46800231933594,78.53600311279297,78.53600311279297,8858500
2022-11-03,78.1240005493164,79.1240005493164,76.97200012207031,77.11199951171875,77.11199951171875,6895500
2022-11-04,77.7020034790039,77.98600006103516,70.83599853515625,72.3499984741211,72.3499984741211,14191500
2022-11-07,73.0,73.01599884033203,70.25,72.63999938964844,72.63999938964844,8592000
2022-11-08,73.0,75.05799865722656,71.81999969482422,74.22799682617188,74.22799682617188,7861500
2022-11-09,73.0,73.76599884033203,72.23999786376953,72.25399780273438,72.25399780273438,5763000
2022-11-10,78.6520004272461,82.11000061035156,78.12799835205078,80.81199645996094,80.81199645996094,14567500
2022-11-11,81.39800262451172,84.89199829101562,80.94400024414062,81.98200225830078,81.98200225830078,10721500
2022-11-14,80.302001953125,81.31999969482422,78.24400329589844,80.08000183105469,80.08000183105469,7794500
2022-11-15,82.84200286865234,85.0780029296875,82.84200286865234,83.89600372314453,83.89600372314453,9238000
2022-11-16,83.08000183105469,83.5,81.08399963378906,82.44000244140625,82.44000244140625,5841500
2022-11-17,80.56999969482422,81.75399780273438,79.56999969482422,80.11599731445312,80.11599731445312,7628000
2022-11-18,81.58200073242188,82.0,78.85600280761719,79.8759994506836,79.8759994506836,6026500
2022-11-21,78.83999633789062,79.19400024414062,76.5,77.47599792480469,77.47599792480469,6676000
2022-11-22,77.89800262451172,80.38600158691406,76.80999755859375,80.05599975585938,80.05599975585938,6877500
2022-11-23,79.96800231933594,82.12000274658203,79.3499984741211,81.8740005493164,81.8740005493164,5204000
2022-11-25,81.33599853515625,81.9219970703125,80.7959976196289,81.44200134277344,81.44200134277344,2007000
2022-11-28,80.78800201416016,81.24400329589844,79.49600219726562,80.38600158691406,80.38600158691406,5231500
2022-11-29,80.17400360107422,80.43399810791016,78.93599700927734,79.37000274658203,79.37000274658203,5098000
2022-11-30,78.8219985961914,83.4540023803711,78.60199737548828,83.26000213623047,83.26000213623047,10441000
2022-12-01,83.23200225830078,86.28399658203125,82.94400024414062,85.12000274658203,85.12000274658203,8899000
2022-12-02,83.44599914550781,84.31999969482422,81.94599914550781,82.5739974975586,82.5739974975586,6224500
2022-12-05,81.19999694824219,81.9739990234375,77.03399658203125,78.4520034790039,78.4520034790039,8584000
2022-12-06,78.447998046875,78.96399688720703,76.31199645996094,77.83000183105469,77.83000183105469,7368000
2022-12-07,77.85399627685547,79.16000366210938,77.01000213623047,77.7040023803711,77.7040023803711,5061500
2022-12-08,78.41799926757812,79.60800170898438,77.04399871826172,79.24600219726562,79.24600219726562,5162000
2022-12-09,78.81400299072266,80.65399932861328,78.61000061035156,78.71600341796875,78.71600341796875,4192500
2022-12-12,79.11199951171875,81.41200256347656,78.94200134277344,80.3280029296875,80.3280029296875,7379500
2022-12-13,84.88600158691406,86.43399810791016,82.0199966430664,83.23400115966797,83.23400115966797,9725000
2022-12-14,83.302001953125,85.84600067138672,82.30999755859375,83.6780014038086,83.6780014038086,7478500
2022-12-15,81.6500015258789,82.77400207519531,79.94200134277344,80.12799835205078,80.12799835205078,5811000
2022-12-16,79.96600341796875,80.87200164794922,78.4280014038086,78.8740005493164,78.8740005493164,9362500
2022-12-19,78.86000061035156,79.5979995727539,76.2020034790039,76.45999908447266,76.45999908447266,6984000
2022-12-20,75.30000305175781,77.67400360107422,75.16400146484375,77.29399871826172,77.29399871826172,4774000
2022-12-21,77.4260025024414,79.0719985961914,76.2300033569336,78.38200378417969,78.38200378417969,4816000
2022-12-22,76.79399871826172,77.35399627685547,74.7300033569336,75.98799896240234,75.98799896240234,6415000
2022-12-23,75.0,76.37999725341797,74.29399871826172,76.37200164794922,76.37200164794922,4283000
2022-12-27,76.02999877929688,76.76599884033203,74.8219985961914,76.12799835205078,76.12799835205078,4144500
2022-12-28,76.08599853515625,77.1240005493164,74.5479965209961,75.20999908447266,75.20999908447266,3860500
2022-12-29,76.19000244140625,78.42400360107422,75.802001953125,77.97000122070312,77.97000122070312,4602500
2022-12-30,76.76000213623047,77.93399810791016,76.45800018310547,77.65399932861328,77.65399932861328,3496500
2023-01-03,79.01599884033203,79.7300033569336,76.12999725341797,77.0999984741211,77.0999984741211,5440000
2023-01-04,78.19000244140625,79.41200256347656,76.947998046875,78.7699966430664,78.7699966430664,7024500
2023-01-05,77.69000244140625,77.94000244140625,73.05000305175781,73.26399993896484,73.26399993896484,8950000
2023-01-06,74.31800079345703,74.31800079345703,70.7239990234375,73.30599975585938,73.30599975585938,13383500
2023-01-09,74.7760009765625,78.5979995727539,74.63800048828125,75.71199798583984,75.71199798583984,10439000
2023-01-10,74.8740005493164,76.75399780273438,74.8740005493164,76.16799926757812,76.16799926757812,5323000
2023-01-11,76.96399688720703,78.78399658203125,76.64199829101562,78.75599670410156,78.75599670410156,6292000
2023-01-12,81.96600341796875,84.16799926757812,79.16999816894531,82.6520004272461,82.6520004272461,11570000
2023-01-13,81.73400115966797,83.47000122070312,81.61199951171875,82.97799682617188,82.97799682617188,5590500
2023-01-17,83.0,83.88400268554688,81.58999633789062,83.64800262451172,83.64800262451172,6743500
2023-01-18,84.15799713134766,86.30000305175781,82.9280014038086,83.23999786376953,83.23999786376953,8633500
2023-01-19,83.2040023803711,86.85399627685547,83.05999755859375,85.68599700927734,85.68599700927734,13394500
2023-01-20,85.83999633789062,88.64800262451172,85.71600341796875,88.36599731445312,88.36599731445312,7613500
2023-01-23,88.19999694824219,90.15599822998048,87.35600280761719,88.48799896240234,88.48799896240234,9031500
2023-01-24,88.0,89.19200134277344,87.4000015258789,88.68199920654297,88.68199920654297,7077000
2023-01-25,85.74800109863281,89.85800170898438,85.45600128173828,89.75399780273438,89.75399780273438,17240500
2023-01-26,92.37200164794922,95.5459976196289,88.93199920654297,92.61399841308594,92.61399841308594,31754500
2023-01-27,91.49600219726562,93.4260025024414,90.33000183105467,91.77200317382812,91.77200317382812,11756500
2023-01-30,90.39800262451172,90.63600158691406,88.02400207519531,88.51399993896484,88.51399993896484,11596000
2023-01-31,88.90399932861328,91.0780029296875,88.46199798583984,91.0260009765625,91.0260009765625,10181000
2023-02-01,91.23799896240234,95.5019989013672,90.6520004272461,94.76200103759766,94.76200103759766,11307500
2023-02-02,96.95999908447266,98.92400360107422,95.89199829101562,98.25399780273438,98.25399780273438,11498500
2023-02-03,95.6259994506836,96.94000244140624,93.77999877929688,94.44400024414062,94.44400024414062,8753500
2023-02-06,91.10199737548828,93.03399658203124,90.5500030517578,91.04399871826172,91.04399871826172,12298500
2023-02-07,90.96600341796876,93.2480010986328,90.10199737548828,92.6520004272461,92.6520004272461,6713000
2023-02-08,92.91799926757812,94.44400024414062,92.19400024414062,92.7959976196289,92.7959976196289,7829500
2023-02-09,94.0500030517578,94.88600158691406,92.21199798583984,92.66000366210938,92.66000366210938,7613500
2023-02-10,91.72200012207033,92.197998046875,90.8740005493164,91.6719970703125,91.6719970703125,8278000
2023-02-13,91.8560028076172,92.76000213623048,90.40399932861328,92.20800018310548,92.20800018310548,5892000
2023-02-14,91.3280029296875,93.89600372314452,91.12000274658205,92.2699966430664,92.2699966430664,4889500
2023-02-15,91.7959976196289,92.9000015258789,91.3040008544922,92.78199768066406,92.78199768066406,5279500
2023-02-16,90.0,92.197998046875,89.85199737548828,90.73799896240234,90.73799896240234,5752500
2023-02-17,90.0,90.59400177001952,86.87799835205078,87.802001953125,87.802001953125,9820500
2023-02-21,86.36399841308594,87.41999816894531,85.70999908447266,86.37200164794922,86.37200164794922,5492500
2023-02-22,87.52999877929688,89.41400146484375,87.05799865722656,87.96800231933594,87.96800231933594,6185500
2023-02-23,88.08200073242188,88.55599975585938,86.75599670410156,88.34200286865234,88.34200286865234,4734000
2023-02-24,86.46399688720703,86.91600036621094,84.75199890136719,85.11799621582031,85.11799621582031,5430000
2023-02-27,86.24800109863281,87.52799987792969,85.53199768066406,85.71399688720703,85.71399688720703,7410500
2023-02-28,85.13200378417969,86.84400177001953,85.13200378417969,86.43399810791016,86.43399810791016,7343500
2023-03-01,86.38800048828125,87.08399963378906,85.20800018310547,85.78800201416016,85.78800201416016,4587500
2023-03-02,85.74199676513672,87.28399658203125,85.11599731445312,87.20800018310547,87.20800018310547,5783000
2023-03-03,87.96399688720703,89.07599639892578,87.82599639892578,88.7959976196289,88.7959976196289,4957500
2023-03-06,89.0999984741211,90.97799682617188,88.8740005493164,89.2040023803711,89.2040023803711,5470000
2023-03-07,89.12000274658203,90.90799713134766,88.75199890136719,88.96199798583984,88.96199798583984,6076000
2023-03-08,88.86599731445312,90.10399627685548,88.30000305175781,89.39399719238281,89.39399719238281,4088000
2023-03-09,88.84600067138672,90.16000366210938,85.61799621582031,85.69999694824219,85.69999694824219,7347000
2023-03-10,85.5999984741211,85.84600067138672,81.86199951171875,83.01599884033203,83.01599884033203,9421000
2023-03-13,82.58999633789062,85.18599700927734,81.0739974975586,82.98600006103516,82.98600006103516,8422500
2023-03-14,84.55999755859375,85.19599914550781,83.38600158691406,84.90799713134766,84.90799713134766,5682000
2023-03-15,83.74400329589844,84.53399658203125,82.95999908447266,84.4520034790039,84.4520034790039,5934000
2023-03-16,84.56800079345703,88.58000183105469,84.30000305175781,88.47799682617188,88.47799682617188,10371500
2023-03-17,88.7300033569336,88.73200225830078,86.91999816894531,88.19999694824219,88.19999694824219,14587000
2023-03-20,87.60800170898438,87.89800262451172,85.16999816894531,87.02999877929688,87.02999877929688,6895500
2023-03-21,87.22000122070312,89.5739974975586,87.22000122070312,89.09200286865234,89.09200286865234,6410000
2023-03-22,89.43599700927734,89.75199890136719,86.69400024414062,86.7020034790039,86.7020034790039,4657500
2023-03-23,88.09400177001953,90.3939971923828,87.53399658203125,88.09400177001953,88.09400177001953,5827500
2023-03-24,87.76599884033203,87.84400177001953,85.4219970703125,86.58000183105469,86.58000183105469,4613500
2023-03-27,86.69999694824219,87.5479965209961,86.0260009765625,86.26200103759766,86.26200103759766,4676000
2023-03-28,85.80400085449219,86.38200378417969,85.4020004272461,85.81600189208984,85.81600189208984,5445500
2023-03-29,86.70999908447266,87.7979965209961,86.25800323486328,87.68800354003906,87.68800354003906,6522500
2023-03-30,88.70800018310547,88.76799774169922,87.61599731445312,87.9260025024414,87.9260025024414,5393500
2023-03-31,88.62000274658203,93.08200073242188,88.3239974975586,92.94400024414062,92.94400024414062,12269500
2023-04-03,92.30599975585938,93.1780014038086,91.48200225830078,92.89800262451172,92.89800262451172,6793000
2023-04-04,95.08799743652344,96.46600341796876,94.47599792480467,95.20999908447266,95.20999908447266,11236000
2023-04-05,95.1500015258789,95.1999969482422,92.05799865722656,93.46600341796876,93.46600341796876,6729000
2023-04-06,92.79000091552734,94.7300033569336,91.49199676513672,94.6259994506836,94.6259994506836,8457500
2023-04-10,93.2300033569336,94.6060028076172,91.2760009765625,94.52799987792967,94.52799987792967,6213000
2023-04-11,93.2020034790039,94.77799987792967,92.86599731445312,93.96399688720705,93.96399688720705,4889500
2023-04-12,94.91799926757812,96.16600036621094,93.89600372314452,94.28600311279295,94.28600311279295,8112500
2023-04-13,95.06400299072266,97.11599731445312,94.58999633789062,96.6999969482422,96.6999969482422,8001000
2023-04-14,93.3560028076172,93.96399688720705,90.93800354003906,92.6060028076172,92.6060028076172,15376000
2023-04-17,93.0019989013672,94.33799743652344,92.71399688720705,94.11000061035156,94.11000061035156,5354000
2023-04-18,95.6259994506836,95.6259994506836,94.0019989013672,95.197998046875,95.197998046875,5905000
2023-04-19,95.0,95.66999816894533,94.63400268554688,95.11799621582033,95.11799621582033,5093000
2023-04-20,94.66400146484376,94.75599670410156,93.08000183105467,93.53800201416016,93.53800201416016,5193000
2023-04-21,94.03800201416016,94.83200073242188,93.02200317382812,94.66200256347656,94.66200256347656,5459500
2023-04-24,94.8000030517578,95.31999969482422,93.0500030517578,94.5999984741211,94.5999984741211,6116500
2023-04-25,93.3499984741211,93.6500015258789,88.39600372314453,88.45600128173828,88.45600128173828,10293000
2023-04-26,90.0,90.9000015258789,89.1760025024414,90.80599975585938,90.80599975585938,14455500
2023-04-27,88.0459976196289,91.7300033569336,85.53600311279297,90.86799621582033,90.86799621582033,24276500
2023-04-28,90.8479995727539,92.33599853515624,89.83999633789062,91.88400268554688,91.88400268554688,11800500
2023-05-01,91.26200103759766,91.26200103759766,89.86000061035156,90.08200073242188,90.08200073242188,7120500
2023-05-02,90.1060028076172,90.1999969482422,87.87799835205078,88.73600006103516,88.73600006103516,6421500
2023-05-03,88.70600128173828,89.37999725341797,87.29000091552734,87.41600036621094,87.41600036621094,5960000
2023-05-04,87.81199645996094,88.50800323486328,85.79399871826172,86.10199737548828,86.10199737548828,8294000
2023-05-05,86.5999984741211,87.93399810791016,86.30999755859375,86.95999908447266,86.95999908447266,6513000
2023-05-08,87.37999725341797,87.91400146484375,85.80999755859375,87.7979965209961,87.7979965209961,7233000
2023-05-09,87.44400024414062,89.16799926757812,87.01399993896484,88.27799987792969,88.27799987792969,5857500
2023-05-10,89.83599853515625,91.9980010986328,89.25,90.8280029296875,90.8280029296875,7688500
2023-05-11,90.7979965209961,91.09200286865234,89.48999786376953,90.51399993896484,90.51399993896484,10094000
2023-05-12,90.5999984741211,91.49400329589844,89.33000183105469,91.04000091552734,91.04000091552734,6106500
2023-05-15,90.66000366210938,92.93000030517578,90.447998046875,92.62799835205078,92.62799835205078,7506000
2023-05-16,92.58000183105467,95.5999984741211,92.35399627685548,93.64800262451172,93.64800262451172,8142500
2023-05-17,95.89800262451172,98.98799896240234,95.43199920654295,98.58399963378906,98.58399963378906,16088000
2023-05-18,100.0,102.52200317382812,99.16400146484376,102.03399658203124,102.03399658203124,14300500
2023-05-19,102.0,102.34600067138672,100.5500030517578,102.05999755859376,102.05999755859376,8511000
2023-05-22,101.31999969482422,103.41799926757812,101.23400115966795,102.27799987792967,102.27799987792967,6804500
2023-05-23,101.5,102.3560028076172,99.97000122070312,100.02799987792967,100.02799987792967,5620000
2023-05-24,99.34400177001952,101.2519989013672,98.82599639892578,100.51000213623048,100.51000213623048,5495000
2023-05-25,104.65799713134766,107.95999908447266,103.55999755859376,106.3560028076172,106.3560028076172,15816500
2023-05-26,106.9280014038086,109.91200256347656,106.36199951171876,107.49199676513672,107.49199676513672,10671500
2023-05-30,109.5999984741211,111.31600189208984,108.8740005493164,109.8239974975586,109.8239974975586,9686500
2023-05-31,107.86599731445312,109.6520004272461,106.75800323486328,108.95600128173828,108.95600128173828,11929000
2023-06-01,106.95999908447266,110.1240005493164,106.40399932861328,108.59200286865234,108.59200286865234,7398500
2023-06-02,109.1999969482422,110.88800048828124,108.25599670410156,109.63600158691406,109.63600158691406,6391000
2023-06-05,109.61599731445312,111.97200012207033,108.4739990234375,111.34200286865234,111.34200286865234,6581000
2023-06-06,111.3000030517578,112.72599792480467,111.03600311279295,111.16000366210938,111.16000366210938,6941000
2023-06-07,111.11000061035156,111.56400299072266,105.447998046875,105.66400146484376,105.66400146484376,12033000
2023-06-08,105.91799926757812,108.29000091552734,105.22200012207033,107.06800079345705,107.06800079345705,7291500
2023-06-09,107.64800262451172,109.0,106.30799865722656,106.80599975585938,106.80599975585938,6849000
2023-06-12,107.8040008544922,109.37999725341795,106.4260025024414,109.2699966430664,109.2699966430664,6478000
2023-06-13,111.1999969482422,111.91799926757812,109.85399627685548,110.94400024414062,110.94400024414062,6727000
2023-06-14,110.98999786376952,113.59600067138672,110.8000030517578,113.46199798583984,113.46199798583984,6418500
2023-06-15,112.61000061035156,115.33599853515624,112.4219970703125,114.8740005493164,114.8740005493164,6595500
2023-06-16,114.8740005493164,114.93000030517578,112.98999786376952,113.09600067138672,113.09600067138672,10442500
2023-06-20,111.66000366210938,113.9260025024414,111.08799743652344,111.89800262451172,111.89800262451172,5590500
2023-06-21,111.55799865722656,111.93000030517578,109.11799621582033,109.36000061035156,109.36000061035156,5645000
2023-06-22,108.6439971923828,110.0459976196289,107.802001953125,109.9739990234375,109.9739990234375,6190000
2023-06-23,108.24600219726562,110.3280029296875,107.3759994506836,108.5979995727539,108.5979995727539,6842500
2023-06-26,108.26599884033205,110.22599792480467,107.3280029296875,107.59400177001952,107.59400177001952,4832500
2023-06-27,108.22799682617188,109.01599884033205,107.0019989013672,107.99199676513672,107.99199676513672,4270500
2023-06-28,107.78600311279295,109.83599853515624,107.45999908447266,109.73400115966795,109.73400115966795,4805000
2023-06-29,109.99400329589844,110.14800262451172,108.53600311279295,109.61599731445312,109.61599731445312,3551000
2023-06-30,111.15799713134766,113.32599639892578,110.80599975585938,112.3939971923828,112.3939971923828,6629500
2023-07-03,112.16999816894533,112.91200256347656,111.18800354003906,112.5739974975586,112.5739974975586,2367000
2023-07-05,111.27999877929688,113.4459991455078,111.23200225830078,113.1520004272461,113.1520004272461,5581000
2023-07-06,111.4000015258789,112.1060028076172,109.68599700927734,111.16600036621094,111.16600036621094,5089500
2023-07-07,111.05599975585938,112.66000366210938,110.55599975585938,110.59600067138672,110.59600067138672,4280000
2023-07-10,110.5999984741211,113.16999816894533,110.5999984741211,113.12000274658205,113.12000274658205,5885500
2023-07-11,113.44200134277344,114.25399780273438,111.50800323486328,112.28800201416016,112.28800201416016,5671500
2023-07-12,114.1719970703125,114.1719970703125,111.447998046875,112.26799774169922,112.26799774169922,5840500
2023-07-13,113.3239974975586,115.88800048828124,113.0,115.48999786376952,115.48999786376952,6570500
2023-07-14,115.4000015258789,116.85199737548828,115.1999969482422,116.07599639892578,116.07599639892578,4582500
2023-07-17,116.53399658203124,118.9980010986328,116.4000015258789,118.47599792480467,118.47599792480467,5216000
2023-07-18,117.96199798583984,120.4000015258789,116.78399658203124,119.4260025024414,119.4260025024414,6320000
2023-07-19,122.18000030517578,122.87200164794922,119.90799713134766,120.6500015258789,120.6500015258789,8686000
2023-07-20,119.52400207519533,120.1760025024414,115.15599822998048,115.7760009765625,115.7760009765625,7756000
2023-07-21,118.12999725341795,118.60199737548828,116.1999969482422,116.40399932861328,116.40399932861328,4050000
2023-07-24,117.3000030517578,117.44400024414062,115.20999908447266,115.60800170898438,115.60800170898438,4876500
2023-07-25,115.8000030517578,117.52799987792967,115.8000030517578,116.47599792480467,116.47599792480467,5395500
2023-07-26,114.78399658203124,117.01799774169922,114.24199676513672,115.4540023803711,115.4540023803711,9125500
2023-07-27,119.5999984741211,120.13200378417967,111.34200286865234,111.97799682617188,111.97799682617188,15372000
2023-07-28,113.50800323486328,113.93599700927734,111.8740005493164,113.90799713134766,113.90799713134766,10209500
2023-07-31,114.76399993896484,116.7300033569336,114.5999984741211,116.5999984741211,116.5999984741211,8349000
2023-08-01,115.64800262451172,118.3000030517578,115.04199981689452,118.0780029296875,118.0780029296875,5513000
2023-08-02,115.97799682617188,116.5719985961914,112.20999908447266,112.63400268554688,112.63400268554688,8727500
2023-08-03,111.59400177001952,112.5019989013672,111.1999969482422,112.08000183105467,112.08000183105467,4318500
2023-08-04,112.87999725341795,112.99600219726562,110.0019989013672,110.32599639892578,110.32599639892578,8170500
2023-08-07,111.0719985961914,111.38200378417967,109.81199645996094,110.97799682617188,110.97799682617188,6136000
2023-08-08,109.39800262451172,110.7519989013672,108.3499984741211,110.56600189208984,110.56600189208984,5425500
2023-08-09,110.3040008544922,111.0,109.0199966430664,110.06600189208984,110.06600189208984,4696000
2023-08-10,111.56600189208984,113.21399688720705,110.02799987792967,111.0,111.0,5647500
2023-08-11,110.15399932861328,111.71399688720705,110.0019989013672,111.48799896240234,111.48799896240234,4008500
2023-08-14,110.38600158691406,113.3499984741211,110.1520004272461,113.24199676513672,113.24199676513672,3854500
2023-08-15,113.4980010986328,114.7959976196289,111.69400024414062,111.91999816894533,111.91999816894533,4153500
2023-08-16,111.4000015258789,112.1959991455078,109.65399932861328,109.9000015258789,109.9000015258789,4946000
2023-08-17,110.08999633789062,110.41000366210938,108.14199829101562,108.72799682617188,108.72799682617188,4951500
2023-08-18,106.79199981689452,108.68000030517578,106.50800323486328,108.3000030517578,108.3000030517578,4189000
2023-08-21,108.5719985961914,111.06199645996094,108.51000213623048,110.94000244140624,110.94000244140624,4237500
2023-08-22,111.92400360107422,112.8499984741211,111.26000213623048,112.36399841308594,112.36399841308594,4448500
2023-08-23,112.8939971923828,115.3939971923828,112.4000015258789,113.5999984741211,113.5999984741211,5690000
2023-08-24,114.91999816894533,115.17400360107422,109.8939971923828,109.90799713134766,109.90799713134766,4557000
2023-08-25,110.88800048828124,113.41400146484376,110.27999877929688,112.7300033569336,112.7300033569336,3402000
2023-08-28,113.3239974975586,114.4000015258789,112.46800231933594,113.66200256347656,113.66200256347656,2940500
2023-08-29,113.03199768066406,116.18000030517578,112.5999984741211,115.77400207519533,115.77400207519533,3921000
2023-08-30,115.68399810791016,117.73999786376952,115.31199645996094,117.64800262451172,117.64800262451172,4278000
2023-08-31,118.0,119.29199981689452,116.9020004272461,117.76599884033205,117.76599884033205,6656500
2023-09-01,118.7020034790039,119.3239974975586,117.5,118.1760025024414,118.1760025024414,3633500
2023-09-05,118.1760025024414,119.9260025024414,116.9000015258789,119.43199920654295,119.43199920654295,3591500
2023-09-06,118.62799835205078,119.8759994506836,118.3219985961914,119.7020034790039,119.7020034790039,3345000
2023-09-07,118.25399780273438,120.29399871826172,117.87200164794922,119.86399841308594,119.86399841308594,5200000
2023-09-08,120.0,120.91600036621094,119.41999816894533,120.01399993896484,120.01399993896484,3640500
2023-09-11,120.6999969482422,121.58000183105467,120.15799713134766,121.18800354003906,121.18800354003906,4802000
2023-09-12,119.5999984741211,120.7020034790039,117.73799896240234,117.76799774169922,117.76799774169922,4647000
2023-09-13,117.20999908447266,118.56800079345705,116.70999908447266,118.2760009765625,118.2760009765625,3193500
2023-09-14,118.69000244140624,118.99600219726562,117.08399963378906,118.02200317382812,118.02200317382812,3340500
2023-09-15,117.71600341796876,117.86000061035156,115.3000030517578,115.91600036621094,115.91600036621094,8552000
2023-09-18,115.447998046875,116.87999725341795,115.33399963378906,115.7020034790039,115.7020034790039,3305000
2023-09-19,115.87000274658205,115.87000274658205,113.30999755859376,114.46600341796876,114.46600341796876,4148500
2023-09-20,115.0,116.68800354003906,113.9540023803711,114.11000061035156,114.11000061035156,3884000
2023-09-21,112.6240005493164,112.9800033569336,109.8040008544922,109.90599822998048,109.90599822998048,5350500
2023-09-22,110.3560028076172,111.78399658203124,110.12200164794922,110.81800079345705,110.81800079345705,5535500
2023-09-25,110.52400207519533,111.9280014038086,110.26000213623048,111.89600372314452,111.89600372314452,4007000
2023-09-26,110.71199798583984,110.9499969482422,107.72599792480467,108.9260025024414,108.9260025024414,7546000
2023-09-27,109.91200256347656,110.3560028076172,108.08000183105467,109.2760009765625,109.2760009765625,5081000
2023-09-28,106.802001953125,111.2300033569336,105.5999984741211,110.7040023803711,110.7040023803711,5790000
2023-09-29,112.17400360107422,113.23400115966795,111.7020034790039,111.79199981689452,111.79199981689452,6685000
2023-10-02,110.9499969482422,112.03399658203124,109.95800018310548,111.0459976196289,111.0459976196289,4970000
2023-10-03,110.4000015258789,111.2699966430664,107.38200378417967,108.2480010986328,108.2480010986328,6860000
2023-10-04,108.91600036621094,110.11399841308594,108.3280029296875,109.72799682617188,109.72799682617188,3525000
2023-10-05,108.96600341796876,109.7020034790039,107.20999908447266,109.43399810791016,109.43399810791016,3314500
2023-10-06,108.5780029296875,113.11599731445312,107.8040008544922,112.1439971923828,112.1439971923828,5907500
2023-10-09,110.97799682617188,113.12999725341795,110.69000244140624,112.88600158691406,112.88600158691406,4041000
2023-10-10,111.21199798583984,112.93599700927734,109.4000015258789,111.66000366210938,111.66000366210938,7040500
2023-10-11,112.0,113.04000091552734,110.3280029296875,111.73400115966795,111.73400115966795,4394000
2023-10-12,112.1520004272461,113.97799682617188,110.9000015258789,112.02999877929688,112.02999877929688,4123000
2023-10-13,111.7519989013672,112.75800323486328,109.81199645996094,109.93199920654295,109.93199920654295,3885000
2023-10-16,109.93199920654295,111.54000091552734,109.3000030517578,110.32599639892578,110.32599639892578,4157500
2023-10-17,109.93199920654295,114.8499984741211,109.76000213623048,113.69400024414062,113.69400024414062,6986500
2023-10-18,112.55999755859376,113.5999984741211,109.97200012207033,110.13600158691406,110.13600158691406,4361500
2023-10-19,111.68800354003906,113.68199920654295,111.32599639892578,111.99600219726562,111.99600219726562,5364500
2023-10-20,111.31999969482422,111.48400115966795,107.23400115966795,108.5019989013672,108.5019989013672,7092000
2023-10-23,107.4000015258789,109.06800079345705,106.10800170898438,108.2760009765625,108.2760009765625,4715000
2023-10-24,109.14199829101562,111.38800048828124,108.85199737548828,110.87799835205078,110.87799835205078,6635500
2023-10-25,109.8740005493164,110.41999816894533,105.447998046875,106.03399658203124,106.03399658203124,10044500
2023-10-26,112.0,115.8000030517578,109.77200317382812,110.19000244140624,110.19000244140624,17740000
2023-10-27,111.29199981689452,112.8000030517578,109.68800354003906,110.802001953125,110.802001953125,8779000
2023-10-30,111.91999816894533,114.43399810791016,111.61799621582033,113.70800018310548,113.70800018310548,7241000
2023-10-31,114.17400360107422,116.96800231933594,112.9800033569336,116.37000274658205,116.37000274658205,8077500
2023-11-01,116.1999969482422,119.01799774169922,116.08799743652344,118.6959991455078,118.6959991455078,8847000
2023-11-02,120.24199676513672,122.17400360107422,119.68000030517578,119.88600158691406,119.88600158691406,8792000
2023-11-03,120.11599731445312,122.35800170898438,118.49600219726562,121.35199737548828,121.35199737548828,7391000
2023-11-06,121.6999969482422,122.1959991455078,120.48999786376952,121.8499984741211,121.8499984741211,4424500
2023-11-07,122.07599639892578,125.17400360107422,122.07599639892578,122.78199768066406,122.78199768066406,8289500
2023-11-08,123.21600341796876,125.23799896240234,123.1999969482422,125.06600189208984,125.06600189208984,8511500
2023-11-09,125.0199966430664,126.4980010986328,123.86399841308594,123.9520034790039,123.9520034790039,6075500
2023-11-10,123.9520034790039,127.28600311279295,123.10800170898438,126.9520034790039,126.9520034790039,5118000
2023-11-13,126.75599670410156,127.9520034790039,126.4499969482422,127.68199920654295,127.68199920654295,4983500
2023-11-14,129.49600219726562,131.3679962158203,129.3000030517578,130.83399963378906,130.83399963378906,6756000
2023-11-15,130.8939971923828,131.98800659179688,129.79400634765625,130.17999267578125,130.17999267578125,6167500
2023-11-16,130.0,131.36000061035156,129.6060028076172,130.45599365234375,130.45599365234375,5238500
2023-11-17,130.38999938964844,130.93600463867188,129.6580047607422,130.8719940185547,130.8719940185547,3963000
2023-11-20,130.8000030517578,133.70799255371094,130.51800537109375,133.38400268554688,133.38400268554688,5397000
2023-11-21,132.95199584960938,134.1280059814453,132.302001953125,133.67999267578125,133.67999267578125,4631000
2023-11-22,134.53599548339844,135.6060028076172,133.45599365234375,133.9320068359375,133.9320068359375,4440500
2023-11-24,134.1060028076172,134.8939971923828,133.75999450683594,134.77999877929688,134.77999877929688,2250000
2023-11-27,134.39999389648438,135.52200317382812,133.91400146484375,134.11000061035156,134.11000061035156,5050000
2023-11-28,133.5260009765625,134.52000427246094,132.2779998779297,133.04800415039062,133.04800415039062,7603000
2023-11-29,134.1999969482422,136.45799255371094,134.1999969482422,135.78599548339844,135.78599548339844,7326500
2023-11-30,136.39999389648438,137.7779998779297,135.76400756835938,137.1479949951172,137.1479949951172,9164500
2023-12-01,137.08999633789062,138.95399475097656,136.656005859375,138.1580047607422,138.1580047607422,7266500
2023-12-04,136.8000030517578,138.79800415039062,136.14199829101562,137.5240020751953,137.5240020751953,5830500
2023-12-05,135.88600158691406,137.92799377441406,135.447998046875,137.6439971923828,137.6439971923828,4575000
2023-12-06,138.0,139.0780029296875,137.14599609375,137.24600219726562,137.24600219726562,4004500
2023-12-07,137.1199951171875,137.85000610351562,136.05999755859375,137.53599548339844,137.53599548339844,3256000
2023-12-08,137.88999938964844,140.2220001220703,137.71200561523438,139.8159942626953,139.8159942626953,5418500
2023-12-11,139.82200622558594,141.7740020751953,139.63999938964844,141.0240020751953,141.0240020751953,5293500
2023-12-12,141.0240020751953,143.57400512695312,140.89599609375,143.29600524902344,143.29600524902344,4517500
2023-12-13,143.39999389648438,144.13600158691406,142.00999450683594,143.1280059814453,143.1280059814453,6058500
2023-12-14,142.0,142.4199981689453,135.60000610351562,136.0780029296875,136.0780029296875,15116000
2023-12-15,135.052001953125,139.96200561523438,134.8040008544922,139.6479949951172,139.6479949951172,10913000
2023-12-18,140.4040069580078,141.86000061035156,139.18800354003906,140.74400329589844,140.74400329589844,5616500
2023-12-19,141.13999938964844,141.697998046875,140.0,141.54200744628906,141.54200744628906,4526500
2023-12-20,140.81399536132812,141.57200622558594,138.72000122070312,138.75999450683594,138.75999450683594,4705500
2023-12-21,140.14999389648438,140.7100067138672,138.19400024414062,140.15199279785156,140.15199279785156,3935500
2023-12-22,140.77000427246094,140.77000427246094,138.88400268554688,139.50999450683594,139.50999450683594,2465000
2023-12-26,140.03399658203125,140.91200256347656,139.74200439453125,140.24600219726562,140.24600219726562,2319500
2023-12-27,140.26199340820312,140.90199279785156,139.82000732421875,140.7519989013672,140.7519989013672,1948500
2023-12-28,141.3280029296875,141.50599670410156,140.26600646972656,140.49200439453125,140.49200439453125,2510500
2023-12-29,141.39999389648438,142.3179931640625,140.11199951171875,141.29800415039062,141.29800415039062,4628500
2024-01-02,139.41000366210938,139.8719940185547,135.08599853515625,137.50399780273438,137.50399780273438,5654500
2024-01-03,135.15199279785156,137.48800659179688,134.80599975585938,135.05999755859375,135.05999755859375,4415000
2024-01-04,134.95399475097656,135.83799743652344,134.24400329589844,134.37399291992188,134.37399291992188,4571500
2024-01-05,134.42599487304688,136.156005859375,134.42599487304688,135.23199462890625,135.23199462890625,3618000
2024-01-08,136.84800720214844,139.56399536132812,136.49200439453125,139.2519989013672,139.2519989013672,5991000
2024-01-09,138.77200317382812,140.24000549316406,138.1999969482422,139.73399353027344,139.73399353027344,4920500
2024-01-10,141.5,143.38400268554688,140.25,142.86000061035156,142.86000061035156,5059500
2024-01-11,144.51199340820312,146.86000061035156,143.6820068359375,145.29200744628906,145.29200744628906,6153500
2024-01-12,144.9600067138672,146.1999969482422,143.7519989013672,145.83599853515625,145.83599853515625,4164500
2024-01-16,146.0,146.8000030517578,145.0019989013672,145.51199340820312,145.51199340820312,4675500
2024-01-17,145.1999969482422,145.79800415039062,142.86199951171875,145.50799560546875,145.50799560546875,3369000
2024-01-18,148.48399353027344,149.49600219726562,147.093994140625,149.19200134277344,149.19200134277344,6491000
2024-01-19,150.08799743652344,150.6320037841797,148.96400451660156,149.82200622558594,149.82200622558594,6790000
2024-01-22,152.03799438476562,153.36199951171875,150.41200256347656,150.49000549316406,150.49000549316406,8125000
2024-01-23,150.42999267578125,150.87399291992188,148.61000061035156,150.6840057373047,150.6840057373047,5723000
2024-01-24,154.17999267578125,155.19200134277344,152.25399780273438,152.6840057373047,152.6840057373047,14085500
2024-01-25,156.0,156.7760009765625,151.45799255371094,153.33799743652344,153.33799743652344,15638000
2024-01-26,153.4199981689453,156.76600646972656,152.9040069580078,153.88800048828125,153.88800048828125,8999500
2024-01-29,153.86399841308594,157.61000061035156,153.8000030517578,157.447998046875,157.447998046875,6653000
2024-01-30,157.46600341796875,157.98399353027344,155.79200744628906,157.14599609375,157.14599609375,5406000
2024-01-31,155.5780029296875,155.5780029296875,151.50599670410156,153.0800018310547,153.0800018310547,6822000
2024-02-01,153.8179931640625,154.58599853515625,152.81199645996094,154.1999969482422,154.1999969482422,4431500
2024-02-02,154.79400634765625,157.39999389648438,154.4199981689453,156.25999450683594,156.25999450683594,4874000
2024-02-05,156.39999389648438,157.2899932861328,154.2239990234375,156.96800231933594,156.96800231933594,5402500
2024-02-06,157.7760009765625,157.82000732421875,153.17599487304688,155.49000549316406,155.49000549316406,5487500
2024-02-07,156.56199645996094,158.69400024414062,156.52000427246094,158.0780029296875,158.0780029296875,4558500
2024-02-08,158.39999389648438,160.05999755859375,158.16799926757812,159.8820037841797,159.8820037841797,4465000
2024-02-09,160.47000122070312,163.06399536132812,160.47000122070312,162.58799743652344,162.58799743652344,4547500
2024-02-12,162.82000732421875,163.0,156.57000732421875,157.47000122070312,157.47000122070312,6206000
2024-02-13,153.0,156.0959930419922,150.04600524902344,154.7519989013672,154.7519989013672,8929500
2024-02-14,157.0,158.45599365234375,155.25799560546875,158.39999389648438,158.39999389648438,3870500
2024-02-15,159.0,159.69000244140625,155.9739990234375,156.0,156.0,5283000
2024-02-16,154.85400390625,155.89999389648438,152.9340057373047,153.0,153.0,5708500
2024-02-20,150.61599731445312,151.8560028076172,147.54800415039062,150.5679931640625,150.5679931640625,7427500
2024-02-21,147.3979949951172,149.71600341796875,146.10400390625,149.58799743652344,149.58799743652344,4376000
2024-02-22,155.0,158.37399291992188,153.5260009765625,153.8419952392578,153.8419952392578,10731000
2024-02-23,155.07000732421875,156.99400329589844,153.3159942626953,154.19400024414062,154.19400024414062,6486000
2024-02-26,154.93800354003906,158.1179962158203,154.89999389648438,155.9320068359375,155.9320068359375,5604000
2024-02-27,156.45199584960938,156.79800415039062,151.39199829101562,153.42799377441406,153.42799377441406,7070000
2024-02-28,152.70199584960938,152.74600219726562,150.8000030517578,151.95799255371094,151.95799255371094,6333500
2024-02-29,153.41000366210938,154.66400146484375,152.5959930419922,154.26800537109375,154.26800537109375,7431000
2024-03-01,154.39999389648438,155.66000366210938,153.6739959716797,154.7259979248047,154.7259979248047,4563000
2024-03-04,154.60000610351562,155.5760040283203,152.947998046875,155.21800231933594,155.21800231933594,4933500
2024-03-05,153.24600219726562,153.44400024414062,146.02999877929688,148.02999877929688,148.02999877929688,9787500
2024-03-06,150.1020050048828,150.47799682617188,146.52999877929688,148.21200561523438,148.21200561523438,6735000
2024-03-07,149.69400024414062,153.78599548339844,147.0540008544922,153.61599731445312,153.61599731445312,7934500
2024-03-08,153.82000732421875,155.51400756835938,150.04600524902344,151.53599548339844,151.53599548339844,5134500
2024-03-11,150.39999389648438,151.83999633789062,148.89599609375,151.34800720214844,151.34800720214844,4560500
2024-03-12,152.86399841308594,158.60000610351562,152.5959930419922,157.91200256347656,157.91200256347656,7651500
2024-03-13,159.01199340820312,161.5540008544922,155.0,155.37600708007812,155.37600708007812,6127000
2024-03-14,157.62600708007812,158.0,154.62399291992188,155.8979949951172,155.8979949951172,4430500
2024-03-15,152.31199645996094,152.39999389648438,147.1999969482422,148.78199768066406,148.78199768066406,12695500
2024-03-18,150.0,151.93800354003906,149.62399291992188,151.16000366210938,151.16000366210938,4723500
2024-03-19,150.0,151.66400146484375,148.55999755859375,151.38800048828125,151.38800048828125,6121500
2024-03-20,152.12399291992188,153.63600158691406,151.00999450683594,153.51199340820312,153.51199340820312,3517500
2024-03-21,156.0,157.17599487304688,154.3159942626953,154.63600158691406,154.63600158691406,6312500
2024-03-22,154.947998046875,155.97799682617188,153.86399841308594,154.8300018310547,154.8300018310547,4425500
2024-03-25,153.61000061035156,155.1820068359375,151.8520050048828,154.92799377441406,154.92799377441406,3604000
2024-03-26,155.79800415039062,157.75999450683594,155.302001953125,155.71400451660156,155.71400451660156,4550500
2024-03-27,156.76600646972656,157.26600646972656,150.6999969482422,151.8000030517578,151.8000030517578,7007500
2024-03-28,151.92999267578125,153.7519989013672,151.14999389648438,152.47999572753906,152.47999572753906,5418500
2024-04-01,152.79800415039062,154.6179962158203,151.81399536132812,153.6739959716797,153.6739959716797,3582000
2024-04-02,151.01800537109375,151.9320068359375,149.64599609375,151.39999389648438,151.39999389648438,3845000
2024-04-03,150.5,152.94000244140625,150.3000030517578,151.83200073242188,151.83200073242188,2821000
2024-04-04,153.67999267578125,156.4499969482422,151.48399353027344,151.50999450683594,151.50999450683594,5110000
2024-04-05,151.68600463867188,158.37600708007812,151.68600463867188,156.6999969482422,156.6999969482422,6432000
2024-04-08,156.66799926757812,157.9980010986328,154.48199462890625,157.1199951171875,157.1199951171875,4996000
2024-04-09,158.6540069580078,159.08799743652344,154.30599975585938,156.44400024414062,156.44400024414062,3951000
2024-04-10,153.8000030517578,154.99000549316406,152.82000732421875,153.83799743652344,153.83799743652344,4304000
2024-04-11,154.0,155.1959991455078,152.27999877929688,154.26800537109375,154.26800537109375,3741500
2024-04-12,152.44000244140625,154.99200439453125,152.19000244140625,153.74200439453125,153.74200439453125,4799500
2024-04-15,153.8000030517578,154.3260040283203,147.0919952392578,147.16200256347656,147.16200256347656,5858000
2024-04-16,147.60000610351562,149.8000030517578,147.0679931640625,148.95599365234375,148.95599365234375,5429000
2024-04-17,149.3560028076172,149.79800415039062,146.99000549316406,147.2899932861328,147.2899932861328,3607500
2024-04-18,147.3800048828125,147.97799682617188,145.47000122070312,146.27200317382812,146.27200317382812,3943500
2024-04-19,145.0,145.20599365234375,141.70599365234375,142.78199768066406,142.78199768066406,7703000
2024-04-22,144.64999389648438,144.9980010986328,142.12399291992188,144.38999938964844,144.38999938964844,7321000
2024-04-23,145.44000244140625,148.73399353027344,145.44000244140625,148.19000244140625,148.19000244140625,5824500
2024-04-24,150.79400634765625,151.4499969482422,147.8260040283203,149.25799560546875,149.25799560546875,8528000
2024-04-25,142.97799682617188,143.406005859375,137.8000030517578,143.25,143.25,16932500
2024-04-26,144.7519989013672,146.94200134277344,143.97000122070312,144.7100067138672,144.7100067138672,7229500
2024-04-29,144.65199279785156,145.66000366210938,142.70399475097656,144.23199462890625,144.23199462890625,3546000
2024-04-30,143.3300018310547,143.49400329589844,138.43800354003906,138.66600036621094,138.66600036621094,9977500
2024-05-01,138.74200439453125,140.13999938964844,136.7779998779297,137.1219940185547,137.1219940185547,6665000
2024-05-02,138.60000610351562,139.21400451660156,137.0,139.1439971923828,139.1439971923828,5796000
2024-05-03,141.99600219726562,144.92999267578125,141.0,143.3300018310547,143.3300018310547,7185500
2024-05-06,143.9980010986328,145.3280029296875,143.6820068359375,145.31199645996094,145.31199645996094,5954500
2024-05-07,146.0,146.0,139.91000366210938,142.66600036621094,142.66600036621094,7762500
2024-05-08,143.27000427246094,144.38999938964844,142.95399475097656,144.20599365234375,144.20599365234375,5739500
2024-05-09,144.11599731445312,145.8000030517578,143.59800720214844,144.58799743652344,144.58799743652344,5251500
2024-05-10,145.0,146.7100067138672,145.0,145.95799255371094,145.95799255371094,4103500
2024-05-13,146.57000732421875,146.57000732421875,144.58999633789062,146.0240020751953,146.0240020751953,4350000
2024-05-14,146.0,147.39999389648438,143.5540008544922,144.32400512695312,144.32400512695312,5496000
2024-05-15,146.0,152.26199340820312,145.51199340820312,152.11399841308594,152.11399841308594,7530500
2024-05-16,152.69000244140625,153.82200622558594,151.48399353027344,151.6020050048828,151.6020050048828,5470500
2024-05-17,153.0,153.1959991455078,151.50799560546875,153.00999450683594,153.00999450683594,4439000
2024-05-20,152.70599365234375,154.96800231933594,152.447998046875,154.83599853515625,154.83599853515625,3674000
2024-05-21,155.0,155.58599853515625,152.78199768066406,155.41000366210938,155.41000366210938,3920500
2024-05-22,156.0,156.86599731445312,153.8939971923828,154.16600036621094,154.16600036621094,4228500
2024-05-23,156.33599853515625,156.33599853515625,151.20599365234375,151.6300048828125,151.6300048828125,4307500
2024-05-24,149.8719940185547,149.94400024414062,147.2740020751953,147.70199584960938,147.70199584960938,6783500
2024-05-28,147.7760009765625,147.79600524902344,143.66200256347656,145.77200317382812,145.77200317382812,7735000
2024-05-29,144.39999389648438,147.57200622558594,144.28799438476562,146.2239990234375,146.2239990234375,4388500
2024-05-30,138.197998046875,138.51400756835938,128.03399658203125,128.6580047607422,128.6580047607422,25471500
2024-05-31,130.35800170898438,131.50799560546875,127.5979995727539,131.38600158691406,131.38600158691406,21509000
2024-06-03,131.9600067138672,132.87399291992188,129.08999633789062,132.02200317382812,132.02200317382812,9538500
2024-06-04,131.72000122070312,134.9199981689453,131.20399475097656,134.39999389648438,134.39999389648438,12456000
2024-06-05,136.69000244140625,141.1439971923828,135.23800659179688,140.82200622558594,140.82200622558594,13989500
2024-06-06,141.24600219726562,142.4720001220703,139.9459991455078,140.6320037841797,140.6320037841797,7054500
2024-06-07,140.1020050048828,140.79800415039062,137.70199584960938,139.76199340820312,139.76199340820312,5612500
2024-06-10,139.46400451660156,142.1280059814453,138.71200561523438,141.8300018310547,141.8300018310547,4652000
2024-06-11,142.3459930419922,143.8000030517578,141.37399291992188,142.4080047607422,142.4080047607422,5305000
2024-06-12,144.45199584960938,145.89999389648438,144.16600036621094,144.3000030517578,144.3000030517578,6480500
2024-06-13,144.39999389648438,145.56399536132812,141.83399963378906,141.95199584960938,141.95199584960938,5596500
2024-06-14,143.1199951171875,146.10000610351562,143.1199951171875,145.71600341796875,145.71600341796875,4790000
2024-06-17,144.6840057373047,145.86599731445312,143.80999755859375,145.10000610351562,145.10000610351562,5374500
2024-06-18,144.57200622558594,146.9040069580078,144.1540069580078,146.03399658203125,146.03399658203125,5932000
2024-06-20,148.39999389648438,148.45199584960938,145.88400268554688,146.86199951171875,146.86199951171875,5920000
2024-06-21,147.98800659179688,150.10800170898438,146.7239990234375,149.86599731445312,149.86599731445312,8611500
2024-06-24,148.39999389648438,149.63600158691406,147.53799438476562,147.91799926757812,147.91799926757812,6070500
2024-06-25,149.0,151.28199768066406,148.4759979248047,150.96200561523438,150.96200561523438,5154000
2024-06-26,150.8000030517578,152.2740020751953,150.1580047607422,150.78199768066406,150.78199768066406,4930000
2024-06-27,151.64199829101562,156.0,151.33399963378906,154.8260040283203,154.8260040283203,5907000
2024-06-28,155.08599853515625,157.99400329589844,154.17599487304688,157.33399963378906,157.33399963378906,8609000
2024-07-01,156.8000030517578,158.0959930419922,154.156005859375,157.79200744628906,157.79200744628906,5606500
2024-07-02,156.99600219726562,158.8300018310547,156.32400512695312,158.82200622558594,158.82200622558594,4378000
2024-07-03,158.73399353027344,159.19000244140625,157.03799438476562,157.1840057373047,157.1840057373047,2887500
2024-07-05,157.6840057373047,161.3040008544922,157.1840057373047,161.29400634765625,161.29400634765625,5966000
2024-07-08,152.6999969482422,155.3300018310547,152.28799438476562,153.24000549316406,153.24000549316406,10606500
2024-07-09,150.19200134277344,152.00399780273438,147.40199279785156,148.802001953125,148.802001953125,12166500
2024-07-10,148.11199951171875,148.67599487304688,146.30999755859375,148.6300048828125,148.6300048828125,7494000
2024-07-11,149.1999969482422,151.3000030517578,148.26600646972656,149.8280029296875,149.8280029296875,6408000
2024-07-12,149.8000030517578,152.52000427246094,148.8000030517578,151.697998046875,151.697998046875,4547500
2024-07-15,153.38999938964844,155.29600524902344,151.85000610351562,153.57000732421875,153.57000732421875,4554500
2024-07-16,153.57000732421875,154.00799560546875,150.90199279785156,152.1580047607422,152.1580047607422,4983000
2024-07-17,148.0,149.2740020751953,146.0399932861328,147.21400451660156,147.21400451660156,7278500
2024-07-18,147.66799926757812,150.11599731445312,146.02000427246094,147.75399780273438,147.75399780273438,7589500
2024-07-19,148.93800354003906,151.17599487304688,147.60000610351562,150.24000549316406,150.24000549316406,5935000
2024-07-22,150.96200561523438,152.88800048828125,150.75399780273438,151.3000030517578,151.3000030517578,5258000
2024-07-23,152.69400024414062,155.19400024414062,152.1320037841797,153.10400390625,153.10400390625,5036500
2024-07-24,151.0,151.49600219726562,145.8459930419922,146.1739959716797,146.1739959716797,10473500
2024-07-25,157.86599731445312,170.0659942626953,156.60800170898438,165.75799560546875,165.75799560546875,32749000
2024-07-26,165.1699981689453,169.3719940185547,163.61399841308594,165.52200317382812,165.52200317382812,12050500
2024-07-29,165.8000030517578,166.10000610351562,159.7100067138672,159.81199645996094,159.81199645996094,9887500
2024-07-30,161.1479949951172,161.1479949951172,156.91799926757812,159.75999450683594,159.75999450683594,5955500
2024-07-31,163.23199462890625,164.29200744628906,161.0,162.8780059814453,162.8780059814453,6568500
2024-08-01,163.77200317382812,167.71800231933594,160.4239959716797,162.2760009765625,162.2760009765625,6691500
2024-08-02,158.1719970703125,158.62600708007812,153.0919952392578,158.1280059814453,158.1280059814453,7844500
2024-08-05,151.4080047607422,158.19000244140625,149.22000122070312,156.25399780273438,156.25399780273438,10098500
2024-08-06,157.39999389648438,162.85800170898438,156.25599670410156,158.58999633789062,158.58999633789062,7729000
2024-08-07,161.1280059814453,163.30799865722656,154.98599243164062,155.25599670410156,155.25599670410156,5312000
2024-08-08,158.39999389648438,160.5399932861328,157.35400390625,159.22799682617188,159.22799682617188,7245500
2024-08-09,159.22799682617188,163.20199584960938,159.22799682617188,162.21600341796875,162.21600341796875,3997500
2024-08-12,162.21600341796875,162.96600341796875,160.01400756835938,161.32400512695312,161.32400512695312,2698000
2024-08-13,162.39999389648438,164.57400512695312,162.1199951171875,163.75999450683594,163.75999450683594,3829000
2024-08-14,164.39999389648438,165.41000366210938,163.10000610351562,163.8040008544922,163.8040008544922,4164500
2024-08-15,165.0,167.0,164.73599243164062,166.4219970703125,166.4219970703125,5828000
2024-08-16,165.85000610351562,166.20799255371094,164.77000427246094,165.51199340820312,165.51199340820312,4177500
2024-08-19,165.1840057373047,166.74400329589844,164.23800659179688,166.5760040283203,166.5760040283203,3207500
2024-08-20,167.0,168.65199279785156,166.41600036621094,167.6439971923828,167.6439971923828,3923500
2024-08-21,166.70599365234375,168.08399963378906,166.0,167.83599853515625,167.83599853515625,3049500
2024-08-22,168.0,168.50999450683594,163.9040069580078,164.18600463867188,164.18600463867188,3532500
2024-08-23,166.0,166.89999389648438,163.0,165.6540069580078,165.6540069580078,3510500
2024-08-26,165.93600463867188,167.3520050048828,165.09800720214844,165.57200622558594,165.57200622558594,2681500
2024-08-27,164.63400268554688,167.14199829101562,164.63400268554688,166.34800720214844,166.34800720214844,2407500
2024-08-28,166.33799743652344,166.53599548339844,161.79200744628906,162.82200622558594,162.82200622558594,4323000
2024-08-29,164.4600067138672,169.8000030517578,164.4600067138672,166.25399780273438,166.25399780273438,6228000
2024-08-30,167.3520050048828,171.4499969482422,167.16799926757812,171.0,171.0,9605000
2024-09-03,171.27999877929688,172.77000427246094,166.1739959716797,167.1719970703125,167.1719970703125,6307500
2024-09-04,165.94400024414062,167.27999877929688,164.2480010986328,166.96600341796875,166.96600341796875,3544500
2024-09-05,165.3300018310547,168.07200622558594,165.00999450683594,167.0800018310547,167.0800018310547,3944500
2024-09-06,167.802001953125,169.6840057373047,163.79600524902344,165.00799560546875,165.00799560546875,5354000
2024-09-09,166.697998046875,171.39999389648438,165.3939971923828,171.11599731445312,171.11599731445312,5645500
2024-09-10,172.14199829101562,173.2899932861328,169.4980010986328,172.02999877929688,172.02999877929688,4419500
2024-09-11,171.6540069580078,175.5240020751953,168.3699951171875,175.19200134277344,175.19200134277344,5012000
2024-09-12,176.00599670410156,177.9040069580078,174.25599670410156,177.2259979248047,177.2259979248047,4708500
2024-09-13,176.35400390625,176.89999389648438,174.5760040283203,175.7899932861328,175.7899932861328,4564500
2024-09-16,177.0,179.59800720214844,175.9459991455078,178.49200439453125,178.49200439453125,5411500
2024-09-17,178.1300048828125,179.9219970703125,176.55999755859375,177.16600036621094,177.16600036621094,5169500
2024-09-18,177.552001953125,179.94200134277344,176.4600067138672,178.0780029296875,178.0780029296875,4906000
2024-09-19,181.6000061035156,184.3939971923828,180.572006225586,183.8500061035156,183.8500061035156,7421500
2024-09-20,184.08399963378903,188.0240020751953,183.4620056152344,187.4720001220703,187.4720001220703,18046000
2024-09-23,187.37600708007807,189.0919952392578,184.58399963378903,185.1100006103516,185.1100006103516,6065000
2024-09-24,185.1100006103516,185.38400268554688,181.4980010986328,184.72000122070312,184.72000122070312,5006500
2024-09-25,179.69400024414062,180.1999969482422,177.302001953125,178.00599670410156,178.00599670410156,11444000
2024-09-26,178.72999572753906,178.843994140625,174.28599548339844,176.9720001220703,176.9720001220703,7997500
2024-09-27,176.80799865722656,177.23800659179688,175.2740020751953,176.35800170898438,176.35800170898438,4533000
2024-09-30,175.8520050048828,178.9600067138672,175.24400329589844,178.8780059814453,178.8780059814453,4217500
2024-10-01,179.71800231933594,179.71800231933594,173.3260040283203,173.43600463867188,173.43600463867188,6565500
2024-10-02,173.8000030517578,176.91799926757812,172.6479949951172,176.08200073242188,176.08200073242188,4666000
2024-10-03,175.60000610351562,178.44200134277344,175.4239959716797,178.1280059814453,178.1280059814453,5969000
2024-10-04,179.95799255371094,183.6580047607422,179.2779998779297,183.53599548339844,183.53599548339844,5916000
2024-10-07,183.82400512695312,184.509994506836,179.98599243164062,181.18800354003903,181.18800354003903,5618000
2024-10-08,185.19400024414065,188.6000061035156,183.85400390625,184.3999938964844,184.3999938964844,5904000
2024-10-09,184.3919982910156,188.67999267578125,183.19200134277344,187.72999572753903,187.72999572753903,5661500
2024-10-10,186.6419982910156,189.8000030517578,186.58599853515625,188.92599487304688,188.92599487304688,5552500
2024-10-11,188.56399536132807,189.35400390625,187.41799926757807,187.718002319336,187.718002319336,4270500
2024-10-14,189.47799682617188,189.91799926757807,187.1820068359375,188.93800354003903,188.93800354003903,2837000
2024-10-15,189.05599975585932,189.4499969482422,185.33399963378903,185.5919952392578,185.5919952392578,5408000
2024-10-16,184.99200439453125,185.3999938964844,182.406005859375,183.7740020751953,183.7740020751953,5056000
2024-10-17,186.55599975585932,186.6199951171875,183.02200317382807,183.4239959716797,183.4239959716797,3577500
2024-10-18,184.1999969482422,185.6320037841797,183.4239959716797,184.3500061035156,184.3500061035156,7113000
2024-10-21,180.3999938964844,183.7259979248047,179.95399475097656,183.66799926757807,183.66799926757807,7086000
2024-10-22,183.29800415039065,184.8800048828125,182.8719940185547,183.58999633789065,183.58999633789065,5721500
2024-10-23,183.29400634765625,184.02200317382807,180.2740020751953,181.53599548339844,181.53599548339844,9249500
2024-10-24,189.6779937744141,195.9559936523437,188.08200073242188,191.3159942626953,191.3159942626953,17005000
2024-10-25,191.45199584960932,192.98800659179688,189.4340057373047,190.1699981689453,190.1699981689453,7474000
2024-10-28,191.802001953125,192.0,189.0,189.0,189.0,6192500
2024-10-29,190.0,191.56399536132807,187.8860015869141,190.61599731445312,190.61599731445312,8205500
2024-10-30,190.2059936523437,192.6999969482422,189.89599609375,190.0,190.0,4754000
2024-10-31,188.16000366210932,190.8719940185547,185.6699981689453,186.59800720214844,186.59800720214844,6666500
2024-11-01,187.4720001220703,190.23199462890625,186.1100006103516,188.6820068359375,188.6820068359375,4926500
2024-11-04,188.80599975585932,192.07400512695312,188.32000732421875,190.91799926757807,190.91799926757807,4742000
2024-11-05,192.29200744628903,194.77200317382807,191.6660003662109,194.2079925537109,194.2079925537109,4135000
2024-11-06,198.8000030517578,199.406005859375,196.4199981689453,198.89599609375,198.89599609375,6233000
2024-11-07,199.3600006103516,204.88800048828125,199.0,203.05599975585932,203.05599975585932,6304000
2024-11-08,202.18800354003903,203.99200439453125,201.0039978027344,201.61599731445312,201.61599731445312,5475000
2024-11-11,202.6000061035156,207.6000061035156,202.6000061035156,207.20199584960932,207.20199584960932,6535500
2024-11-12,206.156005859375,210.6519927978516,205.4239959716797,209.6580047607422,209.6580047607422,6458500
2024-11-13,209.6580047607422,212.33200073242188,208.6999969482422,209.1100006103516,209.1100006103516,6568500
2024-11-14,209.8000030517578,210.8000030517578,206.3999938964844,207.9600067138672,207.9600067138672,5788500
2024-11-15,204.79400634765625,205.94400024414065,200.6020050048828,202.2779998779297,202.2779998779297,7492500
2024-11-18,203.30799865722656,204.23599243164065,200.75,201.0679931640625,201.0679931640625,8753500
2024-11-19,199.53399658203125,205.1660003662109,198.6840057373047,204.4199981689453,204.4199981689453,9151000
2024-11-20,205.6000061035156,206.33799743652344,201.26199340820312,204.5959930419922,204.5959930419922,5709500
2024-11-21,206.7259979248047,210.6519927978516,206.197998046875,209.41000366210932,209.41000366210932,5556500
2024-11-22,210.1999969482422,212.91799926757807,210.0,212.1199951171875,212.1199951171875,7184500
2024-11-25,212.9199981689453,213.7760009765625,209.8300018310547,210.54200744628903,210.54200744628903,9651000
2024-11-26,212.0,214.5679931640625,210.89599609375,214.01400756835932,214.01400756835932,3722000
2024-11-27,212.73800659179688,213.0399932861328,207.6820068359375,208.27999877929688,208.27999877929688,4884500
2024-11-29,208.47000122070312,210.3999938964844,207.6739959716797,209.88800048828125,209.88800048828125,2915500
2024-12-02,209.67999267578125,211.06399536132807,209.09800720214844,209.68600463867188,209.68600463867188,5283000
2024-12-03,208.0180053710937,211.52999877929688,207.3820037841797,211.4640045166016,211.4640045166016,6421000
2024-12-04,216.73399353027344,225.3260040283203,216.0,224.62600708007807,224.62600708007807,10315000
2024-12-05,223.0200042724609,226.1199951171875,222.6219940185547,224.74400329589844,224.74400329589844,5377500
2024-12-06,227.12399291992188,227.3999938964844,224.0,224.8679962158203,224.8679962158203,4522000
2024-12-09,224.83999633789065,226.8040008544922,221.1419982910156,224.0959930419922,224.0959930419922,6117000
2024-12-10,222.8040008544922,229.4739990234375,222.8040008544922,225.5679931640625,225.5679931640625,7996000
2024-12-11,227.2079925537109,231.5800018310547,227.2079925537109,229.43600463867188,229.43600463867188,6224000
2024-12-12,228.18800354003903,230.93600463867188,227.3999938964844,229.6840057373047,229.6840057373047,3437000
2024-12-13,226.0,228.3520050048828,222.9199981689453,224.22000122070312,224.22000122070312,6735500
2024-12-16,223.5599975585937,226.906005859375,222.0,225.98599243164065,225.98599243164065,5932500
2024-12-17,226.0,226.468002319336,222.13400268554688,222.94400024414065,222.94400024414065,6115500
2024-12-18,223.4980010986328,223.77200317382807,211.3979949951172,212.197998046875,212.197998046875,7942500
2024-12-19,214.04800415039065,216.1640014648437,212.5039978027344,214.9739990234375,214.9739990234375,9859000
2024-12-20,212.0,220.57400512695312,211.0,218.25,218.25,10130000
2024-12-23,217.1999969482422,218.3999938964844,214.7539978027344,217.6519927978516,217.6519927978516,3933500
2024-12-24,219.4160003662109,221.3099975585937,218.0,221.11199951171875,221.11199951171875,2093500
2024-12-26,220.0,221.21600341796875,218.72000122070312,219.822006225586,219.822006225586,2181500
2024-12-27,218.3999938964844,218.9140014648437,212.3999938964844,216.29200744628903,216.29200744628903,5082500
2024-12-30,213.19400024414065,214.71600341796875,211.04600524902344,213.5399932861328,213.5399932861328,3600000
2024-12-31,214.6999969482422,214.6999969482422,210.58599853515625,212.0240020751953,212.0240020751953,4204500
2025-01-02,214.70399475097656,214.74200439453125,208.1999969482422,210.8679962158203,210.8679962158203,5123000
2025-01-03,211.8600006103516,214.8280029296875,211.343994140625,214.7539978027344,214.7539978027344,4491500
2025-01-06,216.79400634765625,216.91000366210932,213.718002319336,215.41000366210932,215.41000366210932,4254500
2025-01-07,214.82000732421875,217.0,208.8939971923828,210.8300018310547,210.8300018310547,5667000
2025-01-08,212.37600708007807,212.6000061035156,208.4600067138672,209.8159942626953,209.8159942626953,7108500
2025-01-10,207.8260040283203,208.30599975585932,203.3500061035156,204.9140014648437,204.9140014648437,7886500
2025-01-13,202.2259979248047,204.02999877929688,199.8260040283203,203.1479949951172,203.1479949951172,8563000
2025-01-14,206.8800048828125,207.41200256347656,204.1179962158203,206.25799560546875,206.25799560546875,6361500
2025-01-15,210.66200256347656,211.91200256347656,208.1959991455078,210.8260040283203,210.8260040283203,6437500
2025-01-16,211.7079925537109,212.9499969482422,210.51600646972656,211.4320068359375,211.4320068359375,3164500
2025-01-17,214.51600646972656,216.0,212.3999938964844,214.29600524902344,214.29600524902344,5409500
2025-01-21,217.74400329589844,220.9739990234375,217.24400329589844,219.3699951171875,219.3699951171875,7197000
2025-01-22,223.0,226.13999938964844,222.1719970703125,225.03399658203125,225.03399658203125,8184000
2025-01-23,223.52999877929688,226.83999633789065,222.9499969482422,226.83999633789065,226.83999633789065,5369500
2025-01-24,228.2239990234375,229.0,223.76199340820312,224.9960021972656,224.9960021972656,4588500
2025-01-27,223.48399353027344,233.1959991455078,222.1999969482422,228.12399291992188,228.12399291992188,11206500
2025-01-28,230.0,239.6179962158203,226.3939971923828,234.0780029296875,234.0780029296875,12188500
2025-01-29,232.1820068359375,234.0780029296875,227.0399932861328,228.7259979248047,228.7259979248047,13097000
2025-01-30,205.4239959716797,206.1999969482422,198.0,202.5500030517578,202.5500030517578,31037500
2025-01-31,206.4019927978516,207.1499938964844,202.28399658203125,203.67599487304688,203.67599487304688,14333500
2025-02-03,201.3000030517578,206.197998046875,199.6100006103516,204.18800354003903,204.18800354003903,10080000
2025-02-04,207.98199462890625,208.69000244140625,199.6660003662109,202.0260009765625,202.0260009765625,9594000
2025-02-05,203.072006225586,205.7700042724609,202.4160003662109,205.41200256347656,205.41200256347656,6696000
2025-02-06,204.58399963378903,207.05599975585932,203.6580047607422,204.66000366210932,204.66000366210932,6308500
2025-02-07,205.0,208.47000122070312,200.79200744628903,201.6580047607422,201.6580047607422,6936000
2025-02-10,203.509994506836,206.6199951171875,202.25,204.36199951171875,204.36199951171875,5874500
2025-02-11,203.0,204.2740020751953,200.7879943847656,201.8099975585937,201.8099975585937,5080000
2025-02-12,199.25,199.6840057373047,196.0,196.47999572753903,196.47999572753903,8388000
2025-02-13,196.47999572753903,198.3999938964844,194.0959930419922,197.89599609375,197.89599609375,7817000
2025-02-14,195.82000732421875,197.8000030517578,193.32000732421875,197.3260040283203,197.3260040283203,7517000
2025-02-18,197.6000061035156,199.50799560546875,194.8000030517578,199.4960021972656,199.4960021972656,8363500
2025-02-19,199.4640045166016,200.57000732421875,195.13400268554688,197.4279937744141,197.4279937744141,8686000
2025-02-20,196.01600646972656,196.11599731445312,191.7740020751953,193.5959930419922,193.5959930419922,6756000
2025-02-21,192.94000244140625,193.3999938964844,186.6020050048828,187.6820068359375,187.6820068359375,10021000
2025-02-24,188.80799865722656,188.8999938964844,182.7059936523437,185.51600646972656,185.51600646972656,8464000
2025-02-25,184.74400329589844,185.3280029296875,179.64199829101562,184.4579925537109,184.4579925537109,10721500
2025-02-26,185.8600006103516,190.5200042724609,185.1999969482422,188.3919982910156,188.3919982910156,10012500
2025-02-27,189.6320037841797,190.6699981689453,183.9279937744141,184.19200134277344,184.19200134277344,7275500
2025-02-28,184.19400024414065,185.9960021972656,181.4900054931641,185.95199584960932,185.95199584960932,7839500
2025-03-03,187.20199584960932,187.8000030517578,180.53599548339844,182.0619964599609,182.0619964599609,7729500
2025-03-04,180.0,183.468002319336,175.38800048828125,181.218002319336,181.218002319336,12295500
2025-03-05,181.0,184.8000030517578,179.67599487304688,183.1580047607422,183.1580047607422,7701500
2025-03-06,178.0,181.5800018310547,171.64999389648438,173.41799926757812,173.41799926757812,10821000
2025-03-07,171.3000030517578,174.0,166.54400634765625,170.12600708007812,170.12600708007812,12640500
2025-03-10,164.67999267578125,166.39999389648438,155.58200073242188,156.76600646972656,156.76600646972656,19492500
2025-03-11,160.0,165.5959930419922,158.8000030517578,161.67999267578125,161.67999267578125,14995500
2025-03-12,166.95799255371094,169.85000610351562,164.68600463867188,168.6280059814453,168.6280059814453,13709000
2025-03-13,166.0,167.0,161.1959991455078,162.32400512695312,162.32400512695312,9818000
2025-03-14,164.552001953125,169.81199645996094,164.552001953125,168.86599731445312,168.86599731445312,9266000
2025-03-17,167.8000030517578,171.13600158691406,167.0,168.58599853515625,168.58599853515625,8284000
2025-03-18,167.48599243164062,167.49400329589844,164.07000732421875,166.0,166.0,8840000
2025-03-19,167.14599609375,170.8000030517578,166.00399780273438,168.82400512695312,168.82400512695312,7809000
2025-03-20,165.447998046875,165.65199279785156,161.83599853515625,164.82400512695312,164.82400512695312,12965000
2025-03-21,163.22799682617188,165.77999877929688,161.75999450683594,165.5500030517578,165.5500030517578,14536500
2025-03-24,169.1999969482422,170.6959991455078,168.24400329589844,169.9459991455078,169.9459991455078,7997500
2025-03-25,171.64599609375,174.197998046875,171.0,172.2760009765625,172.2760009765625,8216000
2025-03-26,171.26800537109375,172.1020050048828,166.80599975585938,167.7100067138672,167.7100067138672,6743000
2025-03-27,167.00799560546875,167.99000549316406,164.4340057373047,165.54800415039062,165.54800415039062,7400000
2025-03-28,164.0,164.20199584960938,157.906005859375,159.552001953125,159.552001953125,8792500
2025-03-31,156.3040008544922,159.8000030517578,151.5679931640625,159.22799682617188,159.22799682617188,14921000
2025-04-01,159.6439971923828,162.5919952392578,158.54600524902344,162.31199645996094,162.31199645996094,7715000
2025-04-02,158.93600463867188,165.4320068359375,158.93600463867188,164.80599975585938,164.80599975585938,8132000
2025-04-03,156.5500030517578,157.61199951171875,151.4499969482422,154.81399536132812,154.81399536132812,10439000
2025-04-04,151.26800537109375,151.75399780273438,143.69000244140625,144.3300018310547,144.3300018310547,14502000
2025-04-07,137.60000610351562,151.72999572753906,135.73199462890625,147.10000610351562,147.10000610351562,14391000
2025-04-08,153.6020050048828,155.17599487304688,142.63800048828125,145.52000427246094,145.52000427246094,10616000
2025-04-09,145.0,166.3280029296875,144.63999938964844,165.19000244140625,165.19000244140625,15460000
2025-04-10,161.41799926757812,161.9980010986328,152.21600341796875,156.697998046875,156.697998046875,10232000
2025-04-11,154.26199340820312,157.37600708007812,151.0,157.13400268554688,157.13400268554688,10515000
2025-04-14,160.44400024414062,162.42599487304688,157.36000061035156,159.96400451660156,159.96400451660156,8585000
2025-04-15,160.19200134277344,164.97999572753906,159.8419952392578,163.3000030517578,163.3000030517578,8676000
2025-04-16,160.9219970703125,164.23399353027344,158.1479949951172,159.33200073242188,159.33200073242188,9347500
2025-04-17,160.01199340820312,160.01199340820312,153.8040008544922,154.4320068359375,154.4320068359375,9019500
2025-04-21,151.8719940185547,153.11000061035156,148.48199462890625,151.197998046875,151.197998046875,8343500
2025-04-22,152.55999755859375,155.3260040283203,150.48800659179688,153.36599731445312,153.36599731445312,7914000
2025-04-23,164.20799255371094,166.79200744628906,161.39999389648438,162.5399932861328,162.5399932861328,15096000
2025-04-24,180.06199645996094,188.79600524902344,179.66600036621094,187.7140045166016,187.7140045166016,30415500
2025-04-25,188.8000030517578,192.0,185.83399963378903,189.052001953125,189.052001953125,14439000
2025-04-28,191.97000122070312,192.2059936523437,185.42599487304688,187.48199462890625,187.48199462890625,10262000
2025-04-29,188.0,189.4459991455078,186.1100006103516,188.572006225586,188.572006225586,6226500
2025-04-30,186.11199951171875,191.5319976806641,184.0800018310547,191.0019989013672,191.0019989013672,9739500
2025-05-01,194.77200317382807,195.7239990234375,191.5039978027344,191.58999633789065,191.58999633789065,9038500
2025-05-02,195.78399658203125,197.1000061035156,193.8119964599609,195.4720001220703,195.4720001220703,8347000
2025-05-05,194.6000061035156,198.3999938964844,194.2680053710937,195.6100006103516,195.6100006103516,6371000
2025-05-06,193.80799865722656,195.73599243164065,192.83799743652344,193.052001953125,193.052001953125,6402500
2025-05-07,194.24400329589844,197.4620056152344,193.4579925537109,196.6580047607422,196.6580047607422,8648500
2025-05-08,197.0,198.3999938964844,194.5619964599609,194.8979949951172,194.8979949951172,7344000
2025-05-09,196.0,197.3560028076172,194.32400512695312,196.01199340820312,196.01199340820312,4600500
2025-05-12,201.70399475097656,203.3999938964844,199.13400268554688,203.1199951171875,203.1199951171875,7160500
2025-05-13,204.6000061035156,207.9960021972656,203.3999938964844,207.343994140625,207.343994140625,7415500
2025-05-14,207.3999938964844,209.1999969482422,205.3300018310547,205.363998413086,205.363998413086,7073000
2025-05-15,206.88400268554688,208.1300048828125,204.3919982910156,207.03599548339844,207.03599548339844,4940000
2025-05-16,207.6779937744141,208.7480010986328,206.62600708007807,208.03599548339844,208.03599548339844,5804500
2025-05-19,205.7899932861328,206.93800354003903,203.2100067138672,205.1499938964844,205.1499938964844,10356000
2025-05-20,203.0,204.9320068359375,202.6640014648437,204.3679962158203,204.3679962158203,5375000
2025-05-21,201.77999877929688,206.1479949951172,201.11599731445312,202.95199584960932,202.95199584960932,6298000
2025-05-22,202.95199584960932,205.4980010986328,202.3580017089844,203.1540069580078,203.1540069580078,4282000
2025-05-23,200.0,202.8580017089844,198.9199981689453,200.87399291992188,200.87399291992188,6940500
2025-05-27,202.7220001220703,205.96600341796875,202.5959930419922,205.47799682617188,205.47799682617188,5512500
2025-05-28,205.47799682617188,207.53399658203125,203.6360015869141,204.259994506836,204.259994506836,4966500
2025-05-29,204.63400268554688,204.9160003662109,200.94000244140625,203.04600524902344,203.04600524902344,6329500
2025-05-30,204.0,204.0,200.5180053710937,202.218002319336,202.218002319336,13319500
2025-06-02,201.8280029296875,203.58999633789065,200.0599975585937,202.4219970703125,202.4219970703125,5013000
2025-06-03,202.363998413086,203.25,201.1000061035156,202.17599487304688,202.17599487304688,5118500
2025-06-04,202.3119964599609,203.509994506836,200.5919952392578,202.54800415039065,202.54800415039065,3589000
2025-06-05,205.4620056152344,206.2879943847656,202.83399963378903,203.5200042724609,203.5200042724609,4512000
2025-06-06,205.2460021972656,206.9199981689453,203.2680053710937,206.04200744628903,206.04200744628903,4798500
2025-06-09,206.1999969482422,206.89599609375,203.61199951171875,205.3719940185547,205.3719940185547,4539000
2025-06-10,204.22799682617188,205.3719940185547,199.82400512695312,201.9579925537109,201.9579925537109,5946000
2025-06-11,202.04800415039065,203.54400634765625,200.27999877929688,200.86599731445312,200.86599731445312,3714000
2025-06-12,200.5200042724609,203.2079925537109,200.5200042724609,201.4739990234375,201.4739990234375,4241000
2025-06-13,199.6060028076172,200.1999969482422,195.63800048828125,197.73199462890625,197.73199462890625,6661000
2025-06-16,198.3999938964844,203.3939971923828,198.2760009765625,201.0260009765625,201.0260009765625,6154500
2025-06-17,200.7700042724609,202.3999938964844,199.8679962158203,200.98199462890625,200.98199462890625,4099000
2025-06-18,200.88800048828125,201.4080047607422,195.83999633789065,196.4160003662109,196.4160003662109,6047500
2025-06-20,197.1179962158203,197.20199584960932,193.08999633789065,194.2819976806641,194.2819976806641,10038500
2025-06-23,194.2819976806641,196.26600646972656,191.36599731445312,196.0800018310547,196.0800018310547,5499500
2025-06-24,198.0,199.8999938964844,197.0,199.26400756835932,199.26400756835932,7570000
2025-06-25,199.656005859375,202.8000030517578,199.6300048828125,201.0319976806641,201.0319976806641,5968500
2025-06-26,201.43600463867188,202.7120056152344,198.8999938964844,202.2879943847656,202.2879943847656,6022000
2025-06-27,202.55599975585932,206.6060028076172,202.4140014648437,204.48399353027344,204.48399353027344,7571500
2025-06-30,205.947998046875,207.2740020751953,203.69000244140625,205.61599731445312,205.61599731445312,5046500
2025-07-01,205.45199584960932,206.38800048828125,198.9459991455078,202.3780059814453,202.3780059814453,6220500
2025-07-02,200.07400512695312,202.2079925537109,198.3999938964844,201.95199584960932,201.95199584960932,4357000
2025-07-03,203.54600524902344,211.47799682617188,203.0,208.93800354003903,208.93800354003903,6029500
2025-07-07,208.64599609375,209.8000030517578,205.5240020751953,207.0019989013672,207.0019989013672,5668000
2025-07-08,207.43600463867188,207.7539978027344,202.25,204.5959930419922,204.5959930419922,7301000
2025-07-09,204.8999938964844,205.6020050048828,201.8000030517578,202.74200439453125,202.74200439453125,5767000
2025-07-10,202.7400054931641,202.7400054931641,193.0619964599609,193.6179962158203,193.6179962158203,10016500
2025-07-11,192.0,193.1999969482422,186.83399963378903,187.7559967041016,187.7559967041016,10773500
2025-07-14,187.7400054931641,192.8679962158203,187.0279998779297,192.3560028076172,192.3560028076172,9062500
2025-07-15,193.0540008544922,194.8679962158203,191.1999969482422,191.38400268554688,191.38400268554688,6321500
2025-07-16,193.01199340820312,193.8179931640625,190.67599487304688,193.3939971923828,193.3939971923828,4925500
2025-07-17,193.697998046875,195.0,191.0,191.8300018310547,191.8300018310547,6378000
2025-07-18,191.6100006103516,192.70399475097656,189.9459991455078,192.67999267578125,192.67999267578125,5778000
2025-07-21,191.906005859375,193.82000732421875,191.6000061035156,191.98199462890625,191.98199462890625,5564000
2025-07-22,192.7559967041016,194.79200744628903,191.3679962158203,192.4739990234375,192.4739990234375,5878500
2025-07-23,189.572006225586,193.3699951171875,189.572006225586,191.28599548339844,191.28599548339844,9920000
2025-07-24,206.9320068359375,210.1999969482422,196.3999938964844,199.23599243164065,199.23599243164065,20350500
2025-07-25,200.0240020751953,200.1999969482422,192.8159942626953,193.75799560546875,193.75799560546875,9998000
2025-07-28,195.1999969482422,199.2079925537109,195.1959991455078,197.1499938964844,197.1499938964844,7373000
2025-07-29,198.30599975585932,201.1499938964844,196.4559936523437,198.63999938964844,198.63999938964844,6038500
2025-07-30,198.3179931640625,198.6060028076172,194.6000061035156,195.4960021972656,195.4960021972656,5471000
2025-07-31,196.3999938964844,196.3999938964844,188.01199340820312,188.62399291992188,188.62399291992188,10659500
2025-08-01,187.4579925537109,187.4579925537109,181.8979949951172,182.87399291992188,182.87399291992188,9055500
2025-08-04,183.70399475097656,185.9160003662109,183.052001953125,184.6000061035156,184.6000061035156,6427500
2025-08-05,184.3999938964844,185.1000061035156,180.88999938964844,181.0240020751953,181.0240020751953,7242500
2025-08-06,182.32000732421875,182.6100006103516,180.5659942626953,182.4620056152344,182.4620056152344,5343000
2025-08-07,184.3999938964844,184.5780029296875,172.39999389648438,174.82400512695312,174.82400512695312,13993500
2025-08-08,175.67799377441406,176.39999389648438,172.42799377441406,174.5019989013672,174.5019989013672,9514000
2025-08-11,173.58399963378906,175.99600219726562,170.17999267578125,171.2740020751953,171.2740020751953,11849000
2025-08-12,171.56199645996094,171.9459991455078,168.00599670410156,170.68600463867188,170.68600463867188,14329000
2025-08-13,172.11399841308594,172.8800048828125,168.5399932861328,172.66000366210938,172.66000366210938,12268000
2025-08-14,171.23199462890625,172.5959930419922,169.26800537109375,170.1719970703125,170.1719970703125,8939500
2025-08-15,170.35400390625,173.58799743652344,169.7239990234375,173.447998046875,173.447998046875,8794000
2025-08-18,173.2899932861328,178.447998046875,173.07400512695312,178.41000366210938,178.41000366210938,12887000
2025-08-19,178.67999267578125,180.1820068359375,176.19200134277344,177.3560028076172,177.3560028076172,10921000
2025-08-20,176.8520050048828,179.7779998779297,176.0,178.0500030517578,178.0500030517578,9859500
2025-08-21,177.18600463867188,177.67599487304688,174.61399841308594,175.3939971923828,175.3939971923828,5635000
2025-08-22,175.66799926757812,179.2760009765625,174.60000610351562,177.35000610351562,177.35000610351562,5421500
2025-08-25,177.94200134277344,178.03399658203125,175.73800659179688,175.98800659179688,175.98800659179688,4306000
2025-08-26,175.8000030517578,176.0,171.01600646972656,172.9320068359375,172.9320068359375,13418500
2025-08-27,174.33399963378906,177.9219970703125,173.63999938964844,177.5959930419922,177.5959930419922,6011000
2025-08-28,178.10000610351562,187.156005859375,177.947998046875,185.72000122070312,185.72000122070312,15218000
2025-08-29,185.8520050048828,186.79800415039065,181.94200134277344,183.49200439453125,183.49200439453125,9409000
2025-09-02,180.35400390625,182.8500061035156,178.92799377441406,182.28399658203125,182.28399658203125,6239000
2025-09-03,181.79800415039065,184.2680053710937,178.90199279785156,183.87600708007807,183.87600708007807,6690500
2025-09-04,181.89599609375,182.04600524902344,175.63800048828125,179.71200561523438,179.71200561523438,8519500
2025-09-05,180.8300018310547,183.2400054931641,180.2700042724609,182.759994506836,182.759994506836,6419500
2025-09-08,183.0279998779297,188.9640045166016,182.51199340820312,187.86599731445312,187.86599731445312,8180500
2025-09-09,189.0,189.0,185.5599975585937,186.73399353027344,186.73399353027344,5988000
2025-09-10,187.1999969482422,188.98399353027344,183.86599731445312,184.7140045166016,184.7140045166016,8243000
2025-09-11,185.54400634765625,188.53399658203125,184.72999572753903,187.656005859375,187.656005859375,5865000
2025-09-12,188.3459930419922,188.3699951171875,185.3860015869141,185.79200744628903,185.79200744628903,3555500
2025-09-15,186.08999633789065,191.23399353027344,185.9459991455078,189.48399353027344,189.48399353027344,7730500
2025-09-16,188.1419982910156,189.2879943847656,185.69400024414065,186.4019927978516,186.4019927978516,6501500
2025-09-17,187.3500061035156,190.7539978027344,186.6499938964844,190.07400512695312,190.07400512695312,6423000
2025-09-18,191.3099975585937,192.4080047607422,188.1020050048828,189.54800415039065,189.54800415039065,7455500
2025-09-19,190.3699951171875,193.1479949951172,190.0,192.22999572753903,192.22999572753903,14036000
2025-09-22,190.7779998779297,191.3500061035156,186.1820068359375,189.55599975585932,189.55599975585932,6039500
2025-09-23,189.51199340820312,190.1000061035156,185.2899932861328,185.53399658203125,185.53399658203125,7035000
2025-09-24,192.5279998779297,194.7259979248047,186.22000122070312,186.6739959716797,186.6739959716797,10109500
2025-09-25,185.4900054931641,185.63800048828125,182.0919952392578,183.7220001220703,183.7220001220703,5945000
2025-09-26,183.93800354003903,187.6280059814453,183.33999633789065,187.1999969482422,187.1999969482422,4457000
2025-09-29,188.41200256347656,190.91200256347656,187.84800720214844,188.1699981689453,188.1699981689453,5115000
2025-09-30,187.82000732421875,188.3300018310547,180.8999938964844,184.05599975585932,184.05599975585932,7077000
2025-10-01,184.18800354003903,187.0,178.4499969482422,182.48599243164065,182.48599243164065,9149500
2025-10-02,182.33399963378903,183.009994506836,179.10800170898438,182.0200042724609,182.0200042724609,7559000
2025-10-03,182.72999572753903,183.94000244140625,181.6660003662109,182.4720001220703,182.4720001220703,5832000
2025-10-06,180.8040008544922,185.95199584960932,179.10800170898438,182.5679931640625,182.5679931640625,6439000
2025-10-07,182.8000030517578,183.16000366210932,178.6719970703125,180.84800720214844,180.84800720214844,5974500
2025-10-08,182.0,184.0679931640625,181.46600341796875,182.863998413086,182.863998413086,5453000
2025-10-09,180.77999877929688,183.92999267578125,178.74600219726562,183.58999633789065,183.58999633789065,5197000
2025-10-10,184.0,185.6000061035156,177.46200561523438,177.74200439453125,177.74200439453125,7019500
2025-10-13,179.4080047607422,185.1519927978516,178.53199768066406,184.7400054931641,184.7400054931641,5926000
2025-10-14,181.47000122070312,184.85400390625,179.4739990234375,182.2519989013672,182.2519989013672,4395000
2025-10-15,183.6000061035156,184.4199981689453,179.94000244140625,180.6100006103516,180.6100006103516,3817000
2025-10-16,182.79400634765625,185.8000030517578,177.61399841308594,178.8979949951172,178.8979949951172,5392000
2025-10-17,178.0,181.30599975585932,177.58999633789062,180.72000122070312,180.72000122070312,4200500
2025-10-20,181.3280029296875,184.4040069580078,181.2700042724609,183.509994506836,183.509994506836,5358000
2025-10-21,183.5,188.88800048828125,182.05599975585932,188.3000030517578,188.3000030517578,6299000
2025-10-22,188.3580017089844,189.6000061035156,185.5800018310547,187.1300048828125,187.1300048828125,6073000
2025-10-23,186.23800659179688,188.9160003662109,185.6000061035156,187.83399963378903,187.83399963378903,4223500
2025-10-24,189.1499938964844,190.0,185.7760009765625,186.03399658203125,186.03399658203125,5355000
2025-10-27,188.81399536132807,190.33799743652344,187.4019927978516,189.25799560546875,189.25799560546875,5735000
2025-10-28,189.86199951171875,190.1999969482422,187.58200073242188,187.58200073242188,187.58200073242188,4724500
2025-10-29,186.9080047607422,186.9080047607422,182.0200042724609,182.33999633789065,182.33999633789065,13434000
2025-10-30,185.3459930419922,192.96600341796875,179.38600158691406,186.93600463867188,186.93600463867188,15203000
2025-10-31,188.6419982910156,189.52999877929688,180.6640014648437,183.8560028076172,183.8560028076172,11872000
2025-11-03,184.4279937744141,184.4279937744141,177.20399475097656,182.7680053710937,182.7680053710937,8733000
2025-11-04,180.0,181.7259979248047,175.30999755859375,177.51400756835938,177.51400756835938,9724500
2025-11-05,178.33399963378906,178.5240020751953,174.4600067138672,175.92599487304688,175.92599487304688,7604000
2025-11-06,174.9499969482422,175.8000030517578,170.0019989013672,171.75399780273438,171.75399780273438,10231000
2025-11-07,170.26800537109375,172.6199951171875,168.11000061035156,172.37399291992188,172.37399291992188,8162500
2025-11-10,172.77200317382812,173.72000122070312,170.23399353027344,173.25999450683594,173.25999450683594,7044500
2025-11-11,172.68600463867188,174.1300048828125,171.86599731445312,172.13400268554688,172.13400268554688,5177000
2025-11-12,173.74200439453125,174.0,169.83399963378906,172.80799865722656,172.80799865722656,7603500
2025-11-13,170.4759979248047,172.60000610351562,168.79600524902344,169.93800354003906,169.93800354003906,8147000
2025-11-14,168.3979949951172,173.06399536132812,167.80999755859375,170.08599853515625,170.08599853515625,5917500
2025-11-17,169.38400268554688,170.6959991455078,165.64199829101562,167.1580047607422,167.1580047607422,5701000
2025-11-18,165.41600036621094,167.0,162.32200622558594,163.593994140625,163.593994140625,7640500
2025-11-19,163.33200073242188,164.22799682617188,161.51400756835938,163.2899932861328,163.2899932861328,9577000
2025-11-20,166.10000610351562,166.33799743652344,159.45599365234375,160.0919952392578,160.0919952392578,8095500
2025-11-21,160.4600067138672,163.9219970703125,159.0,162.68600463867188,162.68600463867188,7354000
2025-11-24,162.67999267578125,163.8979949951172,160.76199340820312,163.16799926757812,163.16799926757812,8947000
2025-11-25,162.4739990234375,166.17999267578125,162.1999969482422,165.06199645996094,165.06199645996094,7280000
2025-11-26,163.4499969482422,164.4040069580078,159.96800231933594,160.54400634765625,160.54400634765625,10035500
2025-11-28,161.60000610351562,162.8000030517578,161.0019989013672,162.48199462890625,162.48199462890625,4520500
2025-12-01,160.33399963378906,165.21400451660156,159.8000030517578,164.41400146484375,164.41400146484375,6934000
2025-12-02,165.7239990234375,166.68600463867188,164.8000030517578,164.87600708007812,164.87600708007812,6550500
2025-12-03,164.39999389648438,166.5959930419922,162.69200134277344,166.5800018310547,166.5800018310547,4619500
2025-12-04,168.1999969482422,169.3000030517578,166.13800048828125,167.7740020751953,167.7740020751953,5549000
2025-12-05,168.16600036621094,172.3000030517578,167.6020050048828,170.8719940185547,170.8719940185547,6473000
2025-12-08,170.84800720214844,174.39599609375,170.08599853515625,170.70399475097656,170.70399475097656,7741000
2025-12-09,170.52200317382812,172.1999969482422,169.8000030517578,170.98199462890625,170.98199462890625,4894500
2025-12-10,170.11399841308594,172.33200073242188,169.11000061035156,170.71200561523438,170.71200561523438,8460500
2025-12-11,170.60000610351562,175.0,170.2239990234375,173.4980010986328,173.4980010986328,7037000
2025-12-12,173.47799682617188,174.92599487304688,171.58200073242188,173.01199340820312,173.01199340820312,7495000
2025-12-15,159.60000610351562,160.67999267578125,152.1060028076172,153.0399932861328,153.0399932861328,29629000
2025-12-16,154.8939971923828,157.21400451660156,153.91400146484375,156.2239990234375,156.2239990234375,16672500
2025-12-17,157.0,161.9320068359375,156.2899932861328,156.47799682617188,156.47799682617188,11774500
2025-12-18,156.50999450683594,157.77999877929688,151.14999389648438,153.3800048828125,153.3800048828125,9644000
2025-12-19,152.97000122070312,156.16000366210938,152.5399932861328,155.30999755859375,155.30999755859375,25257500
2025-12-22,156.86000061035156,157.16000366210938,153.14999389648438,156.67999267578125,156.67999267578125,11120300
2025-12-23,155.5,156.08999633789062,151.6300048828125,154.36000061035156,154.36000061035156,12572500
2025-12-24,153.5,153.94000244140625,152.00999450683594,152.58999633789062,152.58999633789062,3896800
2025-12-26,152.5,154.47999572753906,152.2100067138672,153.88999938964844,153.88999938964844,5450500
2025-12-29,153.07000732421875,155.69000244140625,152.7899932861328,154.5800018310547,154.5800018310547,7157700
2025-12-30,153.85000610351562,154.69000244140625,153.25,154.22999572753906,154.22999572753906,5110600
2025-12-31,153.99000549316406,154.5399932861328,152.67999267578125,153.19000244140625,153.19000244140625,5256100
2026-01-02,153.0800018310547,153.1999969482422,145.63999938964844,147.4499969482422,147.4499969482422,9896600
2026-01-05,146.50999450683594,149.80999755859375,145.7899932861328,147.60000610351562,147.60000610351562,9854900
2026-01-06,147.4199981689453,149.57000732421875,146.6999969482422,148.80999755859375,148.80999755859375,6428200
2026-01-07,148.0,152.11000061035156,147.75,150.89999389648438,150.89999389648438,6195600
2026-01-08,149.94000244140625,150.3000030517578,146.17999267578125,146.19000244140625,146.19000244140625,7426100
2026-01-09,147.35000610351562,147.35000610351562,141.42999267578125,141.8000030517578,141.8000030517578,11845400
2026-01-12,141.63999938964844,143.77000427246094,141.14999389648438,142.63999938964844,142.63999938964844,9900000
2026-01-13,142.13999938964844,144.6999969482422,137.17999267578125,138.19000244140625,138.19000244140625,12898300
2026-01-14,137.38999938964844,138.19000244140625,132.61000061035156,134.61000061035156,134.61000061035156,15646900
2026-01-15,135.14999389648438,136.24000549316406,129.92999267578125,131.1699981689453,131.1699981689453,14582800
2026-01-16,129.6999969482422,131.35000610351562,126.8499984741211,127.30999755859376,127.30999755859376,20052400
2026-01-20,126.56999969482422,128.77999877929688,125.02999877929688,125.4000015258789,125.4000015258789,19712200
2026-01-21,128.0,128.00999450683594,123.77999877929688,125.3000030517578,125.3000030517578,16119600
2026-01-22,126.0,128.72999572753906,125.0999984741211,128.55999755859375,128.55999755859375,12944200
2026-01-23,128.64999389648438,133.85000610351562,128.22999572753906,133.11000061035156,133.11000061035156,16605400
2026-01-26,134.5500030517578,136.6300048828125,133.27000427246094,136.33999633789062,136.33999633789062,17489700
2026-01-27,135.8300018310547,136.02999877929688,130.86000061035156,131.8000030517578,131.8000030517578,11804200
2026-01-28,132.27000427246094,133.6699981689453,129.13999938964844,129.6199951171875,129.6199951171875,21254100
2026-01-29,118.52999877929688,118.95999908447266,113.12999725341795,116.7300033569336,116.7300033569336,55125100
2026-01-30,117.54000091552734,118.83000183105467,115.88999938964844,117.01000213623048,117.01000213623048,28053900
2026-02-02,118.8000030517578,121.66999816894533,116.3499984741211,118.0,118.0,18889100
2026-02-03,115.0199966430664,115.88999938964844,108.0999984741211,109.7699966430664,109.7699966430664,34729600
2026-02-04,107.19000244140624,111.1500015258789,105.25,111.06999969482422,111.06999969482422,36718100
2026-02-05,109.26000213623048,112.08999633789062,101.7300033569336,102.62999725341795,102.62999725341795,36178800
2026-02-06,101.68000030517578,104.0,98.94000244140624,100.73999786376952,100.73999786376952,34727000
2026-02-09,100.0,104.25,98.0,103.87000274658205,103.87000274658205,23127400
2026-02-10,104.98999786376952,108.9800033569336,104.9000015258789,106.4800033569336,106.4800033569336,21869600
2026-02-11,105.58000183105467,105.94000244140624,99.41999816894533,100.58000183105467,100.58000183105467,26076000
2026-02-12,101.91999816894533,103.70999908447266,99.2699966430664,103.29000091552734,103.29000091552734,27213100
2026-02-13,105.1500015258789,107.69000244140624,104.58999633789062,107.08000183105467,107.08000183105467,22771200
2026-02-17,109.55999755859376,110.8499984741211,103.87999725341795,105.91000366210938,105.91000366210938,27343000
2026-02-18,105.93000030517578,108.26000213623048,103.4000015258789,107.80999755859376,107.80999755859376,18138700
2026-02-19,108.06999969482422,109.22000122070312,106.19000244140624,107.37000274658205,107.37000274658205,13224700
2026-02-20,106.0,107.8000030517578,103.81999969482422,104.2699966430664,104.2699966430664,15700300
2026-02-23,101.94000244140624,101.94000244140624,99.18000030517578,100.8000030517578,100.8000030517578,24200000
2026-02-24,100.95999908447266,105.6999969482422,100.51000213623048,102.48999786376952,102.48999786376952,18461700
2026-02-25,101.62999725341795,104.7300033569336,100.16000366210938,104.2300033569336,104.2300033569336,15493100
2026-02-26,107.4499969482422,110.1500015258789,106.56999969482422,109.3000030517578,109.3000030517578,26565100
2026-02-27,105.0,108.6999969482422,104.0,108.01000213623048,108.01000213623048,19085200
2026-03-02,105.9800033569336,111.08000183105467,105.0999984741211,109.41999816894533,109.41999816894533,14780500
2026-03-03,108.0,114.91999816894533,107.51000213623048,113.19000244140624,113.19000244140624,17606100
2026-03-04,112.11000061035156,115.20999908447266,111.5,113.86000061035156,113.86000061035156,17432000
2026-03-05,114.7699966430664,122.08000183105467,114.12999725341795,120.37999725341795,120.37999725341795,26568000
2026-03-06,120.5,124.66000366210938,120.18000030517578,124.33999633789062,124.33999633789062,25972300
2026-03-09,123.05999755859376,126.66999816894533,121.29000091552734,121.93000030517578,121.93000030517578,20324700
2026-03-10,120.98999786376952,121.43000030517578,114.66000366210938,116.61000061035156,116.61000061035156,21872600
2026-03-11,117.4000015258789,118.83000183105467,113.5999984741211,115.62999725341795,115.62999725341795,14594900
2026-03-12,115.27999877929688,117.20999908447266,112.41999816894533,112.97000122070312,112.97000122070312,18372100
2026-03-13,112.80999755859376,115.91000366210938,111.70999908447266,113.62000274658205,113.62000274658205,14846400
2026-03-16,116.9000015258789,117.1999969482422,113.8000030517578,114.87999725341795,114.87999725341795,12289400
2026-03-17,115.4000015258789,118.98999786376952,114.1999969482422,116.72000122070312,116.72000122070312,13368500
2026-03-18,115.0,117.44000244140624,113.52999877929688,113.70999908447266,113.70999908447266,10080100
2026-03-19,114.18000030517578,117.08999633789062,111.9499969482422,113.2699966430664,113.2699966430664,11361600
2026-03-20,111.3000030517578,112.1500015258789,109.12000274658205,110.37999725341795,110.37999725341795,18863000
2026-03-23,110.76000213623048,113.25,109.88999938964844,110.9499969482422,110.9499969482422,12219100
2026-03-24,109.13999938964844,109.25,104.31999969482422,104.6500015258789,104.6500015258789,17835200
2026-03-25,106.5,106.87999725341795,101.13999938964844,103.05999755859376,103.05999755859376,14728600
2026-03-26,102.41999816894533,105.83999633789062,100.87999725341795,103.63999938964844,103.63999938964844,11595300
2026-03-27,102.63999938964844,102.66999816894533,98.33999633789062,99.41000366210938,99.41000366210938,18109900
2026-03-30,100.05999755859376,105.98999786376952,99.5,104.97000122070312,104.97000122070312,18685600
2026-03-31,105.54000091552734,106.58000183105467,104.05999755859376,104.5500030517578,104.5500030517578,16821300
2026-04-01,105.2300033569336,105.9000015258789,102.01000213623048,104.04000091552734,104.04000091552734,12439700
2026-04-02,101.79000091552734,103.41000366210938,98.45999908447266,102.0,102.0,16629900
2026-04-06,102.97000122070312,103.33000183105467,100.4000015258789,102.41999816894533,102.41999816894533,9141300
2026-04-07,102.7699966430664,103.95999908447266,99.5,100.5500030517578,100.5500030517578,12008200
2026-04-08,104.76000213623048,105.58000183105467,96.95999908447266,97.47000122070312,97.47000122070312,19796900
2026-04-09,96.5,97.16000366210938,88.66000366210938,89.80999755859375,89.80999755859375,42131500
2026-04-10,88.91000366210938,88.91000366210938,81.23999786376953,83.0,83.0,58715600
2026-04-13,84.7699966430664,89.23999786376953,84.18000030517578,89.05999755859375,89.05999755859375,31675400
2026-04-14,90.73999786376952,92.4000015258789,87.12000274658203,87.79000091552734,87.79000091552734,25132700
2026-04-15,90.1999969482422,94.83000183105467,89.19999694824219,94.19000244140624,94.19000244140624,25835900
2026-04-16,97.61000061035156,99.38999938964844,95.37000274658205,96.44000244140624,96.44000244140624,21971800
2026-04-17,97.9499969482422,98.81999969482422,96.12999725341795,96.66000366210938,96.66000366210938,17754600
2026-04-20,97.44000244140624,100.66999816894533,96.80999755859376,99.72000122070312,99.72000122070312,20306600
2026-04-21,100.3499984741211,104.5,99.05999755859376,100.13999938964844,100.13999938964844,24147900
2026-04-22,101.5,104.30999755859376,101.02999877929688,103.06999969482422,103.06999969482422,35714800
2026-04-23,87.25,90.0199966430664,83.58000183105469,84.77999877929688,84.77999877929688,84103100
2026-04-24,85.77999877929688,90.38999938964844,84.93000030517578,90.16999816894533,90.16999816894533,39011800
2026-04-27,89.05999755859375,94.02999877929688,87.80999755859375,90.4499969482422,90.4499969482422,32789100
2026-04-28,91.0999984741211,93.0,90.12999725341795,90.48999786376952,90.48999786376952,20990400
2026-04-29,89.05999755859375,89.30000305175781,87.0999984741211,88.88999938964844,88.88999938964844,18646600
2026-04-30,87.94999694824219,88.70999908447266,85.87999725341797,88.30999755859375,88.30999755859375,22152200
2026-05-01,90.93000030517578,92.5999984741211,87.87000274658203,91.16000366210938,91.16000366210938,22911800
2026-05-04,91.2699966430664,95.62000274658205,91.0999984741211,91.97000122070312,91.97000122070312,21863500
2026-05-05,92.25,92.88999938964844,89.13999938964844,92.01000213623048,92.01000213623048,22756800
2026-05-06,91.5999984741211,91.68000030517578,88.20999908447266,89.05000305175781,89.05000305175781,23117900
2026-05-07,92.16999816894533,95.55999755859376,91.88999938964844,93.58999633789062,93.58999633789062,27960700
2026-05-08,91.12999725341795,91.8499984741211,88.98999786376953,91.18000030517578,91.18000030517578,24699000
2026-05-11,91.04000091552734,94.75,90.47000122070312,91.48999786376952,91.48999786376952,21402900
2026-05-12,92.47000122070312,92.7699966430664,88.69000244140625,89.0,89.0,22354600
2026-05-13,88.58000183105469,88.58000183105469,86.01000213623047,87.05000305175781,87.05000305175781,22107000
2026-05-14,87.31999969482422,92.0,85.44000244140625,90.5,90.5,25571500
2026-05-15,92.08999633789062,96.66999816894533,91.97000122070312,95.06999969482422,95.06999969482422,34569700
2026-05-18,98.86000061035156,104.68000030517578,97.8499984741211,103.41999816894533,103.41999816894533,51220700
2026-05-19,110.13999938964844,110.83000183105467,100.7699966430664,101.83000183105467,101.83000183105467,55624400
2026-05-20,100.75,103.3499984741211,97.5,103.3000030517578,103.3000030517578,30037700
2026-05-21,100.98999786376952,101.58999633789062,98.11000061035156,99.69000244140624,99.69000244140624,26474000
2026-05-22,102.18000030517578,104.58999633789062,99.43000030517578,102.12999725341795,102.12999725341795,23646300
2026-05-26,100.55999755859376,102.54000091552734,98.72000122070312,99.91999816894533,99.91999816894533,23589900
2026-05-27,99.20999908447266,105.4000015258789,98.5500030517578,102.12000274658205,102.12000274658205,28633300
2026-05-28,107.0,110.16000366210938,104.5999984741211,108.7300033569336,108.7300033569336,39117700
2026-05-29,118.4800033569336,124.73999786376952,116.29000091552734,124.37000274658205,124.37000274658205,68243400
2026-06-01,135.77000427246094,139.1999969482422,131.61000061035156,135.86000061035156,135.86000061035156,68789000
2026-06-02,129.89999389648438,132.74000549316406,124.12000274658205,127.6500015258789,127.6500015258789,41371600
2026-06-03,127.98999786376952,128.0800018310547,117.33999633789062,117.9000015258789,117.9000015258789,34316400
2026-06-04,121.94000244140624,124.8000030517578,119.36000061035156,119.36000061035156,119.36000061035156,28144000
2026-06-05,119.19000244140624,121.1999969482422,111.55999755859376,112.4499969482422,112.4499969482422,31452000
2026-06-08,111.69000244140624,115.36000061035156,111.1999969482422,114.19000244140624,114.19000244140624,19737700
2026-06-09,110.30999755859376,112.38999938964844,103.08000183105467,106.97000122070312,106.97000122070312,35824800
2026-06-10,105.27999877929688,109.8000030517578,104.7300033569336,106.05999755859376,106.05999755859376,20052700
2026-06-11,103.02999877929688,105.12000274658205,101.33000183105467,103.08000183105467,103.08000183105467,28321500
2026-06-12,103.37999725341795,103.4499969482422,98.41999816894533,102.1500015258789,102.1500015258789,26049400
2026-06-15,104.8000030517578,107.18000030517578,103.3499984741211,104.1500015258789,104.1500015258789,23018000
2026-06-16,102.9000015258789,105.66000366210938,101.1999969482422,101.33000183105467,101.33000183105467,17198400
2026-06-17,100.68000030517578,102.88999938964844,95.08999633789062,95.4800033569336,95.4800033569336,32165600
2026-06-18,95.30999755859376,96.23999786376952,92.4499969482422,95.04000091552734,95.04000091552734,36337200
2026-06-22,93.3000030517578,97.44000244140624,91.4800033569336,93.01000213623048,93.01000213623048,24940900
2026-06-23,95.13999938964844,97.5,94.61000061035156,95.94000244140624,95.94000244140624,32559700
2026-06-24,94.0,96.98999786376952,93.41999816894533,93.8000030517578,93.8000030517578,17246400
2026-06-25,91.6999969482422,92.05999755859376,89.38999938964844,89.5199966430664,89.5199966430664,23735600
2026-06-26,90.44000244140624,98.91999816894533,90.0,98.33999633789062,98.33999633789062,27314900
2026-06-29,100.4800033569336,103.20999908447266,99.47000122070312,99.97000122070312,99.97000122070312,25023100
2026-06-30,97.30999755859376,99.63999938964844,96.9499969482422,99.27999877929688,99.27999877929688,19433300
2026-07-01,103.5999984741211,106.69000244140624,101.7699966430664,105.8000030517578,105.8000030517578,26458600
2026-07-02,106.22000122070312,107.68000030517578,103.83999633789062,106.31999969482422,106.31999969482422,20227500
2026-07-06,104.0999984741211,110.63999938964844,103.33999633789062,107.93000030517578,107.93000030517578,16524500
2026-07-07,111.5500030517578,113.79000091552734,109.04000091552734,110.7300033569336,110.7300033569336,22339400
2026-07-08,106.20999908447266,108.44000244140624,105.4000015258789,107.77999877929688,107.77999877929688,15069400
2026-07-09,102.02999877929688,109.25,101.51000213623048,108.83999633789062,108.83999633789062,14241400
2026-07-10,111.2699966430664,111.5,105.70999908447266,107.70999908447266,107.70999908447266,11096900
2026-07-13,109.5,113.02999877929688,107.6500015258789,111.26000213623048,111.26000213623048,16607300
2026-07-14,103.73999786376952,107.95999908447266,102.61000061035156,104.8499984741211,104.8499984741211,23213100
2026-07-15,106.5,108.75,104.33000183105467,104.7300033569336,104.7300033569336,13784200
2026-07-16,104.94000244140624,105.86000061035156,99.30999755859376,104.01000213623048,104.01000213623048,20318200
2026-07-17,102.87999725341795,105.83000183105467,102.63999938964844,103.23999786376952,103.23999786376952,16207300
2026-07-20,100.5199966430664,105.33000183105467,98.43000030517578,104.6999969482422,104.6999969482422,20547100
2026-07-21,101.6500015258789,104.58000183105467,101.0500030517578,102.05999755859376,102.05999755859376,19158500
2026-07-22,100.87000274658205,101.16000366210938,94.73999786376952,95.45999908447266,95.45999908447266,43600900
2026-07-23,100.01000213623048,100.25,91.52999877929688,91.94000244140624,91.94000244140624,48998200
2026-07-24,94.91999816894533,98.93000030517578,94.87000274658205,98.77999877929688,98.77999877929688,29625400
2026-07-27,101.87000274658205,108.1500015258789,100.3499984741211,105.55999755859376,105.55999755859376,32533700
2026-07-28,106.87999725341795,112.27999877929688,106.5,110.62000274658205,110.62000274658205,33681100
2026-07-29,110.41999816894533,118.36000061035156,109.5,115.76000213623048,115.76000213623048,40448100
2026-07-30,110.5,113.12000274658205,106.37999725341795,110.06999969482422,110.06999969482422,29757900
2026-07-31,108.5,112.38999938964844,106.0500030517578,111.2300033569336,111.2300033569336,20525300
2026-08-03,114.51000213623048,119.63999938964844,113.6999969482422,114.19000244140624,114.19000244140624,24517500
2026-08-04,112.58999633789062,118.33000183105467,112.0,118.13999938964844,118.13999938964844,19398600
2026-08-05,119.9000015258789,120.0,115.70999908447266,117.22000122070312,117.22000122070312,15596900
2026-08-06,113.0,117.41999816894533,111.8000030517578,117.3499984741211,117.3499984741211,16281500
2026-08-07,121.66999816894533,126.1500015258789,120.95999908447266,124.87999725341795,124.87999725341795,26705900
2026-08-10,124.72000122070312,127.88999938964844,123.27999877929688,127.44000244140624,127.44000244140624,17216100
2026-08-11,126.26000213623048,128.97000122070312,125.16000366210938,127.54000091552734,127.54000091552734,13461000
2026-08-12,123.63999938964844,125.63999938964844,121.8499984741211,124.94000244140624,124.94000244140624,12654600
2026-08-13,125.5999984741211,129.75,121.6500015258789,127.25,127.25,23124900
2026-08-14,127.6999969482422,128.64999389648438,122.16999816894533,124.0,124.0,15030800
2026-08-17,122.43000030517578,123.36000061035156,117.58999633789062,117.6999969482422,117.6999969482422,20204200
2026-08-18,119.4800033569336,121.83999633789062,117.83999633789062,119.48999786376952,119.48999786376952,17341500
2026-08-19,118.63999938964844,129.60000610351562,118.51000213623048,127.1999969482422,127.1999969482422,22503800
2026-08-20,128.14999389648438,131.14999389648438,127.0999984741211,129.75,129.75,16952300
2026-08-21,130.2899932861328,131.17999267578125,127.47000122070312,128.47999572753906,128.47999572753906,12504600
2026-08-24,128.05999755859375,130.14999389648438,127.58999633789062,128.0500030517578,128.0500030517578,8949300
2026-08-25,125.95999908447266,129.80999755859375,125.25,127.0,127.0,12317500
2026-08-26,122.33000183105467,126.55999755859376,121.87999725341795,125.8000030517578,125.8000030517578,13384900
2026-08-27,130.47999572753906,139.32000732421875,130.25,138.42999267578125,138.42999267578125,27815500
2026-08-28,138.47999572753906,145.72000122070312,137.8000030517578,144.7100067138672,144.7100067138672,29034400
2026-08-31,142.0800018310547,149.60000610351562,141.69000244140625,147.99000549316406,147.99000549316406,26013700
2026-09-01,144.5500030517578,146.9600067138672,142.05999755859375,142.89999389648438,142.89999389648438,16926100
2026-09-02,140.3000030517578,142.60000610351562,136.3800048828125,136.72000122070312,136.72000122070312,14617700
2026-09-03,140.99000549316406,146.97999572753906,140.8699951171875,145.58999633789062,145.58999633789062,17347169
2026-09-04,150.02,151.22,148.82,150.02,150.02,3078596
2026-09-07,150.49,151.69,149.28,150.49,150.49,11486589
2026-09-08,151.73,152.95,150.52,151.73,151.73,4512167
2026-09-09,153.71,154.94,152.48,153.71,153.71,3603696
2026-09-10,154.68,155.91,153.44,154.68,154.68,3229595
2026-09-11,154.27,155.51,153.04,154.27,154.27,10735701
2026-09-14,152.72,153.95,151.5,152.72,152.72,6109858
2026-09-15,155.85,157.1,154.61,155.85,155.85,4703952
2026-09-16,156.69,157.94,155.43,156.69,156.69,5184812
